n,shots,scheme,quantity,reference_median,THETA_lo,THETA_hi,THETA_se,SEED_mean,SEED_median,SEED_pct_lo,SEED_pct_hi,SEED_mean_ci_lo,SEED_mean_ci_hi,stage7_value,reference_nan_rows,reference_frac_float_tie,seed_max_frac_float_tie
2,16,loschmidt,p_zero,0.0449389840323213,0.041681069050950315,0.0481134682029003,0.00169813765741365,0.04229869204923439,0.04222594224953935,0.037465116857911644,0.045772155766293066,0.04112101367466615,0.04343071031361801,,0,0.0,0.0
2,16,loschmidt,p_correct,0.9299758808614518,0.9251992032187412,0.9362785656412224,0.0027222044453037914,0.9355976695973567,0.9360138439453152,0.9289028539913329,0.9428578055284228,0.9337548354824572,0.9374612217693861,,0,0.0,0.0
2,16,loschmidt,p_correct_given_nonzero,0.9898180797891009,0.9887543385269383,0.9908078932690154,0.0005276651870533133,0.9905207961046569,0.9905344083322514,0.9890675177787934,0.9916651083019938,0.9901971980450733,0.9908298029252268,,0,0.0,0.0
2,16,swap,p_zero,0.11725872004186771,0.11584544090193906,0.118597653881758,0.0007360954979764113,0.1160976021369238,0.11586863027772537,0.11407769583080284,0.11772426607758633,0.11557748814261438,0.11659275498426738,,0,0.0,0.0
2,16,swap,p_correct,0.685426526746493,0.6784804399911449,0.6925979287852321,0.0035845455848542893,0.6900850695045363,0.6916336537909495,0.680996317162038,0.6995400240070326,0.6875594153517061,0.6926514986185784,,0,0.0,0.0
2,16,swap,p_correct_given_nonzero,0.7771208849387148,0.7701364491586952,0.7837412719314644,0.003609787921528667,0.7811645858184629,0.7830190124692172,0.7722383844673485,0.7899181467519183,0.7787465793996161,0.7835930865819263,,0,0.0,0.0
2,16,loschmidt,cond_accurate,0.9898180797891005,0.9887543385242198,0.9908078932690159,0.0005276651877082415,0.9905207961046563,0.9905344083322514,0.9890675177787944,0.9916651083019847,0.9901971980450736,0.9908298029252227,,0,0.0,0.0
2,64,loschmidt,p_zero,0.0001950126901702663,0.000141496420488659,0.00026109861322665796,3.053234608611382e-05,0.00015607344390429877,0.00015169441124224443,9.894255876681057e-05,0.00021011495009992472,0.0001405838634840361,0.0001713139940105128,0.0001950126901702,0,0.0,0.0
2,64,loschmidt,p_correct,0.9996968496054555,0.9995861117957189,0.9997817831600152,5.084640170141348e-05,0.9997515292198775,0.9997577853049369,0.9996666130783731,0.9998437289453809,0.9997265765858299,0.9997766599495147,0.9996968496054556,0,0.0,0.0
2,64,loschmidt,p_correct_given_nonzero,0.9999342540048927,0.9999107722445982,0.9999505203029784,1.0974820701493129e-05,0.999947216488974,0.9999466219203422,0.9999266441054363,0.999965922511901,0.9999420481721731,0.999952354632333,0.9999342540048928,0,0.0,0.0
2,64,swap,p_zero,0.030420585971098778,0.02910365781150008,0.03209587624722405,0.0007650947134763793,0.02948207782116858,0.02905807932363922,0.02748129707032861,0.03146315363248886,0.028930298529509672,0.03002677583316776,0.0304205859710987,0,0.0,0.0
2,64,swap,p_correct,0.8918831804901539,0.8838976768249615,0.8990298399634186,0.0037974502601864787,0.8963498975499196,0.8981219098133989,0.8868666640871744,0.9056190089885896,0.8937771969606375,0.8989403157291262,0.8918831804901539,0,0.0,0.0
2,64,swap,p_correct_given_nonzero,0.9198642292292684,0.9132186388677523,0.9258193473150985,0.0032011160714848557,0.9236321504835387,0.9252613195853117,0.9156426412269338,0.9311460097215891,0.921513081081436,0.9257617716236081,0.9198642292292684,0,0.0,0.0
2,64,loschmidt,cond_accurate,0.9999342540048932,0.9999107722445986,0.9999505203029805,1.09748207012602e-05,0.9999472164889761,0.999946621920345,0.999926644105436,0.9999659225119096,0.9999420481721734,0.999952354632336,,0,0.0,0.0
2,256,loschmidt,p_zero,4.0534328414401077e-13,1.1668122133408036e-13,1.327474029721085e-12,3.2395121250641357e-13,2.42509496736854e-13,1.8767562565115292e-13,3.7007313023403505e-14,5.672657451682386e-13,1.6780720380639076e-13,3.210429616770435e-13,,0,0.0,0.0
2,256,loschmidt,p_correct,0.9999999999992748,0.9999999999979303,0.9999999999995985,4.680965945364313e-13,0.9999999999994719,0.9999999999995349,0.9999999999990441,0.9999999999996992,0.9999999999993798,0.9999999999995545,,0,0.0,0.0
2,256,loschmidt,p_correct_given_nonzero,0.9999999999996066,0.9999999999993379,0.9999999999996949,9.607100502056664e-14,0.999999999999666,0.9999999999996667,0.9999999999995537,0.9999999999997529,0.9999999999996387,0.9999999999996924,,0,0.0,0.0
2,256,swap,p_zero,0.0010928905635638276,0.0008916547622053104,0.0013408484769856256,0.00011618844386129407,0.0009658710653602664,0.0009081204643254306,0.0007150023473223606,0.0012596951254637055,0.0008915730161143713,0.00104149999701075,,0,0.0,0.0
2,256,swap,p_correct,0.9954352949694956,0.9942519217873877,0.9964020384857367,0.0005482960945550238,0.9960083820158792,0.996280483010466,0.9946906143431614,0.997136097790442,0.9956652168296606,0.9963436958607814,,0,0.0,0.0
2,256,swap,p_correct_given_nonzero,0.9965044402082491,0.9955778806117879,0.9972821569246598,0.0004326850094756667,0.996971950395821,0.9971876498883475,0.9959329751405952,0.9978458117841911,0.9967058683956143,0.9972333396073133,,0,0.0,0.0
2,256,loschmidt,cond_accurate,0.9999999999998144,0.9999999999994316,0.9999999999999479,1.4646902838906815e-13,0.9999999999998982,0.9999999999999163,0.9999999999997549,0.999999999999985,0.9999999999998648,0.9999999999999295,,0,0.0,0.0
2,1024,loschmidt,p_zero,6.686690595030432e-47,5.507829190750376e-49,6.319140232709842e-45,7.264616921761206e-45,3.6904972291004593e-47,2.680134069695309e-48,4.8197726235921883e-51,2.2047566192812013e-46,1.2048347570112523e-47,6.983551002271201e-47,6.686690595030432e-47,0,0.0,0.0
2,1024,loschmidt,p_correct,1.0,1.0,1.0,0.0,1.0,1.0,1.0,1.0,1.0,1.0,1.0,0,0.0,0.0
2,1024,loschmidt,p_correct_given_nonzero,1.0,1.0,1.0,0.0,1.0,1.0,1.0,1.0,1.0,1.0,1.0,0,0.0,0.0
2,1024,swap,p_zero,1.413099181743963e-08,6.105376904371597e-09,3.3839947491096346e-08,7.2695875944399855e-09,1.0425961427420363e-08,6.788674852466641e-09,2.7498409950314003e-09,2.4878231208469205e-08,7.424499968639937e-09,1.3716699355437337e-08,1.413099181743963e-08,0,0.0,0.0
2,1024,swap,p_correct,0.9999999353923399,0.9999998421855559,0.9999999735927823,3.405580070122826e-08,0.9999999535103997,0.9999999702576929,0.9999998874104996,0.9999999881992506,0.9999999384769496,0.9999999672314474,0.99999993539234,0,0.0,0.0
2,1024,swap,p_correct_given_nonzero,0.9999999495241723,0.9999998762499628,0.9999999795445691,2.675560016082259e-08,0.9999999639632593,0.9999999771358529,0.9999999122479931,0.9999999909246065,0.9999999522317974,0.9999999746487959,0.9999999495241724,0,0.0,0.0
2,1024,loschmidt,cond_accurate,1.0,1.0,1.0,0.0,1.0,1.0,1.0,1.0,1.0,1.0,,0,0.0,0.0
2,4096,loschmidt,p_zero,1.0545104961159702e-205,3.5520298623919827e-217,5.035146816444302e-194,0.0,1.269134253203588e-204,5.358384835380636e-215,1.850891750601579e-228,1.2968538619330993e-203,2.6481934002018322e-207,3.488445924736398e-204,,0,0.0,0.0
2,4096,loschmidt,p_correct,1.0,1.0,1.0,0.0,1.0,1.0,1.0,1.0,1.0,1.0,,0,0.0,0.0
2,4096,loschmidt,p_correct_given_nonzero,1.0,1.0,1.0,0.0,1.0,1.0,1.0,1.0,1.0,1.0,,0,0.0,0.0
2,4096,swap,p_zero,3.447818997172225e-27,1.1003244339764822e-28,1.1052461687426865e-25,5.548649889638106e-26,5.308995101324695e-27,1.7224634802872578e-28,8.729620514876567e-30,3.1240531118682824e-26,1.4608486734771301e-27,1.0446974853655633e-26,,0,0.0,0.0
2,4096,swap,p_correct,0.9999999999996219,0.9999999999994256,0.9999999999997728,9.0581563674627e-14,0.9999999999997611,0.9999999999997716,0.9999999999995489,0.9999999999998875,0.9999999999997154,0.9999999999998035,,0,0.0,0.0
2,4096,swap,p_correct_given_nonzero,0.9999999999996367,0.999999999999432,0.9999999999997842,9.04812009353087e-14,0.9999999999997732,0.9999999999997846,0.9999999999995651,0.9999999999998967,0.9999999999997289,0.9999999999998146,,0,0.0,0.0
2,4096,loschmidt,cond_accurate,1.0,1.0,1.0,0.0,1.0,1.0,1.0,1.0,1.0,1.0,,0,0.0,0.0
2,16384,loschmidt,p_zero,0.0,0.0,0.0,0.0,0.0,0.0,0.0,0.0,0.0,0.0,0.0,0,0.0,0.0
2,16384,loschmidt,p_correct,1.0,1.0,1.0,0.0,1.0,1.0,1.0,1.0,1.0,1.0,1.0,0,0.0,0.0
2,16384,loschmidt,p_correct_given_nonzero,1.0,1.0,1.0,0.0,1.0,1.0,1.0,1.0,1.0,1.0,1.0,0,0.0,0.0
2,16384,swap,p_zero,4.356215370111763e-104,2.221068976066386e-111,2.401908697433992e-97,4.355919380743519e-95,1.7743122877340746e-100,3.149879343102994e-110,2.0748757036803963e-115,1.7905580583807034e-99,4.766823128401195e-103,5.135976281785474e-100,4.356215370111763e-104,0,0.0,0.0
2,16384,swap,p_correct,1.0,1.0,1.0,0.0,1.0,1.0,1.0,1.0,1.0,1.0,1.0,0,0.0,0.0
2,16384,swap,p_correct_given_nonzero,1.0,1.0,1.0,0.0,1.0,1.0,1.0,1.0,1.0,1.0,1.0,0,0.0,0.0
2,16384,loschmidt,cond_accurate,1.0,1.0,1.0,0.0,1.0,1.0,1.0,1.0,1.0,1.0,,0,0.0,0.0
2,65536,loschmidt,p_zero,0.0,0.0,0.0,0.0,0.0,0.0,0.0,0.0,0.0,0.0,,0,0.0,0.0
2,65536,loschmidt,p_correct,1.0,1.0,1.0,0.0,1.0,1.0,1.0,1.0,1.0,1.0,,0,0.0,0.0
2,65536,loschmidt,p_correct_given_nonzero,1.0,1.0,1.0,0.0,1.0,1.0,1.0,1.0,1.0,1.0,,0,0.0,0.0
2,65536,swap,p_zero,0.0,0.0,0.0,0.0,0.0,0.0,0.0,0.0,0.0,0.0,,0,0.0,0.0
2,65536,swap,p_correct,0.9999999999682624,0.999999999964154,0.9999999999718336,1.957889435867596e-12,0.9999999999690121,0.9999999999689296,0.9999999999648282,0.9999999999729626,0.9999999999679193,0.9999999999700979,,0,0.0,0.0
2,65536,swap,p_correct_given_nonzero,0.9999999999683411,0.999999999964172,0.9999999999718975,1.9649171338025265e-12,0.9999999999690232,0.9999999999690021,0.9999999999648282,0.9999999999729626,0.9999999999679308,0.9999999999701078,,0,0.0,0.0
2,65536,loschmidt,cond_accurate,1.0,1.0,1.0,0.0,1.0,1.0,1.0,1.0,1.0,1.0,,0,0.0,0.0
4,16,loschmidt,p_zero,0.6270516363753742,0.6130230763622345,0.6404948317176706,0.006700408608778601,0.6132323530078375,0.612827015269112,0.599078456056237,0.626738750632463,0.6093762698210894,0.6171074472807467,,0,0.0,0.0
4,16,loschmidt,p_correct,0.2944244987799115,0.28363070731421314,0.3057322199021458,0.005529886361379062,0.30653167333084486,0.3064856435941322,0.2927480334810762,0.31831000125358133,0.3028832500495438,0.3100904198251648,,0,0.0,0.0
4,16,loschmidt,p_correct_given_nonzero,0.910436742257746,0.9066061479471811,0.9142774467832812,0.00192592622768334,0.9114497317560497,0.9105785653329708,0.9080402653947804,0.9165922008128768,0.9104003650344518,0.9125601446124246,,0,0.0,0.0
4,16,swap,p_zero,0.13988499972324175,0.1398765418763633,0.1398938909254246,4.471623487911727e-06,0.13987574947015327,0.13987581509404415,0.13986230625035398,0.13988649502879358,0.13987247939601705,0.13987890952797194,,0,0.0,0.0
4,16,swap,p_correct,0.44643472455193944,0.44559707876583887,0.44733986642186635,0.000450940789683927,0.4475642162438689,0.44744375668455616,0.4465554585693929,0.44873912680109984,0.44723906939853436,0.4478919420219148,,0,0.0,0.0
4,16,swap,p_correct_given_nonzero,0.5191066131041222,0.5181124041533447,0.5201182257815238,0.0005253044306852675,0.5204033048997644,0.5202371788765648,0.5192107612266779,0.5217817506373648,0.5200292372649065,0.5207832734909711,,0,0.0,0.0
4,16,loschmidt,cond_accurate,0.9104367422578388,0.9066061479471811,0.9142774467832817,0.0019259262276819136,0.9114497317560499,0.9105785653329708,0.9080402653947807,0.9165922008128771,0.9104003650344515,0.9125601446124244,,0,0.0,0.0
4,64,loschmidt,p_zero,0.23503091353304983,0.22304558641492983,0.2462108147808743,0.005997822957977129,0.22380522961621696,0.22460734007439376,0.21189965628582927,0.238249684938204,0.22023481718822285,0.22747870029982706,0.2350309135330498,0,0.0,0.0
4,64,loschmidt,p_correct,0.5931881772818645,0.5810986892500123,0.6057593324991499,0.0065613407025865095,0.6076400281054373,0.6060986385395881,0.5925894322657486,0.6250757349554878,0.6032085002177788,0.6122442754635702,0.5931881772818645,0,0.0,0.0
4,64,loschmidt,p_correct_given_nonzero,0.9536440606134913,0.951057174978002,0.9563709663513009,0.0013145640882429417,0.9535338047018003,0.9535461037882536,0.9504834712848027,0.9576899115352103,0.9526282746936467,0.9544876274434164,0.9536440606134912,0,0.0,0.0
4,64,swap,p_zero,0.07018428691041524,0.07016305900268256,0.07020931817108785,1.1556728152785754e-05,0.07015719216237173,0.0701601425550542,0.07012116763993557,0.07018454021585172,0.07014792798153129,0.07016596949151423,0.0701842869104152,0,0.0,0.0
4,64,swap,p_correct,0.49787515420999745,0.49623088866903836,0.4996596515368671,0.0009069682037135615,0.5001679140910935,0.49988799086703795,0.4980889972385854,0.5025657228517241,0.4995134314850156,0.5008309056721475,0.4978751542099974,0,0.0,0.0
4,64,swap,p_correct_given_nonzero,0.5355242360710449,0.5337102911719702,0.53738305694721,0.0009814205125873046,0.5379266855928827,0.5376203291715196,0.53571052557946,0.5404884358266064,0.5372328450294133,0.5386313230851119,0.5355242360710449,0,0.0,0.0
4,64,loschmidt,cond_accurate,0.9536440606134915,0.951057174978002,0.9563709663513007,0.0013145640886081749,0.9535338047017937,0.953546103788254,0.9504834712848064,0.9576899115352117,0.9526282746936378,0.9544876274434119,,0,0.0,0.0
4,256,loschmidt,p_zero,0.046979482321056726,0.043188649833524204,0.05067938302014897,0.0019238568437896944,0.042724424599184005,0.04324038973682066,0.03829600662579566,0.04716827220580207,0.04147918920312106,0.04399227756540307,,0,0.0,0.0
4,256,loschmidt,p_correct,0.895125452191466,0.8853793540572984,0.9041598824896245,0.0049268914886972095,0.9055238723005681,0.9041354494367468,0.8955013628725045,0.9179900289091476,0.9024470856331647,0.9087345864811632,,0,0.0,0.0
4,256,loschmidt,p_correct_given_nonzero,0.9887730427798838,0.9874484265636803,0.9897772598167672,0.0005922484996822508,0.9888128697272693,0.988926064902173,0.987112424748191,0.9904419957274743,0.9883681520177829,0.9892469110826891,,0,0.0,0.0
4,256,swap,p_zero,0.03478617976754368,0.034733605048929576,0.03483402236043301,2.5778940393897227e-05,0.03472539639029822,0.034730277195707676,0.034651687377659904,0.03479258925053343,0.034705330791321196,0.03474507878761167,,0,0.0,0.0
4,256,swap,p_correct,0.548546292103607,0.5450884065898149,0.5521170437015276,0.0017818871890873944,0.5529842307394072,0.5524331841572339,0.5488791163290148,0.5577460600141754,0.551695129689832,0.5542898835912917,,0,0.0,0.0
4,256,swap,p_correct_given_nonzero,0.5683067879057923,0.5647606791720234,0.5720809488956263,0.0018394374706401776,0.5728852069781042,0.5723034571851937,0.5686487645909512,0.5777686073207682,0.5715642975027508,0.5742280951276002,,0,0.0,0.0
4,256,loschmidt,cond_accurate,0.9887730427798862,0.9874484265636801,0.9897772598167685,0.0005922484996053588,0.9888128697272698,0.9889260649021732,0.9871124247481929,0.9904419957274747,0.9883681520177832,0.9892469110826895,,0,0.0,0.0
4,1024,loschmidt,p_zero,0.0007343852077487147,0.0005371071078582964,0.0009821051764620533,0.0001206050347421591,0.000504689836861193,0.0005186901040467453,0.00029423346604557884,0.0007110832743147727,0.0004475360128421479,0.0005613568240029058,0.0007343852077487,0,0.0,0.0
4,1024,loschmidt,p_correct,0.9985864931017956,0.998037473482833,0.9989900493038768,0.0002459237667453199,0.9989641119145846,0.9989022899281141,0.9984853335966712,0.9993839007274967,0.998847472497106,0.9990816806906729,0.9985864931017956,0,0.0,0.0
4,1024,loschmidt,p_correct_given_nonzero,0.9997532255298726,0.9996558031904816,0.9998236633753783,4.0869036751564714e-05,0.9998052087660649,0.9997983280479701,0.999732493881634,0.9998785336301828,0.9997853773231196,0.9998251972427822,0.9997532255298726,0,0.0,0.0
4,1024,swap,p_zero,0.01669685829193711,0.0165983365874514,0.01678660325746089,4.990753640068306e-05,0.016569236858643595,0.016587945750904057,0.016425974639353774,0.016684656914650174,0.016530495815751407,0.016607435525527126,0.0166968582919371,0,0.0,0.0
4,1024,swap,p_correct,0.6217721901715465,0.6156268977474354,0.6283164510969137,0.0033859198017422596,0.630295171995178,0.6292193016602986,0.622416315596933,0.6393632889889931,0.6278393664441774,0.6327891085032895,0.6217721901715465,0,0.0,0.0
4,1024,swap,p_correct_given_nonzero,0.6323274850027978,0.6261284468747296,0.6389135099688601,0.003417191079814594,0.6409093781998264,0.6398302570291676,0.6329726218340138,0.6500299750449773,0.638439163420913,0.643422392718519,0.6323274850027978,0,0.0,0.0
4,1024,loschmidt,cond_accurate,0.9997532255298733,0.9996558031904982,0.9998236633753804,4.0869036755681755e-05,0.9998052087660655,0.9997983280479725,0.9997324938817852,0.9998785336301828,0.9997853773231723,0.9998251972427814,,0,0.0,0.0
4,4096,loschmidt,p_zero,1.1459375925222325e-10,3.480255640809227e-11,3.986411938999975e-10,9.873632054602435e-11,4.8802265728417985e-11,4.357184314362146e-11,5.591460595640676e-12,1.561591626044436e-10,3.147058098815872e-11,6.97113595439127e-11,,0,0.0,0.0
4,4096,loschmidt,p_correct,0.9999999997830504,0.9999999992795248,0.9999999999349108,1.89458750797319e-10,0.9999999998956444,0.9999999999107697,0.9999999996483732,0.9999999999887167,0.9999999998488432,0.9999999999346321,,0,0.0,0.0
4,4096,loschmidt,p_correct_given_nonzero,0.9999999999309903,0.9999999997776772,0.9999999999831908,5.4328428725308924e-11,0.9999999999680428,0.9999999999749806,0.9999999998971902,0.9999999999947681,0.9999999999547678,0.999999999979304,,0,0.0,0.0
4,4096,swap,p_zero,0.007081061175105258,0.006912228915147684,0.007234932566208614,8.387662358769629e-05,0.006858743102660929,0.006886958260902902,0.0066212448101598004,0.007058460327623746,0.006793622290100455,0.006923066166915115,,0,0.0,0.0
4,4096,swap,p_correct,0.743242315909299,0.7319392172006669,0.7542455388360747,0.005772622407537946,0.7574525022656263,0.7557370595833597,0.7443315559596965,0.7723417705100274,0.7533938107225945,0.7615696998225715,,0,0.0,0.0
4,4096,swap,p_correct_given_nonzero,0.7485389377150383,0.7372696813306697,0.7594902394686914,0.005752330419823102,0.762680379135141,0.7609818297533489,0.7496202867026845,0.7774859007736694,0.7586401933688833,0.7667778134653938,,0,0.0,0.0
4,4096,loschmidt,cond_accurate,0.9999999999309999,0.9999999997776774,0.9999999999832078,5.436883976463637e-11,0.9999999999685409,0.9999999999748316,0.9999999998966537,0.9999999999968177,0.9999999999549862,0.9999999999800603,,0,0.0,0.0
4,16384,loschmidt,p_zero,4.262184497280605e-37,4.735768286991835e-39,5.253039586887217e-35,3.7520333089413213e-35,3.958642568688256e-37,1.2992171993906688e-38,4.0134050630151874e-42,3.728127396397499e-36,2.663678151242852e-38,1.0331275275259724e-36,4.262184497280605e-37,0,0.0,0.0
4,16384,loschmidt,p_correct,1.0,1.0,1.0,0.0,1.0,1.0,1.0,1.0,1.0,1.0,1.0,0,0.0,0.0
4,16384,loschmidt,p_correct_given_nonzero,1.0,1.0,1.0,0.0,1.0,1.0,1.0,1.0,1.0,1.0,1.0,0,0.0,0.0
4,16384,swap,p_zero,0.0018231609844572153,0.0016574175702140533,0.0019955834692259775,8.661070069614242e-05,0.0016151728599728104,0.0016390810831751,0.0014012120954016445,0.0018071156551601338,0.001555245961581446,0.0016745148150292253,0.0018231609844572,0,0.0,0.0
4,16384,swap,p_correct,0.9071330325087221,0.8950264328051898,0.9182509394286054,0.005995157760086269,0.9208668867343366,0.919514509538584,0.9082504397165706,0.9344286370202803,0.9170607389740459,0.9247004695324755,0.907133032508722,0,0.0,0.0
4,16384,swap,p_correct_given_nonzero,0.9087912979418714,0.896815491177093,0.9197748867742275,0.005927275884943345,0.9223549129146079,0.9210247062629215,0.9098947223498183,0.9357374299048702,0.9185963538379979,0.9261388130740724,0.9087912979418714,0,0.0,0.0
4,16384,loschmidt,cond_accurate,1.0,1.0,1.0,0.0,1.0,1.0,1.0,1.0,1.0,1.0,,0,0.0,0.0
4,65536,loschmidt,p_zero,7.837006462385274e-152,1.168439874518491e-164,5.877191434615597e-142,1.8133255983905233e-138,2.3900497380153865e-148,2.0559639978165788e-162,2.4027323105181033e-180,2.509502207985278e-147,4.111621971323606e-158,7.169649158062072e-148,,0,0.0,0.0
4,65536,loschmidt,p_correct,0.9999999999997,0.9999999999981187,0.9999999999999273,4.747803688517919e-13,0.9999999999984681,0.9999999999985458,0.9999999999964228,0.9999999999998879,0.9999999999979433,0.9999999999989791,,0,0.0,0.0
4,65536,loschmidt,p_correct_given_nonzero,0.9999999999998347,0.9999999999989764,0.999999999999954,2.7113023287987353e-13,0.9999999999990526,0.9999999999993421,0.9999999999974567,0.9999999999999281,0.9999999999986622,0.9999999999994202,,0,0.0,0.0
4,65536,swap,p_zero,6.450249634274589e-05,4.399280320777432e-05,9.236138291297674e-05,1.2263752367347842e-05,4.129541521718482e-05,4.203115977798375e-05,2.2392672939096555e-05,6.222565403246388e-05,3.5492301968126805e-05,4.712153469308447e-05,,0,0.0,0.0
4,65536,swap,p_correct,0.9960332472473019,0.9940717733978972,0.9974207703717193,0.0008463893106021668,0.9975662034220811,0.9975337313259525,0.9961889155732745,0.9987640712024425,0.9971905863335095,0.997940250298825,,0,0.0,0.0
4,65536,swap,p_correct_given_nonzero,0.9960975410202122,0.9941635258582007,0.9974644233051835,0.0008342390669356615,0.9976073718165821,0.9975757088095314,0.996250907890595,0.9987864365257081,0.9972375012722207,0.997975639361918,,0,0.0,0.0
4,65536,loschmidt,cond_accurate,1.0,1.0,1.0,0.0,1.0,1.0,1.0,1.0,1.0,1.0,,0,0.0,0.0
6,16,loschmidt,p_zero,0.9679374101821958,0.9659310309013079,0.970026337912366,0.0010394811679631303,0.9678786413129444,0.9683549948363217,0.9648543814659972,0.9710076389084844,0.9670808553693104,0.9686799131156894,,0,0.0,0.0
6,16,loschmidt,p_correct,0.02569550660162981,0.0242707202586381,0.027142385775414248,0.0007166007285016396,0.025608762705663656,0.02547455935108256,0.023239144974159614,0.028056427999505962,0.02497617394566258,0.026230376076909083,,0,0.0,0.0
6,16,loschmidt,p_correct_given_nonzero,0.8716963964717948,0.8675223124065929,0.8754797241917208,0.002060791963135736,0.8713945333572279,0.87140071888574,0.8648529074966815,0.878159550423486,0.8698652514823357,0.872951320416666,,0,0.0,0.0
6,16,swap,p_zero,0.1399497095346601,0.1399496733809873,0.13994974587432515,1.864349645015743e-08,0.13994972355928864,0.13994972213580537,0.13994968880309788,0.13994976847672652,0.13994971444579574,0.13994973322893395,,0,5e-05,0.0001
6,16,swap,p_correct,0.4311573998835788,0.4310872478270444,0.4312180352025651,3.356572661105903e-05,0.43112974973115914,0.4311332516287666,0.43101257082586797,0.4312351254754353,0.43110197101268805,0.4311568292243403,,0,5e-05,0.0001
6,16,swap,p_correct_given_nonzero,0.5013171562739847,0.5012347880402802,0.5013881563333555,3.919193106856383e-05,0.501286599927974,0.5012904212409179,0.5011527294050442,0.5014090302489447,0.5012546224455587,0.5013178064399457,,0,5e-05,0.0001
6,16,loschmidt,cond_accurate,0.8716963964717945,0.867522312815414,0.8754797241917207,0.0020607932838189722,0.8713950832376162,0.8714007188857434,0.8648529074966554,0.8781595504234861,0.8698658770509871,0.8729521769336211,,0,0.0,0.0
6,64,loschmidt,p_zero,0.8792708843252652,0.8715667273950725,0.8866035983298561,0.0037213039717179197,0.8790934239175687,0.8809177188147788,0.8683546587166903,0.8899785733986226,0.8763005561113009,0.8819076742087465,0.8792708843252652,0,0.0,0.0
6,64,loschmidt,p_correct,0.09662068044588265,0.09155727761284271,0.10215990249639892,0.0025546687014122737,0.0962944727611919,0.09579465929689167,0.0877396205062251,0.1045983077084242,0.09402977140220133,0.09849636522807287,0.0966206804458826,0,0.0,0.0
6,64,loschmidt,p_correct_given_nonzero,0.893232619544494,0.8896416407795495,0.8973084439374576,0.0019899046121690245,0.8931231562538062,0.8936423092878913,0.8865869986069825,0.8998584324894541,0.8916237679824638,0.8946659861114341,0.893232619544494,0,0.0,0.0
6,64,swap,p_zero,0.07038523892728175,0.07038511996542811,0.07038536598620555,6.383623326010033e-08,0.07038531535536793,0.07038532125906616,0.07038514394731132,0.07038549514972792,0.07038527473334072,0.07038535665031127,0.0703852389272817,0,5e-05,0.0001
6,64,swap,p_correct,0.4670860270277593,0.46694756682306543,0.46722314700878886,6.97113552441124e-05,0.4670325924314088,0.467038192698747,0.4668001396054104,0.46724300326875856,0.4669770697498031,0.46708646178098695,0.4670860270277593,0,5e-05,0.0001
6,64,swap,p_correct_given_nonzero,0.5024514896429082,0.5023021543397991,0.5025992713108957,7.499190470409009e-05,0.5023946208321022,0.5024017327852444,0.5021454615936787,0.5026224864233486,0.5023351047116513,0.5024527018716088,0.5024514896429082,0,5e-05,0.0001
6,64,loschmidt,cond_accurate,0.8932326195444846,0.8896416407795504,0.8973084439374623,0.001989904536270021,0.8931285778748667,0.8936423092878916,0.8865869986070323,0.8998584324894542,0.8916306171270266,0.8946675165354883,,0,0.0,0.0
6,256,loschmidt,p_zero,0.6149918692135286,0.5947664218902301,0.6317580619040484,0.009274267216862477,0.6140168211615502,0.6172980989962829,0.5871315488372986,0.6419790476160789,0.6069702280476107,0.6212143402830295,,0,0.0,0.0
6,256,loschmidt,p_correct,0.30821758817806383,0.2937670280706899,0.3234726378358262,0.007247946504101342,0.30547060720928776,0.30410689295010107,0.2838697173921192,0.3246404238359946,0.3001648839938698,0.310622570955841,,0,0.0,0.0
6,256,loschmidt,p_correct_given_nonzero,0.9255558589343321,0.9225414907623058,0.9285989515177919,0.0015355602470407742,0.9261696937153896,0.926218109381173,0.9207333627770101,0.9314516064761031,0.9248952043603235,0.9274347400944967,,0,0.0,0.0
6,256,swap,p_zero,0.03524254803921259,0.035242284183041435,0.03524280325078911,1.3238581367520457e-07,0.0352427069221514,0.0352426938040352,0.03524229478720761,0.03524311581603129,0.0352426102040257,0.03524280465898959,,0,5e-05,0.0001
6,256,swap,p_correct,0.4869430301380794,0.48666518932850733,0.4872214924059557,0.00014298672907477484,0.48683694093526675,0.48684922762240807,0.48637260383922865,0.4872618588896514,0.48672581218383076,0.4869452027808686,,0,5e-05,0.0001
6,256,swap,p_correct_given_nonzero,0.5047312269065499,0.5044430838618739,0.5050194394414971,0.00014815058148189177,0.5046214786722322,0.5046352042869273,0.5041406287887663,0.5050612301587141,0.5045066197630166,0.5047335675396109,,0,5e-05,0.0001
6,256,loschmidt,cond_accurate,0.9255558589343014,0.9225414907606831,0.928598951517792,0.0015355602486846922,0.9261707511768364,0.9262181093811791,0.920743408660078,0.931451606478202,0.9248973192829497,0.9274350464693725,,0,0.0,0.0
6,1024,loschmidt,p_zero,0.22198784435804803,0.20729487014446518,0.23564797533764065,0.0071253386994596405,0.2239764806867201,0.22574808418163592,0.20367025173248593,0.24575818920347753,0.21860593269480727,0.22954098468752415,0.221987844358048,0,0.0,0.0
6,1024,loschmidt,p_correct,0.6095293659479444,0.5954186462598499,0.6244248871472609,0.007271799357578864,0.6026704651318727,0.6030791259822721,0.5757599361677342,0.6252927302355108,0.5967763163311104,0.6082033771082842,0.6095293659479444,0,0.0,0.0
6,1024,loschmidt,p_correct_given_nonzero,0.9616846109709178,0.9589406417462927,0.9638645504943615,0.0012268200175086438,0.9626108741264294,0.962941197277589,0.9585624503537565,0.9657278096899006,0.9616806213276545,0.9634961777279619,0.9616846109709178,0,0.0,0.0
6,1024,swap,p_zero,0.01762433131121763,0.017623728745101982,0.017624808982541238,2.782830354473621e-07,0.017624557571506615,0.017624553720636513,0.017623714365211075,0.017625415290262906,0.017624353960283945,0.017624765335911657,0.0176243313112176,0,5e-05,0.0001
6,1024,swap,p_correct,0.5003194931327788,0.4997881519191051,0.5008853725321466,0.00028515626712221113,0.500107239939758,0.5001314255456031,0.49917920903715995,0.5009568225263158,0.49988510126335445,0.5003238481557273,0.5003194931327788,0,5e-05,0.0001
6,1024,swap,p_correct_given_nonzero,0.509295543856418,0.508754795757052,0.5098711209284189,0.0002901206652787801,0.5090799440100672,0.5091069127978277,0.5081353116073533,0.5099438126752118,0.5088543068798927,0.5093001362598171,0.509295543856418,0,5e-05,0.0001
6,1024,loschmidt,cond_accurate,0.9616846109709172,0.9589406417462925,0.963864550494361,0.001228603768842371,0.9626128167666044,0.9629411972775892,0.9585624503537571,0.9657278096899045,0.9616817210476024,0.9634972934731127,,0,0.0,0.0
6,4096,loschmidt,p_zero,0.039640216241964024,0.035254771214222894,0.04466606712891026,0.002360324595376735,0.04087344363422875,0.0411807160212434,0.03402152165100306,0.04847047854472702,0.039209510306321686,0.042607232474458606,,0,0.0,0.0
6,4096,loschmidt,p_correct,0.9017211241779257,0.8908252938718311,0.912515622314763,0.005452582972827295,0.8995347849168758,0.9002348581377455,0.8814805803293125,0.9134138341017295,0.8956137952693324,0.9031875727679891,,0,0.0,0.0
6,4096,loschmidt,p_correct_given_nonzero,0.9904366926338501,0.9892807709532826,0.9913867180290248,0.0005577167890880863,0.9908257225641975,0.9909312918902989,0.9889843064810319,0.9922273280532143,0.9903953635911409,0.9912298013303082,,0,0.0,0.0
6,4096,swap,p_zero,0.008806067913696775,0.008804956848710998,0.008807186511609964,5.540962733199059e-07,0.008806488410723037,0.008806440891541275,0.008804816278498833,0.00880826795126686,0.008806070817643986,0.008806915033663808,,0,5e-05,0.0001
6,4096,swap,p_correct,0.5138572657881417,0.5127025275627519,0.514931352141272,0.0005641254436690982,0.5134337737742565,0.5134867709052253,0.5115779878052181,0.5151307470306474,0.5129905200530762,0.5138663126489192,,0,5e-05,0.0001
6,4096,swap,p_correct_given_nonzero,0.5184225477397008,0.5172581111269359,0.519505515287775,0.0005688477679815617,0.5179954364953576,0.518048900931362,0.5161241173345585,0.519706567207982,0.517548477816428,0.5184315852278418,,0,5e-05,0.0001
6,4096,loschmidt,cond_accurate,0.9904366926338497,0.9892807709532832,0.9913867180290269,0.0005577167889748726,0.9908263968803844,0.9909312918902995,0.9889843064810305,0.9922273280532143,0.9903960210494094,0.9912307927878717,,0,0.0,0.0
6,16384,loschmidt,p_zero,0.0005568241657671956,0.0003706534864452129,0.000772963289874627,0.00010512212655716361,0.0005849986976534151,0.0005585258322599474,0.00033966092317155167,0.0009527591878899697,0.0005154633093892708,0.0006631534807607913,0.0005568241657671,0,0.0,0.0
6,16384,loschmidt,p_correct,0.9987522666825935,0.9981955777591448,0.9992062489327014,0.0002574626326398213,0.9987104403435115,0.9987817959373098,0.9978901335294,0.9992391141464764,0.998541633788547,0.9988632499182991,0.9987522666825936,0,0.0,0.0
6,16384,loschmidt,p_correct_given_nonzero,0.9997973953626337,0.9997191323550045,0.9998629102663732,3.7812683240843144e-05,0.9997933924843411,0.9997936280215018,0.9996844795509223,0.9998748880108882,0.9997691256247079,0.9998158216897578,0.9997973953626336,0,0.0,0.0
6,16384,swap,p_zero,0.004389329092337576,0.004387058680736183,0.004391321922148073,1.1112638220782005e-06,0.004390139155748581,0.004390066563977307,0.004386712443733237,0.004393717007695941,0.004389281167512733,0.004391002408441168,0.0043893290923375,0,5e-05,0.0001
6,16384,swap,p_correct,0.5342885672230865,0.5321843416421344,0.5364277717430368,0.0011053517223241706,0.5334437398947904,0.5335497628652738,0.5297424032335096,0.5368268485942318,0.5325595916390663,0.534306036612094,0.5342885672230865,0,5e-05,0.0001
6,16384,swap,p_correct_given_nonzero,0.5366440729077968,0.5345316447742507,0.5387914646927184,0.001109621101471668,0.5357959098668236,0.5359023816846118,0.5320801497268743,0.5391920617569247,0.5349082979055303,0.5366615300398625,0.5366440729077968,0,5e-05,0.0001
6,16384,loschmidt,cond_accurate,0.9997973953626366,0.9997191323472618,0.9998629102663759,3.7812682997023294e-05,0.9997933906368534,0.999793628021501,0.9996844795509227,0.9998748880145519,0.9997691255302695,0.9998158215979007,,0,0.0,0.0
6,65536,loschmidt,p_zero,6.581937314024487e-11,1.1817702299186277e-11,2.977190401143884e-10,8.191067625330292e-11,1.1253662435924897e-10,6.719648906999087e-11,1.0323985582765351e-11,4.64443314023174e-10,6.235974666773895e-11,1.7885386770805644e-10,,0,0.0,0.0
6,65536,loschmidt,p_correct,0.9999999997547733,0.9999999992868416,0.999999999831684,1.4477128400671293e-10,0.9999999996655857,0.9999999997519502,0.9999999989820411,0.9999999998329792,0.9999999995267798,0.9999999997593544,,0,0.0,0.0
6,65536,loschmidt,p_correct_given_nonzero,0.9999999998209479,0.9999999997376939,0.9999999998487387,3.3601395244420946e-11,0.9999999998039142,0.9999999998180098,0.9999999996823236,0.9999999998536623,0.9999999997799865,0.9999999998232942,,0,0.0,0.0
6,65536,swap,p_zero,0.0021672350931462706,0.002163170879086239,0.002171533788381395,2.222103499047782e-06,0.002168842567469208,0.0021687519007764894,0.002162075505830231,0.002175870336237488,0.0021671530107751046,0.002170547225014464,,0,5e-05,0.0001
6,65536,swap,p_correct,0.5715787769292089,0.5671631929749386,0.5755385442302102,0.0022053610449653442,0.5699070776822539,0.5701192231608017,0.562585938921675,0.5765868356899565,0.568158528904602,0.5716117868785183,,0,5e-05,0.0001
6,65536,swap,p_correct_given_nonzero,0.5728202155650557,0.5683974873229233,0.5767861842796705,0.002208874645851829,0.5711457477113886,0.5713583137292387,0.5638126387603973,0.5778360820075914,0.5693943994534645,0.572853219315423,,0,5e-05,0.0001
6,65536,loschmidt,cond_accurate,0.9999999999654332,0.9999999998118084,0.9999999999934964,5.128502417736585e-11,0.9999999999318792,0.9999999999538471,0.9999999997377121,0.999999999993794,0.9999999998943011,0.9999999999599465,,0,0.0,0.0
8,16,loschmidt,p_zero,0.9978899263460581,0.9977414706899592,0.9980418900166024,7.831393812955975e-05,0.9979789374895882,0.9979745369624866,0.9977861096224753,0.9981205269185554,0.9979344290373577,0.9980200035752113,,0,0.0,0.0
8,16,loschmidt,p_correct,0.0016706600532882365,0.0015369108953366345,0.0018301105444714844,7.718381872870061e-05,0.0016199295483690155,0.0016148013555900814,0.0015062193783940006,0.0017839065591090486,0.0015854846924541713,0.001658048228676864,,0,0.0,0.0
8,16,loschmidt,p_correct_given_nonzero,0.8556450462174294,0.8514273985070404,0.8596977584240036,0.002077437691541438,0.8601968415321906,0.8609018342369804,0.8543095620403031,0.8638835081885561,0.8588787083912612,0.8614549437440846,,1,0.0,0.0
8,16,swap,p_zero,0.13994993343083456,0.13994993328782096,0.13994993354212326,6.453150760467286e-11,0.13994993342401715,0.1399499334425278,0.13994993329277564,0.13994993350563611,0.13994993339535575,0.139949933448537,,0,0.00025,0.0004
8,16,swap,p_correct,0.4300968394308413,0.4300908266571527,0.43010262424652923,2.9896911501806774e-06,0.43009516555534716,0.43009549871895664,0.4300905095722538,0.4301002357067577,0.4300939862366622,0.4300964101260899,,0,0.00025,0.0004
8,16,swap,p_correct_given_nonzero,0.5000835788985044,0.5000765593042028,0.5000904255154808,3.487530678993214e-06,0.5000815736435003,0.5000819362832346,0.5000761301487803,0.5000874939757989,0.5000801911692621,0.5000830272462522,,0,0.00025,0.0004
8,16,loschmidt,cond_accurate,0.8555739481567368,0.8513129702345095,0.8596593472649492,0.0020822767134824607,0.8601928959383158,0.8609018342210071,0.8543095620396683,0.8638835081932855,0.8588747126026859,0.8614503473698611,,0,0.0,0.0
8,64,loschmidt,p_zero,0.9915916550277586,0.9909957838208214,0.9921795520249631,0.00030195454311031855,0.9919466202418485,0.9919295051787753,0.9911780065212036,0.9925095031597254,0.9917688545589971,0.992110043819551,0.9915916550277586,0,0.0,0.0
8,64,loschmidt,p_correct,0.006651156824573273,0.006132265744602364,0.007313752602916668,0.0003013983493689139,0.006456044806419444,0.00643746328965657,0.006002881187450265,0.007102075252682982,0.006320291838551715,0.006606415530223927,0.0066511568245732,0,0.0,0.0
8,64,loschmidt,p_correct_given_nonzero,0.8646578671249419,0.8605628372803502,0.8685291339196634,0.0020378262527338117,0.8687874122535227,0.8687507715895989,0.8625349455698864,0.8731145432942108,0.8673600031469383,0.8701523188513685,0.8646578671249419,1,0.0,0.0
8,64,swap,p_zero,0.0703860893782291,0.07038608890287186,0.07038608983243479,2.479932456393444e-10,0.07038608933924888,0.07038608935272783,0.07038608875125804,0.0703860897152341,0.07038608920841366,0.07038608945215591,0.0703860893782291,0,0.00025,0.0004
8,64,swap,p_correct,0.4649515649451329,0.46494038842033825,0.46496298701936517,5.982359585830669e-06,0.46494809342587995,0.46494872273773935,0.46493867666094457,0.46495833905956235,0.4649457014520554,0.4649506093569464,0.4649515649451329,0,0.00025,0.0004
8,64,swap,p_correct_given_nonzero,0.5001555578395779,0.500143535444395,0.5001678443391565,6.435610148428413e-06,0.5001518256394675,0.500152500588533,0.5001416941563069,0.5001628446183242,0.5001492525653298,0.5001545310991397,0.5001555578395779,0,0.00025,0.0004
8,64,loschmidt,cond_accurate,0.8646595044988272,0.8605854436645457,0.8685417008546491,0.002038325760422976,0.8687936310830355,0.868750771589604,0.8625349455699379,0.8731145432942261,0.8673665170450088,0.8701550439857559,,0,0.0,0.0
8,256,loschmidt,p_zero,0.966863552436628,0.964651323932858,0.9691105045157654,0.0011699381668113715,0.9682677834175593,0.9682439241341203,0.9652553327174451,0.970445568659879,0.9675785341624927,0.9689000723536234,,0,0.0,0.0
8,256,loschmidt,p_correct,0.02617948557956573,0.024297510570111893,0.028604089468490662,0.0011489190459762805,0.025446944277359225,0.025378269152861517,0.023679670903198925,0.027890948988925576,0.024926561197370214,0.02602457357012689,,0,0.0,0.0
8,256,loschmidt,p_correct_given_nonzero,0.8812906492672281,0.8781446731783185,0.8849655088087114,0.0019299035581464632,0.8844011879935973,0.8839616584695865,0.8783865107364548,0.8892529068906676,0.8830122713692116,0.885733755837467,,0,0.0,0.0
8,256,swap,p_zero,0.0352446278384308,0.03524462642439154,0.0352446290006767,6.526086925424351e-10,0.03524462802548645,0.03524462805676916,0.03524462672785947,0.03524462908731398,0.03524462772615375,0.03524462830113533,,0,0.00025,0.0004
8,256,swap,p_correct,0.4826673283024624,0.48264578881395404,0.4826913260737589,1.2000421283074374e-05,0.482660377948365,0.48266163563720765,0.482641513976996,0.4826808963881176,0.482655586866456,0.4826654164543215,,0,0.00025,0.0004
8,256,swap,p_correct_given_nonzero,0.500300222642561,0.5002778971989618,0.5003250963794043,1.243845610062882e-05,0.5002930195924028,0.5002943222272496,0.5002734660925852,0.5003142859366424,0.5002880536258876,0.5002982410599756,,0,0.00025,0.0004
8,256,loschmidt,cond_accurate,0.881290649267228,0.8781446731783124,0.8849655088090365,0.0019297831844991326,0.8844020825856612,0.8839616584695866,0.8783865107364193,0.8892529068906524,0.8830129961310231,0.8857346280652348,,0,0.0,0.0
8,1024,loschmidt,p_zero,0.8755066193352259,0.867201384965327,0.8837324304735285,0.004322364840432935,0.8805253380771025,0.8806753493147433,0.8696616163477108,0.8880995379387713,0.8780810701487494,0.8827770447219586,0.8755066193352259,0,0.0,0.0
8,1024,loschmidt,p_correct,0.09854946142087173,0.09197578089123234,0.10662170659890893,0.004101061467790822,0.09591739938189174,0.09552089637720435,0.08946229404765027,0.10455312551912652,0.09406352386170812,0.09795045076628986,0.0985494614208717,0,0.0,0.0
8,1024,loschmidt,p_correct_given_nonzero,0.9049455203106078,0.901360986910246,0.9085346247456465,0.0018768532417485465,0.9079873664222482,0.9082342463315138,0.9033648069404253,0.9123365186875024,0.9069102054373074,0.9090313945314642,0.9049455203106078,0,0.0,0.0
8,1024,swap,p_zero,0.01762875537981802,0.017628751990759126,0.01762875769722463,1.4695336867653138e-09,0.017628755782612894,0.01762875571377831,0.017628752931945553,0.017628757944589412,0.017628755126089888,0.017628756390293786,0.017628755379818,0,0.00025,0.0004
8,1024,swap,p_correct,0.4917651179343672,0.4917203365254404,0.49181365208902117,2.431270858493645e-05,0.4917512135705982,0.49175372848230436,0.4917134704223648,0.4917922640222139,0.49174162785438247,0.49176129290711335,0.4917651179343672,0,0.00025,0.0004
8,1024,swap,p_correct_given_nonzero,0.5005898939360598,0.5005443103276217,0.5006392973872898,2.4748241562378923e-05,0.5005757409936396,0.5005783004816328,0.5005373212223111,0.5006175262524681,0.500565983594898,0.5005860004148192,0.5005898939360598,0,0.00025,0.0004
8,1024,loschmidt,cond_accurate,0.9049455203105973,0.9013609869102467,0.908503300383283,0.001876317438794297,0.9079857605224486,0.9082181850853885,0.9033648069404256,0.9123365186875183,0.9069099908926476,0.9090298161221134,,0,0.0,0.0
8,4096,loschmidt,p_zero,0.6059834441377945,0.5816202183461472,0.6263498686356158,0.011724260561604392,0.6169172834699335,0.6180292508518177,0.5894779465391292,0.6372693684602727,0.6105359225822653,0.6228698296986446,,0,0.0,0.0
8,4096,loschmidt,p_correct,0.31170165987954856,0.2943051827827368,0.33026807145496084,0.008618361177086493,0.3057076439676865,0.30479039825014664,0.28999472927880265,0.3261587394971172,0.30130266752859614,0.31047217991793313,,0,0.0,0.0
8,4096,loschmidt,p_correct_given_nonzero,0.9368310936535809,0.9335801631688896,0.9398465455691323,0.0016150978510531138,0.9386385344544624,0.9385521544099684,0.9351781215185975,0.9424468551215777,0.9376796676723257,0.9396204202554217,,0,0.0,0.0
8,4096,swap,p_zero,0.008815157259564938,0.008815150478826745,0.008815162539576015,3.045878993496663e-09,0.008815158509064318,0.00881515824770213,0.008815152995291448,0.008815163054398957,0.008815157208253961,0.008815159734302577,,0,0.00025,0.0004
8,4096,swap,p_correct,0.49675151656385863,0.49665722111879906,0.4968490028450542,4.832921199091043e-05,0.49672370610967614,0.49672873565976283,0.4966482123898788,0.4968058135319202,0.49670453301488265,0.49674386588740943,,0,0.00025,0.0004
8,4096,swap,p_correct_given_nonzero,0.501169403042814,0.5010742719446659,0.5012677530251115,4.875745502907918e-05,0.5011413463668243,0.5011464202743683,0.5010651833328674,0.5012241810963287,0.5011220033836907,0.5011616845535366,,0,0.00025,0.0004
8,4096,loschmidt,cond_accurate,0.9368310936535797,0.9335801631688895,0.9398465455691325,0.001614968072552912,0.9386411924469218,0.9385423884392712,0.9351781215185987,0.9424468551213907,0.937684063789523,0.9396209420904786,,0,0.0,0.0
8,16384,loschmidt,p_zero,0.2168130678182195,0.20123012959795872,0.23641768985321795,0.009017795988844272,0.22445133946938084,0.22512742810300268,0.20366686615282406,0.24029077487709785,0.21975823924741814,0.22881264973370904,0.2168130678182195,0,0.0,0.0
8,16384,loschmidt,p_correct,0.6086244645064656,0.5894993153786332,0.6286339385911837,0.00994334381822974,0.6052291795290594,0.6061199014587206,0.5877692485004608,0.6243924487872523,0.6009666478315445,0.6096940148992755,0.6086244645064656,0,0.0,0.0
8,16384,loschmidt,p_correct_given_nonzero,0.9680056081071793,0.9653273688729431,0.9703866806003054,0.0012407081966512663,0.9696635437765331,0.9694598201525949,0.9670561783118131,0.9724167412801481,0.9689266571517557,0.9704110686273473,0.9680056081071792,0,0.0,0.0
8,16384,swap,p_zero,0.004407623800340896,0.004407610913931804,0.004407635236528287,6.233699677564998e-09,0.0044076270749443995,0.004407626500801497,0.004407616238055049,0.004407636007400945,0.004407624530244275,0.004407629463741961,0.0044076238003408,0,0.00025,0.0004
8,16384,swap,p_correct,0.5001144208811477,0.4999217847423692,0.5003043062002854,9.75730174485785e-05,0.5000587997127448,0.500068858612376,0.4999078101931608,0.5002230158526987,0.5000204531399289,0.5000991193402773,0.5001144208811477,0,0.00025,0.0004
8,16384,swap,p_correct_given_nonzero,0.5023284955504437,0.5021350125634219,0.5025192151258585,9.800182776650005e-05,0.502272629986022,0.5022827330356743,0.5021209765615221,0.5024375676789066,0.5022341148714405,0.5023131266931609,0.5023284955504437,0,0.00025,0.0004
8,16384,loschmidt,cond_accurate,0.9680056081071795,0.9653273688729431,0.9703866806019351,0.001240708226866739,0.969663543755453,0.9694598201530595,0.9670561783118128,0.9724167412801475,0.968926657149443,0.9704110685681384,,0,0.0,0.0
8,65536,loschmidt,p_zero,0.03888597908826308,0.03424665017878311,0.04477620949231566,0.0027690180807164425,0.03977845566197639,0.03950208050367607,0.03509156909319701,0.04494750942674433,0.03856033699337245,0.04100061139012505,,0,0.0,0.0
8,65536,loschmidt,p_correct,0.9027581167601451,0.8892704200063051,0.9143923313823854,0.006423373513292329,0.9005999110600035,0.9015450717016218,0.8868168616974216,0.9155424341709236,0.8970488944097761,0.9042755821167278,,0,0.0,0.0
8,65536,loschmidt,p_correct_given_nonzero,0.9923634738167835,0.9910879617006396,0.9933230462416232,0.00055131352862595,0.9924741096496039,0.9926349277462394,0.9913162374460933,0.9934226782229284,0.9921941050641921,0.992744232015109,,0,0.0,0.0
8,65536,swap,p_zero,0.002203713106219891,0.0022036880964434805,0.002203735301780404,1.207745741584457e-08,0.0022037198103916473,0.0022037185129429454,0.002203698476860698,0.0022037378697894157,0.0022037147409581467,0.002203724599623842,,0,0.00025,0.0004
8,65536,swap,p_correct,0.5035345568504246,0.5031799492753211,0.5039014181038212,0.00018818296087504032,0.5034233191984109,0.5034434364205305,0.5031213521734251,0.503751736414542,0.5033466293269802,0.5035039546443509,,0,0.00025,0.0004
8,65536,swap,p_correct_given_nonzero,0.5046466529993575,0.5042912733157193,0.5050143121251548,0.00018859246358620682,0.5045351731837397,0.5045553342529979,0.5042325485358086,0.5048643049876422,0.5044583163739699,0.5046159840421856,,0,0.00025,0.0004
8,65536,loschmidt,cond_accurate,0.9923634738167841,0.991087961700646,0.9933230462414996,0.0005513135283670843,0.9924741096474753,0.9926349277462397,0.9913162374257168,0.9934226782229288,0.9921941050579186,0.9927442320109287,,0,0.0,0.0
10,16,loschmidt,p_zero,0.9998757377160392,0.9998640947046371,0.9998866623664132,5.701864406025669e-06,0.9998759045679646,0.9998741793862739,0.9998622176228674,0.9998897049616435,0.9998722395323467,0.9998796779673035,,0,0.0,0.0
10,16,loschmidt,p_correct,0.00010009949272378214,9.183622630437763e-05,0.00010937990888759686,4.2874190912344466e-06,9.990193298651238e-05,0.00010247090919265423,8.848327517172945e-05,0.0001105460399008171,9.691256105478352e-05,0.00010275777491818361,,0,0.0,0.0
10,16,loschmidt,p_correct_given_nonzero,0.8532131408402952,0.8491550946546352,0.8577164593955128,0.002147582402295742,0.8555798528544282,0.8560918091171974,0.8514065223094592,0.8592772968960805,0.8545273901190771,0.8566288500507907,,2,0.0,0.0
10,16,swap,p_zero,0.13994993408926223,0.13994993408871434,0.13994993408973883,2.728412610183825e-13,0.13994993408941497,0.13994993408939677,0.13994993408894116,0.13994993408994022,0.13994993408929163,0.13994993408954481,,0,0.0008,0.0014
10,16,swap,p_correct,0.4300294510117797,0.4300290368100306,0.430029957752361,2.359397223327401e-07,0.4300293627120726,0.43002941048586385,0.4300289371549732,0.4300298433020554,0.4300292411482164,0.43002948279707964,,0,0.0008,0.0014
10,16,swap,p_correct_given_nonzero,0.5000051369761767,0.5000046553728739,0.5000057261781199,2.7474227209024524e-07,0.5000050346279991,0.5000050898530342,0.5000045395038383,0.5000055931361134,0.5000048932409501,0.5000051741585123,,0,0.0008,0.0014
10,16,loschmidt,cond_accurate,0.8532029216176057,0.8491885820138129,0.8576589276063373,0.0021451891847933187,0.855577255741418,0.8560715160201574,0.8514065220353338,0.8592772968960948,0.8545233375291698,0.8566282544082475,,0,0.0,0.0
10,64,loschmidt,p_zero,0.9995030729094766,0.9994578772875641,0.999546658011123,2.234300886458672e-05,0.9995037328843415,0.99949682926904,0.9994490245534722,0.9995589215201531,0.999489075650116,0.9995188178772914,0.9995030729094766,0,0.0,0.0
10,64,loschmidt,p_correct,0.00040031475574842394,0.00036768732547264293,0.0004355127845608,1.684238797843805e-05,0.0003995102155583454,0.0004097868678504585,0.00035385710265785396,0.0004420733409886712,0.0003875523427646233,0.00041093609557711814,0.0004003147557484,0,0.0,0.0
10,64,loschmidt,p_correct_given_nonzero,0.856474087793319,0.8520981568716514,0.8603264983654433,0.0020115421438820676,0.8583176343064911,0.8588623758928582,0.8541317738243439,0.8616577203132844,0.857330677272061,0.8592775075941513,0.856474087793319,1,0.0,0.0
10,64,swap,p_zero,0.07038609215948904,0.07038609215744018,0.07038609216172649,1.1841256715340961e-12,0.07038609216033669,0.07038609216029341,0.07038609215803,0.07038609216218593,0.0703860921598015,0.07038609216087982,0.070386092159489,0,0.0008,0.0014
10,64,swap,p_correct,0.4648158419503852,0.4648150003172077,0.4648168252656326,4.610712140172186e-07,0.46481566486439096,0.46481576041866124,0.464814808198202,0.46481663118759986,0.4648154202366212,0.46481590628363956,0.4648158419503852,0,0.0008,0.0014
10,64,swap,p_correct_given_nonzero,0.5000095609890314,0.5000086556316368,0.5000106187524301,4.960841355227895e-07,0.5000093704976185,0.5000094732829907,0.500008448967807,0.5000104099982414,0.5000091073466961,0.5000096301931422,0.5000095609890314,0,0.0008,0.0014
10,64,loschmidt,cond_accurate,0.8565039608771741,0.8520987151407207,0.8603472242420156,0.002008292305058504,0.8583091843571184,0.8588060000664466,0.8541317738239823,0.861657720312649,0.8573253198491332,0.8592692450193683,,0,0.0,0.0
10,256,loschmidt,p_zero,0.9980142425661691,0.9978161374861091,0.9981858226638277,9.2961945890707e-05,0.9980167531367126,0.9979891031991813,0.9977985606254991,0.9982373114560519,0.9979581641741582,0.9980770200976483,,0,0.0,0.0
10,256,loschmidt,p_correct,0.0015999734527077526,0.0014720201508486208,0.0017534669056560267,6.890983774839221e-05,0.0015964983296078137,0.001637355263109284,0.0014142135116063505,0.001766522306672788,0.0015487163428996957,0.0016422375896022888,,0,0.0,0.0
10,256,loschmidt,p_correct_given_nonzero,0.8630352897366075,0.8592439271095653,0.8667431904237697,0.001982429335338482,0.8646636135212213,0.8650653221106901,0.8601264235920681,0.868211024435425,0.8636114677226197,0.8656755107701369,,1,0.0,0.0
10,256,swap,p_zero,0.0352446354579331,0.035244635451929796,0.03524463546235932,2.7932947469383945e-12,0.035244635459073984,0.03524463545895559,0.035244635452954344,0.03524463546432729,0.03524463545758574,0.035244635460568254,,0,0.0008,0.0014
10,256,swap,p_correct,0.48239548438842395,0.4823938278640117,0.4823975378608242,9.605656629720465e-07,0.4823951297005661,0.4823953210841383,0.48239341385310675,0.4823970651995753,0.48239463972561025,0.4823956132435165,,0,0.0008,0.0014
10,256,swap,p_correct_given_nonzero,0.5000184524650562,0.5000167355023623,0.5000205809500616,9.957646766092338e-07,0.5000180848214602,0.5000182831946232,0.5000163062924501,0.5000200910311731,0.5000175769468717,0.500018586027195,,0,0.0008,0.0014
10,256,loschmidt,cond_accurate,0.863036777673253,0.8592446072823493,0.8667433542342288,0.001981851865684743,0.8646656765587692,0.8650438863426564,0.8601217654607932,0.8682511224600021,0.8636172852098523,0.8656773762992861,,0,0.0,0.0
10,1024,loschmidt,p_zero,0.9920880704703097,0.9913663581254184,0.992810361047856,0.0003638001973957936,0.9920962095586955,0.9919850562951349,0.9912314342619785,0.9929744384914461,0.9918629646727151,0.9923358777006489,0.9920880704703096,0,0.0,0.0
10,1024,loschmidt,p_correct,0.0063791309609729785,0.0058153676998558956,0.006922773739728759,0.00027067165520241863,0.006361655715190209,0.006522909654638814,0.005636728862936512,0.007040488761348424,0.006171262506157126,0.006543653505814086,0.0063791309609729,0,0.0,0.0
10,1024,loschmidt,p_correct_given_nonzero,0.8752833730934954,0.8711865657630945,0.8788426862599646,0.0019521649311677817,0.8761671450988237,0.8760416620360938,0.8717469487652965,0.8793088790688007,0.875190772517627,0.8770885180856982,0.8752833730934954,1,0.0,0.0
10,1024,swap,p_zero,0.01762877234047176,0.017628772326708984,0.01762877235214458,6.457344896178027e-12,0.017628772343564976,0.017628772342892472,0.017628772328241626,0.01762877235496807,0.01762877234004206,0.017628772347030437,0.0176287723404717,0,0.0008,0.0014
10,1024,swap,p_correct,0.4912212311019981,0.4912178023338214,0.49122517126182885,1.893703096715047e-06,0.491220521468691,0.4912209043729861,0.4912170885155114,0.4912243938944484,0.4912195411588518,0.4912214889070948,0.4912212311019981,0,0.0008,0.0014
10,1024,swap,p_correct_given_nonzero,0.5000362564260081,0.5000327661344299,0.5000402672837247,1.927745490329801e-06,0.5000355340600706,0.5000359238341532,0.5000320395080989,0.5000394759723616,0.500034536160016,0.5000365188568294,0.5000362564260081,0,0.0008,0.0014
10,1024,loschmidt,cond_accurate,0.8752931563144851,0.8711868332397816,0.8787950511507532,0.0019433668422756223,0.8761617183675268,0.8760643841213527,0.8716957915762786,0.8793033343148944,0.8751790664010217,0.8770869576096337,,0,0.0,0.0
10,4096,loschmidt,p_zero,0.96881419546471,0.9656383844311118,0.9714081132001554,0.0014277488449414581,0.9688652106835848,0.9684024183691547,0.9655288483484435,0.9722821060741035,0.967960771731795,0.969790602574629,,0,0.0,0.0
10,4096,loschmidt,p_correct,0.025119385532505777,0.023066708762373614,0.027532078507242923,0.0010565514813212398,0.025069099708415078,0.025669618569821584,0.022239727488321495,0.02769569617977186,0.024325132548145705,0.025778318312493574,,0,0.0,0.0
10,4096,loschmidt,p_correct_given_nonzero,0.8931085752039365,0.8893483467020521,0.8964226075007393,0.0018527334091391558,0.893855182368102,0.8938219216785164,0.8895953351510224,0.8971600398103957,0.8929432384031974,0.8947422310924026,,0,0.0,0.0
10,4096,swap,p_zero,0.008815193085602378,0.008815193052512438,0.008815193108428755,1.3965130392691445e-11,0.008815193090634,0.008815193088858055,0.00881519306049359,0.00881519311528177,0.00881519308327356,0.008815193097973639,,0,0.0008,0.0014
10,4096,swap,p_correct,0.49566364451583855,0.4956569490969589,0.4956722373635676,3.8012492604519083e-06,0.4956622251252294,0.49566299099744837,0.49565535859458015,0.49566997069330826,0.49566026432630234,0.49566416017757914,,0,0.0008,0.0014
10,4096,swap,p_correct_given_nonzero,0.5000718746449425,0.5000651196923145,0.5000805438956042,3.83506712179819e-06,0.50007044263364,0.5000712153155693,0.5000635150475986,0.5000782570735952,0.5000684643998212,0.5000723948915409,,0,0.0008,0.0014
10,4096,loschmidt,cond_accurate,0.8930827434300492,0.8893209196597172,0.8963579518503665,0.0018545606775294053,0.8938527276504983,0.8938219216724101,0.8895910606569936,0.8971600398108428,0.8929414368826311,0.8947378609074916,,0,0.0,0.0
10,16384,loschmidt,p_zero,0.8820171681970711,0.8714924900054055,0.8920944611760039,0.005119483509113692,0.8824935319096632,0.8811063097493265,0.8704518640075374,0.8946427930828192,0.879260470385187,0.8857856099577699,0.8820171681970711,0,0.0,0.0
10,16384,loschmidt,p_correct,0.09488787264605575,0.08729926257253308,0.10218204365468178,0.0037173791127496263,0.09470830187807817,0.09674141855497334,0.08451259889332359,0.10365989848011674,0.09204130152771317,0.09724315080706301,0.0948878726460557,0,0.0,0.0
10,16384,loschmidt,p_correct_given_nonzero,0.9171466565717395,0.9136768100779316,0.9200731946124602,0.0015594406868694533,0.9175993800919138,0.9174963058782448,0.9136908263895279,0.9214540688998899,0.9166277518311624,0.9185801511419461,0.9171466565717395,0,0.0,0.0
10,16384,swap,p_zero,0.004407697217180272,0.004407697148421828,0.004407697265003707,2.933554175593303e-11,0.004407697225978801,0.004407697219587911,0.004407697164211939,0.004407697277803054,0.004407697210580648,0.004407697241266807,0.0044076972171802,0,0.0008,0.0014
10,16384,swap,p_correct,0.4979386367719204,0.4979251682627473,0.4979549301229514,7.5936124219306695e-06,0.4979357979192887,0.4979373297052434,0.49792206453684834,0.4979512894081551,0.4979318762304723,0.4979396681131231,0.4979386367719204,0,0.0008,0.0014
10,16384,swap,p_correct_given_nonzero,0.50014311619096,0.5001295880792368,0.5001594816418462,7.627221767713039e-06,0.5001402647752644,0.5001418033401215,0.5001264706180313,0.5001558248178236,0.5001363257318536,0.500144152095683,0.50014311619096,0,0.0008,0.0014
10,16384,loschmidt,cond_accurate,0.9171466565717403,0.9136768100779316,0.9200731946120524,0.0015594390685699142,0.9175951263882526,0.9175265491478795,0.9136843113147955,0.9214540688998882,0.9166233736612787,0.9185724732471435,,0,0.0,0.0
10,65536,loschmidt,p_zero,0.6201113986394361,0.5956760871349474,0.6469333652636168,0.012842111776839402,0.622779592553968,0.6173931029961603,0.5918005165671785,0.6539297472797998,0.6147026276023182,0.6311202292065393,,0,0.0,0.0
10,65536,loschmidt,p_correct,0.30055881266923923,0.2871132893662644,0.31902947379249236,0.008683543200419676,0.30214299781786663,0.3053927703122721,0.2780327878447466,0.32467512180801095,0.2958453178573492,0.3081859459925075,,0,0.0,0.0
10,65536,loschmidt,p_correct_given_nonzero,0.9453945656630758,0.9423828022716938,0.9484006321863754,0.0015951996138874817,0.945601724098941,0.9460390571749882,0.9410869741858345,0.9488253148029926,0.9445187393440729,0.9466027926028869,,0,0.0,0.0
10,65536,swap,p_zero,0.002203860795517561,0.002203860663090029,0.002203860897271068,5.930876416007436e-11,0.002203860816937407,0.0022038608064828677,0.002203860693682287,0.0022038609194817284,0.0022038607865360552,0.0022038608473630484,,0,0.0008,0.0014
10,65536,swap,p_correct,0.49918304211007714,0.4991561045434766,0.4992155752661015,1.4937218534317739e-05,0.49917736423491765,0.4991804279618714,0.49914989717875385,0.49920834731236696,0.49916952079328175,0.499185104685443,,0,0.0008,0.0014
10,65536,swap,p_correct_given_nonzero,0.5002856019342203,0.5002586049206059,0.5003182068790666,1.49701827909547e-05,0.5002799115282215,0.5002829820171708,0.5002523838564834,0.5003109629769872,0.5002720507777587,0.5002876690603766,,0,0.0008,0.0014
10,65536,loschmidt,cond_accurate,0.945394565663074,0.9423828022735579,0.9484006321863745,0.0015951994608610059,0.9456013723183194,0.946039057174975,0.9410652861561528,0.9488253148029911,0.9445157045279476,0.9466026716316657,,0,0.0,0.0
12,16,loschmidt,p_zero,0.9999918470819171,0.9999910166725898,0.9999926552739223,4.456917175535619e-07,0.9999920299874063,0.9999919896034448,0.9999912360022777,0.9999929719422365,0.9999917878037867,0.999992288594225,,0,0.0,0.0
12,16,loschmidt,p_correct,6.556066715736786e-06,6.002269022391324e-06,7.337238804346831e-06,3.4997268726753743e-07,6.391563890582731e-06,6.355467359017183e-06,5.687645855469798e-06,7.123879550875188e-06,6.177950292509098e-06,6.600858976284832e-06,,0,0.0,0.0
12,16,loschmidt,p_correct_given_nonzero,0.8527437287739741,0.8485314101065776,0.85654000080715,0.002006830487393345,0.8533815573438865,0.8525686228785957,0.8493404084819741,0.8576069974624084,0.8522877122127123,0.8544793425128194,,24,0.0,0.0
12,16,swap,p_zero,0.13994993409141218,0.13994993409141016,0.13994993409141382,9.36617798449012e-16,0.1399499340914125,0.13994993409141243,0.1399499340914101,0.13994993409141476,0.13994993409141182,0.1399499340914131,,0,0.0036,0.0046
12,16,swap,p_correct,0.4300253218035677,0.43002529392097316,0.4300253502854161,1.3940704004157385e-08,0.4300253086328204,0.43002530917502296,0.4300252753919902,0.4300253445516248,0.4300252987539985,0.4300253184488867,,0,0.0036,0.0046
12,16,swap,p_correct_given_nonzero,0.5000003358516798,0.5000003034320536,0.5000003689682416,1.62093004899709e-08,0.5000003205377592,0.5000003211681878,0.5000002818878774,0.5000003623013839,0.5000003090514263,0.5000003319511224,,0,0.0036,0.0046
12,16,loschmidt,cond_accurate,0.852693949490555,0.8485314773731194,0.8564691409654897,0.002005456695971168,0.8533309625624833,0.8524270829273144,0.8494933180349817,0.8576076722925594,0.8522424281528784,0.8544364314883759,,0,0.0,0.0
12,64,loschmidt,p_zero,0.9999673887858955,0.9999639050364986,0.9999704998612562,1.7960856400861577e-06,0.9999681204409429,0.999967958922032,0.99996494463286,0.9999718881136728,0.9999671517459576,0.9999691548302826,0.9999673887858956,0,0.0,0.0
12,64,loschmidt,p_correct,2.622398565730195e-05,2.4022482005811147e-05,2.9517430219629102e-05,1.4086829393310012e-06,2.5565894750565448e-05,2.542151492061224e-05,2.2750375610304836e-05,2.8494984733926615e-05,2.4711470404991202e-05,2.6403024212365028e-05,2.622398565730195e-05,0,0.0,0.0
12,64,loschmidt,p_correct_given_nonzero,0.8534543386035237,0.8496181495258323,0.8573575692708996,0.001938773582607084,0.8541177875868028,0.8533154047586778,0.8503999093439982,0.8584473234490647,0.8530482297061196,0.8552159172919954,0.8534543386035237,12,0.0,0.0
12,64,swap,p_zero,0.07038609216997829,0.07038609216996854,0.07038609216998526,4.189318987046628e-15,0.07038609216997933,0.07038609216998018,0.07038609216996744,0.07038609216999009,0.07038609216997635,0.07038609216998236,0.0703860921699782,0,0.0036,0.0046
12,64,swap,p_correct,0.4648075350077051,0.46480747938991746,0.4648075957534413,2.8528460901417624e-08,0.4648075085114625,0.4648075096022384,0.4648074416391886,0.46480758077115336,0.46480748863773447,0.4648075282589368,0.4648075350077051,0,0.0036,0.0046
12,64,swap,p_correct_given_nonzero,0.5000006250903415,0.5000005652617606,0.5000006904357814,3.068856576164652e-08,0.5000005965879327,0.5000005977612964,0.5000005246524024,0.5000006743187899,0.5000005752094595,0.5000006178305916,0.5000006250903415,0,0.0036,0.0046
12,64,loschmidt,cond_accurate,0.8533600579956925,0.8495796047188923,0.8572511685875651,0.001938075058978619,0.8540591586511171,0.8533478763908036,0.8503519165920803,0.8584647894806938,0.8529637595656653,0.855183359654518,,0,0.0,0.0
12,256,loschmidt,p_zero,0.9998695624748306,0.9998562048750842,0.9998818464096256,7.115394793052318e-06,0.9998724896243948,0.9998718438196903,0.999859788510766,0.9998875579700753,0.9998686154762861,0.9998766265748376,,0,0.0,0.0
12,256,loschmidt,p_correct,0.00010489144351114267,9.643553002996658e-05,0.00011778360731971646,5.558896830141435e-06,0.00010225782109843007,0.00010168038777564746,9.099817756594426e-05,0.00011397140413333184,9.884059078771352e-05,0.00010560551021625956,,0,0.0,0.0
12,256,loschmidt,p_correct_given_nonzero,0.85598264020358,0.8523243781075164,0.8597613395623036,0.001911941123352277,0.8563059594311694,0.8559590244795463,0.8522048145193559,0.8604641699887964,0.8551836854252569,0.8574316847612022,,5,0.0,0.0
12,256,swap,p_zero,0.03524463548573027,0.035244635485700636,0.03524463548575117,1.3151937294250642e-14,0.03524463548573466,0.03524463548573369,0.035244635485705667,0.035244635485763155,0.03524463548572655,0.035244635485743005,,0,0.0036,0.0046
12,256,swap,p_correct,0.48237884614613324,0.48237874010872345,0.4823789608600983,5.6119788459857556e-08,0.48237879307598613,0.4823787952607194,0.4823786591353945,0.48237893780722135,0.48237875327026175,0.4823788326288406,,0,0.0036,0.0046
12,256,swap,p_correct_given_nonzero,0.5000012064083998,0.500001096497226,0.5000013253131191,5.8169993148219766e-08,0.5000011513994942,0.5000011536640396,0.5000010125657731,0.5000013014180629,0.500001110139584,0.5000011923972957,,0,0.0036,0.0046
12,256,loschmidt,cond_accurate,0.8559386873243591,0.852312665309736,0.8597540296459165,0.0019187046373295416,0.8562706467838765,0.8559390404525249,0.8521695227687204,0.8604688679228378,0.855154279527343,0.8573953440558036,,0,0.0,0.0
12,1024,loschmidt,p_zero,0.9994783671752174,0.9994256997456937,0.9995283273855403,2.780928514744707e-05,0.9994900859722163,0.9994875053528001,0.9994393136696708,0.9995503232110393,0.9994745977903375,0.999506624045651,0.9994783671752174,0,0.0,0.0
12,1024,loschmidt,p_correct,0.000419493799218126,0.0003842357652541767,0.0004674921812058757,2.1718210909204406e-05,0.0004089389081095741,0.00040663082244445667,0.00036393951914028076,0.00045574592669469393,0.0003952746685157164,0.00042231529804492146,0.0004194937992181,0,0.0,0.0
12,1024,loschmidt,p_correct_given_nonzero,0.8609290527818538,0.8568506744875283,0.8644963619747366,0.0019217166177618004,0.8613423988275629,0.8614589674852408,0.8572017842931842,0.8661564845055699,0.8601718879761842,0.8625162144981211,0.8609290527818538,4,0.0,0.0
12,1024,swap,p_zero,0.01762877240459675,0.017628772404543913,0.017628772404653333,2.7909761153579275e-14,0.017628772404616924,0.01762877240461772,0.01762877240453954,0.017628772404678774,0.017628772404598668,0.017628772404635215,0.0176287724045967,0,0.0036,0.0046
12,1024,swap,p_correct,0.4911879424283191,0.49118772950869016,0.491188165009877,1.1008103577825788e-07,0.4911878362490806,0.49118784062000004,0.4911875682702239,0.4911881258171964,0.49118775660850184,0.4911879153836441,0.4911879424283191,0,0.0036,0.0046
12,1024,swap,p_correct_given_nonzero,0.5000023704181613,0.5000021536776911,0.5000025969940443,1.1205644902912792e-07,0.5000022623335381,0.5000022667828941,0.5000019895457991,0.5000025570979524,0.5000021812638089,0.5000023428881705,0.5000023704181613,0,0.0036,0.0046
12,1024,loschmidt,cond_accurate,0.8609290527818858,0.8568506371491006,0.8644972292561366,0.001918342712394191,0.8613470506569147,0.8614566140265787,0.8572208284873816,0.8661459617036559,0.8601751060743784,0.8625256175726366,,0,0.0,0.0
12,4096,loschmidt,p_zero,0.9979153435750334,0.9977041060889952,0.9981166559266001,0.00011475616312340672,0.9979623774505274,0.9979521006162445,0.9977598059802092,0.9982028394333022,0.9979005660720554,0.9980283839681551,,0,0.0,0.0
12,4096,loschmidt,p_correct,0.0016768243071409272,0.0015347979439120744,0.0018661359471485689,9.016078039798265e-05,0.001634223178699989,0.001625073028344487,0.0014548661303372683,0.0018205166633542408,0.001579703302960596,0.0016875634930718657,,0,0.0,0.0
12,4096,loschmidt,p_correct_given_nonzero,0.8683166468886356,0.8650235393726392,0.8720347186711332,0.0018458967085015789,0.8699541917451409,0.8705713360232985,0.8651976645391865,0.8742085689543754,0.8686580422503817,0.8712323309569668,,4,0.0,0.0
12,4096,swap,p_zero,0.008815193220018856,0.008815193219898996,0.008815193220134772,5.757848731465096e-14,0.008815193220064311,0.00881519322006167,0.00881519321990837,0.008815193220195541,0.008815193220025145,0.008815193220103466,,0,0.0036,0.0046
12,4096,swap,p_correct,0.49559706107776424,0.49559660480797524,0.4955975201780001,2.2854421404054307e-07,0.4955968486991888,0.4955968574398226,0.495596312698139,0.495597427883745,0.4955966894037335,0.4955970069816071,,0,0.0036,0.0046
12,4096,swap,p_correct_given_nonzero,0.5000046991113318,0.5000042387837227,0.5000051622945595,2.3057676848672087e-07,0.5000044848439742,0.5000044936623437,0.5000039440760141,0.5000050691794873,0.5000043241318296,0.5000046445340708,,0,0.0036,0.0046
12,4096,loschmidt,cond_accurate,0.8683250610884337,0.8650311038074792,0.8720371984384311,0.0018466465526903988,0.8699542455890032,0.8705665765901707,0.8652220746301732,0.8742243361110806,0.8686631338527496,0.8712317856631707,,0,0.0,0.0
12,16384,loschmidt,p_zero,0.9916937273951332,0.9908615799506254,0.9924776395034142,0.00045029956359683915,0.9918814632898103,0.9918418633389714,0.9910798710180537,0.9928360236059851,0.9916364255384696,0.9921430404212928,0.9916937273951332,0,0.0,0.0
12,16384,loschmidt,p_correct,0.00668892817987001,0.006127625629041593,0.007475886621116823,0.000348013293726104,0.006511827595330952,0.006473899173274727,0.0058018676255095405,0.007243460233582474,0.006296732425929765,0.006722755903674264,0.00668892817987,0,0.0,0.0
12,16384,loschmidt,p_correct_given_nonzero,0.8813680211624733,0.8773265181134856,0.8855587759766385,0.0020488578007247724,0.8835065673235194,0.8840907553980427,0.8784278880057362,0.8890316040649071,0.8821152741472172,0.8848931644946806,0.8813680211624733,3,0.0,0.0
12,16384,swap,p_zero,0.004407697492152149,0.004407697491900954,0.004407697492349355,1.1119861471227622e-13,0.004407697492240785,0.004407697492252154,0.00440769749193341,0.0044076974924944804,0.004407697492162433,0.004407697492318784,0.0044076974921521,0,0.0036,0.0046
12,16384,swap,p_correct,0.49780546684283467,0.4978046215878445,0.4978063981206742,4.409364461413121e-07,0.49780504207649007,0.49780505956082266,0.4978039700420007,0.4978062004784496,0.49780472347786975,0.49780535865023967,0.4978054668428346,0,0.0036,0.0046
12,16384,swap,p_correct_given_nonzero,0.5000093568309731,0.5000085078339683,0.5000102922316475,4.428885096120513e-07,0.5000089301841496,0.5000089477458906,0.500007853403665,0.5000100937144508,0.5000086101750648,0.5000092481593971,0.5000093568309731,0,0.0036,0.0046
12,16384,loschmidt,cond_accurate,0.8814386344392927,0.8773308270729119,0.8855025515241521,0.0020422612486386657,0.8835190482563207,0.8840702482746333,0.8784127716911406,0.8889813181360006,0.8821361728784917,0.8848972609275608,,0,0.0,0.0
12,65536,loschmidt,p_zero,0.9672841120244573,0.9640318681985769,0.9704046333696975,0.0017544246311904377,0.968019771695082,0.9678892419334526,0.964902479621603,0.9717291946818758,0.9670672064025837,0.9690322368451086,,0,0.0,0.0
12,65536,loschmidt,p_correct,0.026410648079473367,0.024207663047901395,0.029342004809623075,0.0013516596556523493,0.025646935077268212,0.025458905620262443,0.022927064970131365,0.028432369917200027,0.02482160597360594,0.026459343217436867,,0,0.0,0.0
12,65536,loschmidt,p_correct_given_nonzero,0.9006180793851759,0.896734394842362,0.9044268801393369,0.001976948227604035,0.9021591360533863,0.9026408081215356,0.8975398741630409,0.9061279172340486,0.9008407992050873,0.9034429851677038,,2,0.0,0.0
12,65536,swap,p_zero,0.002203861354238004,0.002203861353756739,0.0022038613546724976,2.283323786632231e-13,0.0022038613544525095,0.002203861354464268,0.002203861353840368,0.0022038613549652834,0.0022038613542955344,0.0022038613546095966,,0,0.0036,0.0046
12,65536,swap,p_correct,0.49891670060640714,0.49891492558758843,0.49891852659172736,8.896051191614473e-07,0.49891585108404185,0.4989158861080176,0.49891370685119507,0.49891816802511896,0.4989152138711393,0.498916484267239,,0,0.0036,0.0046
12,65536,swap,p_correct_given_nonzero,0.5000186724349789,0.5000168934958571,0.5000205024531621,8.915699021232321e-07,0.5000178210363508,0.5000178561376867,0.5000156720677313,0.500020143094625,0.5000171824160972,0.5000184556179961,,0,0.0036,0.0046
12,65536,loschmidt,cond_accurate,0.9006618847226713,0.8967648066715664,0.9044293694728258,0.0019756735797763223,0.9021371893809016,0.9025832183796214,0.8975457917430426,0.9061776633596625,0.9008136018666909,0.9034252568982832,,0,0.0,0.0
14,16,loschmidt,p_zero,0.9999995267545592,0.9999994719742828,0.9999995841046104,2.847206283301344e-08,0.9999995002476882,0.9999995053035253,0.9999994266605049,0.9999995670163069,0.999999481656107,0.9999995188590611,,0,0.0,0.0
14,16,loschmidt,p_correct,3.752363612938616e-07,3.35197217901873e-07,4.200113467023314e-07,2.2763342983381922e-08,4.0225684619055213e-07,4.0184793769465526e-07,3.451403898203425e-07,4.595385516494388e-07,3.8756400925437955e-07,4.16991600664345e-07,,0,0.0,0.0
14,16,loschmidt,p_correct_given_nonzero,0.8553137947523732,0.8515357840098149,0.8588921244885296,0.0018993286949813542,0.8539818045539889,0.8541730425525429,0.8497348527778945,0.8583132300323694,0.8528735981559791,0.8551460483400486,,89,0.0,0.0
14,16,swap,p_zero,0.1399499340914191,0.13994993409141904,0.1399499340914191,3.948236002806781e-17,0.13994993409141904,0.13994993409141904,0.139949934091419,0.1399499340914191,0.13994993409141904,0.13994993409141906,,0,0.01095,0.0113
14,16,swap,p_correct,0.4300250492569283,0.43002504765576416,0.43002505099148947,8.288507277025446e-10,0.4300250504143227,0.4300250500561728,0.43002504790423157,0.4300250530556107,0.43002504975795297,0.430025051074,,0,0.01095,0.0113
14,16,swap,p_correct_given_nonzero,0.5000000189554521,0.5000000170937418,0.5000000209722664,9.637238274718668e-10,0.5000000203025247,0.5000000198847522,0.5000000173826421,0.5000000233722676,0.5000000195399127,0.5000000210684913,,0,0.01095,0.0113
14,16,loschmidt,cond_accurate,0.8552434226058534,0.8515456651427014,0.8589131546041426,0.001902069358039595,0.8539323011330447,0.8539650636128249,0.8497488818768136,0.8583663706351331,0.8527913626066081,0.8551323331014958,,0,0.0,0.0
14,64,loschmidt,p_zero,0.9999981070198902,0.9999978869516726,0.9999983230735194,1.1725751936872254e-07,0.9999980009926365,0.999998021216054,0.9999977066447041,0.9999982680665344,0.999997926626391,0.9999980754379377,0.9999981070198902,0,0.0,0.0
14,64,loschmidt,p_correct,1.5009445618367524e-06,1.3328292277195064e-06,1.6812956254436282e-06,9.431172083614235e-08,1.6090260254328673e-06,1.6073905281665902e-06,1.3805607445199856e-06,1.8381528662781673e-06,1.5502547155803882e-06,1.6679650981773621e-06,1.5009445618367524e-06,0,0.0,0.0
14,64,loschmidt,p_correct_given_nonzero,0.8554042949558739,0.8514611756175473,0.859118718776698,0.0019799385843419378,0.8541648175086453,0.8544459735995604,0.8497609052499487,0.858464840334159,0.8530177137820256,0.8553712671910862,0.8554042949558739,61,0.0,0.0
14,64,swap,p_zero,0.07038609217001392,0.07038609217001386,0.07038609217001394,2.6436418686080066e-17,0.0703860921700139,0.07038609217001392,0.07038609217001383,0.07038609217001394,0.07038609217001389,0.07038609217001393,0.0703860921700139,0,0.01095,0.0113
14,64,swap,p_correct,0.46480698671183807,0.4648069835047035,0.46480699017425464,1.721878471975887e-09,0.4648069890425483,0.46480698831971157,0.4648069839905469,0.4648069943538405,0.46480698772307183,0.46480699036782847,0.464806986711838,0,0.01095,0.0113
14,64,swap,p_correct_given_nonzero,0.500000035280072,0.5000000318301079,0.5000000390046463,1.8522511589712347e-09,0.5000000377872528,0.5000000370096855,0.5000000323527382,0.5000000435006913,0.5000000363678714,0.5000000392128768,0.500000035280072,0,0.01095,0.0113
14,64,loschmidt,cond_accurate,0.8555917007118797,0.8515261238882907,0.8592504027117507,0.0019975531034056677,0.8541402596590342,0.8542350232041508,0.8498657858466029,0.8586058260578575,0.8529911499640035,0.8553488819907681,,0,0.0,0.0
14,256,loschmidt,p_zero,0.9999924281060157,0.9999916030978037,0.9999933177941865,4.567528935818706e-07,0.9999920040006787,0.9999920848954584,0.999990826621768,0.9999930722870424,0.9999917065369623,0.9999923017788312,,0,0.0,0.0
14,256,loschmidt,p_correct,6.003764113499347e-06,5.3160040743356535e-06,6.682505298899322e-06,3.674070387445899e-07,6.436082352700401e-06,6.429542550933221e-06,5.522229942426241e-06,7.3525900196202475e-06,6.2009977199816285e-06,6.671839443889265e-06,,0,0.0,0.0
14,256,loschmidt,p_correct_given_nonzero,0.8563208142307254,0.8520906094134026,0.8598756296097252,0.001941496524209869,0.8548393004380648,0.8549459960307619,0.8505228761967282,0.8594224985001058,0.8536887988690662,0.856062322396768,,44,0.0,0.0
14,256,swap,p_zero,0.0352446354858355,0.035244635485835216,0.03524463548583561,9.086288443640132e-17,0.035244635485835375,0.035244635485835424,0.03524463548583516,0.03524463548583556,0.03524463548583531,0.03524463548583544,,0,0.01095,0.0113
14,256,swap,p_correct,0.4823777479469225,0.4823777413237051,0.48237775473811356,3.401726567927026e-09,0.4823777526151754,0.48237775116739895,0.4823777424963559,0.4823777632533569,0.48237774997235233,0.48237775526962096,,0,0.01095,0.0113
14,256,swap,p_correct_given_nonzero,0.5000000680896357,0.5000000612244587,0.500000075128923,3.5259990913941384e-09,0.5000000729284307,0.5000000714277635,0.5000000624399494,0.5000000839552475,0.5000000701890599,0.5000000756798487,,0,0.01095,0.0113
14,256,loschmidt,cond_accurate,0.8563772151732993,0.8522217963410088,0.8598969391966915,0.0019307888528583947,0.854809186462416,0.8548350762517114,0.8504981849095218,0.8594304117031195,0.8536516776867014,0.8560430743952748,,0,0.0,0.0
14,1024,loschmidt,p_zero,0.9999697128473317,0.9999666245638626,0.9999733585437692,1.8477131688669725e-06,0.9999680164848229,0.999968340081713,0.9999633071742854,0.9999722894826408,0.999966826650224,0.9999692075486164,0.9999697128473316,0,0.0,0.0
14,1024,loschmidt,p_correct,2.4014830314429358e-05,2.123043197949373e-05,2.6662032636556685e-05,1.484179924988535e-06,2.5743981431180608e-05,2.5717857219800512e-05,2.2088711199902873e-05,2.9410016954079675e-05,2.4803652607101303e-05,2.668702192840561e-05,2.401483031442936e-05,0,0.0,0.0
14,1024,loschmidt,p_correct_given_nonzero,0.8575631581750789,0.8540049296502001,0.8612538830585306,0.001778005445065216,0.8566653634501973,0.8567663616788768,0.8521371099186342,0.8611123702725707,0.8555272777819529,0.8578447953300967,0.8575631581750789,31,0.0,0.0
14,1024,swap,p_zero,0.017628772404860577,0.017628772404860407,0.017628772404860733,8.816580045836858e-17,0.01762877240486051,0.017628772404860535,0.01762877240486031,0.017628772404860688,0.017628772404860455,0.01762877240486056,0.0176287724048605,0,0.01095,0.0113
14,1024,swap,p_correct,0.4911857452253975,0.4911857316700803,0.49118575920821383,6.937988064089291e-09,0.49118575456529545,0.49118575166868583,0.4911857343202598,0.4911857758492178,0.4911857492777333,0.4911857598761577,0.4911857452253975,0,0.01095,0.0113
14,1024,swap,p_correct_given_nonzero,0.5000001337863166,0.5000001199877463,0.5000001480200562,7.062491036160573e-09,0.5000001432938203,0.5000001403452304,0.5000001226854855,0.5000001649596847,0.5000001379113719,0.5000001486999865,0.5000001337863166,0,0.01095,0.0113
14,1024,loschmidt,cond_accurate,0.8576215179982104,0.8541215959971502,0.8612892771638934,0.0017725488616972048,0.8566258004511853,0.8566289091037147,0.8521292161391144,0.8611898431585547,0.8554737324507041,0.8578271058539135,,0,0.0,0.0
14,4096,loschmidt,p_zero,0.9998788581612762,0.9998662301454941,0.9998922668769669,7.204521349646045e-06,0.9998720736237365,0.9998733683244461,0.9998532396917861,0.9998891632818707,0.9998673145533453,0.9998768371260343,,0,0.0,0.0
14,4096,loschmidt,p_correct,9.605570314173023e-05,8.595425284206801e-05,0.00010691746049049268,5.7928506596591465e-06,0.0001029702961001094,0.00010286642137934023,8.835150780103712e-05,0.00011763457805224837,9.920919839284013e-05,0.0001067427128837318,,0,0.0,0.0
14,4096,loschmidt,p_correct_given_nonzero,0.8609389902036206,0.8575902916125384,0.8650448824621185,0.0019205817230703987,0.8602349082369886,0.8602183682692316,0.8565398515975834,0.8643938947341495,0.8592069380932648,0.8612973586067973,,17,0.0,0.0
14,4096,swap,p_zero,0.008815193220585564,0.008815193220585237,0.008815193220585835,1.5145834309007008e-16,0.008815193220585384,0.008815193220585365,0.008815193220584907,0.008815193220585781,0.008815193220585257,0.008815193220585504,,0,0.01095,0.0113
14,4096,swap,p_correct,0.49559266626940934,0.49559264062532343,0.49559269345710777,1.330962081927887e-08,0.49559268495066683,0.4955926791571199,0.49559264445726314,0.495592727519853,0.4955926743748525,0.4955926955733835,,0,0.01095,0.0113
14,4096,swap,p_correct_given_nonzero,0.5000002652176483,0.5000002393454943,0.5000002926471433,1.3427991058253913e-08,0.5000002840650484,0.5000002782199758,0.5000002432115135,0.500000327012827,0.5000002733951768,0.5000002947822391,,0,0.01095,0.0113
14,4096,loschmidt,cond_accurate,0.8608225372727564,0.8575446010132164,0.8649220315837121,0.0019229946726506389,0.8602290169075631,0.8602041323431159,0.8566223898946967,0.8644541031306071,0.8591992250032588,0.861295022458729,,0,0.0,0.0
14,16384,loschmidt,p_zero,0.9995155409737375,0.9994619299530483,0.9995695549019383,2.9050133025795696e-05,0.9994884178702232,0.9994936012289843,0.9994131346319877,0.9995567387332239,0.9994693867345684,0.999507459374204,0.9995155409737376,0,0.0,0.0
14,16384,loschmidt,p_correct,0.00038416493028270665,0.0003432436457784944,0.0004286464685112844,2.3557437118899194e-05,0.0004117886094885958,0.00041138558107242786,0.0003533443240137606,0.00047045049035722387,0.0003967480446318298,0.0004268705700211341,0.0003841649302827,0,0.0,0.0
14,16384,loschmidt,p_correct_given_nonzero,0.8668547415950074,0.8635784760393341,0.8711474923270828,0.0018912652160685214,0.8668054217414467,0.866918829719971,0.8630811704753967,0.8699403365065601,0.8659096850642718,0.8676784004308011,0.8668547415950074,8,0.0,0.0
14,16384,swap,p_zero,0.004407697493315488,0.004407697493314533,0.004407697493316304,4.621900879322715e-16,0.004407697493314854,0.00440769749331487,0.004407697493313621,0.004407697493316212,0.004407697493314508,0.0044076974933152015,0.0044076974933154,0,0.01095,0.0113
14,16384,swap,p_correct,0.4977966770243094,0.4977966257136179,0.49779673274337216,2.7169094375735597e-08,0.4977967143884898,0.49779670280097943,0.49779663339947383,0.49779679953209466,0.49779669323600256,0.4977967356345092,0.4977966770243094,0,0.01095,0.0113
14,16384,swap,p_correct_given_nonzero,0.5000005280986675,0.5000004765608121,0.5000005840644085,2.7289377523623643e-08,0.5000005656282663,0.5000005539894546,0.5000004842806952,0.50000065114882,0.5000005443821327,0.5000005869683463,0.5000005280986675,0,0.01095,0.0113
14,16384,loschmidt,cond_accurate,0.8669566630662449,0.8636192950645425,0.871157884656255,0.001896886038327876,0.8667707076569346,0.8669726895274003,0.8630791666124986,0.8699856987559687,0.8658729323445548,0.8676464813126687,,0,0.0,0.0
14,65536,loschmidt,p_zero,0.9980638957108068,0.9978483677846914,0.9982940702822851,0.0001204370872962785,0.9979556526460233,0.9979764498772061,0.9976553492019286,0.9982283236539808,0.9978796524200038,0.9980316211269139,,0,0.0,0.0
14,65536,loschmidt,p_correct,0.001535734088959445,0.0013582078823964894,0.0017183701037781678,9.716142296156787e-05,0.0016456617486131184,0.0016441544095864556,0.0014123224009351758,0.0018803977313360915,0.0015854796870959677,0.0017059598225681201,,0,0.0,0.0
14,65536,loschmidt,p_correct_given_nonzero,0.877511166381196,0.8736595885786378,0.8814118612041296,0.0019998323244010325,0.8768349080134998,0.8766848080838887,0.8729260994491104,0.8800660572615454,0.8758786143787453,0.8777580123156603,,5,0.0,0.0
14,65536,swap,p_zero,0.0022038613566262065,0.0022038613566242905,0.002203861356628113,9.472256442352648e-16,0.002203861356625029,0.002203861356625237,0.0022038613566225883,0.002203861356627421,0.002203861356624355,0.002203861356625699,,0,0.01095,0.0113
14,65536,swap,p_correct,0.4988991208688782,0.4988990143347128,0.49889923218078314,5.5670574171056086e-08,0.49889919560098595,0.498899172423691,0.49889903361948806,0.498899365958985,0.4988991532945358,0.4988992381043297,,0,0.01095,0.0113
14,65536,swap,p_correct_given_nonzero,0.5000010538697746,0.500000947100306,0.5000011654275398,5.5793534998359e-08,0.5000011287669452,0.5000011055384572,0.5000009664276749,0.500001299501217,0.5000010863670514,0.5000011713641671,,0,0.01095,0.0113
14,65536,loschmidt,cond_accurate,0.8774648446073565,0.8735972946894184,0.8814276865482371,0.0019961509885201307,0.8768004197539161,0.8766934168460864,0.8728902496410197,0.8800369575519895,0.8758401343823042,0.8777217469968669,,0,0.0,0.0
16,16,loschmidt,p_zero,0.9999999682879278,0.9999999644168142,0.9999999720281585,2.02477531019837e-09,0.9999999675524334,0.9999999673594282,0.9999999631623256,0.9999999732388634,0.9999999663279103,0.9999999688065786,,0,0.0,0.0
16,16,loschmidt,p_correct,2.546389033307694e-08,2.2410643103405944e-08,2.8586736561174758e-08,1.658484425555195e-09,2.593916478918405e-08,2.5952907906079403e-08,2.1231433909398083e-08,2.9360362646582487e-08,2.4900200956943197e-08,2.6927845294412087e-08,,0,0.0,0.0
16,16,loschmidt,p_correct_given_nonzero,0.8535509916637547,0.8491840095951027,0.8570627806204282,0.002018225538611695,0.8539603658890786,0.8541105772567721,0.8475216161802244,0.859251809534097,0.8525290751025187,0.8552975520196738,,243,0.0,0.0
16,16,swap,p_zero,0.13994993409141915,0.13994993409141915,0.13994993409141915,2.7762517112702714e-17,0.13994993409141912,0.13994993409141915,0.13994993409141915,0.13994993409141915,0.13994993409141912,0.13994993409141912,,0,0.02985,0.0315
16,16,swap,p_correct,0.4300250340691352,0.43002503391751234,0.4300250342048753,7.351992667437187e-11,0.4300250340768318,0.4300250340903246,0.43002503387836966,0.43002503422964444,0.43002503403245546,0.43002503411875187,,0,0.02985,0.0315
16,16,swap,p_correct_given_nonzero,0.5000000012962558,0.5000000011199602,0.500000001454084,8.548330337755599e-11,0.5000000013052048,0.5000000013208932,0.5000000010744483,0.5000000014828836,0.5000000012536076,0.5000000013539464,,0,0.02985,0.0315
16,16,loschmidt,cond_accurate,0.8534979798825506,0.8492101639417939,0.8569580258520855,0.001988478498386208,0.8537760138673607,0.8539420012102064,0.8477976166990995,0.8591436378220937,0.8523806569793015,0.8550783244443156,,0,0.0,0.0
16,64,loschmidt,p_zero,0.9999998731517183,0.9999998579184857,0.9999998878220773,7.892178183779944e-09,0.9999998702097417,0.9999998694377217,0.9999998526493128,0.999999892955459,0.9999998653116496,0.9999998752263215,0.9999998731517185,0,0.0,0.0
16,64,loschmidt,p_correct,1.0185555725398768e-07,9.002122058094277e-08,1.1406726342095767e-07,6.514200670452357e-09,1.0375665286733232e-07,1.0381162240946651e-07,8.492573181137287e-08,1.1744144425815995e-07,9.96007979614489e-08,1.0771137484974304e-07,1.0185555725398769e-07,0,0.0,0.0
16,64,loschmidt,p_correct_given_nonzero,0.8535288893814643,0.8495189388672096,0.8569027603959982,0.001946724756487105,0.8540436325765779,0.8541055826630768,0.8478829001462096,0.8594328592730881,0.8526266039415235,0.8553745294468512,0.8535288893814643,172,0.0,0.0
16,64,swap,p_zero,0.07038609217001479,0.07038609217001476,0.07038609217001479,1.537627455158943e-17,0.07038609217001476,0.07038609217001476,0.0703860921700147,0.07038609217001479,0.07038609217001476,0.07038609217001476,0.0703860921700147,0,0.02985,0.0315
16,64,swap,p_correct,0.46480695615777456,0.4648069558675188,0.46480695641640113,1.4278821440416106e-10,0.464806956173265,0.4648069562004179,0.46480695577400194,0.4648069564806825,0.4648069560839899,0.46480695625759927,0.4648069561577745,0,0.02985,0.0315
16,64,swap,p_correct_given_nonzero,0.5000000024125948,0.5000000021003631,0.5000000026908039,1.535994944477659e-10,0.5000000024292589,0.500000002458467,0.5000000019997652,0.5000000027599523,0.5000000023332243,0.5000000025199783,0.5000000024125948,0,0.02985,0.0315
16,64,loschmidt,cond_accurate,0.8535288691555497,0.849423604542621,0.8569626223793888,0.0019413632260986908,0.8538383549476232,0.853989918550034,0.8477991203161438,0.8591972989012314,0.8524313249030501,0.8551415723415171,,0,0.0,0.0
16,256,loschmidt,p_zero,0.9999994926069887,0.999999421355948,0.9999995485416904,3.278922194411398e-08,0.9999994808390926,0.9999994777510276,0.9999994105974126,0.9999995718219251,0.9999994612467306,0.9999995009054045,,0,0.0,0.0
16,256,loschmidt,p_correct,4.0742216326323427e-07,3.6172181190558017e-07,4.6291995172101054e-07,2.723922471063802e-08,4.150265110942291e-07,4.1524634245004854e-07,3.3970286595381894e-07,4.697656770697889e-07,3.9840309801140565e-07,4.308453984215195e-07,,0,0.0,0.0
16,256,loschmidt,p_correct_given_nonzero,0.8539517578941652,0.8499387603826511,0.8572245078545978,0.0018722486254175153,0.8541852895504463,0.854216269138512,0.8482244661946744,0.8598623229265623,0.8527610747609966,0.8555325869800237,,125,0.0,0.0
16,256,swap,p_zero,0.03524463548583746,0.035244635485837346,0.03524463548583752,3.7434063798865885e-17,0.03524463548583739,0.03524463548583742,0.035244635485837235,0.035244635485837485,0.03524463548583735,0.03524463548583742,,0,0.02985,0.0315
16,256,swap,p_correct,0.48237768674925435,0.48237768616461074,0.48237768735779407,2.989613050841163e-10,0.4823776867802508,0.4823776868346151,0.48237768598057074,0.48237768739597126,0.48237768660144803,0.48237768694915817,,0,0.02985,0.0315
16,256,swap,p_correct_given_nonzero,0.5000000046562836,0.5000000040502826,0.5000000052870555,3.098830540890422e-10,0.5000000046884117,0.5000000047447621,0.5000000038595167,0.5000000053266247,0.5000000045030768,0.5000000048634893,,0,0.02985,0.0315
16,256,loschmidt,cond_accurate,0.8537462786754304,0.849687686133656,0.8569629018289966,0.0018784564320621568,0.8540433297125324,0.8542479467797226,0.8480622394014825,0.8592882068830243,0.8526454457463707,0.855342854986847,,0,0.0,0.0
16,1024,loschmidt,p_zero,0.9999979704298014,0.9999977187084423,0.9999981975074125,1.272974250629205e-07,0.9999979233583941,0.999997911006372,0.9999976423922377,0.9999982872891235,0.9999978449890274,0.9999980036235139,0.9999979704298014,0,0.0,0.0
16,1024,loschmidt,p_correct,1.6296876020644969e-06,1.4415449354057526e-06,1.826158307332211e-06,1.045422596865212e-07,1.6601044377071068e-06,1.6609830112424007e-06,1.35881048375239e-06,1.8790611082538178e-06,1.593610890318182e-06,1.723379977442519e-06,1.6296876020644969e-06,0,0.0,0.0
16,1024,loschmidt,p_correct_given_nonzero,0.854574732207395,0.8508343358993647,0.8582671837823288,0.0018778318589240748,0.854679840352827,0.8545808855999049,0.8485055092529975,0.8600362871779365,0.8532696145356983,0.8559957031557104,0.854574732207395,84,0.0,0.0
16,1024,swap,p_zero,0.017628772404861878,0.017628772404861815,0.017628772404861954,3.2338044614787886e-17,0.01762877240486191,0.017628772404861923,0.01762877240486181,0.017628772404861975,0.017628772404861888,0.01762877240486193,0.0176287724048618,0,0.02985,0.0315
16,1024,swap,p_correct,0.4911856227855996,0.49118562172465424,0.49118562382255554,5.696542222935566e-10,0.491185622847195,0.491185622955794,0.4911856212472509,0.49118562407914707,0.49118562248934133,0.4911856231850066,0.4911856227855996,0,0.02985,0.0315
16,1024,swap,p_correct_given_nonzero,0.5000000091493219,0.5000000080693378,0.5000000102048869,5.798767738943122e-10,0.5000000092120233,0.5000000093225709,0.5000000075833683,0.5000000104660826,0.5000000088477476,0.5000000095558969,0.5000000091493219,0,0.02985,0.0315
16,1024,loschmidt,cond_accurate,0.8545444424464312,0.8507286538371459,0.8581724109925767,0.0018852151154326745,0.8546688650284382,0.8547389372523942,0.8486982049210746,0.8599671382359894,0.8532842625712808,0.8559562564424179,,0,0.0,0.0
16,4096,loschmidt,p_zero,0.9999918817487511,0.9999907660633777,0.9999927938847839,5.19914394370294e-07,0.9999916934659504,0.9999916440616694,0.9999905696103443,0.9999931491792677,0.9999913799897823,0.9999920145243868,,0,0.0,0.0
16,4096,loschmidt,p_correct,6.5187335917410026e-06,5.756948251275364e-06,7.347595555186325e-06,4.274823580142819e-07,6.640392044803266e-06,6.643894310570664e-06,5.435226253495153e-06,7.5162188341744105e-06,6.374419533901131e-06,6.8934940503008055e-06,,0,0.0,0.0
16,4096,loschmidt,p_correct_given_nonzero,0.8561651589958941,0.8520692778223777,0.8598816888860604,0.0018841383559117378,0.8559682528148971,0.8560260924157506,0.8502353171594377,0.8615764363048396,0.8545696516269482,0.8572932647197365,,55,0.0,0.0
16,4096,swap,p_zero,0.008815193220588234,0.008815193220588156,0.008815193220588305,4.1575958941175044e-17,0.00881519322058822,0.008815193220588217,0.00881519322058814,0.00881519322058832,0.008815193220588201,0.008815193220588243,,0,0.02985,0.0315
16,4096,swap,p_correct,0.49559242137265375,0.49559241905890805,0.49559242367222417,1.1771797300532844e-09,0.49559242149030547,0.49559242170378637,0.4955924182905169,0.4955924239551702,0.4955924207749132,0.4955924221659982,,0,0.02985,0.0315
16,4096,swap,p_correct_given_nonzero,0.5000000181428814,0.5000000158085589,0.5000000204629039,1.187649096808654e-09,0.5000000182615795,0.5000000184769589,0.5000000150333331,0.5000000207483652,0.500000017539825,0.5000000189432815,,0,0.02985,0.0315
16,4096,loschmidt,cond_accurate,0.8559637458332352,0.851990880161477,0.8597707983014697,0.0018979480819208323,0.8559330724569234,0.856025057523678,0.8504139670518441,0.8613349482414806,0.8545619519301776,0.8572293474116184,,0,0.0,0.0
16,16384,loschmidt,p_zero,0.9999675274677178,0.9999633920986483,0.9999712968291545,2.1012696951362944e-06,0.9999667743817721,0.999966576825571,0.9999622791036652,0.9999725970814424,0.9999655204978791,0.9999680585828264,0.9999675274677178,0,0.0,0.0
16,16384,loschmidt,p_correct,2.607466530639572e-05,2.3038925338401825e-05,2.941692598914098e-05,1.74723973388148e-06,2.656116280496481e-05,2.6574973506082733e-05,2.1740654115088587e-05,3.0064465759651776e-05,2.549730538729921e-05,2.7573568667366474e-05,2.607466530639572e-05,0,0.0,0.0
16,16384,loschmidt,p_correct_given_nonzero,0.8585172583738689,0.8543687103482865,0.8626906483650438,0.0020806034891014957,0.8587557812716987,0.8587968700709943,0.853309973515646,0.8645444365282872,0.8573392545078888,0.8601417626433433,0.8585172583738689,40,0.0,0.0
16,16384,swap,p_zero,0.004407697493321221,0.004407697493321112,0.004407697493321327,5.486266582258733e-17,0.004407697493321233,0.004407697493321228,0.0044076974933211525,0.0044076974933213555,0.004407697493321207,0.00440769749332126,0.0044076974933212,0,0.02985,0.0315
16,16384,swap,p_correct,0.49779618721332075,0.4977961824892694,0.4977961921070552,2.415968861044669e-09,0.4977961874556106,0.4977961878884258,0.4977961810554883,0.4977961923842787,0.4977961860242273,0.4977961888071944,0.4977961872133207,0,0.02985,0.0315
16,16384,swap,p_correct_given_nonzero,0.5000000361191851,0.5000000313742191,0.5000000410345851,2.4266648279189953e-09,0.5000000363625475,0.5000000367972786,0.5000000299340913,0.5000000413130355,0.500000034924827,0.5000000377201148,0.5000000361191851,0,0.02985,0.0315
16,16384,loschmidt,cond_accurate,0.8586977240132585,0.8544308807098567,0.8627462820434868,0.002106546669484673,0.8587183437980368,0.8586961249705616,0.8531678650347257,0.8646109737224562,0.8572889648304861,0.8601155446018982,,0,0.0,0.0
16,65536,loschmidt,p_zero,0.9998701174338773,0.9998551830863714,0.9998848301857104,7.985839892370066e-06,0.9998671058141382,0.9998663165639712,0.9998491270105737,0.9998903941554189,0.9998620906110239,0.9998722420953378,,0,0.0,0.0
16,65536,loschmidt,p_correct,0.00010429435641168286,9.253398945905136e-05,0.00011663763561510618,6.613698544089675e-06,0.0001062382017780989,0.00010629023512015445,8.695860226288166e-05,0.00012025131014779614,0.00010198307122661247,0.00011028779246602898,,0,0.0,0.0
16,65536,loschmidt,p_correct_given_nonzero,0.8643034174402169,0.8598791253686844,0.8684555453636604,0.0021322784462926236,0.863276417688296,0.8632560485426186,0.85798216770002,0.8691704902843331,0.8619032288488099,0.8646598901033657,,28,0.0,0.0
16,65536,swap,p_zero,0.0022038613566377806,0.0022038613566376193,0.002203861356637958,8.828095187499944e-17,0.0022038613566378994,0.0022038613566379146,0.002203861356637712,0.00220386135663804,0.0022038613566378595,0.0022038613566379376,,0,0.02985,0.0315
16,65536,swap,p_correct,0.4988981411378257,0.49889813246767095,0.49889814914852826,4.579845191845677e-09,0.49889814170792707,0.49889814264669774,0.4988981289212252,0.4988981515595586,0.49889813884096196,0.49889814441392766,,0,0.02985,0.0315
16,65536,swap,p_correct_given_nonzero,0.5000000719747683,0.5000000632854621,0.5000000800031652,4.589960971482749e-09,0.500000072546129,0.500000073486974,0.5000000597311827,0.5000000824195215,0.5000000696728308,0.5000000752581067,,0,0.02985,0.0315
16,65536,loschmidt,cond_accurate,0.8643483989684514,0.8598817478256212,0.868496853550236,0.0021301558005922803,0.8632430342538824,0.8631795514825312,0.8581361546993407,0.869046783436312,0.8619019322723964,0.8645929375791375,,0,0.0,0.0
18,16,loschmidt,p_zero,0.9999999980529697,0.9999999977605575,0.9999999982848612,1.32852852798188e-10,0.9999999980541047,0.9999999980045535,0.9999999978064198,0.9999999983992344,0.9999999979787072,0.9999999981356664,,0,0.0,0.0
18,16,loschmidt,p_correct,1.5506251160291669e-09,1.351618811039983e-09,1.7539742878879312e-09,9.748848539782273e-11,1.5604954323903496e-09,1.6028495733642619e-09,1.2662349086745118e-09,1.7411020371501232e-09,1.4965597956078082e-09,1.6200365973012563e-09,,0,0.0,0.0
18,16,loschmidt,p_correct_given_nonzero,0.8542002569165354,0.8498730183410705,0.8584079027958175,0.002196384417433188,0.8536179318754018,0.8530159023783241,0.848284321404842,0.8588412899386797,0.8521169298733239,0.8550795112986301,,483,0.0,0.0
18,16,swap,p_zero,0.13994993409141915,0.13994993409141915,0.13994993409141915,2.772084205726463e-17,0.13994993409141912,0.13994993409141915,0.13994993409141915,0.13994993409141915,0.13994993409141912,0.13994993409141912,,0,0.05545,0.0675
18,16,swap,p_correct,0.4300250330179106,0.4300250330095084,0.43002503302878065,4.755263744412552e-12,0.4300250330225005,0.4300250330237092,0.43002503301055367,0.4300250330303896,0.4300250330197108,0.43002503302513917,,0,0.05545,0.0675
18,16,swap,p_correct_given_nonzero,0.5000000000739728,0.5000000000642032,0.5000000000866116,5.529057433751112e-12,0.5000000000793094,0.5000000000807148,0.5000000000654187,0.5000000000884822,0.5000000000760659,0.5000000000823775,,0,0.05545,0.0675
18,16,loschmidt,cond_accurate,0.8532495300674268,0.8493028748423233,0.8578461228873563,0.0021966548867231217,0.8531074455813557,0.8521118289701195,0.847847505813056,0.8586452016384775,0.8516089467176413,0.8545758161592186,,0,0.0,0.0
18,64,loschmidt,p_zero,0.9999999922118785,0.9999999911603704,0.9999999931218335,5.174907109874989e-10,0.9999999922164191,0.9999999920182144,0.9999999912256791,0.9999999935969377,0.999999991914829,0.9999999925426658,0.9999999922118784,0,0.0,0.0
18,64,loschmidt,p_correct,6.202500612250854e-09,5.453635290726582e-09,6.95490633972895e-09,3.7517497266315665e-10,6.241981715473827e-09,6.411398261593966e-09,5.0649395769816e-09,6.9644081540104725e-09,5.986239132189983e-09,6.480146382249441e-09,6.202500612250854e-09,0,0.0,0.0
18,64,loschmidt,p_correct_given_nonzero,0.8544519596609748,0.8497821457830871,0.858419519814631,0.0022262002179189956,0.8536115896715211,0.8530137809148983,0.8482661124873765,0.8588790801852128,0.8521473352810143,0.8550382289111209,0.8544519596609748,355,0.0,0.0
18,64,swap,p_zero,0.07038609217001507,0.07038609217001501,0.07038609217001517,5.235369618418261e-17,0.07038609217001511,0.07038609217001514,0.07038609217001505,0.07038609217001518,0.0703860921700151,0.07038609217001515,0.070386092170015,0,0.05545,0.0675
18,64,swap,p_correct,0.4648069540429801,0.46480695402723265,0.4648069540632574,9.267137315340621e-12,0.4648069540522147,0.46480695405464567,0.46480695402817834,0.46480695406808903,0.4648069540466041,0.46480695405752326,0.4648069540429801,0,0.05545,0.0675
18,64,swap,p_correct_given_nonzero,0.5000000001376779,0.500000000120739,0.5000000001594909,9.968856568733099e-12,0.5000000001476125,0.5000000001502273,0.5000000001217559,0.5000000001646887,0.5000000001415766,0.5000000001533229,0.5000000001376779,0,0.05545,0.0675
18,64,loschmidt,cond_accurate,0.853249530067896,0.849024646063883,0.8574542178165697,0.002224817832296079,0.8531170282759966,0.8521118291606755,0.8478475349307878,0.858645201746857,0.8516193859846112,0.8545832216538967,,0,0.0,0.0
18,256,loschmidt,p_zero,0.9999999688475147,0.9999999647810446,0.9999999725243599,2.051105630383809e-09,0.9999999688656773,0.9999999680728582,0.9999999649027164,0.9999999743877516,0.9999999676593174,0.9999999701706637,,0,0.0,0.0
18,256,loschmidt,p_correct,2.4810001988081657e-08,2.164675446267629e-08,2.76689398059915e-08,1.488644331469157e-09,2.496792648938963e-08,2.5645592703100006e-08,2.0259758140802657e-08,2.7857632148877944e-08,2.3944956186544524e-08,2.592058512474833e-08,,0,0.0,0.0
18,256,loschmidt,p_correct_given_nonzero,0.8541945688615558,0.8497006156715288,0.8583789040238154,0.002230765396419644,0.8534768992152791,0.852768877024137,0.8480476264707377,0.858776873447859,0.8519761710216567,0.8549358190105706,,246,0.0,0.0
18,256,swap,p_zero,0.035244635485838456,0.035244635485838366,0.03524463548583848,2.777942974506971e-17,0.03524463548583847,0.03524463548583848,0.035244635485838435,0.03524463548583853,0.03524463548583846,0.03524463548583849,,0,0.05545,0.0675
18,256,swap,p_correct,0.48237768251336044,0.48237768247952567,0.48237768255307195,1.8258753350978486e-11,0.48237768253191743,0.48237768253682956,0.48237768248379,0.4823776825636913,0.4823776825206826,0.4823776825425431,,0,0.05545,0.0675
18,256,swap,p_correct_given_nonzero,0.5000000002656427,0.5000000002305697,0.5000000003068051,1.8925780674836284e-11,0.5000000002848768,0.500000000289968,0.5000000002349909,0.5000000003178123,0.5000000002732317,0.5000000002958911,,0,0.05545,0.0675
18,256,loschmidt,cond_accurate,0.8532882918703618,0.8490578903466914,0.857586593829072,0.002224618909846834,0.8531508925926033,0.8521198299063079,0.847913027956246,0.8586943235297894,0.8516553747688634,0.8546159850368649,,0,0.0,0.0
18,1024,loschmidt,p_zero,0.999999875390066,0.999999858398387,0.9999998901406544,8.417454289993225e-09,0.9999998754627166,0.9999998722914403,0.9999998596108755,0.9999998975510109,0.999999870637277,0.9999998806826624,0.999999875390066,0,0.0,0.0
18,1024,loschmidt,p_correct,9.924000079962328e-08,8.667449335279686e-08,1.1130732269215571e-07,6.100851101936146e-09,9.987170025559455e-08,1.02582364931408e-07,8.103902924252593e-08,1.1143052204376184e-07,9.577981933803897e-08,1.0368233452227624e-07,9.924000079962329e-08,0,0.0,0.0
18,1024,loschmidt,p_correct_given_nonzero,0.8534941359995292,0.849640114420428,0.8580971741582344,0.0021621028225930704,0.8536980513103692,0.8531477342791418,0.8480646213098362,0.8590193713391276,0.8521988845403154,0.8551351968398836,0.8534941359995292,178,0.0,0.0
18,1024,swap,p_zero,0.017628772404862315,0.017628772404862283,0.017628772404862346,1.7675283750334437e-17,0.01762877240486229,0.01762877240486229,0.017628772404862245,0.017628772404862325,0.017628772404862277,0.0176287724048623,0.0176287724048623,0,0.05545,0.0675
18,1024,swap,p_correct,0.4911856143102423,0.49118561424254414,0.4911856143917481,3.7578810326488407e-11,0.49118561434745234,0.4911856143568266,0.49118561425114887,0.4911856144112454,0.49118561432493774,0.4911856143687402,0.4911856143102423,0,0.05545,0.0675
18,1024,swap,p_correct_given_nonzero,0.5000000005218741,0.5000000004529601,0.5000000006048421,3.825317600551207e-11,0.5000000005597514,0.5000000005692944,0.5000000004617198,0.5000000006246896,0.5000000005368329,0.5000000005814214,0.5000000005218741,0,0.05545,0.0675
18,1024,loschmidt,cond_accurate,0.8534161160659526,0.8494549338250841,0.8580501212579663,0.0021526227756727264,0.8533641689172875,0.8526439706214906,0.8479489064540714,0.8589051982534222,0.8518522102772219,0.8548378130158233,,0,0.0,0.0
18,4096,loschmidt,p_zero,0.9999995015603766,0.9999994337026499,0.9999995594219703,3.33564666193862e-08,0.9999995018509799,0.9999994891658808,0.9999994384436549,0.9999995902041209,0.99999948254923,0.9999995227307562,,0,0.0,0.0
18,4096,loschmidt,p_correct,3.9695989030958107e-07,3.48576323305471e-07,4.4523397718280877e-07,2.4181925982365403e-08,3.9948670938295404e-07,4.1032936363136106e-07,3.2415606348387903e-07,4.457219841644688e-07,3.831191900658735e-07,4.147292422302255e-07,,0,0.0,0.0
18,4096,loschmidt,p_correct_given_nonzero,0.8537406288115431,0.8495267660760585,0.8582375188516226,0.0022148787693751664,0.8539811174813847,0.853323926529191,0.8482494583146442,0.8595215132887501,0.8524647474457436,0.8554473781492887,,124,0.0,0.0
18,4096,swap,p_zero,0.008815193220588994,0.008815193220588994,0.00881519322058901,5.65019552653189e-18,0.008815193220588987,0.008815193220588994,0.00881519322058896,0.008815193220588994,0.008815193220588982,0.008815193220588992,,0,0.05545,0.0675
18,4096,swap,p_correct,0.49559240441489805,0.49559240428704276,0.4955924045883764,7.50255051791612e-11,0.4955924044900749,0.4955924045072748,0.4955924042975281,0.49559240461823195,0.49559240444475733,0.49559240453247516,,0,0.05545,0.0675
18,4096,swap,p_correct_given_nonzero,0.5000000010343104,0.5000000009053183,0.5000000012093315,7.569276121982066e-11,0.5000000011101559,0.5000000011275092,0.5000000009158975,0.5000000012394523,0.5000000010644355,0.5000000011529334,,0,0.05545,0.0675
18,4096,loschmidt,cond_accurate,0.8540409227758335,0.8497779361099695,0.8583765705373485,0.0021880966755114645,0.8539268583477846,0.8533805969369651,0.8483702248273433,0.8594250452798061,0.85241757363528,0.8554043217228752,,0,0.0,0.0
18,16384,loschmidt,p_zero,0.9999980062433114,0.9999977432169813,0.9999982429627059,1.3233843003366511e-07,0.9999980074057369,0.9999979566654338,0.9999977537770648,0.9999983608177235,0.9999979301988724,0.9999980909247246,0.9999980062433114,0,0.0,0.0
18,16384,loschmidt,p_correct,1.5878377539072588e-06,1.3921698794883142e-06,1.7663678737044396e-06,9.404213782626564e-08,1.5979453715068674e-06,1.6413159180164653e-06,1.2966233963103177e-06,1.7828862720154118e-06,1.532475363901051e-06,1.6589154352348281e-06,1.5878377539072588e-06,0,0.0,0.0
18,16384,loschmidt,p_correct_given_nonzero,0.8554670997767744,0.8511112986169125,0.8594441353399845,0.0021440159033346952,0.8551495063542365,0.854481089246999,0.8492643018477617,0.8600962207114102,0.8536251593939117,0.8566278520613736,0.8554670997767744,93,0.0,0.0
18,16384,swap,p_zero,0.004407697493322462,0.0044076974933224,0.004407697493322525,3.2858337700874995e-17,0.0044076974933224475,0.004407697493322434,0.004407697493322364,0.004407697493322548,0.004407697493322424,0.004407697493322471,0.0044076974933224,0,0.05545,0.0675
18,16384,swap,p_correct,0.4977961533043683,0.49779615304453995,0.49779615363539487,1.4834276201865094e-10,0.49779615345332473,0.49779615348851003,0.4977961530666359,0.49779615371080793,0.497796153362929,0.49779615353874235,0.4977961533043683,0,0.05545,0.0675
18,16384,swap,p_correct_given_nonzero,0.5000000020601109,0.5000000017991316,0.500000002392603,1.489995109460359e-10,0.5000000022097262,0.5000000022450666,0.5000000018213252,0.5000000024683496,0.5000000021189303,0.500000002295522,0.5000000020601109,0,0.05545,0.0675
18,16384,loschmidt,cond_accurate,0.8553648022482195,0.8511096434033266,0.8594148994356303,0.0021261690637848878,0.8550725608825458,0.8544173702767921,0.8493166677837537,0.8604402302525265,0.8535374988042841,0.8565758482599325,,0,0.0,0.0
18,65536,loschmidt,p_zero,0.9999920250021225,0.9999909166170237,0.9999929951351606,5.436917445310594e-07,0.9999920296520237,0.99999182669231,0.9999910151473861,0.9999934432907366,0.9999917208267207,0.9999923637260877,,0,0.0,0.0
18,65536,loschmidt,p_correct,6.351322099776192e-06,5.529725939073947e-06,7.1565245298788225e-06,3.96226451705592e-07,6.391758029972908e-06,6.565239087876307e-06,5.186479865081783e-06,7.131518453186656e-06,6.129879114450559e-06,6.635637202163896e-06,,0,0.0,0.0
18,65536,loschmidt,p_correct_given_nonzero,0.8573572179565242,0.8532021260447603,0.8614954342737793,0.002122769041232458,0.857178611737291,0.8565821832198,0.8509787789107494,0.8627098007040552,0.8556111436426671,0.8587063715638503,,66,0.0,0.0
18,65536,swap,p_zero,0.00220386135663997,0.0022038613566398497,0.0022038613566400583,5.492944039808133e-17,0.002203861356640014,0.0022038613566400193,0.002203861356639829,0.0022038613566401494,0.0022038613566399724,0.0022038613566400535,,0,0.05545,0.0675
18,65536,swap,p_correct,0.4988980734065759,0.4988980728762167,0.4988980741013649,3.1255590120955477e-10,0.49889807371471145,0.4988980738001844,0.49889807294949673,0.49889807422341764,0.49889807353778454,0.498898073880614,,0,0.05545,0.0675
18,65536,swap,p_correct_given_nonzero,0.5000000040939183,0.5000000035623879,0.5000000047902423,3.1324611383008087e-10,0.5000000044027353,0.5000000044883972,0.5000000036358314,0.5000000049125642,0.5000000042254178,0.5000000045690037,,0,0.05545,0.0675
18,65536,loschmidt,cond_accurate,0.8574653110161041,0.8532508503550592,0.8618285204431174,0.0021167146786890776,0.8570442795184544,0.8565092252143292,0.8512863871619507,0.8626641025051038,0.8555259207955425,0.8585434963342589,,0,0.0,0.0
20,16,loschmidt,p_zero,0.9999999998875614,0.999999999870629,0.9999999999033733,8.425669608409412e-12,0.9999999998837646,0.9999999998839022,0.9999999998638252,0.9999999999010925,0.9999999998792447,0.9999999998884074,,0,0.0,0.0
20,16,loschmidt,p_correct,8.998801703796744e-11,7.88099257922789e-11,1.0309980501142688e-10,5.9829634514890484e-12,9.315780097447078e-11,9.325000122043483e-11,7.929266661484037e-11,1.0941647580321485e-10,8.961703588058267e-11,9.661626947997301e-11,,0,0.0,0.0
20,16,loschmidt,p_correct_given_nonzero,0.8536415091707437,0.8500904035856341,0.857270110889617,0.0018013081765910917,0.8559521014009978,0.855746921082191,0.8516703415148708,0.8602284266364582,0.8547361430396619,0.8571549922450125,,1064,0.0,0.0
20,16,swap,p_zero,0.13994993409141926,0.13994993409141923,0.13994993409141926,4.9818055840373954e-17,0.1399499340914193,0.13994993409141926,0.13994993409141926,0.13994993409141926,0.1399499340914193,0.1399499340914193,,0,0.1134,0.1179
20,16,swap,p_correct,0.43002503295810457,0.43002503295765204,0.43002503295866135,2.680180852734788e-13,0.4300250329582881,0.4300250329582231,0.4300250329577306,0.4300250329590021,0.4300250329581293,0.4300250329584501,,0,0.1134,0.1179
20,16,swap,p_correct_given_nonzero,0.5000000000044348,0.5000000000039088,0.5000000000050822,3.1163178911052593e-13,0.5000000000046483,0.5000000000045728,0.5000000000039999,0.5000000000054783,0.5000000000044635,0.5000000000048367,,0,0.1134,0.1179
20,16,loschmidt,cond_accurate,0.8526649285508732,0.8490522099041539,0.8557413959614463,0.0016211645034640326,0.8546421959340289,0.854692033087917,0.8493749130411786,0.859089463898825,0.8533630622837722,0.8558578834664918,,0,0.0,0.0
20,64,loschmidt,p_zero,0.9999999995502455,0.9999999994786817,0.9999999996116827,3.384241106400567e-11,0.9999999995350581,0.9999999995356088,0.9999999994553004,0.99999999960437,0.9999999995169783,0.9999999995536294,0.9999999995502457,0,0.0,0.0
20,64,loschmidt,p_correct,3.5995190161841606e-10,3.161239246379115e-10,4.1380418474052356e-10,2.3905950612708745e-11,3.726312066280342e-10,3.7300006036554126e-10,3.171706927797358e-10,4.3766585034654057e-10,3.5846819115125313e-10,3.8646512393062386e-10,3.5995190161841606e-10,0,0.0,0.0
20,64,loschmidt,p_correct_given_nonzero,0.8537168997976599,0.8508502632658921,0.857860168191962,0.001789913885295428,0.855537166809612,0.855311784640173,0.8514849841599735,0.8604798931900536,0.8543769541877366,0.8567009909728057,0.8537168997976599,809,0.0,0.0
20,64,swap,p_zero,0.07038609217001539,0.07038609217001539,0.07038609217001539,2.8057660182682174e-17,0.07038609217001542,0.07038609217001539,0.07038609217001539,0.07038609217001543,0.0703860921700154,0.07038609217001542,0.0703860921700153,0,0.1134,0.1179
20,64,swap,p_correct,0.46480695392266713,0.4648069539217926,0.464806953923825,5.309375032195412e-13,0.46480695392303495,0.46480695392290616,0.4648069539219154,0.4648069539244639,0.4648069539227156,0.4648069539233595,0.4648069539226671,0,0.1134,0.1179
20,64,swap,p_correct_given_nonzero,0.5000000000082567,0.5000000000073154,0.5000000000095023,5.711348279423636e-13,0.5000000000086513,0.5000000000085123,0.5000000000074472,0.5000000000101881,0.5000000000083077,0.5000000000090005,0.5000000000082567,0,0.1134,0.1179
20,64,loschmidt,cond_accurate,0.8526649285508732,0.8491236356684674,0.8562701406272094,0.0016658354475394663,0.8546442966897561,0.8546920370809657,0.8493749130421782,0.8590894642512229,0.8533649559804968,0.8558613273123278,,0,0.0,0.0
20,256,loschmidt,p_zero,0.9999999982009824,0.9999999978998051,0.9999999984509779,1.3662832958119114e-10,0.999999998140232,0.9999999981424355,0.9999999978212013,0.99999999841748,0.9999999980679132,0.999999998214518,,0,0.0,0.0
20,256,loschmidt,p_correct,1.4398077174959667e-09,1.2614428197203185e-09,1.665453246146863e-09,9.673056100643241e-11,1.4905247952545002e-09,1.4920002132689985e-09,1.2686827176245889e-09,1.7506634520301573e-09,1.433872714539629e-09,1.5458604446766903e-09,,0,0.0,0.0
20,256,loschmidt,p_correct_given_nonzero,0.8536557351810159,0.8505654182459004,0.8572992530545304,0.0017708091985456545,0.8554696969579976,0.8553314391542046,0.8510612339447434,0.8602055127467264,0.8542769967029896,0.8566356925765354,,601,0.0,0.0
20,256,swap,p_zero,0.03524463548583907,0.035244635485839004,0.0352446354858391,3.6275330225069175e-17,0.03524463548583906,0.03524463548583907,0.035244635485838914,0.03524463548583913,0.03524463548583903,0.035244635485839095,,0,0.1134,0.1179
20,256,swap,p_correct,0.4823776822724445,0.48237768227068933,0.4823776822748088,1.0862970107153833e-12,0.4823776822731888,0.48237768227293937,0.48237768227090017,0.48237768227605743,0.48237768227254507,0.48237768227384226,,0,0.1134,0.1179
20,256,swap,p_correct_given_nonzero,0.500000000015924,0.5000000000141054,0.5000000000183752,1.1260709791798246e-12,0.5000000000166969,0.5000000000164384,0.5000000000143235,0.5000000000196696,0.5000000000160296,0.500000000017374,,0,0.1134,0.1179
20,256,loschmidt,cond_accurate,0.8526649285508732,0.8489606428601307,0.8558745471802602,0.0016560411829376074,0.8546503203087573,0.8546920530531606,0.8493749130461768,0.859089465660814,0.853370763405366,0.8558713622015929,,0,0.0,0.0
20,1024,loschmidt,p_zero,0.9999999928039296,0.9999999916153329,0.9999999937900431,5.565243980602198e-10,0.9999999925609278,0.9999999925697418,0.9999999912848054,0.9999999936699198,0.9999999922716519,0.9999999928580718,0.9999999928039296,0,0.0,0.0
20,1024,loschmidt,p_correct,5.759230758961564e-09,5.069516073032819e-09,6.6716838276192896e-09,3.9706718935346426e-10,5.962099177720616e-09,5.968000873830109e-09,5.074730858358185e-09,7.002653827390657e-09,5.7354908498116235e-09,6.183441779514367e-09,5.759230758961564e-09,0,0.0,0.0
20,1024,loschmidt,p_correct_given_nonzero,0.8532564093462586,0.849637972102811,0.8571428571428571,0.0017972107436500279,0.8552674530633521,0.8554432179743912,0.8504707221483753,0.8603572702839333,0.854010096623898,0.8565059918062974,0.8532564093462586,435,0.0,0.0
20,1024,swap,p_zero,0.017628772404862394,0.017628772404862377,0.017628772404862426,1.4974920364699954e-17,0.0176287724048624,0.01762877240486241,0.017628772404862394,0.017628772404862426,0.017628772404862398,0.017628772404862415,0.0176287724048623,0,0.1134,0.1179
20,1024,swap,p_correct,0.4911856138283357,0.49118561382479503,0.4911856138333722,2.2329770338608895e-12,0.491185613829733,0.4911856138293501,0.4911856138251974,0.4911856138354322,0.49118561382845755,0.4911856138310361,0.4911856138283357,0,0.1134,0.1179
20,1024,swap,p_correct_given_nonzero,0.5000000000313193,0.5000000000277147,0.5000000000364461,2.2729999717271005e-12,0.5000000000327418,0.500000000032352,0.5000000000281244,0.5000000000385432,0.5000000000314433,0.5000000000340682,0.5000000000313193,0,0.1134,0.1179
20,1024,loschmidt,cond_accurate,0.8526649285508733,0.848952705914564,0.8562654743390158,0.0017175341276383677,0.8547203564767448,0.85480849723317,0.8493933152471858,0.859205042330977,0.8534258719429239,0.8559476969944669,,0,0.0,0.0
20,4096,loschmidt,p_zero,0.9999999712157186,0.9999999665967452,0.9999999753109519,2.2447689416159355e-09,0.9999999702437116,0.9999999702789677,0.9999999651392222,0.9999999746796795,0.9999999690866077,0.9999999714322878,,0,0.0,0.0
20,4096,loschmidt,p_correct,2.30369227582905e-08,2.021542948167371e-08,2.6455998058949604e-08,1.5827182244839524e-09,2.3848396347261826e-08,2.3872003216763544e-08,2.0298923212822197e-08,2.801061461590669e-08,2.294196304240258e-08,2.4733766667530357e-08,,0,0.0,0.0
20,4096,loschmidt,p_correct_given_nonzero,0.8535190008212751,0.8499045296129834,0.8575539643568885,0.001811916575692621,0.8552089507157878,0.8553130245881011,0.8503862099736306,0.8594459886430044,0.8539959675409275,0.8563707805995737,,313,0.0,0.0
20,4096,swap,p_zero,0.008815193220589355,0.008815193220589355,0.008815193220589355,3.470314639087839e-18,0.008815193220589355,0.008815193220589355,0.008815193220589355,0.008815193220589355,0.008815193220589355,0.008815193220589355,,0,0.1134,0.1179
20,4096,swap,p_correct,0.49559240345227523,0.49559240344433114,0.49559240346188466,4.447736209681635e-12,0.4955924034542572,0.4955924034531429,0.4955924034454883,0.49559240346596145,0.4955924034517334,0.4955924034568957,,0,0.1134,0.1179
20,4096,swap,p_correct_given_nonzero,0.5000000000631264,0.5000000000551109,0.5000000000728217,4.487281524722025e-12,0.5000000000651262,0.5000000000640024,0.5000000000562796,0.5000000000769348,0.5000000000625798,0.500000000067788,,0,0.1134,0.1179
20,4096,loschmidt,cond_accurate,0.8527525728101382,0.8489485256607826,0.8562656971063123,0.0017162852222316262,0.8548926331984621,0.8549792005014907,0.8496429911510259,0.8594664651683737,0.8535796133532745,0.8561280326460406,,0,0.0,0.0
20,16384,loschmidt,p_zero,0.9999998848628815,0.9999998654541513,0.9999999008527032,8.948484635484835e-09,0.9999998809748532,0.9999998811158771,0.9999998605568976,0.9999998987187224,0.9999998763464378,0.9999998857291573,0.9999998848628816,0,0.0,0.0
20,16384,loschmidt,p_correct,9.214768548204688e-08,8.080825336252083e-08,1.0675761231149215e-07,6.384618925597273e-09,9.539357977650899e-08,9.548800788278822e-08,8.11956886886933e-08,1.1204244876262669e-07,9.176784664676429e-08,9.8935059819319e-08,9.214768548204688e-08,0,0.0,0.0
20,16384,loschmidt,p_correct_given_nonzero,0.8536452032347023,0.8507970151935286,0.857372813524279,0.0017491207203672093,0.855538037610596,0.8556111588934399,0.8504613807356357,0.8606787730497325,0.8542361850705152,0.8567987708773066,0.8536452032347023,233,0.0,0.0
20,16384,swap,p_zero,0.004407697493323081,0.004407697493323069,0.004407697493323081,3.534092080018797e-18,0.0044076974933230754,0.004407697493323081,0.004407697493323054,0.004407697493323081,0.004407697493323071,0.004407697493323079,0.004407697493323,0,0.1134,0.1179
20,16384,swap,p_correct,0.4977961513774253,0.49779615136139277,0.4977961513969191,9.083420732422543e-12,0.4977961513821829,0.4977961513805188,0.49779615136358923,0.49779615140541505,0.49779615137694466,0.49779615138757377,0.4977961513774253,0,0.1134,0.1179
20,16384,swap,p_correct_given_nonzero,0.5000000001246372,0.5000000001085333,0.5000000001442154,9.123560367534731e-12,0.5000000001294151,0.5000000001277437,0.5000000001107399,0.5000000001527498,0.5000000001241538,0.5000000001348298,0.5000000001246372,0,0.1134,0.1179
20,16384,loschmidt,cond_accurate,0.8529852027134628,0.849586808720792,0.8566372696166185,0.0016794994017838248,0.8552841918544141,0.855222836291698,0.8500278552831183,0.8601824967367363,0.85396492868057,0.856541622530567,,0,0.0,0.0
20,65536,loschmidt,p_zero,0.9999995394516344,0.9999994610002341,0.9999996034810904,3.60035636298621e-08,0.9999995238995194,0.9999995244636126,0.9999994422277318,0.9999995948749586,0.9999995053858701,0.9999995429167303,,0,0.0,0.0
20,65536,loschmidt,p_correct,3.685906516670556e-07,3.2187603091185624e-07,4.2794509006626735e-07,2.5655965802278218e-08,3.8157422892518416e-07,3.8195195095023553e-07,3.247826891816022e-07,4.4816964012460187e-07,3.6707129811925315e-07,3.957401289285199e-07,,0,0.0,0.0
20,65536,loschmidt,p_correct_given_nonzero,0.8540859116775819,0.8511939289780839,0.858245300059693,0.0018690670028706456,0.856257154465637,0.8560854628813731,0.8514654438415156,0.8617408925564444,0.8550210415091537,0.8575109078517713,,161,0.0,0.0
20,65536,swap,p_zero,0.002203861356641249,0.002203861356641154,0.002203861356641258,3.186014600349328e-17,0.0022038613566412206,0.002203861356641241,0.002203861356641106,0.002203861356641258,0.002203861356641198,0.00220386135664124,,0,0.1134,0.1179
20,65536,swap,p_correct,0.4988980696037636,0.4988980695751337,0.4988980696365555,1.6120192383973475e-11,0.49889806961058064,0.4988980696117764,0.49889806957767474,0.49889806964450817,0.4988980696019233,0.49889806961901023,,0,0.1134,0.1179
20,65536,swap,p_correct_given_nonzero,0.500000000282705,0.500000000254013,0.5000000003155695,1.6155827992439735e-11,0.5000000002895401,0.5000000002907407,0.5000000002565609,0.5000000003235415,0.5000000002808637,0.5000000002979876,,0,0.1134,0.1179
20,65536,loschmidt,cond_accurate,0.8535988559644643,0.8504352722243134,0.8575999047936598,0.0017622802940909551,0.856032754233469,0.8558375205204094,0.8507440853877872,0.8614930414393338,0.8546945808506838,0.8573137350857303,,0,0.0,0.0
22,16,loschmidt,p_zero,0.999999999993124,0.9999999999920592,0.9999999999940199,4.970841525602107e-13,0.9999999999922714,0.9999999999922654,0.9999999999908288,0.9999999999938934,0.9999999999918872,0.9999999999926507,,0,0.0,0.0
22,16,loschmidt,p_correct,5.457467810998651e-12,4.817878796960819e-12,6.381090311305384e-12,3.9160759311934073e-13,6.193118498718271e-12,6.1825814977607936e-12,4.904413010013666e-12,7.257967702494061e-12,5.8857806012392175e-12,6.499877203867714e-12,,0,0.0,0.0
22,16,loschmidt,p_correct_given_nonzero,0.8571428571428571,0.852863234270194,0.8606452228606709,0.001897622402488346,0.8557349166848157,0.8561173694946054,0.8515848443565434,0.859204957249106,0.8547004992585088,0.8567314678067625,,2020,0.0,0.0
22,16,swap,p_zero,0.1399499340914193,0.1399499340914193,0.1399499340914193,2.8858331961947775e-17,0.13994993409141931,0.1399499340914193,0.1399499340914193,0.1399499340914193,0.13994993409141931,0.13994993409141931,,0,0.1935,0.1953
22,16,swap,p_correct,0.43002503295453076,0.43002503295449807,0.4300250329545636,1.753547660583357e-14,0.43002503295455907,0.43002503295456646,0.43002503295450323,0.43002503295460753,0.43002503295454614,0.43002503295457195,,0,0.1935,0.1953
22,16,swap,p_correct_given_nonzero,0.5000000000002794,0.5000000000002415,0.5000000000003176,2.0388159735666634e-14,0.5000000000003124,0.500000000000321,0.5000000000002476,0.5000000000003688,0.5000000000002973,0.5000000000003275,,0,0.1935,0.1953
22,16,loschmidt,cond_accurate,0.8555990662317381,0.85189780030488,0.8595321168208377,0.001985542788130592,0.8534621347567851,0.8536601124426504,0.8491401200955832,0.8569218295168438,0.8523865253398345,0.8545248755255357,,0,0.0,0.0
22,64,loschmidt,p_zero,0.9999999999724958,0.9999999999675064,0.9999999999758978,2.0925535821684082e-12,0.9999999999690861,0.9999999999690616,0.9999999999633152,0.9999999999755739,0.9999999999675492,0.9999999999706026,,0,0.0,0.0
22,64,loschmidt,p_correct,2.182976022169214e-11,1.9305511184294793e-11,2.587420749736435e-11,1.6687055745202239e-12,2.4772500377426543e-11,2.4730256750867702e-11,1.961768395883894e-11,2.9031873585205937e-11,2.3543115723307674e-11,2.599953958961726e-11,,0,0.0,0.0
22,64,loschmidt,p_correct_given_nonzero,0.8571428571428571,0.8529732093593448,0.8607263878875165,0.001914285551301083,0.855321803327789,0.8557322329541766,0.8506822974537614,0.8587975895290425,0.8541733639069945,0.8564377676812543,,1583,0.0,0.0
22,64,swap,p_zero,0.07038609217001576,0.07038609217001576,0.07038609217001579,2.3234009200132466e-17,0.07038609217001575,0.07038609217001576,0.07038609217001576,0.07038609217001576,0.07038609217001575,0.07038609217001575,,0,0.1935,0.1953
22,64,swap,p_correct,0.4648069539154763,0.4648069539154119,0.46480695391555443,3.742017944110523e-14,0.4648069539155335,0.4648069539155469,0.4648069539154209,0.46480695391563026,0.46480695391550747,0.46480695391555954,,0,0.1935,0.1953
22,64,swap,p_correct_given_nonzero,0.5000000000005214,0.500000000000451,0.500000000000605,4.0258721570873905e-14,0.5000000000005822,0.5000000000005964,0.5000000000004609,0.5000000000006861,0.500000000000554,0.5000000000006101,,0,0.1935,0.1953
22,64,loschmidt,cond_accurate,0.8555990662318722,0.8518155116276501,0.8595081793806865,0.0019787101789014378,0.8534639998107829,0.8536601124515362,0.8491401207448885,0.8569218296623576,0.8523885925797637,0.8545274386413125,,0,0.0,0.0
22,256,loschmidt,p_zero,0.9999999998899831,0.9999999998721641,0.9999999999032623,8.08664852200464e-12,0.999999999876344,0.9999999998762468,0.9999999998532606,0.9999999999022954,0.9999999998701964,0.9999999998824104,,0,0.0,0.0
22,256,loschmidt,p_correct,8.731909639791979e-11,7.74845152706467e-11,1.0328924941795326e-10,6.468839520012867e-12,9.908997652718669e-11,9.892102699761494e-11,7.847070946551612e-11,1.161274443755415e-10,9.41724246574179e-11,1.0399814746087137e-10,,0,0.0,0.0
22,256,loschmidt,p_correct_given_nonzero,0.8566068023123721,0.8525616690313582,0.8603012035911178,0.001945862759481061,0.8545747376371959,0.8547884926726937,0.8499670455058245,0.8581254452603082,0.8534722925591042,0.8556546862030981,,1243,0.0,0.0
22,256,swap,p_zero,0.03524463548583982,0.03524463548583968,0.03524463548583982,4.63000322218784e-17,0.035244635485839684,0.03524463548583968,0.03524463548583962,0.0352446354858398,0.03524463548583966,0.035244635485839705,,0,0.1935,0.1953
22,256,swap,p_correct,0.4823776822580459,0.48237768225791744,0.4823776822582006,7.146935197917311e-14,0.48237768225816635,0.48237768225819255,0.4823776822579436,0.48237768225836325,0.48237768225811417,0.4823776822582184,,0,0.1935,0.1953
22,256,swap,p_correct_given_nonzero,0.5000000000010003,0.5000000000008672,0.500000000001162,7.409127050264564e-14,0.5000000000011253,0.5000000000011523,0.5000000000008945,0.5000000000013292,0.5000000000010709,0.5000000000011793,,0,0.1935,0.1953
22,256,loschmidt,cond_accurate,0.8556220704746409,0.8518248580150465,0.8596160222494841,0.0020275171623450553,0.8534640027946159,0.8536601124870772,0.8491401233421098,0.8569218302444126,0.8523885934193908,0.8545274443261717,,0,0.0,0.0
22,1024,loschmidt,p_zero,0.9999999995599325,0.9999999994891955,0.999999999613765,3.21793070749967e-11,0.9999999995053759,0.9999999995049869,0.9999999994130426,0.9999999996091815,0.9999999994807862,0.9999999995296417,,0,0.0,0.0
22,1024,loschmidt,p_correct,3.4927649661398164e-10,3.094230893013684e-10,4.1168300061692215e-10,2.5473554583442113e-11,3.963598783131487e-10,3.9568410789676697e-10,3.138828697482905e-10,4.6450975105043155e-10,3.7668970414066806e-10,4.1599256903964496e-10,,0,0.0,0.0
22,1024,loschmidt,p_correct_given_nonzero,0.8565968618332496,0.8526158680932617,0.8602601345021096,0.001938345958880002,0.8545264753110725,0.8544552914770899,0.8494484552053521,0.8576215675472794,0.8534114508443436,0.8555873852541974,,968,0.0,0.0
22,1024,swap,p_zero,0.017628772404862332,0.0176287724048623,0.017628772404862363,1.6959154601173167e-17,0.017628772404862356,0.017628772404862363,0.017628772404862332,0.017628772404862394,0.01762877240486235,0.01762877240486237,,0,0.1935,0.1953
22,1024,swap,p_correct,0.49118561379962483,0.49118561379932024,0.49118561379989967,1.4825690829774987e-13,0.4911856137997829,0.49118561379981285,0.49118561379931813,0.49118561380015885,0.49118561379967857,0.4911856137998858,,0,0.1935,0.1953
22,1024,swap,p_correct_given_nonzero,0.5000000000020934,0.5000000000017826,0.500000000002373,1.509551691169447e-13,0.5000000000022542,0.5000000000022846,0.5000000000017811,0.5000000000026369,0.500000000002148,0.5000000000023588,,0,0.1935,0.1953
22,1024,loschmidt,cond_accurate,0.855647011002937,0.8518305517815512,0.8593919885797238,0.001979113503971838,0.853488904211576,0.8536601126292426,0.849140133730995,0.8569218325726321,0.8524088242803156,0.8545538268100549,,0,0.0,0.0
22,4096,loschmidt,p_zero,0.9999999982397296,0.9999999979233326,0.9999999984550009,1.3296776801533612e-10,0.9999999980215037,0.9999999980199474,0.9999999976521705,0.999999998436726,0.999999997923145,0.9999999981185674,,0,0.0,0.0
22,4096,loschmidt,p_correct,1.3971059864559265e-09,1.2323237188365086e-09,1.6631418916026315e-09,1.0588131371780133e-10,1.5854395237144642e-09,1.5827364300879763e-09,1.2555314521023887e-09,1.858039058369875e-09,1.5067588129370488e-09,1.6639702410450654e-09,,0,0.0,0.0
22,4096,loschmidt,p_correct_given_nonzero,0.856934482894768,0.8527105184592026,0.8605469536941802,0.0018883250124603532,0.8543269526406541,0.8543821746176872,0.8495014960118822,0.8575788079794102,0.853210127171529,0.8554139595383996,,753,0.0,0.0
22,4096,swap,p_zero,0.008815193220589355,0.008815193220589355,0.008815193220589355,3.470314639087839e-18,0.008815193220589355,0.008815193220589355,0.008815193220589355,0.008815193220589355,0.008815193220589355,0.008815193220589355,,0,0.1935,0.1953
22,4096,swap,p_correct,0.4955924033969751,0.49559240339668315,0.4955924033973541,1.7062160826023713e-13,0.49559240339718924,0.49559240339719357,0.49559240339664024,0.4955924033975837,0.4955924033970628,0.49559240339731236,,0,0.1935,0.1953
22,4096,swap,p_correct_given_nonzero,0.5000000000073341,0.5000000000070409,0.5000000000077169,1.7209052006766007e-13,0.5000000000075505,0.5000000000075546,0.500000000006997,0.5000000000079481,0.5000000000074231,0.5000000000076746,,0,0.1935,0.1953
22,4096,loschmidt,cond_accurate,0.8557393431567073,0.8518290359763796,0.859658123971566,0.002009091033676003,0.8535402637182647,0.853709254797342,0.849173738195358,0.8569218418855107,0.8524653925677799,0.854597990671745,,0,0.0,0.0
22,16384,loschmidt,p_zero,0.9999999929589183,0.9999999918749142,0.9999999938858121,5.174619373147726e-10,0.9999999920860156,0.99999999207979,0.9999999906086822,0.9999999937469041,0.9999999916925795,0.9999999924742697,,0,0.0,0.0
22,16384,loschmidt,p_correct,5.588423945823706e-09,4.934998494507281e-09,6.534236456414324e-09,4.095339869333607e-10,6.341758065183185e-09,6.3309456963664816e-09,5.0221257153874385e-09,7.432156127336931e-09,6.027035210738527e-09,6.6558809600429564e-09,,0,0.0,0.0
22,16384,loschmidt,p_correct_given_nonzero,0.8568124666676278,0.8525264698266081,0.8603903708323712,0.0019170074055938073,0.8542544599238294,0.8545974097596246,0.8499531938534068,0.8576919760088779,0.8531790116808041,0.8553085624383928,,590,0.0,0.0
22,16384,swap,p_zero,0.004407697493323081,0.004407697493323081,0.004407697493323081,8.675786597719598e-19,0.004407697493323081,0.004407697493323081,0.004407697493323081,0.004407697493323081,0.004407697493323081,0.004407697493323081,,0,0.1935,0.1953
22,16384,swap,p_correct,0.4977961512627625,0.4977961512620382,0.49779615126385945,4.805050587213103e-13,0.49779615126349575,0.49779615126344673,0.49779615126203935,0.4977961512648485,0.4977961512631547,0.4977961512638309,,0,0.1935,0.1953
22,16384,swap,p_correct_given_nonzero,0.5000000000094664,0.5000000000087369,0.5000000000105679,4.826334724356011e-13,0.5000000000102022,0.500000000010153,0.5000000000087386,0.500000000011561,0.5000000000098594,0.5000000000105387,,0,0.1935,0.1953
22,16384,loschmidt,cond_accurate,0.8559183457761332,0.8518488305864225,0.8596075602624895,0.001990293015676809,0.8536571298261659,0.8538272790047371,0.8493417760974651,0.8572992441665997,0.8525838832635456,0.8547283118661891,,0,0.0,0.0
22,65536,loschmidt,p_zero,0.9999999718356731,0.9999999674042733,0.9999999753409787,2.0234363696167837e-09,0.9999999683440622,0.9999999683191607,0.9999999624347296,0.9999999749876164,0.9999999667703193,0.9999999698970797,,0,0.0,0.0
22,65536,loschmidt,p_correct,2.235369550573907e-08,1.978999771275335e-08,2.614957800614653e-08,1.6000246075281875e-09,2.536703184422474e-08,2.5323782401699084e-08,2.0088502648564663e-08,2.9728623811655402e-08,2.4108140414186993e-08,2.6623523417454567e-08,,0,0.0,0.0
22,65536,loschmidt,p_correct_given_nonzero,0.8566068489154053,0.852661820365245,0.8603070373590465,0.001938807920460697,0.8544173855797697,0.8547182731368379,0.8498423777922407,0.857654862562836,0.8533152374048402,0.8554888799002792,,443,0.0,0.0
22,65536,swap,p_zero,0.002203861356641258,0.002203861356641258,0.002203861356641258,8.675786597719598e-19,0.0022038613566412583,0.002203861356641258,0.002203861356641258,0.002203861356641258,0.0022038613566412583,0.0022038613566412583,,0,0.1935,0.1953
22,65536,swap,p_correct,0.49889806944885323,0.49889806944862286,0.49889806944916565,1.2735973160580148e-13,0.4988980694491937,0.4988980694491576,0.49889806944869197,0.4988980694497581,0.49889806944907467,0.49889806944931847,,0,0.1935,0.1953
22,65536,swap,p_correct_given_nonzero,0.5000000001274527,0.5000000001272231,0.5000000001277661,1.2751273084274682e-13,0.5000000001277949,0.5000000001277588,0.5000000001272931,0.5000000001283611,0.5000000001276759,0.5000000001279201,,0,0.1935,0.1953
22,65536,loschmidt,cond_accurate,0.8561393725832678,0.8522750990010625,0.8599042258766192,0.0019805288831168653,0.8539590556070686,0.8541878998689705,0.849521847732301,0.8575325210545824,0.8528516238023466,0.8550484390120119,,0,0.0,0.0
24,16,loschmidt,p_zero,0.9999999999994964,0.999999999999409,0.9999999999995668,4.0184188926770644e-14,0.9999999999995282,0.9999999999995368,0.9999999999994068,0.9999999999995933,0.999999999999503,0.9999999999995502,,0,0.0,0.0
24,16,loschmidt,p_correct,4.093452400223649e-13,3.560485239972877e-13,4.700674662830378e-13,3.0670769233765743e-14,3.810716181787159e-13,3.713318092922464e-13,3.23551510447992e-13,4.856364952922195e-13,3.6204516523026647e-13,4.0279208567996363e-13,,0,0.0,0.0
24,16,loschmidt,p_correct_given_nonzero,0.8545249821112406,0.8494842482645851,0.8582907728036298,0.0022056528211592276,0.8555011728889624,0.8562280678828093,0.8513521778629476,0.8607554615676888,0.8542028814718866,0.8568460065590658,,3324,0.0,0.0
24,16,swap,p_zero,0.13994993409141934,0.13994993409141934,0.13994993409141934,2.7762517112702714e-17,0.13994993409141937,0.13994993409141934,0.13994993409141934,0.13994993409141934,0.13994993409141937,0.13994993409141937,,0,0.2858,0.2933
24,16,swap,p_correct,0.43002503295430794,0.4300250329543056,0.43002503295431116,1.322274801835184e-15,0.4300250329543071,0.4300250329543066,0.43002503295430433,0.43002503295431166,0.43002503295430616,0.4300250329543081,,0,0.2858,0.2933
24,16,swap,p_correct_given_nonzero,0.5000000000000204,0.5000000000000178,0.5000000000000241,1.5365874818389232e-15,0.5000000000000194,0.5000000000000188,0.5000000000000162,0.5000000000000249,0.5000000000000183,0.5000000000000207,,0,0.2858,0.2933
24,16,loschmidt,cond_accurate,0.8517165281855007,0.8478280696246776,0.8553390050822309,0.0019988186194904935,0.8531027883844159,0.8524964055616413,0.8491612859779065,0.8582202696318483,0.8519921254734596,0.854332051455814,,0,0.0,0.0
24,64,loschmidt,p_zero,0.9999999999979856,0.9999999999976521,0.9999999999982729,1.5851461177210462e-13,0.9999999999981135,0.9999999999981474,0.9999999999976273,0.9999999999983735,0.9999999999980125,0.9999999999982008,,0,0.0,0.0
24,64,loschmidt,p_correct,1.6373254489375827e-12,1.407651772922236e-12,1.8646206330573145e-12,1.2111029694543154e-13,1.524292023829376e-12,1.4852994815929022e-12,1.294261552943048e-12,1.9425196133706006e-12,1.448222010806531e-12,1.6111707713318881e-12,,0,0.0,0.0
24,64,loschmidt,p_correct_given_nonzero,0.8539534017226484,0.8492396686863058,0.8574515267920659,0.0020711904460069047,0.8551111857446075,0.8552312147471175,0.8506222572790446,0.8603030592181425,0.8538351852651908,0.8564491953035831,,2695,0.0,0.0
24,64,swap,p_zero,0.07038609217001596,0.07038609217001596,0.07038609217001596,2.7558755960588582e-17,0.07038609217001594,0.07038609217001596,0.07038609217001596,0.07038609217001596,0.07038609217001594,0.07038609217001594,,0,0.2858,0.2933
24,64,swap,p_correct,0.4648069539150286,0.4648069539150238,0.46480695391503424,2.6379978237177956e-15,0.46480695391502624,0.4648069539150252,0.4648069539150215,0.464806953915035,0.4648069539150247,0.4648069539150283,,0,0.2858,0.2933
24,64,swap,p_correct_given_nonzero,0.5000000000000389,0.5000000000000336,0.5000000000000451,2.8716149879375745e-15,0.5000000000000366,0.5000000000000354,0.5000000000000315,0.5000000000000459,0.5000000000000349,0.5000000000000387,,0,0.2858,0.2933
24,64,loschmidt,cond_accurate,0.8517165296070833,0.8478813272974949,0.8551166510142397,0.0019210945715419428,0.8531028007447553,0.8524964056826357,0.8491612859779138,0.8582202699109698,0.8519921320150108,0.8543320819696717,,0,0.0,0.0
24,256,loschmidt,p_zero,0.9999999999919422,0.9999999999905893,0.9999999999930956,6.39606922855495e-13,0.999999999992454,0.9999999999925897,0.999999999990509,0.9999999999934942,0.9999999999920497,0.9999999999928028,,0,0.0,0.0
24,256,loschmidt,p_correct,6.5494683291937195e-12,5.656104829992172e-12,7.51908956780627e-12,4.912580623769394e-13,6.097143115289678e-12,5.941170170788509e-12,5.1770781306817155e-12,7.770052085662485e-12,5.7928600100866356e-12,6.4446603257422115e-12,,0,0.0,0.0
24,256,loschmidt,p_correct_given_nonzero,0.8537383519666291,0.8493562334482364,0.8574852852037604,0.0020663231395246224,0.854362158775346,0.8548143704734871,0.8502251684811946,0.859059780561413,0.8531102974360322,0.8556441375185181,,2136,0.0,0.0
24,256,swap,p_zero,0.03524463548583982,0.03524463548583982,0.03524463548583982,6.940629278175679e-18,0.035244635485839816,0.03524463548583982,0.03524463548583982,0.03524463548583982,0.035244635485839816,0.035244635485839816,,0,0.2858,0.2933
24,256,swap,p_correct,0.4823776822571634,0.48237768225715427,0.4823776822571719,4.635882004268407e-15,0.48237768225715927,0.4823776822571574,0.48237768225715355,0.48237768225717537,0.4823776822571567,0.48237768225716254,,0,0.2858,0.2933
24,256,swap,p_correct_given_nonzero,0.5000000000000855,0.5000000000000784,0.5000000000000958,4.805625473048884e-15,0.5000000000000826,0.5000000000000799,0.5000000000000757,0.500000000000099,0.5000000000000799,0.5000000000000859,,0,0.2858,0.2933
24,256,loschmidt,cond_accurate,0.8517165352934125,0.8479340603746828,0.8552029190565711,0.0019149514122613679,0.8531039036847184,0.8524964061666136,0.8491612859779423,0.8582202710274561,0.8519949229382203,0.8543322040248761,,0,0.0,0.0
24,1024,loschmidt,p_zero,0.9999999999677687,0.9999999999622835,0.9999999999725979,2.59428599734588e-12,0.9999999999698161,0.9999999999703586,0.9999999999620363,0.9999999999739769,0.9999999999681985,0.9999999999712113,,0,0.0,0.0
24,1024,loschmidt,p_correct,2.619776229430748e-11,2.2374531004713173e-11,2.980619979964614e-11,1.9981753993120297e-12,2.4388594665462824e-11,2.3764708438609852e-11,2.0708510975053592e-11,3.1080234710077426e-11,2.3171451073057988e-11,2.577865594382162e-11,,0,0.0,0.0
24,1024,loschmidt,p_correct_given_nonzero,0.853492793814589,0.848999176689584,0.8570979456818051,0.001980756650422641,0.8541647297606071,0.8543352447312973,0.8501526471065116,0.8588379611660253,0.8529914189992649,0.8553948587916924,,1695,0.0,0.0
24,1024,swap,p_zero,0.017628772404862176,0.017628772404862176,0.017628772404862207,8.577014442475432e-18,0.01762877240486217,0.017628772404862176,0.01762877240486216,0.017628772404862176,0.017628772404862166,0.017628772404862172,,0,0.2858,0.2933
24,1024,swap,p_correct,0.4911856137980604,0.49118561379804804,0.49118561379807335,6.370212003993072e-15,0.49118561379805803,0.4911856137980578,0.491185613798045,0.4911856137980716,0.49118561379805453,0.49118561379806147,,0,0.2858,0.2933
24,1024,swap,p_correct_given_nonzero,0.500000000000501,0.5000000000004879,0.5000000000005145,6.571994747731299e-15,0.5000000000004982,0.5000000000004978,0.500000000000485,0.5000000000005126,0.5000000000004946,0.5000000000005018,,0,0.2858,0.2933
24,1024,loschmidt,cond_accurate,0.8517165580387271,0.8478278652071511,0.8551475849560694,0.0019258548872633104,0.85311606886854,0.8524964081025252,0.8491612859780583,0.8582202754934017,0.8520082233188608,0.8543394785542024,,0,0.0,0.0
24,4096,loschmidt,p_zero,0.9999999998710747,0.9999999998477083,0.9999999998902932,1.0554662514070408e-11,0.9999999998792661,0.9999999998814342,0.9999999998481452,0.9999999998959076,0.9999999998727954,0.9999999998848458,,0,0.0,0.0
24,4096,loschmidt,p_correct,1.0479116019689319e-10,9.024416054254766e-11,1.204760713584355e-10,7.965211941769234e-12,9.755439531269445e-11,9.505886150809816e-11,8.283402308290979e-11,1.2432096520219673e-10,9.268582538439135e-11,1.0311462141264835e-10,,0,0.0,0.0
24,4096,loschmidt,p_correct_given_nonzero,0.8536481460016787,0.8492830442392436,0.8571428571428571,0.0020107230834805153,0.8539983610340105,0.8540101524081953,0.8499655620784716,0.8587091126553799,0.8528714592384783,0.8552131687967467,,1326,0.0,0.0
24,4096,swap,p_zero,0.008815193220589355,0.008815193220589355,0.008815193220589355,3.470314639087839e-18,0.008815193220589355,0.008815193220589355,0.008815193220589355,0.008815193220589355,0.008815193220589355,0.008815193220589355,,0,0.2858,0.2933
24,4096,swap,p_correct,0.495592403395798,0.4955924033957926,0.495592403395798,2.2003118089479306e-15,0.495592403395798,0.495592403395798,0.49559240339579697,0.495592403395798,0.4955924033957978,0.4955924033957982,,0,0.2858,0.2933
24,4096,swap,p_correct_given_nonzero,0.5000000000061467,0.5000000000061409,0.5000000000061467,2.300024934013681e-15,0.5000000000061465,0.5000000000061467,0.5000000000061455,0.5000000000061467,0.5000000000061463,0.5000000000061466,,0,0.2858,0.2933
24,4096,loschmidt,cond_accurate,0.8517166490199675,0.8478130167385739,0.8552842250884579,0.002025367134267126,0.8531213045664424,0.8524964158461711,0.8491838767494171,0.8582202933571816,0.8520169770213353,0.8543426090113103,,0,0.0,0.0
24,16384,loschmidt,p_zero,0.9999999994842987,0.9999999993955557,0.9999999995592367,4.205718211211014e-11,0.9999999995170639,0.9999999995257367,0.9999999993925809,0.9999999995836304,0.9999999994911815,0.9999999995393829,,0,0.0,0.0
24,16384,loschmidt,p_correct,4.1916469625649754e-10,3.618565508980129e-10,4.813939643690786e-10,3.213032674122906e-11,3.9021757843518635e-10,3.802355292684494e-10,3.313360895461164e-10,4.972838870820297e-10,3.707432892224758e-10,4.1245848240407714e-10,,0,0.0,0.0
24,16384,loschmidt,p_correct_given_nonzero,0.8533175229158111,0.8486080021929612,0.8569028081513124,0.0020808600167311784,0.8539298986264475,0.8538699440681055,0.8501193279259439,0.8583841792316393,0.8528205762514725,0.855113315678157,,1022,0.0,0.0
24,16384,swap,p_zero,0.004407697493323081,0.004407697493323081,0.004407697493323081,8.675786597719598e-19,0.004407697493323081,0.004407697493323081,0.004407697493323081,0.004407697493323081,0.004407697493323081,0.004407697493323081,,0,0.2858,0.2933
24,16384,swap,p_correct,0.49779615125882304,0.497796151258761,0.49779615125889576,3.54894512373239e-14,0.49779615125881904,0.49779615125882115,0.497796151258761,0.49779615125889487,0.4977961512588024,0.4977961512588366,,0,0.2858,0.2933
24,16384,swap,p_correct_given_nonzero,0.5000000000055091,0.5000000000054465,0.5000000000055822,3.5733624781834414e-14,0.5000000000055045,0.5000000000055066,0.5000000000054465,0.5000000000055805,0.5000000000054878,0.500000000005522,,0,0.2858,0.2933
24,16384,loschmidt,cond_accurate,0.8517523205705392,0.8474945652145496,0.8554354814379193,0.0020032407635185217,0.8531770827484296,0.8524964468207504,0.8492395482154257,0.858231546505587,0.8520693267662651,0.854393321111856,,0,0.0,0.0
24,65536,loschmidt,p_zero,0.9999999979371952,0.9999999975818957,0.9999999982446124,1.6639797278106122e-10,0.9999999980682551,0.9999999981029466,0.9999999975703235,0.9999999983345217,0.9999999979647259,0.9999999981575323,,0,0.0,0.0
24,65536,loschmidt,p_correct,1.6766587843503714e-09,1.4383842625922805e-09,1.9185177843672185e-09,1.2706566718443806e-10,1.5608702964468582e-09,1.520942116583087e-09,1.3253444371284142e-09,1.9891355204474637e-09,1.4829731388719327e-09,1.6498339366526501e-09,,0,0.0,0.0
24,65536,loschmidt,p_correct_given_nonzero,0.8531780095958503,0.8487447641649553,0.8569469272813031,0.0020562115304897585,0.8538252716598251,0.8537662339796912,0.8498060332148084,0.8586872547915555,0.8526711285577978,0.8550397838198922,,799,0.0,0.0
24,65536,swap,p_zero,0.002203861356641258,0.002203861356641258,0.002203861356641258,8.675786597719598e-19,0.0022038613566412583,0.002203861356641258,0.002203861356641258,0.002203861356641258,0.0022038613566412583,0.0022038613566412583,,0,0.2858,0.2933
24,65536,swap,p_correct,0.49889806932168035,0.49889806932167935,0.49889806936693404,1.2335913716402222e-11,0.4988980693304622,0.49889806932167935,0.49889806932167935,0.4988980693731318,0.49889806932408326,0.49889806933849623,,0,0.2858,0.2933
24,65536,swap,p_correct_given_nonzero,0.5,0.5,0.5000000000453547,1.2363409370913209e-11,0.5000000000088017,0.5,0.5,0.5000000000515645,0.500000000002409,0.5000000000168534,,0,0.2858,0.2933
24,65536,loschmidt,cond_accurate,0.851768298797419,0.8479241909078904,0.8555115621966715,0.0019946171141508253,0.853303620230607,0.8525985740671655,0.8493577473274648,0.8583765357080925,0.8521863297330061,0.8545341726283607,,0,0.0,0.0
