seed,n,shots,n_samples,loschmidt_median_p_zero,loschmidt_nan_p_zero,loschmidt_median_p_correct,loschmidt_nan_p_correct,loschmidt_median_p_correct_given_nonzero,loschmidt_nan_p_correct_given_nonzero,loschmidt_frac_float_tie,swap_median_p_zero,swap_nan_p_zero,swap_median_p_correct,swap_nan_p_correct,swap_median_p_correct_given_nonzero,swap_nan_p_correct_given_nonzero,swap_frac_float_tie,loschmidt_median_cond_accurate,loschmidt_nan_cond_accurate,cond_stage7_minus_accurate_max_abs,cond_stage7_minus_accurate_frac_gt_1e-3,sign_law_median_predicted_sample,sign_law_disc_median,sign_law_disc_q05,sign_law_disc_q95,sign_law_disc_max_abs
0,2,16,20000,0.0449389840323213,0,0.9299758808614518,0,0.9898180797891009,0,0.0,0.11725872004186771,0,0.685426526746493,0,0.7771208849387148,0,0.0,0.9898180797891005,0,2.1751467293995574e-10,0.0,0.85095072486163,0.06400975413501692,0.00038386714034384655,0.2809484254923839,0.32315946032891696
0,2,64,20000,0.0001950126901702663,0,0.9996968496054555,0,0.9999342540048927,0,0.0,0.030420585971098778,0,0.8918831804901539,0,0.9198642292292684,0,0.0,0.9999342540048932,0,6.305489463898084e-11,0.0,0.85095072486163,0.09254427592253678,0.0007327149119244813,0.3471824550910001,0.39389541917699444
0,2,256,20000,4.0534328414401077e-13,0,0.9999999999992748,0,0.9999999999996066,0,0.0,0.0010928905635638276,0,0.9954352949694956,0,0.9965044402082491,0,0.0,0.9999999999998144,0,8.940737039608848e-12,0.0,0.85095072486163,0.11481966260436433,0.0010522371593070345,0.3918473850804751,0.43967426840706336
0,2,1024,20000,6.686690595030432e-47,0,1.0,0,1.0,0,0.0,1.413099181743963e-08,0,0.9999999353923399,0,0.9999999495241723,0,0.0,1.0,0,4.863887070882811e-12,0.0,0.85095072486163,0.13040765100388335,0.0013125744943445594,0.4179114234281882,0.46688095660427664
0,2,4096,20000,1.0545104961159702e-205,0,1.0,0,1.0,0,0.0,3.447818997172225e-27,0,0.9999999999996219,0,0.9999999999996367,0,0.0,1.0,0,1.7359336190736485e-11,0.0,0.85095072486163,0.13803704752712592,0.0014117163123774314,0.434598378830213,0.48203647261274396
0,2,16384,20000,0.0,0,1.0,0,1.0,0,0.0,4.356215370111763e-104,0,1.0,0,1.0,0,0.0,1.0,0,9.614720131168042e-11,0.0,0.85095072486163,0.1427840793635451,0.001506879815129747,0.4469181560502506,0.49040578879352514
0,2,65536,20000,0.0,0,1.0,0,1.0,0,0.0,0.0,0,0.9999999999682624,0,0.9999999999683411,0,0.0,1.0,0,3.9451553135450013e-10,0.0,0.85095072486163,0.14606278695660158,0.0015420358520179147,0.45297699563005045,0.4949414322185042
0,4,16,20000,0.6270516363753742,0,0.2944244987799115,0,0.910436742257746,0,0.0,0.13988499972324175,0,0.44643472455193944,0,0.5191066131041222,0,0.0,0.9104367422578388,0,3.240689515626727e-07,0.0,0.8509790545074856,0.00717321953725758,5.0687133561266865e-06,0.16577505624506786,0.3104682935896016
0,4,64,20000,0.23503091353304983,0,0.5931881772818645,0,0.9536440606134913,0,0.0,0.07018428691041524,0,0.49787515420999745,0,0.5355242360710449,0,0.0,0.9536440606134915,0,1.3666448528404374e-08,0.0,0.8509790545074856,0.019911746053935087,1.7888832491280707e-05,0.24662870850894986,0.3884940203594528
0,4,256,20000,0.046979482321056726,0,0.895125452191466,0,0.9887730427798838,0,0.0,0.03478617976754368,0,0.548546292103607,0,0.5683067879057923,0,0.0,0.9887730427798862,0,5.039655137650811e-09,0.0,0.8509790545074856,0.042720004496777375,5.835544339155563e-05,0.30969930139459934,0.4309023542226462
0,4,1024,20000,0.0007343852077487147,0,0.9985864931017956,0,0.9997532255298726,0,0.0,0.01669685829193711,0,0.6217721901715465,0,0.6323274850027978,0,0.0,0.9997532255298733,0,1.2155627615584308e-09,0.0,0.8509790545074856,0.06953790704069168,0.0001576152280411192,0.35634333387701905,0.46404407821636884
0,4,4096,20000,1.1459375925222325e-10,0,0.9999999997830504,0,0.9999999999309903,0,0.0,0.007081061175105258,0,0.743242315909299,0,0.7485389377150383,0,0.0,0.9999999999309999,0,8.533572737334794e-10,0.0,0.8509790545074856,0.09262587889891916,0.0003570650081082427,0.3903294062225722,0.4817157154021633
0,4,16384,20000,4.262184497280605e-37,0,1.0,0,1.0,0,0.0,0.0018231609844572153,0,0.9071330325087221,0,0.9087912979418714,0,0.0,1.0,0,9.52418144350986e-11,0.0,0.8509790545074856,0.11095062611893225,0.0005833899570737378,0.41555375363601804,0.48680668364599666
0,4,65536,20000,7.837006462385274e-152,0,0.9999999999997,0,0.9999999999998347,0,0.0,6.450249634274589e-05,0,0.9960332472473019,0,0.9960975410202122,0,0.0,1.0,0,4.129544484143821e-10,0.0,0.8509790545074856,0.12456849528229447,0.0008604076199689782,0.4314422178539073,0.49331544330354615
0,6,16,20000,0.9679374101821958,0,0.02569550660162981,0,0.8716963964717948,0,0.0,0.1399497095346601,0,0.4311573998835788,0,0.5013171562739847,0,5e-05,0.8716963964717945,0,0.048366037755116276,5e-05,0.8527301139462977,0.0005436981816955844,7.538427059805564e-08,0.06465679885603182,0.2827153585753158
0,6,64,20000,0.8792708843252652,0,0.09662068044588265,0,0.893232619544494,0,0.0,0.07038523892728175,0,0.4670860270277593,0,0.5024514896429082,0,5e-05,0.8932326195444846,0,0.008568783689122728,5e-05,0.8527301139462977,0.0019812397979651064,2.86599880822136e-07,0.13979138916371014,0.3685736524704448
0,6,256,20000,0.6149918692135286,0,0.30821758817806383,0,0.9255558589343321,0,0.0,0.03524254803921259,0,0.4869430301380794,0,0.5047312269065499,0,5e-05,0.9255558589343014,0,0.001927195405206139,5e-05,0.8527301139462977,0.006679967836514478,1.1163757052512491e-06,0.217636942556811,0.42203529685151575
0,6,1024,20000,0.22198784435804803,0,0.6095293659479444,0,0.9616846109709178,0,0.0,0.01762433131121763,0,0.5003194931327788,0,0.509295543856418,0,5e-05,0.9616846109709172,0,0.0007183664487248054,0.0,0.8527301139462977,0.017953916370315848,4.2681507033903726e-06,0.2802782804510448,0.45127116168659387
0,6,4096,20000,0.039640216241964024,0,0.9017211241779257,0,0.9904366926338501,0,0.0,0.008806067913696775,0,0.5138572657881417,0,0.5184225477397008,0,5e-05,0.9904366926338497,0,5.8335938284193034e-05,0.0,0.8527301139462977,0.036694865814605016,1.4945538402488801e-05,0.33214187378601584,0.46581876326033367
0,6,16384,20000,0.0005568241657671956,0,0.9987522666825935,0,0.9997973953626337,0,0.0,0.004389329092337576,0,0.5342885672230865,0,0.5366440729077968,0,5e-05,0.9997973953626366,0,5.8335938538767174e-05,0.0,0.8527301139462977,0.05920324580811437,5.00456830660079e-05,0.3714545956625207,0.48119149886417334
0,6,65536,20000,6.581937314024487e-11,0,0.9999999997547733,0,0.9999999998209479,0,0.0,0.0021672350931462706,0,0.5715787769292089,0,0.5728202155650557,0,5e-05,0.9999999999654332,0,1.7053990115201145e-05,0.0,0.8527301139462977,0.08059838255463408,0.0001427757428447696,0.39451306487976057,0.48916913789018623
0,8,16,20000,0.9978899263460581,0,0.0016706600532882365,0,0.8556450462174294,1,0.0,0.13994993343083456,0,0.4300968394308413,0,0.5000835788985044,0,0.00025,0.8555739481567368,0,0.20222315950192926,0.00045002250112505623,0.8498315987413476,3.4665612032691584e-05,1.5385678731050243e-09,0.015806840960556824,0.26339666917667504
0,8,64,20000,0.9915916550277586,0,0.006651156824573273,0,0.8646578671249419,1,0.0,0.0703860893782291,0,0.4649515649451329,0,0.5001555578395779,0,0.00025,0.8646595044988272,0,0.031366740705026985,0.00035001750087504374,0.8498315987413476,0.00013127458463851882,5.882759651631989e-09,0.04921678090938752,0.36186839548683813
0,8,256,20000,0.966863552436628,0,0.02617948557956573,0,0.8812906492672281,0,0.0,0.0352446278384308,0,0.4826673283024624,0,0.500300222642561,0,0.00025,0.881290649267228,0,0.009144518482804953,0.0003,0.8498315987413476,0.0005057891829527983,2.2971634777713135e-08,0.11574366426962543,0.39097435857904594
0,8,1024,20000,0.8755066193352259,0,0.09854946142087173,0,0.9049455203106078,0,0.0,0.01762875537981802,0,0.4917651179343672,0,0.5005898939360598,0,0.00025,0.9049455203105973,0,0.003846127314122594,0.00015,0.8498315987413476,0.001865174620593213,9.16183610200072e-08,0.18795591470073222,0.43474437914716846
0,8,4096,20000,0.6059834441377945,0,0.31170165987954856,0,0.9368310936535809,0,0.0,0.008815157259564938,0,0.49675151656385863,0,0.501169403042814,0,0.00025,0.9368310936535797,0,0.003846127314122594,5e-05,0.8498315987413476,0.006040044973517955,3.658878269197086e-07,0.2564747378051944,0.4521583718712655
0,8,16384,20000,0.2168130678182195,0,0.6086244645064656,0,0.9680056081071793,0,0.0,0.004407623800340896,0,0.5001144208811477,0,0.5023284955504437,0,0.00025,0.9680056081071795,0,0.003846127314122594,5e-05,0.8498315987413476,0.015636140138609367,1.415709575458557e-06,0.3110435928957926,0.4736816034908944
0,8,65536,20000,0.03888597908826308,0,0.9027581167601451,0,0.9923634738167835,0,0.0,0.002203713106219891,0,0.5035345568504246,0,0.5046466529993575,0,0.00025,0.9923634738167841,0,6.776701073074598e-05,0.0,0.8498315987413476,0.032481686189855585,5.327093503365577e-06,0.35252119586715275,0.48419965978759993
0,10,16,20000,0.9998757377160392,0,0.00010009949272378214,0,0.8532131408402952,2,0.0,0.13994993408926223,0,0.4300294510117797,0,0.5000051369761767,0,0.0008,0.8532029216176057,0,0.3587359145758471,0.0013501350135013501,0.8517623541732087,1.9877539973456315e-06,3.860687880496983e-11,0.002797343153407909,0.18458735319871367
0,10,64,20000,0.9995030729094766,0,0.00040031475574842394,0,0.856474087793319,1,0.0,0.07038609215948904,0,0.4648158419503852,0,0.5000095609890314,0,0.0008,0.8565039608771741,0,0.14126408542415292,0.0008000400020001,0.8517623541732087,7.596352060046385e-06,1.476140210066035e-10,0.010309096732745856,0.31171597344981217
0,10,256,20000,0.9980142425661691,0,0.0015999734527077526,0,0.8630352897366075,1,0.0,0.0352446354579331,0,0.48239548438842395,0,0.5000184524650562,0,0.0008,0.863036777673253,0,0.0254025812425136,0.0005000250012500625,0.8517623541732087,3.0008707612605434e-05,5.836413463633506e-10,0.0349208625126905,0.3872854232134365
0,10,1024,20000,0.9920880704703097,0,0.0063791309609729785,0,0.8752833730934954,1,0.0,0.01762877234047176,0,0.4912212311019981,0,0.5000362564260081,0,0.0008,0.8752931563144851,0,0.021083818597119497,0.00035001750087504374,0.8517623541732087,0.00011873835932785237,2.3277517691155936e-09,0.08943343926469319,0.39954296690779234
0,10,4096,20000,0.96881419546471,0,0.025119385532505777,0,0.8931085752039365,0,0.0,0.008815193085602378,0,0.49566364451583855,0,0.5000718746449425,0,0.0008,0.8930827434300492,0,0.12701547477062491,0.00015,0.8517623541732087,0.00045624835309659995,9.304196968429324e-09,0.1609702264404378,0.45392702239536764
0,10,16384,20000,0.8820171681970711,0,0.09488787264605575,0,0.9171466565717395,0,0.0,0.004407697217180272,0,0.4979386367719204,0,0.50014311619096,0,0.0008,0.9171466565717403,0,0.0737812725288497,0.0001,0.8517623541732087,0.001657610370673246,3.7210032460821556e-08,0.2266341534334417,0.4734166488540713
0,10,65536,20000,0.6201113986394361,0,0.30055881266923923,0,0.9453945656630758,0,0.0,0.002203860795517561,0,0.49918304211007714,0,0.5002856019342203,0,0.0008,0.945394565663074,0,0.015461726270919018,5e-05,0.8517623541732087,0.00540884808323161,1.482446941536431e-07,0.27746800171782204,0.48378308201050313
0,12,16,20000,0.9999918470819171,0,6.556066715736786e-06,0,0.8527437287739741,24,0.0,0.13994993409141218,0,0.4300253218035677,0,0.5000003358516798,0,0.0036,0.852693949490555,0,0.31608511944486467,0.004405286343612335,0.8523701867603957,1.2836199192456377e-07,9.615475082824787e-13,0.0004407411005977626,0.14651401453853385
0,12,64,20000,0.9999673887858955,0,2.622398565730195e-05,0,0.8534543386035237,12,0.0,0.07038609216997829,0,0.4648075350077051,0,0.5000006250903415,0,0.0036,0.8533600579956925,0,0.4455329039386319,0.00355213127876726,0.8523701867603957,4.907621188321443e-07,3.675815207770939e-12,0.0016837854874909176,0.2294962795245662
0,12,256,20000,0.9998695624748306,0,0.00010489144351114267,0,0.85598264020358,5,0.0,0.03524463548573027,0,0.48237884614613324,0,0.5000012064083998,0,0.0036,0.8559386873243591,0,0.33382479960525846,0.002450612653163291,0.8523701867603957,1.9402866919260298e-06,1.4533751979683984e-11,0.006527402512142677,0.273587388128107
0,12,1024,20000,0.9994783671752174,0,0.000419493799218126,0,0.8609290527818538,4,0.0,0.01762877240459675,0,0.4911879424283191,0,0.5000023704181613,0,0.0036,0.8609290527818858,0,0.1619322487026834,0.0017503500700140028,0.8523701867603957,7.730919088899668e-06,5.796445545769302e-11,0.023475077004041892,0.37578403836186036
0,12,4096,20000,0.9979153435750334,0,0.0016768243071409272,0,0.8683166468886356,4,0.0,0.008815193220018856,0,0.49559706107776424,0,0.5000046991113318,0,0.0036,0.8683250610884337,0,0.17140108463065007,0.0010502100420084017,0.8523701867603957,3.08158060939312e-05,2.3167615603725267e-10,0.06526008567023628,0.42184879617084337
0,12,16384,20000,0.9916937273951332,0,0.00668892817987001,0,0.8813680211624733,3,0.0,0.004407697492152149,0,0.49780546684283467,0,0.5000093568309731,0,0.0036,0.8814386344392927,0,0.24749858191276708,0.0006000900135020253,0.8523701867603957,0.00012105860422539916,9.264865874492045e-10,0.12805206898727717,0.44952121682539825
0,12,65536,20000,0.9672841120244573,0,0.026410648079473367,0,0.9006180793851759,2,0.0,0.002203861354238004,0,0.49891670060640714,0,0.5000186724349789,0,0.0036,0.9006618847226713,0,0.2662448674073362,0.00035003500350035,0.8523701867603957,0.00047198160041722614,3.705614909366162e-09,0.18991855114629158,0.4769224943690641
0,14,16,20000,0.9999995267545592,0,3.752363612938616e-07,0,0.8553137947523732,89,0.0,0.1399499340914191,0,0.4300250492569283,0,0.5000000189554521,0,0.01095,0.8552434226058534,0,0.3955372213230107,0.0119531917030787,0.8552100320171296,7.538658364225626e-09,1.9201307210892087e-14,6.624502755961918e-05,0.044994311624035
0,14,64,20000,0.9999981070198902,0,1.5009445618367524e-06,0,0.8554042949558739,61,0.0,0.07038609217001392,0,0.46480698671183807,0,0.500000035280072,0,0.01095,0.8555917007118797,0,0.5014738856307879,0.008877075078990923,0.8552100320171296,2.8824280962069793e-08,7.358003095703227e-14,0.0002532603126433211,0.13667930216989654
0,14,256,20000,0.9999924281060157,0,6.003764113499347e-06,0,0.8563208142307254,44,0.0,0.0352446354858355,0,0.4823777479469225,0,0.5000000680896357,0,0.01095,0.8563772151732993,0,0.442014012883031,0.006263780316696733,0.8552100320171296,1.1396675830832592e-07,2.9062863227125035e-13,0.0009978939831949024,0.23531129276883778
0,14,1024,20000,0.9999697128473317,0,2.4014830314429358e-05,0,0.8575631581750789,31,0.0,0.017628772404860577,0,0.4911857452253975,0,0.5000001337863166,0,0.01095,0.8576215179982104,0,0.46069648028119536,0.004306675346787521,0.8552100320171296,4.545364500896376e-07,1.1591116955145253e-12,0.003877314943132018,0.29756338507823454
0,14,4096,20000,0.9998788581612762,0,9.605570314173023e-05,0,0.8609389902036206,17,0.0,0.008815193220585564,0,0.49559266626940934,0,0.5000002652176483,0,0.01095,0.8608225372727564,0,0.3992408006134809,0.003753190211679928,0.8552100320171296,1.814783023690314e-06,4.63308835740861e-12,0.014158607243776654,0.4019594278661849
0,14,16384,20000,0.9995155409737375,0,0.00038416493028270665,0,0.8668547415950074,8,0.0,0.004407697493315488,0,0.4977966770243094,0,0.5000005280986675,0,0.01095,0.8669566630662449,0,0.38989123378290114,0.0028011204481792717,0.8552100320171296,7.248212887889238e-06,1.852913933397815e-11,0.043698917581426466,0.4281058933039874
0,14,65536,20000,0.9980638957108068,0,0.001535734088959445,0,0.877511166381196,5,0.0,0.0022038613566262065,0,0.4988991208688782,0,0.5000010538697746,0,0.01095,0.8774648446073565,0,0.18941377603597043,0.0023005751437859463,0.8552100320171296,2.8659699722766163e-05,7.41133876491773e-11,0.0946982074587751,0.45217262287326165
0,16,16,20000,0.9999999682879278,0,2.546389033307694e-08,0,0.8535509916637547,243,0.0,0.13994993409141915,0,0.4300250340691352,0,0.5000000012962558,0,0.02985,0.8534979798825506,0,0.47168698913450136,0.031735587386749003,0.8534881538544559,5.281033943482782e-10,5.551115123125783e-16,8.940520136463391e-06,0.029290620836634584
0,16,64,20000,0.9999998731517183,0,1.0185555725398768e-07,0,0.8535288893814643,172,0.0,0.07038609217001479,0,0.46480695615777456,0,0.5000000024125948,0,0.02985,0.8535288691555497,0,0.5382967927836914,0.024561226548315513,0.8534881538544559,2.0192173488808862e-09,1.887379141862766e-15,3.417818207240292e-05,0.08953442073527473
0,16,256,20000,0.9999994926069887,0,4.0742216326323427e-07,0,0.8539517578941652,125,0.0,0.03524463548583746,0,0.48237768674925435,0,0.5000000046562836,0,0.02985,0.8537462786754304,0,0.49211108719127816,0.01791194968553459,0.8534881538544559,7.98367322252247e-09,6.439293542825908e-15,0.000135037774316665,0.21601680231300102
0,16,1024,20000,0.9999979704298014,0,1.6296876020644969e-06,0,0.854574732207395,84,0.0,0.017628772404861878,0,0.4911856227855996,0,0.5000000091493219,0,0.02985,0.8545444424464312,0,0.65273704740225,0.013908415344446676,0.8534881538544559,3.184149666157765e-08,2.631228568361621e-14,0.000536102640208746,0.3054668318492715
0,16,4096,20000,0.9999918817487511,0,6.5187335917410026e-06,0,0.8561651589958941,55,0.0,0.008815193220588234,0,0.49559242137265375,0,0.5000000181428814,0,0.02985,0.8559637458332352,0,0.4616906334951246,0.009877162196039107,0.8534881538544559,1.2727279352642284e-07,1.0522693827397236e-13,0.002103442214558557,0.3252166924984944
0,16,16384,20000,0.9999675274677178,0,2.607466530639572e-05,0,0.8585172583738689,40,0.0,0.004407697493321221,0,0.49779618721332075,0,0.5000000361191851,0,0.02985,0.8586977240132585,0,0.325065545484163,0.007114228456913827,0.8534881538544559,5.089980004702177e-07,4.235445327793743e-13,0.008009866108210348,0.3695206746496519
0,16,65536,20000,0.9998701174338773,0,0.00010429435641168286,0,0.8643034174402169,28,0.0,0.0022038613566377806,0,0.4988981411378257,0,0.5000000719747683,0,0.02985,0.8643483989684514,0,0.5004834910003687,0.0049068696174644506,0.8534881538544559,2.035286819745963e-06,1.6915080447432737e-12,0.02659384832774206,0.43337891629106906
0,18,16,20000,0.9999999980529697,0,1.5506251160291669e-09,0,0.8542002569165354,483,0.0,0.13994993409141915,0,0.4300250330179106,0,0.5000000000739728,0,0.05545,0.8532495300674268,0,0.6039011881363788,0.05625864630834657,0.8532495300672607,3.2246094683330284e-11,1.1102230246251565e-16,1.156034604932188e-06,0.009378810192136156
0,18,64,20000,0.9999999922118785,0,6.202500612250854e-09,0,0.8544519596609748,355,0.0,0.07038609217001507,0,0.4648069540429801,0,0.5000000001376779,0,0.05545,0.853249530067896,0,0.5276822902904875,0.04336981420208705,0.8532495300672607,1.2329415266520982e-10,2.220446049250313e-16,4.420154640327744e-06,0.0331914349480078
0,18,256,20000,0.9999999688475147,0,2.4810001988081657e-08,0,0.8541945688615558,246,0.0,0.035244635485838456,0,0.48237768251336044,0,0.5000000002656427,0,0.05545,0.8532882918703618,0,0.5417622908819345,0.031791029664878,0.8532495300672607,4.874851078362497e-10,5.551115123125783e-16,1.747579910530983e-05,0.08533342300927604
0,18,1024,20000,0.999999875390066,0,9.924000079962328e-08,0,0.8534941359995292,178,0.0,0.017628772404862315,0,0.4911856143102423,0,0.5000000005218741,0,0.05545,0.8534161160659526,0,0.45998656479041455,0.025426294016749066,0.8532495300672607,1.9442344401099376e-09,1.887379141862766e-15,6.967323112067045e-05,0.10559784245558501
0,18,4096,20000,0.9999995015603766,0,3.9695989030958107e-07,0,0.8537406288115431,124,0.0,0.008815193220588994,0,0.49559240441489805,0,0.5000000010343104,0,0.05545,0.8540409227758335,0,0.5678979688937843,0.018967599114509962,0.8532495300672607,7.770996623968074e-09,6.544764730165303e-15,0.00027807310093618757,0.21346051527541232
0,18,16384,20000,0.9999980062433114,0,1.5878377539072588e-06,0,0.8554670997767744,93,0.0,0.004407697493322462,0,0.4977961533043683,0,0.5000000020601109,0,0.05545,0.8553648022482195,0,0.4637254773208076,0.014115637715376501,0.8532495300672607,3.10742865328173e-08,2.5640600753717995e-14,0.0011075245993236043,0.30414418394654774
0,18,65536,20000,0.9999920250021225,0,6.351322099776192e-06,0,0.8573572179565242,66,0.0,0.00220386135663997,0,0.4988980734065759,0,0.5000000040939183,0,0.05545,0.8574653110161041,0,0.5569134067114291,0.010133440353165445,0.8532495300672607,1.2422730455430298e-07,1.0111356196773616e-13,0.004251742500975028,0.3853834830182715
0,20,16,20000,0.9999999998875614,0,8.998801703796744e-11,0,0.8536415091707437,1064,0.0,0.13994993409141926,0,0.43002503295810457,0,0.5000000000044348,0,0.1134,0.8526649285508732,0,0.6346915065309255,0.10836501901140684,0.8526649285508734,1.9291790387399033e-12,-1.1102230246251565e-16,1.573359113604675e-07,0.002675992307882291
0,20,64,20000,0.9999999995502455,0,3.5995190161841606e-10,0,0.8537168997976599,809,0.0,0.07038609217001539,0,0.46480695392266713,0,0.5000000000082567,0,0.1134,0.8526649285508732,0,0.5291989034397617,0.0846751081235996,0.8526649285508734,7.376488309063234e-12,0.0,6.015753877763863e-07,0.010137759692089299
0,20,256,20000,0.9999999982009824,0,1.4398077174959667e-09,0,0.8536557351810159,601,0.0,0.03524463548583907,0,0.4823776822724445,0,0.500000000015924,0,0.1134,0.8526649285508732,0,0.610209959873348,0.06644672405794114,0.8526649285508734,2.916511476769301e-11,0.0,2.3784875569865485e-06,0.037918003677392176
0,20,1024,20000,0.9999999928039296,0,5.759230758961564e-09,0,0.8532564093462586,435,0.0,0.017628772404862394,0,0.4911856138283357,0,0.5000000000313193,0,0.1134,0.8526649285508733,0,0.5891354235281197,0.05274725274725275,0.8526649285508734,1.1632084184753921e-10,1.1102230246251565e-16,9.485404404629955e-06,0.10571268094552122
0,20,4096,20000,0.9999999712157186,0,2.30369227582905e-08,0,0.8535190008212751,313,0.0,0.008815193220589355,0,0.49559240345227523,0,0.5000000000631264,0,0.1134,0.8527525728101382,0,0.5148671160520987,0.04139787677147356,0.8526649285508734,4.649431395442605e-10,2.220446049250313e-16,3.7901359969827385e-05,0.21518780257329795
0,20,16384,20000,0.9999998848628815,0,9.214768548204688e-08,0,0.8536452032347023,233,0.0,0.004407697493323081,0,0.4977961513774253,0,0.5000000001246372,0,0.1134,0.8529852027134628,0,0.6223344138300683,0.03106187079475894,0.8526649285508734,1.8594327744203554e-09,6.661338147750939e-16,0.00015137763016563843,0.26463064143628023
0,20,65536,20000,0.9999995394516344,0,3.685906516670556e-07,0,0.8540859116775819,161,0.0,0.002203861356641249,0,0.4988980696037636,0,0.500000000282705,0,0.1134,0.8535988559644643,0,0.5245899395857435,0.02439639094712435,0.8526649285508734,7.4373914249470374e-09,1.9984014443252818e-15,0.0006011656317875366,0.3706201069920383
0,22,16,20000,0.999999999993124,0,5.457467810998651e-12,0,0.8571428571428571,2020,0.0,0.1399499340914193,0,0.43002503295453076,0,0.5000000000002794,0,0.1935,0.8555990662317381,0,0.5689823211618307,0.16256952169076752,0.8555990662316899,1.1762812945903534e-13,-2.220446049250313e-16,1.7739169183572635e-08,0.002029025910199489
0,22,64,20000,0.9999999999724958,0,2.182976022169214e-11,0,0.8571428571428571,1583,0.0,0.07038609217001576,0,0.4648069539154763,0,0.5000000000005214,0,0.1935,0.8555990662318722,0,0.6168195907707095,0.13552695878807625,0.8555990662316899,4.4980685842688217e-13,-2.220446049250313e-16,6.782622561374289e-08,0.007836396757167408
0,22,256,20000,0.9999999998899831,0,8.731909639791979e-11,0,0.8566068023123721,1243,0.0,0.03524463548583982,0,0.4823776822580459,0,0.5000000000010003,0,0.1935,0.8556220704746409,0,0.6078941182655012,0.11083862024844059,0.8555990662316899,1.7789658635081196e-12,-1.1102230246251565e-16,2.681742982235666e-07,0.03137490431386325
0,22,1024,20000,0.9999999995599325,0,3.4927649661398164e-10,0,0.8565968618332496,968,0.0,0.017628772404862332,0,0.49118561379962483,0,0.5000000000020934,0,0.1935,0.855647011002937,0,0.6344469461586885,0.08774695250105086,0.8555990662316899,7.095102283471988e-12,0.0,1.0695641543267951e-06,0.10784995431799271
0,22,4096,20000,0.9999999982397296,0,1.3971059864559265e-09,0,0.856934482894768,753,0.0,0.008815193220589355,0,0.4955924033969751,0,0.5000000000073341,0,0.1935,0.8557393431567073,0,0.6400301907792124,0.07003688886579727,0.8555990662316899,2.8359536941025e-11,0.0,4.2750846303507516e-06,0.24335740966749098
0,22,16384,20000,0.9999999929589183,0,5.588423945823706e-09,0,0.8568124666676278,590,0.0,0.004407697493323081,0,0.4977961512627625,0,0.5000000000094664,0,0.1935,0.8559183457761332,0,0.5465439683209841,0.05538382277176713,0.8555990662316899,1.1341599881475872e-10,0.0,1.7096543261213552e-05,0.3555246467467795
0,22,65536,20000,0.9999999718356731,0,2.235369550573907e-08,0,0.8566068489154053,443,0.0,0.002203861356641258,0,0.49889806944885323,0,0.5000000001274527,0,0.1935,0.8561393725832678,0,0.6345180108051219,0.043820626885514136,0.8555990662316899,4.536448439118601e-10,1.1102230246251565e-16,6.837239947733988e-05,0.38103720116051365
0,24,16,20000,0.9999999999994964,0,4.093452400223649e-13,0,0.8545249821112406,3324,0.0,0.13994993409141934,0,0.43002503295430794,0,0.5000000000000204,0,0.2858,0.8517165281855007,0,0.6308618078675157,0.221995682417846,0.8517165276820241,8.43769498715119e-15,-4.440892098500626e-16,1.9833668152280367e-09,0.00011011716261588589
0,24,64,20000,0.9999999999979856,0,1.6373254489375827e-12,0,0.8539534017226484,2695,0.0,0.07038609217001596,0,0.4648069539150286,0,0.5000000000000389,0,0.2858,0.8517165296070833,0,0.6142541959601553,0.18786477896561687,0.8517165276820241,3.2529534621517087e-14,-3.3306690738754696e-16,7.583462718896421e-09,0.00042082880509319853
0,24,256,20000,0.9999999999919422,0,6.5494683291937195e-12,0,0.8537383519666291,2136,0.0,0.03524463548583982,0,0.4823776822571634,0,0.5000000000000855,0,0.2858,0.8517165352934125,0,0.6290792393170358,0.15987460815047022,0.8517165276820241,1.2856382625159313e-13,-2.220446049250313e-16,2.9983842914083045e-08,0.0016605465919906637
0,24,1024,20000,0.9999999999677687,0,2.619776229430748e-11,0,0.853492793814589,1695,0.0,0.017628772404862176,0,0.4911856137980604,0,0.500000000000501,0,0.2858,0.8517165580387271,0,0.63862129008964,0.13444414094509696,0.8517165276820241,5.121458812595847e-13,-2.220446049250313e-16,1.19585363572705e-07,0.006565379485561906
0,24,4096,20000,0.9999999998710747,0,1.0479116019689319e-10,0,0.8536481460016787,1326,0.0,0.008815193220589355,0,0.495592403395798,0,0.5000000000061467,0,0.2858,0.8517166490199675,0,0.5618541001927532,0.11192031701831423,0.8517165276820241,2.0482504581309513e-12,-1.1102230246251565e-16,4.779914067776222e-07,0.02510274755052777
0,24,16384,20000,0.9999999994842987,0,4.1916469625649754e-10,0,0.8533175229158111,1022,0.0,0.004407697493323081,0,0.49779615125882304,0,0.5000000000055091,0,0.2858,0.8517523205705392,0,0.6397315218565296,0.09374012013910844,0.8517165276820241,8.19233569870903e-12,-1.1102230246251565e-16,1.911614965971474e-06,0.07679757621440453
0,24,65536,20000,0.9999999979371952,0,1.6766587843503714e-09,0,0.8531780095958503,799,0.0,0.002203861356641258,0,0.49889806932168035,0,0.5,0,0.2858,0.851768298797419,0,0.6311440460934781,0.07494401333263892,0.8517165276820241,3.2770453017860746e-11,0.0,7.64609938651572e-06,0.17391979562921556
10000,2,16,10000,0.04006803530702539,0,0.9384272970852354,0,0.9909113501123812,0,0.0,0.11504927444136459,0,0.69225825485196,0,0.7828448274680411,0,0.0,0.9909113501123812,0,5.509053213614834e-10,0.0,0.8545341077550954,0.06191538100755212,0.0003419394830777134,0.28076822148108316,0.3231522707441826
10000,2,64,10000,0.00013598235208524503,0,0.9997807295942236,0,0.9999559990501259,0,0.0,0.02892413447487023,0,0.8980338101395293,0,0.9251598744157922,0,0.0,0.9999559990501383,0,8.291856090636429e-11,0.0,0.8545341077550954,0.08848292973836736,0.0006709908272245935,0.34601575889917174,0.39393074474470136
10000,2,256,10000,1.0675391845783291e-13,0,0.999999999999609,0,0.9999999999997211,0,0.0,0.0009045142165621984,0,0.9962770352003998,0,0.997172945215911,0,0.0,0.9999999999999517,0,2.7443158856499394e-11,0.0,0.8545341077550954,0.11115777605327004,0.0010288702823443353,0.3900708421066297,0.43975489221832487
10000,2,1024,10000,4.8904113686516976e-49,0,1.0,0,1.0,0,0.0,6.762204474753697e-09,0,0.9999999699748123,0,0.9999999767690924,0,0.0,1.0,0,7.899014775603064e-12,0.0,0.8545341077550954,0.12436930906804772,0.0012442029595071465,0.4157139255913021,0.4668206975013883
10000,2,4096,10000,7.887460869916449e-223,0,1.0,0,1.0,0,0.0,1.7624315079165788e-28,0,0.9999999999998199,0,0.9999999999998267,0,0.0,1.0,0,1.3762435635555903e-11,0.0,0.8545341077550954,0.13315369081275646,0.0013819426889258857,0.43064844625641674,0.4818865330758251
10000,2,16384,10000,0.0,0,1.0,0,1.0,0,0.0,4.893939881311057e-110,0,1.0,0,1.0,0,0.0,1.0,0,7.572520388521298e-11,0.0,0.8545341077550954,0.13880875892885436,0.00148772718132852,0.4413643534104271,0.4904046032182128
10000,2,65536,10000,0.0,0,1.0,0,1.0,0,0.0,0.0,0,0.999999999971876,0,0.999999999971876,0,0.0,1.0,0,4.5191095310315177e-10,0.0,0.8545341077550954,0.14185819409511308,0.0015126008379971136,0.44877257561075384,0.49475961828927917
10000,4,16,10000,0.6156411085429131,0,0.3052094403749638,0,0.9099694660692462,0,0.0,0.1398743924705658,0,0.44760774540614334,0,0.5203896605752434,0,0.0,0.9099694660692459,0,5.604849474538653e-07,0.0,0.8550946925730496,0.007535787990230192,5.451992690863606e-06,0.16692144900260117,0.31746867571219295
10000,4,64,10000,0.22633008008263775,0,0.6088917159504145,0,0.9519325730247946,0,0.0,0.07015444337530577,0,0.5001623646608407,0,0.5379068997376213,0,0.0,0.9519325730247952,0,2.35675630677612e-07,0.0,0.8550946925730496,0.021482783116001103,1.9226381520665028e-05,0.24570469492460992,0.3928624725470432
10000,4,256,10000,0.04148211154694565,0,0.9069553454297625,0,0.9881693470791967,0,0.0,0.03472610169794184,0,0.5529772974638274,0,0.5728532604996032,0,0.0,0.9881693470791967,0,3.1013706269789054e-08,0.0,0.8550946925730496,0.04429581232825047,6.667056130684748e-05,0.3100921722887769,0.4363125717426679
10000,4,1024,10000,0.00041431580490716203,0,0.9991381546386665,0,0.9998261238307905,0,0.0,0.016570809239786016,0,0.6302536178870957,0,0.64086332475285,0,0.0,0.9998261238307624,0,1.4445192930701012e-08,0.0,0.8550946925730496,0.06948686509794633,0.0002032600655021255,0.3587820241211158,0.46314787094114707
10000,4,4096,10000,2.014764533914537e-11,0,0.9999999999683977,0,0.9999999999898785,0,0.0,0.006859874310051515,0,0.7574522745713257,0,0.7626808961818701,0,0.0,0.9999999999898439,0,2.812455490719401e-09,0.0,0.8550946925730496,0.09214080627275928,0.0004512933678000875,0.3890180166056259,0.4788144650311983
10000,4,16384,10000,2.6742969338724396e-40,0,1.0,0,1.0,0,0.0,0.0016149621752290593,0,0.9211430130312404,0,0.9226304507948648,0,0.0,1.0,0,7.571007154538734e-10,0.0,0.8550946925730496,0.1096000140812029,0.0007439252847908918,0.4123988727228162,0.48782916678880806
10000,4,65536,10000,1.1474795293359797e-168,0,0.9999999999996932,0,0.9999999999997939,0,0.0,3.943976215726826e-05,0,0.9977006070082478,0,0.9977399576325574,0,0.0,1.0,0,3.966496020524346e-10,0.0,0.8550946925730496,0.12243566128538241,0.0010366773217253434,0.4289496897477,0.492474678744393
10000,6,16,10000,0.9655572869600516,0,0.02771936279296381,0,0.8709898741574256,0,0.0,0.13994971857888205,0,0.43120387064182286,0,0.5013735358712614,0,0.0,0.8709898741574325,0,2.427775710245328e-06,0.0,0.8516420814432127,0.000577311088983401,7.053172333404412e-08,0.06734257778202589,0.3024926268770546
10000,6,64,10000,0.8706492985994909,0,0.10363928851791143,0,0.8926005780715092,0,0.0,0.07038526539414947,0,0.46718357391077464,0,0.5025564248188914,0,0.0,0.8926005780715086,0,2.427775595337245e-06,0.0,0.8516420814432127,0.002094435329044131,2.6905313557645815e-07,0.14064645856238112,0.3596564980858227
10000,6,256,10000,0.5901801820389279,0,0.32228549843434073,0,0.9262909867246847,0,0.0,0.03524252783295262,0,0.48713877613457823,0,0.5049337403949079,0,0.0,0.9262909867246845,0,1.4403080739189278e-07,0.0,0.8516420814432127,0.0071079619767192015,1.0129711763506855e-06,0.220901618777583,0.3998934515494933
10000,6,1024,10000,0.20712998602308516,0,0.6124534797773804,0,0.9626877948048937,0,0.0,0.017624078209433715,0,0.5007106500957179,0,0.5096933714926466,0,0.0,0.9626877948048943,0,1.2922183356689487e-07,0.0,0.8516420814432127,0.018656111939384212,3.991840557743265e-06,0.28301678411234465,0.4590387652122303
10000,6,4096,10000,0.036829505855369024,0,0.9020923862685559,0,0.991554462770873,0,0.0,0.008805522735651515,0,0.5146388111552509,0,0.5192105444963919,0,0.0,0.9915544627708708,0,9.818147073126227e-09,0.0,0.8516420814432127,0.03783251898367296,1.4108374540516834e-05,0.33285828030591924,0.4727794790852806
10000,6,16384,10000,0.0005561978221109883,0,0.9987855530482761,0,0.9998134017112845,0,0.0,0.004387830864839093,0,0.5358464733924968,0,0.5382079418270618,0,0.0,0.9998134017112849,0,8.922085625862053e-09,0.0,0.8516420814432127,0.06048480412737495,4.299218059836685e-05,0.37049684152666174,0.4784005652515746
10000,6,65536,10000,5.965910429373404e-11,0,0.9999999997493328,0,0.99999999981075,0,0.0,0.0021641805092208147,0,0.574653923882114,0,0.5759001894491824,0,0.0,0.9999999999452129,0,5.814679848725746e-10,0.0,0.8516420814432127,0.08150814068251289,0.00011678248286888238,0.39673445767665183,0.4929994546463089
10000,8,16,10000,0.9978974851040575,0,0.001703984512781522,0,0.8587470311722074,0,0.0,0.13994993346755352,0,0.4300956874805977,0,0.5000822945652663,0,0.0001,0.8587470311344978,0,0.004680417511493951,0.0001,0.8534780241189937,3.5370788126820596e-05,1.6885471132432884e-09,0.016998098640760573,0.18782941309205092
10000,8,64,10000,0.9916248433515585,0,0.006798061262496627,0,0.8681255042199929,0,0.0,0.07038608945151996,0,0.46494930703180914,0,0.5001531674160872,0,0.0001,0.8681255042199938,0,0.0011402120965529061,0.0001,0.8534780241189937,0.00013446329193123052,6.456208156979671e-09,0.05317557122974728,0.2801732601008128
10000,8,256,10000,0.9670251461477735,0,0.026711415112579465,0,0.8831064194903372,0,0.0,0.03524462814577263,0,0.482662859532919,0,0.5002956091771512,0,0.0001,0.883106419490338,0,0.000449585499231242,0.0,0.8534780241189937,0.0005160449085669927,2.5526834568356806e-08,0.11670966083511726,0.36388553951948
10000,8,1024,10000,0.8759115946116499,0,0.10029070321736547,0,0.9066109790983344,0,0.0,0.017628755846020226,0,0.49175620377938156,0,0.5005808291403713,0,0.0001,0.9066109822587183,0,4.399791637987871e-05,0.0,0.8534780241189937,0.001894699721743831,1.0030172644670545e-07,0.19174783671300125,0.40939187684678646
10000,8,4096,10000,0.6026079795052969,0,0.314630379723824,0,0.9367573951602568,0,0.0,0.008815158192396557,0,0.496733699976886,0,0.501151433058306,0,0.0001,0.936757395160245,0,1.9510623696317175e-05,0.0,0.8534780241189937,0.006150368752593949,3.894654038383294e-07,0.2558364737192996,0.4421265345862243
10000,8,16384,10000,0.2158838111381265,0,0.6065359741494236,0,0.9684712785087102,0,0.0,0.0044076257725137,0,0.5000787939818657,0,0.5022927143068401,0,0.0001,0.9684712785087097,0,1.3800749252834699e-05,0.0,0.8534780241189937,0.016223288948407633,1.5193682907588271e-06,0.31008847711705495,0.47717779520615244
10000,8,65536,10000,0.03936459827964971,0,0.9002996099578134,0,0.9928197606060452,0,0.0,0.0022037176849587,0,0.5034633095826364,0,0.5045752517921379,0,0.0001,0.9928197606060158,0,1.7302300057142617e-06,0.0,0.8534780241189937,0.033196720974680904,5.959860430859721e-06,0.35119036111232155,0.4868164326832516
10000,10,16,10000,0.9998822621318498,0,9.55215896247123e-05,0,0.8600313046902506,0,0.0,0.13994993408919698,0,0.4300291896641759,0,0.5000048393883108,0,0.0012,0.8600313046901704,0,0.12304935086156488,0.0017,0.8579651101930243,1.9281970380369273e-06,2.879235183606001e-11,0.0028288715097473075,0.17776175173717346
10000,10,64,10000,0.9995291322980995,0,0.00038199004747633706,0,0.8621896437981245,0,0.0,0.07038609215990382,0,0.4648153270624692,0,0.5000090071156571,0,0.0012,0.8621896437969143,0,0.031292224291125326,0.0011,0.8579651101930243,7.372518035508868e-06,1.1008882694341089e-10,0.010460942102452438,0.3014759800120218
10000,10,256,10000,0.9981178687234902,0,0.0015259802794034862,0,0.8691043800000435,0,0.0,0.03524463545957367,0,0.4823944531008239,0,0.500017383503546,0,0.0012,0.8691043800000378,0,0.012605144506399157,0.0007,0.8579651101930243,2.9131165291407246e-05,4.352742166702231e-10,0.03613901377807296,0.33887123126504937
10000,10,1024,10000,0.9924928562811764,0,0.006079233324243458,0,0.8793599821661616,0,0.0,0.01762877234746374,0,0.4912191677703116,0,0.5000341560712348,0,0.0012,0.8793599821661737,0,0.002853371456753906,0.0002,0.8579651101930243,0.00011394697862981973,1.7360154758172552e-09,0.08308115429380256,0.386253811490601
10000,10,4096,10000,0.9703604222445199,0,0.02404957120368892,0,0.8969822535153669,0,0.0,0.00881519310057335,0,0.4956595174741978,0,0.500067710906872,0,0.0012,0.8969822535153666,0,0.0007781235686954435,0.0,0.8579651101930243,0.00044228755969005773,6.93897852510617e-09,0.1457629412328548,0.4231903118669992
10000,10,16384,10000,0.88774126231257,0,0.0914773954563117,0,0.9205341859174465,0,0.0,0.004407697248230251,0,0.4979303824998454,0,0.5001348253912767,0,0.0012,0.9205341859174468,0,9.686087485727413e-05,0.0,0.8579651101930243,0.0016215884219242804,2.7750799408421417e-08,0.21568341110275002,0.4541256413263485
10000,10,65536,10000,0.6321091776667238,0,0.295938287199353,0,0.9486153551668173,0,0.0,0.0022038608649719454,0,0.4991665334726661,0,0.5002690568653831,0,0.0012,0.9486153551668273,0,7.841517118956087e-05,0.0,0.8579651101930243,0.005149806162196069,1.1099757467603062e-07,0.27007952079483494,0.4729064729986242
10000,12,16,10000,0.9999916285972933,0,6.5635629520245e-06,0,0.8511419304646659,10,0.0,0.13994993409141276,0,0.43002530709391196,0,0.5000003187484381,0,0.0032,0.8510605419688595,0,0.4772226433191714,0.003703703703703704,0.8506477370611115,1.455588222176729e-07,1.056732479298717e-12,0.00041894950591575927,0.15495560394308916
10000,12,64,10000,0.9999665149547059,0,2.6253888860544827e-05,0,0.8519368140100603,6,0.0,0.07038609216997997,0,0.46480750541557647,0,0.5000005932576428,0,0.0032,0.851700348948622,0,0.3751230772016785,0.002301380828497098,0.8506477370611115,5.565473113477992e-07,4.0405678802812885e-12,0.0016026211708213382,0.1759980099711267
10000,12,256,10000,0.9998660688667719,0,0.00010500974860020934,0,0.853976191931083,3,0.0,0.03524463548573337,0,0.48237878687511393,0,0.5000011449720908,0,0.0032,0.8539674735723932,0,0.4295570874864256,0.0017005101530459137,0.8506477370611115,2.200484634284905e-06,1.5975754052988128e-11,0.006100515328297609,0.23815977266593602
10000,12,1024,10000,0.9994644201975924,0,0.0004199461053338297,0,0.8587057117624973,1,0.0,0.017628772404622035,0,0.491187823842856,0,0.500002249704685,0,0.0032,0.8586025097892622,0,0.258831727588122,0.0017001700170017002,0.8506477370611115,8.746405541326663e-06,6.37166930328448e-11,0.021567908299594304,0.320726977674996
10000,12,4096,10000,0.9978599941337678,0,0.0016782995011661779,0,0.8666529172494042,0,0.0,0.008815193220065907,0,0.4955968238850812,0,0.5000044598091846,0,0.0032,0.866652917250722,0,0.26909139564898976,0.001,0.8506477370611115,3.4700832895528944e-05,2.5468037123665977e-10,0.0595694160643253,0.41924740369008373
10000,12,16384,10000,0.9914752733493059,0,0.0066830064126140905,0,0.8795768152556409,0,0.0,0.004407697492257619,0,0.4978049924461814,0,0.5000088803341274,0,0.0032,0.8795768152556422,0,0.135254423473528,0.0005,0.8506477370611115,0.00013743307093294632,1.0185347454338971e-09,0.11679820401369105,0.435370968014669
10000,12,65536,10000,0.9664408769048793,0,0.026323522255923222,0,0.9008568195500402,0,0.0,0.002203861354482245,0,0.49891575180916137,0,0.5000177215422175,0,0.0032,0.9008568195499073,0,0.026483904175477302,0.0003,0.8506477370611115,0.0005155819649386162,4.073952941663352e-09,0.18410825576833098,0.46058552961362675
10000,14,16,10000,0.9999994811796157,0,4.3120646618900185e-07,0,0.8540869158238209,40,0.0,0.139949934091419,0,0.43002505163652793,0,0.5000000217222673,0,0.0103,0.8540126165570301,0,0.3643229174141711,0.012751004016064257,0.8539891788352845,8.730290101954807e-09,1.8762769116165146e-14,6.957812657416517e-05,0.028691162383452484
10000,14,64,10000,0.9999979247204838,0,1.724824085727013e-06,0,0.8540020615486155,23,0.0,0.07038609217001382,0,0.46480699149900984,0,0.5000000404297054,0,0.0103,0.8541008576919956,0,0.4574429609441192,0.010023053021950485,0.8539891788352845,3.3380526232029695e-08,7.225331444260521e-14,0.0002659471484103659,0.0939657034757474
10000,14,256,10000,0.9999916989142711,0,6.899267879168201e-06,0,0.8546819018141882,14,0.0,0.035244635485835216,0,0.48237775753522305,0,0.5000000780282201,0,0.0103,0.85464961372049,0,0.34293462285878606,0.006909673542960145,0.8539891788352845,1.3198155462967875e-07,2.856714864662991e-13,0.0010404317562335153,0.19436200898069944
10000,14,1024,10000,0.9999667961744567,0,2.75966161048168e-05,0,0.8560512359377865,4,0.0,0.01762877240486047,0,0.4911857644086116,0,0.5000001533137768,0,0.0103,0.8561175568321782,0,0.2011725111126207,0.0056022408963585435,0.8539891788352845,5.263870231919654e-07,1.1391443344166423e-12,0.004048304268225086,0.2848587907669121
10000,14,4096,10000,0.9998671929753022,0,0.00011037917830918623,0,0.8596890617975514,2,0.0,0.008815193220585108,0,0.49559270463434113,0,0.5000003039237807,0,0.0103,0.8596249136345169,0,0.12570972727342755,0.004000800160032006,0.8539891788352845,2.1039874733563835e-06,4.552414001324225e-12,0.014781075319778354,0.3606750514652569
10000,14,16384,10000,0.9994689043099985,0,0.0004414001662258393,0,0.8666967004113547,1,0.0,0.004407697493314277,0,0.49779675376309257,0,0.5000006051771895,0,0.0103,0.8666904756727252,0,0.2358370029121909,0.0024002400240024004,0.8539891788352845,8.401940759794613e-06,1.8207607643816464e-11,0.045267057656887766,0.4380001768884283
10000,14,65536,10000,0.9978777338100682,0,0.0017637378790908134,0,0.8784930904345231,0,0.0,0.002203861356623941,0,0.4988992744850948,0,0.5000012078252897,0,0.0103,0.8783646627193188,0,0.30644014949154286,0.0012,0.8539891788352845,3.338882226566753e-05,7.28246796199983e-11,0.10337292992505245,0.44093307390718584
10000,16,16,10000,0.9999999673220449,0,2.575193880360871e-08,0,0.8576602559569483,119,0.0,0.13994993409141915,0,0.4300250340351832,0,0.5000000012567789,0,0.0315,0.8567615436985356,0,0.4902780842854686,0.031373342779070945,0.8567250179471235,5.41685529764635e-10,6.661338147750939e-16,8.152560822960402e-06,0.012120628789538124
10000,16,64,10000,0.9999998692881878,0,1.0300774644367294e-07,0,0.857755242408885,76,0.0,0.07038609217001476,0,0.464806956089469,0,0.5000000023391187,0,0.0315,0.8568107353333345,0,0.49592430520967923,0.025191455058444175,0.8567250179471235,2.0711507509041382e-09,2.1038726316646767e-15,3.1150169989474304e-05,0.04143126070323622
10000,16,256,10000,0.9999994771528848,0,4.12030847107836e-07,0,0.8570959907483802,50,0.0,0.03524463548583744,0,0.48237768661243496,0,0.5000000045144648,0,0.0315,0.8568213708569674,0,0.6518487867986538,0.019899497487437186,0.8567250179471235,8.189012412618268e-09,7.105427357601002e-15,0.00012282007457634542,0.0920724110668063
10000,16,1024,10000,0.999997908613677,0,1.648121166597516e-06,0,0.8575760954646616,32,0.0,0.017628772404861923,0,0.49118562251098524,0,0.5000000088697802,0,0.0315,0.8574236791041074,0,0.48721815049721395,0.015248796147672551,0.8567250179471235,3.2660460169697814e-08,2.919886554764162e-14,0.0004844561394154221,0.19778024037519193
10000,16,4096,10000,0.9999916344889069,0,6.59244911777046e-06,0,0.8582013701380647,19,0.0,0.008815193220588219,0,0.49559242081581845,0,0.5000000175810928,0,0.0315,0.8582399353724308,0,0.43204810226828927,0.009518084360284541,0.8567250179471235,1.3054627978625888e-07,1.1742273819947972e-13,0.0019210599044431284,0.2501475286956307
10000,16,16384,10000,0.9999665385028024,0,2.636934602042783e-05,0,0.8623406018071164,15,0.0,0.004407697493321223,0,0.4977961861073351,0,0.5000000350083034,0,0.0315,0.8622655983849423,0,0.10155099096400111,0.006910365548322484,0.8567250179471235,5.219032987446859e-07,4.698963440574746e-13,0.007402221232477107,0.3617463201560811
10000,16,65536,10000,0.9998661627654657,0,0.00010547089983023577,0,0.8672710560663984,11,0.0,0.0022038613566380087,0,0.4988981390252146,0,0.5000000698574908,0,0.0315,0.8671768197560179,0,0.37824120215771806,0.004605065572129342,0.8567250179471235,2.0875156976352116e-06,1.8793744338552193e-12,0.025941680523557324,0.39131490558295967
10000,18,16,10000,0.9999999979946319,0,1.6222052551625447e-09,0,0.8548496835496677,245,0.0,0.13994993409141915,0,0.43002503302796025,0,0.5000000000856577,0,0.0613,0.8541560095168921,0,0.5693949639408524,0.062224500256278834,0.8541413483986039,3.4490688083366194e-11,0.0,1.266404582128671e-06,0.012045781190181959
10000,18,64,10000,0.9999999919785276,0,6.4888209014128636e-09,0,0.8544585233040918,183,0.0,0.07038609217001517,0,0.46480695406320105,0,0.5000000001594304,0,0.0613,0.854174276061646,0,0.5960827192952148,0.04685749210553122,0.8541413483986039,1.3187623215671351e-10,1.1102230246251565e-16,4.842188462073047e-06,0.04378909573490153
10000,18,256,10000,0.9999999679141105,0,2.595528336318895e-08,0,0.8545870815684097,123,0.0,0.03524463548583843,0,0.48237768255393687,0,0.5000000003077008,0,0.0613,0.854246261352087,0,0.6208494780177677,0.03766325807431406,0.8541413483986039,5.2141918560622e-10,4.440892098500626e-16,1.9146110727108383e-05,0.12127776286930325
10000,18,1024,10000,0.9999998716564503,0,1.0382112868517681e-07,0,0.8554733163906927,78,0.0,0.0176287724048623,0,0.4911856143909955,0,0.5000000006040765,0,0.0613,0.8542994446670167,0,0.5449102017957789,0.030034267284821607,0.8541413483986039,2.0795912769600022e-09,1.2212453270876722e-15,7.637373111696841e-05,0.16708896256672923
10000,18,4096,10000,0.999999486625929,0,4.1528443812638224e-07,0,0.8547434914077294,54,0.0,0.008815193220588994,0,0.49559240457970066,0,0.5000000012005781,0,0.0613,0.8547434914093007,0,0.6053422045110787,0.022018902071184395,0.8541413483986039,8.31227731090678e-09,3.885780586188048e-15,0.00030535394343886855,0.168617143544197
10000,18,16384,10000,0.9999979465057605,0,1.6611365277868624e-06,0,0.8569068875505255,42,0.0,0.0044076974933223685,0,0.4977961536266363,0,0.5000000023838045,0,0.0613,0.8563421072425157,0,0.44399647238918116,0.015665796344647518,0.8541413483986039,3.3243015395978404e-08,1.587618925213974e-14,0.001198252918028852,0.23660757265862953
10000,18,65536,10000,0.9999917860557547,0,6.6445265161121155e-06,0,0.8587132312556985,28,0.0,0.002203861356640078,0,0.4988980740449752,0,0.5000000047337279,0,0.0613,0.8581998502090573,0,0.388276423491971,0.011933413557962295,0.8541413483986039,1.3296585160693652e-07,6.470934899027726e-14,0.004463758098247154,0.36171328119363966
10000,20,16,10000,0.9999999998859856,0,9.220224583827985e-11,0,0.8523857975745475,546,0.0,0.13994993409141926,0,0.43002503295800454,0,0.5000000000043187,0,0.1152,0.852216458148371,0,0.6467362215142365,0.10524645652633806,0.8522164580921845,1.922628722894615e-12,-1.1102230246251565e-16,1.557960605635955e-07,0.001201658648896986
10000,20,64,10000,0.9999999995439426,0,3.688093164200268e-10,0,0.8528450924862522,393,0.0,0.07038609217001539,0,0.46480695392246246,0,0.5000000000080358,0,0.1152,0.8522164583070153,0,0.5512729110961683,0.08587488289788696,0.8522164580921845,7.349898467623461e-12,0.0,5.956910197613129e-07,0.004584385164599358
10000,20,256,10000,0.9999999981757701,0,1.4752370991466535e-09,0,0.8520624653627131,296,0.0,0.0352446354858391,0,0.48237768227203154,0,0.5000000000154982,0,0.1152,0.8522164589415924,0,0.5475979160348885,0.0677040395713108,0.8522164580921845,2.9061586470646716e-11,0.0,2.355273815518588e-06,0.01789534846340113
10000,20,1024,10000,0.9999999927030804,0,5.900948507608916e-09,0,0.8519987668046751,208,0.0,0.017628772404862394,0,0.4911856138272165,0,0.5000000000301805,0,0.1152,0.8523210688593024,0,0.4870063505254778,0.056576797385620915,0.8522164580921845,1.1590811643813481e-10,1.1102230246251565e-16,9.393652310607514e-06,0.06459397254448995
10000,20,4096,10000,0.999999970812322,0,2.36037933087907e-08,0,0.8523053150447085,155,0.0,0.008815193220589355,0,0.49559240344932687,0,0.5000000000601521,0,0.1152,0.8523420858306828,0,0.4895616780868004,0.04235652615540884,0.8522164580921845,4.6329240444009656e-10,2.220446049250313e-16,3.754561440626469e-05,0.14586531995535812
10000,20,16384,10000,0.9999998832492945,0,9.441516612973544e-08,0,0.8529036390812835,112,0.0,0.004407697493323081,0,0.4977961513707203,0,0.5000000001179026,0,0.1152,0.852669318335503,0,0.4290058397938997,0.030542071197411005,0.8522164580921845,1.8528313883159342e-09,7.771561172376096e-16,0.00015000639253396893,0.16959769241509692
10000,20,65536,10000,0.999999532997284,0,3.776605481675688e-07,0,0.8536116659354122,87,0.0,0.0022038613566412297,0,0.49889806959904737,0,0.5000000002779794,0,0.1152,0.8535941842974655,0,0.48549945261700456,0.021890446887924946,0.8522164580921845,7.410987823419646e-09,2.4424906541753444e-15,0.0005952993858568316,0.27454622952923813
10000,22,16,10000,0.9999999999929325,0,5.826727988988978e-12,0,0.8558843175530477,977,0.0,0.1399499340914193,0,0.4300250329545421,0,0.5000000000002927,0,0.1894,0.853646793350826,0,0.597743351400086,0.16369278510473234,0.8536467933445377,1.1640688413194766e-13,-2.220446049250313e-16,2.3095017892549217e-08,0.00013405397598842406
10000,22,64,10000,0.9999999999717303,0,2.330685644480468e-11,0,0.8559415161453646,760,0.0,0.07038609217001576,0,0.4648069539154984,0,0.5000000000005442,0,0.1894,0.8536467933685823,0,0.6160204076418393,0.1344155844155844,0.8536467933445377,4.458100555382316e-13,-1.1102230246251565e-16,8.83044911026417e-08,0.0005137856205058577
10000,22,256,10000,0.9999999998869211,0,9.322731475691626e-11,0,0.8548764746319841,597,0.0,0.03524463548583965,0,0.48237768225808586,0,0.5000000000010427,0,0.1894,0.8536467934396055,0,0.576188437143492,0.10602999042858662,0.8536467933445377,1.7644774530367613e-12,-1.1102230246251565e-16,3.491424939106022e-07,0.0020492566157693792
10000,22,1024,10000,0.9999999995476843,0,3.7290931453881626e-10,0,0.8548063173529298,438,0.0,0.017628772404862363,0,0.4911856137997165,0,0.5000000000021867,0,0.1894,0.8536467937236984,0,0.6193045554873962,0.08795231123195985,0.8536467933445377,7.0390360207284175e-12,0.0,1.39249628561266e-06,0.008360859384177632
10000,22,4096,10000,0.9999999981907373,0,1.4916374246887187e-09,0,0.8539930018726157,339,0.0,0.008815193220589355,0,0.49559240339701105,0,0.5000000000073705,0,0.1894,0.8537305324750868,0,0.5534673569991931,0.07007556153607288,0.8536467933445377,2.8135271890050717e-11,0.0,5.5659399425866734e-06,0.032329811017499765
10000,22,16384,10000,0.999999992762949,0,5.966549532221421e-09,0,0.85480702411305,260,0.0,0.004407697493323081,0,0.49779615126304994,0,0.5000000000097546,0,0.1894,0.8537396117660745,0,0.49185866646499876,0.055441478439425054,0.8536467933445377,1.1252127007921331e-10,1.1102230246251565e-16,2.2260170175830618e-05,0.09236138825623985
10000,22,65536,10000,0.9999999710517966,0,2.386619790684108e-08,0,0.8555553232202692,193,0.0,0.002203861356641258,0,0.49889806944899656,0,0.5000000001275975,0,0.1894,0.8541978711489052,0,0.4664058892499222,0.04354032833690221,0.8536467933445377,4.500658734585272e-10,2.220446049250313e-16,8.795427543023456e-05,0.20355330870768373
10000,24,16,10000,0.9999999999995586,0,3.594855680962233e-13,0,0.8546777747784112,1665,0.0,0.13994993409141934,0,0.4300250329543064,0,0.5000000000000185,0,0.2902,0.8519293881314135,0,0.5660959298195651,0.2292741451709658,0.8519293841552973,7.882583474838611e-15,-3.3306690738754696e-16,2.3627093781453094e-09,5.465030277074234e-05
10000,24,64,10000,0.9999999999982344,0,1.4381088058381034e-12,0,0.8527123585173856,1329,0.0,0.07038609217001596,0,0.4648069539150247,0,0.5000000000000349,0,0.2902,0.8519293993580934,0,0.6202370301240065,0.1966324530042671,0.8519293841552973,3.008704396734174e-14,-3.3306690738754696e-16,9.033887865550476e-09,0.00020894311082342298
10000,24,256,10000,0.9999999999929376,0,5.7524352233446635e-12,0,0.8541363465546197,1062,0.0,0.03524463548583982,0,0.48237768225715427,0,0.5000000000000784,0,0.2902,0.8519294442648081,0,0.6006426976871797,0.16938912508391138,0.8519293841552973,1.1818324097134791e-13,-2.220446049250313e-16,3.571858966378014e-08,0.000825901629602277
10000,24,1024,10000,0.9999999999717504,0,2.300968538210347e-11,0,0.8526628613376692,846,0.0,0.017628772404862176,0,0.49118561379805814,0,0.5000000000004978,0,0.2902,0.8519296238915948,0,0.640681836415976,0.1401573082805331,0.8519293841552973,4.726774527341604e-13,-1.1102230246251565e-16,1.4245719761052366e-07,0.0032898976713103822
10000,24,4096,10000,0.9999999998870015,0,9.203868601527948e-11,0,0.8540057062762447,659,0.0,0.008815193220589355,0,0.495592403395798,0,0.5000000000061467,0,0.2902,0.851930342397585,0,0.5218527620106046,0.11358526924312172,0.8519293841552973,1.889044476399704e-12,-1.1102230246251565e-16,5.694084437679598e-07,0.013057777403814308
10000,24,16384,10000,0.9999999995480062,0,3.6815474402938504e-10,0,0.8534798968850729,503,0.0,0.004407697493323081,0,0.4977961512588005,0,0.5000000000054857,0,0.2902,0.8519777629850651,0,0.5441168218314415,0.09213435821838475,0.8519293841552973,7.553624392642178e-12,0.0,2.2771624592632357e-06,0.049354760291450916
10000,24,65536,10000,0.999999998192025,0,1.4726190311209785e-09,0,0.8531346022061316,393,0.0,0.002203861356641258,0,0.49889806932167935,0,0.5,0,0.2902,0.8519891525685648,0,0.5636005399067087,0.07348808160716144,0.8519293841552973,3.021449757056871e-11,0.0,9.107362964022583e-06,0.13279110018652474
10001,2,16,10000,0.040574690043923264,0,0.9384063086589851,0,0.9910614443636443,0,0.0,0.11572286547803486,0,0.69243530662718,0,0.7840751312062706,0,0.0,0.9910614443636444,0,1.2014611527888519e-11,0.0,0.8560357974488308,0.06290312250852859,0.00030875445588282596,0.28156883364430685,0.3230491712766863
10001,2,64,10000,0.0001314103233197689,0,0.9997958470374542,0,0.9999529997566778,0,0.0,0.028934272130965395,0,0.899897502908555,0,0.9265974460706785,0,0.0,0.9999529997566785,0,3.3059111004263286e-12,0.0,0.8560357974488308,0.09119033083963574,0.0006261519576597542,0.34404413760158226,0.3937749424113379
10001,2,256,10000,9.142336011727805e-14,0,0.9999999999996199,0,0.9999999999997099,0,0.0,0.0008580472349322679,0,0.9965184607609308,0,0.9973703522048777,0,0.0,0.9999999999999599,0,1.4790391134056335e-12,0.0,0.8560357974488308,0.11170492743419969,0.0009082000345685849,0.3873757331982465,0.4398395590347667
10001,2,1024,10000,1.6888111521467361e-49,0,1.0,0,1.0,0,0.0,5.39120475824594e-09,0,0.9999999765783901,0,0.9999999819785478,0,0.0,1.0,0,3.466782416694514e-12,0.0,0.8560357974488308,0.1257915649529434,0.0012391802319933925,0.416851364187899,0.4666194327979234
10001,2,4096,10000,2.1754046954506645e-219,0,1.0,0,1.0,0,0.0,6.670823148712517e-29,0,0.9999999999997846,0,0.9999999999997993,0,0.0,1.0,0,1.4103274104115826e-11,0.0,0.8560357974488308,0.13405275305081987,0.0014008343324415423,0.4359251751660316,0.48215352402006684
10001,2,16384,10000,0.0,0,1.0,0,1.0,0,0.0,3.5150334784937165e-112,0,1.0,0,1.0,0,0.0,1.0,0,7.215694708406772e-11,0.0,0.8560357974488308,0.13890727238231437,0.0014560420611295258,0.4434843808800684,0.49010919310897283
10001,2,65536,10000,0.0,0,1.0,0,1.0,0,0.0,0.0,0,0.999999999964349,0,0.999999999964349,0,0.0,1.0,0,4.122430175002023e-10,0.0,0.8560357974488308,0.1414166190507874,0.0015082989752331468,0.4520455774520425,0.4943828224250093
10001,4,16,10000,0.6098297431075185,0,0.31031662998999304,0,0.9083434495997632,0,0.0,0.13987454418077455,0,0.4478308541895868,0,0.5207095745108128,0,0.0,0.9083434495997633,0,2.631471704461763e-05,0.0,0.8498677068290368,0.007802577546140443,4.968983179870491e-06,0.16759604414598178,0.3158709802505406
10001,4,64,10000,0.2205240916923203,0,0.6111501597861302,0,0.9511708229347645,0,0.0,0.07015325131786271,0,0.5007009861554907,0,0.5384823791380384,0,0.0,0.9511708229347724,0,8.420840851619538e-06,0.0,0.8498677068290368,0.02102451835997715,1.8422482112262497e-05,0.24680679916012746,0.38458586479965284
10001,4,256,10000,0.043482193820164855,0,0.9032292452689027,0,0.9874400970602554,0,0.0,0.03471546808521276,0,0.5540120420418577,0,0.573925594573731,0,0.0,0.9874400970602557,0,2.6263080776800507e-07,0.0,0.8498677068290368,0.043323491051672325,6.164329448189455e-05,0.3104049690596239,0.4312871251732142
10001,4,1024,10000,0.0005227371906124842,0,0.9988884390663444,0,0.9997662332689872,0,0.0,0.01653151502328624,0,0.6322294725436073,0,0.6428532077916812,0,0.0,0.9997662332689872,0,2.626223053470156e-07,0.0,0.8498677068290368,0.06814651150388512,0.0001855202309796411,0.3606678256483296,0.465388068551835
10001,4,4096,10000,5.080871010010202e-11,0,0.9999999998887119,0,0.999999999961029,0,0.0,0.006809006903685775,0,0.7607169155028306,0,0.7659291223402994,0,0.0,0.999999999961029,0,2.625882934426116e-07,0.0,0.8498677068290368,0.09143829072368403,0.00039805667958180417,0.39274425823222975,0.4788243653956855
10001,4,16384,10000,3.7552083005167113e-38,0,1.0,0,1.0,0,0.0,0.0015647487370176517,0,0.9241800533719199,0,0.9256284292514205,0,0.0,1.0,0,8.910501669845416e-09,0.0,0.8498677068290368,0.11002856732016181,0.0006896633211501025,0.4143855191171305,0.48979528072183665
10001,4,65536,10000,3.885484169764621e-158,0,0.9999999999998401,0,0.9999999999998828,0,0.0,3.499000497916876e-05,0,0.9979849539995784,0,0.9980198747197111,0,0.0,1.0,0,9.45467759638774e-09,0.0,0.8498677068290368,0.12447823906857253,0.0010737855812723463,0.4312920249679555,0.49459675872284403
10001,6,16,10000,0.9667560508399944,0,0.026732028294103538,0,0.8809293944350924,0,0.0,0.13994969955700653,0,0.4311770151900042,0,0.5013391336172885,0,0.0,0.8809293944350924,0,1.752430492496515e-05,0.0,0.8620038068791624,0.0005386914429561518,7.202746915568883e-08,0.06602939428357472,0.2728891035025811
10001,6,64,10000,0.8751076944872024,0,0.10056019697437535,0,0.9026821231810086,0,0.0,0.07038518845338967,0,0.46712450079498835,0,0.5024923961387322,0,0.0,0.9026821231810085,0,2.4698480722173954e-05,0.0,0.8620038068791624,0.0019452370364170246,2.753982598469041e-07,0.14227207196222091,0.3457944258436817
10001,6,256,10000,0.6006954904574229,0,0.31489163836256573,0,0.9329683978200094,0,0.0,0.035242531818600126,0,0.4870195190580207,0,0.5048101737346167,0,0.0,0.9329683978200151,0,3.347822352783858e-06,0.0,0.8620038068791624,0.006550497847014669,1.0779317710263305e-06,0.21725130793716585,0.41540930385023556
10001,6,1024,10000,0.21480382810863236,0,0.6135829009754465,0,0.9659887460086263,0,0.0,0.017624264606968726,0,0.500472072238369,0,0.5094506334224176,0,0.0,0.9659887460086338,0,7.089848348407202e-07,0.0,0.8620038068791624,0.01766558202195473,4.11850015777926e-06,0.2815897691875866,0.442215266334389
10001,6,4096,10000,0.038374306753615625,0,0.9082930027602247,0,0.992334427811939,0,0.0,0.008805769785027895,0,0.5141619964930411,0,0.5187297494485352,0,0.0,0.992334427811939,0,5.287209203785892e-07,0.0,0.8620038068791624,0.036079887468696004,1.5031026426243223e-05,0.32947331629792853,0.47593223576369137
10001,6,16384,10000,0.0004114810440404682,0,0.9991025693002262,0,0.9998695561042104,0,0.0,0.004388636211141423,0,0.5348959912744982,0,0.5372538027670783,0,0.0,0.9998695561119222,0,1.786499970179989e-08,0.0,0.8620038068791624,0.05652345125094149,4.433150972082968e-05,0.3677528400185004,0.4833925758502
10001,6,65536,10000,1.7960373248963267e-11,0,0.9999999998145419,0,0.9999999998461968,0,0.0,0.002165981864833224,0,0.5727781393957735,0,0.5740214594637185,0,0.0,0.999999999990651,0,9.852609839100523e-10,0.0,0.8620038068791624,0.07438569609955203,0.0001266462860407547,0.39447529307625856,0.48833002258627245
10001,8,16,10000,0.9980005729517707,0,0.0015647497405591561,0,0.8583238911990143,0,0.0,0.13994993345868412,0,0.43009066395394185,0,0.5000763096640926,0,0.0,0.8583238911989721,0,0.0025187515157283347,0.0002,0.8530686462464142,3.2053345371763076e-05,1.6664982727121471e-09,0.014471278716914122,0.24115824438780575
10001,8,64,10000,0.9920360383093496,0,0.006240002556934857,0,0.8670272897331731,0,0.0,0.07038608974554415,0,0.46493898726118243,0,0.5001420282719087,0,0.0,0.8670272897331729,0,0.0025187515157415463,0.0001,0.8530686462464142,0.00012197227422117152,6.371904237578719e-09,0.04663251953448038,0.34883681370836794
10001,8,256,10000,0.9686632831981564,0,0.024581506370231487,0,0.8817943088766509,0,0.0,0.03524462903469662,0,0.48264213609905654,0,0.5002741109270581,0,0.0,0.8817943088768618,0,0.00012199808023583003,0.0,0.8530686462464142,0.0004660767041693714,2.5193526492772734e-08,0.10948145522380902,0.39497544809085405
10001,8,1024,10000,0.882020837272999,0,0.09200216720182486,0,0.9056783030686036,0,0.0,0.01762875805884198,0,0.491714715126634,0,0.5005385882277044,0,0.0,0.9056783030686035,0,0.00011965447757689152,0.0,0.8530686462464142,0.001745380992411505,1.0047997864859327e-07,0.18299604975543188,0.41911770955141003
10001,8,4096,10000,0.6221800967029363,0,0.29309496153626946,0,0.9382963864875338,0,0.0,0.008815162915081066,0,0.4966507020198011,0,0.5010676950317814,0,0.0,0.9382963864875343,0,3.067303651860254e-05,0.0,0.8530686462464142,0.005506023324399367,4.0049826081634003e-07,0.2500641997726779,0.4533153383251959
10001,8,16384,10000,0.23592675455820938,0,0.5881708722209864,0,0.9687399523708011,0,0.0,0.004407635998854625,0,0.4999127895195794,0,0.5021259777857492,0,0.0,0.968739952370794,0,6.913088605009499e-06,0.0,0.8530686462464142,0.015385157827734364,1.5395915323401793e-06,0.3012790036117491,0.4736715516697808
10001,8,65536,10000,0.043957072475655265,0,0.8877701817389487,0,0.9917913520721731,0,0.0,0.0022037372877736594,0,0.5031313105238526,0,0.5042425285861794,0,0.0,0.9917913520721736,0,2.4831726004315158e-06,0.0,0.8530686462464142,0.030748734513733944,5.760267387838747e-06,0.3466209311401465,0.47975270208035026
10001,10,16,10000,0.9998830667961516,0,9.612051293908714e-05,0,0.8536140186217147,2,0.0,0.1399499340896353,0,0.43002915227250105,0,0.5000047896695128,0,0.0011,0.8536704913639293,0,0.20257525386252695,0.0015003000600120023,0.8523949426167629,2.001457965417064e-06,3.2314356745999366e-11,0.002530607257683846,0.1379010304292717
10001,10,64,10000,0.9995323826142921,0,0.00038442580167309486,0,0.8556090055295331,2,0.0,0.07038609216139063,0,0.46481524101860006,0,0.5000089145785436,0,0.0011,0.8556090055295156,0,0.1601888353279567,0.0011002200440088017,0.8523949426167629,7.650699248074044e-06,1.235561264412155e-10,0.00940811837106956,0.25170151111097117
10001,10,256,10000,0.998131369317381,0,0.0015367652369476063,0,0.8624489934109801,2,0.0,0.0352446354616409,0,0.48239428079082414,0,0.5000172049092926,0,0.0011,0.8624687596995009,0,0.039811164672043486,0.0007001400280056011,0.8523949426167629,3.0219094131977986e-05,4.885243598540258e-10,0.03331374276712832,0.32835779632388085
10001,10,1024,10000,0.9925499617257739,0,0.006122202313469516,0,0.8758179963327059,1,0.0,0.01762877234906522,0,0.49121882303943937,0,0.5000338051598152,0,0.0011,0.8758219395895882,0,0.012156055614695793,0.0007000700070007,0.8523949426167629,0.00011959975007724832,1.94839565037519e-09,0.08725814023924056,0.4263846464919493
10001,10,4096,10000,0.9705867511152382,0,0.02413169096987488,0,0.8916047307904087,1,0.0,0.008815193103433447,0,0.4956588279617838,0,0.5000670152660016,0,0.0011,0.8917033362133922,0,0.012156055614695793,0.00030003000300030005,0.8523949426167629,0.0004619671673221082,7.787881800558339e-09,0.15267684002473747,0.433908476398415
10001,10,16384,10000,0.888119625223295,0,0.09091292333040016,0,0.9156436287381876,1,0.0,0.004407697254623767,0,0.4979290034404177,0,0.5001334402302691,0,0.0011,0.915650976589433,0,0.012156055614695793,0.00010001000100010001,0.8523949426167629,0.001697830656150645,3.099082750424036e-08,0.21657940595119915,0.4573804489692759
10001,10,65536,10000,0.6382009203530647,0,0.29073746818258284,0,0.9432069770934963,1,0.0,0.002203860876545478,0,0.49916377520511257,0,0.5002662925112941,0,0.0011,0.9432456544512129,0,0.002549826738245331,0.00010001000100010001,0.8523949426167629,0.005137051856670682,1.1650064478119233e-07,0.27584400670127557,0.47509477208023554
10001,12,16,10000,0.9999929862324972,0,5.607040975777124e-06,0,0.8518292563971482,9,0.0,0.1399499340914142,0,0.43002527521554745,0,0.5000002816827233,0,0.0036,0.8516725189249414,0,0.5597298909373446,0.00440396356721049,0.8514629396344209,1.2322615844384543e-07,8.711087406965142e-13,0.00045637694936735327,0.06875484062234882
10001,12,64,10000,0.9999719452361282,0,2.2427960635148973e-05,0,0.8527861727819874,6,0.0,0.07038609216998992,0,0.4648074412842248,0,0.500000524270562,0,0.0036,0.8524866291992816,0,0.4270614426591166,0.003101861116670002,0.8514629396344209,4.7115887324977734e-07,3.3312186342726616e-12,0.0017358075457209422,0.13613097705862587
10001,12,256,10000,0.999887785842555,0,8.970859036070496e-05,0,0.8555468410954592,6,0.0,0.03524463548576463,0,0.48237865842444383,0,0.5000010118288502,0,0.0036,0.8555468410534774,0,0.09372810932578324,0.0021012607564538724,0.8514629396344209,1.8628902143102977e-06,1.3170969870301984e-11,0.006595101609845098,0.24465374373565363
10001,12,1024,10000,0.9995512276328054,0,0.0003587823332749908,0,0.8610564204320548,4,0.0,0.017628772404681747,0,0.49118756684776954,0,0.5000019880978185,0,0.0036,0.8611039849449371,0,0.24144375603072166,0.0012004801920768306,0.8514629396344209,7.429823269122782e-06,5.253019130790908e-11,0.023582337563966126,0.3361073962496842
10001,12,4096,10000,0.9982064223868028,0,0.0014342185907020276,0,0.8702980357164353,1,0.0,0.008815193220202786,0,0.4955963098529882,0,0.5000039412055599,0,0.0036,0.8702714545801954,0,0.44293882481633906,0.0008000800080008001,0.8514629396344209,2.9680464626757885e-05,2.099579454739599e-10,0.06312198532446235,0.4246607300438354
10001,12,16384,10000,0.9928498032132935,0,0.005715941558292854,0,0.8819290796740309,0,0.0,0.004407697492499647,0,0.4978039643517045,0,0.5000078476881779,0,0.0036,0.881989070591854,0,0.30257496838363585,0.0006,0.8514629396344209,0.00011674912587300579,8.395330264310281e-10,0.1232015575511154,0.45940248083047763
10001,12,65536,10000,0.9717716130781833,0,0.022573164909178503,0,0.9002899401118611,0,0.0,0.002203861354976134,0,0.49891369547104536,0,0.5000156606624488,0,0.0036,0.9002899401118605,0,0.07034454791606426,0.0006,0.8514629396344209,0.00044042922476361657,3.3556583400873333e-09,0.18404062053380912,0.45956547826796523
10001,14,16,10000,0.9999995048450001,0,3.8878689162524793e-07,0,0.8563605790316551,34,0.0,0.13994993409141904,0,0.430025049576419,0,0.5000000193269332,0,0.0105,0.8571543493414993,0,0.3204156161908803,0.013947421232189445,0.8569240013042403,8.06562816535461e-09,2.14217532601424e-14,6.879829876353935e-05,0.05818577140702741
10001,14,64,10000,0.9999980193819421,0,1.555146583620548e-06,0,0.857155010945293,24,0.0,0.07038609217001392,0,0.4648069873545614,0,0.5000000359714594,0,0.0105,0.857427652688562,0,0.5062183504724249,0.009121892542101042,0.8569240013042403,3.0839165943152835e-08,8.255618411112668e-14,0.00026282409725568716,0.16200865700362688
10001,14,256,10000,0.9999920775588305,0,6.220570608006515e-06,0,0.8578015948592825,18,0.0,0.03524463548583545,0,0.48237774923430166,0,0.5000000694240473,0,0.0105,0.8579791218649725,0,0.364287431997108,0.005109196553796835,0.8569240013042403,1.219333042312698e-07,3.2588376441822237e-13,0.0010405652798087927,0.2521278213831797
10001,14,1024,10000,0.9999683107323065,0,2.488203081074669e-05,0,0.8599034709446021,10,0.0,0.017628772404860577,0,0.4911857478014634,0,0.5000001364086104,0,0.0105,0.8599050036886667,0,0.42167179140402944,0.0035035035035035035,0.8569240013042403,4.854621986072338e-07,1.2983891739537518e-12,0.004064073345110847,0.3540871871357475
10001,14,4096,10000,0.9998732508805206,0,9.952409744462543e-05,0,0.8638000922381108,8,0.0,0.008815193220585577,0,0.49559267142711305,0,0.5000002704212206,0,0.0105,0.863769623840398,0,0.3244373198421415,0.002702161729383507,0.8569240013042403,1.940402483746606e-06,5.187711371590356e-12,0.014682189387614656,0.37195524784703904
10001,14,16384,10000,0.9994931307128648,0,0.0003980319863353121,0,0.8691948239477508,6,0.0,0.004407697493314805,0,0.4977966873330314,0,0.500000538453025,0,0.0105,0.8691469529357011,0,0.3729026002405609,0.0021012607564538724,0.8569240013042403,7.752709077268882e-06,2.074556637587933e-11,0.04537300470272131,0.39465252499096726
10001,14,65536,10000,0.9979745559904342,0,0.0015910980869818792,0,0.8793188192363383,3,0.0,0.00220386135662549,0,0.4988991413498892,0,0.500001074396021,0,0.0105,0.8792863886766585,0,0.32648616304591926,0.0015004501350405122,0.8569240013042403,3.072253182506701e-05,8.297493248043967e-11,0.09238673673151254,0.4217567025029417
10001,16,16,10000,0.999999966855053,0,2.614340927076242e-08,0,0.8539100308142153,120,0.0,0.13994993409141915,0,0.4300250340503771,0,0.5000000012744452,0,0.0282,0.8537153581650554,0,0.616554370888222,0.02965587044534413,0.8536762290734655,5.33622812604051e-10,6.661338147750939e-16,8.493518290031418e-06,0.046853971568384
10001,16,64,10000,0.9999998674202195,0,1.0457362720206476e-07,0,0.854058038338843,83,0.0,0.07038609217001479,0,0.4648069561200492,0,0.5000000023720144,0,0.0282,0.8537521467910876,0,0.4337096363288808,0.023091660784511445,0.8536762290734655,2.0403219669340444e-09,2.3314683517128287e-15,3.247723902364273e-05,0.1414538028463419
10001,16,256,10000,0.9999994696809942,0,4.1829435032392226e-07,0,0.8543568625886985,62,0.0,0.03524463548583728,0,0.48237768667366066,0,0.5000000045779266,0,0.0282,0.8540915116591442,0,0.38920613541258886,0.017508553028778427,0.8536762290734655,8.06711913936553e-09,8.765210779415616e-15,0.00012844189957274537,0.24399672506908554
10001,16,1024,10000,0.999997878725835,0,1.6731748623821652e-06,0,0.8544959066278068,43,0.0,0.017628772404861798,0,0.4911856226339012,0,0.5000000089949008,0,0.0282,0.854483493236126,0,0.34687193759188517,0.01315657326503967,0.8536762290734655,3.217430000201915e-08,3.5843550350023194e-14,0.0005109736396087629,0.2636399249317446
10001,16,4096,10000,0.9999915149330703,0,6.692658829632325e-06,0,0.855822277318593,29,0.0,0.00881519322058818,0,0.49559242105870627,0,0.5000000178261418,0,0.0282,0.8558569784984987,0,0.33368177649455033,0.009828502657707352,0.8536762290734655,1.2860290199423474e-07,1.454669718015112e-13,0.0019912109437287507,0.26368329644917476
10001,16,16384,10000,0.9999660602079539,0,2.676998541339959e-05,0,0.8586256362215805,19,0.0,0.004407697493321159,0,0.49779618659939506,0,0.5000000355025391,0,0.0282,0.8587736008715319,0,0.416415336275359,0.007414086764853221,0.8536762290734655,5.143153680164936e-07,5.818234782850596e-13,0.007327885372532895,0.3263867832352553
10001,16,65536,10000,0.9998642484421998,0,0.00010706954414418934,0,0.8637604513177733,12,0.0,0.0022038613566378188,0,0.498898140003454,0,0.5000000708378909,0,0.0282,0.8636994892459751,0,0.28291058045239637,0.005606728073688426,0.8536762290734655,2.0571341674546773e-06,2.327632531162749e-12,0.026537286107990426,0.43382232623731254
10001,18,16,10000,0.9999999979348564,0,1.6508765237806896e-09,0,0.8531644206905281,249,0.0,0.13994993409141915,0,0.4300250330276367,0,0.5000000000852816,0,0.0594,0.852035358418648,0,0.5783303589131287,0.05753256076299867,0.8520353583364605,3.485717270379496e-11,1.1102230246251565e-16,1.47685905239614e-06,0.010457751678070948
10001,18,64,10000,0.9999999917394256,0,6.603506086946594e-09,0,0.852833007198157,181,0.0,0.07038609217001517,0,0.4648069540625479,0,0.5000000001587281,0,0.0594,0.8520353586507059,0,0.45858056417942217,0.045320297382625524,0.8520353583364605,1.332763344130683e-10,2.220446049250313e-16,5.646766272993097e-06,0.03979153676255931
10001,18,256,10000,0.9999999669577024,0,2.641402377287858e-08,0,0.8523954421697533,142,0.0,0.035244635485838456,0,0.48237768255256663,0,0.5000000003062788,0,0.0594,0.8520513595457548,0,0.5691610411519842,0.034895516331913165,0.8520353583364605,5.269529812501617e-10,4.440892098500626e-16,2.2325689718299954e-05,0.13020385562847536
10001,18,1024,10000,0.9999998678308164,0,1.0565608839099088e-07,0,0.8530950069588553,103,0.0,0.0176287724048623,0,0.49118561438915964,0,0.5000000006022067,0,0.0594,0.8525902162566291,0,0.601969997441594,0.02748307567949884,0.8520353583364605,2.1016604012658036e-09,1.3322676295501878e-15,8.903008529381194e-05,0.2479014342937823
10001,18,4096,10000,0.9999994713233749,0,4.226242450788356e-07,0,0.8534546770908197,79,0.0,0.008815193220588994,0,0.4955924045746487,0,0.5000000011954825,0,0.0594,0.853335248425446,0,0.3828686914005086,0.019856869267210968,0.8520353583364605,8.400488471504985e-09,4.546363285840021e-15,0.0003540174615082313,0.31734368111160727
10001,18,16384,10000,0.9999978852952436,0,1.6904952428882613e-06,0,0.8541985002003376,52,0.0,0.004407697493322423,0,0.4977961536200539,0,0.500000002377193,0,0.0594,0.8542126897270178,0,0.5784309955446444,0.014776839565741858,0.8520353583364605,3.359579570094695e-08,1.7980061883804415e-14,0.0014041234168003412,0.3333049789607393
10001,18,65536,10000,0.9999915412088859,0,6.761953171294694e-06,0,0.8562513671997815,35,0.0,0.00220386135664001,0,0.4988980740000346,0,0.500000004688689,0,0.0594,0.8562533753230281,0,0.4113008209828706,0.011239337681886603,0.8520353583364605,1.3437691670503682e-07,7.338019081259973e-14,0.005369348340719353,0.40902470384913325
10001,20,16,10000,0.9999999998920339,0,8.984681240301541e-11,0,0.8591901079425196,503,0.0,0.13994993409141926,0,0.4300250329581554,0,0.5000000000044941,0,0.1088,0.8574294910520461,0,0.6329632956619091,0.10476992734547752,0.8574294910520344,1.8058332607040484e-12,-1.1102230246251565e-16,1.5916937987636695e-07,0.0027782832779613686
10001,20,64,10000,0.9999999995681355,0,3.593871940753567e-10,0,0.8584031151014533,379,0.0,0.07038609217001539,0,0.46480695392277455,0,0.5000000000083722,0,0.1088,0.8574294910520797,0,0.5467558532264654,0.08387901465544122,0.8574294910520344,6.9040329009339985e-12,0.0,6.085893353102715e-07,0.010494578692757495
10001,20,256,10000,0.9999999982725419,0,1.4375488314037261e-09,0,0.857949110844442,287,0.0,0.03524463548583913,0,0.4823776822726757,0,0.5000000000161662,0,0.1088,0.8574294910522138,0,0.48925398975875156,0.06537629980438588,0.8574294910520344,2.7295332660770555e-11,0.0,2.4062769836963286e-06,0.03870815812422235
10001,20,1024,10000,0.999999993090168,0,5.7501953190732724e-09,0,0.8574623899406133,200,0.0,0.01762877240486241,0,0.4911856138287437,0,0.5000000000317344,0,0.1088,0.8576807312215939,0,0.5979234017991326,0.05183673469387755,0.8574294910520344,1.0886214152350249e-10,1.1102230246251565e-16,9.597152756074521e-06,0.10191365688143339
10001,20,4096,10000,0.9999999723606723,0,2.300078122713812e-08,0,0.8580277564805396,143,0.0,0.008815193220589355,0,0.49559240345264605,0,0.5000000000635008,0,0.1088,0.8579049332777281,0,0.5691429810876955,0.040478847519529265,0.8574294910520344,4.351309867978159e-10,3.3306690738754696e-16,3.836265706350645e-05,0.15990599281811635
10001,20,16384,10000,0.9999998894426947,0,9.200312156856031e-08,0,0.8583116250880651,99,0.0,0.004407697493323054,0,0.4977961513800291,0,0.5000000001272524,0,0.1088,0.8580528974930192,0,0.4381759825316923,0.03110796889203111,0.8574294910520344,1.7402054242054987e-09,8.881784197001252e-16,0.0001534559228280051,0.29871834071342496
10001,20,65536,10000,0.9999995577708727,0,3.6801243411112433e-07,0,0.8586954361247807,68,0.0,0.002203861356641258,0,0.49889806960503946,0,0.5000000002839851,0,0.1088,0.8587729770700407,0,0.4453814052652948,0.023862263391059204,0.8574294910520344,6.960502174635508e-09,2.992051051364802e-15,0.0006125262474265856,0.35791939646504023
10001,22,16,10000,0.9999999999916014,0,6.776856853463187e-12,0,0.8578770611213122,994,0.0,0.1399499340914193,0,0.4300250329545726,0,0.5000000000003282,0,0.1915,0.8563546388420666,0,0.6354116361005857,0.1644459249389296,0.8563546373795923,1.2956302697375577e-13,-2.220446049250313e-16,1.753913630442287e-08,0.00015398320345727523
10001,22,64,10000,0.9999999999664058,0,2.710753843615521e-11,0,0.8587761022781206,783,0.0,0.07038609217001576,0,0.4648069539155604,0,0.5000000000006108,0,0.1915,0.8563546429714067,0,0.559559730747641,0.13399153737658676,0.8563546373795923,4.952149801340511e-13,-1.1102230246251565e-16,6.706140385226363e-08,0.0005883548552524376
10001,22,256,10000,0.9999999998656228,0,1.0843032027807453e-10,0,0.8581959341393012,619,0.0,0.03524463548583965,0,0.4823776822582231,0,0.5000000000011849,0,0.1915,0.8563546594887658,0,0.6418139612457139,0.1097963969726042,0.8563546373795923,1.9589885269510887e-12,-1.1102230246251565e-16,2.651504596939941e-07,0.002319689704173067
10001,22,1024,10000,0.9999999994624915,0,4.337210590676932e-10,0,0.8576616459793471,470,0.0,0.017628772404862332,0,0.4911856137999176,0,0.5000000000023915,0,0.1915,0.8564593120803139,0,0.662167128983197,0.08992654774396643,0.8563546373795923,7.81325004695077e-12,0.0,1.0575064646189846e-06,0.009135939166593943
10001,22,4096,10000,0.9999999978499658,0,1.734884291781924e-09,0,0.8575305388633211,363,0.0,0.008815193220589355,0,0.4955924033971983,0,0.5000000000075597,0,0.1915,0.856481972156873,0,0.5836487838933584,0.06879734357165093,0.8563546373795923,3.123074021615935e-11,0.0,4.2269270001781935e-06,0.034117011015916576
10001,22,16384,10000,0.9999999913998633,0,6.93953733366115e-09,0,0.8567987184053925,270,0.0,0.004407697493323081,0,0.4977961512636876,0,0.500000000010395,0,0.1915,0.8564968320660572,0,0.526454196854784,0.05704008221993834,0.8563546373795923,1.2489925760306164e-10,0.0,1.6746858989252655e-05,0.09935399609706108
10001,22,65536,10000,0.9999999655994536,0,2.7758148668510785e-08,0,0.8568445677373671,200,0.0,0.002203861356641258,0,0.49889806944913184,0,0.500000000127733,0,0.1915,0.8567986939739318,0,0.45994410525424434,0.04653061224489796,0.8563546373795923,4.995742153290905e-10,1.1102230246251565e-16,6.698259294515796e-05,0.21936625015818523
10001,24,16,10000,0.9999999999994871,0,4.189426583423028e-13,0,0.8571428571428571,1642,0.0,0.13994993409141934,0,0.43002503295430905,0,0.5000000000000218,0,0.2849,0.8541446110307802,0,0.6436640601383004,0.22529313232830822,0.8541446105743755,8.659739592076221e-15,-4.440892098500626e-16,2.391933784373629e-09,0.00013261448121448804
10001,24,64,10000,0.9999999999979485,0,1.6755485887642863e-12,0,0.8568107611619015,1344,0.0,0.07038609217001596,0,0.46480695391503035,0,0.5000000000000409,0,0.2849,0.8541446123194513,0,0.6344289523280849,0.18807763401109057,0.8541446105743755,3.302913498259841e-14,-3.3306690738754696e-16,9.145633866891579e-09,0.0005071535693815798
10001,24,256,10000,0.9999999999917943,0,6.702194355057145e-12,0,0.8559181975894726,1073,0.0,0.03524463548583982,0,0.4823776822571663,0,0.5000000000000897,0,0.2849,0.8541446174741358,0,0.5390138966750505,0.15951607482916993,0.8541446105743755,1.3067324999838092e-13,-2.220446049250313e-16,3.616043371956748e-08,0.002006647962628727
10001,24,1024,10000,0.9999999999671776,0,2.6809054975984736e-11,0,0.8555528289149296,843,0.0,0.017628772404862176,0,0.49118561379806003,0,0.5000000000005003,0,0.2849,0.8541446380928719,0,0.6355824424308627,0.13465108660041497,0.8541446105743755,5.21027665456586e-13,-2.220446049250313e-16,1.4421970286337926e-07,0.008019085431706485
10001,24,4096,10000,0.9999999998687104,0,1.0723633092624141e-10,0,0.8552198744498914,661,0.0,0.008815193220589355,0,0.495592403395798,0,0.5000000000061467,0,0.2849,0.8541447205678022,0,0.5339527130568901,0.10889816896884034,0.8541446105743755,2.0808355039036996e-12,-1.1102230246251565e-16,5.764578801858975e-07,0.03189061603209331
10001,24,16384,10000,0.9999999994748416,0,4.2894515717151194e-10,0,0.8556106489185016,516,0.0,0.004407697493323081,0,0.4977961512588005,0,0.5000000000054857,0,0.2849,0.8542623912994738,0,0.49284875003319084,0.09162800506115563,0.8541446105743755,8.319345212726148e-12,0.0,2.305428207149957e-06,0.11027062114850494
10001,24,65536,10000,0.9999999978993667,0,1.715780462152594e-09,0,0.8553703084146739,401,0.0,0.002203861356641258,0,0.49889806934084724,0,0.5000000000192097,0,0.2849,0.8544446560236965,0,0.5790384944825799,0.07479945827690385,0.8541446105743755,3.327416120413318e-11,0.0,9.221591257169129e-06,0.2224423303617663
10002,2,16,10000,0.04563087837526447,0,0.9288272316281669,0,0.989662253741608,0,0.0,0.11776452029737643,0,0.6812546045194142,0,0.7716225336764461,0,0.0,0.9896622537416089,0,2.3695490014574716e-12,0.0,0.8528068762509369,0.06147212951240638,0.00035097869291737533,0.27666181593877764,0.3229617704472143
10002,2,64,10000,0.00021151099499399804,0,0.9996755334512752,0,0.9999336849559095,0,0.0,0.03146821791950059,0,0.8863047746421748,0,0.9150447364155948,0,0.0,0.9999336849559095,0,1.2573275753879898e-12,0.0,0.8528068762509369,0.0880010074205842,0.0006196485113629691,0.34417614250400913,0.39392693707339654
10002,2,256,10000,4.4319260122204267e-13,0,0.999999999999289,0,0.9999999999996079,0,0.0,0.0012585161891370366,0,0.9945910205132547,0,0.9958433463291839,0,0.0,0.9999999999998406,0,7.237543897531395e-13,0.0,0.8528068762509369,0.10985065021112844,0.0008882382790486589,0.3887466099036771,0.4397172361698948
10002,2,1024,10000,4.312868220902913e-47,0,1.0,0,1.0,0,0.0,2.6584395359603336e-08,0,0.999999878862957,0,0.9999999049764412,0,0.0,1.0,0,3.169242646094972e-12,0.0,0.8528068762509369,0.12562522806228926,0.0011506131417547535,0.4194964390239532,0.4669616195007583
10002,2,4096,10000,9.995988508390051e-207,0,1.0,0,1.0,0,0.0,3.9676638897105846e-26,0,0.9999999999996849,0,0.9999999999996985,0,0.0,1.0,0,1.4806711412518325e-11,0.0,0.8528068762509369,0.13437255422250693,0.0013271801881445504,0.43542677720506506,0.4821152199833012
10002,2,16384,10000,0.0,0,1.0,0,1.0,0,0.0,3.2835145908236255e-99,0,1.0,0,1.0,0,0.0,1.0,0,7.69913022224955e-11,0.0,0.8528068762509369,0.1394595174238757,0.0014279752950351445,0.4465373207108338,0.49024115839366456
10002,2,65536,10000,0.0,0,1.0,0,1.0,0,0.0,0.0,0,0.9999999999685001,0,0.9999999999685247,0,0.0,1.0,0,3.5588110236517423e-10,0.0,0.8528068762509369,0.14318477403995655,0.0015202983989168583,0.4533157631699804,0.4949068576973611
10002,4,16,10000,0.6084638816815882,0,0.30776184681330065,0,0.9144287831983187,0,0.0,0.13987045548255256,0,0.4483436914827075,0,0.5212690313314869,0,0.0,0.9144287831983193,0,5.934846580846198e-08,0.0,0.8531910218978882,0.0077261311444276615,4.205017562614044e-06,0.16750879047765374,0.31943884692428226
10002,4,64,10000,0.2221188259966092,0,0.615773325419673,0,0.9553497418428583,0,0.0,0.07014214206188843,0,0.5016500265002569,0,0.5395169230034029,0,0.0,0.9553497418428589,0,3.70514255942922e-08,0.0,0.8531910218978882,0.02154772971087565,1.5512685696533753e-05,0.24938087720078006,0.3880368497390755
10002,4,256,10000,0.03950533931402617,0,0.916171514603463,0,0.9898282179408964,0,0.0,0.03467385429829809,0,0.5559321768099983,0,0.5759198783334357,0,0.0,0.9898282179408964,0,1.2417780137496948e-09,0.0,0.8531910218978882,0.04408782383873294,4.8275781181422745e-05,0.3130647434666903,0.4343154386172484
10002,4,1024,10000,0.0003071552666568557,0,0.9993598843440814,0,0.9998633052948587,0,0.0,0.0164715386754389,0,0.6359435809736489,0,0.646590024651476,0,0.0,0.9998633052948587,0,3.864695341526669e-09,0.0,0.8531910218978882,0.067946365551111,0.00013332006768891353,0.35790567750578517,0.4645913457315931
10002,4,4096,10000,6.879192172100607e-12,0,0.9999999999868365,0,0.9999999999947298,0,0.0,0.006712411439526621,0,0.7668011568807206,0,0.7719791084222325,0,0.0,0.9999999999962085,0,1.0460158295089172e-09,0.0,0.8531910218978882,0.09008764631390109,0.00030568831342351336,0.39135672268705196,0.47945339543145205
10002,4,16384,10000,6.235682503780962e-42,0,1.0,0,1.0,0,0.0,0.001478494595183291,0,0.9296575540672241,0,0.931032754285,0,0.0,1.0,0,9.251355237438474e-11,0.0,0.8531910218978882,0.10828414435566214,0.0005410720337896191,0.41294892531371186,0.4879063627437489
10002,4,65536,10000,8.263960668207663e-179,0,0.99999999999861,0,0.999999999999263,0,0.0,2.7865351869671406e-05,0,0.9984354351425749,0,0.9984631799446522,0,0.0,1.0,0,3.834970119243053e-10,0.0,0.8531910218978882,0.11926139059988555,0.0007951865420630478,0.42725577930794684,0.4922805607020849
10002,6,16,10000,0.9704232202272356,0,0.02334938360161909,0,0.8750981438843422,0,0.0,0.13994972692729735,0,0.43106194880974535,0,0.5012078948722103,0,0.0,0.8750981438843424,0,3.5245208205303413e-06,0.0,0.8565861037597287,0.0005204502893151886,5.345564060843523e-08,0.06283402578761421,0.27529878644528827
10002,6,64,10000,0.8884603607606898,0,0.08838298960118349,0,0.8954894428346462,0,0.0,0.07038537322999622,0,0.46689733542872536,0,0.5022481366025822,0,0.0,0.8954894428346447,0,6.957498832615983e-07,0.0,0.8565861037597287,0.0018803038436027708,2.0438910428022266e-07,0.13681661637535864,0.3706929207619306
10002,6,256,10000,0.6383568145824511,0,0.28894545750107714,0,0.9287883298593469,0,0.0,0.035242908758737965,0,0.4865645229354273,0,0.5043387823227675,0,0.0,0.9287883298593476,0,8.350047066008059e-07,0.0,0.8565861037597287,0.006489752689538497,8.081213397681533e-07,0.21441218258967376,0.4228957008439288
10002,6,1024,10000,0.24386340583211055,0,0.5920282739279733,0,0.9639866815031348,0,0.0,0.017625010358775343,0,0.4995619040105663,0,0.5085245938317657,0,0.0,0.9639866815031353,0,8.350063592788004e-07,0.0,0.8565861037597287,0.01695563201918099,3.1380318824381122e-06,0.2812262355181409,0.44752648143352347
10002,6,4096,10000,0.04482262143865826,0,0.8963938867608474,0,0.9908693958334283,0,0.0,0.00880747867965836,0,0.5123428271297689,0,0.5168953446807311,0,0.0,0.9908693958334287,0,6.263459895183843e-08,0.0,0.8565861037597287,0.03515600236730515,1.0965882481300816e-05,0.3281541686996417,0.4674496231949047
10002,6,16384,10000,0.0005608538424089066,0,0.9986345143054773,0,0.999785831307609,0,0.0,0.00439224633699823,0,0.5312682575589879,0,0.5336119783531041,0,0.0,0.999785831307609,0,6.266104068952671e-08,0.0,0.8565861037597287,0.05694352705290506,3.9506579647263806e-05,0.36471385637233533,0.48154763809804324
10002,6,65536,10000,1.1118943384104657e-10,0,0.9999999996935388,0,0.9999999998007342,0,0.0,0.0021729923421909833,0,0.5656075274065608,0,0.566839264787572,0,0.0,0.9999999999331193,0,9.862267225102528e-09,0.0,0.8565861037597287,0.0791623438634157,0.00011866680693152222,0.3949876918111272,0.49168080188665697
10002,8,16,10000,0.9980746601586559,0,0.0015192792688238834,0,0.8635701444950264,0,0.0,0.13994993347362994,0,0.43009395189381183,0,0.5000801325357188,0,0.0002,0.8635701446229778,0,0.021042808378229694,0.0002,0.8581541370282827,3.217706147984334e-05,1.3540884857832226e-09,0.014261395131325292,0.2568303348334038
10002,8,64,10000,0.9923303426792051,0,0.006056532796866146,0,0.8723697239106013,0,0.0,0.07038608949971772,0,0.4649456018063097,0,0.5001491434366503,0,0.0002,0.872369723910807,0,0.005000492455885297,0.0001,0.8581541370282827,0.0001221612094464697,5.17739667804662e-09,0.046965563747929366,0.336111738804615
10002,8,256,10000,0.9697011672199682,0,0.023936087634196232,0,0.8870882665933495,0,0.0,0.03524462834181011,0,0.4826553845942342,0,0.5002878430110279,0,0.0002,0.887088266593377,0,0.0013404851385007133,0.0001,0.8581541370282827,0.0004695703541884866,2.0470624989554765e-08,0.11192611795818926,0.35958468931899834
10002,8,1024,10000,0.8854974097288335,0,0.09084535854712891,0,0.9090951843584805,0,0.0,0.017628756786217305,0,0.4917412218108369,0,0.500565569768084,0,0.0002,0.90909518435848,0,0.0002550753842057718,0.0,0.8581541370282827,0.0017522871542522411,8.164346398387146e-08,0.18651998494826785,0.43114317180957684
10002,8,4096,10000,0.6331238372521346,0,0.29487654819398845,0,0.939223667896387,0,0.0,0.008815160348783883,0,0.4967037200935309,0,0.5011211830155211,0,0.0002,0.939223667896387,0,0.00016221509179625837,0.0,0.8581541370282827,0.005725901710221137,3.258280565299199e-07,0.2488404207471243,0.4563486308045024
10002,8,16384,10000,0.23526552129504832,0,0.6039962192623756,0,0.9698755956475428,0,0.0,0.004407630588138501,0,0.5000188269264723,0,0.5022324814224167,0,0.0002,0.9698755956475433,0,4.203327421692382e-05,0.0,0.8581541370282827,0.014895079983880455,1.2388117016925999e-06,0.30647541678600965,0.47321715544464393
10002,8,65536,10000,0.040446033578866857,0,0.8986860314311982,0,0.9924212721019046,0,0.0,0.0022037265994020983,0,0.5033433772573253,0,0.5044550572490721,0,0.0002,0.9924212721019046,0,9.028817286260704e-06,0.0,0.8581541370282827,0.02931560695473323,4.708236378270228e-06,0.3447736367165905,0.4791028908154753
10002,10,16,10000,0.9998721425574723,0,0.00010276570561628274,0,0.8564763456310213,3,0.0,0.13994993408952933,0,0.430029383281922,0,0.5000050582215583,0,0.0006,0.8565066406543561,0,0.020488910361310286,0.0007002100630189057,0.8547094981470444,2.0646640458976684e-06,3.0406138717964384e-11,0.002915250590704973,0.14153133408567298
10002,10,64,10000,0.9994887135672984,0,0.0004109506544822773,0,0.8598002147208648,1,0.0,0.07038609216054348,0,0.46481570568994873,0,0.5000094144101833,0,0.0006,0.859761766928751,0,0.3802067716453065,0.0006000600060006001,0.8547094981470444,7.891244483249071e-06,1.1625848062024602e-10,0.0107249068905821,0.26094008810742897
10002,10,256,10000,0.9979568605785647,0,0.0016420099778923078,0,0.8658058308985946,1,0.0,0.03524463545856652,0,0.4823952114656849,0,0.5000181695715957,0,0.0006,0.8657961889452979,0,0.11979322835469364,0.00030003000300030005,0.8547094981470444,3.10561937001963e-05,4.5966781492268184e-10,0.03569467027359555,0.32377958842006227
10002,10,1024,10000,0.9918623041925616,0,0.006539488192801434,0,0.8780865862306677,1,0.0,0.017628772342229336,0,0.49122068505548033,0,0.5000357005813103,0,0.0006,0.8780044604746211,0,0.025047098766496245,0.00020002000200020003,0.8547094981470444,0.00012148567129199872,1.8333050855190437e-09,0.08651424368862512,0.41019381192638027
10002,10,4096,10000,0.9679822387689193,0,0.025726750983283864,0,0.8927184676992688,0,0.0,0.008815193089345665,0,0.49566255232208456,0,0.5000707727396256,0,0.0006,0.8927090799581463,0,0.14134907656210338,0.0002,0.8547094981470444,0.000471265850784941,7.3278510481777914e-09,0.1577972647048446,0.45895628843829817
10002,10,16384,10000,0.8791679242127001,0,0.09672639676444901,0,0.9194902361582586,0,0.0,0.004407697222832742,0,0.49793645233431033,0,0.5001409220865839,0,0.0006,0.9194902361582564,0,0.025317590104563248,0.0002,0.8547094981470444,0.001715468513768692,2.9249937527620086e-08,0.21970191767398198,0.4613685755463509
10002,10,65536,10000,0.6145399935322988,0,0.30513406274765514,0,0.9470890673186992,0,0.0,0.002203860813802654,0,0.49917867321090603,0,0.5002812233938658,0,0.0006,0.9470890673187002,0,0.01634907656210305,0.0001,0.8547094981470444,0.00536882783400372,1.1347497428926268e-07,0.2792012592757358,0.48570231749738935
10002,12,16,10000,0.9999912787209281,0,7.0783761189630034e-06,0,0.8516468019590713,12,0.0,0.13994993409141007,0,0.43002534940350684,0,0.5000003679427923,0,0.0046,0.851546373562454,0,0.39312969259277175,0.004405286343612335,0.8512279201028065,1.405506609430951e-07,1.0028200492229191e-12,0.0005147230168564095,0.10337659685940093
10002,12,64,10000,0.9999651154210909,0,2.831301534944597e-05,0,0.8519787062502937,7,0.0,0.07038609216996791,0,0.46480759053194537,0,0.5000006848186296,0,0.0046,0.8519480086379981,0,0.2892098792038429,0.003502451716201341,0.8512279201028065,5.374023556159457e-07,3.834221828924456e-12,0.0019267042304607015,0.20190203924926065
10002,12,256,10000,0.9998604702819329,0,0.00011324423591702049,0,0.855406207503366,5,0.0,0.03524463548570441,0,0.48237895735748626,0,0.5000013216825405,0,0.0046,0.8553428213639075,0,0.31994144996529805,0.0022011005502751376,0.8512279201028065,2.1248500133297377e-06,1.516001768564479e-11,0.0073904379616953645,0.30455108774633755
10002,12,1024,10000,0.999442018657615,0,0.00045285177085457873,0,0.861443279767367,3,0.0,0.017628772404527912,0,0.4911881649319234,0,0.5000025969145945,0,0.0046,0.8614385728504667,0,0.16039420902197998,0.0012003601080324098,0.8512279201028065,8.47529406267089e-06,6.046304568130268e-11,0.0269139282167586,0.3390753622572754
10002,12,4096,10000,0.9977702731116671,0,0.0018094065482922583,0,0.8706633318010882,3,0.0,0.008815193219883465,0,0.4955975061204833,0,0.5000051481120206,0,0.0046,0.8706538129346212,0,0.16039420902197998,0.0009002700810243073,0.8512279201028065,3.374617486684439e-05,2.416751077038981e-10,0.07420830728886282,0.43605933409571496
10002,12,16384,10000,0.9911161407340261,0,0.007212833692216574,0,0.8869692573069599,2,0.0,0.00440769749189725,0,0.49780635695527375,0,0.5000102508840101,0,0.0046,0.8869692573074457,0,0.03539420902197987,0.000600120024004801,0.8512279201028065,0.0001309714042928567,9.665231615052507e-10,0.14069250455048762,0.45632984043110625
10002,12,65536,10000,0.9650207896356283,0,0.028352543189160084,0,0.9060856570611524,0,0.0,0.002203861353754857,0,0.49891848098005315,0,0.50002045674075,0,0.0046,0.9061469421511577,0,0.1428146148585574,0.0005,0.8512279201028065,0.000502739696768506,3.86591557099969e-09,0.20503371264531609,0.46496618939717527
10002,14,16,10000,0.9999994439960467,0,4.419451092307902e-07,0,0.8542391987056042,24,0.0,0.13994993409141904,0,0.43002505199662655,0,0.5000000221409624,0,0.009,0.8540921159263205,0,0.38401069487632344,0.012129109863672815,0.8540601544784425,8.12373851521997e-09,2.884914529488471e-14,7.290812754602858e-05,0.06928892147462573
10002,14,64,10000,0.9999977759865075,0,1.7677791299686163e-06,0,0.8545842217484009,13,0.0,0.07038609217001386,0,0.4648069922234304,0,0.5000000412089763,0,0.009,0.8543101841233325,0,0.2781458571591511,0.009512366075898669,0.8540601544784425,3.1061353322758833e-08,1.092459456231154e-13,0.0002788024733003656,0.1817706528596591
10002,14,256,10000,0.9999911039831633,0,7.07109560804664e-06,0,0.8553142763596925,9,0.0,0.03524463548583525,0,0.48237775898624513,0,0.5000000795322499,0,0.009,0.8551098070069018,0,0.3930637820291748,0.006405765188669803,0.8540601544784425,1.2281181066553515e-07,4.3202663668751033e-13,0.0011016930862698094,0.3199904121738113
10002,14,1024,10000,0.9999644165267683,0,2.8284047847826344e-05,0,0.8567508752722643,4,0.0,0.01762877240486039,0,0.4911857673117327,0,0.5000001562689929,0,0.009,0.8566295146340471,0,0.3430449858484143,0.003601440576230492,0.8540601544784425,4.898136197750702e-07,1.7206402969094371e-12,0.004315309589191586,0.37263722441402836
10002,14,4096,10000,0.9998576756123256,0,0.00011313083827368953,0,0.8610224532844635,3,0.0,0.008815193220585264,0,0.4955927104409271,0,0.500000309782008,0,0.009,0.8610094840802396,0,0.13240102915472085,0.002100630189056717,0.8540601544784425,1.955321908553298e-06,6.8767214145282204e-12,0.015435229340003043,0.3735824296308997
10002,14,16384,10000,0.9994308544954305,0,0.0004524377179476735,0,0.8684880034610919,3,0.0,0.004407697493314123,0,0.4977967653766404,0,0.5000006168421524,0,0.009,0.8684681434219711,0,0.0268692871500682,0.0009002700810243073,0.8540601544784425,7.80736412869798e-06,2.7500324240037346e-11,0.04499825129131577,0.3999604365236339
10002,14,65536,10000,0.9977258482955405,0,0.0018083816521111684,0,0.8786005581630097,2,0.0,0.0022038613566239015,0,0.49889929771343466,0,0.5000012311049316,0,0.009,0.87853936585704,0,0.07927584276584543,0.0007001400280056011,0.8540601544784425,3.1141744491203216e-05,1.099965951656401e-10,0.09790393890558935,0.4385297535831225
10002,16,16,10000,0.9999999697224722,0,2.4414490108071332e-08,0,0.8533993302359109,87,0.0,0.13994993409141915,0,0.43002503406811204,0,0.500000001295066,0,0.0256,0.8532528253241141,0,0.4905912398037813,0.029254514274185413,0.8532528034193403,5.494615318291096e-10,1.1102230246251565e-15,8.762037900678066e-06,0.01128161055626098
10002,16,64,10000,0.9999998788898965,0,9.765795385632307e-08,0,0.8533499967928253,51,0.0,0.07038609217001474,0,0.464806956155725,0,0.5000000024103908,0,0.0256,0.8532634049235379,0,0.4991282902016112,0.02271585083928033,0.8532528034193403,2.1008824679924487e-09,3.552713678800501e-15,3.3500007454678653e-05,0.04064657318552756
10002,16,256,10000,0.9999995155597081,0,3.9063171020992616e-07,0,0.853350169781113,35,0.0,0.03524463548583744,0,0.4823776867450974,0,0.5000000046519733,0,0.0256,0.8536773132928817,0,0.5531206183387087,0.016658304064224787,0.8532528034193403,8.30656465833357e-09,1.4099832412739488e-14,0.00013242375392301072,0.10984116780302056
10002,16,1024,10000,0.9999980622407827,0,1.5625251573957918e-06,0,0.8545409520127831,24,0.0,0.017628772404861954,0,0.4911856227773871,0,0.5000000091409627,0,0.0256,0.8542191394100038,0,0.549276665897468,0.011828388131515637,0.8532528034193403,3.312927232546059e-08,5.594413821086165e-14,0.0005276662412256642,0.19443008701630393
10002,16,4096,10000,0.9999922489943396,0,6.250073694605102e-06,0,0.8556815070639007,16,0.0,0.00881519322058818,0,0.4955924213561623,0,0.5000000181262434,0,0.0256,0.8555869979641674,0,0.5190156742080527,0.0078125,0.8532528034193403,1.3241975266309325e-07,2.2341017924532042e-13,0.0020552768423092874,0.3135701942412874
10002,16,16384,10000,0.9999689964766896,0,2.4999863826743686e-05,0,0.8575016923598294,9,0.0,0.004407697493321257,0,0.4977961871804413,0,0.5000000360861605,0,0.0256,0.8575241594085813,0,0.2775086911567964,0.005504954459013112,0.8532528034193403,5.295760731049981e-07,8.934519790670955e-13,0.0077829341452773015,0.39326410181514315
10002,16,65536,10000,0.9998759938955748,0,9.999256059032335e-05,0,0.8619883289546605,8,0.0,0.0022038613566379185,0,0.49889814103963015,0,0.500000071876358,0,0.0256,0.8619414607198261,0,0.11470383252015814,0.0033026421136909527,0.8532528034193403,2.118111741722384e-06,3.5733915826341477e-12,0.024962775926199422,0.4293730684257333
10002,18,16,10000,0.9999999978610343,0,1.653709669202641e-09,0,0.8552136464544422,220,0.0,0.13994993409141915,0,0.4300250330262414,0,0.5000000000836593,0,0.0569,0.8542519372844961,0,0.6256160057615783,0.059406952965235175,0.8542519372844962,3.4379887825508604e-11,1.1102230246251565e-16,1.1657592137059737e-06,0.012361263516833865
10002,18,64,10000,0.9999999914441375,0,6.614838676810564e-09,0,0.8548912003978755,164,0.0,0.07038609217001517,0,0.46480695405973316,0,0.5000000001556997,0,0.0569,0.8542519372844961,0,0.4630751860923854,0.047071980479869865,0.8542519372844962,1.31451960427853e-10,2.220446049250313e-16,4.457313182776266e-06,0.047148543643184104
10002,18,256,10000,0.9999999657765508,0,2.64593544296865e-08,0,0.8551519681977178,122,0.0,0.03524463548583855,0,0.48237768254698565,0,0.5000000003004963,0,0.0569,0.8543457465757662,0,0.4933719443779321,0.03421745292569346,0.8542519372844962,5.197408614598942e-10,5.551115123125783e-16,1.762350747713785e-05,0.14391828619140268
10002,18,1024,10000,0.9999998631062106,0,1.0583740944758446e-07,0,0.8551980315532901,84,0.0,0.017628772404862332,0,0.4911856143776062,0,0.500000000590447,0,0.0569,0.8546668219985707,0,0.3984167191862166,0.024606696248487294,0.8542519372844962,2.0728956884319416e-09,1.7763568394002505e-15,7.028793485849766e-05,0.2853223089123258
10002,18,4096,10000,0.9999994524249606,0,4.2334950939304505e-07,0,0.8553569627389606,62,0.0,0.008815193220588994,0,0.4955924045509364,0,0.5000000011715591,0,0.0569,0.8551980322015025,0,0.5033003103945121,0.018414167840611794,0.8542519372844962,8.285514996320131e-09,5.88418203051333e-15,0.00028093976302961124,0.3650326976495807
10002,18,16384,10000,0.9999978097017317,0,1.6933959841036739e-06,0,0.8573791868482495,44,0.0,0.004407697493322427,0,0.4977961535738237,0,0.500000002330757,0,0.0569,0.8569468046114892,0,0.4447598240912102,0.013157894736842105,0.8542519372844962,3.313599189480598e-08,2.3092638912203256e-14,0.0011069428857012076,0.3691747269370719
10002,18,65536,10000,0.9999912388371566,0,6.773551079697349e-06,0,0.8597918187950696,23,0.0,0.0022038613566399455,0,0.4988980740017407,0,0.5000000046903963,0,0.0569,0.8589302606313469,0,0.43710050192474714,0.01092512779392603,0.8542519372844962,1.3253787162215147e-07,9.258704913861493e-14,0.004371041032608391,0.38226314987706056
10002,20,16,10000,0.9999999998620934,0,1.1193071037152042e-10,0,0.8544004942111818,528,0.0,0.13994993409141926,0,0.43002503295902594,0,0.500000000005506,0,0.107,0.8527213427108062,0,0.49678948482904983,0.10219594594594594,0.8527213301231118,2.2168378244202813e-12,-1.1102230246251565e-16,1.2538127467376308e-07,0.0011608903405050386
10002,20,64,10000,0.9999999994483735,0,4.477228413081429e-10,0,0.8537512121786711,415,0.0,0.07038609217001539,0,0.46480695392451404,0,0.5000000000102414,0,0.107,0.8527213782525284,0,0.5464114182696598,0.07866458007303077,0.8527213301231118,8.478440172154933e-12,0.0,4.793990880158615e-07,0.004446766097838006
10002,20,256,10000,0.9999999977934938,0,1.790891362385558e-09,0,0.8542034924229891,298,0.0,0.03524463548583907,0,0.4823776822761504,0,0.5000000000197673,0,0.107,0.8527215204193698,0,0.5916845395894803,0.06091527520098949,0.8527213301231118,3.352351729546399e-11,0.0,1.8954717843633246e-06,0.017633541102388905
10002,20,1024,10000,0.9999999911739752,0,7.163565403990039e-09,0,0.8536760284905482,228,0.0,0.017628772404862426,0,0.49118561383562037,0,0.5000000000387349,0,0.107,0.8529458002600698,0,0.5415279384900314,0.048505935325419566,0.8527213301231118,1.3370354823294406e-10,1.1102230246251565e-16,7.559785637811752e-06,0.06737785960465781
10002,20,4096,10000,0.9999999646959015,0,2.8654260887124926e-08,0,0.8538782164883597,159,0.0,0.008815193220589355,0,0.49559240346648326,0,0.500000000077462,0,0.107,0.8530493780010534,0,0.5644844240888415,0.038410730616807234,0.8527213301231118,5.344242270943766e-10,3.3306690738754696e-16,3.0217409730376305e-05,0.18061970855482024
10002,20,16384,10000,0.9999998587836164,0,1.1461703188713753e-07,0,0.8535755179896176,114,0.0,0.004407697493323081,0,0.4977961514070477,0,0.5000000001543903,0,0.107,0.8532788935423461,0,0.5068067662093365,0.03155978150920494,0.8527213301231118,2.1373053882278725e-09,6.661338147750939e-16,0.00012037947523685347,0.2627924660241592
10002,20,65536,10000,0.9999994351346317,0,4.584679409668305e-07,0,0.8542330164830919,81,0.0,0.0022038613566412475,0,0.49889806964818123,0,0.5000000003272224,0,0.107,0.8540549493746488,0,0.4757826310098249,0.024296804113317874,0.8527213301231118,8.548833585475535e-09,1.887379141862766e-15,0.00047509706534174683,0.2697725626710279
10002,22,16,10000,0.9999999999923086,0,6.098944145554594e-12,0,0.8595559721064043,990,0.0,0.1399499340914193,0,0.4300250329545471,0,0.5000000000002986,0,0.1883,0.8573076094693708,0,0.5628546063953523,0.16071032186459488,0.8573076093716324,1.2179146580137967e-13,-2.220446049250313e-16,1.9857288752200736e-08,0.00040532197522025193
10002,22,64,10000,0.9999999999692346,0,2.4395832093206652e-11,0,0.8585188591745471,791,0.0,0.07038609217001576,0,0.46480695391551635,0,0.5000000000005638,0,0.1883,0.8573076097453396,0,0.46196961160142014,0.1298729503746335,0.8573076093716324,4.647948692593218e-13,-1.1102230246251565e-16,7.592493497798855e-08,0.0015507050508958287
10002,22,256,10000,0.9999999998769387,0,9.758321734791664e-11,0,0.8580475364993159,612,0.0,0.03524463548583968,0,0.4823776822581199,0,0.5000000000010771,0,0.1883,0.8573076108492141,0,0.604090056495924,0.10492117596932254,0.8573076093716324,1.8377521726620216e-12,-1.1102230246251565e-16,3.001956213610754e-07,0.006142967877281302
10002,22,1024,10000,0.9999999995077546,0,3.903329248610976e-10,0,0.8572902976359162,481,0.0,0.017628772404862353,0,0.4911856137996983,0,0.5000000000021676,0,0.1883,0.8573076152647114,0,0.5484770707434214,0.08320201701859439,0.8573076093716324,7.329470363970358e-12,0.0,1.1972799758674878e-06,0.024492737122680075
10002,22,4096,10000,0.9999999980310185,0,1.5613314767322677e-09,0,0.8575918895924874,366,0.0,0.008815193220589355,0,0.4955924033971453,0,0.5000000000075067,0,0.1883,0.8573076329267009,0,0.5186793977567858,0.06767697737180818,0.8573076093716324,2.9296343129203706e-11,0.0,4.785643137611406e-06,0.0895017469931152
10002,22,16384,10000,0.9999999921240739,0,6.245326007271032e-09,0,0.8579102887898524,272,0.0,0.004407697493323081,0,0.4977961512634015,0,0.5000000000101066,0,0.1883,0.8577010722348587,0,0.6040187378737221,0.057462993421052634,0.8573076093716324,1.1716411174589325e-10,1.1102230246251565e-16,1.9139507491983032e-05,0.20570099164533595
10002,22,65536,10000,0.9999999684962962,0,2.4981303636154365e-08,0,0.8577583225462199,203,0.0,0.002203861356641258,0,0.49889806944912907,0,0.5000000001277305,0,0.1883,0.8579101675785974,0,0.5743930110728384,0.04583035623149944,0.8573076093716324,4.68635075190349e-10,2.220446049250313e-16,7.656153972692114e-05,0.26468373427781766
10002,24,16,10000,0.9999999999994957,0,4.1988814534272797e-13,0,0.8588252911061276,1638,0.0,0.13994993409141934,0,0.430025032954309,0,0.5000000000000216,0,0.2855,0.8539449928372314,0,0.6146841435510861,0.2286534321932552,0.8539449928370295,8.659739592076221e-15,-3.3306690738754696e-16,2.285447392447177e-09,0.00019442448228002007
10002,24,64,10000,0.999999999997983,0,1.6797191148240202e-12,0,0.8576354148401579,1338,0.0,0.07038609217001596,0,0.4648069539150292,0,0.5000000000000397,0,0.2855,0.8539449928378011,0,0.529628827059906,0.19337335488339874,0.8539449928370295,3.26405569239796e-14,-3.3306690738754696e-16,8.738475781866465e-09,0.0007433830447940437
10002,24,256,10000,0.9999999999919318,0,6.718765436984262e-12,0,0.8573927537320875,1067,0.0,0.03524463548583982,0,0.4823776822571587,0,0.5000000000000816,0,0.2855,0.8539449928400806,0,0.5756785678427061,0.16019254449792902,0.8539449928370295,1.2967404927621828e-13,-2.220446049250313e-16,3.455058698031969e-08,0.002938831718127255
10002,24,1024,10000,0.9999999999677271,0,2.6875006236636102e-11,0,0.8548510313216195,847,0.0,0.01762877240486216,0,0.49118561379805764,0,0.5000000000004978,0,0.2855,0.853944992849198,0,0.6239113301127737,0.13088604829017808,0.8539449928370295,5.182521078950231e-13,-1.1102230246251565e-16,1.3779900995269905e-07,0.01169516236540269
10002,24,4096,10000,0.9999999998709088,0,1.0750019147760244e-10,0,0.8543636297144432,648,0.0,0.008815193220589355,0,0.495592403395798,0,0.5000000000061467,0,0.2855,0.8539449928856672,0,0.6430243263965678,0.11035072711719418,0.8539449928370295,2.0693446955988293e-12,-1.1102230246251565e-16,5.507923426517613e-07,0.04526309383506677
10002,24,16384,10000,0.9999999994836349,0,4.300005438274774e-10,0,0.8543486567704156,513,0.0,0.004407697493323081,0,0.49779615125882837,0,0.5000000000055145,0,0.2855,0.8540987713100576,0,0.48983744624115744,0.09086117845472752,0.8539449928370295,8.274991802892373e-12,-1.1102230246251565e-16,2.202759929553761e-06,0.13454386525498407
10002,24,65536,10000,0.9999999979345398,0,1.720002230207809e-09,0,0.854236589196628,402,0.0,0.002203861356641258,0,0.4988980693216811,0,0.5,0,0.2855,0.8541862846631152,0,0.5649852831088183,0.07522400500104189,0.8539449928370295,3.3097469209764085e-11,0.0,8.810538365883173e-06,0.20594557896470245
10003,2,16,10000,0.04295105850191307,0,0.9345138437470379,0,0.9901172568817391,0,0.0,0.1160143950774159,0,0.6911277786162874,0,0.7831931974703934,0,0.0,0.9901172568817391,0,2.51749732171902e-11,0.0,0.8546688826241692,0.060765418790468095,0.0003112863144788203,0.28221668176984555,0.3226531530908855
10003,2,64,10000,0.00015835268551533864,0,0.9997497127840645,0,0.9999490969544893,0,0.0,0.02906966710383062,0,0.8982100094872685,0,0.9253627647548313,0,0.0,0.9999490969544865,0,3.841260642900579e-12,0.0,0.8546688826241692,0.08998563202464455,0.0006305648114365514,0.34722154250574083,0.3939257413813211
10003,2,256,10000,1.9089669248240093e-13,0,0.9999999999995252,0,0.9999999999996392,0,0.0,0.000911726712088663,0,0.9962839308205322,0,0.997202354560784,0,0.0,0.9999999999999176,0,1.1540768340978502e-12,0.0,0.8546688826241692,0.11104668374658844,0.0009108525995052966,0.3886489278595157,0.43974107751795644
10003,2,1024,10000,2.979731752029981e-48,0,1.0,0,1.0,0,0.0,6.8151452301795855e-09,0,0.9999999705405735,0,0.9999999775026134,0,0.0,1.0,0,3.22830651100503e-12,0.0,0.8546688826241692,0.1261973008716326,0.001113938575486362,0.41232496271256663,0.4669639948921197
10003,2,4096,10000,1.847753976052896e-216,0,1.0,0,1.0,0,0.0,1.6824954526579365e-28,0,0.9999999999998104,0,0.9999999999998155,0,0.0,1.0,0,1.2304712804223072e-11,0.0,0.8546688826241692,0.1336143274697676,0.0012640107148034273,0.43223565348668114,0.48216616752334385
10003,2,16384,10000,0.0,0,1.0,0,1.0,0,0.0,1.4058188048949308e-110,0,1.0,0,1.0,0,0.0,1.0,0,7.592981798865139e-11,0.0,0.8546688826241692,0.13831947122731048,0.0013512834702473443,0.4426958501574498,0.4904258156409851
10003,2,65536,10000,0.0,0,1.0,0,1.0,0,0.0,0.0,0,0.9999999999659697,0,0.9999999999659697,0,0.0,1.0,0,3.9559533426825055e-10,0.0,0.8546688826241692,0.1408777360821175,0.0014041740188402766,0.4491578089690732,0.49481887075277864
10003,4,16,10000,0.614089076603825,0,0.3034502858427143,0,0.9094601835530052,0,0.0,0.13988424062866778,0,0.4472797679629689,0,0.5200846971778863,0,0.0,0.9094601835530054,0,8.865685535708323e-07,0.0,0.8513622039336313,0.007398804033083128,4.802880604870553e-06,0.16330309352465736,0.3191982762380001
10003,4,64,10000,0.22544570479181247,0,0.6033055611287617,0,0.9512738756118524,0,0.0,0.07016788429287252,0,0.4996136170732351,0,0.5373337586054179,0,0.0,0.9512738756117733,0,2.2377465402900754e-07,0.0,0.8513622039336313,0.02076293895156156,1.623698453767642e-05,0.24491448262360868,0.3771843359307987
10003,4,256,10000,0.04299858565347646,0,0.898109927135089,0,0.9876311804171243,0,0.0,0.034734452693473514,0,0.5518890708506403,0,0.5717536538707844,0,0.0,0.9876311804171249,0,5.367642130771344e-08,0.0,0.8513622039336313,0.04221216003152484,5.626932925729133e-05,0.31408203349910385,0.43256963661307923
10003,4,1024,10000,0.0006036950453478716,0,0.9987752595554453,0,0.9997635431906426,0,0.0,0.0166050822620221,0,0.6281849854335015,0,0.6387971893054852,0,0.0,0.9997635431906435,0,1.62235351819362e-08,0.0,0.8513622039336313,0.06914880808434015,0.00015775963151204997,0.36233583131883584,0.46369400624034185
10003,4,4096,10000,5.972348255837647e-11,0,0.999999999846811,0,0.9999999999487595,0,0.0,0.00691404221175429,0,0.7540218445953936,0,0.7592827633248278,0,0.0,0.9999999999487706,0,8.971922094147544e-10,0.0,0.8513622039336313,0.09182844387598987,0.00035491077039240287,0.3938243646022564,0.480050399912761
10003,4,16384,10000,1.2309809518148114e-37,0,1.0,0,1.0,0,0.0,0.0016631999911211406,0,0.9178860060459277,0,0.9194189617309781,0,0.0,1.0,0,3.119069447166112e-10,0.0,0.8513622039336313,0.10800201195856568,0.0006469422973150564,0.4190375746575435,0.48884107212813643
10003,4,65536,10000,2.5706137477129092e-157,0,0.9999999999967223,0,0.999999999998003,0,0.0,4.462255739869924e-05,0,0.997366855643657,0,0.9974114599865054,0,0.0,1.0,0,4.123363872565733e-10,0.0,0.8513622039336313,0.12172781775202557,0.000992825552053084,0.43199571248285823,0.49177524642958637
10003,6,16,10000,0.9665035374453982,0,0.025758932006229314,0,0.8722654249751961,0,0.0,0.1399497430881182,0,0.4311059874811889,0,0.501259049123201,0,0.0,0.8722654249751971,0,0.0013007161853074711,0.0001,0.8519552543352464,0.0005252212730820216,6.438565997579638e-08,0.0647755170888677,0.2947580809110789
10003,6,64,10000,0.8742466509666706,0,0.09721897207018698,0,0.8940427912663951,0,0.0,0.07038538985017878,0,0.4669858429431125,0,0.5023433440309341,0,0.0,0.8940427912663489,0,0.0013007161853142435,0.0001,0.8519552543352464,0.0019120117890781274,2.4574585499315135e-07,0.13895941973072673,0.3646147443081035
10003,6,256,10000,0.6051966581202859,0,0.30749025786154055,0,0.9250555433756456,0,0.0,0.03524282247355386,0,0.4867418510410703,0,0.5045225215788433,0,0.0,0.9250555433744195,0,0.00017197519971923203,0.0,0.8519552543352464,0.0065934942659710005,9.663765191902932e-07,0.2202050279104917,0.4144625736267109
10003,6,1024,10000,0.22230984693277567,0,0.5969114487965115,0,0.9617959772159828,0,0.0,0.017624771193551,0,0.4999166593608993,0,0.5088855503068601,0,0.0,0.9617959772160247,0,0.00011069011672870666,0.0,0.8519552543352464,0.017449455855577944,3.8142297283438887e-06,0.28647323132193314,0.45002617477117635
10003,6,4096,10000,0.04226152076809592,0,0.8966224664644065,0,0.9907884974693111,0,0.0,0.008806884464287072,0,0.5130519287924548,0,0.5176104017666192,0,0.0,0.9907884974693115,0,3.066658233552566e-05,0.0,0.8519552543352464,0.03619346155033493,1.3514680971987715e-05,0.33399360330473915,0.47177685967493255
10003,6,16384,10000,0.0006538450767543152,0,0.998729021300718,0,0.9997706340104776,0,0.0,0.004390908794934547,0,0.5326825941692117,0,0.5350318372675417,0,0.0,0.9997706340104711,0,4.6680817070710034e-06,0.0,0.8519552543352464,0.05861224336625648,4.3386491356223213e-05,0.37362964164072576,0.4850936031631171
10003,6,65536,10000,7.908272636772328e-11,0,0.9999999997425564,0,0.999999999800677,0,0.0,0.002170400284458013,0,0.5684051809106931,0,0.5696414996323095,0,0.0,0.999999999952289,0,2.5107575551963635e-07,0.0,0.8519552543352464,0.0794722916907602,0.00011630355861934069,0.3990236385243617,0.48953244597575174
10003,8,16,10000,0.9979470151930268,0,0.0016385226552747946,0,0.862766978402536,0,0.0,0.13994993343154555,0,0.4300953099573156,0,0.5000817115171325,0,0.0002,0.8627669784025458,0,0.2618660022629715,0.0004,0.8573701248940853,3.5714082301741e-05,1.4057715713722277e-09,0.016028597448920708,0.23546396168718853
10003,8,64,10000,0.9918203739500195,0,0.006529818901046266,0,0.8721145254210951,0,0.0,0.0703860892711644,0,0.46494833386359435,0,0.5001520822517549,0,0.0002,0.8721145254210942,0,0.07146733107036185,0.0003,0.8573701248940853,0.00013561884596291485,5.374977884997635e-09,0.04946179055184711,0.3329912301966398
10003,8,256,10000,0.9678309501949842,0,0.02568848889473251,0,0.8884483927221695,0,0.0,0.03524462791433273,0,0.48266085670413184,0,0.5002935148480955,0,0.0002,0.8884483927221858,0,0.012091717632164989,0.0002,0.8573701248940853,0.0005227833899118517,2.125161207566784e-08,0.11631991986731388,0.3872119735517514
10003,8,1024,10000,0.8792555010129728,0,0.09589828432526572,0,0.9112284838946072,0,0.0,0.01762875552893233,0,0.4917521700245182,0,0.5005767140996011,0,0.0002,0.9112284838946396,0,0.0041340435000848386,0.0002,0.8573701248940853,0.0019083314161788545,8.475837838806124e-08,0.19209770475612126,0.4156668577705289
10003,8,4096,10000,0.6133282474766597,0,0.3068354351134817,0,0.9418697272738379,0,0.0,0.008815158303007702,0,0.49672561845723695,0,0.5011432754442934,0,0.0002,0.9418697272738441,0,0.0010205956751752066,0.0001,0.8573701248940853,0.005786459346021344,3.371579151201232e-07,0.250107551445345,0.46314750341524535
10003,8,16384,10000,0.22438492915708214,0,0.606207814413169,0,0.9710762751769912,0,0.0,0.004407626651131193,0,0.5000626241347378,0,0.5022764711532568,0,0.0002,0.9710762751769919,0,9.940007082953617e-05,0.0,0.8573701248940853,0.015113369856109948,1.3365454991032262e-06,0.3041759836199997,0.4763275457258245
10003,8,65536,10000,0.039885871061919806,0,0.8960038506738435,0,0.9926597436006666,0,0.0,0.0022037192559072895,0,0.5034309680121818,0,0.5045428387030093,0,0.0002,0.9926597436006623,0,3.042268647501789e-05,0.0,0.8573701248940853,0.030459820703855223,5.163309587769005e-06,0.3395903161906477,0.48524153898296774
10003,10,16,10000,0.9998814714795297,0,9.346443373789255e-05,0,0.8575465857175565,4,0.0,0.13994993408972417,0,0.430029048034932,0,0.5000046684226749,0,0.001,0.8575465857168685,0,0.13709470077997798,0.0012004801920768306,0.8565131424301856,2.036431511309722e-06,3.494506350953941e-11,0.002557120583949668,0.1493394328201123
10003,10,64,10000,0.9995259786654065,0,0.0003737513054218038,0,0.859818227762071,3,0.0,0.0703860921615751,0,0.4648150312563011,0,0.5000086889127745,0,0.001,0.8598229800465247,0,0.3413739614409008,0.0007002100630189057,0.8565131424301856,7.78640415149967e-06,1.336126764783785e-10,0.009497547257100364,0.25014393664455614
10003,10,256,10000,0.9981053975787666,0,0.001493304308997557,0,0.8660356694417508,2,0.0,0.03524463546320175,0,0.48239386062095757,0,0.500016769380107,0,0.001,0.8660356694884781,0,0.15899424312437094,0.0005001000200040008,0.8565131424301856,3.075712803607411e-05,5.282834836251026e-10,0.032280604952876935,0.3722844839378293
10003,10,1024,10000,0.9924452506191122,0,0.005942219890347995,0,0.8771546268781016,1,0.0,0.017628772352865647,0,0.4912179823768953,0,0.5000329494079407,0,0.001,0.8771761605631789,0,0.057235942809449214,0.00040004000400040005,0.8565131424301856,0.00012114149231906568,2.106966651149733e-09,0.08358562748420101,0.4355529774506903
10003,10,4096,10000,0.970228340756819,0,0.023311946908180295,0,0.8929158139457032,1,0.0,0.008815193108011772,0,0.4956571464752799,0,0.5000653188256021,0,0.001,0.8928756352308789,0,0.011713798402326225,0.00010001000100010001,0.8565131424301856,0.0004651736234507209,8.42169863290998e-09,0.1509077890011065,0.43707169187969575
10003,10,16384,10000,0.8873999973864617,0,0.08828572680022595,0,0.915741245708405,1,0.0,0.004407697264409045,0,0.49792564038636117,0,0.5001300622921432,0,0.001,0.9156524449806425,0,0.0027120600644761073,0.00010001000100010001,0.8565131424301856,0.0016910130312017269,3.368062148623174e-08,0.2163643726473431,0.45965978794056483
10003,10,65536,10000,0.6344773842025433,0,0.2903749933468026,0,0.9433469502692752,1,0.0,0.0022038608929409575,0,0.49915704905671243,0,0.5002595515182873,0,0.001,0.9433462325240358,0,0.0004343641254612729,0.0,0.8565131424301856,0.005379089825343408,1.346855135475611e-07,0.2726555784599082,0.46424998828816155
10003,12,16,10000,0.9999922164345119,0,6.295738766754858e-06,0,0.8502516758926031,10,0.0,0.13994993409141238,0,0.43002531125613397,0,0.5000003235879376,0,0.0045,0.850523476414033,0,0.4291609123662669,0.006106106106106106,0.850311726629031,1.3158034956051168e-07,7.548628389031371e-13,0.00045682998639016585,0.08585518803164849
10003,12,64,10000,0.9999688661895119,0,2.5182650193646228e-05,0,0.8517258585778337,3,0.0,0.07038609216998037,0,0.4648075137889003,0,0.5000006022649499,0,0.0045,0.8515206541828114,0,0.4820084939941879,0.00500150045013504,0.850311726629031,5.031013766143566e-07,2.886074712549205e-12,0.001741551441652056,0.1505370304956164
10003,12,256,10000,0.9998754719810873,0,0.00010072601762873095,0,0.8539116074368633,0,0.0,0.03524463548573402,0,0.4823788036463249,0,0.5000011623559883,0,0.0045,0.8539116074370137,0,0.44540652413518034,0.0033,0.850311726629031,1.9891860719156718e-06,1.1411344091882836e-11,0.006742094087469794,0.27552050957609864
10003,12,1024,10000,0.9995020034679825,0,0.00040283199652243996,0,0.8590859502063444,0,0.0,0.017628772404617063,0,0.4911878573971441,0,0.5000022838611032,0,0.0045,0.8590859501971975,0,0.04122214741255548,0.0019,0.850311726629031,7.914383653162549e-06,4.551187759993529e-11,0.023926967018084472,0.381079804442807
10003,12,4096,10000,0.9980098609709334,0,0.0016101755758373307,0,0.8672941410378572,0,0.0,0.008815193220063019,0,0.49559689099456405,0,0.5000045275155027,0,0.0045,0.867291939390346,0,0.01067131820647882,0.0012,0.850311726629031,3.143026194424303e-05,1.8191363415631673e-10,0.06654073518683638,0.4234879986067529
10003,12,16384,10000,0.9920688954253347,0,0.006419921569561837,0,0.8811295222104407,0,0.0,0.004407697492249764,0,0.49780512667546395,0,0.5000090151576537,0,0.0045,0.8811295222104413,0,0.0024715612269652354,0.0004,0.850311726629031,0.00012385564900646573,7.275214097823841e-10,0.12590660283252866,0.44194999883853303
10003,12,65536,10000,0.968723773240673,0,0.025353931569357804,0,0.9002232977696033,0,0.0,0.002203861354446291,0,0.4989160204068739,0,0.5000179907331559,0,0.0045,0.9002232977688815,0,0.0024715612269652354,0.0001,0.850311726629031,0.00047826271957451816,2.909952434571042e-09,0.18965414771917316,0.46751038824762636
10003,14,16,10000,0.9999995709512405,0,3.386347475013499e-07,0,0.8518414299559912,28,0.0,0.1399499340914191,0,0.4300250474440507,0,0.5000000168475777,0,0.0109,0.8515055336310742,0,0.41238495398555597,0.01444043321299639,0.8514872359328088,6.970880594980855e-09,1.9828583219805336e-14,5.512910265916254e-05,0.0344731496498587
10003,14,64,10000,0.9999982838062016,0,1.3545382183076981e-06,0,0.8517405706620564,20,0.0,0.07038609217001394,0,0.46480698306477636,0,0.5000000313568715,0,0.0109,0.8515646805248529,0,0.3645804212892394,0.009418837675350702,0.8514872359328088,2.665325704587218e-08,7.647771305130402e-14,0.00021090213975979934,0.1087311942843111
10003,14,256,10000,0.999993135244642,0,5.418140526361116e-06,0,0.852143214379449,12,0.0,0.03524463548583555,0,0.4823777406420863,0,0.5000000605179394,0,0.0109,0.8519942504166629,0,0.44738189764980707,0.006607929515418502,0.8514872359328088,1.0538113659475101e-07,3.0312974352852996e-13,0.0008247742109537915,0.19237163867115126
10003,14,1024,10000,0.9999725412959299,0,2.1672364555998153e-05,0,0.8536115182496252,12,0.0,0.0176287724048607,0,0.49118573061035525,0,0.5000001189090062,0,0.0109,0.8536115182592803,0,0.13501263725206336,0.0037044453344012816,0.8514872359328088,4.202666387120857e-07,1.2090162204714275e-12,0.003270123180857925,0.2786645363423942
10003,14,4096,10000,0.9998901702613032,0,8.668629753988023e-05,0,0.8574203956562508,9,0.0,0.008815193220585785,0,0.495592637036731,0,0.5000002357249858,0,0.0109,0.8573489857497528,0,0.41707545166175897,0.002201981783605245,0.8514872359328088,1.6731930020386088e-06,4.8324566570556784e-12,0.012427851942651478,0.3530771239262399
10003,14,16384,10000,0.9995607622729616,0,0.00034669462597333115,0,0.8635645182569687,5,0.0,0.004407697493316282,0,0.4977966185581638,0,0.5000004693736798,0,0.0109,0.8634987350294909,0,0.17725324896939454,0.0014007003501750874,0.8514872359328088,6.6929301277274256e-06,1.9327917044620357e-11,0.03901058586685564,0.42267897249638653
10003,14,65536,10000,0.9982443478668916,0,0.001385969909422791,0,0.8722739982370906,5,0.0,0.002203861356627696,0,0.49889900393608133,0,0.5000009366787079,0,0.0109,0.8721962910387939,0,0.16551794733668823,0.0007003501750875437,0.8514872359328088,2.6722028295622646e-05,7.730803219807578e-11,0.09004295044640905,0.4312714560145806
10003,16,16,10000,0.9999999702493747,0,2.3565416835507803e-08,0,0.8537318122571358,123,0.0,0.13994993409141915,0,0.4300250340051295,0,0.5000000012218349,0,0.0287,0.8538227145877219,0,0.5463984414959759,0.027032499746886707,0.8537644869633612,5.090019516984512e-10,6.661338147750939e-16,8.667031792852668e-06,0.035199356727263265
10003,16,64,10000,0.9999998809975046,0,9.426166273424787e-08,0,0.8538752375562386,89,0.0,0.0703860921700147,0,0.4648069560290128,0,0.5000000022740843,0,0.0287,0.8538297668417825,0,0.4538540859826514,0.02078498637877106,0.8537644869633612,1.946184380319238e-09,2.55351295663786e-15,3.31395512009887e-05,0.10684595967203125
10003,16,256,10000,0.9999995239901083,0,3.7704658037659915e-07,0,0.8542302825585046,52,0.0,0.03524463548583749,0,0.4823776864913166,0,0.5000000043889219,0,0.0287,0.8541288766551856,0,0.5622738558889002,0.018797748291113792,0.8537644869633612,7.694914538891595e-09,9.325873406851315e-15,0.0001310428841473627,0.17454174223090602
10003,16,1024,10000,0.9999980959618757,0,1.5081851917633653e-06,0,0.8545212827177908,36,0.0,0.017628772404861954,0,0.4911856222691673,0,0.5000000086236227,0,0.0287,0.8547085254445923,0,0.45061035627067236,0.014050582095543959,0.8537644869633612,3.068983001064396e-08,3.72868402820359e-14,0.0005228456847462585,0.20677185810668364
10003,16,4096,10000,0.9999923838705871,0,6.032722691023725e-06,0,0.8560769080016298,23,0.0,0.008815193220588203,0,0.49559242033446604,0,0.500000017095461,0,0.0287,0.8560557111603717,0,0.39059371227858675,0.01072466673348702,0.8537644869633612,1.2266942461813812e-07,1.4874212972415537e-13,0.002044948219344964,0.28158537191963184
10003,16,16384,10000,0.9999695358516977,0,2.413060154995967e-05,0,0.8590963641265109,16,0.0,0.004407697493321302,0,0.49779618514385365,0,0.5000000340405559,0,0.0287,0.858998143683197,0,0.15215378553878078,0.007612179487179487,0.8537644869633612,4.905867223570226e-07,5.920097745359954e-13,0.007800131318852894,0.40987917319636735
10003,16,65536,10000,0.9998781493161284,0,9.651777899062931e-05,0,0.8630174018751975,12,0.0,0.0022038613566380686,0,0.49889813700042074,0,0.5000000678282233,0,0.0287,0.8630174018662651,0,0.3723290712346584,0.005406487785342411,0.8537644869633612,1.9622386294160243e-06,2.3682888983245222e-12,0.025719383932166023,0.4411990294357613
10003,18,16,10000,0.9999999984674934,0,1.1972172350380153e-09,0,0.8553248273174823,272,0.0,0.13994993409141915,0,0.43002503300875505,0,0.5000000000633273,0,0.0626,0.8549198739701878,0,0.5487032629381614,0.05890213815789474,0.8549198739666201,2.4762025763180873e-11,1.1102230246251565e-16,9.290061877720292e-07,0.005195298002965809
10003,18,64,10000,0.999999993869974,0,4.788868935692638e-09,0,0.8555973395957984,204,0.0,0.07038609217001517,0,0.4648069540245595,0,0.5000000001178632,0,0.0626,0.8549198739802599,0,0.5025153209439536,0.04787668436096366,0.8549198739666201,9.467793216089149e-11,2.220446049250313e-16,3.5516751534625484e-06,0.020060624200307187
10003,18,256,10000,0.9999999754798965,0,1.915547550488635e-08,0,0.8555983380901891,151,0.0,0.035244635485838505,0,0.48237768247656,0,0.5000000002274969,0,0.0626,0.8549382549550568,0,0.527052764873251,0.03624733475479744,0.8549198739666201,3.7434211286324626e-10,4.440892098500626e-16,1.4036334643108257e-05,0.07570339150300631
10003,18,1024,10000,0.9999999019195909,0,7.662189899055392e-08,0,0.8556018916933058,102,0.0,0.0176287724048623,0,0.49118561423652396,0,0.5000000004468319,0,0.0626,0.8551065061563992,0,0.6194558296768095,0.028692665184885835,0.8549198739666201,1.4929981695388506e-09,1.1102230246251565e-15,5.5876108717617365e-05,0.19841514391608617
10003,18,4096,10000,0.9999996076784414,0,3.0648754672119866e-07,0,0.8553830584295437,68,0.0,0.008815193220588994,0,0.49559240426543,0,0.5000000008835137,0,0.0626,0.8556164578061833,0,0.5403164636170532,0.02305678614579138,0.8549198739666201,5.9676240060646535e-09,3.54716256367738e-15,0.00022170584807780754,0.3109795227258507
10003,18,16384,10000,0.9999984307150148,0,1.2259493979739286e-06,0,0.856830340893809,49,0.0,0.00440769749332257,0,0.4977961530065711,0,0.500000001760994,0,0.0626,0.8568140235373503,0,0.32526801880580447,0.016279770877298764,0.8549198739666201,2.3866124521099152e-08,1.3206102877916242e-14,0.0008782501820251381,0.3807915068867396
10003,18,65536,10000,0.9999937228800433,0,4.903784970162208e-06,0,0.8586208238929082,40,0.0,0.0022038613566401676,0,0.49889807283094445,0,0.5000000035170171,0,0.0626,0.8584752778877143,0,0.4060769372815356,0.012550200803212851,0.8549198739666201,9.546010515393277e-08,5.34738919810707e-14,0.0033935686334786983,0.3832204647039763
10003,20,16,10000,0.9999999998777891,0,9.741876961564806e-11,0,0.8555519518665675,498,0.0,0.13994993409141926,0,0.43002503295897565,0,0.5000000000054476,0,0.1103,0.8544850381463622,0,0.6321686594187038,0.10050515680909282,0.8544124116400131,2.098321516541546e-12,-1.1102230246251565e-16,1.698950078732328e-07,0.0032586616601815166
10003,20,64,10000,0.9999999995111559,0,3.896750783635783e-10,0,0.8554533508541393,377,0.0,0.07038609217001539,0,0.4648069539244085,0,0.5000000000101292,0,0.1103,0.8544850384478074,0,0.5078030548532948,0.0806401330146524,0.8544124116400131,8.022305042487687e-12,0.0,6.495994169963815e-07,0.012324311669312915
10003,20,256,10000,0.9999999980446237,0,1.5587003118700787e-09,0,0.8554883799491902,298,0.0,0.035244635485839004,0,0.4823776822759547,0,0.5000000000195617,0,0.1103,0.854485039653589,0,0.5990728073406605,0.06338899196042053,0.8544124116400131,3.171662932288655e-11,0.0,2.568429694460579e-06,0.045442946029326636
10003,20,1024,10000,0.999999992178495,0,6.234801222132624e-09,0,0.8553940670486047,210,0.0,0.017628772404862394,0,0.4911856138352242,0,0.5000000000383312,0,0.1103,0.854717805059213,0,0.5401453877713303,0.048927477017364655,0.8544124116400131,1.2649609137938e-10,1.1102230246251565e-16,1.0243953055205628e-05,0.11740081085747023
10003,20,4096,10000,0.9999999687139807,0,2.4939204482967223e-08,0,0.8557309975803362,154,0.0,0.008815193220589355,0,0.49559240346538475,0,0.500000000076352,0,0.1103,0.8549267432053025,0,0.5525153110197849,0.03849278894982734,0.8544124116400131,5.05612052226212e-10,3.3306690738754696e-16,4.0949279536894795e-05,0.1833646653734058
10003,20,16384,10000,0.999999874855931,0,9.975681144285846e-08,0,0.8559245221711312,111,0.0,0.004407697493323054,0,0.4977961514036106,0,0.5000000001509366,0,0.1103,0.8553082667657108,0,0.45669098983672607,0.028718778440691678,0.8544124116400131,2.0220791707714625e-09,8.881784197001252e-16,0.0001635632450405598,0.26293038766499277
10003,20,65536,10000,0.999999499423853,0,3.99027141947288e-07,0,0.856253715869997,74,0.0,0.002203861356641109,0,0.4988980696404485,0,0.5000000003194733,0,0.1103,0.8557269640286667,0,0.41858097230651004,0.024884142655651822,0.8544124116400131,8.087942870993459e-09,2.7700064464397706e-15,0.0006545541656582099,0.3477093473155185
10003,22,16,10000,0.9999999999908966,0,7.240225384406637e-12,0,0.8574556316906634,945,0.0,0.1399499340914193,0,0.4300250329546037,0,0.5000000000003644,0,0.1826,0.8548305860879133,0,0.5612009101859753,0.153395913859746,0.8548139241617957,1.4604983888943934e-13,-2.220446049250313e-16,2.131656980375316e-08,0.0007735844947640569
10003,22,64,10000,0.9999999999635867,0,2.8960846026298178e-11,0,0.8583225599180478,726,0.0,0.07038609217001576,0,0.46480695391562,0,0.5000000000006746,0,0.1826,0.8548613547410873,0,0.5631187265864501,0.132628854863058,0.8548139241617957,5.589972928987663e-13,-1.1102230246251565e-16,8.150455601541031e-08,0.0029665493305603974
10003,22,256,10000,0.9999999998543467,0,1.1584321756890448e-10,0,0.8566239367050281,570,0.0,0.035244635485839615,0,0.4823776822583493,0,0.5000000000013152,0,0.1826,0.8548613549893651,0,0.6184231694962442,0.1088016967126193,0.8548139241617957,2.2090662632479052e-12,-1.1102230246251565e-16,3.222568969785119e-07,0.01183361652372783
10003,22,1024,10000,0.9999999994173872,0,4.63372814719114e-10,0,0.8570458868774851,420,0.0,0.017628772404862394,0,0.4911856138000815,0,0.5000000000025573,0,0.1826,0.8549181363898724,0,0.6275050586624945,0.08830897703549061,0.8548139241617957,8.809564189249386e-12,0.0,1.2852725977674493e-06,0.047010737249004064
10003,22,4096,10000,0.9999999976695486,0,1.8534913136619739e-09,0,0.856425863684781,306,0.0,0.008815193220589355,0,0.49559240339754107,0,0.5000000000079048,0,0.1826,0.8550457003327331,0,0.5072492057614002,0.07066226531875387,0.8548139241617957,3.521394287275825e-11,0.0,5.137436760288544e-06,0.14755751491013602
10003,22,16384,10000,0.9999999906781942,0,7.4139651875265414e-09,0,0.8563877180147587,218,0.0,0.004407697493323081,0,0.4977961512644437,0,0.5000000000111551,0,0.1826,0.8551442100899287,0,0.6130602247912784,0.05510120629728072,0.8548139241617957,1.4082635058088044e-10,1.1102230246251565e-16,2.0547713860363784e-05,0.279741768048534
10003,22,65536,10000,0.9999999627127778,0,2.9655860064742983e-08,0,0.8566566624843859,163,0.0,0.002203861356641258,0,0.4988980694498741,0,0.5000000001284781,0,0.1826,0.8557604619366154,0,0.5122545952571093,0.043000914913083256,0.8548139241617957,5.632821986623071e-10,2.220446049250313e-16,8.221466602875145e-05,0.3301599241577141
10003,24,16,10000,0.999999999999573,0,3.4300466625271277e-13,0,0.8525092508373981,1665,0.0,0.13994993409141934,0,0.4300250329543043,0,0.5000000000000162,0,0.2918,0.8520422566005641,0,0.6277365388366906,0.22711457708458307,0.852042256600342,6.8833827526759706e-15,-3.3306690738754696e-16,1.5966772293207707e-09,0.0022954426989632015
10003,24,64,10000,0.9999999999982918,0,1.3720741761617277e-12,0,0.8535853383368567,1333,0.0,0.07038609217001596,0,0.4648069539150214,0,0.5000000000000313,0,0.2918,0.8520422566011927,0,0.652629555631735,0.20018460828429677,0.852042256600342,2.6367796834847468e-14,-3.3306690738754696e-16,6.104942279483421e-09,0.008773886941344289
10003,24,256,10000,0.9999999999931671,0,5.488130171187563e-12,0,0.8522407524100517,1082,0.0,0.03524463548583982,0,0.4823776822571539,0,0.5000000000000779,0,0.2918,0.8520422566037065,0,0.6244695143151603,0.16539582866113478,0.852042256600342,1.0430545316353346e-13,-2.220446049250313e-16,2.413800384570834e-08,0.034174752175577416
10003,24,1024,10000,0.9999999999726685,0,2.195240966235738e-11,0,0.8539730819611603,856,0.0,0.017628772404862176,0,0.49118561379804787,0,0.5000000000004876,0,0.2918,0.8520569237187824,0,0.6382396531686116,0.13932633420822396,0.852042256600342,4.139466547314896e-13,-1.1102230246251565e-16,9.627024392111466e-08,0.11308077006874284
10003,24,4096,10000,0.9999999998906743,0,8.780963864798244e-11,0,0.8522188985478915,681,0.0,0.008815193220589355,0,0.495592403395798,0,0.5000000000061467,0,0.2918,0.8520766565588863,0,0.6281664698446299,0.11181457237901063,0.852042256600342,1.656341730438271e-12,-1.1102230246251565e-16,3.8479914241662413e-07,0.20634802396493657
10003,24,16384,10000,0.9999999995626974,0,3.512386655910814e-10,0,0.8528182315314787,513,0.0,0.004407697493323081,0,0.497796151258761,0,0.5000000000054465,0,0.2918,0.8521512032326151,0,0.6152522755366482,0.09360177084431327,0.852042256600342,6.624034654123534e-12,0.0,1.5389137262511408e-06,0.22352862406890972
10003,24,65536,10000,0.9999999982507892,0,1.404954495460451e-09,0,0.8525398272789626,415,0.0,0.002203861356641258,0,0.49889806932167935,0,0.5,0,0.2918,0.8521512667934512,0,0.577848129245152,0.07376108502869066,0.852042256600342,2.6495805549586748e-11,0.0,6.155355908182818e-06,0.2259158159809418
10004,2,16,10000,0.04074183683064969,0,0.9386622649342051,0,0.9917719153658322,0,0.0,0.11524975611764471,0,0.6948623891605569,0,0.7851498760966471,0,0.0,0.9917719153658321,0,1.2442971097925692e-09,0.0,0.8558249962160895,0.06178027559762933,0.0003719528369352965,0.2792633923586061,0.32316925333999125
10004,2,64,10000,0.00012349552676336318,0,0.9998057609315605,0,0.9999612007176624,0,0.0,0.028323577152018886,0,0.9009890298911829,0,0.9271833103093288,0,0.0,0.9999612007176619,0,1.4349228472099185e-09,0.0,0.8558249962160895,0.08912340375987438,0.0006871165126516367,0.3424074165004441,0.3936620806921052
10004,2,256,10000,6.759615624311542e-14,0,0.9999999999996709,0,0.9999999999997302,0,0.0,0.0008247647302100129,0,0.9966242603188029,0,0.9974406340950943,0,0.0,0.9999999999999727,0,6.656586393205544e-11,0.0,0.8558249962160895,0.11316003004416691,0.0009605719778842286,0.3886769069463444,0.4398471322073171
10004,2,1024,10000,3.5467901606198487e-50,0,1.0,0,1.0,0,0.0,4.839837030615979e-09,0,0.9999999791951677,0,0.9999999839248248,0,0.0,1.0,0,9.574241399690209e-11,0.0,0.8558249962160895,0.12744489255987979,0.0012653162307077136,0.4147220930355701,0.46675683775768184
10004,2,4096,10000,1.5424369717026432e-225,0,1.0,0,1.0,0,0.0,4.239583680405737e-29,0,0.9999999999998097,0,0.9999999999998167,0,0.0,1.0,0,1.7755574788225204e-11,0.0,0.8558249962160895,0.13577076304364033,0.0013842028386079508,0.4327145069664456,0.48212884608135287
10004,2,16384,10000,0.0,0,1.0,0,1.0,0,0.0,5.247887455657073e-113,0,1.0,0,1.0,0,0.0,1.0,0,1.0770295766349136e-10,0.0,0.8558249962160895,0.1400518587744961,0.0014734464131791695,0.44578335561049925,0.4904775415199091
10004,2,65536,10000,0.0,0,1.0,0,1.0,0,0.0,0.0,0,0.9999999999667422,0,0.9999999999667422,0,0.0,1.0,0,4.13002188004441e-10,0.0,0.8558249962160895,0.14204208924020378,0.0015354576674532162,0.45180727346600746,0.49484043265240174
10004,4,16,10000,0.6043178556166244,0,0.31675330792325374,0,0.9171803818692341,0,0.0,0.13985981552733834,0,0.448456458075867,0,0.5214368964689182,0,0.0,0.9171803818692346,0,5.568273286904457e-09,0.0,0.8587550108367504,0.007822723884731653,3.891397755217963e-06,0.16564635397612995,0.31631339216696475
10004,4,64,10000,0.2137709224681414,0,0.619869242389895,0,0.9586744158895338,0,0.0,0.07012893158941484,0,0.5019585424379817,0,0.5398485613576971,0,0.0,0.958674415889534,0,3.1071576422903036e-09,0.0,0.8587550108367504,0.021239208100397422,1.3870329077614321e-05,0.24545776119176768,0.37988018749972674
10004,4,256,10000,0.03824722214479967,0,0.9183112956475133,0,0.9903956821297586,0,0.0,0.034683330822231934,0,0.5565751685500657,0,0.5765506697395706,0,0.0,0.9903956821297593,0,2.295756917902736e-10,0.0,0.8587550108367504,0.04342134039195955,4.816397367780612e-05,0.30784305535135015,0.4362902632048642
10004,4,1024,10000,0.00030766074398752964,0,0.9993633309219214,0,0.9998741529883506,0,0.0,0.016472503953846664,0,0.6371090469880709,0,0.6477645035345421,0,0.0,0.9998741529883506,0,1.452280518066118e-10,0.0,0.8587550108367504,0.06736286890337467,0.00014213139922304445,0.35445766328113176,0.4630919874616649
10004,4,4096,10000,6.098641446482196e-12,0,0.9999999999876938,0,0.9999999999940394,0,0.0,0.006683773931747915,0,0.7686987619194324,0,0.7738664229294607,0,0.0,0.9999999999965252,0,1.967292995175285e-11,0.0,0.8587550108367504,0.08877325448266404,0.0003229264132204924,0.39012029022493494,0.4801731330032891
10004,4,16384,10000,5.897852093512362e-42,0,1.0,0,1.0,0,0.0,0.0014503160239035158,0,0.931317838907386,0,0.9326705051491885,0,0.0,1.0,0,1.051601028478899e-10,0.0,0.8587550108367504,0.10689062288918505,0.0005909357665197679,0.4138742308238432,0.4894396777898474
10004,4,65536,10000,4.858300463333046e-180,0,0.9999999999998807,0,0.9999999999999193,0,0.0,2.58146929598662e-05,0,0.9985569520636506,0,0.9985827301666488,0,0.0,1.0,0,3.933762204866298e-10,0.0,0.8587550108367504,0.11913479750216144,0.0008440294811993155,0.4275629559086985,0.4929912430782495
10004,6,16,10000,0.9682696729202834,0,0.025510263507267483,0,0.8708439711959143,0,0.0,0.13994970360634093,0,0.4311322980952822,0,0.5012905818511164,0,0.0,0.8708439711959034,0,0.0009415168460734646,0.0,0.850844267739808,0.0005287761173012329,8.980327975693931e-08,0.0676878626361892,0.3067139415286625
10004,6,64,10000,0.8805503992752275,0,0.09609846985852732,0,0.8939877158103998,0,0.0,0.07038529261018711,0,0.4670364802590405,0,0.5024020309981349,0,0.0,0.8939877158103999,0,6.235901831663782e-05,0.0,0.850844267739808,0.0019328039007903697,3.4298220361606037e-07,0.14292772498107303,0.3721450939269503
10004,6,256,10000,0.6152459691916444,0,0.30479187216707915,0,0.9244917956652814,0,0.0,0.03524267303884364,0,0.486848376947862,0,0.5046357791107493,0,0.0,0.924491795665282,0,4.490176513816113e-05,0.0,0.850844267739808,0.006395897001620132,1.3170737225454147e-06,0.2128406133257805,0.426957915803313
10004,6,1024,10000,0.223047040061831,0,0.6082289863539005,0,0.9619106919991347,0,0.0,0.01762456922389545,0,0.5001297229383843,0,0.509108041332974,0,0.0,0.9619106919991356,0,1.4044848195227111e-05,0.0,0.850844267739808,0.017425651167762013,4.8459167178549544e-06,0.27928286544541386,0.45369684592643744
10004,6,4096,10000,0.04085845782197697,0,0.9050566375233496,0,0.9911663567413556,0,0.0,0.008806464548804047,0,0.5134889670486906,0,0.5180511357277889,0,0.0,0.9911663567413547,0,1.3828560814221902e-06,0.0,0.850844267739808,0.03645553374829413,1.6381960044692393e-05,0.3321417947652164,0.47563422531999355
10004,6,16384,10000,0.00045202982167437,0,0.9989914422396864,0,0.9998388550710602,0,0.0,0.0043900834923636355,0,0.533554171067451,0,0.5359068173839693,0,0.0,0.9998388550710602,0,5.455573816037784e-07,0.0,0.850844267739808,0.05769941072839768,5.394990170000115e-05,0.36342314256347147,0.47822156631227397
10004,6,65536,10000,3.109977247121311e-11,0,0.9999999997987034,0,0.9999999998332526,0,0.0,0.0021687810941175053,0,0.5701279482819647,0,0.5713670583362751,0,0.0,0.9999999999772955,0,6.336300995002375e-08,0.0,0.850844267739808,0.08058421340222272,0.00013642348148728,0.3921216232093325,0.4885146044863131
10004,8,16,10000,0.9980158928438985,0,0.001580666114821938,0,0.8610359232642719,0,0.0,0.1399499334542151,0,0.430094410219557,0,0.5000807386301005,0,0.0001,0.8610359232641165,0,0.00437346922334203,0.0002,0.8557750695379203,3.4069399048708426e-05,1.7105244443094136e-09,0.015022472235200557,0.2301151293904382
10004,8,64,10000,0.9920944925774828,0,0.006300636882488775,0,0.8684027994156898,0,0.0,0.07038608940182067,0,0.4649466505457167,0,0.5001502715052375,0,0.0001,0.8684027994156898,0,0.0013857026742237766,0.0001,0.8557750695379203,0.00012919130834110337,6.54023875057419e-09,0.04908658514522034,0.34857842627892766
10004,8,256,10000,0.9688252853134983,0,0.024940130583927023,0,0.8850378019237894,0,0.0,0.03524462834570813,0,0.48265748508906603,0,0.5002900201542512,0,0.0001,0.8850378019237992,0,0.00017357624992464515,0.0,0.8557750695379203,0.0005005020697262386,2.585907230567841e-08,0.11449052697038406,0.3795354893016609
10004,8,1024,10000,0.8825929305788767,0,0.09410286967728562,0,0.9080491430970833,0,0.0,0.017628756367286856,0,0.49174542430800205,0,0.5005698475374083,0,0.0001,0.9080491430970823,0,9.493593816412016e-05,0.0,0.8557750695379203,0.0018137223203538722,1.0313402202255518e-07,0.1867736861848135,0.42763679083716477
10004,8,4096,10000,0.6202046908252428,0,0.302176279510568,0,0.9369380169974892,0,0.0,0.008815159671558676,0,0.49671212582856805,0,0.5011296632400553,0,0.0001,0.9369380169974841,0,2.0965165158481902e-05,0.0,0.8557750695379203,0.00583835283738432,3.93385627334153e-07,0.24585492713789653,0.4446205579660524
10004,8,16384,10000,0.2281806780300348,0,0.6028400501456943,0,0.9687411637380301,0,0.0,0.004407628904150345,0,0.5000356385632736,0,0.5022493669604076,0,0.0001,0.9687411637380283,0,3.358260267871671e-06,0.0,0.8557750695379203,0.015333005873813643,1.5429683427270478e-06,0.3019119209517687,0.48159813128702567
10004,8,65536,10000,0.03920615670305132,0,0.9015593016874389,0,0.9920940899327751,0,0.0,0.0022037232232883395,0,0.5033769989149972,0,0.5044887521120849,0,0.0001,0.9920940899328023,0,9.141165144832542e-07,0.0,0.8557750695379203,0.03141292858488459,5.8358068087849296e-06,0.3475176827521663,0.48704503465209825
10004,10,16,10000,0.999877800684842,0,9.969716465644593e-05,0,0.8501715039150655,2,0.0,0.1399499340895427,0,0.4300293082504759,0,0.5000049710133361,0,0.0006,0.8501715033954335,0,0.026890611072522996,0.0010002000400080016,0.8492685419091834,2.1708689512123236e-06,4.20829149305746e-11,0.002792076973801832,0.17307403164439428
10004,10,64,10000,0.9995113315258342,0,0.00039869629857427563,0,0.8528585074102062,2,0.0,0.07038609216079271,0,0.46481555478775005,0,0.5000092520973962,0,0.0006,0.852858507410185,0,0.01150654356709968,0.0005001000200040008,0.8492685419091834,8.29555706405305e-06,1.6090723753414699e-10,0.010428607228830886,0.26344118629047175
10004,10,256,10000,0.9980473846626818,0,0.0015933088593635594,0,0.8583832962815122,1,0.0,0.03524463546060104,0,0.48239490923943296,0,0.5000178563120177,0,0.0006,0.8583744236505328,0,0.04751650212119829,0.00030003000300030005,0.8492685419091834,3.2720996593516016e-05,6.362018023509111e-10,0.03605767325951042,0.3667577461409537
10004,10,1024,10000,0.9922223464781592,0,0.006354707162470436,0,0.8699925449694569,1,0.0,0.017628772345301115,0,0.4912200803923795,0,0.5000350850721048,0,0.0006,0.8699249311955519,0,0.04751650212119829,0.00010001000100010001,0.8492685419091834,0.00012965822364419122,2.5373815715212806e-09,0.08835529007402416,0.3909315270506797
10004,10,4096,10000,0.9693907544625386,0,0.02508531361796882,0,0.8888761057534608,1,0.0,0.008815193096012051,0,0.4956613428955764,0,0.5000695525610377,0,0.0006,0.8888679638657185,0,0.007516502121198032,0.00010001000100010001,0.8492685419091834,0.0004967475525243237,1.014210243566183e-08,0.15829463522715234,0.4397817559544088
10004,10,16384,10000,0.8843809373068463,0,0.09474344824702852,0,0.9126648238469417,1,0.0,0.004407697233127516,0,0.497934033420948,0,0.5001384924697154,0,0.0006,0.9126524141807845,0,0.0029885483838525406,0.00010001000100010001,0.8492685419091834,0.00183282246923272,4.056105585847904e-08,0.22463542578307452,0.46270087038388386
10004,10,65536,10000,0.6268965654040095,0,0.2983023305200604,0,0.940260597360119,1,0.0,0.0022038608325509693,0,0.4991738352220424,0,0.5002763747289695,0,0.0006,0.9402192868273934,0,0.0003424399442937265,0.0,0.8492685419091834,0.00587779087242396,1.6112057330541778e-07,0.2806255972951412,0.48520825678803503
10004,12,16,10000,0.9999912796590982,0,7.146766296740073e-06,0,0.852245179536073,10,0.0,0.13994993409141157,0,0.43002532588613396,0,0.5000003405985728,0,0.003,0.8522451760979262,0,0.46056809340157623,0.004704704704704705,0.8518986076548138,1.3791608460822502e-07,8.053502309479655e-13,0.00044847387186601684,0.11301873163138554
10004,12,64,10000,0.9999651192019333,0,2.858633163787653e-05,0,0.8530923002303195,6,0.0,0.07038609216997554,0,0.46480754322081635,0,0.5000006339253109,0,0.003,0.8531206198980283,0,0.33011694342015263,0.0027016209725835502,0.8518986076548138,5.273472219458064e-07,3.078770571818268e-12,0.0017231784636956677,0.24452873287234134
10004,12,256,10000,0.9998604858558322,0,0.00011433359094912173,0,0.8546892305687667,5,0.0,0.035244635485716234,0,0.4823788625964798,0,0.5000012234597127,0,0.003,0.8550117132293777,0,0.4466425322226718,0.0022011005502751376,0.8518986076548138,2.0853813410548483e-06,1.217295153566056e-11,0.00660251048678686,0.3342503783937961
10004,12,1024,10000,0.9994421169314534,0,0.0004571466697591331,0,0.8606035693279146,4,0.0,0.017628772404576255,0,0.49118797534048153,0,0.5000024039209341,0,0.003,0.8606892018899752,0,0.08203403169969115,0.0013005202080832333,0.8518986076548138,8.300810366568268e-06,4.854933677300722e-11,0.022903545679544245,0.34185166031688263
10004,12,4096,10000,0.997770930840105,0,0.0018255884063122074,0,0.8673896856030492,3,0.0,0.008815193219995406,0,0.49559712690284646,0,0.5000047655218279,0,0.003,0.8674458681327017,0,0.052428092509664626,0.001100330099029709,0.8518986076548138,3.313030006052431e-05,1.9405468343336454e-10,0.06351181828146076,0.3667494270086856
10004,12,16384,10000,0.9911216435322425,0,0.007258221608181625,0,0.8804863994248411,2,0.0,0.004407697492093285,0,0.49780559850274686,0,0.5000094890737568,0,0.003,0.8805929872246964,0,0.05242809250966474,0.00040008001600320064,0.8518986076548138,0.00013159850771365944,7.760758924391099e-10,0.12299856560818297,0.4272517492071616
10004,12,65536,10000,0.9651145300524282,0,0.028504594099712358,0,0.8985104429086128,1,0.0,0.002203861354180523,0,0.498916964065227,0,0.5000189364756791,0,0.003,0.8984870215724161,0,0.16527375505229236,0.0005000500050005,0.8518986076548138,0.0005018273612336643,3.104146872878744e-09,0.18833206217100712,0.450185585932973
10004,14,16,10000,0.9999995288947825,0,3.782153619180468e-07,0,0.8498619726474119,38,0.0,0.1399499340914191,0,0.4300250496583176,0,0.5000000194221568,0,0.0112,0.8498619712439448,0,0.4037149234256472,0.014756073077695242,0.8498617881503039,7.337595808731834e-09,1.4643841694805825e-14,6.634093605873404e-05,0.024308304979205997
10004,14,64,10000,0.9999981155807819,0,1.51286007823709e-06,0,0.8497319808701317,22,0.0,0.07038609217001389,0,0.46480698751933824,0,0.5000000361487121,0,0.0112,0.849959538252452,0,0.4469019295885074,0.010723591902184807,0.8498617881503039,2.8055512857338982e-08,5.56110713034741e-14,0.00025361314441556493,0.0836514847913774
10004,14,256,10000,0.9999924623495593,0,6.051418399946827e-06,0,0.8503765909124757,11,0.0,0.03524463548583538,0,0.48237774956423707,0,0.5000000697660345,0,0.0112,0.8504450231644829,0,0.40611741640579013,0.007107818600460507,0.8498617881503039,1.1092716523108948e-07,2.2065682614424991e-13,0.001002048190582297,0.1814072970632189
10004,14,1024,10000,0.999969849821142,0,2.420532299765106e-05,0,0.851932093845797,7,0.0,0.017628772404860577,0,0.4911857484613452,0,0.5000001370803338,0,0.0112,0.8519066622914422,0,0.4571944559611193,0.004803362353647553,0.8498617881503039,4.4241354374419117e-07,8.79690764676866e-13,0.0037934824971635607,0.21645651265344756
10004,14,4096,10000,0.9998794060506853,0,9.681443727826977e-05,0,0.8567190980646542,3,0.0,0.008815193220585564,0,0.49559267274184365,0,0.500000271747645,0,0.0112,0.8568171840526139,0,0.4414131076935778,0.0034010203060918275,0.8498617881503039,1.7683553408254227e-06,3.5159930522610247e-12,0.01402093579466584,0.34817981728077396
10004,14,16384,10000,0.9995177324379734,0,0.0003871151886139512,0,0.8657597392964671,2,0.0,0.004407697493315564,0,0.49779668996958687,0,0.5000005411012549,0,0.0112,0.8658694617410507,0,0.15850516840962503,0.0023004600920184036,0.8498617881503039,7.072063058832789e-06,1.4061624087347016e-11,0.04441904203440745,0.411506817539817
10004,14,65536,10000,0.998072660067274,0,0.0015461830390854914,0,0.8764027652621147,1,0.0,0.0022038613566261103,0,0.4988991467608959,0,0.5000010798189813,0,0.0112,0.8763863372721439,0,0.055047578722739465,0.0014001400140014,0.8498617881503039,2.8042390600502287e-05,5.6244148227690984e-11,0.09759282133869593,0.4366533508517244
10004,16,16,10000,0.9999999678293968,0,2.6382272602950502e-08,0,0.8592016619217979,110,0.0,0.13994993409141915,0,0.43002503412887916,0,0.5000000013657215,0,0.0274,0.8593781745461017,0,0.5824744171270203,0.03154701718907988,0.859378050830685,5.506275435607222e-10,5.551115123125783e-16,9.171915281913617e-06,0.02764321816019899
10004,16,64,10000,0.9999998713175953,0,1.0552908575650307e-07,0,0.8596610547847529,76,0.0,0.07038609217001476,0,0.46480695627797963,0,0.5000000025419027,0,0.0274,0.8594286715617789,0,0.49685653415312303,0.024284562676340184,0.859378050830685,2.105339125257899e-09,2.1094237467877974e-15,3.5066191369065295e-05,0.0659694643814509
10004,16,256,10000,0.9999994852705082,0,4.2211626854124504e-07,0,0.8598402861931773,51,0.0,0.035244635485837346,0,0.4823776869899751,0,0.5000000049057979,0,0.0274,0.8595130401033835,0,0.3557849487441431,0.017087144436626796,0.859378050830685,8.32417795804119e-09,7.432943149865428e-15,0.00013685160009621475,0.10318304357903874
10004,16,1024,10000,0.9999979410840688,0,1.6884638824094486e-06,0,0.8599751993525284,37,0.0,0.01762877240486183,0,0.4911856232672592,0,0.5000000096396253,0,0.0274,0.85998118653907,0,0.5932101725784537,0.012345679012345678,0.859378050830685,3.3199420657048506e-08,2.928768338961165e-14,0.0005340381178972754,0.16511424197278735
10004,16,4096,10000,0.9999917643688496,0,6.753836461598321e-06,0,0.8614490307470888,30,0.0,0.008815193220588187,0,0.4955924223360591,0,0.5000000191148555,0,0.0274,0.8614490307472262,0,0.34329452919209846,0.009027081243731194,0.859378050830685,1.3269858450959404e-07,1.169397911837678e-13,0.002104648010399078,0.29674702050272606
10004,16,16384,10000,0.9999670579965797,0,2.7015040760900417e-05,0,0.8652606549400084,22,0.0,0.004407697493321221,0,0.4977961891400891,0,0.5000000380544838,0,0.0274,0.8654319043029521,0,0.2552049101811421,0.006714772499498898,0.859378050830685,5.306663390380884e-07,4.677536136199481e-13,0.007999758109732092,0.34524502074951713
10004,16,65536,10000,0.9998682403247265,0,0.00010805528187657406,0,0.8706665571926038,17,0.0,0.0022038613566376817,0,0.49889814495938867,0,0.5000000758047746,0,0.0274,0.8705819001883844,0,0.22627483414666238,0.004106981869177602,0.859378050830685,2.1220749250594473e-06,1.87090343217733e-12,0.026058972682393888,0.354597702965988
10004,18,16,10000,0.9999999980261435,0,1.58151064466594e-09,0,0.8510111253463457,228,0.0,0.13994993409141915,0,0.43002503302419415,0,0.5000000000812787,0,0.0584,0.8509390176851023,0,0.5366624422665799,0.06580024559967253,0.8509390088899549,3.2095603952342344e-11,0.0,1.1189436259995075e-06,0.005546293507215472
10004,18,64,10000,0.9999999921045738,0,6.326042467641457e-09,0,0.8507255812774381,170,0.0,0.07038609217001514,0,0.46480695405561945,0,0.5000000001512748,0,0.0584,0.851006961656738,0,0.5679140948050405,0.047100712105798574,0.8509390088899549,1.2271894611615153e-10,1.1102230246251565e-16,4.278290307713184e-06,0.020485538478319132
10004,18,256,10000,0.9999999684182956,0,2.5304169148920863e-08,0,0.8515072994571582,120,0.0,0.03524463548583844,0,0.4823776825388205,0,0.5000000002920303,0,0.0584,0.8510069649012777,0,0.6498597496648811,0.0354251012145749,0.8509390088899549,4.85212259260237e-10,3.3306690738754696e-16,1.691532905885853e-05,0.06591046249915189
10004,18,1024,10000,0.9999998736731902,0,1.0121666882412228e-07,0,0.8514438949980193,87,0.0,0.0176287724048623,0,0.49118561436062724,0,0.5000000005731634,0,0.0584,0.8514090830062376,0,0.5782861796744958,0.0264299404821951,0.8509390088899549,1.9351861224592426e-09,1.4432899320127035e-15,6.74579118996984e-05,0.17619287065765876
10004,18,4096,10000,0.9999994946928812,0,4.048665500078208e-07,0,0.8522171506853851,64,0.0,0.008815193220588994,0,0.4955924045142899,0,0.5000000011345855,0,0.0584,0.8522171765977002,0,0.4810292806830643,0.01932367149758454,0.8509390088899549,7.735079465831518e-09,4.884981308350689e-15,0.000269538798574852,0.25466815487593863
10004,18,16384,10000,0.999997978773453,0,1.6194641981881475e-06,0,0.8534430588448139,47,0.0,0.0044076974933224,0,0.4977961535036341,0,0.5000000022602576,0,0.0584,0.8535133193737532,0,0.4556835915211295,0.012860444087209887,0.8509390088899549,3.093461781178419e-08,1.9206858326015208e-14,0.0010750444460383803,0.3269243359457632
10004,18,65536,10000,0.9999919151246653,0,6.47782476331793e-06,0,0.8553429081765987,31,0.0,0.002203861356640056,0,0.49889807385944906,0,0.5000000045477937,0,0.0584,0.8551332504952593,0,0.46648213453344745,0.009629852542882938,0.8509390088899549,1.2373224672623806e-07,7.658873535376644e-14,0.004163983119295206,0.3447829910392036
10004,20,16,10000,0.9999999998700184,0,1.0152684248865285e-10,0,0.8604803285966887,534,0.0,0.13994993409141926,0,0.43002503295866273,0,0.5000000000050839,0,0.1128,0.8593364873387148,0,0.6373043766890052,0.10458482991759983,0.859336487219637,1.9521051441984127e-12,-1.1102230246251565e-16,1.2519312223013755e-07,0.001980052283626632
10004,20,64,10000,0.9999999994800737,0,4.061072589323089e-10,0,0.86022725214921,410,0.0,0.07038609217001539,0,0.46480695392379634,0,0.5000000000094706,0,0.1128,0.8593364876749343,0,0.5197316239962562,0.08237747653806048,0.859336487219637,7.463640816496309e-12,0.0,4.786441964998969e-07,0.007595288896512176
10004,20,256,10000,0.9999999979202948,0,1.6244289247069332e-09,0,0.8604749287647194,309,0.0,0.03524463548583907,0,0.48237768227468436,0,0.5000000000182496,0,0.1128,0.8593364890198126,0,0.6004534644852957,0.06583427922814983,0.859336487219637,2.951044963950267e-11,0.0,1.8918970084547004e-06,0.030041393101820302
10004,20,1024,10000,0.9999999916811795,0,6.497715754338884e-09,0,0.8604780840819346,226,0.0,0.01762877240486241,0,0.4911856138325992,0,0.5000000000356588,0,0.1128,0.8594586326829878,0,0.5668030186013637,0.05177000204624514,0.859336487219637,1.1769685226425963e-10,1.1102230246251565e-16,7.542440553137642e-06,0.10606062694783425
10004,20,4096,10000,0.9999999667247181,0,2.5990862406732873e-08,0,0.859741946230252,161,0.0,0.008815193220589355,0,0.49559240345991507,0,0.5000000000708347,0,0.1128,0.8597441010822753,0,0.6119549949600587,0.040959447098282344,0.859336487219637,4.704426292967412e-10,2.220446049250313e-16,3.0141291828389363e-05,0.22736765860679653
10004,20,16384,10000,0.9999998668988803,0,1.0396344279905989e-07,0,0.8611927829752166,124,0.0,0.004407697493323081,0,0.497796151392884,0,0.5000000001401639,0,0.1128,0.8604780922593824,0,0.42687055169928756,0.03078169299311462,0.859336487219637,1.8814262925381797e-09,6.661338147750939e-16,0.00011849593314091001,0.2783258943397504
10004,20,65536,10000,0.9999994675956492,0,4.158536597298479e-07,0,0.861688887490029,90,0.0,0.0022038613566412197,0,0.4988980696297277,0,0.5000000003087288,0,0.1128,0.8612814176667768,0,0.44040504935450353,0.023814328960645812,0.859336487219637,7.525359724258607e-09,2.1094237467877974e-15,0.00046814680897052844,0.30894323440873583
10004,22,16,10000,0.9999999999938654,0,5.003249360710965e-12,0,0.8550865743070655,1021,0.0,0.1399499340914193,0,0.4300250329545098,0,0.5000000000002551,0,0.1941,0.8536734315344747,0,0.6430901868486822,0.1643835616438356,0.8536734315344696,9.54236689665322e-14,-2.220446049250313e-16,1.3564903045271125e-08,0.00047910239459614257
10004,22,64,10000,0.9999999999754612,0,2.001294193161027e-11,0,0.8551094960179236,791,0.0,0.07038609217001576,0,0.46480695391543303,0,0.5000000000004745,0,0.1941,0.85367343153449,0,0.5752718632487862,0.1379085677055055,0.8536734315344696,3.652633751016765e-13,-1.1102230246251565e-16,5.186580359084476e-08,0.0018233818628271559
10004,22,256,10000,0.9999999999018446,0,8.005171221397242e-11,0,0.8538118235976918,619,0.0,0.03524463548583978,0,0.48237768225795913,0,0.5000000000009114,0,0.1941,0.8536734315345489,0,0.5488957497689505,0.11331414561347404,0.8536734315344696,1.4441225992811724e-12,-1.1102230246251565e-16,2.0506937797870587e-07,0.007068449715468494
10004,22,1024,10000,0.9999999996073785,0,3.202067933236581e-10,0,0.854430219825937,480,0.0,0.017628772404862332,0,0.4911856137993915,0,0.5000000000018558,0,0.1941,0.8536734315347867,0,0.5001015478508934,0.09107142857142857,0.8536734315344696,5.759004384486843e-12,0.0,8.178832179517307e-07,0.025632306781830705
10004,22,4096,10000,0.9999999984295143,0,1.2808271174461946e-09,0,0.8547713473627587,355,0.0,0.008815193220589355,0,0.49559240339683575,0,0.5000000000071938,0,0.1941,0.8536879771195973,0,0.5005135403357335,0.0751684810782789,0.8536734315344696,2.3019253170275533e-11,0.0,3.269131254485244e-06,0.0727976438374639
10004,22,16384,10000,0.9999999937180567,0,5.123308408877075e-09,0,0.8547506848499267,267,0.0,0.004407697493323081,0,0.49779615126218274,0,0.5000000000088827,0,0.1941,0.8539498776616652,0,0.5171227294890766,0.05938559539710264,0.8536734315344696,9.20608034249426e-11,0.0,1.3074006200397547e-05,0.19402511214583829
10004,22,65536,10000,0.9999999748722269,0,2.049323338262988e-08,0,0.854466121837433,206,0.0,0.002203861356641258,0,0.4988980694488096,0,0.5000000001274106,0,0.1941,0.8541779285890359,0,0.4860235580320077,0.04512967122728201,0.8536734315344696,3.682252280867715e-10,1.1102230246251565e-16,5.229162892986245e-05,0.3020185402090362
10004,24,16,10000,0.9999999999995843,0,3.3382902598031247e-13,0,0.8520857727410447,1689,0.0,0.13994993409141934,0,0.43002503295430494,0,0.500000000000017,0,0.2894,0.8489609188265265,0,0.5668283566605624,0.2239201058837685,0.8489609188265266,7.549516567451064e-15,-3.3306690738754696e-16,1.912256181180179e-09,0.0001015626016949156
10004,24,64,10000,0.9999999999983376,0,1.3352605927696497e-12,0,0.85470756580368,1341,0.0,0.07038609217001596,0,0.4648069539150218,0,0.500000000000032,0,0.2894,0.8489609188265276,0,0.6645101476333151,0.1944797320706779,0.8489609188265266,2.8976820942716586e-14,-3.3306690738754696e-16,7.311570304757692e-09,0.00038838855797262983
10004,24,256,10000,0.9999999999933504,0,5.340931348770231e-12,0,0.8507348051803927,1068,0.0,0.03524463548583982,0,0.4823776822571539,0,0.5000000000000784,0,0.2894,0.8489609188265304,0,0.6042523373935988,0.16681594267801164,0.8489609188265266,1.1518563880486e-13,-2.220446049250313e-16,2.8908825028262023e-08,0.0015365418220031346
10004,24,1024,10000,0.9999999999734017,0,2.136383641728887e-11,0,0.8502024421763689,871,0.0,0.017628772404862176,0,0.4911856137980516,0,0.5000000000004917,0,0.2894,0.8489609188265456,0,0.6269642642540328,0.1350640814985212,0.8489609188265266,4.595213098923523e-13,-1.1102230246251565e-16,1.1529785320374382e-07,0.006139581546224404
10004,24,4096,10000,0.9999999998936069,0,8.545523464534042e-11,0,0.8517209072539405,670,0.0,0.008815193220589355,0,0.495592403395798,0,0.5000000000061467,0,0.2894,0.848960918826603,0,0.4773251038345081,0.11596998928188638,0.8489609188265266,1.8366974607886277e-12,-1.1102230246251565e-16,4.608540894124314e-07,0.024527200662026072
10004,24,16384,10000,0.9999999995744273,0,3.418209385571648e-10,0,0.850199315124988,502,0.0,0.004407697493323081,0,0.49779615125878734,0,0.5000000000054728,0,0.2894,0.8490669596940819,0,0.5854235787534491,0.09349336702463676,0.8489609188265266,7.34406979674418e-12,-1.1102230246251565e-16,1.8430810432179493e-06,0.08959885817893654
10004,24,65536,10000,0.9999999982977092,0,1.3672838093526436e-09,0,0.8496956761647074,398,0.0,0.002203861356641258,0,0.49889806932167935,0,0.5,0,0.2894,0.8492096789832229,0,0.5429472413147336,0.07467194334513642,0.8489609188265266,2.9374447318986086e-11,0.0,7.372020976864608e-06,0.20542102182660626
10005,2,16,10000,0.03693457329935418,0,0.9440162468910331,0,0.9915470583893304,0,0.0,0.1136720572807165,0,0.702166743672943,0,0.7923684327668354,0,0.0,0.9915470583893115,0,1.7077339542481695e-11,0.0,0.8555989604673384,0.062169763247499954,0.0003300463987338299,0.281934326164928,0.32301978895595485
10005,2,64,10000,9.340545849472961e-05,0,0.9998491653715871,0,0.9999664079467107,0,0.0,0.026915858444559432,0,0.9082812376976787,0,0.9333059070847987,0,0.0,0.9999664079467205,0,5.31841237716435e-12,0.0,0.8555989604673384,0.08946996483121838,0.0006383727989070277,0.34233626561033753,0.3938604503984966
10005,2,256,10000,3.273166330878019e-14,0,0.999999999999704,0,0.9999999999997592,0,0.0,0.000654179429144713,0,0.9974207934233684,0,0.9980688483738286,0,0.0,0.9999999999999871,0,1.0957901253050295e-12,0.0,0.8555989604673384,0.10881276037154897,0.000941823497026384,0.38667428495675626,0.439832721296307
10005,2,1024,10000,3.1806734072680183e-51,0,1.0,0,1.0,0,0.0,1.8010855693350993e-09,0,0.9999999925389538,0,0.9999999942987465,0,0.0,1.0,0,2.9629632081196178e-12,0.0,0.8555989604673384,0.12377275206529065,0.001160898311417369,0.4159321416571136,0.4669312297829239
10005,2,4096,10000,1.109759788011104e-232,0,1.0,0,1.0,0,0.0,7.836267058500896e-31,0,0.9999999999998879,0,0.9999999999999022,0,0.0,1.0,0,1.553734918502414e-11,0.0,0.8555989604673384,0.13338767818647496,0.001315728599322752,0.4335934255087939,0.4820249698640324
10005,2,16384,10000,0.0,0,1.0,0,1.0,0,0.0,2.54029528118946e-121,0,1.0,0,1.0,0,0.0,1.0,0,8.853262567498632e-11,0.0,0.8555989604673384,0.1370136849694924,0.0014105395609401166,0.4453597240245751,0.4904071540384637
10005,2,65536,10000,0.0,0,1.0,0,1.0,0,0.0,0.0,0,0.9999999999706741,0,0.9999999999706741,0,0.0,1.0,0,4.135219944245705e-10,0.0,0.8555989604673384,0.1403194875657422,0.0014444230809500973,0.4517099194597666,0.4947696707657123
10005,4,16,10000,0.6122988244269656,0,0.3105752685707979,0,0.9135933759622987,0,0.0,0.13986729039046042,0,0.44837288386428603,0,0.5213540051771637,0,0.0,0.9135933759622985,0,6.343120206864228e-07,0.0,0.8590279047949678,0.0074300051309802995,4.2196195142230065e-06,0.16558571152381277,0.31317285825387775
10005,4,64,10000,0.2196779141893403,0,0.6216406639077139,0,0.956083602432227,0,0.0,0.07012973241276745,0,0.5018324183430853,0,0.5396748368587243,0,0.0,0.9560836024322277,0,3.0455143851249034e-08,0.0,0.8590279047949678,0.02005205426229356,1.4699781466065438e-05,0.24943383605046868,0.3816980459205985
10005,4,256,10000,0.039311076997256875,0,0.9161345952655062,0,0.9897506609246011,0,0.0,0.03467224515502719,0,0.5562329772662965,0,0.576217468135114,0,0.0,0.9897506609246036,0,6.662585483319106e-09,0.0,0.8590279047949678,0.03999904177555946,4.859156176156288e-05,0.3132499473734727,0.4371437094154852
10005,4,1024,10000,0.00036035098167111864,0,0.9993197176285101,0,0.9998591643985038,0,0.0,0.016475755440252617,0,0.636479187972017,0,0.6471415798431566,0,0.0,0.9998591643985058,0,7.50389317349942e-09,0.0,0.8590279047949678,0.064705810246241,0.00012976684240695316,0.3607359792293033,0.4657645009413188
10005,4,4096,10000,8.321988656477534e-12,0,0.999999999980222,0,0.9999999999927746,0,0.0,0.006697574737419207,0,0.7676851728173095,0,0.7728640330989374,0,0.0,0.9999999999945212,0,1.9232174741645736e-09,0.0,0.8590279047949678,0.08881798057250434,0.0003069938497825334,0.38999016803488745,0.47440951175699375
10005,4,16384,10000,2.8850651531307874e-41,0,1.0,0,1.0,0,0.0,0.0014652905733826427,0,0.9304363564041801,0,0.9318025114062158,0,0.0,1.0,0,7.682995351032673e-10,0.0,0.8590279047949678,0.10475411884377939,0.0005215804723052331,0.40997666172042996,0.48709199925134805
10005,4,65536,10000,1.5619117124295937e-177,0,0.9999999999963936,0,0.9999999999974499,0,0.0,2.6878945043973452e-05,0,0.998493334705612,0,0.9985201738733851,0,0.0,1.0,0,3.998041897546045e-10,0.0,0.8590279047949678,0.11718857657615189,0.0007167000406912486,0.42593401310066425,0.492816821356025
10005,6,16,10000,0.9659121812822795,0,0.027644833302519545,0,0.8729674532171192,0,0.0,0.13994970647602947,0,0.43119517046205214,0,0.5013605867790849,0,0.0,0.872967453213741,0,8.382014315189146e-06,0.0,0.8530932738232515,0.0005501166030287274,6.940474903682772e-08,0.06786999685525692,0.3137483228248992
10005,6,64,10000,0.8722885718881905,0,0.10407673447215893,0,0.8967375111987885,0,0.0,0.07038522303702158,0,0.4671609995625484,0,0.502532324415624,0,0.0,0.896737511198789,0,8.382013756302875e-06,0.0,0.8530932738232515,0.0019889524630533617,2.6536615546635117e-07,0.14287346186173985,0.3634930082816752
10005,6,256,10000,0.597820807578648,0,0.3212725215987421,0,0.9290731729649515,0,0.0,0.035242417132293494,0,0.4870926078523051,0,0.5048872300678637,0,0.0,0.929073172964952,0,7.761470949274596e-07,0.0,0.8530932738232515,0.006534540059892291,1.0376139098267067e-06,0.22002903843042904,0.4091711868214457
10005,6,1024,10000,0.20592510380377332,0,0.6200802321712925,0,0.9648073893679432,0,0.0,0.017623974721468025,0,0.5006208571873719,0,0.5096020056597655,0,0.0,0.9648073893679433,0,7.761381493054387e-07,0.0,0.8530932738232515,0.01768819151872958,3.8245547721138535e-06,0.28361310322743044,0.44711092797796403
10005,6,4096,10000,0.036404135247556535,0,0.9078392654529666,0,0.9921089546356765,0,0.0,0.008805362408460957,0,0.5144593451730837,0,0.519029577386342,0,0.0,0.9921089546356765,0,1.7461510659622093e-07,0.0,0.8530932738232515,0.03731716979365013,1.3951885859814222e-05,0.33462844945072845,0.4596224097043893
10005,6,16384,10000,0.00043330057384348067,0,0.9990120184429301,0,0.9998232796450959,0,0.0,0.004388031693546226,0,0.5354887397143262,0,0.5378488316629182,0,0.0,0.9998232796450945,0,5.591874419064169e-08,0.0,0.8530932738232515,0.059705185494899005,4.5972647901854095e-05,0.37272633547332623,0.48485069981762463
10005,6,65536,10000,3.3431707821970025e-11,0,0.9999999998059335,0,0.9999999998430578,0,0.0,0.002164790144756712,0,0.573948082001283,0,0.5751932424446579,0,0.0,0.9999999999800153,0,2.9284912272942165e-09,0.0,0.8530932738232515,0.08099796825947214,0.00011576598747266021,0.3998762751517404,0.48985943270321974
10005,8,16,10000,0.9979108534906256,0,0.001705193382269777,0,0.8604066150518997,0,0.0,0.13994993333709893,0,0.43009807296456093,0,0.5000849381716774,0,0.0001,0.860406615047189,0,0.014443810157824699,0.0004,0.8550733334906667,3.495834972166989e-05,1.2027401075087597e-09,0.0156435484779312,0.21386817678579217
10005,8,64,10000,0.9916725733130441,0,0.006782261279611398,0,0.8698784297538056,0,0.0,0.07038608893547757,0,0.46495391664398183,0,0.5001580877315543,0,0.0001,0.8698784297538481,0,0.006389523175508893,0.0002,0.8550733334906667,0.0001333429693289867,4.598711772496601e-09,0.05189911939875771,0.31724865986421724
10005,8,256,10000,0.9672172984433534,0,0.026790130155152865,0,0.8864325135308417,0,0.0,0.03524462730523364,0,0.4826720388950413,0,0.500305105268553,0,0.0001,0.8864325135308418,0,0.002227405271262417,0.0001,0.8550733334906667,0.0005195602563814461,1.818259589558835e-08,0.12074039838491202,0.3897092991236274
10005,8,1024,10000,0.8769132891682359,0,0.10126020494488969,0,0.9101089367630184,0,0.0,0.017628754248048963,0,0.49177454271195814,0,0.5005994875820992,0,0.0001,0.910108936763016,0,0.0001246389246433166,0.0,0.8550733334906667,0.0019128085980406606,7.234978862680209e-08,0.19771645719514908,0.43543992213828697
10005,8,4096,10000,0.6059783142496827,0,0.3197400570363412,0,0.9409385938273632,0,0.0,0.008815155040759831,0,0.49677036785882667,0,0.5011884214009982,0,0.0001,0.9409385938273731,0,0.00012217464890329488,0.0,0.8550733334906667,0.006213490894284579,2.8873281785468665e-07,0.2594213338839427,0.456964510021158
10005,8,16384,10000,0.20934649895980323,0,0.6138559707217894,0,0.9727523560939888,0,0.0,0.004407620734995442,0,0.500152123891153,0,0.502366364258076,0,0.0001,0.9727523560939872,0,1.329678108663579e-05,0.0,0.8550733334906667,0.0159411952941082,1.1403574841251104e-06,0.31102168686242365,0.4723847876131133
10005,8,65536,10000,0.036619633051132056,0,0.9125169616284693,0,0.9935582975199833,0,0.0,0.0022037077120640102,0,0.5036099594236287,0,0.504722219642856,0,0.0001,0.9935582975199844,0,3.1678499659015813e-06,0.0,0.8550733334906667,0.03147756411535069,4.105889454925072e-06,0.35192107324258654,0.485061851170255
10005,10,16,10000,0.9998626780053684,0,0.00010945684025044899,0,0.8532062890002821,1,0.0,0.13994993408924555,0,0.4300296803303886,0,0.5000054036064426,0,0.0005,0.8531222095297433,0,0.09460047467947696,0.0011001100110011,0.8518312748370227,2.2058427481819187e-06,2.932892262386133e-11,0.0028947719786934483,0.23227721171625382
10005,10,64,10000,0.9994508815151306,0,0.00043768429717757035,0,0.8561042921732088,1,0.0,0.07038609215927577,0,0.4648163032780314,0,0.5000100572438207,0,0.0005,0.8560905468159663,0,0.011267141346143816,0.00040004000400040005,0.8518312748370227,8.426119904370033e-06,1.121400583503629e-10,0.010797549071010855,0.36062732411050047
10005,10,256,10000,0.9978062348608947,0,0.0017484515151976903,0,0.862080964119364,1,0.0,0.03524463545531121,0,0.48239640839414655,0,0.5000194102240998,0,0.0005,0.8620593655367585,0,0.004903290326087162,0.00020002000200020003,0.8518312748370227,3.326341576675995e-05,4.433844458251457e-10,0.03635437163010921,0.39678558181355605
10005,10,1024,10000,0.9912637832229214,0,0.006962935680554672,0,0.8736860266449087,0,0.0,0.017628772334534616,0,0.491223079789951,0,0.5000381382847385,0,0.0005,0.8736530583128712,0,0.3877745603451367,0.0001,0.8518312748370227,0.00013182487585161606,1.7683623454445298e-09,0.09311757021185699,0.4352359894590697
10005,10,4096,10000,0.965665966703359,0,0.0272875940163476,0,0.89405179471862,0,0.0,0.0088151930730016,0,0.4956673422348005,0,0.5000756052421835,0,0.0005,0.89405179471862,0,0.1377745603451367,0.0001,0.8518312748370227,0.0005053037305363661,7.068269403109895e-09,0.1597350244011196,0.44285885291575366
10005,10,16384,10000,0.8710916469576723,0,0.10199974222503633,0,0.9183680930959843,0,0.0,0.004407697185252462,0,0.49794603237158536,0,0.5001505445173773,0,0.0005,0.918368093095984,0,0.012225439654863446,0.0001,0.8518312748370227,0.0018423530862906046,2.8267837515194575e-08,0.2266783478029534,0.4616282186685223
10005,10,65536,10000,0.5929079160356052,0,0.32144827379962626,0,0.9474246082487559,0,0.0,0.0022038607354912545,0,0.49919783325291106,0,0.5003004257166028,0,0.0005,0.9474246082487523,0,0.002055948129438323,0.0001,0.8518312748370227,0.005975217130746557,1.130651337333255e-07,0.28017406617710744,0.4751135648321063
10005,12,16,10000,0.9999919565584844,0,6.3897146681558e-06,0,0.8552164868114748,11,0.0,0.13994993409141246,0,0.4300253122008374,0,0.5000003246864181,0,0.004,0.8552059135624805,0,0.34719771607000527,0.006206827510261287,0.8549148793425404,1.2474903199333198e-07,5.115685652867799e-13,0.00041483331153662053,0.07729758840581369
10005,12,64,10000,0.9999678267641509,0,2.5558572368776136e-05,0,0.8556643902229263,7,0.0,0.0703860921699809,0,0.4648075156894862,0,0.5000006043094636,0,0.004,0.8556394973348288,0,0.40784600042794017,0.004002801961372961,0.8549148793425404,4.769813115035326e-07,1.9567791831320857e-12,0.001579355249008107,0.1933597393173243
10005,12,256,10000,0.9998713155394947,0,0.00010222970880597447,0,0.8579562506656037,4,0.0,0.035244635485737516,0,0.48237880745308637,0,0.5000011663018291,0,0.004,0.8579153868864005,0,0.32082034239737744,0.0028011204481792717,0.8549148793425404,1.8859062805298699e-06,7.737716023470402e-12,0.006022163226115807,0.3322119264110769
10005,12,1024,10000,0.9994853978507151,0,0.0004088455568310479,0,0.8615649976701995,3,0.0,0.017628772404618374,0,0.4911878650138669,0,0.5000022916145143,0,0.004,0.861530333596175,0,0.14932511668727377,0.0018005401620486145,0.8549148793425404,7.5215397630779e-06,3.0860658473130814e-11,0.021500460937765326,0.3825619875868387
10005,12,4096,10000,0.9979437603428853,0,0.0016342105606312577,0,0.8704793402455088,2,0.0,0.008815193220039926,0,0.4955969062346749,0,0.5000045428911539,0,0.004,0.8704793402457202,0,0.3002811872449071,0.001200240048009602,0.8549148793425404,3.0011969319176934e-05,1.2335323873458042e-10,0.06345618597053267,0.4401751302350585
10005,12,16384,10000,0.9918102474280497,0,0.006511385887357951,0,0.8858593475702914,2,0.0,0.0044076974922037295,0,0.4978051571493939,0,0.5000090457664952,0,0.004,0.8858013849952402,0,0.18889427194185093,0.0008001600320064013,0.8549148793425404,0.00011799789530708704,4.933212061075667e-10,0.12004706687838088,0.44190538075057184
10005,12,65536,10000,0.9677799439523971,0,0.025563879671167078,0,0.9048660309563403,2,0.0,0.0022038613543923003,0,0.4989160812182995,0,0.5000180516788925,0,0.004,0.9048660309530283,0,0.00677591173284986,0.0003000600120024005,0.8549148793425404,0.00044783260257635904,1.973195701276965e-09,0.1863485558295745,0.4556910742300586
10005,14,16,10000,0.9999994728801912,0,4.152994812489652e-07,0,0.8522843847906841,36,0.0,0.13994993409141904,0,0.4300250509105462,0,0.5000000208781518,0,0.0113,0.852098131156902,0,0.48549171713771033,0.013348052990766761,0.8519393033577711,8.252917571560658e-09,1.659228310302302e-14,6.626158177866479e-05,0.031094460145403846
10005,14,64,10000,0.9999978915228234,0,1.6611957786571985e-06,0,0.8526757634287832,20,0.0,0.07038609217001394,0,0.4648069900385015,0,0.5000000388586151,0,0.0113,0.8522838548066424,0,0.5084597448961304,0.009619238476953907,0.8519393033577711,3.1555041746234025e-08,6.210587599753142e-14,0.00025335889712895193,0.08718953524594464
10005,14,256,10000,0.9999915661242287,0,6.644748774986553e-06,0,0.8530618091412026,12,0.0,0.03524463548583541,0,0.48237775461003596,0,0.5000000749961667,0,0.0113,0.8529317512196006,0,0.612656312331544,0.006808169803764518,0.8519393033577711,1.2476011401751919e-07,2.45042874880142e-13,0.0009994400082540193,0.1834504987967681
10005,14,1024,10000,0.9999662650238721,0,2.6578445679159568e-05,0,0.8549109112262099,6,0.0,0.01762877240486039,0,0.49118575855643976,0,0.5000001473565872,0,0.0113,0.8546645779039361,0,0.2510984711095062,0.004802881729037423,0.8519393033577711,4.975256379102788e-07,9.722611604701135e-13,0.003929030055240537,0.2916559962389884
10005,14,4096,10000,0.9998650685263184,0,0.00010630499278896366,0,0.858892494271336,4,0.0,0.00881519322058514,0,0.4955926929339528,0,0.5000002921193349,0,0.0113,0.8587448308379525,0,0.2138219745973967,0.0038015206082432974,0.8519393033577711,1.976957334615115e-06,3.8839598204276706e-12,0.014859157791349996,0.41958467127562826
10005,14,16384,10000,0.9994604089671899,0,0.00042507938391234124,0,0.8656535777844226,3,0.0,0.004407697493314287,0,0.4977967303552395,0,0.5000005816657053,0,0.0113,0.8656120707490648,0,0.5398715193618707,0.002100630189056717,0.8519393033577711,7.893343435760869e-06,1.5535756014983835e-11,0.04351636271532681,0.4422465534842972
10005,14,65536,10000,0.9978437916536429,0,0.001698071437391535,0,0.8758761872850392,1,0.0,0.0022038613566234917,0,0.4988992275317441,0,0.500001160768232,0,0.0113,0.8757767860361261,0,0.15355436805224543,0.0011001100110011,0.8519393033577711,3.139937799490067e-05,6.21353801744108e-11,0.09681895397100355,0.4463148262568113
10005,16,16,10000,0.9999999656050182,0,2.7639465716156053e-08,0,0.8549623969402842,104,0.0,0.13994993409141915,0,0.43002503412152515,0,0.5000000013571706,0,0.0282,0.8539732443838638,0,0.5127335637776255,0.03112368633791431,0.8538946445560669,5.839944083874116e-10,6.661338147750939e-16,7.718797909322847e-06,0.07802374044304439
10005,16,64,10000,0.9999998624200808,0,1.1055785814617636e-07,0,0.854519678322581,81,0.0,0.07038609217001479,0,0.464806956263173,0,0.5000000025259742,0,0.0282,0.854069057575294,0,0.4427871193923727,0.02419598749873979,0.8538946445560669,2.2329195714654304e-09,2.3314683517128287e-15,2.951298694855403e-05,0.19559458367281013
10005,16,256,10000,0.9999994496804454,0,4.422313571450509e-07,0,0.8541954494771703,50,0.0,0.035244635485837394,0,0.4823776869604015,0,0.5000000048751437,0,0.0282,0.8544610816274472,0,0.6052016598465608,0.01728643216080402,0.8538946445560669,8.82861500572929e-09,8.093525849517401e-15,0.00011665805065355528,0.28380614971889095
10005,16,1024,10000,0.9999977987237347,0,1.768924221823287e-06,0,0.8546208191870265,33,0.0,0.017628772404861923,0,0.49118562320753756,0,0.5000000095788315,0,0.0282,0.8546828583462946,0,0.5940185920706851,0.012140062205277415,0.8538946445560669,3.521130748085355e-08,3.2573943542502153e-14,0.0004635090228083497,0.3003846955927757
10005,16,4096,10000,0.999991194926193,0,7.075677577295103e-06,0,0.8554693350353089,26,0.0,0.008815193220588258,0,0.49559242221139743,0,0.500000018989085,0,0.0282,0.8555590344227255,0,0.3848231890935273,0.008722678965309805,0.8538946445560669,1.407406607922823e-07,1.3020695632803848e-13,0.0018419865161739203,0.40126804691598494
10005,16,16384,10000,0.999964780204833,0,2.830240135193174e-05,0,0.8582459677464197,15,0.0,0.004407697493321229,0,0.49779618889756905,0,0.5000000378108904,0,0.0282,0.85841094578698,0,0.582264068360348,0.0068102153229844765,0.8538946445560669,5.628354041165018e-07,5.20794518621415e-13,0.007173103827117798,0.41007193384804275
10005,16,65536,10000,0.9998591288199083,0,0.00011320466227676684,0,0.863705619494715,9,0.0,0.0022038613566378656,0,0.49889814461767645,0,0.5000000754623088,0,0.0282,0.8638213353710781,0,0.22591974458279496,0.004804323891502352,0.8538946445560669,2.250851656671049e-06,2.08301709214709e-12,0.025121990660422387,0.41007330535627207
10005,18,16,10000,0.9999999979958538,0,1.660203591651717e-09,0,0.858104873375506,254,0.0,0.13994993409141915,0,0.4300250330248955,0,0.5000000000820941,0,0.0587,0.8566467835323202,0,0.4916349451875516,0.0607428688692797,0.8566467835194932,3.3496871942872986e-11,0.0,1.2752224737511103e-06,0.0048912372868750165
10005,18,64,10000,0.9999999919834156,0,6.640814353862721e-09,0,0.8571428571428571,191,0.0,0.07038609217001507,0,0.4648069540570401,0,0.5000000001528037,0,0.0587,0.856646783568537,0,0.4776376985866687,0.04414313385666225,0.8566467835194932,1.2807455096464082e-10,1.1102230246251565e-16,4.875847392488126e-06,0.01796085241470624
10005,18,256,10000,0.9999999679336631,0,2.656325693398861e-08,0,0.8569675296816768,146,0.0,0.03524463548583848,0,0.4823776825415895,0,0.5000000002949032,0,0.0587,0.8566949923462853,0,0.5803593913315812,0.033793383397605035,0.8566467835194932,5.063859331855269e-10,4.440892098500626e-16,1.927829907036876e-05,0.05676649642059406
10005,18,1024,10000,0.9999998717346605,0,1.0625301964398084e-07,0,0.8570816684097853,106,0.0,0.01762877240486227,0,0.4911856143672644,0,0.5000000005799199,0,0.0587,0.8567746491522465,0,0.6415388068702894,0.0273903375783303,0.8566467835194932,2.0196331829147596e-09,1.2212453270876722e-15,7.657839083541873e-05,0.096218597248248
10005,18,4096,10000,0.9999994869387729,0,4.2501194705044313e-07,0,0.8580185566995868,73,0.0,0.008815193220588994,0,0.4955924045326744,0,0.5000000011531346,0,0.0587,0.857945308670885,0,0.5030313135683546,0.020348544373929685,0.8566467835194932,8.072621460186724e-09,3.9968028886505635e-15,0.00030388294443702723,0.21984836386263928
10005,18,16384,10000,0.9999979477571863,0,1.700045685349233e-06,0,0.859442578268891,48,0.0,0.004407697493322482,0,0.4977961535359028,0,0.5000000022926703,0,0.0587,0.8591430621174523,0,0.4509138188916594,0.014670418006430869,0.8566467835194932,3.228457667869833e-08,1.4988010832439613e-14,0.0012010337447934869,0.3141047104145335
10005,18,65536,10000,0.9999917910622572,0,6.8001490949205045e-06,0,0.8620844135542781,31,0.0,0.0022038613566400795,0,0.4988980738548069,0,0.5000000045431392,0,0.0587,0.8615857004244678,0,0.43961358748053003,0.011535760858661852,0.8566467835194932,1.2913245400758555e-07,6.128431095930864e-14,0.004679591413472859,0.4520558892809181
10005,20,16,10000,0.9999999998903883,0,8.867765971130848e-11,0,0.8539278409779685,535,0.0,0.13994993409141926,0,0.4300250329581814,0,0.5000000000045244,0,0.1147,0.851577803982891,0,0.5187619209857759,0.106391970417327,0.8515778039824053,1.8118284650370242e-12,-1.1102230246251565e-16,1.6048806363855282e-07,0.0014352945523469218
10005,20,64,10000,0.9999999995615534,0,3.547108608612982e-10,0,0.8525610929898799,396,0.0,0.07038609217001539,0,0.4648069539228157,0,0.5000000000084157,0,0.1147,0.8515778039842634,0,0.5191255039983033,0.08454810495626822,0.8515778039824053,6.925404694158033e-12,0.0,6.136309831927802e-07,0.0054504355868932874
10005,20,256,10000,0.9999999982462133,0,1.4188433874773823e-09,0,0.8529254674058785,297,0.0,0.03524463548583907,0,0.4823776822727678,0,0.5000000000162593,0,0.1147,0.8515778039897535,0,0.5969822155246959,0.06791713902916624,0.8515778039824053,2.7380486766759304e-11,0.0,2.4262048736844974e-06,0.020832126340842083
10005,20,1024,10000,0.9999999929848529,0,5.675373487091851e-09,0,0.8527278256819124,215,0.0,0.017628772404862426,0,0.49118561382906367,0,0.5000000000320599,0,0.1147,0.8516165454538491,0,0.548166457061721,0.05528870720490547,0.8515778039824053,1.0919998238989592e-10,1.1102230246251565e-16,9.676535789815408e-06,0.06768383561331137
10005,20,4096,10000,0.9999999719394119,0,2.2701493720440503e-08,0,0.852753771661976,150,0.0,0.008815193220589355,0,0.4955924034519033,0,0.5000000000627512,0,0.1147,0.8521633314743482,0,0.5040495473025146,0.043248730964467005,0.8515778039824053,4.3648057390655026e-10,3.3306690738754696e-16,3.867842395443573e-05,0.13695624820908314
10005,20,16384,10000,0.9999998877576536,0,9.080597123493311e-08,0,0.8530431853698701,100,0.0,0.004407697493323071,0,0.49779615137870714,0,0.5000000001259244,0,0.1147,0.8525947478337097,0,0.54136335047202,0.03363636363636364,0.8515778039824053,1.745600608504816e-09,7.771561172376096e-16,0.00015466514738253221,0.268337833253417
10005,20,65536,10000,0.9999995510307054,0,3.63223827700692e-07,0,0.853604129781296,74,0.0,0.002203861356641246,0,0.49889806960969196,0,0.5000000002886524,0,0.1147,0.8529611626549317,0,0.4299469683501912,0.023977433004231313,0.8515778039824053,6.9820814685428445e-09,2.3314683517128287e-15,0.0006149739733925516,0.3218170054044779
10005,22,16,10000,0.9999999999916598,0,6.8033450391257565e-12,0,0.851993290218233,947,0.0,0.1399499340914193,0,0.43002503295458183,0,0.5000000000003388,0,0.188,0.8499316133801593,0,0.6479377125537404,0.15652269965757207,0.8499316133801575,1.4060974606877608e-13,-2.220446049250313e-16,1.8641793425588885e-08,0.0013738431616093782
10005,22,64,10000,0.9999999999666392,0,2.7213380156360967e-11,0,0.8510228083020157,731,0.0,0.07038609217001576,0,0.4648069539155783,0,0.5000000000006306,0,0.188,0.8499316133801653,0,0.642997827735516,0.13011112309850037,0.8499316133801575,5.364597654988756e-13,-1.1102230246251565e-16,7.127730307088231e-08,0.005239929472449334
10005,22,256,10000,0.9999999998665569,0,1.0885346511201969e-10,0,0.8513543354358326,586,0.0,0.0352446354858397,0,0.48237768225826194,0,0.5000000000012244,0,0.188,0.8499316133801877,0,0.4984902031510555,0.1077119184193754,0.8499316133801575,2.121192110848824e-12,-1.1102230246251565e-16,2.8181723653042346e-07,0.020409936176482346
10005,22,1024,10000,0.9999999994662274,0,4.354137493894091e-10,0,0.8515958388063375,442,0.0,0.017628772404862332,0,0.49118561379996273,0,0.5000000000024372,0,0.188,0.8499963672496412,0,0.6529704707754777,0.08610587989119063,0.8499316133801575,8.459677403038768e-12,0.0,1.1239432876730663e-06,0.07221158753369672
10005,22,4096,10000,0.99999999786491,0,1.7416549969757535e-09,0,0.850740312954242,334,0.0,0.008815193220589355,0,0.4955924033975434,0,0.500000000007908,0,0.188,0.8501422956944569,0,0.5603743847621776,0.06621146285950755,0.8499316133801575,3.381517288403302e-11,0.0,4.49190856453007e-06,0.15265481477921639
10005,22,16384,10000,0.99999999145964,0,6.9666198675706455e-09,0,0.8513544879571291,248,0.0,0.004407697493323081,0,0.49779615126411214,0,0.5000000000108225,0,0.188,0.8502878156642644,0,0.6541690796881559,0.05363002461033634,0.8499316133801575,1.352351564065657e-10,1.1102230246251565e-16,1.7955146021203477e-05,0.1716570431002542
10005,22,65536,10000,0.999999965838561,0,2.786647909927662e-08,0,0.8502909806717738,182,0.0,0.002203861356641258,0,0.49889806944944315,0,0.5000000001280448,0,0.188,0.8503248884172111,0,0.6354774289790925,0.042880423711550215,0.8499316133801575,5.409167003200821e-10,2.220446049250313e-16,7.167006745906731e-05,0.17171820831497742
10005,24,16,10000,0.9999999999995857,0,3.2524402440929574e-13,0,0.8560517180349809,1606,0.0,0.13994993409141934,0,0.43002503295430494,0,0.5000000000000169,0,0.2807,0.8556129741399898,0,0.6092955440860284,0.22849654515129855,0.8556129741398548,7.216449660063518e-15,-4.440892098500626e-16,2.5991088559162974e-09,4.279571076970523e-05
10005,24,64,10000,0.9999999999983429,0,1.3010316087880957e-12,0,0.8580096155557011,1280,0.0,0.07038609217001596,0,0.46480695391502314,0,0.500000000000033,0,0.2807,0.8556129741403735,0,0.604958990836691,0.19254587155963301,0.8556129741398548,2.786659791809143e-14,-3.3306690738754696e-16,9.937768580270396e-09,0.00016364116765632541
10005,24,256,10000,0.9999999999933715,0,5.204070923996028e-12,0,0.856,1021,0.0,0.03524463548583982,0,0.48237768225715427,0,0.5000000000000784,0,0.2807,0.8556129741419071,0,0.6208043985540613,0.15970598062145006,0.8556129741398548,1.1046719095020308e-13,-2.220446049250313e-16,3.9292409731439526e-08,0.0006471744108624833
10005,24,1024,10000,0.9999999999734863,0,2.081639471820463e-11,0,0.8566890919978838,796,0.0,0.017628772404862176,0,0.4911856137980547,0,0.5000000000004949,0,0.2807,0.8556434681888391,0,0.5758633202529786,0.13526727509778358,0.8556129741398548,4.4114711883480595e-13,-1.1102230246251565e-16,1.5671098171909917e-07,0.0025834930397193867
10005,24,4096,10000,0.9999999998939448,0,8.326541233805354e-11,0,0.8555869042444493,638,0.0,0.008815193220589355,0,0.495592403395798,0,0.5000000000061467,0,0.2807,0.8556443072250305,0,0.6253511630803271,0.10937833796197394,0.8556129741398548,1.764199897280605e-12,-1.1102230246251565e-16,6.263854195609483e-07,0.01034885461324675
10005,24,16384,10000,0.9999999995757796,0,3.3306170484238604e-10,0,0.8547363372096506,496,0.0,0.004407697493323081,0,0.4977961512587945,0,0.5000000000054803,0,0.2807,0.8556458074278979,0,0.48755043033916234,0.08922558922558922,0.8556129741398548,7.057077144878576e-12,0.0,2.5050855651242974e-06,0.04088515185165387
10005,24,65536,10000,0.9999999983031185,0,1.3322469855673304e-09,0,0.85527434761099,389,0.0,0.002203861356641258,0,0.49889806932167935,0,0.5,0,0.2807,0.8558379025015663,0,0.6180527089896939,0.07075226303194257,0.8556129741398548,2.8227475912245836e-11,0.0,1.0019924440068933e-05,0.1319658512298072
10006,2,16,10000,0.038328780645371666,0,0.9412795865801646,0,0.9913600830081408,0,0.0,0.114774400738899,0,0.696199371418527,0,0.7863802143188371,0,0.0,0.9913600830081417,0,9.775813492041152e-11,0.0,0.8543253185419349,0.062965728268635,0.00037686017088070517,0.2816967038629438,0.32318040665272196
10006,2,64,10000,0.00010760737273653447,0,0.9998342689682324,0,0.9999653859786902,0,0.0,0.028175217987542016,0,0.9017780398668345,0,0.9281790282121267,0,0.0,0.9999653859786977,0,1.2073009258983802e-11,0.0,0.8543253185419349,0.09011985465077876,0.0006905496679028235,0.3453919902040846,0.3937529184646066
10006,2,256,10000,4.7778059888495226e-14,0,0.9999999999996939,0,0.9999999999997458,0,0.0,0.0008023942229001792,0,0.9967056093815219,0,0.9975137869317501,0,0.0,0.9999999999999805,0,7.0676797747637465e-12,0.0,0.8543253185419349,0.11122304878730688,0.0010413049554355458,0.38703851334858624,0.4398974846054705
10006,2,1024,10000,1.1120539879951212e-50,0,1.0,0,1.0,0,0.0,4.390057191326049e-09,0,0.9999999810664808,0,0.9999999853262993,0,0.0,1.0,0,3.1723512705639223e-12,0.0,0.8543253185419349,0.12648359889214478,0.001288385615325394,0.4141818700633411,0.46692715828485565
10006,2,4096,10000,3.896491554132014e-228,0,1.0,0,1.0,0,0.0,2.907723527098123e-29,0,0.9999999999998872,0,0.9999999999998903,0,0.0,1.0,0,1.3368306461813972e-11,0.0,0.8543253185419349,0.133460123596907,0.0013998256481739303,0.43231581039983896,0.4819750286168559
10006,2,16384,10000,0.0,0,1.0,0,1.0,0,0.0,5.50314863466904e-114,0,1.0,0,1.0,0,0.0,1.0,0,7.480349673016917e-11,0.0,0.8543253185419349,0.13844939576490067,0.0014953612390571586,0.44318073867857705,0.49045925296701887
10006,2,65536,10000,0.0,0,1.0,0,1.0,0,0.0,0.0,0,0.9999999999707321,0,0.999999999970772,0,0.0,1.0,0,3.845719298567474e-10,0.0,0.8543253185419349,0.14155536817638809,0.0015490541333512632,0.4502308728513323,0.4949065066995154
10006,4,16,10000,0.6186309808174756,0,0.30247006387406106,0,0.9105861731535937,0,0.0,0.13987921703757977,0,0.44686779414011224,0,0.5196589211684151,0,0.0,0.9105861731535937,0,2.5320036955989167e-07,0.0,0.85153841386616,0.007808417079065821,5.472086276614445e-06,0.1661265802915951,0.316560636122483
10006,4,64,10000,0.22682374014244905,0,0.5989209057392667,0,0.9527241265732298,0,0.0,0.0701736842713841,0,0.49888670583861594,0,0.5365512619190318,0,0.0,0.9527241265731672,0,4.8678004738178515e-08,0.0,0.85153841386616,0.020948664568589626,1.9367246109480715e-05,0.24728766011486994,0.3852916444079264
10006,4,256,10000,0.04483307726045762,0,0.9050416536045909,0,0.9885978670444686,0,0.0,0.03476176505351916,0,0.5504605106391964,0,0.570268560549927,0,0.0,0.9885978670444691,0,1.2038273711212355e-08,0.0,0.85153841386616,0.043357834535904805,6.14418979568876e-05,0.309930268270333,0.4306433475578356
10006,4,1024,10000,0.0005100925579813384,0,0.9989096525819188,0,0.9997974303963153,0,0.0,0.01664991279208563,0,0.6254418667506594,0,0.6360180142915708,0,0.0,0.9997974303963165,0,2.5650471746629933e-09,0.0,0.85153841386616,0.06918609053350672,0.00017354110512107226,0.3549734048455751,0.46584126819813887
10006,4,4096,10000,3.9786890296802434e-11,0,0.9999999999117439,0,0.999999999974863,0,0.0,0.006991056885455366,0,0.749428444996155,0,0.7546947527818229,0,0.0,0.999999999974863,0,2.8678892594058425e-10,0.0,0.85153841386616,0.09377144962036488,0.0003611687261841801,0.3905508927850152,0.4804483326975988
10006,4,16384,10000,1.5218722239859015e-38,0,1.0,0,1.0,0,0.0,0.0017305467097118532,0,0.9133893955660952,0,0.9149727985341659,0,0.0,1.0,0,8.764489134449605e-11,0.0,0.85153841386616,0.1120184265596097,0.0006483755176660501,0.41492453766578796,0.4899404548271087
10006,4,65536,10000,3.8948435480075794e-164,0,0.9999999999994076,0,0.9999999999997042,0,0.0,5.236391308214586e-05,0,0.9968535989789392,0,0.996905800864762,0,0.0,1.0,0,4.1516212689884924e-10,0.0,0.85153841386616,0.1246512740961424,0.0009321491971659824,0.43067913919607204,0.49393281519307386
10006,6,16,10000,0.9673282458486809,0,0.025555613665514225,0,0.8745614993235196,0,0.0,0.13994971947867613,0,0.43111139639674195,0,0.5012658444932199,0,0.0,0.8745614993234534,0,2.6675789476349188e-05,0.0,0.8556316400317343,0.0005286034630819225,9.126545598148189e-08,0.06583288349595949,0.2969321289515451
10006,6,64,10000,0.8773534017041893,0,0.09484155237087537,0,0.8956630665678569,0,0.0,0.07038531037388356,0,0.4669970147673099,0,0.5023559916087155,0,0.0,0.8956630665678571,0,7.660153353739041e-06,0.0,0.8556316400317343,0.0018868229549259818,3.489402159329027e-07,0.14168235746803234,0.3716522293845752
10006,6,256,10000,0.6103693187893809,0,0.30175737040941,0,0.9297751528854699,0,0.0,0.03524271456922676,0,0.48676424477980057,0,0.5045469300309353,0,0.0,0.9297751528898823,0,7.272885890197145e-07,0.0,0.8556316400317343,0.006378489589913383,1.350586469933691e-06,0.21937667255855134,0.4086770754383541
10006,6,1024,10000,0.22674331767934394,0,0.6026649329779237,0,0.9646354766402114,0,0.0,0.017624689168533467,0,0.49996379535117835,0,0.508933500551957,0,0.0,0.9646354766402165,0,4.4557056144700624e-07,0.0,0.8556316400317343,0.016837068128472632,5.092880429213853e-06,0.28200420650284336,0.4520403416201675
10006,6,4096,10000,0.041242605519592856,0,0.9037919960599972,0,0.9913635595336363,0,0.0,0.00880679427173077,0,0.5131461301350706,0,0.5177053885042975,0,0.0,0.9913635595336303,0,7.383797862026142e-08,0.0,0.8556316400317343,0.03461611487749677,1.8803076971890558e-05,0.3266594950148343,0.47296879734715713
10006,6,16384,10000,0.0005186855296910724,0,0.9988200633405484,0,0.9998248960789548,0,0.0,0.0043907407034644245,0,0.5328704520319676,0,0.5352204237364373,0,0.0,0.9998248960789548,0,5.602372721291715e-08,0.0,0.8556316400317343,0.05597492341035809,5.946767666494269e-05,0.36593369129285763,0.48517222863796916
10006,6,65536,10000,6.334925617513293e-11,0,0.9999999997592814,0,0.9999999998267675,0,0.0,0.0021700024774399572,0,0.5687765790920415,0,0.5700134989297816,0,0.0,0.999999999961213,0,1.2069365062927773e-08,0.0,0.8556316400317343,0.07797329268131015,0.00015742709310982985,0.3920610480035793,0.49050234333623033
10006,8,16,10000,0.9977142068945136,0,0.0018416961133343524,0,0.8583487862916092,0,0.0,0.13994993325267363,0,0.4301011167820704,0,0.500088568528599,0,0.0002,0.8583487862928906,0,0.030284502569812743,0.0002,0.8538562816236216,3.578957531491511e-05,1.2536006399610502e-09,0.01544636369474788,0.20871876340540008
10006,8,64,10000,0.9908899497587402,0,0.007327234091414336,0,0.8678780369639206,0,0.0,0.07038608858458323,0,0.464960198320853,0,0.5001648445861138,0,0.0002,0.8678780369639201,0,0.004344070649692,0.0002,0.8538562816236216,0.00013558755457310223,4.7931802749090485e-09,0.049700417525729464,0.33180393923427975
10006,8,256,10000,0.964132623851722,0,0.028807865461986604,0,0.8825527090607284,0,0.0,0.035244626401829446,0,0.4826846203594777,0,0.5003181458226243,0,0.0002,0.8825527090608047,0,0.001923416257179622,0.0002,0.8538562816236216,0.000527568725939398,1.895149848718525e-08,0.11539077181084614,0.3922054522449582
10006,8,1024,10000,0.8654079782211017,0,0.1075324346101027,0,0.9063767869529356,0,0.0,0.017628752204533374,0,0.4917997146855037,0,0.5006251103634067,0,0.0002,0.9063767882760432,0,0.00036444472406838013,0.0,0.8538562816236216,0.001940548165238809,7.55847656963571e-08,0.18997252602189807,0.4246925080742864
10006,8,4096,10000,0.5781443337695436,0,0.3319661188663908,0,0.9370143260438677,0,0.0,0.008815152091725387,0,0.4968207161682724,0,0.5012392157637442,0,0.0002,0.9370143260438677,0,2.6117290855331987e-05,0.0,0.8538562816236216,0.0062485695254874685,3.0139463912393084e-07,0.2537885500091585,0.4616893541288828
10006,8,16384,10000,0.1985281507560334,0,0.6289122846436885,0,0.9691730112150603,0,0.0,0.004407614233392842,0,0.5002528213973076,0,0.5024675041661519,0,0.0002,0.969173011215061,0,2.6117290436555862e-05,0.0,0.8538562816236216,0.01631441380516968,1.2023349132805907e-06,0.30592494764980566,0.4759745969889554
10006,8,65536,10000,0.03473196611083135,0,0.9182797664712394,0,0.9927478141806996,0,0.0,0.002203694621012865,0,0.5038113445924635,0,0.5049240427883055,0,0.0002,0.9927478141807,0,1.6975437101551805e-06,0.0,0.8538562816236216,0.033549838453943104,4.352558908110593e-06,0.3491799174551378,0.49259244398352064
10006,10,16,10000,0.9998729046776085,0,0.00010349567518219693,0,0.8531299494072522,3,0.0,0.1399499340894284,0,0.43002944746288674,0,0.5000051328462438,0,0.0011,0.853129331998645,0,0.4167592744899448,0.0014004201260378114,0.8516236340157071,2.0379011536619807e-06,2.1353613322006043e-11,0.0028513327241517163,0.14789652585172308
10006,10,64,10000,0.9994917304021338,0,0.0004138485352736532,0,0.8568318073304934,2,0.0,0.07038609216062874,0,0.4648158348062209,0,0.5000095533023416,0,0.0011,0.856775655368782,0,0.3809196442077525,0.0011002200440088017,0.8516236340157071,7.761841441522588e-06,8.164533493726374e-11,0.010602803450311653,0.26324624631987037
10006,10,256,10000,0.9979687072401491,0,0.0016532504953623572,0,0.8648508459410778,1,0.0,0.035244635459344656,0,0.4823954700769123,0,0.5000184376299686,0,0.0011,0.8648494959952606,0,0.04758631087441911,0.0009000900090009,0.8516236340157071,3.0467020984858983e-05,3.2281275430534635e-10,0.036044875340378285,0.3909664493847992
10006,10,1024,10000,0.9919036248766757,0,0.00657889477960677,0,0.8762653277394817,1,0.0,0.01762877234206072,0,0.49122120246789525,0,0.5000362272777398,0,0.0011,0.8763068286531173,0,0.03574702245891437,0.00040004000400040005,0.8516236340157071,0.00011986853282291987,1.2874820654040785e-09,0.09013835009920547,0.41686500518876857
10006,10,4096,10000,0.9681133682731231,0,0.02592242896248062,0,0.8942699067692003,1,0.0,0.00881519308532341,0,0.49566358724686566,0,0.5000718168665685,0,0.0011,0.8942789383986745,0,0.002726932212642974,0.00020002000200020003,0.8516236340157071,0.000458382927740586,5.146158754687496e-09,0.15689451580610198,0.439480942685445
10006,10,16384,10000,0.8799564645957537,0,0.09856672205414063,0,0.9175026740443958,1,0.0,0.00440769721634308,0,0.4979385222244491,0,0.5001430011364965,0,0.0011,0.9175310018177889,0,0.0012069780942021158,0.00010001000100010001,0.8516236340157071,0.001679886988022572,2.058087189005244e-08,0.2203092455481204,0.4650695299176255
10006,10,65536,10000,0.615066379978427,0,0.30934277243082015,0,0.945678951431429,1,0.0,0.0022038607960317394,0,0.4991828128744411,0,0.5002853721926728,0,0.0011,0.9456772772145456,0,0.0012069780942016717,0.00010001000100010001,0.8516236340157071,0.005530026726581594,8.231972533079286e-08,0.276924786132576,0.4752859643530891
10006,12,16,10000,0.9999927209053896,0,5.776735459340649e-06,0,0.8524865543147699,10,0.0,0.13994993409141376,0,0.43002529460552674,0,0.5000003042278954,0,0.0032,0.8522338671295389,0,0.4480339409972268,0.004804804804804805,0.8517418675542652,1.2105057112243855e-07,4.610756221268276e-13,0.00040543945552411453,0.07248762779947071
10006,12,64,10000,0.9999708839930705,0,2.310672900389816e-05,0,0.8529591252096781,8,0.0,0.07038609216998451,0,0.46480748029202346,0,0.5000005662318469,0,0.0032,0.8529591252095564,0,0.11874982038039306,0.0029023218574859887,0.8517418675542652,4.628397329287104e-07,1.7647383554475486e-12,0.0015491478049392319,0.1500163756003916
10006,12,256,10000,0.9998835419162045,0,9.242351079278768e-05,0,0.8550559797100556,6,0.0,0.03524463548574762,0,0.48237873655440566,0,0.5000010928130619,0,0.0032,0.854794478159635,0,0.3759400247117267,0.0020012007204322593,0.8517418675542652,1.8299862480919415e-06,6.977829425380835e-12,0.006004045596929002,0.24887330154090526
10006,12,1024,10000,0.9995342627497463,0,0.00036963956667560125,0,0.8583019501506538,5,0.0,0.017628772404642806,0,0.49118772316499587,0,0.5000021472201597,0,0.0032,0.8582749353092745,0,0.2465220501664297,0.0009004502251125563,0.8517418675542652,7.227873497273052e-06,2.783218655544318e-11,0.02164288758464073,0.3391758714362082
10006,12,4096,10000,0.9981385712173839,0,0.0014776870951972714,0,0.8655178808086605,4,0.0,0.008815193220131003,0,0.4955966225159518,0,0.5000042566491849,0,0.0032,0.8654887927158086,0,0.07156036070295868,0.0007002801120448179,0.8517418675542652,2.8830654395683997e-05,1.1124730581180134e-10,0.06187809824874956,0.4226905375466874
10006,12,16384,10000,0.9925785355608214,0,0.00589683854190693,0,0.8786875722120657,3,0.0,0.004407697492371446,0,0.4978045896924063,0,0.5000084757973264,0,0.0032,0.8786125648844149,0,0.10259798069391846,0.0005001500450135041,0.8517418675542652,0.00011464334118477248,4.449132395834e-10,0.12362907284594966,0.43369512535114807
10006,12,65536,10000,0.9707207041797364,0,0.023318217669079266,0,0.8979070781131762,2,0.0,0.0022038613546901064,0,0.4989149461592455,0,0.5000169141129405,0,0.0032,0.8978318114222842,0,0.1321421083203571,0.000600120024004801,0.8517418675542652,0.0004380224407925515,1.7795686590993402e-09,0.1875441894103083,0.4754365866072825
10006,14,16,10000,0.99999951742934,0,3.8201945955782633e-07,0,0.8583933689759051,32,0.0,0.1399499340914191,0,0.4300250499815363,0,0.5000000197979706,0,0.0097,0.8583937882843513,0,0.562644496534153,0.013242375601926164,0.8583180390666941,7.691357495342999e-09,1.9534374118279634e-14,6.60386020956527e-05,0.041061547625555694
10006,14,64,10000,0.9999980697191069,0,1.528076488589366e-06,0,0.858643958529539,23,0.0,0.07038609217001394,0,0.4648069881695639,0,0.5000000368481694,0,0.0097,0.858706551110011,0,0.6187193728391857,0.007918211887340884,0.8583180390666941,2.9408133539465808e-08,7.40130179366361e-14,0.0002499029964816693,0.11914578716705071
10006,14,256,10000,0.999992278904378,0,6.112284362542408e-06,0,0.8596948342939625,14,0.0,0.03524463548583547,0,0.48237775086662427,0,0.5000000711160009,0,0.0097,0.8596492085804093,0,0.276547165351158,0.006008411776487082,0.8583180390666941,1.162752604200179e-07,2.9156121961193555e-13,0.0009851059786072675,0.18957672497522726
10006,14,1024,10000,0.9999691160647146,0,2.4448791984657476e-05,0,0.8613640355088731,8,0.0,0.017628772404860545,0,0.4911857510670029,0,0.5000001397327506,0,0.0097,0.8613675213797543,0,0.22345283464884214,0.0045036028823058445,0.8583180390666941,4.6374414142125175e-07,1.1658618515042468e-12,0.0038752529987798345,0.30434653719212224
10006,14,4096,10000,0.9998764714137094,0,9.778964082495962e-05,0,0.8638854171375663,2,0.0,0.008815193220585604,0,0.4955926779536984,0,0.5000002770058516,0,0.0097,0.863981987899302,0,0.4819275492844449,0.0029005801160232048,0.8583180390666941,1.8536256428114406e-06,4.658090579923171e-12,0.014435453189126509,0.3261923680353599
10006,14,16384,10000,0.999506000107695,0,0.00039107015094590506,0,0.8696852259146889,1,0.0,0.004407697493315179,0,0.49779670039405055,0,0.5000005515718711,0,0.0097,0.8697361690707703,0,0.2955481282621121,0.002000200020002,0.8583180390666941,7.406775256513232e-06,1.8628937281661714e-11,0.042666253109889925,0.36451418209554876
10006,14,65536,10000,0.9980258300932223,0,0.0015628673786227674,0,0.8796399088339655,1,0.0,0.0022038613566262005,0,0.49889916761006864,0,0.5000011007142044,0,0.0097,0.8796436316568268,0,0.10413352314101032,0.0011001100110011,0.8583180390666941,2.9514133799479758e-05,7.45131678581146e-11,0.09217110949055184,0.43646159060815604
10006,16,16,10000,0.9999999694909985,0,2.440393938291953e-08,0,0.8540991444422582,125,0.0,0.13994993409141915,0,0.43002503399777525,0,0.5000000012132839,0,0.0288,0.8539107580365488,0,0.5806076392373236,0.030582278481012658,0.8539107504261355,4.669780673260959e-10,6.661338147750939e-16,7.5716608529618895e-06,0.015027144613254051
10006,16,64,10000,0.9999998779640016,0,9.761575191216056e-08,0,0.8541282586744559,92,0.0,0.07038609217001479,0,0.4648069560142191,0,0.5000000022581709,0,0.0288,0.853910779524774,0,0.5452538056812681,0.023617278966491725,0.8539107504261355,1.7855042444558933e-09,2.220446049250313e-15,2.89497273555705e-05,0.055882086460325
10006,16,256,10000,0.9999995118561318,0,3.904629150718351e-07,0,0.854018531824036,66,0.0,0.035244635485837256,0,0.4823776864617309,0,0.5000000043582555,0,0.0288,0.854018531827067,0,0.4708787759404225,0.01721360982484397,0.8539107504261355,7.059610673820771e-09,7.210898544940397e-15,0.00011445103421017765,0.1602478526885397
10006,16,1024,10000,0.9999980474265331,0,1.561850179003515e-06,0,0.8544886366456683,47,0.0,0.01762877240486189,0,0.49118562220983264,0,0.5000000085632235,0,0.0288,0.8547693490601962,0,0.6450502167149982,0.01275997186777856,0.8539107504261355,2.8156034337367686e-08,2.829403378257213e-14,0.00045619908536184695,0.2493529733146682
10006,16,4096,10000,0.9999921897382307,0,6.2473770181200855e-06,0,0.8560259192624813,35,0.0,0.008815193220588215,0,0.4955924202157522,0,0.500000016975691,0,0.0288,0.8559944038869842,0,0.4205978589318342,0.010035122930255895,0.8539107504261355,1.1254171183860961e-07,1.1491918527895004e-13,0.0018195713683281818,0.3217228975204569
10006,16,16384,10000,0.9999687594664912,0,2.4989128910454147e-05,0,0.8589681039204079,23,0.0,0.004407697493321227,0,0.49779618490645744,0,0.500000033802108,0,0.0288,0.8589991607883618,0,0.348082013402759,0.007717750826901874,0.8539107504261355,4.500841278565204e-07,4.610201109755967e-13,0.0067348450014100055,0.40194748146222925
10006,16,65536,10000,0.9998750460825527,0,9.995044942017285e-05,0,0.8630235351916559,13,0.0,0.002203861356637945,0,0.49889813662316046,0,0.5000000674501281,0,0.0288,0.8630802488556291,0,0.4047866376575985,0.006107940322419145,0.8539107504261355,1.7881935099328672e-06,1.843647456922783e-12,0.02276869128852667,0.4416868584553604
10006,18,16,10000,0.9999999983237902,0,1.3763548938632256e-09,0,0.848784398371583,248,0.0,0.13994993409141915,0,0.43002503301254164,0,0.50000000006773,0,0.0615,0.8483202920776183,0,0.5290261712995878,0.06583264971287942,0.8483202920701818,2.6794511054362147e-11,0.0,1.0909561882321824e-06,0.010532850596305154
10006,18,64,10000,0.9999999932951609,0,5.505419565112392e-09,0,0.8492659790250027,177,0.0,0.0703860921700152,0,0.4648069540321781,0,0.5000000001260584,0,0.0615,0.8483202920986159,0,0.48355357239181107,0.050697342970579255,0.8483202920701818,1.0244760595412572e-10,1.1102230246251565e-16,4.171289762178171e-06,0.04047827380349933
10006,18,256,10000,0.9999999731806439,0,2.2021677928467982e-08,0,0.8485305574590272,132,0.0,0.035244635485838505,0,0.482377682491781,0,0.5000000002432738,0,0.0615,0.8483971757381807,0,0.5434575625570753,0.03790028374543981,0.8483202920701818,4.0506292764419527e-10,4.440892098500626e-16,1.649242741400545e-05,0.1284268062441718
10006,18,1024,10000,0.9999998927225804,0,8.808670740136723e-08,0,0.848338770204572,93,0.0,0.017628772404862315,0,0.4911856142673132,0,0.5000000004781748,0,0.0615,0.848512291839938,0,0.5450348736563037,0.028767538104370646,0.8483202920701818,1.6155219939584242e-09,1.2212453270876722e-15,6.577382802063206e-05,0.26887093638626214
10006,18,4096,10000,0.9999995708903981,0,3.523467604943818e-07,0,0.8484912435077674,74,0.0,0.008815193220588994,0,0.495592404333005,0,0.5000000009516901,0,0.0615,0.8488595333044529,0,0.37955699571368906,0.019846866814426756,0.8483202920701818,6.457358203704189e-09,3.9968028886505635e-15,0.00026188620842399407,0.3678899604009014
10006,18,16384,10000,0.9999982835628227,0,1.4093859375330515e-06,0,0.8492796842360992,56,0.0,0.004407697493322521,0,0.4977961531330233,0,0.5000000018880071,0,0.0615,0.8493899285859032,0,0.3885090718571963,0.013173773129525342,0.8483202920701818,2.5824704874555238e-08,1.6198153929281044e-14,0.001036791908525805,0.37877257755746807
10006,18,65536,10000,0.9999931342709765,0,5.637526078562581e-06,0,0.8507106944355757,44,0.0,0.00220386135663997,0,0.49889807308052814,0,0.5000000037671524,0,0.0615,0.851298881811287,0,0.5739282540608629,0.009240658899156288,0.8483202920701818,1.0329411176401848e-07,6.512568262451172e-14,0.003794171983384192,0.38270643820843386
10006,20,16,10000,0.9999999999069432,0,7.53687082273674e-11,0,0.8589394763418452,548,0.0,0.13994993409141926,0,0.4300250329576652,0,0.500000000003924,0,0.1157,0.8559190899104661,0,0.6395474419551065,0.10696148963182395,0.8559190897262356,1.4759860000879144e-12,-1.1102230246251565e-16,1.383085423967133e-07,0.0008827617182197711
10006,20,64,10000,0.9999999996277729,0,3.014748328665975e-10,0,0.8573210525056112,411,0.0,0.07038609217001539,0,0.46480695392178917,0,0.500000000007311,0,0.1157,0.8559190904306453,0,0.6396426828572876,0.08551465220565231,0.8559190897262356,5.646427769789852e-12,0.0,5.288271207215487e-07,0.003384054089651256
10006,20,256,10000,0.9999999985110912,0,1.2058993307804328e-09,0,0.8570303587606751,308,0.0,0.03524463548583907,0,0.48237768227062766,0,0.5000000000140412,0,0.1157,0.8559190925113627,0,0.5159135899814812,0.0688196450680974,0.8559190897262356,2.2325086224128654e-11,0.0,2.0909064753327027e-06,0.013476882531057277
10006,20,1024,10000,0.9999999940443647,0,4.8235973121464175e-09,0,0.8567049374838085,219,0.0,0.01762877240486241,0,0.4911856138245752,0,0.5000000000274912,0,0.1157,0.8559606883282538,0,0.6388350810000757,0.054493405582251304,0.8559190897262356,8.904277315480158e-11,1.1102230246251565e-16,8.339304368731795e-06,0.05303034225635206
10006,20,4096,10000,0.9999999761774592,0,1.9294389072980606e-08,0,0.8564668585055148,164,0.0,0.008815193220589355,0,0.4955924034444301,0,0.5000000000552125,0,0.1157,0.8559606895604497,0,0.6115226870143037,0.04270028466856446,0.8559190897262356,3.5591307678828343e-10,2.220446049250313e-16,3.333417217776769e-05,0.15988944305141428
10006,20,16384,10000,0.9999999047098402,0,7.717755348224211e-08,0,0.8565707191666965,130,0.0,0.004407697493323081,0,0.49779615136160216,0,0.5000000001087443,0,0.1157,0.8567699666569751,0,0.42712990923069416,0.03130699088145897,0.8559190897262356,1.4233946243891182e-09,6.661338147750939e-16,0.000133333336038331,0.2794234959548937
10006,20,65536,10000,0.9999996188394182,0,3.087101689740915e-07,0,0.8573211368727132,97,0.0,0.002203861356641258,0,0.49889806957175964,0,0.5000000002506333,0,0.1157,0.8575151311160114,0,0.5133481402255847,0.023629203271735837,0.8559190897262356,5.693319538035979e-09,1.8818280267396454e-15,0.0005332975415162849,0.30923167463579226
10006,22,16,10000,0.9999999999915528,0,6.820433107179724e-12,0,0.8588169934594603,974,0.0,0.1399499340914193,0,0.4300250329545773,0,0.5000000000003337,0,0.186,0.856432270428474,0,0.6131597764679558,0.15776645247064036,0.856432268164807,1.3683498778505054e-13,-2.220446049250313e-16,1.6004533398561378e-08,0.0014433012785178834
10006,22,64,10000,0.999999999966211,0,2.728189896217259e-11,0,0.8588170303751146,770,0.0,0.07038609217001576,0,0.46480695391557014,0,0.5000000000006213,0,0.186,0.8564322768200049,0,0.559339074850886,0.12784398699891658,0.856432268164807,5.245803791353865e-13,-1.1102230246251565e-16,6.119379185043322e-08,0.005616579881233763
10006,22,256,10000,0.9999999998648439,0,1.091274848263879e-10,0,0.8571428571428571,615,0.0,0.03524463548583968,0,0.48237768225824107,0,0.5000000000012033,0,0.186,0.856432302386126,0,0.5771747574104528,0.10484816196057539,0.856432268164807,2.073841098848561e-12,-1.1102230246251565e-16,2.4195065235210646e-07,0.022422780160996303
10006,22,1024,10000,0.9999999994593756,0,4.3650988379440037e-10,0,0.8575324638655807,451,0.0,0.017628772404862363,0,0.4911856137999397,0,0.500000000002414,0,0.186,0.8564324046505956,0,0.6034290837226762,0.08733898837574615,0.856432268164807,8.271272555759879e-12,0.0,9.649753131890605e-07,0.07200937631046656
10006,22,4096,10000,0.9999999978375025,0,1.7460395906887527e-09,0,0.8571428571428571,345,0.0,0.008815193220589355,0,0.4955924033973262,0,0.5000000000076897,0,0.186,0.8564328137082242,0,0.563119619901253,0.07167270844122217,0.856432268164807,3.306066531649776e-11,0.0,3.857029455528443e-06,0.16990600711927417
10006,22,16384,10000,0.9999999913500097,0,6.9841583072438596e-09,0,0.8574506829351694,249,0.0,0.004407697493323081,0,0.49779615126398447,0,0.5000000000106919,0,0.186,0.8568551184069451,0,0.4778201370129421,0.0587632037739719,0.856432268164807,1.322186249375079e-10,1.1102230246251565e-16,1.542453393144621e-05,0.3190687282102379
10006,22,65536,10000,0.9999999654000395,0,2.7936632673863926e-08,0,0.8575405120548854,192,0.0,0.002203861356641258,0,0.49889806944925147,0,0.5000000001278524,0,0.186,0.8571151222648816,0,0.5574118563139556,0.04567699836867863,0.856432268164807,5.288507964884559e-10,1.1102230246251565e-16,6.16831529710425e-05,0.43274771409177315
10006,24,16,10000,0.9999999999993742,0,5.098251415571562e-13,0,0.8605261476007101,1628,0.0,0.13994993409141934,0,0.4300250329543136,0,0.5000000000000271,0,0.2801,0.8569799229683899,0,0.6034640336007574,0.21285236502627808,0.8569799227602996,1.0436096431476471e-14,-3.3306690738754696e-16,1.8015217428946022e-09,7.08872607493305e-05
10006,24,64,10000,0.9999999999974967,0,2.0393005662265443e-12,0,0.8586062353360205,1323,0.0,0.07038609217001596,0,0.46480695391503923,0,0.5000000000000504,0,0.2801,0.8569799235559373,0,0.5988624044745395,0.18209058430333064,0.8569799227602996,3.952393967665557e-14,-3.3306690738754696e-16,6.888172915386884e-09,0.00027109498683952626
10006,24,256,10000,0.9999999999899866,0,8.15720226487288e-12,0,0.8581412346327884,1057,0.0,0.03524463548583982,0,0.4823776822571819,0,0.5000000000001055,0,0.2801,0.8569799259061283,0,0.65619519507954,0.15878340601587834,0.8569799227602996,1.5576429035490946e-13,-2.220446049250313e-16,2.7234778882112487e-08,0.0010727239216153928
10006,24,1024,10000,0.999999999959946,0,3.262880905895877e-11,0,0.8571428571428571,845,0.0,0.017628772404862176,0,0.4911856137980737,0,0.5000000000005148,0,0.2801,0.8569799353068911,0,0.6248726720079214,0.13118514472965592,0.8569799227602996,6.213363157314689e-13,-1.1102230246251565e-16,1.0862121559984641e-07,0.004290692431542786
10006,24,4096,10000,0.9999999998397845,0,1.3051523622731044e-10,0,0.8572988400431887,674,0.0,0.008815193220589355,0,0.495592403395798,0,0.5000000000061467,0,0.2801,0.856979972909939,0,0.5222921926416287,0.10819215097576668,0.8569799227602996,2.4822921496081563e-12,-1.1102230246251565e-16,4.341672024954489e-07,0.017264194580866254
10006,24,16384,10000,0.999999999359138,0,5.220609447728491e-10,0,0.857139329334588,533,0.0,0.004407697493323081,0,0.4977961512588479,0,0.5000000000055336,0,0.2801,0.8569801233220744,0,0.5698987411332204,0.09073624168163093,0.8569799227602996,9.928113886559231e-12,0.0,1.7363549628390767e-06,0.06672358677879386
10006,24,65536,10000,0.9999999974365519,0,2.08824377690914e-09,0,0.8569423842289703,405,0.0,0.002203861356641258,0,0.4988980693821512,0,0.5000000000606035,0,0.2801,0.8570928186432947,0,0.6057491014669989,0.07139134966128191,0.8569799227602996,3.970862527680197e-11,0.0,6.945167006477939e-06,0.1834043533716273
10007,2,16,10000,0.04472266520961335,0,0.9308988662855029,0,0.9898447448926702,0,0.0,0.11732538414468238,0,0.6818534458427136,0,0.7732697490382954,0,0.0,0.9898447448926699,0,2.8353394077029748e-09,0.0,0.8508414980916974,0.060980558286689135,0.000344636051072672,0.2801921846845323,0.3230550260421138
10007,2,64,10000,0.00019453772101108232,0,0.9996822892441161,0,0.9999354229083427,0,0.0,0.03125036546687868,0,0.8877358619697338,0,0.9165755995106455,0,0.0,0.9999354229083444,0,1.0430467600741622e-09,0.0,0.8508414980916974,0.0899940011081099,0.0007014882249565704,0.343600345359542,0.39393424799066656
10007,2,256,10000,4.612455196040716e-13,0,0.9999999999992026,0,0.9999999999995915,0,0.0,0.0012196478669527617,0,0.994800691734111,0,0.9960555912350506,0,0.0,0.9999999999997848,0,2.4755719696401e-10,0.0,0.8508414980916974,0.11213381866521283,0.0009937536735531664,0.38992264662050585,0.4397505323875265
10007,2,1024,10000,1.0021045369078113e-46,0,1.0,0,1.0,0,0.0,2.299247083089991e-08,0,0.9999998968577835,0,0.9999999205274219,0,0.0,1.0,0,8.195966127999554e-11,0.0,0.8508414980916974,0.12693361790891922,0.001252652359730311,0.41612929985706043,0.46690927793301074
10007,2,4096,10000,5.580891304346689e-206,0,1.0,0,1.0,0,0.0,2.1916411995162692e-26,0,0.999999999999733,0,0.999999999999744,0,0.0,1.0,0,2.1961099605505296e-11,0.0,0.8508414980916974,0.13624982750997905,0.0014538155705476122,0.43525548088864996,0.4821328364354156
10007,2,16384,10000,0.0,0,1.0,0,1.0,0,0.0,1.4044820673327235e-100,0,1.0,0,1.0,0,0.0,1.0,0,7.860734285713988e-11,0.0,0.8508414980916974,0.14251708167288918,0.0015010202890782256,0.44772707409079676,0.49029606081622734
10007,2,65536,10000,0.0,0,1.0,0,1.0,0,0.0,0.0,0,0.9999999999653579,0,0.9999999999653579,0,0.0,1.0,0,4.827882538194217e-10,0.0,0.8508414980916974,0.1470690433293012,0.0015263268720165702,0.4553690650322443,0.49481310399977796
10007,4,16,10000,0.6236009261455768,0,0.29799326956336625,0,0.910405859938306,0,0.0,0.1398812397431407,0,0.44696579466050124,0,0.5197475019590683,0,0.0,0.9104058599383058,0,6.610518432648149e-08,0.0,0.8515183029509481,0.00722223771458258,4.955966062991649e-06,0.165539314677391,0.3135060327879
10007,4,64,10000,0.23374673847277216,0,0.5999639478160831,0,0.9532245047267061,0,0.0,0.07017618129261993,0,0.49902395738517163,0,0.5367153285079653,0,0.0,0.9532245047267065,0,1.854407327694929e-08,0.0,0.8515183029509481,0.020386127625013184,1.755854435340765e-05,0.24545591600277306,0.3878467362213296
10007,4,256,10000,0.04555041111894494,0,0.8970700473649282,0,0.9879131567358743,0,0.0,0.034768097875935294,0,0.5506626647991553,0,0.5705812258828681,0,0.0,0.9879131567358805,0,1.2019888195879957e-08,0.0,0.8515183029509481,0.0423403337171237,6.238267116240315e-05,0.3064808278746562,0.4338927269860646
10007,4,1024,10000,0.0006712105110771045,0,0.9987239873423948,0,0.9997534097334355,0,0.0,0.01664108643533343,0,0.6260232067957929,0,0.6366047607434109,0,0.0,0.9997534097334355,0,2.9247058108694546e-09,0.0,0.8515183029509481,0.06766239744659974,0.00017129178816882034,0.35573995297528926,0.4581781967619345
10007,4,4096,10000,8.224745589977025e-11,0,0.9999999998224827,0,0.999999999946107,0,0.0,0.006974364273468709,0,0.7504047086871981,0,0.7556673183566077,0,0.0,0.9999999999461058,0,4.115132679061162e-10,0.0,0.8515183029509481,0.09209785084120153,0.00038746963705407213,0.39038054478484147,0.4812876305034227
10007,4,16384,10000,2.135145696348548e-37,0,1.0,0,1.0,0,0.0,0.0017208971851215655,0,0.9143551072250533,0,0.9159270483904572,0,0.0,1.0,0,3.650367785823505e-10,0.0,0.8515183029509481,0.1084214277657502,0.0006094759438920688,0.41542673870170255,0.4895190063570414
10007,4,65536,10000,2.960778346816304e-155,0,0.9999999999984814,0,0.9999999999994009,0,0.0,5.0634842743159406e-05,0,0.9969690375723506,0,0.9970195214972715,0,0.0,1.0,0,3.679643256759846e-10,0.0,0.8515183029509481,0.12185482683737886,0.0008825062802820031,0.43168675208643825,0.4938536348515451
10007,6,16,10000,0.9685277176516252,0,0.025397948719851158,0,0.8686781585136332,0,0.0,0.1399497247929346,0,0.4311363953488333,0,0.5012959114593885,0,0.0,0.8686781585151805,0,2.7823401274273962e-05,0.0,0.8509835290863507,0.0005271613170748091,7.200809610252718e-08,0.06590204643900581,0.2907881754663576
10007,6,64,10000,0.8818942579468845,0,0.09481215715772513,0,0.8910136915138798,0,0.0,0.07038529462014231,0,0.46704712048307845,0,0.5024119518330759,0,0.0,0.8910136915138718,0,5.075664230025367e-06,0.0,0.8509835290863507,0.0019040533119056846,2.753235098018616e-07,0.14227009429375828,0.3717922543211847
10007,6,256,10000,0.6212132605358739,0,0.30342191373312294,0,0.9261452320376613,0,0.0,0.03524265598712541,0,0.4868696727743873,0,0.5046549265048997,0,0.0,0.9261452320376737,0,6.173163925593528e-07,0.0,0.8509835290863507,0.006503516104068741,1.0702223085579113e-06,0.22477168694720476,0.41172833079607996
10007,6,1024,10000,0.2259482612331507,0,0.6044925897537896,0,0.9635903205482557,0,0.0,0.0176244738241089,0,0.5001723196656533,0,0.5091456572206348,0,0.0,0.9635903205482557,0,2.378017728288384e-07,0.0,0.8509835290863507,0.01715892700460747,4.106678527227016e-06,0.28582956962804323,0.4471519241164338
10007,6,4096,10000,0.041398890892103676,0,0.8949182076730495,0,0.9903334950356302,0,0.0,0.008806394896939814,0,0.513562903402355,0,0.5181256492832536,0,0.0,0.9903334950356282,0,1.921232539725537e-08,0.0,0.8509835290863507,0.036419647016943835,1.4568643904505631e-05,0.3326120116932153,0.476580734834278
10007,6,16384,10000,0.0006258414313151898,0,0.9985726091559534,0,0.999779889312098,0,0.0,0.004390030897597032,0,0.533701540318469,0,0.5360547364403854,0,0.0,0.999779889312098,0,1.376506486572282e-08,0.0,0.8509835290863507,0.05736079302178215,4.936882064930929e-05,0.3704442278016211,0.4841263557432234
10007,6,65536,10000,1.0494559443038843e-10,0,0.999999999692499,0,0.9999999998040988,0,0.0,0.0021685103860756326,0,0.5704191063248873,0,0.5716586723968913,0,0.0,0.99999999993192,0,3.193466602269268e-09,0.0,0.8509835290863507,0.07875465755719668,0.00013766937706437,0.3964478252959189,0.48925593808347245
10007,8,16,10000,0.9979538890885126,0,0.0016224198233119602,0,0.8640672749570955,0,0.0,0.13994993341628326,0,0.43009594612019786,0,0.5000824512396771,0,0.0001,0.8640672749653987,0,0.026862639721119796,0.0002,0.858325139264942,3.359574687195055e-05,1.6030302973923943e-09,0.01627284115121527,0.2080827062762609
10007,8,64,10000,0.9918445694915131,0,0.006464523342558076,0,0.8724007288066304,0,0.0,0.07038608927827282,0,0.4649496136537202,0,0.5001534590298706,0,0.0001,0.8724007288066653,0,0.026862639721119796,0.0001,0.858325139264942,0.0001277270288461696,6.1292332875773095e-09,0.04989268019882016,0.2988373124322431
10007,8,256,10000,0.9678969543748386,0,0.025547190558696108,0,0.8872887516434942,0,0.0,0.03524462775590729,0,0.48266342003065826,0,0.5002961719937797,0,0.0001,0.8872887516366459,0,0.016615621148445503,0.0001,0.858325139264942,0.0004963730128583199,2.4234037965253927e-08,0.11255529678824111,0.385843010219991
10007,8,1024,10000,0.8789878458942479,0,0.09685470381409049,0,0.9084133986271621,0,0.0,0.01762875558153639,0,0.49175729865883633,0,0.5005819350030133,0,0.0001,0.9084133986271621,0,0.005395424795009318,0.0001,0.858325139264942,0.0018392397785369496,9.594787121480765e-08,0.1861161269236088,0.4333914926440381
10007,8,4096,10000,0.612043120304901,0,0.3058854171018358,0,0.940018861695779,0,0.0,0.008815158158349296,0,0.49673587723294743,0,0.5011536253283233,0,0.0001,0.9400188616957799,0,5.298824658839241e-05,0.0,0.858325139264942,0.005933249858982914,3.835063433654807e-07,0.25627774915902946,0.45351582401517554
10007,8,16384,10000,0.22203144854216017,0,0.6100355487066357,0,0.9716161805137602,0,0.0,0.004407626251847339,0,0.500083142196408,0,0.5022970794975248,0,0.0001,0.9716161805137495,0,7.094514643579686e-05,0.0,0.858325139264942,0.015677316889737225,1.4704138083743168e-06,0.3091404635538913,0.47666404290098996
10007,8,65536,10000,0.03749738665377779,0,0.90849090978922,0,0.9928727557057917,0,0.0,0.0022037169699018334,0,0.5034720022465576,0,0.5045839623062136,0,0.0001,0.992872755705793,0,6.196970436123106e-05,0.0,0.858325139264942,0.03211791806183062,5.732053232399004e-06,0.34706353952254326,0.4825244963836356
10007,10,16,10000,0.9998841821201117,0,9.332411197946985e-05,0,0.8532639133642893,3,0.0,0.13994993408955936,0,0.43002912771321855,0,0.5000047610702918,0,0.0009,0.8532949473044964,0,0.12673384911827246,0.0009002700810243073,0.8521556764191107,1.917509149351737e-06,2.8914887151287874e-11,0.0028671884067383016,0.20407727656944719
10007,10,64,10000,0.9995368339299945,0,0.00037318972807733834,0,0.8566716299570927,0,0.0,0.07038609216194885,0,0.464815191554391,0,0.5000088613494074,0,0.0009,0.85667162995713,0,0.26065352229978117,0.001,0.8521556764191107,7.331449575653792e-06,1.1055725779307579e-10,0.010725816412218314,0.3287499007950305
10007,10,256,10000,0.9981490214735391,0,0.0014910533289963397,0,0.8639800439300005,0,0.0,0.035244635462176946,0,0.48239418168956855,0,0.5000171021783291,0,0.0009,0.8639800439332621,0,0.09138044407834733,0.0009,0.8521556764191107,2.8974688323746278e-05,4.371256689950087e-10,0.03625529973825117,0.3733295949019835
10007,10,1024,10000,0.992624278692972,0,0.00594334002804379,0,0.8764837662613097,0,0.0,0.017628772350716606,0,0.4912186247511448,0,0.5000336033089192,0,0.0009,0.8766027002232987,0,0.03361955592165289,0.0005,0.8521556764191107,0.00011386858316081439,1.7433986698733862e-09,0.09268002318164828,0.3948216148052297
10007,10,4096,10000,0.9709792221415057,0,0.02347167575552736,0,0.8945040125424438,0,0.0,0.008815193104364856,0,0.49565843134725895,0,0.5000666151225721,0,0.0009,0.8945040125426706,0,0.006461757374739974,0.0003,0.8521556764191107,0.00044791013689199355,6.968490090519808e-09,0.16035203154055583,0.4216666269816117
10007,10,16384,10000,0.8900852332547444,0,0.08909700052591255,0,0.9171735921244571,0,0.0,0.0044076972572745475,0,0.4979282101825184,0,0.5001326434607609,0,0.0009,0.9171735921244362,0,0.001828205272376815,0.0002,0.8521556764191107,0.0016729644828987755,2.7868823970766954e-08,0.22290331329649052,0.4643536320082995
10007,10,65536,10000,0.6411964934163357,0,0.28927547176795154,0,0.9445171447901849,0,0.0,0.0022038608771137256,0,0.49916218853912897,0,0.5002647023431455,0,0.0009,0.944517144790185,0,0.00025833720931556226,0.0,0.8521556764191107,0.00526425287604898,1.114696423221151e-07,0.28218571685424193,0.4784194485198697
10007,12,16,10000,0.9999929264231262,0,5.81890595333743e-06,0,0.8510912044627362,8,0.0,0.13994993409141482,0,0.43002528007803126,0,0.5000002873364697,0,0.0028,0.8508585571074727,0,0.32778109553318624,0.003903122497998399,0.8504736011188396,1.1474586847359802e-07,7.5254247278167e-13,0.0004342627469737053,0.1177574860700914
10007,12,64,10000,0.9999717060227463,0,2.327521698766927e-05,0,0.8516169832400277,5,0.0,0.07038609216998801,0,0.4648074510663668,0,0.5000005347933736,0,0.0028,0.8515951227900513,0,0.2833738634524638,0.002801400700350175,0.8504736011188396,4.387087769175402e-07,2.8776092619864362e-12,0.0016430002466267055,0.22202580341311162
10007,12,256,10000,0.9998868293746236,0,9.30943592305048e-05,0,0.853459251509611,3,0.0,0.035244635485759374,0,0.4823786780173896,0,0.5000010321375717,0,0.0028,0.853406584371946,0,0.16036261896693416,0.0019005701710513153,0.8504736011188396,1.732110335661563e-06,1.1377115916033632e-11,0.006272393566950969,0.27345861550379924
10007,12,1024,10000,0.9995474020225787,0,0.00037227332881156034,0,0.8578945651544037,1,0.0,0.01762877240466641,0,0.49118760604808703,0,0.5000020280015893,0,0.0028,0.8578820473909525,0,0.23473388492267888,0.0012001200120012002,0.8504736011188396,6.880631645223012e-06,4.537595854614552e-11,0.022191290614876236,0.3641094004608091
10007,12,4096,10000,0.9981909595719515,0,0.001487429593538433,0,0.8662909871296024,0,0.0,0.008815193220170929,0,0.4955963882606669,0,0.5000040203105561,0,0.0028,0.8662909872516726,0,0.2767123780715351,0.0009,0.8504736011188396,2.7379506685409893e-05,1.8137070734169928e-10,0.06427320585801218,0.4241038445611216
10007,12,16384,10000,0.9927854042852553,0,0.005930348096378837,0,0.8799157391367995,0,0.0,0.004407697492461859,0,0.49780412117088024,0,0.5000080052016085,0,0.0028,0.8799157391368047,0,0.030715988470172984,0.0006,0.8504736011188396,0.0001078737134318497,7.253503575554988e-10,0.12835630000911172,0.4557697285205351
10007,12,65536,10000,0.9715459254775936,0,0.023397061687475035,0,0.8976616845729839,0,0.0,0.0022038613549085198,0,0.49891400911182915,0,0.5000159749959476,0,0.0028,0.8976616845729838,0,0.030715988470175315,0.0002,0.8504736011188396,0.00040861456327689893,2.9012676205919524e-09,0.18693651357842797,0.4590920621529361
10007,14,16,10000,0.9999994344385192,0,4.6053540116977564e-07,0,0.8574001701079565,30,0.0,0.139949934091419,0,0.4300250533141514,0,0.5000000236728788,0,0.0088,0.857258143336914,0,0.4256388602001435,0.011735205616850552,0.8572188665256097,9.251107657703983e-09,2.8066438062523978e-14,5.154381424057277e-05,0.020546947451489217
10007,14,64,10000,0.9999977377565106,0,1.842140236733538e-06,0,0.8579247837090225,21,0.0,0.07038609217001386,0,0.4648069948739669,0,0.5000000440601988,0,0.0088,0.8574060255310021,0,0.5574312686657099,0.007916624912315864,0.8572188665256097,3.537184461999132e-08,1.0726419752415958e-13,0.0001970401812405635,0.07345884967216265
10007,14,256,10000,0.9999909510649809,0,7.368539056672409e-06,0,0.8585230519164487,15,0.0,0.035244635485835174,0,0.4823777642951065,0,0.5000000850350547,0,0.0088,0.8584427245286774,0,0.4276128453761634,0.0058087130696044065,0.8572188665256097,1.3985424296425464e-07,4.2439940450833583e-13,0.0007784412667842703,0.18851090336865928
10007,14,1024,10000,0.9999638048829329,0,2.947380598812095e-05,0,0.8597751991653038,11,0.0,0.017628772404860344,0,0.4911857779332761,0,0.5000001670811415,0,0.0088,0.8597198175230714,0,0.15285794670973807,0.004204625087596356,0.8572188665256097,5.577750469831777e-07,1.6931234192441038e-12,0.003050789314618015,0.33172912807219757
10007,14,4096,10000,0.9998552294992327,0,0.00011788962037316515,0,0.8625338309910042,6,0.0,0.008815193220584765,0,0.49559273168587736,0,0.5000003312159029,0,0.0088,0.8625338309911732,0,0.321410917113922,0.003201921152691615,0.8572188665256097,2.229317633439809e-06,6.767592042322695e-12,0.011562474121038587,0.39004947144643776
10007,14,16384,10000,0.9994210774358911,0,0.0004714688393443247,0,0.8683110029142832,3,0.0,0.004407697493313486,0,0.4977968078675386,0,0.5000006595211671,0,0.0088,0.8682753611317625,0,0.3095732797116426,0.0019005701710513153,0.8572188665256097,8.913237792285145e-06,2.706591062384691e-11,0.036274982954534254,0.4016780066635248
10007,14,65536,10000,0.9976868581414238,0,0.001884442050184593,0,0.8778883319766482,1,0.0,0.0022038613566222375,0,0.49889938269505796,0,0.5000013162742578,0,0.0088,0.8779016805272402,0,0.19134833606907786,0.0015001500150015,0.8572188665256097,3.548484991733325e-05,1.0825874641184905e-10,0.08955435716598326,0.4455136537187686
10007,16,16,10000,0.9999999636850717,0,2.898711184810423e-08,0,0.8483994545965203,107,0.0,0.13994993409141915,0,0.4300250341755929,0,0.5000000014200365,0,0.0273,0.8483414133296228,0,0.5834941293968164,0.027898514100879408,0.8483259810211996,6.316737133360562e-10,9.992007221626409e-16,9.993441429700895e-06,0.01268867197101542
10007,16,64,10000,0.9999998547402955,0,1.1594844230602635e-07,0,0.8484042456243975,73,0.0,0.0703860921700147,0,0.46480695637195146,0,0.5000000026429889,0,0.0273,0.8483414169907795,0,0.6584982727963635,0.02226251636949733,0.8483259810211996,2.4152232991347944e-09,3.1086244689504383e-15,3.8223758004696096e-05,0.04579681893593379
10007,16,256,10000,0.9999994189613173,0,4.6379368823044006e-07,0,0.8485111936763157,50,0.0,0.035244635485837346,0,0.48237768717818974,0,0.5000000051008879,0,0.0273,0.8484798356645754,0,0.6454986396515776,0.016381909547738695,0.8483259810211996,9.549419255350244e-09,1.2090328738167965e-14,0.00015132426304387248,0.14274812315505614
10007,16,1024,10000,0.9999976758474396,0,1.855173457745139e-06,0,0.8488260422568166,33,0.0,0.017628772404861878,0,0.49118562364392276,0,0.5000000100230495,0,0.0273,0.8492316910788327,0,0.49330130403747063,0.012039731112671818,0.8483259810211996,3.8086204967591186e-08,4.8622217363458736e-14,0.0005941936802468753,0.25043834823005395
10007,16,4096,10000,0.9999907034244859,0,7.420673107457271e-06,0,0.8509248286002267,21,0.0,0.008815193220588234,0,0.4955924230892563,0,0.5000000198747505,0,0.0273,0.8512714552256226,0,0.35985319279855454,0.009519991983164645,0.8483259810211996,1.5223336052860859e-07,1.9608759060929533e-13,0.002331762550145666,0.372636416236819
10007,16,16384,10000,0.9999628142535737,0,2.9682360855955948e-05,0,0.8538460970186275,14,0.0,0.004407697493321147,0,0.49779619064659264,0,0.5000000395676565,0,0.0273,0.8542070614927184,0,0.28877439987818343,0.006308832365311436,0.8483259810211996,6.088221813360661e-07,7.871148177684981e-13,0.008527441322804094,0.4522958341308193
10007,16,65536,10000,0.9998512659039025,0,0.00011872413843988992,0,0.858801965079899,10,0.0,0.0022038613566377455,0,0.4988981479712761,0,0.5000000788233117,0,0.0273,0.8589308816268373,0,0.22607944106808786,0.004204204204204204,0.8483259810211996,2.4345966303518374e-06,3.1496749652859567e-12,0.02824335307329582,0.4554258026399727
10007,18,16,10000,0.9999999981861171,0,1.5393566976662498e-09,0,0.8478318708158858,257,0.0,0.13994993409141915,0,0.43002503302322426,0,0.500000000080151,0,0.0611,0.8477329883677798,0,0.5892497750348196,0.06250641486195217,0.8477329838743825,3.119998703837723e-11,0.0,1.2040835020654667e-06,0.015850576723614895
10007,18,64,10000,0.9999999927444682,0,6.157427123731907e-09,0,0.8478400727488979,186,0.0,0.07038609217001507,0,0.46480695405367195,0,0.5000000001491798,0,0.0611,0.8477330010550178,0,0.48744316096422813,0.04860403505196658,0.8477329838743825,1.1929413012978785e-10,1.1102230246251565e-16,4.603897402422061e-06,0.04863591946783674
10007,18,256,10000,0.9999999709778729,0,2.4629708050838417e-08,0,0.8476106889099044,131,0.0,0.03524463548583848,0,0.4823776825348386,0,0.5000000002879057,0,0.0611,0.8477330518039654,0,0.5569012838052326,0.037187151687101024,0.8477329838743825,4.716705914731278e-10,3.3306690738754696e-16,1.820387223617214e-05,0.07966155182310275
10007,18,1024,10000,0.9999998839114971,0,9.851882792899502e-08,0,0.8478165818336465,86,0.0,0.017628772404862277,0,0.491185614353026,0,0.5000000005654253,0,0.0611,0.8477821893537216,0,0.5982911005318214,0.028242888844058907,0.8477329838743825,1.8811739388446824e-09,1.2212453270876722e-15,7.26152591197626e-05,0.11268712249138135
10007,18,4096,10000,0.9999995356460791,0,3.9407524232704105e-07,0,0.8480307002827708,59,0.0,0.008815193220588956,0,0.4955924045002598,0,0.5000000011204329,0,0.0611,0.8480490289283611,0,0.472442472826058,0.0209234483452369,0.8477329838743825,7.519148803591946e-09,3.552713678800501e-15,0.00028798016333326604,0.2342217654924058
10007,18,16384,10000,0.9999981425857722,0,1.5762998590296284e-06,0,0.8492503844487896,38,0.0,0.004407697493322415,0,0.4977961534733859,0,0.5000000022298756,0,0.0611,0.8492503842008564,0,0.4926733954055815,0.016462557719333467,0.8477329838743825,3.007043369862572e-08,1.3528067555057548e-14,0.0011408422735924304,0.30463853075413105
10007,18,65536,10000,0.9999925703663805,0,6.305181674159943e-06,0,0.8512750828043625,22,0.0,0.0022038613566400266,0,0.49889807374556194,0,0.5000000044336552,0,0.0611,0.8512750824792179,0,0.5985944663624749,0.012126678693124875,0.8477329838743825,1.202657415322328e-07,5.452305273934153e-14,0.004513451888941573,0.33889786805217614
10007,20,16,10000,0.9999999998860408,0,8.954192941151949e-11,0,0.8510230241275442,546,0.0,0.13994993409141926,0,0.4300250329581565,0,0.5000000000044953,0,0.1148,0.8473818212367722,0,0.5886170930915673,0.10683308652422255,0.8473818212365378,1.8557932968121804e-12,-1.1102230246251565e-16,1.6892125476730513e-07,0.0047162198715958725
10007,20,64,10000,0.9999999995441633,0,3.5816760659484e-10,0,0.8505113618852963,417,0.0,0.07038609217001539,0,0.46480695392277077,0,0.5000000000083673,0,0.1148,0.8473818212374344,0,0.49537312457088,0.0829594072837316,0.8473818212365378,7.097100684916313e-12,0.0,6.458748340654117e-07,0.01829874460822456
10007,20,256,10000,0.9999999981766532,0,1.4326704259163886e-09,0,0.8501553578999136,309,0.0,0.03524463548583913,0,0.48237768227264904,0,0.500000000016138,0,0.1148,0.8473818212400838,0,0.5604410749815888,0.06655659890620164,0.8473818212365378,2.8063218415752544e-11,0.0,2.5536810020765084e-06,0.06946085482863618
10007,20,1024,10000,0.9999999927066128,0,5.73068169625803e-09,0,0.8490882055545801,236,0.0,0.017628772404862394,0,0.4911856138285793,0,0.5000000000315681,0,0.1148,0.8473818212506807,0,0.5869853192196054,0.052539942646456374,0.8473818212365378,1.1192474724808221e-10,1.1102230246251565e-16,1.0184775264099224e-05,0.18707622097224386
10007,20,4096,10000,0.9999999708264515,0,2.2922726555489416e-08,0,0.8486498768140838,170,0.0,0.008815193220589355,0,0.49559240345126526,0,0.5000000000621073,0,0.1148,0.8474008190730161,0,0.607625142464432,0.040386571719226855,0.8473818212365378,4.473723058673329e-10,2.220446049250313e-16,4.0707064139055675e-05,0.3208995199860384
10007,20,16384,10000,0.9999998833058126,0,9.169090254927433e-08,0,0.8486070425706048,122,0.0,0.004407697493323081,0,0.4977961513766004,0,0.5000000001238075,0,0.1148,0.8478440365283242,0,0.508147326609884,0.03188904636566107,0.8473818212365378,1.7891660375468632e-09,6.661338147750939e-16,0.00016276258802031354,0.3620692246549563
10007,20,65536,10000,0.9999995332233516,0,3.66763551212127e-07,0,0.8501627337694838,92,0.0,0.0022038613566412405,0,0.4988980695999918,0,0.5000000002789273,0,0.1148,0.8487381583365613,0,0.3954947960858105,0.024020993136859105,0.8473818212365378,7.1563364123505835e-09,2.1038726316646767e-15,0.0006502989826598286,0.3624695690459945
10007,22,16,10000,0.9999999999919329,0,6.3195004784688535e-12,0,0.8562528705851872,985,0.0,0.1399499340914193,0,0.4300250329545683,0,0.500000000000323,0,0.193,0.8512120478810019,0,0.5797247813088026,0.16494731003882418,0.8512120478809941,1.2656542480726785e-13,-2.220446049250313e-16,1.4344636534158098e-08,0.0003866106942316261
10007,22,64,10000,0.9999999999677316,0,2.5278168447329108e-11,0,0.8546060591153637,770,0.0,0.07038609217001576,0,0.46480695391555005,0,0.5000000000005999,0,0.193,0.8512120478810241,0,0.5539060849419618,0.13412784398699892,0.8512120478809941,4.823919041996305e-13,-2.220446049250313e-16,5.4847136088386986e-08,0.001477098707170832
10007,22,256,10000,0.9999999998709264,0,1.011127848116189e-10,0,0.8532973193782928,593,0.0,0.035244635485839705,0,0.48237768225820155,0,0.5000000000011612,0,0.193,0.8512120478811132,0,0.6614926099760418,0.11321356436696077,0.8512120478809941,1.907585200910944e-12,-1.1102230246251565e-16,2.1685707353169417e-07,0.0058200686990192985
10007,22,1024,10000,0.9999999994837052,0,4.044510282241731e-10,0,0.8535773815029759,452,0.0,0.017628772404862377,0,0.4911856137997618,0,0.5000000000022323,0,0.193,0.8513282475078587,0,0.546176328297915,0.09017595307917889,0.8512120478809941,7.608746965814817e-12,0.0,8.648958525481147e-07,0.02274710876252617
10007,22,4096,10000,0.9999999979348206,0,1.617804223918995e-09,0,0.8533740058480843,342,0.0,0.008815193220589355,0,0.4955924033973019,0,0.5000000000076636,0,0.193,0.8514328902438792,0,0.5574185267334693,0.071546904120936,0.8512120478809941,3.041167317974214e-11,0.0,3.457035435350232e-06,0.07805275277919932
10007,22,16384,10000,0.9999999917392823,0,6.471217062209433e-09,0,0.8521413730986682,258,0.0,0.004407697493323081,0,0.49779615126363386,0,0.5000000000103422,0,0.193,0.8514945100633353,0,0.570785874748058,0.056764524738246766,0.8512120478809941,1.2162454376962728e-10,1.1102230246251565e-16,1.3825345193757471e-05,0.15084425252450095
10007,22,65536,10000,0.9999999669571299,0,2.5884867915770826e-08,0,0.8519613324045956,197,0.0,0.002203861356641258,0,0.49889806944917187,0,0.500000000127772,0,0.193,0.8519049008302566,0,0.4585287112457799,0.04345608487197797,0.8512120478809941,4.864756930622605e-10,2.220446049250313e-16,5.48742620441908e-05,0.17794699913352974
10007,24,16,10000,0.9999999999995206,0,3.879655973742997e-13,0,0.8564044177306376,1602,0.0,0.13994993409141934,0,0.4300250329543082,0,0.5000000000000208,0,0.2865,0.8522209138513663,0,0.6433535845247645,0.22755417956656346,0.8522209137656767,8.215650382226158e-15,-4.440892098500626e-16,1.931298232449301e-09,4.189459611902979e-05
10007,24,64,10000,0.9999999999980826,0,1.5518623894967368e-12,0,0.8550424404097293,1301,0.0,0.07038609217001596,0,0.46480695391502913,0,0.5000000000000399,0,0.2865,0.8522209140933132,0,0.615494080338035,0.1956546729509139,0.8522209137656767,3.1585845050585704e-14,-3.3306690738754696e-16,7.384375644292593e-09,0.00016019725580129762
10007,24,256,10000,0.9999999999923304,0,6.20744955797953e-12,0,0.8528281850486539,1069,0.0,0.03524463548583982,0,0.4823776822571625,0,0.5000000000000855,0,0.2865,0.852220915061099,0,0.6218582542436004,0.16000447878177135,0.8522209137656767,1.2501111257279263e-13,-2.220446049250313e-16,2.919668653511555e-08,0.0006335819626863692
10007,24,1024,10000,0.9999999999693217,0,2.4829742720648292e-11,0,0.8533326203816112,824,0.0,0.01762877240486216,0,0.49118561379806425,0,0.5000000000005047,0,0.2865,0.8522209189322434,0,0.6207247196563502,0.13132083696599825,0.8522209137656767,4.987676938128516e-13,-1.1102230246251565e-16,1.1644592957105143e-07,0.002529675500306139
10007,24,4096,10000,0.9999999998772868,0,9.931897088069538e-11,0,0.8518903990082708,675,0.0,0.008815193220589355,0,0.495592403395798,0,0.5000000000061467,0,0.2865,0.8522209344168206,0,0.5732059310084131,0.10541554959785523,0.8522209137656767,1.9933499295632373e-12,-1.1102230246251565e-16,4.6544291419370177e-07,0.010140437974725969
10007,24,16384,10000,0.9999999995091475,0,3.972758279812699e-10,0,0.8516659683697372,541,0.0,0.004407697493323081,0,0.4977961512588799,0,0.5000000000055653,0,0.2865,0.8522209963551195,0,0.5711075506663109,0.08468125594671741,0.8522209137656767,7.972178472925862e-12,0.0,1.8614310617781565e-06,0.04017738058306408
10007,24,65536,10000,0.9999999980365899,0,1.5891033114392958e-09,0,0.852491511545845,415,0.0,0.002203861356641258,0,0.49889806932167935,0,0.5,0,0.2865,0.8523383173393224,0,0.5926036516960909,0.07094418362023996,0.8522209137656767,3.188832531364483e-11,0.0,7.445386982646271e-06,0.13109046880160502
10008,2,16,10000,0.04377842751265924,0,0.9333919401444954,0,0.9903498925033567,0,0.0,0.11683531089866481,0,0.6877883671994738,0,0.7786681178052253,0,0.0,0.9903498925033567,0,3.4799751968961345e-10,0.0,0.8526430342914725,0.06232102373493714,0.0002773053455441932,0.2836317710099027,0.3230283437185487
10008,2,64,10000,0.00017908610001333687,0,0.9997120407734507,0,0.9999441468861952,0,0.0,0.030010467615254756,0,0.8937179635476751,0,0.9214596681283838,0,0.0,0.9999441468862034,0,9.672748157996125e-10,0.0,0.8526430342914725,0.0907691887282594,0.0006112436163508099,0.34651255106618734,0.3938074977357966
10008,2,256,10000,3.426427697872739e-13,0,0.9999999999994261,0,0.999999999999655,0,0.0,0.0010349534495751587,0,0.9957062480759593,0,0.996732598629882,0,0.0,0.9999999999998668,0,2.3306578889048524e-11,0.0,0.8526430342914725,0.11112234645593622,0.0009544578660226067,0.38821311106141443,0.4398442757073292
10008,2,1024,10000,2.6563944099731456e-47,0,1.0,0,1.0,0,0.0,1.1451586993864586e-08,0,0.9999999488478974,0,0.9999999602374003,0,0.0,1.0,0,5.5434767887163616e-11,0.0,0.8526430342914725,0.12471328536112503,0.001223011338482799,0.41576275977112065,0.46688018820718025
10008,2,4096,10000,5.894650730718777e-209,0,1.0,0,1.0,0,0.0,1.4006028125503017e-27,0,0.9999999999996985,0,0.9999999999997274,0,0.0,1.0,0,1.367184143674649e-11,0.0,0.8526430342914725,0.1348642902558323,0.001365276375260566,0.43164791843278794,0.4821667812554139
10008,2,16384,10000,0.0,0,1.0,0,1.0,0,0.0,5.570138327795487e-106,0,1.0,0,1.0,0,0.0,1.0,0,1.0371448144752549e-10,0.0,0.8526430342914725,0.14104905111192195,0.001445824913978739,0.4428327551583316,0.4904948737692024
10008,2,65536,10000,0.0,0,1.0,0,1.0,0,0.0,0.0,0,0.9999999999674993,0,0.9999999999674993,0,0.0,1.0,0,3.883546817462502e-10,0.0,0.8526430342914725,0.14449414286351636,0.0014693806991696425,0.450541680838428,0.4946704913202944
10008,4,16,10000,0.5990491880263453,0,0.31885793071338886,0,0.9139420615391473,0,0.0,0.13987532799879537,0,0.44794077004910804,0,0.5208237046174444,0,0.0,0.9139420615391474,0,3.4351735126447736e-06,0.0,0.8552235837998634,0.007571670460129576,3.922374222276038e-06,0.16725546363064858,0.3102996539752897
10008,4,64,10000,0.21150650399937138,0,0.6118836851414738,0,0.9545510865476463,0,0.0,0.07015536118807855,0,0.5009349530459533,0,0.5386998732967154,0,0.0,0.9545510865476466,0,3.4351733027015996e-06,0.0,0.8552235837998634,0.020428419158011635,1.4135601048981262e-05,0.24936770286007387,0.38379995698898894
10008,4,256,10000,0.04246032558498617,0,0.9027553099786019,0,0.9895344778064277,0,0.0,0.03470622495345846,0,0.554448159224407,0,0.5743640082570409,0,0.0,0.9895344778064283,0,3.286562346715982e-07,0.0,0.8552235837998634,0.041160552530346006,4.739531123879037e-05,0.3120794356853151,0.43235133290545147
10008,4,1024,10000,0.0005626152973308203,0,0.9988625609253299,0,0.9998121283572402,0,0.0,0.01653746798901861,0,0.6330590385589667,0,0.6436875255731582,0,0.0,0.9998121283572432,0,3.214337354062735e-07,0.0,0.8552235837998634,0.06627688115600877,0.00014526179350481957,0.3603517666276087,0.46263013177287116
10008,4,4096,10000,4.7356795990440484e-11,0,0.9999999999028726,0,0.9999999999750981,0,0.0,0.006783113703935749,0,0.7620811220762798,0,0.7672857082464865,0,0.0,0.9999999999748002,0,6.686675835254619e-08,0.0,0.8552235837998634,0.09019946040856136,0.0003415187015652244,0.3928612763589424,0.4805770217428639
10008,4,16384,10000,1.1912620456037317e-38,0,1.0,0,1.0,0,0.0,0.0015449023849869543,0,0.9254287025244985,0,0.9268606116571279,0,0.0,1.0,0,1.4319361585357626e-08,0.0,0.8552235837998634,0.10681243436410659,0.0006192116619126664,0.41369968605956703,0.48925049270470344
10008,4,65536,10000,4.70426839945358e-162,0,0.9999999999968319,0,0.9999999999974643,0,0.0,3.3253871608339216e-05,0,0.9980945409633689,0,0.998127732574545,0,0.0,1.0,0,2.9582514216031086e-09,0.0,0.8552235837998634,0.11979237239576912,0.0008896339292919557,0.42832137344142623,0.4926544832462191
10008,6,16,10000,0.9712281601258906,0,0.023290815289853828,0,0.8733550574942646,0,0.0,0.13994977041420786,0,0.43098760213106846,0,0.5011189924871207,0,0.0001,0.8733550574942368,0,0.0021474662947243983,0.0003,0.8554047758194794,0.0004892008526666269,7.143259620479015e-08,0.06705395241232626,0.2799782424910029
10008,6,64,10000,0.8907238494241909,0,0.08803353804590772,0,0.8952557074205847,0,0.0,0.07038551183864816,0,0.4667434393329669,0,0.5020826724108427,0,0.0001,0.8952557074205849,0,0.0011813406577869667,0.0001,0.8554047758194794,0.0017822072875371964,2.7289036571565015e-07,0.13973469816112227,0.3545586119948003
10008,6,256,10000,0.6442716301667579,0,0.2837782662508841,0,0.9275922625300619,0,0.0,0.03524320016051588,0,0.48625630502148665,0,0.5040194537304736,0,0.0001,0.9275922625300634,0,0.0011813406577869667,0.0001,0.8554047758194794,0.005929003897157892,1.0574328453860637e-06,0.2177167664589792,0.4275974979763435
10008,6,1024,10000,0.24610987652501354,0,0.5696399948091766,0,0.962399008044792,0,0.0,0.017625622961102448,0,0.4989453437807657,0,0.5078972589274886,0,0.0001,0.9623990080447923,0,0.0011813406577869667,0.0001,0.8554047758194794,0.016502108864473897,4.04273542557454e-06,0.2832709148487833,0.44940505042155265
10008,6,4096,10000,0.05019700933484511,0,0.8764858700303362,0,0.9891341240297344,0,0.0,0.008808659980326096,0,0.5111103538043602,0,0.5156524939372671,0,0.0001,0.9891341240297318,0,0.00027426341790459663,0.0,0.8554047758194794,0.03435097532435,1.4720336342838316e-05,0.33012592948518443,0.47710843143407156
10008,6,16384,10000,0.0010397184159735983,0,0.9977376889556537,0,0.9996632200901704,0,0.0,0.004394439405507442,0,0.528809300253708,0,0.5311433457029519,0,0.0001,0.9996632200901707,0,8.924018454325999e-05,0.0,0.8554047758194794,0.057197497980300493,5.013830153992595e-05,0.3649802373321302,0.48378556722490684
10008,6,65536,10000,5.762968492008871e-10,0,0.9999999986004158,0,0.9999999996446407,0,0.0,0.0021773432735962155,0,0.560737642272056,0,0.5619612247647717,0,0.0001,0.9999999996598532,0,1.98357305303265e-06,0.0,0.8554047758194794,0.07797114593859145,0.00014041993514557493,0.39374241563755147,0.4912327471237782
10008,8,16,10000,0.9980957511411496,0,0.001513154131257258,0,0.8634004961507931,0,0.0,0.13994993348478532,0,0.43009249834734053,0,0.5000784424831899,0,0.0002,0.8634004961507935,0,0.011595342750790327,0.0003,0.8579997327599027,3.068029771363667e-05,9.08377795205695e-10,0.014982530643749107,0.22105603300825394
10008,8,64,10000,0.9924135651044566,0,0.006026897150816362,0,0.8716182394113905,0,0.0,0.07038608961103422,0,0.46494267759144103,0,0.5001459978949365,0,0.0002,0.8716182394113904,0,0.011595342750790216,0.0001,0.8579997327599027,0.00011555346964292612,3.473209614357487e-09,0.04859936416232005,0.35352121352690136
10008,8,256,10000,0.9700777191744827,0,0.023799947774476,0,0.8880968161986278,0,0.0,0.03524462871448261,0,0.4826495275719507,0,0.5002817721968923,0,0.0002,0.8880968161986829,0,0.003595342750790209,0.0001,0.8579997327599027,0.0004478622742577487,1.3677740512418881e-08,0.11253684859735545,0.3967531255382861
10008,8,1024,10000,0.8863714833189187,0,0.08973404769354851,0,0.9105329906334474,0,0.0,0.017628757345409096,0,0.49172950347426275,0,0.5005536415049847,0,0.0002,0.9105329906334272,0,0.00040465724921001645,0.0,0.8579997327599027,0.0016895486717478092,5.4313578673470546e-08,0.185998195568495,0.42266295299192846
10008,8,4096,10000,0.6333796873964332,0,0.28975910822590556,0,0.9399624151899663,0,0.0,0.008815161258295514,0,0.49668028134142805,0,0.5010975365295962,0,0.0002,0.9399624151899691,0,0.00010108987722590168,0.0,0.8579997327599027,0.0054207026340218345,2.1590550462469162e-07,0.2525450837256442,0.46064426558841387
10008,8,16384,10000,0.23909568929890151,0,0.594014031359341,0,0.9713141535118459,0,0.0,0.004407632332202096,0,0.4999719488742772,0,0.5021853972738323,0,0.0002,0.971314153511852,0,2.2396162393856223e-05,0.0,0.8579997327599027,0.01389577320007268,8.61012705960507e-07,0.3052720108958732,0.47635211915139053
10008,8,65536,10000,0.043041560758610944,0,0.8936762810125252,0,0.9924048658411241,0,0.0,0.002203730255242824,0,0.5032496247746296,0,0.50436110059157,0,0.0002,0.992404865841124,0,8.472455008456947e-06,0.0,0.8579997327599027,0.02797281871024837,3.368936936787304e-06,0.3451305429307489,0.4894013717680482
10008,10,16,10000,0.9998877525865479,0,8.940325470696941e-05,0,0.8563924848679585,4,0.0,0.13994993409000045,0,0.43002897162413745,0,0.5000045795852726,0,0.0012,0.8564257979111651,0,0.3062943033822201,0.001600640256102441,0.8553516061003243,1.8251801421342861e-06,2.2127327747867298e-11,0.0023594229859916585,0.21248498862191045
10008,10,64,10000,0.9995511127080199,0,0.000357535709904398,0,0.8592962363024865,1,0.0,0.07038609216235318,0,0.46481487754602996,0,0.5000085235677546,0,0.0012,0.8592909028646771,0,0.46469812204265526,0.0011001100110011,0.8553516061003243,6.966184508627737e-06,8.460263045684258e-11,0.008882810784693253,0.2774068890022747
10008,10,256,10000,0.9982060872222591,0,0.0014289069762015113,0,0.8648397726905092,1,0.0,0.035244635463470064,0,0.4823935527542933,0,0.5000164502684971,0,0.0012,0.8648697700292942,0,0.053481945876903136,0.0009000900090009,0.8553516061003243,2.7473576232450725e-05,3.3450048841920935e-10,0.031895989422549044,0.32813717316533153
10008,10,1024,10000,0.9928489178890132,0,0.005695922962672853,0,0.87529770356166,0,0.0,0.017628772354401998,0,0.4912173664206215,0,0.5000323224001219,0,0.0012,0.875297703465035,0,0.07759126216494627,0.0007,0.8553516061003243,0.00010824382365748342,1.3340944460260573e-09,0.08384680474412078,0.41986081288569443
10008,10,4096,10000,0.9717556096727127,0,0.0224840633482264,0,0.8935920486384129,0,0.0,0.008815193114087246,0,0.4956559144561613,0,0.5000640758519876,0,0.0012,0.8935920486262003,0,0.07759126216494616,0.0005,0.8553516061003243,0.0004223267226476368,5.332469221741576e-09,0.14830500055661716,0.4329838669401671
10008,10,16384,10000,0.8925153846030267,0,0.08552652689879706,0,0.9156675281342376,0,0.0,0.00440769727489191,0,0.4979231762858424,0,0.5001275872871147,0,0.0012,0.9157161677419128,0,0.022408737835053705,0.0003,0.8553516061003243,0.0015156616723369098,2.1291284491020695e-08,0.21686467682598035,0.480085704812238
10008,10,65536,10000,0.6489380254933835,0,0.2825252707467979,0,0.9421542634335767,0,0.0,0.0022038609105968746,0,0.49915212068973686,0,0.5002546122747559,0,0.0012,0.9421542634335742,0,0.0006681852418695122,0.0,0.8553516061003243,0.004920111692678364,8.488336502021633e-08,0.27752285161584467,0.48494753006061
10008,12,16,10000,0.9999915757261195,0,6.87051908275704e-06,0,0.8539281714253238,7,0.0,0.13994993409141082,0,0.43002533827544154,0,0.5000003550039043,0,0.0027,0.8540203587590323,0,0.11970855070301534,0.004002801961372961,0.8536514211662559,1.4514251989172777e-07,9.647282972480298e-13,0.0005182799590770579,0.09613836214661908
10008,12,64,10000,0.9999663035328579,0,2.7481757718334034e-05,0,0.8549262515076976,4,0.0,0.07038609216997291,0,0.46480756814501345,0,0.5000006607366502,0,0.0027,0.8551129910935487,0,0.1643899687423801,0.0024009603841536613,0.8536514211662559,5.54950800646381e-07,3.6885772214390045e-12,0.001977970155892312,0.20183324751715437
10008,12,256,10000,0.9998652241848169,0,0.00010992193328813355,0,0.8570796457484045,1,0.0,0.03524463548571172,0,0.48237891251793497,0,0.5000012752049041,0,0.0027,0.857085551822662,0,0.08773891038660969,0.0017001700170017002,0.8536514211662559,2.194096882068841e-06,1.4584150553886844e-11,0.0076428210698912605,0.31430655219395187
10008,12,1024,10000,0.9994610575488618,0,0.0004396061856965593,0,0.8624545105996261,1,0.0,0.017628772404572723,0,0.49118807522051366,0,0.500002505593312,0,0.0027,0.8624577794173396,0,0.07865732523006885,0.0012001200120012002,0.8536514211662559,8.701615880457592e-06,5.8165794403208795e-11,0.026885663559154435,0.3940526378226932
10008,12,4096,10000,0.9978468002992567,0,0.0017571208731535213,0,0.8718532595225388,1,0.0,0.008815193219957204,0,0.4955973266863555,0,0.5000049670821018,0,0.0027,0.8718555226310433,0,0.01796878468461638,0.0006000600060006001,0.8536514211662559,3.446714635929604e-05,2.324933245922978e-10,0.07205162836939241,0.41513380977941217
10008,12,16384,10000,0.9914281411446957,0,0.007004952521449504,0,0.8852829596229633,1,0.0,0.004407697492027347,0,0.4978059980726086,0,0.5000098904125433,0,0.0027,0.8853258770868747,0,0.0047034427337659945,0.00030003000300030005,0.8536514211662559,0.00013571951420660033,9.289804037138083e-10,0.13455945705203096,0.4481650734368289
10008,12,65536,10000,0.9662827741656482,0,0.027625039376700265,0,0.9056738145082406,1,0.0,0.0022038613539957083,0,0.49891776307383306,0,0.5000197372489674,0,0.0027,0.9055951385820199,0,0.0012619845461531165,0.00010001000100010001,0.8536514211662559,0.0005222942033974443,3.715750063193468e-09,0.20051526060172817,0.4654764254387188
10008,14,16,10000,0.9999995173291989,0,3.9306715934404745e-07,0,0.8542002097578896,28,0.0,0.13994993409141906,0,0.4300250501308093,0,0.5000000199715338,0,0.01,0.8537902861718658,0,0.37164451028878054,0.011732851985559567,0.8537438709374248,8.357984915274841e-09,1.7857937351095658e-14,6.280142137948791e-05,0.016712841852570492
10008,14,64,10000,0.9999980693186408,0,1.5722670127427104e-06,0,0.8543192184851413,20,0.0,0.07038609217001394,0,0.4648069884698592,0,0.5000000371712017,0,0.01,0.8541598622849691,0,0.3211670304469255,0.008316633266533067,0.8537438709374248,3.1957002211147056e-08,6.882272529651346e-14,0.0002400661613779605,0.05942529874048441
10008,14,256,10000,0.9999922773040858,0,6.2890420569523915e-06,0,0.8547908736680605,12,0.0,0.035244635485835514,0,0.48237775146817363,0,0.5000000717395261,0,0.01,0.854776647150769,0,0.4047402896111121,0.006007208650380457,0.8537438709374248,1.2635308754838093e-07,2.7218782783222656e-13,0.0009466967177626393,0.14721489273928268
10008,14,1024,10000,0.9999691096886963,0,2.515575233101566e-05,0,0.8568139763866292,7,0.0,0.017628772404860577,0,0.49118575227036876,0,0.5000001409577103,0,0.01,0.8566283035733822,0,0.1894375046649066,0.004102872010407285,0.8537438709374248,5.039376851923016e-07,1.0860812249546826e-12,0.0036476782347205816,0.2717056503467731
10008,14,4096,10000,0.9998764457350526,0,0.00010061635545541608,0,0.860121006882981,6,0.0,0.008815193220585368,0,0.4955926803605415,0,0.5000002794341001,0,0.01,0.8601068087438297,0,0.3042479231995304,0.002601560936561937,0.8537438709374248,2.01428016644023e-06,4.341121906392687e-12,0.013307534893475024,0.37666844890157924
10008,14,16384,10000,0.9995058852906096,0,0.0004023589906387002,0,0.8658335326739268,5,0.0,0.004407697493315061,0,0.49779670520790825,0,0.5000005564070382,0,0.01,0.8658331618999612,0,0.0589306390222174,0.0019009504752376188,0.8537438709374248,8.055715527921503e-06,1.7361401205562292e-11,0.03930933951806049,0.43402347493947946
10008,14,65536,10000,0.9980251775449032,0,0.0016077350273185618,0,0.8751746228858777,3,0.0,0.0022038613566257004,0,0.49889917723731336,0,0.50000111036271,0,0.01,0.8750740725701782,0,0.205139646486174,0.001100330099029709,0.8537438709374248,3.217077867245788e-05,6.94429236336447e-11,0.08865966349711442,0.4687080990653244
10008,16,16,10000,0.9999999659460139,0,2.6482612103251313e-08,0,0.8515771584101217,102,0.0,0.13994993409141915,0,0.4300250340982157,0,0.5000000013300684,0,0.0278,0.8515258908277656,0,0.5164521703764114,0.03222873307738937,0.8514094876612789,5.41785616370305e-10,6.661338147750939e-16,1.006880712804412e-05,0.026067568913711314
10008,16,64,10000,0.9999998637840636,0,1.0593044297291243e-07,0,0.8521513551907813,68,0.0,0.07038609217001476,0,0.46480695621629675,0,0.5000000024755478,0,0.0278,0.8517126128269343,0,0.5432191875362322,0.02356020942408377,0.8514094876612789,2.0715319459796433e-09,2.4424906541753444e-15,3.842329825849972e-05,0.08409329182656433
10008,16,256,10000,0.9999994551363844,0,4.237216830182966e-07,0,0.8525108726368158,50,0.0,0.03524463548583741,0,0.4823776868664311,0,0.5000000047777396,0,0.0278,0.8521478260612425,0,0.4553065612662883,0.01648241206030151,0.8514094876612789,8.190516820327787e-09,7.882583474838611e-15,0.00014997262994531039,0.15411861904793656
10008,16,1024,10000,0.9999978205476211,0,1.6948853081566462e-06,0,0.8525998225851309,38,0.0,0.01762877240486183,0,0.491185623019171,0,0.5000000093870849,0,0.0278,0.8528212359061118,0,0.5201812564983671,0.011744629592451315,0.8514094876612789,3.266645898225562e-08,3.219091659900642e-14,0.0005993083531021228,0.22705614075252212
10008,16,4096,10000,0.9999912822238134,0,6.779518452848521e-06,0,0.8538074554307967,28,0.0,0.008815193220588203,0,0.49559242182925267,0,0.5000000186035423,0,0.0278,0.8536852224280918,0,0.37987715015317824,0.008724428399518652,0.8514094876612789,1.3057025577412062e-07,1.32083233239655e-13,0.0023717468606014435,0.35782720958784153
10008,16,16384,10000,0.9999651294285101,0,2.7117709337443063e-05,0,0.8570718902953591,17,0.0,0.00440769749332121,0,0.49779618814041426,0,0.5000000370503823,0,0.0278,0.8568888301167448,0,0.6099777539300262,0.005108684764098969,0.8514094876612789,5.207471665547025e-07,5.29787325120879e-13,0.00882532868499175,0.41448817692641293
10008,16,65536,10000,0.999860526245667,0,0.00010846500608752141,0,0.8613708389456235,10,0.0,0.0022038613566378287,0,0.49889814318288317,0,0.5000000740243434,0,0.0278,0.8613787971503639,0,0.37996649978366603,0.004404404404404405,0.8514094876612789,2.0749498180760995e-06,2.1206425504516366e-12,0.02881367336698204,0.42714253463330065
10008,18,16,10000,0.9999999979570477,0,1.629692714111286e-09,0,0.850962581825199,250,0.0,0.13994993409141915,0,0.43002503302860895,0,0.500000000086412,0,0.0614,0.8509038673998316,0,0.6137210550468416,0.06225641025641026,0.8509038673770568,3.866662545704003e-11,0.0,1.2641872265906004e-06,0.012410589557752316
10008,18,64,10000,0.9999999918281909,0,6.5187709674674466e-09,0,0.8516207717143729,176,0.0,0.07038609217001507,0,0.46480695406449457,0,0.5000000001608225,0,0.0614,0.8509038674641369,0,0.6528345102397726,0.04855456026058632,0.8509038673770568,1.4784312662996513e-10,1.1102230246251565e-16,4.833652967722842e-06,0.0436386611601719
10008,18,256,10000,0.999999967312764,0,2.6075083370269425e-08,0,0.8506730346892235,143,0.0,0.035244635485838456,0,0.4823776825565307,0,0.5000000003103899,0,0.0614,0.8509038677213582,0,0.48022380149180843,0.03408745054276149,0.8509038673770568,5.84548520699002e-10,3.3306690738754696e-16,1.9111455631021133e-05,0.1067403308171162
10008,18,1024,10000,0.9999998692510643,0,1.0430032909569675e-07,0,0.8513039928608499,106,0.0,0.01762877240486227,0,0.4911856143962815,0,0.5000000006094563,0,0.0614,0.8511045352574338,0,0.6071272721250119,0.02587426723266626,0.8509038673770568,2.331371207198174e-09,1.1102230246251565e-15,7.622169513788986e-05,0.1804091607714554
10008,18,4096,10000,0.9999994770043932,0,4.1720124371869005e-07,0,0.852069890233919,74,0.0,0.008815193220588994,0,0.4955924045854046,0,0.5000000012063328,0,0.0614,0.8520698902797152,0,0.6046296638921186,0.018940157163006247,0.8509038673770568,9.31865956621536e-09,3.3306690738754696e-15,0.00030464671109472943,0.2672273279530085
10008,18,16384,10000,0.9999979080197432,0,1.6688038107504077e-06,0,0.8533992024270145,56,0.0,0.004407697493322433,0,0.49779615364486646,0,0.5000000024021163,0,0.0614,0.8533300391672117,0,0.5818225103223251,0.013576025744167337,0.8509038673770568,3.726779451707074e-08,1.3433698597964394e-14,0.001213012527752362,0.40494462379204665
10008,18,65536,10000,0.9999916321137002,0,6.675196617622614e-06,0,0.856040487178209,40,0.0,0.002203861356639961,0,0.4988980740708321,0,0.5000000047596405,0,0.0614,0.855866256997525,0,0.3721727439679595,0.011345381526104417,0.8509038673770568,1.4906403578152094e-07,5.3712589931365094e-14,0.0046384135828761285,0.4367064499565677
10008,20,16,10000,0.9999999998946258,0,8.362967325362627e-11,0,0.8565990473680292,516,0.0,0.13994993409141926,0,0.4300250329578028,0,0.500000000004084,0,0.1146,0.8548990280294717,0,0.5547541133487682,0.10913116828342471,0.8548990253078238,1.7463808177353712e-12,-1.1102230246251565e-16,1.3964255100029624e-07,0.00031462679367266766
10008,20,64,10000,0.9999999995785037,0,3.3451874847320446e-10,0,0.8565341455929384,382,0.0,0.07038609217001546,0,0.46480695392205496,0,0.5000000000075977,0,0.1146,0.8548990357141241,0,0.5664105655024626,0.08837596173840716,0.8548990253078238,6.6775474039104665e-12,0.0,5.339278966787206e-07,0.001211138175092219
10008,20,256,10000,0.9999999983140149,0,1.3380748820312875e-09,0,0.8563352944087445,285,0.0,0.03524463548583913,0,0.48237768227120137,0,0.5000000000146355,0,0.1146,0.8548990664527323,0,0.5874694188749399,0.06948018528049409,0.8548990253078238,2.6401991704005923e-11,0.0,2.111076597377525e-06,0.004886108673467615
10008,20,1024,10000,0.9999999932560597,0,5.352299514697506e-09,0,0.8558597375117494,207,0.0,0.017628772404862426,0,0.491185613825885,0,0.5000000000288243,0,0.1146,0.8548991894071268,0,0.5026042382684285,0.053813948738895126,0.8548990253078238,1.0529993543784144e-10,1.1102230246251565e-16,8.419788487123987e-06,0.019479070258567766
10008,20,4096,10000,0.9999999730242388,0,2.1409197788436588e-08,0,0.8554462453062608,148,0.0,0.008815193220589355,0,0.4955924034466579,0,0.5000000000574591,0,0.1146,0.8550316577976788,0,0.48728996707938665,0.03999187982135607,0.8548990253078238,4.208920434400909e-10,3.3306690738754696e-16,3.3656507610285705e-05,0.06354001367596784
10008,20,16384,10000,0.9999998920969607,0,8.563678549582354e-08,0,0.8565276792683778,106,0.0,0.004407697493323081,0,0.4977961513657855,0,0.5000000001129454,0,0.1146,0.8551856852522528,0,0.47985033243420105,0.03011926420052557,0.8548990253078238,1.6832600313598789e-09,6.661338147750939e-16,0.0001345292904519623,0.1582846650250863
10008,20,65536,10000,0.9999995683879243,0,3.425470536214825e-07,0,0.8566504998409625,65,0.0,0.0022038613566412297,0,0.49889806958421246,0,0.5000000002631124,0,0.1146,0.8560777114282903,0,0.511224510952753,0.022747861097131353,0.8548990253078238,6.732731816505577e-09,2.220446049250313e-15,0.0005187827818532995,0.2784396810657148
10008,22,16,10000,0.9999999999928688,0,5.534733161665732e-12,0,0.8578578578578578,989,0.0,0.1399499340914193,0,0.43002503295453587,0,0.5000000000002853,0,0.1926,0.8564954411482613,0,0.6233945057262863,0.16424370214182665,0.8564954411477914,1.1235457009206584e-13,-2.220446049250313e-16,1.8711680677130228e-08,0.00020086077019054738
10008,22,64,10000,0.9999999999714753,0,2.213893264639959e-11,0,0.8571428571428571,758,0.0,0.07038609217001576,0,0.4648069539154842,0,0.5000000000005289,0,0.1926,0.8564954411495882,0,0.573353448069909,0.13990478251460722,0.8564954411477914,4.2876813211023546e-13,-2.220446049250313e-16,7.154467466796659e-08,0.0007670139406968923
10008,22,256,10000,0.999999999885901,0,8.855573058138553e-11,0,0.8572452858822097,594,0.0,0.03524463548583965,0,0.4823776822580703,0,0.5000000000010278,0,0.1926,0.8564954411548951,0,0.6227323019549469,0.11067403784818201,0.8564954411477914,1.6961987370223142e-12,-1.1102230246251565e-16,2.8287685083227897e-07,0.003016666004153401
10008,22,1024,10000,0.9999999995436042,0,3.542229222581332e-10,0,0.8575772703328888,452,0.0,0.017628772404862346,0,0.49118561379956177,0,0.5000000000020293,0,0.1926,0.8564954411761234,0,0.53741489144804,0.08975701717637201,0.8564954411477914,6.7645333778898475e-12,0.0,1.1282087665043159e-06,0.011750482627277958
10008,22,4096,10000,0.999999998174417,0,1.4168916879539906e-09,0,0.85756434935443,331,0.0,0.008815193220589355,0,0.49559240339699695,0,0.5000000000073567,0,0.1926,0.8564954412610373,0,0.6010950453527956,0.0742579377391664,0.8564954411477914,2.70382605194186e-11,0.0,4.509587780321369e-06,0.04139964022557607
10008,22,16384,10000,0.9999999926976678,0,5.667566734559378e-09,0,0.8570377827995013,246,0.0,0.004407697493323081,0,0.4977961512627199,0,0.5000000000094225,0,0.1926,0.8565229700450001,0,0.5508972507017907,0.05597703506253845,0.8564954411477914,1.0813366868589469e-10,1.1102230246251565e-16,1.8035924929154943e-05,0.0886800588699379
10008,22,65536,10000,0.9999999707906715,0,2.2670266662131666e-08,0,0.8572291141933873,177,0.0,0.002203861356641258,0,0.4988980694491089,0,0.5000000001277107,0,0.1926,0.8570981174346044,0,0.5086776948020576,0.0457090501883335,0.8564954411477914,4.325134139726572e-10,1.1102230246251565e-16,7.21543784328311e-05,0.20068855633165994
10008,24,16,10000,0.9999999999995433,0,3.711248858244989e-13,0,0.8609629361092409,1707,0.0,0.13994993409141934,0,0.4300250329543068,0,0.5000000000000189,0,0.2919,0.8593424880416439,0,0.5907179945894193,0.23236464488122513,0.8593424880416192,7.605027718682322e-15,-3.3306690738754696e-16,2.427765161128183e-09,0.00015682626057667015
10008,24,64,10000,0.9999999999981728,0,1.4844440321463267e-12,0,0.8612017188438904,1373,0.0,0.07038609217001596,0,0.46480695391502647,0,0.5000000000000369,0,0.2919,0.8593424880417135,0,0.651530573855238,0.19798307638808393,0.8593424880416192,2.942091015256665e-14,-3.3306690738754696e-16,9.28263052535346e-09,0.0005930292442125618
10008,24,256,10000,0.9999999999926912,0,5.937720617427114e-12,0,0.8598438662322101,1100,0.0,0.03524463548583982,0,0.48237768225715694,0,0.5000000000000792,0,0.2919,0.8593424880419909,0,0.5925420035927209,0.1649438202247191,0.8593424880416192,1.1657341758564144e-13,-2.220446049250313e-16,3.6702090583373556e-08,0.0022395639739014594
10008,24,1024,10000,0.9999999999707647,0,2.3750937980748157e-11,0,0.8593131854415668,860,0.0,0.017628772404862176,0,0.4911856137980549,0,0.5000000000004949,0,0.2919,0.8593424880431019,0,0.5755549783682478,0.13840262582056892,0.8593424880416192,4.644618023519342e-13,-2.220446049250313e-16,1.4637991913590772e-07,0.007283061029457194
10008,24,4096,10000,0.9999999998830593,0,9.500391845466185e-11,0,0.8591760793670125,710,0.0,0.008815193220589355,0,0.495592403395798,0,0.5000000000061467,0,0.2919,0.859342488047544,0,0.5657557541029046,0.1117330462863294,0.8593424880416192,1.8547385849387865e-12,-1.1102230246251565e-16,5.850910299698397e-07,0.012779044155190156
10008,24,16384,10000,0.9999999995322371,0,3.8001572930124776e-10,0,0.8591773765940096,570,0.0,0.004407697493323081,0,0.49779615125881926,0,0.500000000005504,0,0.2919,0.8593637865287651,0,0.465373524819083,0.0911983032873807,0.8593424880416192,7.417733094428058e-12,-1.1102230246251565e-16,2.3399322390704655e-06,0.0435276760066583
10008,24,65536,10000,0.9999999981289478,0,1.5200629167481868e-09,0,0.8592163090577549,431,0.0,0.002203861356641258,0,0.49889806932167935,0,0.5,0,0.2919,0.8595379940048142,0,0.6111673972707254,0.07430243494618037,0.8593424880416192,2.966848988705806e-11,0.0,9.35924529237849e-06,0.11765028239518449
10009,2,16,10000,0.04090862039855926,0,0.9375138441435923,0,0.9904870865002813,0,0.0,0.11567595104835157,0,0.6924382816646761,0,0.7840102317717889,0,0.0,0.9904870865002813,0,4.452879398542109e-09,0.0,0.8570422487060383,0.06010054168659423,0.00032437824427095644,0.282672329985369,0.32304838187719
10009,2,64,10000,0.00014503613696915024,0,0.9997658578258091,0,0.9999439771294761,0,0.0,0.029046491543447822,0,0.8990183334620201,0,0.9258812779663375,0,0.0,0.9999439771294777,0,5.814092540745719e-10,0.0,0.8570422487060383,0.08903137228682245,0.0006109452302412999,0.3452649350946862,0.3938932039327816
10009,2,256,10000,1.844545588199049e-13,0,0.9999999999995447,0,0.9999999999996692,0,0.0,0.0008876524947327128,0,0.9964052720057659,0,0.9972739919011424,0,0.0,0.999999999999915,0,2.8406133001368516e-10,0.0,0.8570422487060383,0.11031350024901959,0.0008787531199355049,0.3891286422984477,0.4397350506750658
10009,2,1024,10000,2.3805363873606367e-48,0,1.0,0,1.0,0,0.0,6.044751252609215e-09,0,0.9999999737880954,0,0.9999999797002749,0,0.0,1.0,0,6.811295971687059e-11,0.0,0.8570422487060383,0.12452463390276092,0.0010803282206420129,0.41790767207570156,0.4668013286535443
10009,2,4096,10000,4.074634518290749e-215,0,1.0,0,1.0,0,0.0,1.036213547959291e-28,0,0.99999999999971,0,0.9999999999997191,0,0.0,1.0,0,1.507871605355149e-11,0.0,0.8570422487060383,0.13348114788953702,0.0012137102501341202,0.4342392825407818,0.48208232798499506
10009,2,16384,10000,0.0,0,1.0,0,1.0,0,0.0,3.19255450719096e-111,0,1.0,0,1.0,0,0.0,1.0,0,7.551892444723762e-11,0.0,0.8570422487060383,0.13742947521570176,0.0012716901186324515,0.44613934050911463,0.4903407661488812
10009,2,65536,10000,0.0,0,1.0,0,1.0,0,0.0,0.0,0,0.999999999969136,0,0.999999999969136,0,0.0,1.0,0,4.150626509158428e-10,0.0,0.8570422487060383,0.139693300674544,0.0012805234614756522,0.4531575329336374,0.4949423895741809
10009,4,16,10000,0.621834275602214,0,0.29564983999883443,0,0.9093120838387545,0,0.0,0.13988498342620065,0,0.4465896575064848,0,0.5192589094862692,0,0.0,0.9093120838387547,0,2.031848843508932e-06,0.0,0.8510843313654202,0.007640421262470332,4.422636519130222e-06,0.1641707431160522,0.3156825760110413
10009,4,64,10000,0.2322728937047583,0,0.5931374106409883,0,0.9514124708155212,0,0.0,0.07018555324286596,0,0.4981384110351052,0,0.5357897946906142,0,0.0,0.9514124708155216,0,2.0318488362924825e-06,0.0,0.8510843313654202,0.02144247437249952,1.627125577214895e-05,0.24791675423802612,0.3844479695027273
10009,4,256,10000,0.047045687508272836,0,0.8943737046025922,0,0.9878430488449597,0,0.0,0.03479268498863505,0,0.5490048766837825,0,0.568782773310571,0,0.0,0.9878430488449599,0,4.848838484061702e-07,0.0,0.8510843313654202,0.044351488141365025,5.44073411125279e-05,0.31125040824508937,0.4290852485616802
10009,4,1024,10000,0.000747158631529806,0,0.9983811192124061,0,0.9997454341455673,0,0.0,0.01668138431343798,0,0.6226635816713559,0,0.6332242636136995,0,0.0,0.9997454341459433,0,1.4484498689348868e-07,0.0,0.8510843313654202,0.07152730904385113,0.00015133842784361144,0.35927026739823426,0.4589809508659606
10009,4,4096,10000,1.9402312512418481e-10,0,0.9999999995763025,0,0.999999999881467,0,0.0,0.007053203509895733,0,0.7447524700935606,0,0.7500407818632178,0,0.0,0.999999999880451,0,1.2451051856210427e-08,0.0,0.8510843313654202,0.09407175966231751,0.0003367215035570803,0.3933891963244458,0.48113088341579135
10009,4,16384,10000,5.867337403576478e-36,0,1.0,0,1.0,0,0.0,0.0018012108451008044,0,0.9086822618077353,0,0.9103219434049126,0,0.0,1.0,0,7.234677190659511e-09,0.0,0.8510843313654202,0.11407733157333694,0.0005479959551449143,0.41478562520808365,0.4892621718598078
10009,4,65536,10000,4.7790994240571973e-147,0,0.9999999999991922,0,0.9999999999996487,0,0.0,6.13689516192542e-05,0,0.9962483725195225,0,0.9963095149868629,0,0.0,1.0,0,2.2969174340303766e-09,0.0,0.8510843313654202,0.12533231904881054,0.0007892620557953263,0.4298070565427328,0.49229733876304027
10009,6,16,10000,0.9685398147539893,0,0.025261342272364568,0,0.8677072741097608,0,0.0,0.13994972965853106,0,0.4311415142657784,0,0.5012987572895273,0,0.0,0.867707274109775,0,5.1453617308738764e-05,0.0,0.8480605083493248,0.0005393360495628552,9.450296371005252e-08,0.06622602930399825,0.2857593338508423
10009,6,64,10000,0.88128503835433,0,0.09549084873525601,0,0.8880020454379929,0,0.0,0.07038533994228702,0,0.4670546195694165,0,0.5024172484490235,0,0.0,0.8880020454380977,0,1.240332042506953e-05,0.0,0.8480605083493248,0.0019458460883433615,3.609697849848992e-07,0.14230030028479293,0.3614247730530714
10009,6,256,10000,0.6193502288009214,0,0.3050262616978974,0,0.9240924620468984,0,0.0,0.035242752785315135,0,0.4868795395046744,0,0.5046651483186795,0,0.0,0.924092462046899,0,4.416218522207416e-06,0.0,0.8480605083493248,0.006583939142537298,1.4214558083036635e-06,0.22080324215704977,0.4122815394633612
10009,6,1024,10000,0.22554790713012113,0,0.6034933189866205,0,0.9599510200797705,0,0.0,0.017624538217377576,0,0.5001920562960608,0,0.5091657376446802,0,0.0,0.959951020079771,0,1.1720319958996583e-07,0.0,0.8480605083493248,0.01849759565667325,5.421948262351873e-06,0.28622519316142014,0.44686856711875
10009,6,4096,10000,0.04133247452040528,0,0.9019560910360114,0,0.9896900529609081,0,0.0,0.008806382556619684,0,0.5136023500313927,0,0.5181654257829844,0,0.0,0.9896900529609531,0,2.430913909057253e-07,0.0,0.8480605083493248,0.03728280678424867,1.890019880124161e-05,0.33642902494857807,0.4773568483581677
10009,6,16384,10000,0.0005729611328063895,0,0.9988056882722276,0,0.9997563141354218,0,0.0,0.004389876642884748,0,0.5337801949441803,0,0.5361336956526082,0,0.0,0.9997563141354218,0,6.283654430117025e-08,0.0,0.8480605083493248,0.059613726691347735,6.39120283688899e-05,0.36866844144189514,0.48006591578508884
10009,6,65536,10000,7.104372196484883e-11,0,0.9999999997545677,0,0.9999999998250856,0,0.0,0.0021682126532947166,0,0.5705745080847817,0,0.5718143231342769,0,0.0,0.9999999999420953,0,6.393829021789088e-09,0.0,0.8480605083493248,0.08111045692103419,0.00018209248870147967,0.39819232074773603,0.4885665855133702
10009,8,16,10000,0.9979350327607862,0,0.0016695037131659665,0,0.8573916733092805,1,0.0,0.13994993344131026,0,0.43009778984309255,0,0.5000846420219525,0,0.0001,0.8573182825398318,0,0.008438761560317976,0.00020002000200020003,0.8518099341060287,3.551004618640441e-05,2.1931821025944494e-09,0.015047490998183725,0.26514110659330725
10009,8,64,10000,0.9917731375849141,0,0.0066473144713420605,0,0.8654784120460431,1,0.0,0.07038608927756222,0,0.4649534044307823,0,0.5001575365349584,0,0.0001,0.865474231767057,0,0.0018804496127835524,0.00010001000100010001,0.8518099341060287,0.00013515615246362245,8.385695848822652e-09,0.04806376039132142,0.327028775818091
10009,8,256,10000,0.9676113778759976,0,0.026167322237216635,0,0.8830009521549301,1,0.0,0.035244627660874724,0,0.4826710126609288,0,0.5003040414734875,0,0.0001,0.8829953624071043,0,0.0006917821715447525,0.0,0.8518099341060287,0.000527733137424935,3.315574667595023e-08,0.11639097188527768,0.3892118523418254
10009,8,1024,10000,0.878380879525755,0,0.09864592702145403,0,0.9081413959223414,1,0.0,0.017628754550773937,0,0.4917724893416253,0,0.5005973973804229,0,0.0001,0.9081092734300404,0,9.320665811163309e-05,0.0,0.8518099341060287,0.001896672142761402,1.3223588812838474e-07,0.19702103279352942,0.43998909778529793
10009,8,4096,10000,0.6117169197156161,0,0.3102378158042314,0,0.9388079223324031,0,0.0,0.008815155984743125,0,0.4967662606797014,0,0.5011842778041515,0,0.0001,0.9387883903910079,0,0.4664022662750916,0.0001,0.8518099341060287,0.006241759902449573,5.196294553588835e-07,0.25546680911296826,0.4649963891418186
10009,8,16384,10000,0.21848970469008605,0,0.6136517842567845,0,0.9693846644359059,0,0.0,0.004407622491664558,0,0.5001439094086082,0,0.5023581136661022,0,0.0001,0.9693846644359045,0,0.13306893294175814,0.0001,0.8518099341060287,0.01659233372265073,1.9878246719340356e-06,0.30864373296243014,0.47941571287062235
10009,8,65536,10000,0.03769302338535016,0,0.9034859652805429,0,0.9916424904838448,0,0.0,0.002203709625087498,0,0.5035935312180029,0,0.5047057556891578,0,0.0001,0.9916424904841044,0,0.01185681172963704,0.0001,0.8518099341060287,0.0329384672422352,6.844177924136831e-06,0.35156774284391007,0.4867453388687154
10009,10,16,10000,0.9998754540949393,0,0.00010217611276902572,0,0.8556760890633472,4,0.0,0.139949934089184,0,0.43002956415188676,0,0.5000052685234391,0,0.0009,0.8556066322957654,0,0.1719569872284772,0.000900360144057623,0.8533625655101702,2.012859821876045e-06,3.0051261479258094e-11,0.002915496249418577,0.21228374119001758
10009,10,64,10000,0.9995019281359463,0,0.00040862308121863977,0,0.8590018906716695,3,0.0,0.07038609215950745,0,0.4648160695560215,0,0.5000098058260318,0,0.0009,0.8589499230455819,0,0.16137634610485618,0.00040012003601080324,0.8533625655101702,7.691245851093598e-06,1.1490129403490821e-10,0.010941873316239829,0.29432154308256897
10009,10,256,10000,0.9980094991582136,0,0.0016327005483262602,0,0.8652797982803023,1,0.0,0.035244635457030285,0,0.4823959402650476,0,0.5000189249942402,0,0.0009,0.8652180026560187,0,0.2289667308945338,0.0005000500050005,0.8533625655101702,3.0326707536720843e-05,4.5430140205304817e-10,0.03609679420356357,0.35314772714076803
10009,10,1024,10000,0.9920664877135941,0,0.006506331116476194,0,0.8756125286024803,1,0.0,0.017628772339129503,0,0.49122214318874724,0,0.5000371848780799,0,0.0009,0.8755815889001204,0,0.1043666024387997,0.00040004000400040005,0.8533625655101702,0.00011837597570318881,1.8119021338858245e-09,0.0896423317628058,0.3912134376688926
10009,10,4096,10000,0.9686914684651864,0,0.025612486156359304,0,0.8929891802836177,1,0.0,0.008815193077496057,0,0.49566546886096824,0,0.5000737152112096,0,0.0009,0.8929862958769421,0,0.04376054183273903,0.00030003000300030005,0.8533625655101702,0.0004604536507051282,7.242304500554303e-09,0.15208885118321724,0.4170516755394009
10009,10,16384,10000,0.8822561549028992,0,0.09675644034549766,0,0.9168756791898017,0,0.0,0.004407697201548081,0,0.49794228553805175,0,0.500146781103541,0,0.0009,0.9167831906024664,0,0.3398085993500225,0.0003,0.8533625655101702,0.0016673245331780828,2.8963912007684576e-08,0.2186403847509093,0.4590324429899554
10009,10,65536,10000,0.6196640146422883,0,0.30565147787688896,0,0.945941369991873,0,0.0,0.002203860768579594,0,0.4991903395438209,0,0.5002929154713477,0,0.0009,0.9459413699918727,0,0.00647526601668913,0.0002,0.8533625655101702,0.005487599940158849,1.1585031642891161e-07,0.2777828695306944,0.4844302246769884
10009,12,16,10000,0.9999917219758353,0,6.745395473529059e-06,0,0.8569977501131065,8,0.0,0.13994993409141168,0,0.4300253228420886,0,0.5000003370591921,0,0.0041,0.8570108310011779,0,0.5815488653932881,0.006204963971176942,0.8567753798254011,1.3635297724245987e-07,5.509093181643733e-13,0.0005175859397123894,0.060476009309092804
10009,12,64,10000,0.999966888424801,0,2.6981248475778294e-05,0,0.8577104751594687,5,0.0,0.07038609216997421,0,0.4648075370969575,0,0.5000006273377826,0,0.0041,0.8577129689830718,0,0.26978325328560826,0.00400200100050025,0.8567753798254011,5.213500214873434e-07,2.106220753361759e-12,0.0019367535924913176,0.15899008000187953
10009,12,256,10000,0.999867562042069,0,0.00010791965946271353,0,0.860202427877432,5,0.0,0.035244635485722695,0,0.48237885033076844,0,0.5000012107459111,0,0.0041,0.8602746592631199,0,0.17790034156825874,0.0019009504752376188,0.8567753798254011,2.0613441408245947e-06,8.329087419767253e-12,0.007374515566548334,0.29611140752818876
10009,12,1024,10000,0.9994703816226888,0,0.0004315933030427309,0,0.8667057880932203,4,0.0,0.017628772404593603,0,0.49118795080022293,0,0.5000023789402996,0,0.0041,0.8667951666562117,0,0.0844175007543514,0.0010004001600640256,0.8567753798254011,8.221415653930642e-06,3.3221342343736715e-11,0.0254087053812042,0.36521905642040564
10009,12,4096,10000,0.9978836597512373,0,0.0017249602937106554,0,0.8745244023237612,1,0.0,0.008815193220015952,0,0.4955970778176808,0,0.5000047160001253,0,0.0041,0.8745214745449786,0,0.06964944134472151,0.0008000800080008001,0.8567753798254011,3.281887998057842e-05,1.3278886878964645e-10,0.0723939768435464,0.3677420641544641
10009,12,16384,10000,0.9915686429353832,0,0.0068721833928783735,0,0.8900969590023406,0,0.0,0.004407697492144849,0,0.497805500330075,0,0.5000093904664669,0,0.0041,0.8900489845811286,0,0.06964944134471851,0.0007,0.8567753798254011,0.0001295375671478416,5.310609507702692e-10,0.1370000286477929,0.43452541711918224
10009,12,65536,10000,0.9668161239119943,0,0.026896612928531894,0,0.9061661526285738,0,0.0,0.0022038613542375582,0,0.4989167677216009,0,0.5000187396984029,0,0.0041,0.906205458738786,0,0.060423590290270335,0.0005,0.8567753798254011,0.000500420706176008,2.124145026538576e-09,0.19587362094257987,0.47159659789580444
10009,14,16,10000,0.9999994399775262,0,4.3765036848784097e-07,0,0.854815708236241,31,0.0,0.13994993409141904,0,0.43002505227281007,0,0.5000000224620875,0,0.0099,0.8547825673306385,0,0.4101640842213553,0.013140736282475675,0.8547163702294565,9.628353392354683e-09,2.531308496145357e-14,5.433218848832568e-05,0.0646767815366639
10009,14,64,10000,0.9999977599120298,0,1.75059987132849e-06,0,0.8548353906396343,16,0.0,0.07038609217001386,0,0.46480699277903426,0,0.5000000418066484,0,0.0099,0.8548045337534518,0,0.4613935242221143,0.009815705128205128,0.8547163702294565,3.6814238713045455e-08,9.712231019420871e-14,0.00020771441494934806,0.1760466570776985
10009,14,256,10000,0.9999910396789211,0,7.002373843443403e-06,0,0.8553761462867293,12,0.0,0.03524463548583515,0,0.48237776009909267,0,0.5000000806857503,0,0.0099,0.8553761386893752,0,0.39387062200078604,0.006507809371245494,0.8547163702294565,1.4555698879537005e-07,3.8247183198336643e-13,0.0008206731823945171,0.2784828004045139
10009,14,1024,10000,0.9999641592085136,0,2.8009085109951346e-05,0,0.8567818480854892,9,0.0,0.017628772404860375,0,0.49118576953870585,0,0.5000001585359297,0,0.0099,0.8567965354518275,0,0.3085992353034462,0.0046041437293564205,0.8547163702294565,5.805153314164535e-07,1.5264012276361428e-12,0.00322213936414653,0.36145342174683315
10009,14,4096,10000,0.9998566447189501,0,0.00011202977660944977,0,0.8603157296554822,9,0.0,0.008815193220585063,0,0.49559271490045054,0,0.5000003142811924,0,0.0099,0.860301455942402,0,0.15452710930795888,0.0029026123511160045,0.8547163702294565,2.3127859263283312e-06,6.09896022574219e-12,0.011848132120029739,0.4196116021802271
10009,14,16384,10000,0.9994267233601863,0,0.0004480141101580713,0,0.8655602404539569,8,0.0,0.004407697493313771,0,0.49779677428875535,0,0.5000006257937214,0,0.0099,0.8656417965175952,0,0.15034460342761946,0.0016012810248198558,0.8547163702294565,9.238636059061278e-06,2.4393193021055027e-11,0.038624743117002126,0.4207466946740752
10009,14,65536,10000,0.9977093876580405,0,0.0017903780991747158,0,0.8763951928617645,7,0.0,0.0022038613566229765,0,0.49889931543509364,0,0.5000012488657315,0,0.0099,0.8764199827864276,0,0.3074023540670883,0.0005003502451716201,0.8547163702294565,3.6549653801065674e-05,9.756781493841515e-11,0.08778555585263835,0.4342104978273438
10009,16,16,10000,0.9999999731375073,0,2.1712764530779083e-08,0,0.8554456836113918,100,0.0,0.13994993409141915,0,0.4300250339063918,0,0.5000000011070301,0,0.029,0.8549709167056976,0,0.4460548321820227,0.032525252525252527,0.8549454485792791,4.49933312829387e-10,6.661338147750939e-16,6.941524566933503e-06,0.07427096045249726
10009,16,64,10000,0.9999998925500346,0,8.68510544038692e-08,0,0.8552399791309278,72,0.0,0.07038609217001476,0,0.4648069558303737,0,0.5000000020604054,0,0.029,0.8550222799902989,0,0.48484914095661935,0.023569701853344078,0.8549454485792791,1.7203330981985232e-09,2.5479618415147393e-15,2.6541234547411314e-05,0.12256727765230813
10009,16,256,10000,0.9999995702002246,0,3.474041595508126e-07,0,0.855357675948474,50,0.0,0.03524463548583747,0,0.4823776860934822,0,0.5000000039765538,0,0.029,0.8550760387449201,0,0.4473508230517881,0.018090452261306532,0.8549454485792791,6.801931184963195e-09,9.103828801926284e-15,0.00010494169353500973,0.12647927913237877
10009,16,1024,10000,0.9999982808022729,0,1.3896157093351569e-06,0,0.8562386224242002,41,0.0,0.017628772404861954,0,0.4911856214732032,0,0.5000000078133755,0,0.029,0.8555187959113367,0,0.46386376859019374,0.012752284365900191,0.8549454485792791,2.711437374625092e-08,3.6409764092582014e-14,0.00041796049712960456,0.18646567699562766
10009,16,4096,10000,0.9999931232310885,0,5.558447974784997e-06,0,0.8571352761565327,30,0.0,0.008815193220588376,0,0.49559241874242344,0,0.5000000154892588,0,0.029,0.8569180286459331,0,0.3399047593971579,0.008525576730190571,0.8549454485792791,1.0837740088698311e-07,1.4585554986012997e-13,0.0016545001125969413,0.2836830730214154
10009,16,16384,10000,0.9999724932762973,0,2.22335541032459e-05,0,0.8594490812677924,24,0.0,0.004407697493321405,0,0.49779618195908526,0,0.5000000308416899,0,0.029,0.8591889991469094,0,0.36422625901899985,0.0052125100240577385,0.8549454485792791,4.3341848809941297e-07,5.840383732191868e-13,0.006298129631641025,0.37311568954985386
10009,16,65536,10000,0.9998899787360142,0,8.893041183832828e-05,0,0.8629562168753939,20,0.0,0.002203861356637948,0,0.49889813072282796,0,0.5000000615367646,0,0.029,0.8627126499625429,0,0.25610627376648654,0.0028056112224448897,0.8549454485792791,1.7334064950635941e-06,2.3373192270526038e-12,0.021336840899676492,0.38465317628682794
10009,18,16,10000,0.9999999979443311,0,1.670832839219104e-09,0,0.8594097119950412,236,0.0,0.13994993409141915,0,0.43002503302959816,0,0.5000000000875622,0,0.0592,0.8592834932744065,0,0.5332476668726994,0.05991396968455551,0.8592834932014779,3.37176397913197e-11,0.0,1.0558287890316524e-06,0.0032055409001980895
10009,18,64,10000,0.9999999917773246,0,6.683331292401857e-09,0,0.8594097039816578,164,0.0,0.07038609217001507,0,0.4648069540664931,0,0.5000000001629715,0,0.0592,0.8592834934803217,0,0.5223860261641342,0.0461569743798292,0.8592834932014779,1.2891920864177564e-10,1.1102230246251565e-16,4.03703846696412e-06,0.012251604144236206
10009,18,256,10000,0.999999967109299,0,2.6733324748637235e-08,0,0.8592875698309944,119,0.0,0.03524463548583849,0,0.4823776825605013,0,0.5000000003145044,0,0.0592,0.8593173063425349,0,0.4864723150917596,0.03653476368788584,0.8592834932014779,5.097268718223802e-10,4.440892098500626e-16,1.5962556821319502e-05,0.04714215228072849
10009,18,1024,10000,0.999999868437204,0,1.0693329092675787e-07,0,0.8598508341937281,85,0.0,0.0176287724048623,0,0.4911856144051222,0,0.5000000006184561,0,0.0592,0.8596325717372453,0,0.4764992145265865,0.02723146747352496,0.8592834932014779,2.032956747388681e-09,1.3322676295501878e-15,6.367548492226528e-05,0.14111785765536378
10009,18,4096,10000,0.9999994737489506,0,4.2773303478891333e-07,0,0.8601692279778569,54,0.0,0.008815193220588971,0,0.4955924046063615,0,0.5000000012274766,0,0.0592,0.8602085200212204,0,0.5810715207859642,0.019304242911723307,0.8592834932014779,8.125874584319348e-09,3.6637359812630166e-15,0.0002546996162799462,0.24552023889744012
10009,18,16384,10000,0.9999978949979573,0,1.7109300765771418e-06,0,0.8603670132270766,38,0.0,0.004407697493322474,0,0.49779615368751784,0,0.5000000024449562,0,0.0592,0.8610250522199883,0,0.5623647831920668,0.014856454527203373,0.8592834932014779,3.249753494083407e-08,1.496580637194713e-14,0.001008371117472688,0.2681646188026947
10009,18,65536,10000,0.9999915800263115,0,6.843687307795076e-06,0,0.8632756271729012,22,0.0,0.0022038613566400843,0,0.49889807414209786,0,0.5000000048310642,0,0.0592,0.8635209467106661,0,0.48508108399332617,0.010523150932050512,0.8592834932014779,1.2998399778751946e-07,6.001310559611288e-14,0.003811354787785829,0.32387372692707195
10009,20,16,10000,0.9999999998749087,0,9.779327347914091e-11,0,0.8538955285519942,504,0.0,0.13994993409141926,0,0.43002503295845174,0,0.5000000000048384,0,0.1079,0.853483615094782,0,0.5620645857124464,0.1022535804549284,0.8534836056496022,2.0999313399272523e-12,-1.1102230246251565e-16,1.4462774047263546e-07,0.00182770315072045
10009,20,64,10000,0.999999999499635,0,3.911732049388661e-10,0,0.8538911151777033,394,0.0,0.07038609217001539,0,0.4648069539233716,0,0.5000000000090131,0,0.1079,0.8535255718856631,0,0.6220577658448946,0.07849260878617531,0.8534836056496022,8.029688025601445e-12,0.0,5.529882382560007e-07,0.007031117105448903
10009,20,256,10000,0.9999999979985402,0,1.5646925977108594e-09,0,0.8544915819486822,294,0.0,0.035244635485839004,0,0.4823776822738373,0,0.5000000000173686,0,0.1079,0.8535488092186172,0,0.4906137340538921,0.06284772305790233,0.8534836056496022,3.1748326190239595e-11,0.0,2.1864275663696572e-06,0.02806067583769456
10009,20,1024,10000,0.999999991994161,0,6.2587703353322865e-09,0,0.8543238842525384,223,0.0,0.017628772404862426,0,0.49118561383088966,0,0.5000000000339193,0,0.1079,0.8535532251572755,0,0.5466517754196766,0.04848112918073028,0.8534836056496022,1.2662237924843112e-10,1.1102230246251565e-16,8.72014224697623e-06,0.10088506423185706
10009,20,4096,10000,0.9999999679766446,0,2.5035080952751088e-08,0,0.854346304387585,168,0.0,0.008815193220589355,0,0.4955924034558823,0,0.5000000000667651,0,0.1079,0.8538072887594893,0,0.5070055371790004,0.03681855166802278,0.8534836056496022,5.061194796596169e-10,3.3306690738754696e-16,3.4854318321247855e-05,0.23286644938060896
10009,20,16384,10000,0.9999998719065855,0,1.0014031642802124e-07,0,0.8543259751593651,115,0.0,0.004407697493323062,0,0.4977961513863809,0,0.5000000001336317,0,0.1079,0.8543772640149518,0,0.5887773333053461,0.02964087000505817,0.8534836056496022,2.0241064935255793e-09,8.881784197001252e-16,0.00013938006588111684,0.3227978424590888
10009,20,65536,10000,0.9999994876264566,0,4.0056114458675296e-07,0,0.8550324191460934,88,0.0,0.0022038613566411425,0,0.4988980696232034,0,0.5000000003021922,0,0.1079,0.85475904030714,0,0.6360605068485364,0.022800645682001613,0.8534836056496022,8.096055881257058e-09,2.6645352591003757e-15,0.0005523580108152977,0.33031140280704185
10009,22,16,10000,0.9999999999923167,0,6.2234871312727745e-12,0,0.8571428571428571,1060,0.0,0.1399499340914193,0,0.4300250329545646,0,0.500000000000319,0,0.1925,0.8558705996854674,0,0.5280441357634158,0.15727069351230424,0.8558705994920689,1.1496359419993496e-13,-2.220446049250313e-16,1.6097860439101365e-08,0.00047532394353100305
10009,22,64,10000,0.9999999999692668,0,2.4893810045119943e-11,0,0.8576183220578218,851,0.0,0.07038609217001576,0,0.4648069539155437,0,0.5000000000005931,0,0.1925,0.8558706002315346,0,0.6142759623925109,0.12864793966553723,0.8558705994920689,4.394817842978682e-13,-1.1102230246251565e-16,6.15506310364104e-08,0.0018159230690758532
10009,22,256,10000,0.9999999998770671,0,9.957524017484507e-11,0,0.8565788422998573,664,0.0,0.0352446354858397,0,0.48237768225818356,0,0.5000000000011438,0,0.1925,0.8558706024158027,0,0.5928158568377232,0.10571979434447301,0.8558705994920689,1.73705494432852e-12,-1.1102230246251565e-16,2.433615532759753e-07,0.007151764202274591
10009,22,1024,10000,0.9999999995082686,0,3.9830096060922503e-10,0,0.8565821256038647,511,0.0,0.017628772404862363,0,0.4911856137998639,0,0.500000000002337,0,0.1925,0.8559184085798826,0,0.5715271331355923,0.08715354621140267,0.8558705994920689,6.929845586256533e-12,0.0,9.706026712796743e-07,0.027816319149657764
10009,22,4096,10000,0.9999999980330743,0,1.5932038409944212e-09,0,0.8565699932779681,389,0.0,0.008815193220589355,0,0.4955924033969736,0,0.5000000000073315,0,0.1925,0.8559184435263106,0,0.5530085385487395,0.07272916449901155,0.8558705994920689,2.7699620375187806e-11,0.0,3.879525993022392e-06,0.09145732406921625
10009,22,16384,10000,0.999999992132297,0,6.372815340897973e-09,0,0.8562131066541546,295,0.0,0.004407697493323081,0,0.49779615126338966,0,0.5000000000100961,0,0.1925,0.8559582470623588,0,0.5986070777714023,0.061205564142194746,0.8558705994920689,1.1077455619457055e-10,0.0,1.5514560819501577e-05,0.16046642028070623
10009,22,65536,10000,0.9999999685291882,0,2.5491260994316925e-08,0,0.8570583269139151,229,0.0,0.002203861356641258,0,0.4988980694490439,0,0.5000000001276449,0,0.1925,0.8565255347295992,0,0.5616961094536572,0.048101524920683654,0.8558705994920689,4.4308107183255174e-10,1.1102230246251565e-16,6.140940317296239e-05,0.20134842772795147
10009,24,16,10000,0.9999999999995351,0,3.71538732759994e-13,0,0.8522693777456299,1619,0.0,0.13994993409141934,0,0.4300250329543058,0,0.500000000000018,0,0.2862,0.8499847046537257,0,0.6374149577807253,0.2269418923756115,0.8499847045256945,8.326672684688674e-15,-4.440892098500626e-16,2.3920223690687656e-09,0.0002449207562250644
10009,24,64,10000,0.9999999999981406,0,1.4861549310394776e-12,0,0.8516025269606436,1321,0.0,0.07038609217001596,0,0.4648069539150239,0,0.500000000000034,0,0.2862,0.849984705015224,0,0.5887553045722107,0.19345546721972579,0.8499847045256945,3.2085445411667024e-14,-3.3306690738754696e-16,9.145970847335136e-09,0.0009370529936285621
10009,24,256,10000,0.9999999999925624,0,5.9446197241499035e-12,0,0.8518518518518519,1085,0.0,0.03524463548583982,0,0.48237768225715427,0,0.5000000000000785,0,0.2862,0.850005776434887,0,0.6471453072687736,0.16085249579360628,0.8499847045256945,1.2612133559741778e-13,-2.220446049250313e-16,3.616176449394709e-08,0.0037134856409131167
10009,24,1024,10000,0.9999999999702494,0,2.3778478896471543e-11,0,0.8515131815288455,853,0.0,0.017628772404862176,0,0.49118561379806597,0,0.500000000000506,0,0.2862,0.850067255707333,0,0.5511961330262328,0.1322838088990926,0.8499847045256945,5.029865413064272e-13,-2.220446049250313e-16,1.4422496600330326e-07,0.014894985905017144
10009,24,4096,10000,0.9999999998809972,0,9.511380456153446e-11,0,0.8499607885999351,672,0.0,0.008815193220589355,0,0.495592403395798,0,0.5000000000061467,0,0.2862,0.8500672557142266,0,0.6452778571858891,0.108704974271012,0.8499847045256945,2.0107804310498523e-12,-1.1102230246251565e-16,5.764781944472821e-07,0.05817386524977608
10009,24,16384,10000,0.9999999995239885,0,3.8045532923565107e-10,0,0.8500911028807564,527,0.0,0.004407697493323081,0,0.4977961512588305,0,0.5000000000055156,0,0.2862,0.8501777810412254,0,0.5744563444021358,0.08898976037158239,0.8499847045256945,8.04140087851124e-12,0.0,2.30549787591516e-06,0.16862255909577872
10009,24,65536,10000,0.9999999980959537,0,1.5218213164179871e-09,0,0.8502207796983862,432,0.0,0.002203861356641258,0,0.4988980693505854,0,0.500000000028969,0,0.2862,0.8504978185921028,0,0.5973327073755396,0.07232441471571906,0.8499847045256945,3.2163605112600635e-11,0.0,9.221684850319032e-06,0.2746810103261479
10010,2,16,10000,0.04150082599716563,0,0.937759359320657,0,0.9907395268249471,0,0.0,0.1154453262937604,0,0.6921395289656116,0,0.7833932420326899,0,0.0,0.9907395268249468,0,2.1838308938981754e-11,0.0,0.8545119807320476,0.06349278362622512,0.00034463795886333656,0.2812940261950928,0.3231758200292246
10010,2,64,10000,0.0001396383549280456,0,0.9997806966529845,0,0.9999510234613485,0,0.0,0.0289962398217132,0,0.8989187369854084,0,0.9256905767688894,0,0.0,0.9999510234613485,0,6.27431440136661e-12,0.0,0.8545119807320476,0.09105077963028396,0.0006420242467547243,0.34457288187481244,0.3939486851175329
10010,2,256,10000,1.153362852458554e-13,0,0.9999999999996048,0,0.9999999999997102,0,0.0,0.0008857901290710661,0,0.9963704203022773,0,0.9972443445017218,0,0.0,0.9999999999999385,0,1.5611956172278951e-12,0.0,0.8545119807320476,0.11326714756423739,0.0008779279404287965,0.3883708504372843,0.43970182886262643
10010,2,1024,10000,5.666503201140137e-49,0,1.0,0,1.0,0,0.0,6.13936495869827e-09,0,0.9999999725230933,0,0.9999999787447048,0,0.0,1.0,0,2.967515122520581e-12,0.0,0.8545119807320476,0.12715729451681346,0.0010656960507175518,0.41614690843626595,0.46693212058308875
10010,2,4096,10000,6.642135152470524e-215,0,1.0,0,1.0,0,0.0,1.2383204724973502e-28,0,0.9999999999998818,0,0.9999999999998908,0,0.0,1.0,0,1.7120638240442076e-11,0.0,0.8545119807320476,0.13570245352773352,0.0011564749891475829,0.4331033416683694,0.48215488770109105
10010,2,16384,10000,0.0,0,1.0,0,1.0,0,0.0,6.560344440480731e-111,0,1.0,0,1.0,0,0.0,1.0,0,8.326661582458428e-11,0.0,0.8545119807320476,0.13966296048974802,0.0012222749057381524,0.44531098692286414,0.4901408017551294
10010,2,65536,10000,0.0,0,1.0,0,1.0,0,0.0,0.0,0,0.9999999999705258,0,0.9999999999705258,0,0.0,1.0,0,4.578969425850232e-10,0.0,0.8545119807320476,0.14202534751946766,0.0013009441542132353,0.45143882415947706,0.4949623641050117
10010,4,16,10000,0.6001016203890419,0,0.3177043950085309,0,0.9089057766055584,0,0.0,0.13987098060173903,0,0.4481463739719521,0,0.5210656468345559,0,0.0,0.9089057766055584,0,1.697301688086128e-08,0.0,0.8519319850139483,0.0076058490519760324,5.118351284527646e-06,0.1676655114253265,0.31623633456553113
10010,4,64,10000,0.21233419302349327,0,0.611537596356735,0,0.9516789262268689,0,0.0,0.07015011785498326,0,0.5013480395591059,0,0.5391588393546267,0,0.0,0.9516789262268617,0,1.619437606237284e-08,0.0,0.8519319850139483,0.020618307915266032,1.833078886750439e-05,0.24810102544428672,0.38792024626516974
10010,4,256,10000,0.040554330513583633,0,0.9069423105315662,0,0.9881102802200449,0,0.0,0.034698360209188636,0,0.5552949074159463,0,0.5752375525302447,0,0.0,0.9881102802200459,0,3.730324826811682e-09,0.0,0.8519319850139483,0.04376115073575643,5.821001433493623e-05,0.31461721923465275,0.43388575370164884
10010,4,1024,10000,0.0004909586607166946,0,0.9990264771327978,0,0.9997992256996249,0,0.0,0.016502953584416363,0,0.6346763685313996,0,0.6453173854954137,0,0.0,0.9997992256996285,0,6.21544704593191e-10,0.0,0.8519319850139483,0.06980756895642604,0.0001681726414987872,0.3606717850209676,0.46529626120942036
10010,4,4096,10000,2.701096322943262e-11,0,0.9999999999510747,0,0.9999999999817698,0,0.0,0.00674309528105574,0,0.7647347244668907,0,0.7699257100601803,0,0.0,0.9999999999819622,0,1.2671741433933903e-10,0.0,0.8519319850139483,0.09475010636060166,0.000341915806437243,0.3908481597498313,0.4775767659275776
10010,4,16384,10000,1.5143957959813022e-39,0,1.0,0,1.0,0,0.0,0.0015069825670580672,0,0.9278241997430434,0,0.9292245208926435,0,0.0,1.0,0,1.0208189848981419e-10,0.0,0.8519319850139483,0.11117343647069128,0.0006095640697514115,0.4152720759484997,0.48874682573027783
10010,4,65536,10000,2.1000602959226512e-166,0,0.9999999999976554,0,0.9999999999985942,0,0.0,3.0087332461055978e-05,0,0.9982932862016316,0,0.998323323087354,0,0.0,1.0,0,3.99777655424316e-10,0.0,0.8519319850139483,0.12375647670258333,0.0008576735777739602,0.4311471774884031,0.49262138658386256
10010,6,16,10000,0.9663316655830559,0,0.02661525996468289,0,0.870034831439704,0,0.0,0.13994971172565535,0,0.4311819820641877,0,0.5013468396890695,0,0.0,0.870034831439706,0,4.845754657423207e-06,0.0,0.8509831830535062,0.0005207104670501561,8.118945928337065e-08,0.06559821655349087,0.28694328124650104
10010,6,64,10000,0.8737624304876707,0,0.10012496280641192,0,0.8906796135352484,0,0.0,0.07038525195625728,0,0.4671378198734005,0,0.5025067384461006,0,0.0,0.8906796135350107,0,1.865750718477166e-06,0.0,0.8509831830535062,0.0018694943638336015,3.1017328777083195e-07,0.14220760359503715,0.3560672661683332
10010,6,256,10000,0.5996796301847431,0,0.31575907844943407,0,0.9267685370697668,0,0.0,0.03524256168626254,0,0.4870462258550994,0,0.5048378524133068,0,0.0,0.9267685370697667,0,3.749824929455414e-07,0.0,0.8509831830535062,0.006274394239929815,1.1796445614165044e-06,0.2235882638609738,0.41507783787348496
10010,6,1024,10000,0.2136122238806113,0,0.6107346228489323,0,0.9643396504260057,0,0.0,0.017624227345408163,0,0.5005255098435291,0,0.5095050064247806,0,0.0,0.9643396504260088,0,4.41397116635045e-08,0.0,0.8509831830535062,0.017518228873724395,4.535883580741862e-06,0.2898874252686914,0.44204148081446903
10010,6,4096,10000,0.03854786960077032,0,0.9037943724920727,0,0.9915933492757398,0,0.0,0.008805655190683269,0,0.5142688018064556,0,0.5188374486252467,0,0.0,0.9915933492757338,0,9.160146752229537e-09,0.0,0.8509831830535062,0.03594004356289815,1.675191808764854e-05,0.33952109840495814,0.4702234444710912
10010,6,16384,10000,0.0004948390153634381,0,0.9988822728258515,0,0.9998394891267333,0,0.0,0.004388473381996238,0,0.535108913208685,0,0.5374675460973252,0,0.0,0.9998394891267325,0,4.2776099329344675e-09,0.0,0.8509831830535062,0.057785420197284276,5.1325615528663454e-05,0.37089264704573266,0.48096071292619713
10010,6,65536,10000,4.9156416624294147e-11,0,0.9999999997958011,0,0.9999999998332367,0,0.0,0.002165549686794415,0,0.5731984534351251,0,0.5744424370657546,0,0.0,0.9999999999717109,0,1.620744982666622e-09,0.0,0.8509831830535062,0.08022812688827813,0.00014608820114925258,0.3955403759866318,0.491009537170363
10010,8,16,10000,0.9979755874959342,0,0.0016167871988414875,0,0.8623587828202589,0,0.0,0.1399499333704187,0,0.43009569646838564,0,0.5000821610493367,0,0.0001,0.862358782820255,0,0.034530801152003465,0.0001,0.8578496537034452,3.086079278985521e-05,8.926309080781182e-10,0.016434819659823678,0.2938016261141987
10010,8,64,10000,0.9919318618694353,0,0.006443400820555247,0,0.8715378493260311,0,0.0,0.07038608919848313,0,0.46494911161188435,0,0.5001529189253111,0,0.0001,0.8715378493260169,0,0.0015052348840320917,0.0001,0.8578496537034452,0.00011744315350453727,3.4130010040378524e-09,0.051131844799692766,0.3350377491565022
10010,8,256,10000,0.968238360396416,0,0.025435485333288745,0,0.8866969665055504,0,0.0,0.03524462774062334,0,0.4826624145702834,0,0.5002951296064038,0,0.0001,0.8866969665092431,0,0.0005171957098271118,0.0,0.8578496537034452,0.0004545272233126285,1.3456662872890497e-08,0.11811347630420617,0.38458270987393384
10010,8,1024,10000,0.8811239274243503,0,0.09587500483331046,0,0.9087082739949264,0,0.0,0.017628755500971562,0,0.49175528694009046,0,0.5005798868636644,0,0.0001,0.9087082739949259,0,0.0005171957098288882,0.0,0.8578496537034452,0.0016865397274468674,5.366944896834094e-08,0.19370179128081752,0.43588397186697847
10010,8,4096,10000,0.6210829764702581,0,0.3052290692556849,0,0.9415220272508928,0,0.0,0.008815157855478074,0,0.4967318528622887,0,0.5011495651044433,0,0.0001,0.9415220272508948,0,9.202564180998962e-05,0.0,0.8578496537034452,0.005548045973148008,2.1217763263581276e-07,0.2511968478785724,0.4548325204108361
10010,8,16384,10000,0.22469364427514396,0,0.6100478650912735,0,0.9714278091884139,0,0.0,0.0044076263504718004,0,0.5000750930900144,0,0.5022889949180918,0,0.0001,0.971427809188433,0,1.4266875163260195e-05,0.0,0.8578496537034452,0.014407399372811991,8.179402679442395e-07,0.3088672335941197,0.4749333634653712
10010,8,65536,10000,0.039213660359672234,0,0.9070459775596134,0,0.993272783210394,0,0.0,0.0022037175349512205,0,0.5034559048288791,0,0.5045678298029865,0,0.0001,0.9932727832103938,0,6.326924849697768e-06,0.0,0.8578496537034452,0.02967791116689711,3.1435462970630406e-06,0.3488026741301527,0.48071380380291795
10010,10,16,10000,0.9998688878413176,0,0.00010674512085462813,0,0.8582356665693041,2,0.0,0.13994993408899414,0,0.4300297677893118,0,0.500005505296133,0,0.0005,0.8582356633907718,0,0.47205608746746563,0.0007001400280056011,0.857051231382794,2.3111387884577894e-06,2.962349254787e-11,0.002602199587301667,0.12853523141321122
10010,10,64,10000,0.9994756670741585,0,0.00042685965758947075,0,0.8603887521225639,1,0.0,0.07038609215853703,0,0.464816479222782,0,0.5000102465096306,0,0.0005,0.8604218176126086,0,0.13872275413413215,0.00040004000400040005,0.857051231382794,8.836113022658854e-06,1.1326418136725637e-10,0.009761439227569725,0.256918067155552
10010,10,256,10000,0.9979045181621178,0,0.0017061847447461362,0,0.8669183562765115,1,0.0,0.03524463545398792,0,0.48239676079913496,0,0.5000197755023249,0,0.0005,0.8669285413201939,0,0.01751063292201105,0.00030003000300030005,0.857051231382794,3.486486245396492e-05,4.4782653141339787e-10,0.03250164746141172,0.31891111048391796
10010,10,1024,10000,0.9916523582479335,0,0.006799745760930346,0,0.8781720729310455,1,0.0,0.017628772330083347,0,0.49122378485781726,0,0.5000388560035673,0,0.0005,0.8781674876984645,0,0.005216639805261769,0.00020002000200020003,0.857051231382794,0.00013606476481109464,1.7860779299994081e-09,0.08353518480289673,0.38040613577845395
10010,10,4096,10000,0.9671523713089126,0,0.026766233971201737,0,0.8958623823344823,0,0.0,0.008815193065371868,0,0.4956687524994098,0,0.5000770280460982,0,0.0005,0.8958623823344829,0,0.23266059834650765,0.0002,0.857051231382794,0.000528563899029999,7.139082158769129e-09,0.1554733557039467,0.4282866131070344
10010,10,16384,10000,0.8764920188999106,0,0.10168754157229692,0,0.9192527285882203,0,0.0,0.004407697174336742,0,0.4979488529650745,0,0.5001533775922766,0,0.0005,0.9192527285696803,0,0.019977847312971475,0.0002,0.857051231382794,0.0019512555811006527,2.8551090941464357e-08,0.2172417444420501,0.47708775811463655
10010,10,65536,10000,0.6065971770032696,0,0.3210494511280029,0,0.9464832481248511,0,0.0,0.0022038607122191614,0,0.49920347446833185,0,0.5003060793800809,0,0.0005,0.9464832481252481,0,0.019977847312968255,0.0001,0.857051231382794,0.006253522302728798,1.1379842036474136e-07,0.2780921989631048,0.4805665371878379
10010,12,16,10000,0.9999922714425571,0,6.161561337749094e-06,0,0.8579867805603268,13,0.0,0.1399499340914107,0,0.43002531825136436,0,0.5000003317214754,0,0.0041,0.8579880659510843,0,0.4273140966596507,0.005306898968659257,0.857554799202188,1.3574875812327747e-07,8.384293259666719e-13,0.00045375699114750374,0.1333885094215902
10010,12,64,10000,0.999969086221425,0,2.4645935878788148e-05,0,0.85911399571108,8,0.0,0.07038609216997425,0,0.46480752786158896,0,0.5000006174031666,0,0.0041,0.8591450080261613,0,0.20610259670672404,0.0037029623698959166,0.857554799202188,5.190387481479597e-07,3.2059299659437102e-12,0.0017352245537141256,0.260023281834571
10010,12,256,10000,0.9998763521044516,0,9.857879221082955e-05,0,0.8605635808260866,5,0.0,0.03524463548571815,0,0.48237883183297015,0,0.5000011915723543,0,0.0041,0.8605424469138648,0,0.1764634394304122,0.002801400700350175,0.857554799202188,2.0521895315872563e-06,1.2676226734953389e-11,0.006711831875188827,0.31522163870116093
10010,12,1024,10000,0.9995055238926323,0,0.0003942359639981373,0,0.8655493594876406,3,0.0,0.017628772404596545,0,0.49118791379147386,0,0.5000023412674307,0,0.0041,0.8654284193876731,0,0.2883122624723615,0.002100630189056717,0.857554799202188,8.184645825970449e-06,5.055734719761063e-11,0.023915535524870024,0.37600582334059396
10010,12,4096,10000,0.9980239415562568,0,0.0015751819887622027,0,0.8735337008509307,2,0.0,0.008815193220031447,0,0.4955970037986537,0,0.500004641322813,0,0.0041,0.8735337008509663,0,0.10252638111349138,0.0015003000600120023,0.857554799202188,3.265609769315114e-05,2.0208217876849232e-10,0.0608315316855088,0.38624384471942363
10010,12,16384,10000,0.9921228555316721,0,0.006278145044894157,0,0.8859706110387313,2,0.0,0.004407697492153948,0,0.4978053522814686,0,0.5000092417624346,0,0.0041,0.8859706110385447,0,0.05027320152078396,0.0008001600320064013,0.857554799202188,0.00012982600243088838,8.081812663540689e-10,0.12170697144718856,0.43126512133957917
10010,12,65536,10000,0.968880090997081,0,0.024773571449881515,0,0.9047594060355859,2,0.0,0.0022038613543017786,0,0.4989164714838585,0,0.5000184428063886,0,0.0041,0.904759406035585,0,0.0032579453256237345,0.0003000600120024005,0.857554799202188,0.000499148012998607,3.2325765508822714e-09,0.1885908971201997,0.4415933751639264
10010,14,16,10000,0.9999994720172356,0,4.3442046903177295e-07,0,0.8543532464683691,38,0.0,0.139949934091419,0,0.43002505276985514,0,0.500000023040013,0,0.0111,0.8542865681128675,0,0.44085945140630145,0.011343103794418791,0.8542793212303491,8.326504596922746e-09,2.1932455851470013e-14,7.550555902134301e-05,0.01691117662731023
10010,14,64,10000,0.9999978880712189,0,1.7376806122662933e-06,0,0.8545727287139796,25,0.0,0.07038609217001386,0,0.46480699377896384,0,0.5000000428822882,0,0.0111,0.8545167096769528,0,0.37526310608768065,0.009122807017543859,0.8542793212303491,3.183663377370749e-08,8.376632720796821e-14,0.00028867978567103926,0.05847074508006922
10010,14,256,10000,0.9999915523212953,0,6.950702226483539e-06,0,0.8556126486712003,14,0.0,0.035244635485835174,0,0.4823777621019495,0,0.5000000827617765,0,0.0111,0.8555671192556287,0,0.3438384988932208,0.007710795113158422,0.8542793212303491,1.2587713443812376e-07,3.289757355418037e-13,0.0011410634710334524,0.14502838834274467
10010,14,1024,10000,0.9999662098678846,0,2.780248535081415e-05,0,0.8572664115915158,11,0.0,0.017628772404860295,0,0.49118577354578496,0,0.5000001626149166,0,0.0111,0.857398354778655,0,0.26385677819161757,0.005005506056662328,0.8542793212303491,5.020388657572816e-07,1.3096301820780828e-12,0.004452569546651184,0.2395410697651742
10010,14,4096,10000,0.9998648487941896,0,0.00011120476473911004,0,0.8605502393456288,9,0.0,0.008815193220585063,0,0.4955927229152998,0,0.5000003223673221,0,0.0111,0.8605459809650955,0,0.1080065071700983,0.0032028825943349014,0.8542793212303491,2.0053263992680925e-06,5.231803879013349e-12,0.016181431702697133,0.30423131916120594
10010,14,16384,10000,0.9994595443006141,0,0.0004447362463634642,0,0.8679735325000139,6,0.0,0.004407697493313821,0,0.4977967903192355,0,0.5000006418951732,0,0.0111,0.8679117016999944,0,0.29128837831458587,0.0018010806483890335,0.8542793212303491,7.997776318102723e-06,2.0923374144388192e-11,0.048535708005996506,0.3887556546630099
10010,14,65536,10000,0.9978405552312876,0,0.001777620881483426,0,0.8798327717212722,4,0.0,0.0022038613566233477,0,0.49889934746122017,0,0.5000012809625928,0,0.0111,0.8798995705952222,0,0.20871162168541413,0.0012004801920768306,0.8542793212303491,3.191142019387527e-05,8.368877812969811e-11,0.10601038604183614,0.42121120236550025
10010,16,16,10000,0.9999999733305664,0,2.079594429957718e-08,0,0.8511832483487253,97,0.0,0.13994993409141915,0,0.4300250338530163,0,0.5000000010449694,0,0.0269,0.8502841245136508,0,0.5437171156587491,0.0322124608704433,0.8502563280751246,4.4874182147935926e-10,7.771561172376096e-16,7.758346058483997e-06,0.01737796810713288
10010,16,64,10000,0.9999998933222716,0,8.318377327530475e-08,0,0.8512396027896102,73,0.0,0.07038609217001479,0,0.4648069557229989,0,0.5000000019449002,0,0.0269,0.8503443922622618,0,0.6033896210461842,0.023068399314999495,0.8502563280751246,1.7157767429054616e-09,2.55351295663786e-15,2.96645732152211e-05,0.061408377070287345
10010,16,256,10000,0.999999573289178,0,3.327350288898723e-07,0,0.8506259657458817,48,0.0,0.0352446354858374,0,0.48237768587841273,0,0.500000003753626,0,0.0269,0.8504458468083953,0,0.5141275014357296,0.01678054662379421,0.8502563280751246,6.783916983721383e-09,9.325873406851315e-15,0.00011729401903327011,0.14746458935014606
10010,16,1024,10000,0.9999982931581789,0,1.3309390891775056e-06,0,0.8514030898326166,34,0.0,0.017628772404861964,0,0.4911856210428178,0,0.5000000073752665,0,0.0269,0.8515166379766245,0,0.6439488907925757,0.012743327312863737,0.8502563280751246,2.7056471785247282e-08,3.6631808697507045e-14,0.00046393704295739343,0.22296554541183244
10010,16,4096,10000,0.9999931726561919,0,5.3237399342329135e-06,0,0.8525983008626031,21,0.0,0.008815193220588238,0,0.4955924178816491,0,0.500000014620829,0,0.0269,0.8524710335328378,0,0.48091496538174194,0.008317466680028059,0.8502563280751246,1.0808622075142438e-07,1.463995591421963e-13,0.001830553547184343,0.3445722910218897
10010,16,16384,10000,0.9999726910003831,0,2.1294696982946255e-05,0,0.8546890838592671,14,0.0,0.004407697493321288,0,0.49779618023794814,0,0.5000000291129307,0,0.0269,0.854689083861259,0,0.4020280503872201,0.006509112757861006,0.8502563280751246,4.3226361706727445e-07,5.854927653814458e-13,0.006997696016504321,0.36771876362315903
10010,16,65536,10000,0.9998907700110709,0,8.51745840755728e-05,0,0.8602635954734748,7,0.0,0.002203861356637997,0,0.49889812729120364,0,0.5000000580975609,0,0.0269,0.8602963806363444,0,0.37550880723611,0.0044030821575102574,0.8502563280751246,1.7289414002696901e-06,2.3416213412730263e-12,0.02349387633712942,0.44030636777075605
10010,18,16,10000,0.9999999977803489,0,1.7536976944590657e-09,0,0.8575687205664182,233,0.0,0.13994993409141915,0,0.43002503303101813,0,0.5000000000892131,0,0.0608,0.8579397214092928,0,0.5418620327285469,0.06173850721818368,0.8578738156300038,3.642885992860556e-11,1.1102230246251565e-16,1.078382638947103e-06,0.008221251779748528
10010,18,64,10000,0.9999999911213956,0,7.014790749932614e-09,0,0.8578143360752056,169,0.0,0.07038609217001507,0,0.46480695406935657,0,0.5000000001660526,0,0.0608,0.8579397214098696,0,0.4919191887051684,0.049842335469433424,0.8578738156300038,1.392867488014815e-10,1.1102230246251565e-16,4.120444493316263e-06,0.03167921828115605
10010,18,256,10000,0.9999999644855828,0,2.8059162553272278e-08,0,0.8575178328665973,120,0.0,0.03524463548583844,0,0.4823776825662367,0,0.5000000003204501,0,0.0608,0.85800576357886,0,0.611482278638668,0.03977732793522267,0.8578738156300038,5.507183598041365e-10,4.440892098500626e-16,1.624758263576435e-05,0.11032138575827044
10010,18,1024,10000,0.9999998579423414,0,1.1223664306975842e-07,0,0.857939769351411,88,0.0,0.017628772404862283,0,0.4911856144166157,0,0.5000000006301565,0,0.0608,0.858101259139723,0,0.6295257427058097,0.02754237288135593,0.8578738156300038,2.1964445817701517e-09,1.3322676295501878e-15,6.476791687218257e-05,0.24325276167767895
10010,18,4096,10000,0.9999994317695204,0,4.4894645798576945e-07,0,0.8588056181060533,64,0.0,0.008815193220588987,0,0.4955924046289719,0,0.5000000012502874,0,0.0608,0.8585590995129798,0,0.5184376996128238,0.01932367149758454,0.8578738156300038,8.779345916920533e-09,4.3298697960381105e-15,0.00025787388478301003,0.3228595846708776
10010,18,16384,10000,0.9999977270805607,0,1.7957840032527637e-06,0,0.8597969237204105,41,0.0,0.004407697493322361,0,0.4977961537318799,0,0.500000002489515,0,0.0608,0.8597938480779634,0,0.5896081642650955,0.013655989557184457,0.8578738156300038,3.5110894192058595e-08,1.7208456881689926e-14,0.0009792389630999523,0.39324110555215375
10010,18,65536,10000,0.9999909083619061,0,7.18310675408812e-06,0,0.86171706491683,34,0.0,0.0022038613566398866,0,0.49889807426223187,0,0.5000000049514646,0,0.0608,0.8617170641726403,0,0.47934397520242344,0.009231386714830423,0.8578738156300038,1.3975491591766698e-07,6.858957846134219e-14,0.0037177819222843906,0.42998308449064215
10010,20,16,10000,0.9999999998824616,0,9.681218533939718e-11,0,0.8578401241941178,537,0.0,0.13994993409141926,0,0.43002503295856676,0,0.5000000000049722,0,0.109,0.856061151534578,0,0.5973115300973343,0.1000739723132199,0.8560611515345689,1.9483858970659185e-12,-1.1102230246251565e-16,1.4010573016198764e-07,0.011490078321421238
10010,20,64,10000,0.9999999995298465,0,3.872486302960721e-10,0,0.8568892408009646,389,0.0,0.07038609217001539,0,0.4648069539235924,0,0.5000000000092513,0,0.109,0.8560611515346024,0,0.617772169087012,0.0808448652585579,0.8560611515345689,7.449652006386032e-12,0.0,5.356975732007097e-07,0.04318964948920245
10010,20,256,10000,0.9999999981193863,0,1.548994576068022e-09,0,0.8571428571428571,286,0.0,0.03524463548583907,0,0.4823776822743255,0,0.5000000000178741,0,0.109,0.8561581532871814,0,0.5697303181947609,0.06588429071443277,0.8560611515345689,2.945499399942264e-11,0.0,2.1180530344666565e-06,0.13481832577018293
10010,20,1024,10000,0.9999999924775451,0,6.1959782387222255e-09,0,0.8566794096787596,217,0.0,0.017628772404862426,0,0.49118561383201137,0,0.5000000000350605,0,0.109,0.856224941755658,0,0.6148009613457887,0.05172237554942247,0.8560611515345689,1.1747619543811538e-10,1.1102230246251565e-16,8.447284282747642e-06,0.23044872057719668
10010,20,4096,10000,0.9999999699101814,0,2.4783912516713855e-08,0,0.8567810379311211,152,0.0,0.008815193220589355,0,0.4955924034589315,0,0.5000000000698419,0,0.109,0.856383494454509,0,0.5241959655400266,0.04163281884646629,0.8560611515345689,4.695608901705839e-10,3.2751579226442623e-16,3.376115893118919e-05,0.24606878397575271
10010,20,16384,10000,0.9999998796407333,0,9.913564427730048e-08,0,0.8568527789436374,114,0.0,0.004407697493323081,0,0.4977961513920124,0,0.5000000001392855,0,0.109,0.8566293276665278,0,0.5042060457583294,0.031155168925753592,0.8560611515345689,1.8778997801227604e-09,7.771561172376096e-16,0.0001349678009381403,0.3347824313146095
10010,20,65536,10000,0.9999995185630584,0,3.96542483532638e-07,0,0.8571428571428571,89,0.0,0.002203861356641258,0,0.4988980696266401,0,0.5000000003056349,0,0.109,0.8568912801512911,0,0.42259998397313714,0.02179396630007063,0.8560611515345689,7.511254285219593e-09,2.220446049250313e-15,0.0005326598132349972,0.43414815204526835
10010,22,16,10000,0.9999999999939189,0,4.814989645097062e-12,0,0.8527699387964152,1010,0.0,0.1399499340914193,0,0.43002503295449734,0,0.5000000000002407,0,0.1953,0.85113414928891,0,0.6241935322370055,0.16518353726362625,0.8511341492885094,9.786615962070755e-14,-2.220446049250313e-16,1.510290072448405e-08,0.00036527634400207454
10010,22,64,10000,0.9999999999756758,0,1.9260069602522023e-11,0,0.852048390020741,770,0.0,0.07038609217001576,0,0.4648069539154098,0,0.5000000000004485,0,0.1953,0.8511341492900419,0,0.6336526026575114,0.13748645720476707,0.8511341492885094,3.731459585765151e-13,-1.1102230246251565e-16,5.774638817124252e-08,0.0013989728324136363
10010,22,256,10000,0.9999999999027032,0,7.704027840738898e-11,0,0.8531757632557195,587,0.0,0.03524463548583982,0,0.48237768225792954,0,0.5000000000008792,0,0.1953,0.8511341492945665,0,0.5609021612851999,0.11399128864336555,0.8511341492885094,1.4747647547608267e-12,-1.1102230246251565e-16,2.2832036389863739e-07,0.005564087351755731
10010,22,1024,10000,0.9999999996108128,0,3.081612246086722e-10,0,0.8527326110880105,457,0.0,0.017628772404862377,0,0.4911856137992517,0,0.5000000000017135,0,0.1953,0.8511341493126671,0,0.6384330525341113,0.08948967829822907,0.8511341492885094,5.8811289171956105e-12,0.0,9.106166989791825e-07,0.022467153153604702
10010,22,4096,10000,0.999999998443251,0,1.2326448977437072e-09,0,0.8528399311531841,327,0.0,0.008815193220589355,0,0.49559240339659055,0,0.5000000000069471,0,0.1953,0.8512919444072327,0,0.5716732836031893,0.07588131913573866,0.8511341492885094,2.3507973345715527e-11,0.0,3.6398089651556975e-06,0.08398774946686349
10010,22,16384,10000,0.999999993773004,0,4.930579468896814e-09,0,0.8529115418579932,247,0.0,0.004407697493323081,0,0.4977961512619096,0,0.5000000000086082,0,0.1953,0.8514506484602651,0,0.4712371228689308,0.05793089305854609,0.8511341492885094,9.401901479577646e-11,1.1102230246251565e-16,1.4556688770467331e-05,0.2111252081728623
10010,22,65536,10000,0.9999999750920163,0,1.972231769869613e-08,0,0.8527337865887573,191,0.0,0.002203861356641258,0,0.4988980694485855,0,0.5000000001271866,0,0.1953,0.8517880289884431,0,0.46167645775986355,0.04465286981343664,0.8511341492885094,3.7605746294744336e-10,2.220446049250313e-16,5.8225976893555536e-05,0.32507344482347744
10010,24,16,10000,0.9999999999995144,0,3.9404074689541303e-13,0,0.8533624877650572,1626,0.0,0.13994993409141934,0,0.43002503295430694,0,0.5000000000000192,0,0.2818,0.8519193310846169,0,0.6047507433881861,0.22522092190112253,0.8519193310846067,7.993605777301127e-15,-4.440892098500626e-16,2.2061498849978986e-09,7.580271206464317e-05
10010,24,64,10000,0.9999999999980578,0,1.5761629875811658e-12,0,0.8519303557910674,1343,0.0,0.07038609217001596,0,0.4648069539150257,0,0.500000000000036,0,0.2818,0.8519193310846468,0,0.6173860376841565,0.18736282776943514,0.8519193310846067,3.064215547965432e-14,-3.3306690738754696e-16,8.435276704910064e-09,0.00028980511692200395
10010,24,256,10000,0.9999999999922311,0,6.304707461468146e-12,0,0.8527757406320879,1069,0.0,0.03524463548583982,0,0.48237768225716227,0,0.5000000000000843,0,0.2818,0.851919331084766,0,0.5284934747298619,0.15776508789609225,0.8519193310846067,1.2106982083537332e-13,-2.220446049250313e-16,3.3351787132041e-08,0.0011453709905392406
10010,24,1024,10000,0.9999999999689245,0,2.5218940868050928e-11,0,0.8533861201606416,842,0.0,0.017628772404862176,0,0.4911856137980594,0,0.5000000000004999,0,0.2818,0.8519477159355207,0,0.6415969066689435,0.1299410351605154,0.8519193310846067,4.833355937705619e-13,-1.1102230246251565e-16,1.3301783460817338e-07,0.004559379248151418
10010,24,4096,10000,0.9999999998756981,0,1.0087581898136917e-10,0,0.8535690512900798,657,0.0,0.008815193220589355,0,0.495592403395798,0,0.5000000000061467,0,0.2818,0.851947715935869,0,0.6345102416811533,0.1122765706946377,0.8519193310846067,1.932176640906391e-12,-1.1102230246251565e-16,5.316821393541726e-07,0.018013751794887845
10010,24,16384,10000,0.9999999995027923,0,4.03503386916009e-10,0,0.8535054910232085,501,0.0,0.004407697493323081,0,0.49779615125886134,0,0.5000000000055469,0,0.2818,0.8519766967119011,0,0.6139776843548874,0.09211495946941783,0.8519193310846067,7.727263273693552e-12,-1.1102230246251565e-16,2.126341213787297e-06,0.06547595768261816
10010,24,65536,10000,0.9999999980111689,0,1.6140133806222475e-09,0,0.8532958787627545,378,0.0,0.002203861356641258,0,0.4988980693329753,0,0.5000000000113203,0,0.2818,0.8519964610314936,0,0.5847697091062588,0.07638744543753898,0.8519193310846067,3.090749878253973e-11,0.0,8.50500716690905e-06,0.14973491906789882
10011,2,16,10000,0.04116053548889948,0,0.9380605604537643,0,0.9908007641681413,0,0.0,0.1153336529615401,0,0.6966368075341844,0,0.7872099358933258,0,0.0,0.9908007641681413,0,1.9143109319941232e-10,0.0,0.8545472814229917,0.06230689573862219,0.00034714598582853993,0.28407360358401473,0.32313830354616424
10011,2,64,10000,0.00013511500733485424,0,0.999781554840136,0,0.9999507165810485,0,0.0,0.02810625555144191,0,0.9026765456785437,0,0.928642238242831,0,0.0,0.9999507165810485,0,6.266893670670015e-10,0.0,0.8545472814229917,0.08952835888543653,0.0005802976443934128,0.34649019396135183,0.39390778210544874
10011,2,256,10000,1.2318052958376238e-13,0,0.999999999999616,0,0.9999999999997047,0,0.0,0.0007822276779397605,0,0.9968214341961548,0,0.9975983068175545,0,0.0,0.9999999999999483,0,1.0538880879096268e-10,0.0,0.8545472814229917,0.11135583388080572,0.0009072721597612244,0.3899184115232095,0.4398466553821653
10011,2,1024,10000,5.662569878865239e-49,0,1.0,0,1.0,0,0.0,3.798465412906257e-09,0,0.9999999834027367,0,0.9999999871952938,0,0.0,1.0,0,3.888700472742812e-11,0.0,0.8545472814229917,0.12631070808163658,0.0012045066856343327,0.4159286299500152,0.46620635632332585
10011,2,4096,10000,1.809233196949332e-219,0,1.0,0,1.0,0,0.0,1.7512034724853187e-29,0,0.9999999999998486,0,0.9999999999998521,0,0.0,1.0,0,1.4276357873654888e-11,0.0,0.8545472814229917,0.1346952609761098,0.0013635967202316856,0.43354380129701736,0.481532372459864
10011,2,16384,10000,0.0,0,1.0,0,1.0,0,0.0,4.3681565684744675e-115,0,1.0,0,1.0,0,0.0,1.0,0,9.32875998671534e-11,0.0,0.8545472814229917,0.13986356529127197,0.001428524441279766,0.4443060445534531,0.490493639147755
10011,2,65536,10000,0.0,0,1.0,0,1.0,0,0.0,0.0,0,0.9999999999712932,0,0.9999999999712932,0,0.0,1.0,0,4.3327896825928747e-10,0.0,0.8545472814229917,0.1425534851157667,0.0014700900587997113,0.4502998742221642,0.4946646165886909
10011,4,16,10000,0.6133552061112583,0,0.30102674121445766,0,0.9101855103482278,0,0.0,0.1398855394453517,0,0.44692965421352215,0,0.5196643840525434,0,0.0,0.910185510348225,0,2.0145000223514842e-08,0.0,0.8537543147533215,0.007264012811075304,4.729687637772263e-06,0.16526359890422937,0.3110346942522546
10011,4,64,10000,0.2277563143434881,0,0.5980463858697401,0,0.9523438081216171,0,0.0,0.07017827731386761,0,0.4988554198871834,0,0.5365601851101394,0,0.0,0.9523438081216187,0,5.119744628245826e-09,0.0,0.8537543147533215,0.0196595376896887,1.7247925411045807e-05,0.2468294433116797,0.38668387974590057
10011,4,256,10000,0.045553070019725396,0,0.9000881375153663,0,0.9880322582998724,0,0.0,0.03475762419190327,0,0.5504761838380081,0,0.5702854861071467,0,0.0,0.9880322582998718,0,1.6570557148654075e-09,0.0,0.8537543147533215,0.041322820123141424,6.354224174267011e-05,0.3108332209829553,0.43605034859621705
10011,4,1024,10000,0.0005996348192374244,0,0.9987333225739972,0,0.999769514393549,0,0.0,0.01664130584971444,0,0.6254729024568628,0,0.6360497068703961,0,0.0,0.999769514393549,0,5.927944801698004e-10,0.0,0.8537543147533215,0.06949662219331026,0.0001772136905105637,0.357231558131227,0.4616734583181099
10011,4,4096,10000,6.944888244028016e-11,0,0.9999999998542699,0,0.9999999999618965,0,0.0,0.00698652998062737,0,0.7494809765560415,0,0.7547472686034709,0,0.0,0.9999999999636233,0,7.949996216893851e-11,0.0,0.8537543147533215,0.09260624327210815,0.00039513597155072525,0.39034804428968195,0.4776656174730928
10011,4,16384,10000,1.093607613610043e-37,0,1.0,0,1.0,0,0.0,0.0017298331308875721,0,0.913441646405514,0,0.9150244860754531,0,0.0,1.0,0,9.031764225397865e-11,0.0,0.8537543147533215,0.10914973710687603,0.0006611713676405118,0.4140723331049826,0.4872959736190353
10011,4,65536,10000,5.325480580075658e-159,0,0.9999999999998943,0,0.9999999999999359,0,0.0,5.227093246975187e-05,0,0.9968599426394211,0,0.9969120521619452,0,0.0,1.0,0,4.001253772756286e-10,0.0,0.8537543147533215,0.12239531714629848,0.0010138158621103904,0.4317957752234567,0.4895276635706739
10011,6,16,10000,0.9707639049313511,0,0.023192395640912467,0,0.8629486574133245,0,0.0,0.1399497663352998,0,0.4310401678043306,0,0.5011900175774859,0,0.0,0.8629486574132128,0,4.7869081648888034e-05,0.0,0.8441681285922065,0.0005068775000777737,6.983775140412265e-08,0.06326424293714086,0.2882320146878302
10011,6,64,10000,0.8891548472650997,0,0.0874736951131789,0,0.8853067181408303,0,0.0,0.07038547670407923,0,0.4668628083275848,0,0.5022148601641816,0,0.0,0.8853067181408302,0,1.7966623403364856e-05,0.0,0.8441681285922065,0.001845762684610508,2.670268180293701e-07,0.14170534667592913,0.3708950479314278
10011,6,256,10000,0.639445140586381,0,0.2839707949692738,0,0.9189419134597467,0,0.0,0.03524302259317989,0,0.4865011446377856,0,0.5042745591163529,0,0.0,0.918941913459744,0,1.5085149065452441e-06,0.0,0.8441681285922065,0.006209873474712524,1.049349677323397e-06,0.22032783396024128,0.4291964505432022
10011,6,1024,10000,0.2453694821638851,0,0.5825240818798243,0,0.9576565399728907,0,0.0,0.017625185759334992,0,0.4994376916889641,0,0.5083984224640459,0,0.0,0.9576565399728905,0,1.5085250263391359e-06,0.0,0.8441681285922065,0.017257589416263153,3.97104442178553e-06,0.28546388871402484,0.4489945208358552
10011,6,4096,10000,0.046562207671438614,0,0.8870010496071286,0,0.9888487572703009,0,0.0,0.008807834655990863,0,0.5120948464377453,0,0.516645385299986,0,0.0,0.9888487572703009,0,4.799155188806026e-07,0.0,0.8441681285922065,0.03609065515005816,1.4983465293910704e-05,0.3369465559429172,0.4694359683337954
10011,6,16384,10000,0.0008438315926728827,0,0.9981672236112328,0,0.9997079768496482,0,0.0,0.004392918568009546,0,0.5307737275796063,0,0.5331155647006833,0,0.0,0.9997079768496484,0,3.4248379243706495e-08,0.0,0.8441681285922065,0.05932325188061688,4.8859212341845205e-05,0.3736343805111849,0.48590883492187276
10011,6,65536,10000,2.7571228217768055e-10,0,0.9999999994038374,0,0.9999999997239731,0,0.0,0.002174242352840999,0,0.5646287931133591,0,0.565858938439773,0,0.0,0.9999999998237669,0,3.0689922714266515e-08,0.0,0.8441681285922065,0.0819477724405186,0.00015341503642068988,0.397735851314533,0.48938331243802546
10011,8,16,10000,0.998142943098113,0,0.0014999450781843868,0,0.8564384744617799,0,0.0,0.13994993352450114,0,0.4300903698935837,0,0.5000759677301644,0,0.0004,0.8564191071444477,0,0.05744619013944441,0.0006,0.8519627078410544,3.0092833068429137e-05,1.2964292916972656e-09,0.013757350780340289,0.2170872930700778
10011,8,64,10000,0.9925963042573496,0,0.005981152458690464,0,0.8644162063268961,0,0.0,0.07038608968173349,0,0.4649383956416817,0,0.5001413918612386,0,0.0004,0.8644162063268971,0,0.019818764416918433,0.0003,0.8519627078410544,0.00011489521236268674,4.9569345517141994e-09,0.04490631114307834,0.3316495063087207
10011,8,256,10000,0.9707783848609517,0,0.02357084897204348,0,0.8806024485738524,0,0.0,0.03524462913492017,0,0.4826409511046555,0,0.5002728826709192,0,0.0004,0.8806024485737334,0,0.005829956121599977,0.0002,0.8519627078410544,0.0004431328549842628,1.950274560735821e-08,0.11028862367358828,0.3653900582150531
10011,8,1024,10000,0.8893092660127482,0,0.08921642170136138,0,0.9057984142322574,0,0.0,0.017628757818310255,0,0.49171234426135935,0,0.5005361748840982,0,0.0004,0.9057984142322578,0,0.0008325225158533067,0.0,0.8519627078410544,0.001650576532683412,7.716465591500744e-08,0.1844092427167062,0.4331472177847493
10011,8,4096,10000,0.6407886037085084,0,0.2902551525477942,0,0.9362895192058476,0,0.0,0.008815163180448476,0,0.49664595986756804,0,0.5010629108433738,0,0.0004,0.9362895192058714,0,0.00033232545023520466,0.0,0.8519627078410544,0.005552559320242789,3.0843154251170017e-07,0.24991705450973037,0.45723412818568854
10011,8,16384,10000,0.24137204278118024,0,0.5874058746580804,0,0.9670902886972257,0,0.0,0.00440763601513333,0,0.4999033050883058,0,0.5021164516443644,0,0.0004,0.9670902886972242,0,6.273662578426542e-05,0.0,0.8519627078410544,0.015117576297850266,1.208952650677553e-06,0.3046858191676353,0.47605942799324685
10011,8,65536,10000,0.045843619049158256,0,0.8859543340408018,0,0.9911168855679795,0,0.0,0.0022037383963750996,0,0.503112342237324,0,0.5042235189664255,0,0.0004,0.9911168855679797,0,1.7058086708265918e-05,0.0,0.8519627078410544,0.02943459117089936,4.4854493633284e-06,0.3444435396357314,0.4852934063880193
10011,10,16,10000,0.999883391868952,0,9.453913671758629e-05,0,0.8584439198604187,0,0.0,0.13994993408955061,0,0.4300291384148096,0,0.5000047735094979,0,0.0004,0.8584439198605376,0,0.023475949906799465,0.0014,0.8575017796308461,1.9158967179411235e-06,2.918304486954071e-11,0.0027101954178808414,0.14566915678842274
10011,10,64,10000,0.9995336547195872,0,0.00037809710524100426,0,0.8610698048826717,0,0.0,0.07038609216077886,0,0.4648152130784149,0,0.5000088845013815,0,0.0004,0.8610698048826716,0,0.0076928812620323805,0.0004,0.8575017796308461,7.325423229620487e-06,1.1157925694504911e-10,0.009932472521947816,0.2625863585146614
10011,10,256,10000,0.9981360138594594,0,0.001511437897317669,0,0.8667852973099311,0,0.0,0.035244635460641285,0,0.48239422479837346,0,0.5000171468610954,0,0.0004,0.8667852973099325,0,0.0013980278288785453,0.0001,0.8575017796308461,2.896258040763211e-05,4.411661147507573e-10,0.03336048174787076,0.3762906249172294
10011,10,1024,10000,0.9925663164243671,0,0.00603057785927491,0,0.8769734714032783,0,0.0,0.017628772349710182,0,0.4912187109986149,0,0.5000336911035481,0,0.0004,0.8769734714032789,0,0.0005773574229540612,0.0,0.8575017796308461,0.00011411120252619034,1.759514045573951e-09,0.08718127326635772,0.4236517228047062
10011,10,4096,10000,0.9706286482681872,0,0.02378572660416215,0,0.8954385568412205,0,0.0,0.008815193105763636,0,0.49565860385214167,0,0.5000667891611248,0,0.0004,0.8954385568413494,0,6.607386536239268e-05,0.0,0.8575017796308461,0.0004413322770981387,7.032904392190176e-09,0.15509784129979204,0.426773532962742
10011,10,16384,10000,0.8891994193372289,0,0.09029517489537231,0,0.9182769459307565,0,0.0,0.004407697253293309,0,0.4979285552067253,0,0.500132990011729,0,0.0004,0.9182769459318418,0,7.2973275259125e-06,0.0,0.8575017796308461,0.0016336588019503773,2.8126457402022354e-08,0.22449259165226157,0.47372450671779476
10011,10,65536,10000,0.6423982113801114,0,0.29269520392401754,0,0.9462455363846706,0,0.0,0.0022038608711356694,0,0.4991628787299253,0,0.5002653940570709,0,0.0004,0.9462455363851429,0,6.076992590142716e-06,0.0,0.8575017796308461,0.005252249952723054,1.1241758851032741e-07,0.2802775357937364,0.47874299012887933
10011,12,16,10000,0.9999921864908424,0,6.2006130596148346e-06,0,0.8534111782405884,8,0.0,0.13994993409141387,0,0.43002529623927815,0,0.5000003061274968,0,0.0027,0.8531769328808732,0,0.30792235366037835,0.004103282626100881,0.8527612980093027,1.2563772711082777e-07,7.62123697484185e-13,0.0004068480984953776,0.06824115838068567
10011,12,64,10000,0.9999687464937947,0,2.4802141120161547e-05,0,0.8541645086042904,5,0.0,0.07038609216998257,0,0.4648074835787378,0,0.5000005697674168,0,0.0027,0.8539878716630338,0,0.39404623609410694,0.0026013006503251626,0.8527612980093027,4.80378528400216e-07,2.9170277304757523e-12,0.0015475845182461698,0.1815326000280375
10011,12,256,10000,0.9998749944614443,0,9.920358684045727e-05,0,0.8564076980904028,3,0.0,0.03524463548574583,0,0.4823787431374132,0,0.500001099636561,0,0.0027,0.8563312398515723,0,0.2493008547603497,0.0019005701710513153,0.8527612980093027,1.8987782952062382e-06,1.1535972177512124e-11,0.005987336081947409,0.30448541503853854
10011,12,1024,10000,0.9995001135916759,0,0.00039673472129625464,0,0.8614746552031145,2,0.0,0.017628772404641974,0,0.4911877363349758,0,0.5000021606264748,0,0.0027,0.8614746552026906,0,0.2506991452396503,0.0010002000400080016,0.8527612980093027,7.556139518027916e-06,4.60102123067685e-11,0.0219626237511236,0.3354194723997257
10011,12,4096,10000,0.998002624104944,0,0.0015856659027250752,0,0.8712815394648628,2,0.0,0.008815193220115602,0,0.49559664884801624,0,0.500004283215433,0,0.0027,0.8712815394648719,0,0.10735084982796694,0.0008001600320064013,0.8527612980093027,2.9899018638812613e-05,1.839093544120374e-10,0.06307678151346464,0.41847832729700274
10011,12,16384,10000,0.9920402505717757,0,0.0063204955579473174,0,0.8842197175159769,2,0.0,0.004407697492348667,0,0.49780464237130406,0,0.5000085287094367,0,0.0027,0.8842197175159772,0,0.01540502759259188,0.0005001000200040008,0.8527612980093027,0.00011788944215607167,7.355063391667472e-10,0.12396398508984152,0.4464987215413867
10011,12,65536,10000,0.9686486872427182,0,0.024966449830570364,0,0.9013025211892163,1,0.0,0.002203861354669585,0,0.49891505179169093,0,0.5000170199786856,0,0.0027,0.9013177460894736,0,0.2498564230322028,0.00020002000200020003,0.8527612980093027,0.0004471131897287872,2.941890780983059e-09,0.18412714785526307,0.46011253810386477
10011,14,16,10000,0.9999995057620504,0,4.0690334817884295e-07,0,0.8541458753471961,33,0.0,0.13994993409141904,0,0.4300250498186484,0,0.5000000196354379,0,0.0103,0.8539175106686197,0,0.380738771277614,0.012541386575699809,0.8537255904204124,8.166129494835417e-09,2.0083934515469092e-14,7.098288106895361e-05,0.03707166567178821
10011,14,64,10000,0.9999980230501657,0,1.627612023716224e-06,0,0.8546686920388739,19,0.0,0.07038609217001392,0,0.46480698788833896,0,0.5000000365456512,0,0.0103,0.854512042880748,0,0.5203998888936402,0.008816751828474101,0.8537255904204124,3.122343755768142e-08,7.71382957509559e-14,0.000271473809007421,0.10559547104309253
10011,14,256,10000,0.9999920922320865,0,6.510426190954224e-06,0,0.8551011183934633,15,0.0,0.03524463548583545,0,0.482377750303407,0,0.5000000705322085,0,0.0103,0.854893505352654,0,0.15346948933371296,0.0058087130696044065,0.8537255904204124,1.2345267152991113e-07,3.0699887076934847e-13,0.0010744277526991161,0.23016459286194113
10011,14,1024,10000,0.9999683694311193,0,2.6041354306090384e-05,0,0.8577172147789586,11,0.0,0.017628772404860563,0,0.4911857499404769,0,0.5000001385860082,0,0.0103,0.8574645259030786,0,0.4192855768801913,0.0039042947241966163,0.8537255904204124,4.923696288461343e-07,1.2250644942923835e-12,0.004180226716529124,0.3178479662121405
10011,14,4096,10000,0.9998734857683714,0,0.00010415981021075319,0,0.8613424000039258,8,0.0,0.008815193220585361,0,0.4955926757056053,0,0.5000002747377645,0,0.0103,0.8610950676212985,0,0.13347617036361858,0.002702161729383507,0.8537255904204124,1.9680378131603504e-06,4.8960724363666975e-12,0.014932113777971686,0.37201693496164945
10011,14,16384,10000,0.9994940717451037,0,0.00041654954846231755,0,0.8683211023488777,6,0.0,0.004407697493314883,0,0.49779669589075637,0,0.5000005470486398,0,0.0103,0.8681481075208344,0,0.2704442701555674,0.0019011406844106464,0.8537255904204124,7.870716205948813e-06,1.9584622812374177e-11,0.0449823916765355,0.4263717389745072
10011,14,65536,10000,0.9979783437639782,0,0.0016647643843035085,0,0.877569626246865,2,0.0,0.0022038613566247598,0,0.4988991584643415,0,0.5000010915482749,0,0.0103,0.8774425819191447,0,0.20834247356075036,0.001300260052010402,0.8537255904204124,3.128212209996262e-05,7.832924309170158e-11,0.09384387610166299,0.45113966549822726
10011,16,16,10000,0.9999999660365803,0,2.7926845130025046e-08,0,0.8555310952282048,108,0.0,0.13994993409141915,0,0.43002503417781984,0,0.5000000014226258,0,0.0284,0.8554974713419679,0,0.49899935155055686,0.032854832187626366,0.8554974646341339,5.941684366739253e-10,5.551115123125783e-16,8.366751495153533e-06,0.004931449710994018
10011,16,64,10000,0.9999998641463298,0,1.1170737179786698e-07,0,0.8555091814854451,74,0.0,0.07038609217001476,0,0.4648069563764372,0,0.5000000026478135,0,0.0284,0.8555669096010864,0,0.6277432285301203,0.02468265162200282,0.8554974646341339,2.2718200098914565e-09,2.1094237467877974e-15,3.1981320946045095e-05,0.019080577573851842
10011,16,256,10000,0.9999994565854582,0,4.4682934763577853e-07,0,0.855734450696379,56,0.0,0.03524463548583722,0,0.4823776871871562,0,0.5000000051101827,0,0.0284,0.855595369305787,0,0.5041632672780695,0.016995172968624295,0.8554974646341339,8.982427468495757e-09,7.438494264988549e-15,0.0001263036293737028,0.07238676198615013
10011,16,1024,10000,0.9999978263440558,0,1.7873151576549706e-06,0,0.8561900473079145,31,0.0,0.017628772404861878,0,0.4911856236609531,0,0.5000000100403832,0,0.0284,0.8563298261312777,0,0.6090674253673674,0.013742602066405858,0.8554974646341339,3.58248568033126e-08,3.0603297673792475e-14,0.0004993172649984764,0.19333808855920442
10011,16,4096,10000,0.9999913054117934,0,7.1492249045940045e-06,0,0.8576071270379387,19,0.0,0.008815193220588187,0,0.4955924231129337,0,0.5000000198986392,0,0.0284,0.8580165350102711,0,0.6109202177269997,0.010019036168720569,0.8554974646341339,1.4319455582390006e-07,1.221467371692598e-13,0.001982210516094502,0.3143003251749603
10011,16,16384,10000,0.9999652222162889,0,2.8596328013764027e-05,0,0.8605849465283207,11,0.0,0.004407697493321163,0,0.49779619070723363,0,0.5000000396285675,0,0.0284,0.8606503604229313,0,0.22978763674971736,0.006807488237060766,0.8554974646341339,5.726730686883563e-07,4.881206550066968e-13,0.007529186299362792,0.3485588519588817
10011,16,65536,10000,0.9998608979704458,0,0.00011437616713653244,0,0.8649577295751727,7,0.0,0.0022038613566378413,0,0.4988981482329419,0,0.5000000790855544,0,0.0284,0.8649285789190067,0,0.48690877183385595,0.005203642549784849,0.8554974646341339,2.287813937296157e-06,1.953209816107917e-12,0.02578145381473141,0.3980842765167044
10011,18,16,10000,0.9999999982618009,0,1.3963864186926708e-09,0,0.8488113813648714,272,0.0,0.13994993409141915,0,0.4300250330164489,0,0.5000000000722731,0,0.0628,0.8479740777262561,0,0.43339109872534,0.06620065789473684,0.8479740609820512,2.892058814651932e-11,0.0,1.173698307677102e-06,0.011957815204107658
10011,18,64,10000,0.9999999930472037,0,5.585545656788375e-09,0,0.8487369985141159,209,0.0,0.07038609217001514,0,0.4648069540400497,0,0.5000000001345255,0,0.0628,0.8479741250040072,0,0.5593781149080508,0.04779899908078848,0.8479740609820512,1.1057904591993406e-10,1.1102230246251565e-16,4.487547380621608e-06,0.032584689797252375
10011,18,256,10000,0.9999999721888148,0,2.234218233943655e-08,0,0.8486265539486036,147,0.0,0.03524463548583848,0,0.48237768250753627,0,0.5000000002596057,0,0.0628,0.8481119489666613,0,0.576758020658387,0.036435603369532124,0.8479740609820512,4.372123219020807e-10,3.3306690738754696e-16,1.7741132484722017e-05,0.06030931418185004
10011,18,1024,10000,0.9999998887552656,0,8.936872475427523e-08,0,0.8487853799866281,103,0.0,0.017628772404862283,0,0.491185614298258,0,0.5000000005096737,0,0.0628,0.8481331727228789,0,0.3487413608766463,0.027382034960088914,0.8479740609820512,1.7437456478752722e-09,1.1102230246251565e-15,7.07264811592664e-05,0.14704168630630954
10011,18,4096,10000,0.9999995550211653,0,3.5747482536158065e-07,0,0.8489580847067244,78,0.0,0.008815193220588994,0,0.495592404392113,0,0.5000000010113237,0,0.0628,0.8487252308209551,0,0.3803655338818921,0.020459584761136868,0.8479740609820512,6.969878951768038e-09,3.658184866139896e-15,0.0002827120211415888,0.18128430209898883
10011,18,16384,10000,0.9999982200863129,0,1.4298981229590457e-06,0,0.8499128161992063,56,0.0,0.004407697493322525,0,0.49779615325578297,0,0.5000000020113098,0,0.0628,0.8499128199595944,0,0.4472177855151739,0.015687851971037812,0.8479740609820512,2.7874413277562127e-08,1.4654943925052066e-14,0.0011313874734426663,0.2865638264465945
10011,18,65536,10000,0.9999928803716729,0,5.7195736361062865e-06,0,0.8527688192638218,37,0.0,0.002203861356640102,0,0.49889807334797154,0,0.500000004035186,0,0.0628,0.8527613492721146,0,0.5086834525724868,0.011743450767841012,0.8479740609820512,1.1149252987507907e-07,5.869749131193206e-14,0.004430733540318171,0.377619800842788
10011,20,16,10000,0.9999999998756932,0,9.641300026365527e-11,0,0.8530981465808314,498,0.0,0.13994993409141926,0,0.4300250329583859,0,0.500000000004762,0,0.1119,0.8531592386271717,0,0.5443531855400427,0.10660913491896443,0.8531592385418525,1.908917468540494e-12,-1.1102230246251565e-16,1.563490743705643e-07,0.0006500330862444503
10011,20,64,10000,0.9999999995027726,0,3.856520009764672e-10,0,0.8533997789290113,372,0.0,0.07038609217001539,0,0.4648069539232297,0,0.5000000000088609,0,0.1119,0.8531592388680722,0,0.48567564582598655,0.0837141670128791,0.8531592385418525,7.299050253095629e-12,0.0,5.978057825262133e-07,0.002486989431312203
10011,20,256,10000,0.9999999980110907,0,1.5426080026554064e-09,0,0.8534761682244699,279,0.0,0.0352446354858391,0,0.482377682273558,0,0.500000000017079,0,0.1119,0.8531592398316753,0,0.5437623144790552,0.06851147001337311,0.8531592385418525,2.885919281325755e-11,0.0,2.3636399944071253e-06,0.009845493161086294
10011,20,1024,10000,0.9999999920443629,0,6.170431990614202e-09,0,0.852931981569182,199,0.0,0.017628772404862394,0,0.49118561383084264,0,0.5000000000338711,0,0.1119,0.8531592436860871,0,0.5464721314163574,0.052749719416386086,0.8531592385418525,1.1510004060966139e-10,1.1102230246251565e-16,9.427094851038814e-06,0.03875019283136849
10011,20,4096,10000,0.9999999681774516,0,2.4681727642338076e-08,0,0.853102760363591,148,0.0,0.008815193220589355,0,0.4955924034557897,0,0.5000000000666718,0,0.1119,0.8532429584643859,0,0.6016983017092022,0.038469346325619165,0.8531592385418525,4.600628211726132e-10,2.220446049250313e-16,3.76828007707217e-05,0.12608924459495896
10011,20,16384,10000,0.9999998727098134,0,9.872690544745437e-08,0,0.8534001667834137,106,0.0,0.004407697493323073,0,0.4977961513864252,0,0.5000000001336768,0,0.1119,0.8534555072021597,0,0.42848976843428177,0.028198908429351122,0.8531592385418525,1.8399142209801767e-09,7.771561172376096e-16,0.0001507357012510082,0.22651221861771664
10011,20,65536,10000,0.9999994908393581,0,3.9490753983946185e-07,0,0.854859700817261,74,0.0,0.002203861356641166,0,0.49889806961450583,0,0.5000000002934758,0,0.1119,0.8546733862037927,0,0.5230013700349113,0.021660286117267783,0.8531592385418525,7.3593200977661866e-09,2.4424906541753444e-15,0.000603421682318975,0.25371374261112944
10011,22,16,10000,0.9999999999912559,0,7.151240582441749e-12,0,0.8559818684040237,995,0.0,0.1399499340914193,0,0.43002503295459693,0,0.5000000000003564,0,0.1902,0.8532529995410123,0,0.5348189900801055,0.1600222098833981,0.8532529995393767,1.4210854715202004e-13,-2.220446049250313e-16,1.8458178119295868e-08,0.0004907415008292837
10011,22,64,10000,0.9999999999650235,0,2.8604962329592362e-11,0,0.8547578122901225,766,0.0,0.07038609217001576,0,0.46480695391561005,0,0.5000000000006646,0,0.1902,0.8532529995456309,0,0.5547255380669937,0.13233701537795106,0.8532529995393767,5.426215032855453e-13,-1.1102230246251565e-16,7.057539216370681e-08,0.001872926050611623
10011,22,256,10000,0.9999999998600941,0,1.1441984931557536e-10,0,0.8545551172427469,615,0.0,0.03524463548583968,0,0.48237768225834043,0,0.5000000000013068,0,0.1902,0.8532529995641032,0,0.6515006561274977,0.11124134256792755,0.8532529995393767,2.1445623055171836e-12,-1.1102230246251565e-16,2.7904433880787377e-07,0.00734552318556414
10011,22,1024,10000,0.9999999994403768,0,4.5767945272874853e-10,0,0.8536754478768892,454,0.0,0.017628772404862363,0,0.49118561380014286,0,0.5000000000026203,0,0.1902,0.8532529996379936,0,0.5395008063666604,0.0917661847894406,0.8532529995393767,8.551770402931425e-12,0.0,1.1129215758631676e-06,0.028050914563046647
10011,22,4096,10000,0.999999997761507,0,1.8307176991774292e-09,0,0.8534540754349942,354,0.0,0.008815193220589355,0,0.49559240339755867,0,0.5000000000079228,0,0.1902,0.8532529999335556,0,0.5406219242692322,0.07277628032345014,0.8532529995393767,3.4180880348344544e-11,0.0,4.448453738725664e-06,0.08521757703741284
10011,22,16384,10000,0.9999999910460282,0,7.322870674243145e-09,0,0.8538653209459179,268,0.0,0.004407697493323081,0,0.49779615126485444,0,0.5000000000115679,0,0.1902,0.8532597966933664,0,0.5968816872129628,0.05517879161528977,0.8532529995393767,1.366972646188458e-10,1.1102230246251565e-16,1.7790953569940346e-05,0.1282929384644148
10011,22,65536,10000,0.9999999641841131,0,2.9291482458353578e-08,0,0.8535745047372955,203,0.0,0.002203861356641258,0,0.4988980694491433,0,0.5000000001277456,0,0.1902,0.8534642850793067,0,0.5048285217147063,0.043788914973971624,0.8532529995393767,5.467639674350266e-10,1.1102230246251565e-16,7.116687647756224e-05,0.22715472198534925
10011,24,16,10000,0.9999999999995066,0,4.1437232675874174e-13,0,0.8516338437616754,1630,0.0,0.13994993409141934,0,0.4300250329543084,0,0.500000000000021,0,0.2837,0.850840408694861,0,0.6552482855817963,0.23010752688172043,0.8508404086910221,8.104628079763643e-15,-4.440892098500626e-16,1.7037986910217606e-09,0.0010136315938582552
10011,24,64,10000,0.9999999999980268,0,1.6573782847317425e-12,0,0.8504338827818904,1311,0.0,0.07038609217001596,0,0.464806953915029,0,0.5000000000000399,0,0.2837,0.8508404087057,0,0.6379695076645483,0.1957647600414317,0.8508404086910221,3.1030733538273125e-14,-3.3306690738754696e-16,6.514522177258845e-09,0.0038714316119475845
10011,24,256,10000,0.9999999999921072,0,6.629457627763557e-12,0,0.8509809610934391,1044,0.0,0.03524463548583982,0,0.4823776822571644,0,0.5000000000000884,0,0.2837,0.8508404087490562,0,0.6057673821689817,0.16145600714604735,0.8508404086910221,1.2323475573339238e-13,-2.220446049250313e-16,2.5757419047644857e-08,0.015198178799861073
10011,24,1024,10000,0.9999999999684286,0,2.6517774999707945e-11,0,0.851095538082943,821,0.0,0.017628772404862176,0,0.4911856137980693,0,0.50000000000051,0,0.2837,0.8509335857926263,0,0.6104829319601933,0.13476413552674582,0.8508404086910221,4.909406214892442e-13,-1.1102230246251565e-16,1.0272900816676785e-07,0.05679604596627752
10011,24,4096,10000,0.9999999998737146,0,1.0607115550686195e-10,0,0.8513324893583467,644,0.0,0.008815193220589355,0,0.495592403395798,0,0.5000000000061467,0,0.2837,0.8509335865739593,0,0.535328242963981,0.11169303120991877,0.8508404086910221,1.9621526625712704e-12,-1.1102230246251565e-16,4.106154035177191e-07,0.14543792819862333
10011,24,16384,10000,0.9999999994948585,0,4.242845664663632e-10,0,0.8512355913249132,497,0.0,0.004407697493323081,0,0.4977961512589084,0,0.5000000000055943,0,0.2837,0.8509810514022442,0,0.5192440905871156,0.09039250762916974,0.8508404086910221,7.847389404957994e-12,0.0,1.6421616151618283e-06,0.18692788903389612
10011,24,65536,10000,0.9999999979794338,0,1.6971382095553487e-09,0,0.8500678856655828,384,0.0,0.002203861356641258,0,0.49889806932167935,0,0.5,0,0.2837,0.8510705432208533,0,0.5771823515065981,0.07435524126455907,0.8508404086910221,3.138722615148026e-11,0.0,6.568356546232616e-06,0.18783048500610589
10012,2,16,10000,0.04474813019526082,0,0.9329265591708233,0,0.990026954586076,0,0.0,0.11722712742293041,0,0.6852336171558522,0,0.7760975690885172,0,0.0,0.9900269545860766,0,2.397282372612608e-11,0.0,0.8497475300122924,0.06406827632455347,0.0003770947707276929,0.28192258256414554,0.32302589119247427
10012,2,64,10000,0.00018322812648573133,0,0.9997209145386998,0,0.999940591836552,0,0.0,0.030468792010081375,0,0.891700662162322,0,0.919521122447469,0,0.0,0.999940591836552,0,1.212274725048701e-11,0.0,0.8497475300122924,0.09158339559587236,0.0007005217773878082,0.346815503814514,0.3936391026858017
10012,2,256,10000,3.2753294666072196e-13,0,0.9999999999994276,0,0.9999999999996374,0,0.0,0.0010922859583355534,0,0.9954004600879888,0,0.9964832716757426,0,0.0,0.9999999999998512,0,2.204458837695711e-12,0.0,0.8497475300122924,0.11422635583048268,0.0011232481392454755,0.39138965476874205,0.43958487761293996
10012,2,1024,10000,2.6224824072257966e-47,0,1.0,0,1.0,0,0.0,1.4568428426349332e-08,0,0.9999999337666549,0,0.9999999484621616,0,0.0,1.0,0,2.8392843631763753e-12,0.0,0.8497475300122924,0.12834244350530039,0.0013948217073155304,0.41777926278160316,0.4669328525511097
10012,2,4096,10000,9.662926368742837e-212,0,1.0,0,1.0,0,0.0,3.8558430257525044e-27,0,0.9999999999996751,0,0.9999999999996987,0,0.0,1.0,0,1.3187895220312384e-11,0.0,0.8497475300122924,0.1378378510511411,0.0014835394221481392,0.43259681078356843,0.4820970326911358
10012,2,16384,10000,0.0,0,1.0,0,1.0,0,0.0,5.5002154538254006e-104,0,1.0,0,1.0,0,0.0,1.0,0,7.578693228538214e-11,0.0,0.8497475300122924,0.1438591336925929,0.0016052236876828775,0.44311976436689626,0.4904358365584375
10012,2,65536,10000,0.0,0,1.0,0,1.0,0,0.0,0.0,0,0.999999999971882,0,0.999999999971882,0,0.0,1.0,0,3.9635794646386557e-10,0.0,0.8497475300122924,0.14722951503732,0.0016699265603017212,0.4506114142746792,0.4949101433415817
10012,4,16,10000,0.6234710889859603,0,0.29924319995906923,0,0.9077659558759865,0,0.0,0.1398873596042886,0,0.44675005047526717,0,0.5194688353566488,0,0.0,0.9077659558759867,0,1.4188612688093016e-06,0.0,0.8494954872842668,0.00715068499751631,4.822016608707627e-06,0.16761136924316136,0.31784938035222676
10012,4,64,10000,0.23334829510788896,0,0.5952184159657019,0,0.949861581696742,0,0.0,0.07018196850383215,0,0.4985666362046816,0,0.5361985214748913,0,0.0,0.949861581696742,0,1.830168729899384e-07,0.0,0.8494954872842668,0.020167490740264082,1.6551591588875873e-05,0.25007894507668094,0.39152320371296423
10012,4,256,10000,0.04548043629601989,0,0.8967477220129338,0,0.9868159593229899,0,0.0,0.03477308233472341,0,0.5497571358780802,0,0.569595595297214,0,0.0,0.9868159593229933,0,1.700393026382585e-08,0.0,0.8494954872842668,0.04186695990667827,5.619467521821854e-05,0.31354760701816686,0.43376174815618096
10012,4,1024,10000,0.0006673014959332085,0,0.9986005179161221,0,0.9997207860237896,0,0.0,0.016670721143102765,0,0.6241865131679538,0,0.6347537179585034,0,0.0,0.9997207860237374,0,1.617513256668701e-08,0.0,0.8494954872842668,0.06791141130421013,0.00016832449080038668,0.3625845403564772,0.45503540525500674
10012,4,4096,10000,1.1430951981946672e-10,0,0.9999999997280302,0,0.9999999999145686,0,0.0,0.007017004747645314,0,0.747317885439111,0,0.7525933278650127,0,0.0,0.999999999914562,0,7.306343308144392e-10,0.0,0.8494954872842668,0.09160034311868365,0.0003750250564101944,0.39516964455476933,0.47429952887803306
10012,4,16384,10000,1.3637373884628502e-36,0,1.0,0,1.0,0,0.0,0.0017643367313660084,0,0.9112815625670628,0,0.9128901054598032,0,0.0,1.0,0,4.008233744912104e-10,0.0,0.8494954872842668,0.10959193657005406,0.0006478621293464779,0.4153381222475853,0.4858691131797128
10012,4,65536,10000,1.0000218005399044e-150,0,0.9999999999964551,0,0.9999999999974749,0,0.0,5.657250221313173e-05,0,0.996591437892222,0,0.9966475262108909,0,0.0,1.0,0,3.998175124309e-10,0.0,0.8494954872842668,0.1234541651275855,0.000988143241471179,0.43051914594089163,0.493072458207241
10012,6,16,10000,0.9673479100700795,0,0.025716896744161125,0,0.8686899933878496,0,0.0,0.1399497292245731,0,0.4310789144477314,0,0.5012268289925097,0,0.0,0.8686899933878665,0,0.004410423208763836,0.0001,0.8518687789202872,0.0005301259371772726,7.606880590982356e-08,0.06551310324070454,0.29734626683039966
10012,6,64,10000,0.8772001772935181,0,0.09639068276290857,0,0.8935577602472018,0,0.0,0.07038535095362533,0,0.46692860194299646,0,0.5022833760634464,0,0.0,0.893557760247202,0,0.0009415793490397117,0.0,0.8518687789202872,0.001933904126284136,2.90850064477155e-07,0.1391430141038086,0.3456016920337941
10012,6,256,10000,0.6097236968653214,0,0.3015674820410222,0,0.924418645432594,0,0.0,0.03524282793950459,0,0.48663010891878683,0,0.5044067900600617,0,0.0,0.9244186454317653,0,0.00018356788345119668,0.0,0.8518687789202872,0.006416869177745699,1.1499566040240605e-06,0.2166145000030813,0.415537025944683
10012,6,1024,10000,0.22602592465303545,0,0.5970833460340058,0,0.9606493550809484,0,0.0,0.01762488831326246,0,0.4996931852440971,0,0.5086581955125654,0,0.0,0.9606493550809491,0,5.742281242171465e-06,0.0,0.8518687789202872,0.017401932768626116,4.422029963485622e-06,0.28144190941145136,0.45118855691762993
10012,6,4096,10000,0.04111882652289395,0,0.8965062766095213,0,0.989611692669007,0,0.0,0.0088072365344047,0,0.5126052788615258,0,0.5171600149047932,0,0.0,0.9896116926690082,0,1.2795187870118241e-05,0.0,0.8518687789202872,0.03613606565720251,1.6012810448018414e-05,0.33151044360667575,0.4714440043524737
10012,6,16384,10000,0.0006729744962216248,0,0.9984393797014841,0,0.9997597512067149,0,0.0,0.004391742117962099,0,0.5317917854361067,0,0.5341375606676286,0,0.0,0.9997597512067231,0,7.986374528368145e-07,0.0,0.8518687789202872,0.058405088273466244,4.966774475099191e-05,0.36756208214449915,0.48465983945035507
10012,6,65536,10000,1.5516074356807454e-10,0,0.9999999996071984,0,0.9999999997524192,0,0.0,0.0021721066536384177,0,0.5666434078420597,0,0.567876853923593,0,0.0,0.9999999998802376,0,1.2393934062382428e-06,0.0,0.8518687789202872,0.07990740982215588,0.00013451498215277804,0.3955420912778686,0.48942117909341964
10012,8,16,10000,0.9979734864290392,0,0.0016163259194964474,0,0.8560061095371987,0,0.0,0.13994993344538778,0,0.43009371028256527,0,0.5000798516193001,0,0.0002,0.8560061095361258,0,0.06285817104175873,0.0005,0.8506970179553479,3.512204224054294e-05,1.3177338165082376e-09,0.01525204073781967,0.21938661101830348
10012,8,64,10000,0.9919271484881153,0,0.006443996486723365,0,0.8646398500507549,0,0.0,0.07038608952980374,0,0.4649451157472324,0,0.5001486205923542,0,0.0002,0.8646398500507527,0,0.010226592094390141,0.0002,0.8506970179553479,0.00013397999944558814,5.038395395340345e-09,0.048799323178463146,0.2941540794966966
10012,8,256,10000,0.9682494878718245,0,0.0253796302319018,0,0.8798350491710485,0,0.0,0.035244628165581104,0,0.4826544110524281,0,0.5002868339350511,0,0.0002,0.8798350491710498,0,0.003808495624908148,0.0002,0.8506970179553479,0.00051468504267288,1.9921039962067512e-08,0.11146671010810047,0.40607479551351544
10012,8,1024,10000,0.8802267712051364,0,0.09516678792109823,0,0.9051670395086303,0,0.0,0.017628756418118237,0,0.4917392740165703,0,0.5005635870816508,0,0.0002,0.9051670395086305,0,0.0009002182199869813,0.0,0.8506970179553479,0.0019023984515457726,7.937428741500166e-08,0.18620590733820233,0.42038830873675614
10012,8,4096,10000,0.6138188453103728,0,0.30312829593869584,0,0.9354075658702818,0,0.0,0.00881515990486444,0,0.4966998241650431,0,0.501117252559538,0,0.0002,0.9354075658702841,0,0.00010664598232668077,0.0,0.8506970179553479,0.0060358724849340906,3.145536206061728e-07,0.253028073999482,0.46029680648969895
10012,8,16384,10000,0.22516472927819992,0,0.6024929962689262,0,0.9671069917463075,0,0.0,0.004407630277839128,0,0.5000110349750149,0,0.5022246552165268,0,0.0002,0.96710699172021,0,1.551143640854402e-05,0.0,0.8506970179553479,0.0166116305631529,1.2263635025100421e-06,0.3117952857438445,0.47501636425250116
10012,8,65536,10000,0.039829151174062064,0,0.9019618162084351,0,0.9926234850022668,0,0.0,0.0022037259967046274,0,0.5033277938750248,0,0.5044394399337615,0,0.0002,0.9926234850022668,0,7.911784384528886e-06,0.0,0.8506970179553479,0.03272110551177848,4.493102039759834e-06,0.3521818830871852,0.48324785966482786
10012,10,16,10000,0.9998914713962539,0,8.765091273508376e-05,0,0.8533855133426285,2,0.0,0.13994993408987363,0,0.4300289059685865,0,0.5000045032396835,0,0.001,0.8533855133549598,0,0.14304923751540444,0.0017003400680136026,0.8516065670323201,1.9305700365013223e-06,3.272655479946707e-11,0.0027071872595358466,0.17916713474515344
10012,10,64,10000,0.9995659866358928,0,0.00035052883895859987,0,0.857105251065463,1,0.0,0.07038609216200106,0,0.464814745454929,0,0.5000083814726165,0,0.001,0.8571146266706701,0,0.15940340528739805,0.001000100010001,0.8516065670323201,7.381312838117271e-06,1.251298509252763e-10,0.009729886121306527,0.28186484454940497
10012,10,256,10000,0.998265561953293,0,0.0014009194245916813,0,0.862470859555871,1,0.0,0.03524463546446355,0,0.4823932881806046,0,0.5000161760284076,0,0.001,0.8624865325319978,0,0.016546262430255143,0.0007000700070007,0.8516065670323201,2.9180170220521884e-05,4.947456000437002e-10,0.03422421605439086,0.3500023933675199
10012,10,1024,10000,0.9930880047507902,0,0.005583172296508393,0,0.874780739459722,1,0.0,0.01762877235548023,0,0.4912168370775546,0,0.5000317835581735,0,0.001,0.874807114414465,0,0.011255257139249464,0.00040004000400040005,0.8516065670323201,0.00011445228694106913,1.9732053657683937e-09,0.08768865352520448,0.41433253491392674
10012,10,4096,10000,0.9727584599610761,0,0.022018661710312293,0,0.8942514848849512,0,0.0,0.00881519311636253,0,0.49565485567219725,0,0.5000630076531514,0,0.001,0.8942514848849518,0,0.01868888706708638,0.0002,0.8516065670323201,0.0004441759269144807,7.887047798194048e-09,0.16279373856664087,0.4325124378241144
10012,10,16384,10000,0.8963544722285005,0,0.08359523545979998,0,0.9161475445168008,0,0.0,0.004407697280436947,0,0.49792105866871084,0,0.5001254602983844,0,0.001,0.9161475445171808,0,0.01868888706708638,0.0001,0.8516065670323201,0.0016347319814557504,3.137269671826817e-08,0.22638964175408743,0.46801377100160924
10012,10,65536,10000,0.6582852248256965,0,0.2741813238981563,0,0.9449202876351985,0,0.0,0.0022038609275204053,0,0.49914788543072164,0,0.5002503676685226,0,0.001,0.9449202876349796,0,0.01868888706708638,0.0001,0.8516065670323201,0.005269808887425453,1.2326957481434423e-07,0.2810908518167862,0.4750224285417387
10012,12,16,10000,0.9999929561477376,0,5.843332072778726e-06,0,0.8571872371962881,8,0.0,0.13994993409141346,0,0.43002528362086523,0,0.5000002914557926,0,0.0029,0.857187237196295,0,0.3018925699408238,0.005304243394715772,0.8567767619057935,1.2159586870730266e-07,8.588685318500214e-13,0.0004418205506845739,0.09998436795637078
10012,12,64,10000,0.9999718249783274,0,2.3373102348553116e-05,0,0.8576611814871057,3,0.0,0.07038609216998594,0,0.4648074581936656,0,0.5000005424603119,0,0.0029,0.8576498455246697,0,0.46479388497361207,0.003200960288086426,0.8567767619057935,4.649256269417812e-07,3.282346616728661e-12,0.0016862905449140692,0.22027990501928596
10012,12,256,10000,0.999887306111019,0,9.348879444046591e-05,0,0.860354294852844,1,0.0,0.03524463548575534,0,0.4823786922928448,0,0.5000010469345373,0,0.0029,0.8603875437748606,0,0.23450045543604459,0.002000200020002,0.8567767619057935,1.8382483139012251e-06,1.2977219299159519e-11,0.00658616266072143,0.2830693640297012
10012,12,1024,10000,0.999549323586982,0,0.0003738973465786389,0,0.8651960013265935,1,0.0,0.017628772404658963,0,0.4911876346086155,0,0.5000020570746352,0,0.0029,0.865225843173832,0,0.15662288104337274,0.0014001400140014,0.8567767619057935,7.331597481230467e-06,5.17551612677636e-11,0.023141343170527552,0.36356785248449996
10012,12,4096,10000,0.9981988793268015,0,0.001494664604175652,0,0.8738594899671595,1,0.0,0.008815193220156,0,0.49559644537671643,0,0.5000040779345654,0,0.0029,0.8738959199472986,0,0.03603643355692698,0.0008000800080008001,0.8567767619057935,2.9297788155691062e-05,2.0686855006779586e-10,0.06319697448666815,0.4209191702211377
10012,12,16384,10000,0.9928207935136969,0,0.005963894915436668,0,0.8860015840825289,0,0.0,0.004407697492421994,0,0.49780423541979923,0,0.5000081199563158,0,0.0029,0.8860544000044412,0,0.4023538166301768,0.0004,0.8567767619057935,0.0001152822760972505,8.2731940187486e-10,0.12141082515667795,0.45791404958179427
10012,12,65536,10000,0.9716823111912201,0,0.023554628668758758,0,0.9032591588014793,0,0.0,0.0022038613548242894,0,0.4989142378845174,0,0.5000162042739014,0,0.0029,0.9032591588014802,0,0.1333716470800882,0.0002,0.8567767619057935,0.00043833812427485075,3.3091266393725513e-09,0.18544224875698334,0.46801292683640394
10012,14,16,10000,0.9999995467343783,0,3.6444599615936824e-07,0,0.8556910084266541,31,0.0,0.13994993409141904,0,0.4300250484128526,0,0.500000017974029,0,0.0108,0.8557425062242254,0,0.48822914620323277,0.013742602066405858,0.8556348066030971,7.661229428634897e-09,1.9761969838327786e-14,4.645077598146556e-05,0.04362860677246039
10012,14,64,10000,0.9999981869389183,0,1.4577823625461228e-06,0,0.8558297344305325,19,0.0,0.07038609217001394,0,0.46480698501376694,0,0.5000000334534328,0,0.0108,0.8557804090289942,0,0.4390771846690127,0.009417893998597335,0.8556348066030971,2.929293574371883e-08,7.593370376923759e-14,0.0001774040613141014,0.11547057054179055
10012,14,256,10000,0.9999927477781534,0,5.83110349916538e-06,0,0.8563759431812105,13,0.0,0.03524463548583555,0,0.48237774454581184,0,0.5000000645642763,0,0.0108,0.8563272054576769,0,0.5072083670852369,0.007009111845399018,0.8556348066030971,1.1581974812546747e-07,2.9972690995805354e-13,0.0006927083944845531,0.23279235201482118
10012,14,1024,10000,0.9999709914722927,0,2.3323998787461164e-05,0,0.8579662734824803,9,0.0,0.017628772404860656,0,0.4911857384206806,0,0.5000001268594891,0,0.0108,0.8579709229545176,0,0.20231545970360643,0.003903513161845661,0.8556348066030971,4.619268151317968e-07,1.1953049661173055e-12,0.002761748093651503,0.35455168406867055
10012,14,4096,10000,0.9998839716437806,0,9.328935233154922e-05,0,0.8617577080373156,7,0.0,0.008815193220585776,0,0.49559265265890395,0,0.5000002514860968,0,0.0108,0.8617483689600381,0,0.08836890243240914,0.003002101471029721,0.8556348066030971,1.8463521487821488e-06,4.7780501777339175e-12,0.01041034657717832,0.39782336946557006
10012,14,16384,10000,0.999535978632245,0,0.00037305115820979173,0,0.8676559061766921,3,0.0,0.004407697493316134,0,0.497796649803027,0,0.5000005007568701,0,0.0108,0.8676474435379882,0,0.45015272340036216,0.002100630189056717,0.8556348066030971,7.350405936024096e-06,1.910901992197012e-11,0.03281038975085238,0.46616544018431216
10012,14,65536,10000,0.9981453863793681,0,0.0014905067870771838,0,0.8769668509056627,2,0.0,0.002203861356626744,0,0.49889906642746396,0,0.500000999308112,0,0.0108,0.8769668509057451,0,0.08946206694080261,0.001300260052010402,0.8556348066030971,2.9149744602052774e-05,7.643212174279769e-11,0.07782806173178675,0.47479156607244366
10012,16,16,10000,0.9999999683994291,0,2.5291339247790592e-08,0,0.8558286670026246,102,0.0,0.13994993409141915,0,0.43002503408243353,0,0.5000000013117181,0,0.0288,0.8561029849729552,0,0.5036461185720987,0.03222873307738937,0.8560729711599832,4.924939345229973e-10,6.661338147750939e-16,9.014644578958467e-06,0.011710648927360845
10012,16,64,10000,0.9999998735977238,0,1.0116534871687103e-07,0,0.856188550021281,73,0.0,0.07038609217001476,0,0.46480695618453904,0,0.5000000024413862,0,0.0288,0.8561484534593924,0,0.4224554712573545,0.02468016520600383,0.8560729711599832,1.88306514825598e-09,2.3314683517128287e-15,3.446835319401138e-05,0.042950995591581775
10012,16,256,10000,0.9999994943910158,0,4.0466126125761426e-07,0,0.8563262168019369,47,0.0,0.03524463548583746,0,0.48237768680279913,0,0.5000000047117845,0,0.0288,0.8563401868466923,0,0.4651466159091896,0.018788305033658192,0.8560729711599832,7.445351557500146e-09,8.321121569565553e-15,0.00013629193038882043,0.1233550300622549
10012,16,1024,10000,0.9999979775659904,0,1.6186429050545067e-06,0,0.8569538633963907,34,0.0,0.01762877240486194,0,0.49118562289241696,0,0.500000009258057,0,0.0288,0.8569923414275413,0,0.4502247288596737,0.012944009632751354,0.8560729711599832,2.969449441891925e-08,3.2746028111319e-14,0.0005436601459678156,0.21121636859844317
10012,16,4096,10000,0.9999919102947996,0,6.474537384365443e-06,0,0.858379709447598,21,0.0,0.008815193220588243,0,0.49559242157832006,0,0.5000000183503754,0,0.0288,0.8584126228346678,0,0.3838277272483719,0.009219360657380498,0.8560729711599832,1.1869103483386212e-07,1.3028467193976217e-13,0.0021234097427933686,0.3347063805488941
10012,16,16384,10000,0.999967641672606,0,2.58976017752576e-05,0,0.8620166348181133,16,0.0,0.0044076974933213,0,0.4977961876364373,0,0.5000000365441749,0,0.0288,0.8619885520310097,0,0.4717156907835962,0.006209935897435897,0.8560729711599832,4.7467670916123694e-07,5.211664433346643e-13,0.008140662492234784,0.433671437783676
10012,16,65536,10000,0.999870574584493,0,0.00010358164369024696,0,0.8660645311115577,11,0.0,0.0022038613566379736,0,0.49889814211051237,0,0.5000000729496045,0,0.0288,0.8659108345837041,0,0.3663431079187537,0.0038041846030633696,0.8560729711599832,1.893961286469903e-06,2.084038497329744e-12,0.026915947978348842,0.450116840269319
10012,18,16,10000,0.9999999980331948,0,1.5032486608493908e-09,0,0.8496827005140042,236,0.0,0.13994993409141915,0,0.4300250330174654,0,0.500000000073455,0,0.0599,0.8496001105642519,0,0.5885544222925031,0.06452273658336748,0.8496001090786653,2.9611868512802175e-11,0.0,1.3012828830594153e-06,0.015412883012579925
10012,18,64,10000,0.9999999921327793,0,6.012994626988398e-09,0,0.8499193606322215,174,0.0,0.07038609217001514,0,0.4648069540420815,0,0.500000000136712,0,0.0599,0.8496829186694709,0,0.5061933079505108,0.04935884388357419,0.8496001090786653,1.1322037751781977e-10,2.220446049250313e-16,4.9754241681076895e-06,0.055020626729646804
10012,18,256,10000,0.9999999685311176,0,2.405197824540688e-08,0,0.8497337635506229,120,0.0,0.03524463548583848,0,0.4823776825116607,0,0.5000000002638814,0,0.0599,0.8496829640939914,0,0.5669632263838525,0.037044534412955465,0.8496001090786653,4.476561343835783e-10,4.440892098500626e-16,1.9670966991469597e-05,0.13844053509892829
10012,18,1024,10000,0.9999998741244778,0,9.620790878088012e-08,0,0.8502834851998092,87,0.0,0.0176287724048623,0,0.4911856143069053,0,0.500000000518477,0,0.0599,0.849934888607119,0,0.5986089890805497,0.029456269545041863,0.8496001090786653,1.7853981071347391e-09,1.3267165144270671e-15,7.843677125998188e-05,0.17502766495688593
10012,18,4096,10000,0.9999994964980294,0,3.848315679115728e-07,0,0.8506583714638976,65,0.0,0.008815193220588994,0,0.4955924044111788,0,0.5000000010305574,0,0.0599,0.850601076601644,0,0.47874384042744633,0.020130850528434826,0.8496001090786653,7.136365220983265e-09,3.880229471064927e-15,0.00031273625686000195,0.24020464461369662
10012,18,16384,10000,0.9999979859940094,0,1.5393251962558632e-06,0,0.8521841907211832,47,0.0,0.0044076974933224934,0,0.4977961532937074,0,0.5000000020494033,0,0.0599,0.8522352966991091,0,0.4525931090670072,0.013965638500954487,0.8496001090786653,2.8540235397223057e-08,1.5426548927166555e-14,0.0012482000068679852,0.30715451486911804
10012,18,65536,10000,0.9999919440063033,0,6.157283578822441e-06,0,0.8533643714987553,38,0.0,0.0022038613566400258,0,0.49889807342115194,0,0.5000000041085293,0,0.0599,0.8534192694062699,0,0.3579249674266888,0.009636619152780567,0.8496001090786653,1.1415571277151315e-07,6.258882301324323e-14,0.00467230787935452,0.3710024178920547
10012,20,16,10000,0.9999999998657391,0,1.0663758496456134e-10,0,0.8599500086804139,506,0.0,0.13994993409141926,0,0.43002503295878747,0,0.5000000000052289,0,0.1143,0.8582748232155559,0,0.6110079401685409,0.1068042974510217,0.8582748219187143,2.1981305664553474e-12,-1.1102230246251565e-16,1.507456152405326e-07,0.000756423104488424
10012,20,64,10000,0.9999999994629564,0,4.2655022875740125e-10,0,0.8590784119425086,387,0.0,0.07038609217001539,0,0.46480695392404053,0,0.5000000000097329,0,0.1143,0.8582748268772266,0,0.5555324587301251,0.08717361905752627,0.8582748219187143,8.406275675554298e-12,0.0,5.763807800818189e-07,0.0028903518011413887
10012,20,256,10000,0.9999999978518255,0,1.706201024795241e-09,0,0.8590512903401257,291,0.0,0.03524463548583884,0,0.48237768227523864,0,0.5000000000188216,0,0.1143,0.8582748415239094,0,0.6631145188629645,0.06890513956123184,0.8582748219187143,3.32379679335304e-11,0.0,2.2789286203195275e-06,0.011380860426948303
10012,20,1024,10000,0.9999999914073019,0,6.8248041900966045e-09,0,0.8589316195915115,209,0.0,0.01762877240486241,0,0.4911856138339623,0,0.5000000000370466,0,0.1143,0.8582749001106311,0,0.5863094161229939,0.05331426820549484,0.8582748219187143,1.325631271420491e-10,1.1102230246251565e-16,9.089234859166448e-06,0.043678094161366365
10012,20,4096,10000,0.9999999656292082,0,2.729921610561286e-08,0,0.8591188776255202,145,0.0,0.008815193220589355,0,0.49559240346339306,0,0.5000000000743426,0,0.1143,0.8585536020314419,0,0.6320535726565658,0.039878234398782346,0.8582748219187143,5.298651517549047e-10,2.220446049250313e-16,3.633229490627717e-05,0.12771464568111013
10012,20,16384,10000,0.9999998625168399,0,1.0919685688816736e-07,0,0.8591951899908059,108,0.0,0.004407697493323081,0,0.49779615140171496,0,0.5000000001490321,0,0.1143,0.8587596196101446,0,0.5071190136053536,0.030731904569348968,0.8582748219187143,2.1190733612286294e-09,7.771561172376096e-16,0.00014511202494364977,0.18866102468995805
10012,20,65536,10000,0.9999994500674741,0,4.367873076147703e-07,0,0.8598220254698802,77,0.0,0.002203861356641221,0,0.49889806963256517,0,0.5000000003115719,0,0.1143,0.8592791378193396,0,0.49971735632257774,0.02408545802680641,0.8582748219187143,8.475904200722084e-09,2.4424906541753444e-15,0.0005753643240762803,0.2616860362607686
10012,22,16,10000,0.9999999999929798,0,5.580353594541851e-12,0,0.857181433100807,999,0.0,0.1399499340914193,0,0.43002503295452343,0,0.5000000000002709,0,0.1946,0.8540252764128241,0,0.6197320228449786,0.1658704588379069,0.8540252764124807,1.067479438177088e-13,-2.220446049250313e-16,1.3286936972889369e-08,0.0014749991014980646
10012,22,64,10000,0.9999999999719194,0,2.232135886690601e-11,0,0.8571428571428571,804,0.0,0.07038609217001576,0,0.46480695391546245,0,0.5000000000005052,0,0.1946,0.8540252764137932,0,0.5990508260506872,0.137016093953893,0.8540252764124807,4.0811798385220754e-13,-2.220446049250313e-16,5.080298670634405e-08,0.005644698154764982
10012,22,256,10000,0.9999999998876776,0,8.928543546586111e-11,0,0.8571284967786112,623,0.0,0.03524463548583968,0,0.48237768225802313,0,0.500000000000975,0,0.1946,0.8540252764176697,0,0.5130824489230897,0.11026980910739043,0.8540252764124807,1.6144863224099026e-12,-1.1102230246251565e-16,2.008670736630685e-07,0.02225941514389529
10012,22,1024,10000,0.9999999995507103,0,3.571418528575413e-10,0,0.857011174130065,483,0.0,0.017628772404862377,0,0.49118561379953224,0,0.5000000000019993,0,0.1946,0.8540252764331756,0,0.5520933854906113,0.08836818325102448,0.8540252764124807,6.439015987069752e-12,-5.551115123120734e-18,8.011216280301413e-07,0.08170649890158976
10012,22,4096,10000,0.9999999982028411,0,1.4285672999565624e-09,0,0.8561688988694185,369,0.0,0.008815193220589355,0,0.4955924033966952,0,0.500000000007052,0,0.1946,0.8541559387482698,0,0.6203348034900762,0.07070916831066348,0.8540252764124807,2.5737356690314073e-11,0.0,3.2021111499302886e-06,0.19119521025030628
10012,22,16384,10000,0.9999999928113644,0,5.7142692481166766e-09,0,0.8562663675220139,304,0.0,0.004407697493323081,0,0.497796151262731,0,0.5000000000094333,0,0.1946,0.8541656988484643,0,0.5046642500742816,0.054146039603960396,0.8540252764124807,1.029297203025692e-10,0.0,1.2805610054311651e-05,0.2398318354363309
10012,22,65536,10000,0.999999971245458,0,2.2857076377334535e-08,0,0.8563813413347576,220,0.0,0.002203861356641258,0,0.49889806944906784,0,0.5000000001276688,0,0.1946,0.8543969741463584,0,0.6265214647651459,0.04447852760736196,0.8540252764124807,4.1169984088540446e-10,1.1102230246251565e-16,5.094115026601489e-05,0.2410007812356294
10012,24,16,10000,0.999999999999573,0,3.4679372937537337e-13,0,0.8517783227551966,1653,0.0,0.13994993409141934,0,0.4300250329543054,0,0.5000000000000173,0,0.2867,0.8493827444083791,0,0.6087244111509128,0.23289804720258775,0.8493827444083737,7.327471962526033e-15,-4.440892098500626e-16,2.125297393629207e-09,7.272995189200326e-05
10012,24,64,10000,0.9999999999982923,0,1.387285939803593e-12,0,0.8508304606706362,1343,0.0,0.07038609217001596,0,0.4648069539150231,0,0.5000000000000328,0,0.2867,0.8493827444083935,0,0.647984501816601,0.1947556890377729,0.8493827444083737,2.7755575615628914e-14,-3.3306690738754696e-16,8.126135853103718e-09,0.00027813600726223076
10012,24,256,10000,0.9999999999931691,0,5.549088248057292e-12,0,0.8504157151196683,1085,0.0,0.03524463548583982,0,0.4823776822571552,0,0.5000000000000785,0,0.2867,0.8493827444084502,0,0.6410706933216317,0.16074032529444757,0.8493827444083737,1.0946799022804043e-13,-2.220446049250313e-16,3.21294916505454e-08,0.0011004905323240832
10012,24,1024,10000,0.9999999999726765,0,2.2196408503286934e-11,0,0.8502508518963036,877,0.0,0.017628772404862176,0,0.4911856137980571,0,0.5000000000004973,0,0.2867,0.8493827444086776,0,0.5808771017860421,0.13164529211882056,0.8493827444083737,4.3653969328261155e-13,-1.1102230246251565e-16,1.2814294554352987e-07,0.004400257905152305
10012,24,4096,10000,0.9999999998907063,0,8.878546747819872e-11,0,0.849970838028433,688,0.0,0.008815193220589355,0,0.495592403395798,0,0.5000000000061467,0,0.2867,0.8494303039272643,0,0.6355598240229741,0.10835481099656358,0.8493827444083737,1.7456591727693649e-12,-1.1102230246251565e-16,5.121972029675782e-07,0.017682221951405896
10012,24,16384,10000,0.999999999562825,0,3.551418698888672e-10,0,0.8501505240285196,543,0.0,0.004407697493323081,0,0.49779615125882404,0,0.5000000000055098,0,0.2867,0.8494303039495427,0,0.5362052293514233,0.09072644601882204,0.8493827444083737,6.9817485126577594e-12,0.0,2.0484213087479347e-06,0.06804396091544418
10012,24,65536,10000,0.9999999982513001,0,1.4205674791726404e-09,0,0.8499280067964989,406,0.0,0.002203861356641258,0,0.49889806932167935,0,0.5,0,0.2867,0.849521401813206,0,0.6467757367189885,0.07629768605378362,0.8493827444083737,2.792666098372365e-11,0.0,8.193430925251806e-06,0.1844194976357385
10013,2,16,10000,0.044457027837093696,0,0.9332507946588275,0,0.9904768087069241,0,0.0,0.11733541208343298,0,0.6828461604137335,0,0.7746648445606261,0,0.0,0.990476808706924,0,6.894262938317297e-11,0.0,0.8538922649540311,0.06120990302429691,0.00034404771657811086,0.2787010232327127,0.32284713363936024
10013,2,64,10000,0.0001714765981656836,0,0.9997248503235787,0,0.9999434840728871,0,0.0,0.031008438669609686,0,0.8893049051202453,0,0.9177758997495575,0,0.0,0.9999434840728871,0,1.7212786751485964e-11,0.0,0.8538922649540311,0.08965925624224746,0.0006365530284384692,0.3456267899742398,0.3939198732389264
10013,2,256,10000,2.7345838924093116e-13,0,0.9999999999994579,0,0.9999999999996643,0,0.0,0.0011639647585665902,0,0.9950460550244435,0,0.9962564207166845,0,0.0,0.9999999999998979,0,3.4944269700076802e-12,0.0,0.8538922649540311,0.11372945646260174,0.0009617776369636401,0.3907055321131342,0.43977690887155607
10013,2,1024,10000,8.014318814995751e-48,0,1.0,0,1.0,0,0.0,1.9122483695205192e-08,0,0.9999999147323788,0,0.9999999346749693,0,0.0,1.0,0,2.897793116574121e-12,0.0,0.8538922649540311,0.12917880629550044,0.0012608610852383572,0.4168787729370632,0.4669701908454149
10013,2,4096,10000,1.8630565091859106e-211,0,1.0,0,1.0,0,0.0,1.0722470878423676e-26,0,0.9999999999995371,0,0.9999999999995531,0,0.0,1.0,0,1.4492296251944481e-11,0.0,0.8538922649540311,0.13587415566205774,0.0014521315345663477,0.4337373961850754,0.48215743425183377
10013,2,16384,10000,0.0,0,1.0,0,1.0,0,0.0,8.776266830706988e-102,0,1.0,0,1.0,0,0.0,1.0,0,7.459621809147166e-11,0.0,0.8538922649540311,0.14057340118302541,0.0016198715367893206,0.4440446475290491,0.4904454560438991
10013,2,65536,10000,0.0,0,1.0,0,1.0,0,0.0,0.0,0,0.9999999999687232,0,0.9999999999688682,0,0.0,1.0,0,3.8624659026709196e-10,0.0,0.8538922649540311,0.1430645672828343,0.0016409765393718856,0.44998312720790845,0.4949733138182677
10013,4,16,10000,0.608100716716999,0,0.31442625219238163,0,0.9117130263451151,0,0.0,0.13987018558238795,0,0.44860458607195,0,0.521591212717033,0,0.0,0.9117130263451152,0,9.976137116396444e-08,0.0,0.85311564947725,0.007963913531628009,5.167979961911985e-06,0.16759074332342766,0.3129741845633429
10013,4,64,10000,0.21710549247887898,0,0.6211632644152248,0,0.9542867068741396,0,0.0,0.07012877078743007,0,0.5022596093715503,0,0.540135119282178,0,0.0,0.9542867068741414,0,8.325798384056782e-09,0.0,0.85311564947725,0.022021335185495428,1.8654840806520136e-05,0.24791039166940407,0.38708604594844476
10013,4,256,10000,0.039687181918779166,0,0.911861500255706,0,0.9894335786246893,0,0.0,0.034664296197568,0,0.5570688363337393,0,0.5770964090897418,0,0.0,0.9894335786246893,0,3.948866678094021e-09,0.0,0.85311564947725,0.04520018023512151,6.524866341455775e-05,0.31512512495137274,0.43545869019444317
10013,4,1024,10000,0.00039719728980534895,0,0.9991156271810608,0,0.9998399962483837,0,0.0,0.01644416117510259,0,0.6381208056282275,0,0.648780559459829,0,0.0,0.9998399962483863,0,3.4240299484622483e-10,0.0,0.85311564947725,0.07022230767266158,0.00017822048409071316,0.3621990311706826,0.46335284287133294
10013,4,4096,10000,1.7961443768931056e-11,0,0.9999999999657452,0,0.999999999990384,0,0.0,0.006651872189110502,0,0.7703376540808908,0,0.7754945434229931,0,0.0,0.9999999999905833,0,3.9496506065717085e-10,0.0,0.85311564947725,0.09300856332456336,0.00039248877044935636,0.39115240837120024,0.4791783987518703
10013,4,16384,10000,4.052376655329705e-40,0,1.0,0,1.0,0,0.0,0.0014286762352528335,0,0.9327328879949162,0,0.9340656923350572,0,0.0,1.0,0,1.0359646474000783e-10,0.0,0.85311564947725,0.11067857328773856,0.0006653059873224899,0.4143955143050015,0.4883152330252164
10013,4,65536,10000,3.1335110338951635e-171,0,0.9999999999996629,0,0.9999999999998439,0,0.0,2.419706609959879e-05,0,0.9986553482591405,0,0.9986795133730372,0,0.0,1.0,0,3.7131875352258703e-10,0.0,0.85311564947725,0.12517874934529738,0.0009479971398129569,0.43037936718290704,0.49170146764814504
10013,6,16,10000,0.9684403167523599,0,0.025047802903426453,0,0.8728578172014387,0,0.0,0.13994972583718895,0,0.4311041949715143,0,0.5012553910357128,0,0.0,0.8728578172003159,0,0.00016879893068832974,0.0,0.8557553209310584,0.0005197886894501846,6.582356718576322e-08,0.06444026215021315,0.3119550273035937
10013,6,64,10000,0.8814454499345858,0,0.09489598067945736,0,0.8937268583285808,0,0.0,0.07038535384297409,0,0.46697944394029645,0,0.502336535357698,0,0.0,0.8937268583285811,0,3.0617193451099034e-05,0.0,0.8557553209310584,0.001877734545684684,2.5101622483925114e-07,0.13515227371085126,0.3804177371451881
10013,6,256,10000,0.6210494602562666,0,0.3013943722959207,0,0.9271156351569712,0,0.0,0.03524282403494343,0,0.4867291345002129,0,0.5045093813589281,0,0.0,0.9271156351560099,0,1.924838108091631e-05,0.0,0.8557553209310584,0.006289208903066945,9.862482414912943e-07,0.21281712984292062,0.42052501175272716
10013,6,1024,10000,0.22840385754602657,0,0.5986260670607019,0,0.9632406060587893,0,0.0,0.017624762138232802,0,0.49989127098919106,0,0.5088597361764725,0,0.0,0.9632406060587891,0,5.683441727688532e-06,0.0,0.8557553209310584,0.017104001343144604,3.921320292460396e-06,0.2814153766576527,0.44892757197909694
10013,6,4096,10000,0.042615686010765735,0,0.8962745173162199,0,0.9910590172413345,0,0.0,0.008806892178976641,0,0.5130012084339468,0,0.517559264899364,0,0.0,0.9910590172413828,0,5.497030071133224e-07,0.0,0.8557553209310584,0.03466245906658144,1.4354439916564043e-05,0.3320055660328445,0.4700111644525127
10013,6,16384,10000,0.0006334055767837907,0,0.9987230010500016,0,0.9998014247353946,0,0.0,0.00439102181055328,0,0.532581453676851,0,0.5349303075808123,0,0.0,0.9998014247353929,0,2.2939998389759353e-07,0.0,0.8557553209310584,0.056558911231090025,4.617943762886823e-05,0.3676572383398211,0.48272729652907864
10013,6,65536,10000,7.552977365197255e-11,0,0.9999999997097977,0,0.9999999998124087,0,0.0,0.00217054233059735,0,0.5682052102976713,0,0.5694412065412109,0,0.0,0.9999999999477054,0,3.4485914013338004e-08,0.0,0.8557553209310584,0.07664508595515668,0.00013598765078536306,0.3935106208504985,0.48896171680156275
10013,8,16,10000,0.9978714227660308,0,0.001696778709199502,0,0.8527745904954926,0,0.0,0.13994993338848066,0,0.4300981961426117,0,0.500085196022669,0,0.0001,0.8527745904952544,0,0.0045565885478491275,0.0003,0.8469889015724255,3.728849240608456e-05,1.0277898254695832e-09,0.015633126911154777,0.22246357381009607
10013,8,64,10000,0.9915177524572771,0,0.006762754382341323,0,0.8608328525040205,0,0.0,0.07038608909470612,0,0.46495436299141457,0,0.5001585676463076,0,0.0001,0.8608328525041178,0,0.003124062130765659,0.0001,0.8469889015724255,0.00014092882885330393,3.929784669898242e-09,0.050437666270297284,0.3488014364533667
10013,8,256,10000,0.966581692142565,0,0.026614315446894833,0,0.877075928343251,0,0.0,0.035244627292441134,0,0.48267293260121635,0,0.5003060314915917,0,0.0001,0.8770759283431822,0,0.000879781559174897,0.0,0.8469889015724255,0.0005442350538523155,1.5537764003203953e-08,0.11516533708044922,0.40172528438513533
10013,8,1024,10000,0.8743630058560681,0,0.09984479680940125,0,0.9017342155691923,0,0.0,0.017628754505635558,0,0.4917763306297225,0,0.5006013074746776,0,0.0001,0.9017342155691928,0,0.00012454205398526597,0.0,0.8469889015724255,0.0020017165275959536,6.196968279637008e-08,0.19330074389982446,0.43476326839755863
10013,8,4096,10000,0.6020045711791976,0,0.3171502256182597,0,0.9349705290099306,0,0.0,0.008815155585694057,0,0.4967739439313161,0,0.5011920291344878,0,0.0001,0.9349705290099309,0,1.7917340736195442e-05,0.0,0.8469889015724255,0.006536983253106032,2.4225620992024414e-07,0.2601667404265047,0.4478636717274973
10013,8,16384,10000,0.21535639386305408,0,0.6134653826013355,0,0.9671665441057472,0,0.0,0.004407620868761747,0,0.5001592760709409,0,0.5023735478532408,0,0.0001,0.9671665441057857,0,1.17958868650625e-05,0.0,0.8469889015724255,0.017101266452294595,9.404706553306501e-07,0.3137560393057642,0.46630777982319493
10013,8,65536,10000,0.03750128428494163,0,0.906979468028561,0,0.9922181667822121,0,0.0,0.002203707473648655,0,0.5036242632241383,0,0.5047365545552166,0,0.0001,0.9922181667822134,0,2.3005383855689843e-06,0.0,0.8469889015724255,0.03413314360604308,3.5705786281370336e-06,0.3537113563970736,0.4827032802380131
10013,10,16,10000,0.9998718852709232,0,0.00010316365848830243,0,0.8557911333664362,4,0.0,0.13994993408923995,0,0.4300294376898058,0,0.5000051214845099,0,0.0009,0.8557172341291497,0,0.018767794979375085,0.0012004801920768306,0.8545407778856271,2.1284717633407446e-06,3.2948110906261297e-11,0.0025727101562352172,0.16721228828810797
10013,10,64,10000,0.999487651116645,0,0.00041255118753029597,0,0.8587228611140469,3,0.0,0.07038609215976045,0,0.4648158151473738,0,0.500009532155798,0,0.0009,0.8586620770873112,0,0.029599332570570125,0.0007002100630189057,0.8545407778856271,8.138282286573872e-06,1.259780280093993e-10,0.00963508850605308,0.2617439556186918
10013,10,256,10000,0.9979523636296453,0,0.0016485512795040723,0,0.8656053445231293,2,0.0,0.035244635457892984,0,0.4823954307025917,0,0.5000183968176506,0,0.0009,0.8656053445233065,0,0.1263046712350122,0.00040008001600320064,0.8545407778856271,3.215370207287904e-05,4.98097912915441e-10,0.0315644515204704,0.35771152725042477
10013,10,1024,10000,0.9918401200009834,0,0.00657099894630711,0,0.8755828532909676,1,0.0,0.017628772341362217,0,0.49122112369049187,0,0.5000361470869961,0,0.0009,0.8755995792656182,0,0.29225706800780943,0.00030003000300030005,0.8545407778856271,0.00012767328173518555,1.9865771139215857e-09,0.08312926317684821,0.38281038215802343
10013,10,4096,10000,0.9678695403785464,0,0.025932181090800747,0,0.8929321651248135,1,0.0,0.008815193083413025,0,0.4956634296728122,0,0.500071657891513,0,0.0009,0.8929206011855457,0,0.1590212186328528,0.00030003000300030005,0.8545407778856271,0.00048704559092038746,7.940490220903492e-09,0.1526958134305103,0.4104683785365356
10013,10,16384,10000,0.8789558338305878,0,0.09731917964722067,0,0.9157224777546485,1,0.0,0.004407697216159962,0,0.49793820707617653,0,0.500142684593659,0,0.0009,0.9157146286815855,0,0.021490096023413785,0.00030003000300030005,0.8545407778856271,0.001801257243913501,3.175608168648484e-08,0.21485264412905172,0.46658385412553194
10013,10,65536,10000,0.61472087818243,0,0.3072973713188041,0,0.9441630843178743,1,0.0,0.0022038607991630814,0,0.49918218271283676,0,0.5002847406404758,0,0.0009,0.9441610738418427,0,0.002976115033025195,0.00010001000100010001,0.8545407778856271,0.00553782597880309,1.270174797118885e-07,0.27223064286188325,0.47204829853187935
10013,12,16,10000,0.9999912337433401,0,7.044883745080641e-06,0,0.8563410507001921,12,0.0,0.13994993409141013,0,0.4300253385703965,0,0.500000355346855,0,0.0041,0.8561573048543109,0,0.3100158726119113,0.0045054064877853425,0.8555977116346336,1.4204030412967583e-07,6.376066341573507e-13,0.00044670669673347224,0.08991561194783859
10013,12,64,10000,0.9999649356071789,0,2.8179214247307835e-05,0,0.8572124751193748,6,0.0,0.0703860921699703,0,0.4648075687383863,0,0.5000006613749501,0,0.0041,0.8571181678192403,0,0.3295911624681951,0.0034020412247348407,0.8555977116346336,5.430941818485024e-07,2.4381330288036915e-12,0.0017013600605386193,0.20039065499596054
10013,12,256,10000,0.9998597525691331,0,0.00011271172546991056,0,0.8598518901732222,6,0.0,0.03524463548571189,0,0.4823789137063791,0,0.5000012764367621,0,0.0041,0.8596220644532224,0,0.07012237731220572,0.002301380828497098,0.8555977116346336,2.147293469090261e-06,9.640183096237823e-12,0.006301433547776718,0.31095389273546037
10013,12,1024,10000,0.9994391724792506,0,0.00045076481087701195,0,0.8643454223876972,4,0.0,0.017628772404571773,0,0.49118807759879524,0,0.5000025080142715,0,0.0041,0.8643230239887552,0,0.13938361844360903,0.0015006002400960385,0.8555977116346336,8.544564660817322e-06,3.844813911690893e-11,0.023460764251648277,0.406212152220638
10013,12,4096,10000,0.9977592823501682,0,0.0018017466386150507,0,0.8738218047399297,3,0.0,0.008815193219951088,0,0.49559733144841006,0,0.5000049718865078,0,0.0041,0.87376373381083,0,0.1114276988940196,0.0008002400720216065,0.8555977116346336,3.3995102683037626e-05,1.5367966899049183e-10,0.06681539312089055,0.43047390289316245
10013,12,16384,10000,0.9910784291191619,0,0.007180007861647297,0,0.8878541065024805,2,0.0,0.00440769749200523,0,0.49780600758920024,0,0.5000098999712654,0,0.0041,0.8878012657492801,0,0.4536080570301452,0.00040008001600320064,0.8555977116346336,0.00013391916329258402,6.146063213918753e-10,0.12764165418665582,0.4324439603441318
10013,12,65536,10000,0.9649401824765815,0,0.028247719066480215,0,0.9060602410425431,2,0.0,0.0022038613539864613,0,0.49891778196912084,0,0.5000197561859887,0,0.0041,0.9059507306647188,0,0.04639194296985483,0.0003000600120024005,0.8555977116346336,0.0005060512603052847,2.4583123980903575e-09,0.1945796603059141,0.44941234099977456
10013,14,16,10000,0.9999994953272248,0,4.073769975170169e-07,0,0.850325278789909,44,0.0,0.13994993409141906,0,0.43002505038954464,0,0.5000000202723709,0,0.0111,0.8499034475764349,0,0.46170030172690235,0.013860988348734431,0.8495514599428632,8.268056794769052e-09,2.986499936241671e-14,6.290277026415038e-05,0.1046867058927835
10013,14,64,10000,0.9999979813106052,0,1.629506960261143e-06,0,0.8502425199797493,32,0.0,0.07038609217001392,0,0.4648069889903812,0,0.5000000377311362,0,0.0111,0.8500937162483478,0,0.265208445657546,0.009329855537720706,0.8495514599428632,3.1613158035792566e-08,1.1423639811880549e-13,0.0002392814468363695,0.22213238276272684
10013,14,256,10000,0.9999919252697196,0,6.518011363485027e-06,0,0.8510793463926216,23,0.0,0.03524463548583527,0,0.4823777525106596,0,0.5000000728200955,0,0.0111,0.8510762666463645,0,0.38920509819866267,0.006514984464267816,0.8495514599428632,1.249935667746449e-07,4.526101715640607e-13,0.0009409680304510471,0.2746579366401133
10013,14,1024,10000,0.9999677015156478,0,2.607178181348991e-05,0,0.8534185656164557,15,0.0,0.017628772404860577,0,0.4911857543566518,0,0.5000001430814319,0,0.0111,0.853300979992871,0,0.2959411998199649,0.004707060590886329,0.8495514599428632,4.985152722292163e-07,1.8072432439453224e-12,0.0036971248715534553,0.35355733046789206
10013,14,4096,10000,0.9998708130505676,0,0.00010428290915498909,0,0.856785137776165,13,0.0,0.008815193220585526,0,0.4955926845387696,0,0.500000283649487,0,0.0111,0.8567910945142367,0,0.36012851573694393,0.0038049464303594673,0.8495514599428632,1.9920710365162186e-06,7.2235883941118576e-12,0.01372117044735419,0.379625850167153
10013,14,16384,10000,0.9994833639880631,0,0.0004170641564251702,0,0.8626438558158791,8,0.0,0.004407697493315126,0,0.4977967135571123,0,0.5000005647932063,0,0.0111,0.8626995570923628,0,0.4896510155540643,0.002702161729383507,0.8495514599428632,7.94638831708161e-06,2.8892760406407096e-11,0.040587304864187046,0.4269254343749007
10013,14,65536,10000,0.9979352431292005,0,0.0016671775431610807,0,0.8736468428939743,6,0.0,0.002203861356625175,0,0.4988991937968171,0,0.5000011269587872,0,0.0111,0.8736572565171639,0,0.09686380764522007,0.0019011406844106464,0.8495514599428632,3.167656791308593e-05,1.155628370774764e-10,0.09198751000524721,0.45126880575531836
10013,16,16,10000,0.9999999673968114,0,2.5426073857470755e-08,0,0.8500172148266731,113,0.0,0.13994993409141915,0,0.4300250341015641,0,0.5000000013339616,0,0.0285,0.8497350309418146,0,0.4712958597206639,0.02832001618286639,0.8496632775763989,5.344503173354553e-10,9.936496070395202e-16,7.730621258117401e-06,0.02527887924464023
10013,16,64,10000,0.9999998695872554,0,1.0170428865752257e-07,0,0.849736971535288,76,0.0,0.07038609217001479,0,0.4648069562230243,0,0.5000000024827853,0,0.0285,0.8497369715350377,0,0.5355443519796802,0.021160822249093107,0.8496632775763989,2.0434861580653774e-09,3.2140956562898332e-15,2.9560400890421528e-05,0.08195085855108619
10013,16,256,10000,0.9999994783491704,0,4.068170486037914e-07,0,0.8497813780249267,57,0.0,0.0352446354858373,0,0.4823776868799211,0,0.5000000047917225,0,0.0285,0.8498209128621463,0,0.46496216759428766,0.016292869355325354,0.8496632775763989,8.07962252658001e-09,1.1879386363489175e-14,0.00011691106651943722,0.15192516980606652
10013,16,1024,10000,0.9999979133990671,0,1.6272664962180272e-06,0,0.8506118766883848,35,0.0,0.017628772404861985,0,0.4911856230461283,0,0.5000000094145267,0,0.0285,0.8504846050397901,0,0.488922508553974,0.012042147516307075,0.8496632775763989,3.2224059531849036e-08,4.729550084903167e-14,0.0004661186739118023,0.22444173337521778
10013,16,4096,10000,0.999991653634432,0,6.509038816271406e-06,0,0.8513393325986908,17,0.0,0.00881519322058825,0,0.49559242188680913,0,0.5000000186616091,0,0.0285,0.8512319127426371,0,0.44763292351129946,0.00951617750175298,0.8496632775763989,1.288000659460664e-07,1.8926527012297359e-13,0.0018138959202190785,0.32895216196671484
10013,16,16384,10000,0.9999666151483395,0,2.603572057341408e-05,0,0.854172830104304,15,0.0,0.004407697493321238,0,0.4977961882483227,0,0.5000000371587692,0,0.0285,0.8537249198747172,0,0.3216289129778953,0.007210816224336504,0.8496632775763989,5.1366305864331e-07,7.562894754897799e-13,0.006764906077367415,0.4067547553408932
10013,16,65536,10000,0.9998664703624767,0,0.00010413592771535418,0,0.8588431922758416,14,0.0,0.0022038613566379844,0,0.4988981434434372,0,0.5000000742854711,0,0.0285,0.8587541608852407,0,0.1783710870221047,0.004606449028640096,0.8496632775763989,2.0540881162101066e-06,3.022543326736127e-12,0.023734307135218964,0.4100531765403048
10013,18,16,10000,0.9999999978590175,0,1.7260222403224967e-09,0,0.8582130339816485,252,0.0,0.13994993409141915,0,0.4300250330287734,0,0.500000000086603,0,0.0608,0.8577937892381331,0,0.4784812532454391,0.0628846942962659,0.8577937610711366,3.555189476145415e-11,0.0,9.951105896355256e-07,0.00559561509946227
10013,18,64,10000,0.9999999914360701,0,6.904088940644956e-09,0,0.8582926012522998,192,0.0,0.07038609217001517,0,0.4648069540648377,0,0.5000000001611913,0,0.0608,0.8577938687684584,0,0.5824556227356961,0.04822593800978793,0.8577937610711366,1.3593370873365984e-10,1.1102230246251565e-16,3.8031590487264006e-06,0.021352511283382336
10013,18,256,10000,0.9999999657442806,0,2.7616355432259466e-08,0,0.8582124195507095,133,0.0,0.03524463548583848,0,0.4823776825571799,0,0.5000000003110617,0,0.0608,0.8577941868895,0,0.6367818784709581,0.03699199351373265,0.8577937610711366,5.374621858678097e-10,3.3306690738754696e-16,1.501060442543605e-05,0.07833420429832427
10013,18,1024,10000,0.9999998629771298,0,1.1046541644391176e-07,0,0.8581003860787798,100,0.0,0.0176287724048623,0,0.4911856143984701,0,0.5000000006116844,0,0.0608,0.8580238342600777,0,0.5310775043377798,0.02595959595959596,0.8577937610711366,2.1435749841813845e-09,1.4377388168895828e-15,5.941008601138546e-05,0.18772469750191512
10013,18,4096,10000,0.9999994519086326,0,4.418615812136445e-07,0,0.858210663138593,73,0.0,0.008815193220588994,0,0.49559240459137194,0,0.5000000012123547,0,0.0608,0.8583666859361251,0,0.3683182144833044,0.018736778482925355,0.8577937610711366,8.568026343969137e-09,4.546363285840021e-15,0.00023653367489208648,0.24014834877657
10013,18,16384,10000,0.9999978076363476,0,1.767444971863517e-06,0,0.8597891216095166,53,0.0,0.0044076974933224666,0,0.49779615365852004,0,0.5000000024158301,0,0.0608,0.8597702939817314,0,0.4531340645130263,0.01538152206695486,0.8577937610711366,3.4265824455648186e-08,1.7641443861293748e-14,0.0009450943704854926,0.29249549931525975
10013,18,65536,10000,0.9999912305744619,0,7.069758239659166e-06,0,0.8614485859220623,34,0.0,0.002203861356639975,0,0.49889807409084075,0,0.5000000047796977,0,0.0608,0.8614485825744188,0,0.46596753726259066,0.01063616295404375,0.8577937610711366,1.3705689455578707e-07,7.114309141798005e-14,0.0036808178627621736,0.3621106443042128
10013,20,16,10000,0.9999999998906043,0,8.715990367989564e-11,0,0.8531414005061857,519,0.0,0.13994993409141926,0,0.43002503295807704,0,0.5000000000044027,0,0.1147,0.8521448025478722,0,0.6214265916605436,0.11011496677565658,0.8521448025471128,1.7623680292899735e-12,-1.1102230246251565e-16,1.279694895495164e-07,0.002016049871318759
10013,20,64,10000,0.9999999995624171,0,3.486395036312375e-10,0,0.8527096199552253,376,0.0,0.07038609217001539,0,0.4648069539226116,0,0.5000000000081963,0,0.1147,0.8521448025500153,0,0.557706911017406,0.08686616791354947,0.8521448025471128,6.739442337533319e-12,0.0,4.89294369454547e-07,0.007601287645283894
10013,20,256,10000,0.9999999982496686,0,1.3945580134682699e-09,0,0.8529825913151613,270,0.0,0.03524463548583903,0,0.48237768227233213,0,0.5000000000158085,0,0.1147,0.8521448025585888,0,0.48737428374138325,0.06762589928057554,0.8521448025471128,2.664674036978454e-11,0.0,1.934583005058759e-06,0.028019482380258864
10013,20,1024,10000,0.999999992998674,0,5.5782318704327564e-09,0,0.8526378195826949,208,0.0,0.01762877240486241,0,0.4911856138280073,0,0.5000000000309841,0,0.1147,0.8521448025928821,0,0.6283474220911921,0.05249183006535948,0.8521448025471128,1.0627576596533572e-10,1.1102230246251565e-16,7.715563380133948e-06,0.07584061464434022
10013,20,4096,10000,0.9999999719946965,0,2.2312927155709805e-08,0,0.8525740227340797,158,0.0,0.008815193220589355,0,0.4955924034500555,0,0.5000000000608871,0,0.1147,0.8521453206924641,0,0.4977212730995718,0.03911806543385491,0.8521448025471128,4.247915907917843e-10,2.220446049250313e-16,3.083669742065508e-05,0.18671860431599163
10013,20,16384,10000,0.9999998879787917,0,8.925170157463222e-08,0,0.8525817915122945,113,0.0,0.004407697493323081,0,0.49779615137501687,0,0.5000000001222177,0,0.1147,0.8525157820050178,0,0.5620345170131178,0.029432588247193286,0.8521448025471128,1.6988565554321156e-09,6.661338147750939e-16,0.00012251239894295828,0.33193040369636984
10013,20,65536,10000,0.9999995519152556,0,3.5700669424889075e-07,0,0.8534368204215174,75,0.0,0.002203861356641258,0,0.4988980695997187,0,0.5000000002786547,0,0.1147,0.8533447613378394,0,0.5397629931783717,0.02367758186397985,0.8521448025471128,6.79511413803624e-09,2.1094237467877974e-15,0.0004892139974903393,0.39497538791258346
10013,22,16,10000,0.9999999999917081,0,6.609046643291094e-12,0,0.8571428571428571,969,0.0,0.1399499340914193,0,0.4300250329545713,0,0.5000000000003267,0,0.1861,0.8527439880840821,0,0.5523926695679321,0.15756837559517217,0.8527439880840801,1.3367085216486885e-13,-2.220446049250313e-16,1.8236942078697568e-08,0.00020003374658017492
10013,22,64,10000,0.9999999999668322,0,2.6436408617769303e-11,0,0.8559773706643361,768,0.0,0.07038609217001576,0,0.46480695391555593,0,0.5000000000006062,0,0.1861,0.8527439880840867,0,0.5699058770626022,0.12976603119584054,0.8527439880840801,5.112021916886533e-13,-1.1102230246251565e-16,6.972947996786133e-08,0.0007651455852845102
10013,22,256,10000,0.9999999998673289,0,1.0574541242647229e-10,0,0.8547005107134034,580,0.0,0.035244635485839636,0,0.48237768225820155,0,0.5000000000011608,0,0.1861,0.8527439880841066,0,0.6412450460857201,0.10732484076433121,0.8527439880840801,2.021882661296104e-12,-1.1102230246251565e-16,2.7569956270734225e-07,0.003029766642325571
10013,22,1024,10000,0.9999999994693155,0,4.2298164970588914e-10,0,0.8544803631282427,438,0.0,0.017628772404862363,0,0.49118561379986714,0,0.5000000000023394,0,0.1861,0.852743988084185,0,0.5979034026534823,0.08732482744195776,0.8527439880840801,8.064549028574675e-12,0.0,1.0995788005563291e-06,0.012129551937087757
10013,22,4096,10000,0.999999997877262,0,1.6919265433124053e-09,0,0.853344084216484,329,0.0,0.008815193220589355,0,0.4955924033972623,0,0.5000000000076247,0,0.1861,0.8527832313390225,0,0.5765168947566791,0.07020990590424982,0.8527439880840801,3.223588063150373e-11,0.0,4.39507824598338e-06,0.04777927764658907
10013,22,16384,10000,0.999999991509048,0,6.7677062287607725e-09,0,0.8534199293408085,237,0.0,0.004407697493323081,0,0.49779615126349197,0,0.5000000000101994,0,0.1861,0.8528663347857037,0,0.5739906166868857,0.05694970808153232,0.8527439880840801,1.2891937517522933e-10,1.1102230246251565e-16,1.7576795854218274e-05,0.14790829045006937
10013,22,65536,10000,0.9999999660361925,0,2.707082447095388e-08,0,0.8531962832033368,174,0.0,0.002203861356641258,0,0.49889806944950094,0,0.500000000128105,0,0.1861,0.8528934748470615,0,0.4840407311987761,0.044677386525544475,0.8527439880840801,5.156557403296347e-10,2.220446049250313e-16,7.029917852092147e-05,0.25483175914050515
10013,24,16,10000,0.9999999999995026,0,3.9530673170587546e-13,0,0.8566643144802862,1633,0.0,0.13994993409141934,0,0.4300250329543079,0,0.5000000000000204,0,0.2888,0.8545611107995976,0,0.6377376311744168,0.22600693199474126,0.8545611107902287,8.770761894538737e-15,-4.440892098500626e-16,1.9144964558126404e-09,2.9932550675404457e-05
10013,24,64,10000,0.9999999999980107,0,1.5812269268223285e-12,0,0.8554199890845058,1329,0.0,0.07038609217001596,0,0.4648069539150279,0,0.5000000000000385,0,0.2888,0.8545611108260502,0,0.5654815963327938,0.19743974166762773,0.8545611107902287,3.3639757646142243e-14,-3.3306690738754696e-16,7.320132289212418e-09,0.000114407834655883
10013,24,256,10000,0.9999999999920428,0,6.324907707270556e-12,0,0.8554923943923545,1084,0.0,0.03524463548583982,0,0.4823776822571588,0,0.5000000000000815,0,0.2888,0.8545611109318616,0,0.5925819116917985,0.1610587707492149,0.8545611107902287,1.33060229501325e-13,-2.220446049250313e-16,2.894267642772322e-08,0.00045171390824050306
10013,24,1024,10000,0.9999999999681712,0,2.5299630828782007e-11,0,0.8553458161642455,851,0.0,0.017628772404862176,0,0.49118561379806713,0,0.5000000000005075,0,0.2888,0.8545611113551066,0,0.632198567429342,0.13444092250519182,0.8545611107902287,5.299649608048185e-13,-1.1102230246251565e-16,1.1543283681136807e-07,0.0017912923764793476
10013,24,4096,10000,0.9999999998726847,0,1.0119852331032444e-10,0,0.855483320096279,654,0.0,0.008815193220589355,0,0.495592403395798,0,0.5000000000061467,0,0.2888,0.8545611130480868,0,0.551581698711072,0.11213353306227263,0.8545611107902287,2.116251618389242e-12,-1.1102230246251565e-16,4.6139324433313837e-07,0.0069879445723927125
10013,24,16384,10000,0.9999999994907389,0,4.047940931644418e-10,0,0.8555574656512709,511,0.0,0.004407697493323081,0,0.49779615125885135,0,0.5000000000055377,0,0.2888,0.8545646718080335,0,0.5772680114693433,0.09020971651385815,0.8545611107902287,8.461620293331862e-12,-5.551115123120734e-18,1.8452311020433642e-06,0.025926424649203472
10013,24,65536,10000,0.9999999979629559,0,1.6191763714280818e-09,0,0.8558704586354051,378,0.0,0.002203861356641258,0,0.49889806932167935,0,0.5,0,0.2888,0.8546495596547099,0,0.5565238364671875,0.077842444398254,0.8545611107902287,3.3843761126917116e-11,0.0,7.380226645542453e-06,0.08544741323190252
10014,2,16,10000,0.04464564065583176,0,0.931802717540514,0,0.9890085094335306,0,0.0,0.11723110995834898,0,0.686065453954785,0,0.7778403544373805,0,0.0,0.9890085094335324,0,6.650269224195426e-11,0.0,0.8477278921652779,0.0666836067289805,0.000383155918061301,0.282681329472804,0.32312410519670487
10014,2,64,10000,0.00019841463954133916,0,0.9996710633145116,0,0.9999254077673769,0,0.0,0.030535759624832633,0,0.8925963141162677,0,0.9209095804446858,0,0.0,0.9999254077673769,0,2.9973357129620126e-11,0.0,0.8477278921652779,0.0960261775119618,0.0007046607183833825,0.34908869099601797,0.39394241538245345
10014,2,256,10000,5.429658530233793e-13,0,0.9999999999990874,0,0.9999999999995516,0,0.0,0.0010741656900465108,0,0.9955587424888366,0,0.9966352490562089,0,0.0,0.9999999999997697,0,6.376232875027199e-12,0.0,0.8477278921652779,0.11800498634662043,0.0010424688523623215,0.3932765831598035,0.4396807586143674
10014,2,1024,10000,1.745931747746373e-46,0,1.0,0,1.0,0,0.0,1.2985561125757526e-08,0,0.9999999432718234,0,0.9999999561328752,0,0.0,1.0,0,3.0524471839044054e-12,0.0,0.8477278921652779,0.1326282656732587,0.00122799275004995,0.4216972821247144,0.4669785093356733
10014,2,4096,10000,6.177976877457915e-204,0,1.0,0,1.0,0,0.0,2.1593883404520475e-27,0,0.9999999999997586,0,0.9999999999997699,0,0.0,1.0,0,1.6164514171634892e-11,0.0,0.8477278921652779,0.14058009361292606,0.0014204665998923394,0.4345112411362543,0.48190210185397075
10014,2,16384,10000,0.0,0,1.0,0,1.0,0,0.0,7.34198562022552e-105,0,1.0,0,1.0,0,0.0,1.0,0,1.081281730819228e-10,0.0,0.8477278921652779,0.1464411788224872,0.0015383385129528137,0.4430936585663807,0.4902745790236839
10014,2,65536,10000,0.0,0,1.0,0,1.0,0,0.0,0.0,0,0.9999999999687053,0,0.9999999999687053,0,0.0,1.0,0,3.704403450655036e-10,0.0,0.8477278921652779,0.14930637620886095,0.001551287549955738,0.4519384379886362,0.4948777967112128
10014,4,16,10000,0.5991108049313804,0,0.3169981198064233,0,0.9122447837323152,0,0.0,0.13986859491095252,0,0.4483112535531258,0,0.521233121115753,0,0.0,0.9122447837323162,0,1.5036978419091795e-06,0.0,0.8532945760427383,0.007567862690941618,5.675901167251363e-06,0.1661719161696693,0.3169881213709559
10014,4,64,10000,0.21338994509845643,0,0.6182413907549655,0,0.9553214043703553,0,0.0,0.07013661375086995,0,0.5016359576788755,0,0.5394712664453222,0,0.0,0.9553214043703561,0,2.624554119590172e-07,0.0,0.8532945760427383,0.020685620961785223,2.0856162670956917e-05,0.2448491735386252,0.3889239275761306
10014,4,256,10000,0.039300935969478215,0,0.9111710493945557,0,0.9895844309872375,0,0.0,0.034672110093998385,0,0.5558329714248169,0,0.5758330406374513,0,0.0,0.9895844309872375,0,3.477074372870703e-08,0.0,0.8532945760427383,0.04358308550882761,7.03545680914075e-05,0.3082774703398832,0.4316159939888857
10014,4,1024,10000,0.0003852525467912867,0,0.9992049349298858,0,0.9998699333566619,0,0.0,0.01648202670860089,0,0.6357831448044923,0,0.6464282701670476,0,0.0,0.9998699333566629,0,2.0066572070653876e-08,0.0,0.8532945760427383,0.07039070224680183,0.00019570581156175832,0.35989701959050696,0.458867619358466
10014,4,4096,10000,1.0405330067093759e-11,0,0.9999999999789377,0,0.9999999999937178,0,0.0,0.006713789587399462,0,0.7665393440701606,0,0.7717186580903821,0,0.0,0.9999999999949154,0,6.319028189594178e-09,0.0,0.8532945760427383,0.09276952782500641,0.00043633807824330917,0.3937061429478216,0.48081377032625905
10014,4,16384,10000,3.6543832601797083e-41,0,1.0,0,1.0,0,0.0,0.0014828568356812359,0,0.9294266111350139,0,0.9308049128768519,0,0.0,1.0,0,9.832881175952934e-10,0.0,0.8532945760427383,0.11005761184847251,0.0007210221564348199,0.4138635096206791,0.48885908173526105
10014,4,65536,10000,1.1289614554265018e-178,0,0.9999999999980376,0,0.9999999999992834,0,0.0,2.8069332315924858e-05,0,0.9984179794118477,0,0.9984460051233431,0,0.0,1.0,0,4.176545775891327e-10,0.0,0.8532945760427383,0.1222950833814117,0.0009332563297654361,0.43020154147620493,0.493070132630545
10014,6,16,10000,0.9688413137607161,0,0.025438855194897636,0,0.8669576049572341,0,0.0,0.13994971788046293,0,0.4311431964695989,0,0.5013001180970162,0,0.0,0.8669576049573025,0,0.00018133771210826488,0.0,0.8489542700706989,0.0005619287165966602,8.91363462374173e-08,0.06571889339753585,0.24712585508580576
10014,6,64,10000,0.8823456133368284,0,0.0961466335857874,0,0.8899434896240299,0,0.0,0.07038533214424875,0,0.4670569740688473,0,0.5024197811572142,0,0.0,0.8899434896240309,0,7.47180551264881e-05,0.0,0.8489542700706989,0.0020482613997143684,3.4081524584728135e-07,0.1366026005561131,0.34684878062151525
10014,6,256,10000,0.6213411117891661,0,0.3072987037793456,0,0.9227742105398942,0,0.0,0.035242666007243746,0,0.48688425686651304,0,0.5046700361256813,0,0.0,0.9227742105398942,0,1.6125321178228624e-05,0.0,0.8489542700706989,0.006860783365361389,1.3428317402197631e-06,0.21771456838451306,0.42280585665907555
10014,6,1024,10000,0.22314759187561395,0,0.6016272885746995,0,0.9595637197220819,0,0.0,0.017624406598006043,0,0.5002014935062238,0,0.5091753395714986,0,0.0,0.9595637197220834,0,1.476066740613291e-06,0.0,0.8489542700706989,0.01830933593175832,5.288802434527674e-06,0.2786601565200385,0.4478916533206576
10014,6,4096,10000,0.04090543628018295,0,0.8985136252394796,0,0.9902800236412959,0,0.0,0.008806261912307677,0,0.513621212155404,0,0.5181844457947917,0,0.0,0.9902800236412966,0,1.476078106632528e-06,0.0,0.8489542700706989,0.03671665472907265,1.90818274873772e-05,0.3276188745431721,0.4657650694050983
10014,6,16384,10000,0.0005532498035359427,0,0.9988331573703848,0,0.9997851049614213,0,0.0,0.0043897513388868855,0,0.533817804993618,0,0.5361714513984803,0,0.0,0.9997851049396845,0,3.5506377682459345e-07,0.0,0.8489542700706989,0.05947704651646629,5.9312943546646675e-05,0.3668596551523903,0.47924340659981335
10014,6,65536,10000,4.961681727038002e-11,0,0.9999999997735751,0,0.9999999998198195,0,0.0,0.0021681429242569076,0,0.5706488137886475,0,0.5718887478545622,0,0.0,0.9999999999638114,0,1.0291557228647719e-07,0.0,0.8489542700706989,0.08014832483903994,0.00016470856139020896,0.39381379392821697,0.49012853947548507
10014,8,16,10000,0.9979656519500673,0,0.0016132767916837154,0,0.8612717526127561,0,0.0,0.1399499334594677,0,0.4300962785808321,0,0.5000828403417901,0,0.0001,0.861271752612752,0,0.01246765850170084,0.0003,0.8570292147741423,3.48052134672705e-05,9.560496838645358e-10,0.015429663762202717,0.24968815671996425
10014,8,64,10000,0.9918977787186365,0,0.006431525758757892,0,0.869326178117843,0,0.0,0.07038608949734859,0,0.4649502859179757,0,0.5001541832305303,0,0.0001,0.869326178117839,0,0.0010986871296029266,0.0001,0.8570292147741423,0.00013179198131835212,3.655483610254254e-09,0.048675610812654146,0.3213452352937227
10014,8,256,10000,0.9680724110420259,0,0.025376908073821234,0,0.8835508429814687,0,0.0,0.035244627904814044,0,0.48266476820010334,0,0.5002975696824394,0,0.0001,0.883550842981469,0,0.0003285295990553827,0.0,0.8570292147741423,0.0005111041403687566,1.4110220386553975e-08,0.11440121268893966,0.41070698750306944
10014,8,1024,10000,0.8796602187360361,0,0.09596877072163923,0,0.9089368236199246,0,0.0,0.017628754835213215,0,0.4917599967028137,0,0.5005846812566603,0,0.0001,0.9089368236199251,0,7.638020707723125e-05,0.0,0.8570292147741423,0.0019031756547687184,5.627602565061457e-08,0.19315602645624944,0.41678557840238417
10014,8,4096,10000,0.6158538108783926,0,0.3056354692135831,0,0.9394891558946006,0,0.0,0.008815157564609096,0,0.49674127361687365,0,0.5011590694727094,0,0.0001,0.9394891558945604,0,2.4816441469566186e-05,0.0,0.8570292147741423,0.006248127888806576,2.2493706622328545e-07,0.25802976757060014,0.4529272004001247
10014,8,16384,10000,0.22509012692780545,0,0.6086817373912561,0,0.9693877259200543,0,0.0,0.0044076254624097685,0,0.5000939349870872,0,0.5023079196940718,0,0.0001,0.9693877259200542,0,3.965779603043451e-06,0.0,0.8570292147741423,0.016336860257968766,8.817120374315927e-07,0.31119337382682416,0.4866110537714605
10014,8,65536,10000,0.038476327590813986,0,0.9015308417158048,0,0.992646370490212,0,0.0,0.0022037164767222247,0,0.5034935869766752,0,0.5046055940003231,0,0.0001,0.9926463704902126,0,4.899449168593861e-07,0.0,0.8570292147741423,0.03298151837866847,3.42125913224689e-06,0.35266421888308036,0.4878597738770126
10014,10,16,10000,0.9998643552520838,0,0.00010759188211797405,0,0.8573190986242675,2,0.0,0.13994993408936512,0,0.43002946976941386,0,0.5000051587836793,0,0.0006,0.8572457357450729,0,0.010665633294671184,0.0011002200440088017,0.8561322390412086,2.286803839790519e-06,2.674578336581135e-11,0.003015512379051166,0.1407633602177536
10014,10,64,10000,0.999457542085502,0,0.00043025370623306017,0,0.8599771273470728,2,0.0,0.07038609215962452,0,0.46481587968293897,0,0.5000096015773567,0,0.0006,0.8599263250479368,0,0.0032837435308917806,0.00020004000800160032,0.8561322390412086,8.7366668867217e-06,1.0226270386048953e-10,0.011052338593633188,0.24141693296366395
10014,10,256,10000,0.9978321040315632,0,0.0017191956573295074,0,0.8660697090950826,1,0.0,0.035244635457903,0,0.48239555996259853,0,0.5000185307994471,0,0.0006,0.8660354194609072,0,0.510972654494269,0.00010001000100010001,0.8561322390412086,3.438063494420884e-05,4.0433194570255186e-10,0.03626447299890896,0.3125643376814592
10014,10,1024,10000,0.9913601165459051,0,0.006845069971344441,0,0.8778236705159508,1,0.0,0.017628772343555612,0,0.4912213823055289,0,0.5000364103423449,0,0.0006,0.8778071206888433,0,0.11097265449426907,0.00010001000100010001,0.8561322390412086,0.00013623639167220647,1.6126074475764087e-09,0.09001875545982581,0.39026595743763737
10014,10,4096,10000,0.96604744626178,0,0.026966512078339833,0,0.8951096697354692,0,0.0,0.008815193088370445,0,0.4956639469554063,0,0.5000721797735552,0,0.0006,0.8951096697354692,0,0.19798801166705365,0.0002,0.8561322390412086,0.0005155612523586317,6.434191401893941e-09,0.15299947992952836,0.4504977231726043
10014,10,16384,10000,0.8724031832091701,0,0.10124494250904509,0,0.91891067893538,0,0.0,0.004407697214699236,0,0.49793924165786974,0,0.5001437237536037,0,0.0006,0.9189106789353809,0,0.08060221784322114,0.0002,0.8561322390412086,0.0018959314175365782,2.5731957320473954e-08,0.22138382337801457,0.47701672289178476
10014,10,65536,10000,0.6006286832215022,0,0.3122472655365828,0,0.9476902765246868,0,0.0,0.0022038607918988796,0,0.4991842517499885,0,0.5002868142434694,0,0.0006,0.9476902765246769,0,0.013306417215847799,0.0001,0.8561322390412086,0.005842070749155381,1.0246653361356573e-07,0.277810578051796,0.4813998986319856
10014,12,16,10000,0.9999912384989982,0,7.098583673866631e-06,0,0.8518622234668161,9,0.0,0.13994993409141104,0,0.4300253391890183,0,0.500000356066143,0,0.0037,0.8518051263226918,0,0.6458712138836794,0.005204684215794215,0.8513733451883522,1.4512419044265812e-07,8.810896456878937e-13,0.00042297407543283013,0.09162066075094488
10014,12,64,10000,0.9999649546086129,0,2.8394022366403027e-05,0,0.8526926160221167,9,0.0,0.07038609216996702,0,0.4648075699829095,0,0.5000006627137039,0,0.0037,0.8524551613219092,0,0.0695598993326485,0.0032028825943349014,0.8513733451883522,5.548835383395456e-07,3.3691271994484852e-12,0.00161729825728139,0.21208076536517495
10014,12,256,10000,0.9998598282357287,0,0.00011357109238956409,0,0.8545960203355489,6,0.0,0.035244635485707054,0,0.48237891619903384,0,0.5000012790204823,0,0.0037,0.8543004390612424,0,0.47981477138068873,0.0021012607564538724,0.8513733451883522,2.1938755489503414e-06,1.3321294067836222e-11,0.006309023349733061,0.30875895215182636
10014,12,1024,10000,0.9994394697222404,0,0.00045419773699189274,0,0.8592229222092791,4,0.0,0.017628772404552392,0,0.49118808258512975,0,0.5000025130900847,0,0.0037,0.8592004379282838,0,0.553417558191214,0.0013005202080832333,0.8513733451883522,8.736897341987682e-06,5.3128995647355745e-11,0.022053039784413298,0.35313389270618156
10014,12,4096,10000,0.9977603847292018,0,0.0018149110527164885,0,0.8678895873178107,1,0.0,0.008815193219935898,0,0.49559734141156053,0,0.5000049819382664,0,0.0037,0.8678637661403564,0,0.10435392446910507,0.0008000800080008001,0.8513733451883522,3.478016897434655e-05,2.123609676996097e-10,0.06272705741414325,0.4000375790013001
10014,12,16384,10000,0.9910814646957763,0,0.007227145030078149,0,0.881470866761268,1,0.0,0.004407697491973377,0,0.4978060275303807,0,0.5000099200007275,0,0.0037,0.8815898558686784,0,0.0956460755308951,0.0008000800080008001,0.8513733451883522,0.00013723726611925002,8.492882674904223e-10,0.11993272750656007,0.43821033031213186
10014,12,65536,10000,0.9648683675147176,0,0.028332412738198587,0,0.898667011148808,0,0.0,0.00220386135393488,0,0.49891782212756014,0,0.5000197964331183,0,0.0037,0.8985157425845973,0,0.1674940068766404,0.0006,0.8513733451883522,0.0005190450681261116,3.3969968782354702e-09,0.18447388871906736,0.4689698611403824
10014,14,16,10000,0.9999994196232538,0,4.5843677060064536e-07,0,0.8529541212175569,24,0.0,0.13994993409141904,0,0.4300250521245057,0,0.5000000222896503,0,0.0092,0.8533530485639882,0,0.46658346025324016,0.013532477947072975,0.8532944785845757,9.229191633153278e-09,2.242095398230504e-14,6.700282231400504e-05,0.019941666065136476
10014,14,64,10000,0.9999976784959268,0,1.8337457726169681e-06,0,0.8533113882459951,14,0.0,0.07038609217001389,0,0.464806992480685,0,0.5000000414857095,0,0.0092,0.8535342429689602,0,0.2456753689370218,0.009313038253554977,0.8532944785845757,3.52882291720924e-08,8.53650483634283e-14,0.0002560171420154021,0.07051894682059179
10014,14,256,10000,0.9999907140302895,0,7.334962136562595e-06,0,0.8539013592546065,10,0.0,0.0352446354858352,0,0.4823777595014873,0,0.5000000800663127,0,0.0092,0.8539424133860845,0,0.4752081410983101,0.006206206206206206,0.8532944785845757,1.3952648819648417e-07,3.3757441286752514e-13,0.0010096212441348892,0.1673756067898472
10014,14,1024,10000,0.9999628568664614,0,2.9339513284876162e-05,0,0.8560469929567454,9,0.0,0.017628772404860327,0,0.4911857683435299,0,0.5000001573193071,0,0.0092,0.8562454779064754,0,0.23847036402342536,0.0031027925132619356,0.8532944785845757,5.56513248706203e-07,1.346295297466327e-12,0.003932281541559124,0.253451057039664
10014,14,4096,10000,0.9998514393898106,0,0.00011735268917123509,0,0.8598449804605207,4,0.0,0.008815193220585063,0,0.49559271251511405,0,0.5000003118746429,0,0.0092,0.8599575741428204,0,0.15827954572704617,0.002300920368147259,0.8532944785845757,2.224997669941775e-06,5.381084466904441e-12,0.014778810476712052,0.38668963267600864
10014,14,16384,10000,0.9994059482855988,0,0.0004693249467399019,0,0.8671409590285872,4,0.0,0.004407697493313869,0,0.4977967695117741,0,0.5000006209955952,0,0.0092,0.8672549033820753,0,0.07289139874146788,0.0013005202080832333,0.8532944785845757,8.899853379817912e-06,2.1520152326814925e-11,0.04375079410069446,0.4160632853914191
10014,14,65536,10000,0.9976268411138138,0,0.0018759276947140635,0,0.8761406913703369,3,0.0,0.0022038613566229886,0,0.49889930570819563,0,0.5000012391173545,0,0.0092,0.8762114856221486,0,0.15952328955059825,0.0008002400720216065,0.8532944785845757,3.5277920679976926e-05,8.607639601088125e-11,0.09267551147146373,0.43915023232645045
10014,16,16,10000,0.999999962689365,0,2.9592184134004712e-08,0,0.8525454988258158,103,0.0,0.13994993409141915,0,0.4300250342470583,0,0.5000000015031311,0,0.0279,0.8527922121811891,0,0.46944904031633605,0.029604930787107204,0.8527913073788664,6.114124206924032e-10,7.771561172376096e-16,9.43874705900958e-06,0.012945596486109379
10014,16,64,10000,0.9999998507574712,0,1.1836873022449599e-07,0,0.8526124119507156,79,0.0,0.07038609217001476,0,0.4648069565157199,0,0.5000000027976426,0,0.0279,0.8529766914073336,0,0.4691081521086585,0.022074387662534018,0.8527913073788664,2.3377528246548707e-09,2.6645352591003757e-15,3.6084883788095525e-05,0.0429418022421747
10014,16,256,10000,0.9999994030300703,0,4.734748203577209e-07,0,0.8534548540710906,51,0.0,0.03524463548583743,0,0.4823776874661414,0,0.5000000053993578,0,0.0279,0.8531955905275115,0,0.5047365745986743,0.016484068750628203,0.8527913073788664,9.243114496015892e-09,9.758860386455136e-15,0.00014260373939168312,0.13770323770379223
10014,16,1024,10000,0.9999976121232453,0,1.8938976714552234e-06,0,0.8536855405564068,38,0.0,0.017628772404861846,0,0.491185624219537,0,0.5000000106089917,0,0.0279,0.8537014365940572,0,0.5248505919712804,0.011644248142943184,0.8527913073788664,3.6864562291683e-08,3.817501870173602e-14,0.0005676238251128487,0.25704185413262437
10014,16,4096,10000,0.9999904485404065,0,7.575564927761429e-06,0,0.8552666877080408,26,0.0,0.008815193220588118,0,0.4955924242363117,0,0.500000021032007,0,0.0279,0.8551904619444677,0,0.3722758144071867,0.007920593543212352,0.8527913073788664,1.4735035325230683e-07,1.5121237595394632e-13,0.002192296985574908,0.2919390799901538
10014,16,16384,10000,0.9999617949204147,0,3.0301847587329346e-05,0,0.8578443080809893,21,0.0,0.004407697493321166,0,0.49779619294590755,0,0.5000000418771506,0,0.0279,0.8578103304310721,0,0.45682908140535083,0.006513678725323178,0.8527913073788664,5.892935134310662e-07,6.045441924840135e-13,0.008177283740306752,0.33850415605448003
10014,16,65536,10000,0.9998471918213714,0,0.00012120079670865534,0,0.8618256652248317,14,0.0,0.0022038613566379302,0,0.4988981526229267,0,0.5000000834852392,0,0.0279,0.8617466309782297,0,0.6098005605904981,0.004606449028640096,0.8527913073788664,2.3507938470834766e-06,2.417788191877435e-12,0.026436391008315276,0.4136340242883243
10014,18,16,10000,0.99999999811822,0,1.4967611039473638e-09,0,0.8558831334290864,306,0.0,0.13994993409141915,0,0.43002503301896994,0,0.5000000000752045,0,0.0675,0.8560596500452999,0,0.5978702656678803,0.059624510006189395,0.8560596118119097,2.952288413737847e-11,0.0,1.019368528182295e-06,0.0023103816371899955
10014,18,64,10000,0.9999999924728802,0,5.987044360278304e-09,0,0.8561660310454904,220,0.0,0.07038609217001517,0,0.46480695404510886,0,0.5000000001399685,0,0.0675,0.8560597579983773,0,0.46196934674308854,0.05061349693251534,0.8560596118119097,1.1288148193955294e-10,1.1102230246251565e-16,3.897599335744846e-06,0.008815255306316105
10014,18,256,10000,0.9999999698915213,0,2.3948177385602065e-08,0,0.8559213858458856,150,0.0,0.035244635485838456,0,0.4823776825177205,0,0.50000000027016,0,0.0675,0.8560636934944763,0,0.5673612517844623,0.04203045685279188,0.8560596118119097,4.46316150704007e-10,2.220446049250313e-16,1.541072612716852e-05,0.03409996830833495
10014,18,1024,10000,0.9999998795660918,0,9.579270582316113e-08,0,0.8561872147117894,111,0.0,0.01762877240486224,0,0.4911856143189466,0,0.500000000530735,0,0.0675,0.8566341796894017,0,0.49886007537665966,0.03306704419051471,0.8560596118119097,1.7800556584290916e-09,6.661338147750939e-16,6.146648588744578e-05,0.11015932684695462
10014,18,4096,10000,0.99999951826447,0,3.8317076317406773e-07,0,0.8565240520109052,75,0.0,0.008815193220588994,0,0.4955924044329091,0,0.5000000010524823,0,0.0675,0.8568764620758135,0,0.4900021545056813,0.024483627204030228,0.8560596118119097,7.1150144664855475e-09,1.9984014443252818e-15,0.00024320705772559167,0.19004546310456671
10014,18,16384,10000,0.9999980730595257,0,1.5326820933525553e-06,0,0.8575538607139865,48,0.0,0.0044076974933224666,0,0.4977961533406944,0,0.500000002096598,0,0.0675,0.8579263453919028,0,0.489955675627042,0.018589228295819937,0.8560596118119097,2.845485014280058e-08,7.66053886991358e-15,0.0009635849119576136,0.26305022862965877
10014,18,65536,10000,0.9999922922644361,0,6.130713024188328e-06,0,0.8594211541592593,32,0.0,0.002203861356640013,0,0.49889807351609383,0,0.5000000042036791,0,0.0675,0.8594653792638398,0,0.41822700648359,0.013242375601926164,0.8560596118119097,1.1381421766154531e-07,3.0747626666993715e-14,0.0038101962817643094,0.35100175031080816
10014,20,16,10000,0.9999999998931595,0,8.514905447398746e-11,0,0.8559418902978144,546,0.0,0.13994993409141926,0,0.4300250329578389,0,0.5000000000041259,0,0.1126,0.8550111552013222,0,0.6578899778396923,0.10186164586418447,0.8550111552013167,1.7595369605771793e-12,-1.1102230246251565e-16,1.46068245249209e-07,0.0015209993212701445
10014,20,64,10000,0.9999999995726379,0,3.405962734071011e-10,0,0.8551702184262067,417,0.0,0.07038609217001539,0,0.4648069539221174,0,0.5000000000076633,0,0.1126,0.8550111552013387,0,0.539142824319701,0.08003756652405301,0.8550111552013167,6.7272853954136735e-12,0.0,5.58496087232907e-07,0.0054491438479868926
10014,20,256,10000,0.9999999982905512,0,1.3623851491395556e-09,0,0.8552875695732839,323,0.0,0.035244635485839004,0,0.48237768227142463,0,0.500000000014869,0,0.1126,0.8550111552014054,0,0.5559195570589384,0.06530949674485895,0.8550111552013167,2.6599278335481813e-11,0.0,2.2082053165006775e-06,0.02094514256758362
10014,20,1024,10000,0.9999999931622046,0,5.449540763091676e-09,0,0.8554923689001775,227,0.0,0.01762877240486241,0,0.4911856138262938,0,0.5000000000292413,0,0.1126,0.8551497548402296,0,0.588705162948744,0.0523892356492377,0.8550111552013167,1.0608680600654452e-10,1.1102230246251565e-16,8.80700800021672e-06,0.07376077074731335
10014,20,4096,10000,0.9999999726488186,0,2.1798162719299796e-08,0,0.8551798038699415,168,0.0,0.008815193220589355,0,0.49559240344829636,0,0.5000000000591122,0,0.1126,0.8551799420074562,0,0.5543142893657249,0.0411920260374288,0.8550111552013167,4.2403641709043427e-10,2.220446049250313e-16,3.5201232693338194e-05,0.1537665279246604
10014,20,16384,10000,0.9999998905952803,0,8.719264737999666e-08,0,0.8552977956157486,122,0.0,0.004407697493323081,0,0.49779615136820876,0,0.500000000115379,0,0.1126,0.8552599873311433,0,0.4608370724628881,0.03239522170479854,0.8550111552013167,1.6958348614259933e-09,6.661338147750939e-16,0.0001407098004698792,0.2402214824848592
10014,20,65536,10000,0.9999995623812202,0,3.4877053156634474e-07,0,0.8559172098927492,81,0.0,0.002203861356641258,0,0.49889806958854366,0,0.500000000267455,0,0.1126,0.8558721901984225,0,0.5987498909340838,0.025607420102832946,0.8550111552013167,6.783028860812834e-09,1.9984014443252818e-15,0.0005586776178332586,0.37553041426284695
10014,22,16,10000,0.9999999999919222,0,6.517869135149827e-12,0,0.8541719693309251,975,0.0,0.1399499340914193,0,0.43002503295457906,0,0.5000000000003355,0,0.1874,0.8524714092444785,0,0.5816052377256016,0.15789473684210525,0.852471409199802,1.371680546924381e-13,-2.220446049250313e-16,1.5750834175820415e-08,0.00023312640497386017
10014,22,64,10000,0.999999999967689,0,2.6071476540452317e-11,0,0.8530776554546569,769,0.0,0.07038609217001576,0,0.464806953915577,0,0.5000000000006289,0,0.1874,0.8524714093706238,0,0.5534773549973426,0.1305384032065865,0.852471409199802,5.246358902866177e-13,-1.1102230246251565e-16,6.022352352918976e-08,0.000889375745509402
10014,22,256,10000,0.9999999998707556,0,1.0428601718175944e-10,0,0.8520833333333333,617,0.0,0.03524463548583968,0,0.48237768225823136,0,0.5000000000011915,0,0.1874,0.8524714098752053,0,0.6251671432123359,0.10572311627411275,0.852471409199802,2.0756174556879614e-12,-1.1102230246251565e-16,2.3811052292654662e-07,0.0034841629009607633
10014,22,1024,10000,0.9999999994830227,0,4.1714390215594894e-10,0,0.8523043493263054,487,0.0,0.017628772404862363,0,0.49118561379990977,0,0.500000000002384,0,0.1874,0.8524714118935304,0,0.5980363994183461,0.08535688005886681,0.852471409199802,8.277767360453936e-12,0.0,9.495983951668301e-07,0.013335393105706084
10014,22,4096,10000,0.9999999979320904,0,1.6685757190439293e-09,0,0.8521157369174048,370,0.0,0.008815193220589355,0,0.4955924033974454,0,0.5000000000078098,0,0.1874,0.8524714199668313,0,0.6125892847358068,0.0667705088265836,0.852471409199802,3.308792129175231e-11,0.0,3.7945878527345267e-06,0.04958841769049871
10014,22,16384,10000,0.9999999917283613,0,6.674302922052224e-09,0,0.851799253692132,258,0.0,0.004407697493323081,0,0.4977961512640704,0,0.5000000000107794,0,0.1874,0.8525710174888816,0,0.6289370540291715,0.05604598645042086,0.852471409199802,1.3232487328096454e-10,1.1102230246251565e-16,1.5159152046128997e-05,0.1506205362594154
10014,22,65536,10000,0.9999999669134458,0,2.6697211312009783e-08,0,0.8524101755140302,192,0.0,0.002203861356641258,0,0.49889806944932213,0,0.5000000001279237,0,0.1874,0.8531039507544471,0,0.5056861488188639,0.04588091353996737,0.852471409199802,5.29277122129912e-10,1.1102230246251565e-16,6.051536819371933e-05,0.2911460922678064
10014,24,16,10000,0.9999999999996003,0,3.2202018829252665e-13,0,0.856609644174316,1678,0.0,0.13994993409141934,0,0.43002503295430494,0,0.5000000000000169,0,0.2902,0.8541794073277638,0,0.5935059894734483,0.2297524633501562,0.8541794073277583,7.049916206369744e-15,-3.3306690738754696e-16,2.259886611177816e-09,0.00010461740475753434
10014,24,64,10000,0.9999999999984013,0,1.2881362643213379e-12,0,0.8559376170928966,1379,0.0,0.07038609217001596,0,0.46480695391502275,0,0.5000000000000328,0,0.2902,0.8541794073277773,0,0.6261244650702135,0.19290105556199977,0.8541794073277583,2.6645352591003757e-14,-3.3306690738754696e-16,8.640744070254046e-09,0.00040000630793823877
10014,24,256,10000,0.9999999999936051,0,5.152656079587814e-12,0,0.8559092232950967,1094,0.0,0.03524463548583982,0,0.4823776822571537,0,0.5000000000000765,0,0.2902,0.8541794073278332,0,0.6130841343518842,0.16606781944756344,0.8541794073277583,1.0574874309554616e-13,-2.220446049250313e-16,3.4164178619455706e-08,0.001581491555558534
10014,24,1024,10000,0.9999999999744209,0,2.0610901874107412e-11,0,0.8564126236893707,866,0.0,0.017628772404862176,0,0.4911856137980442,0,0.5000000000004841,0,0.2902,0.8541794073280564,0,0.6171896679289244,0.13827457849791985,0.8541794073277583,4.2116310439155313e-13,-1.1102230246251565e-16,1.3625798831462513e-07,0.006303247988120764
10014,24,4096,10000,0.9999999998976834,0,8.244371851873211e-11,0,0.8562557988276619,673,0.0,0.008815193220589355,0,0.495592403395798,0,0.5000000000061467,0,0.2902,0.8541794073289464,0,0.5751586020877429,0.11429184089203388,0.8541794073277583,1.6844303729612875e-12,-1.1102230246251565e-16,5.446343729342821e-07,0.024941217696548224
10014,24,16384,10000,0.9999999995907336,0,3.297748185637772e-10,0,0.8561494113278088,536,0.0,0.004407697493323081,0,0.4977961512587641,0,0.500000000005449,0,0.2902,0.854411857499874,0,0.6182973236546644,0.09013102282333052,0.8541794073277583,6.738332114508694e-12,-1.1102230246251565e-16,2.178158253718362e-06,0.08823619253217307
10014,24,65536,10000,0.9999999983629341,0,1.3190992742551089e-09,0,0.85640183921397,411,0.0,0.002203861356641258,0,0.49889806932167935,0,0.5,0,0.2902,0.8545800140900557,0,0.546742199758389,0.07477317759933257,0.8541794073277583,2.6953717036093394e-11,0.0,8.71254713178392e-06,0.18452232595049056
10015,2,16,10000,0.04508952289145805,0,0.9325509668513845,0,0.9903923450481196,0,0.0,0.11722266505250135,0,0.6851654591651106,0,0.775937358170469,0,0.0,0.9903923450481196,0,4.0530245826175815e-11,0.0,0.8506840416655795,0.06001715611588321,0.00030784658447655105,0.27808192350740973,0.3231131928255768
10015,2,64,10000,0.00018728389018379652,0,0.9997004837535748,0,0.999937480945573,0,0.0,0.03048091781250402,0,0.8907884663740806,0,0.9191466099813747,0,0.0,0.999937480945574,0,1.6503243216448027e-11,0.0,0.8506840416655795,0.08909056721920394,0.0005881556952045453,0.3425583517693694,0.3938006448023872
10015,2,256,10000,3.884207862950472e-13,0,0.9999999999993392,0,0.9999999999996072,0,0.0,0.001119151683643588,0,0.9953396856409641,0,0.9964399230681519,0,0.0,0.9999999999998362,0,6.36524166708341e-12,0.0,0.8506840416655795,0.11111819490399066,0.0009084653875065131,0.3860675201687236,0.4398432936695319
10015,2,1024,10000,3.849223991692988e-47,0,1.0,0,1.0,0,0.0,1.5822861480150335e-08,0,0.9999999301334459,0,0.9999999453520351,0,0.0,1.0,0,3.158251438151183e-12,0.0,0.8506840416655795,0.12611758760967678,0.0011264510238429726,0.41589811150067285,0.4668119717303123
10015,2,4096,10000,2.644087953411757e-206,0,1.0,0,1.0,0,0.0,4.673092372070252e-27,0,0.9999999999997099,0,0.9999999999997189,0,0.0,1.0,0,1.4108492152331564e-11,0.0,0.8506840416655795,0.13567474882645925,0.0012594028941680833,0.4326033474123815,0.48188867392459833
10015,2,16384,10000,0.0,0,1.0,0,1.0,0,0.0,1.7380118989270125e-103,0,1.0,0,1.0,0,0.0,1.0,0,8.473022283794762e-11,0.0,0.8506840416655795,0.1421895393580802,0.0013400428816159105,0.44322844327210514,0.49012971283995366
10015,2,65536,10000,0.0,0,1.0,0,1.0,0,0.0,0.0,0,0.9999999999694147,0,0.9999999999694147,0,0.0,1.0,0,3.7157643628660253e-10,0.0,0.8506840416655795,0.14619536697832614,0.0013992566647668906,0.44989358840987603,0.4949302012781984
10015,4,16,10000,0.6229878070753568,0,0.30224006455739005,0,0.9101666142967691,0,0.0,0.1398772007404589,0,0.4468229026257148,0,0.519594020389566,0,0.0,0.9101666142967694,0,1.405731332448923e-07,0.0,0.8511449967933775,0.00778913350302568,5.238298289411692e-06,0.16672423470821376,0.3153463683484571
10015,4,64,10000,0.22624336789966082,0,0.6025686737128568,0,0.9518143099197807,0,0.0,0.07016492392202986,0,0.4986593461516634,0,0.5364307886802746,0,0.0,0.9518143099197806,0,2.38649229267196e-08,0.0,0.8511449967933775,0.021296965613469998,1.8802848940063796e-05,0.2477153298039709,0.3885714953439183
10015,4,256,10000,0.04406284407195281,0,0.9051012813700589,0,0.988805467492075,0,0.0,0.034760238699606864,0,0.5501476385535058,0,0.5700386980087205,0,0.0,0.9888054674920751,0,2.2155279832958286e-09,0.0,0.8511449967933775,0.04487259462631388,6.655497385934518e-05,0.31065272534605787,0.43531805219630104
10015,4,1024,10000,0.0005146430174810064,0,0.998957734436211,0,0.9997963963207674,0,0.0,0.016649799367961432,0,0.6249832628919709,0,0.6355862589635198,0,0.0,0.9997963963207686,0,1.6160995874869855e-09,0.0,0.8511449967933775,0.07059706013711314,0.0001860351882068956,0.3530729742682463,0.46234169610597087
10015,4,4096,10000,3.37493128898172e-11,0,0.9999999999373915,0,0.9999999999755816,0,0.0,0.007003385438120386,0,0.7487083388900055,0,0.7539778896280617,0,0.0,0.9999999999755821,0,5.057152474563509e-10,0.0,0.8511449967933775,0.09338920204133117,0.0004162888726760406,0.38989135035502936,0.47828282180023596
10015,4,16384,10000,4.589686013735115e-39,0,1.0,0,1.0,0,0.0,0.0017473316646546336,0,0.9126734377353295,0,0.9142654511646037,0,0.0,1.0,0,4.752075399849787e-10,0.0,0.8511449967933775,0.11006903375001537,0.0007481792202275241,0.411833055389203,0.4880542348804232
10015,4,65536,10000,9.793974121698095e-165,0,0.9999999999981353,0,0.9999999999990246,0,0.0,5.391902917854119e-05,0,0.9967661268901387,0,0.9968196307633507,0,0.0,1.0,0,3.8330971730005103e-10,0.0,0.8511449967933775,0.12625851771308622,0.0010161041075466672,0.42585035851643405,0.4929933598948525
10015,6,16,10000,0.968918209792603,0,0.025096997491897755,0,0.8731717901941234,0,0.0,0.13994973661121296,0,0.43110705532549254,0,0.5012591443560608,0,0.0,0.8731717902036937,0,0.0014867461455493336,0.0001,0.856196993854854,0.0005088044409946035,6.066204010224397e-08,0.06383558671479941,0.2893475913418859
10015,6,64,10000,0.8824711247436284,0,0.09431005898158501,0,0.8943064628095001,0,0.0,0.07038536154254313,0,0.4669848761966135,0,0.5023435200322686,0,0.0,0.8943064628095001,0,0.0014128885733888374,0.0001,0.856196993854854,0.0018531504876304616,2.319432023278889e-07,0.14205648346608918,0.35790959197359007
10015,6,256,10000,0.6232966748859652,0,0.3020739665596769,0,0.9257388230917722,0,0.0,0.03524284157539878,0,0.4867401162770249,0,0.504522860034044,0,0.0,0.9257388230917705,0,3.482455182124422e-05,0.0,0.856196993854854,0.006298735641533215,9.170694209137409e-07,0.21837023830983004,0.4233857555350814
10015,6,1024,10000,0.22611800828013004,0,0.5953295448693341,0,0.9631945997502843,0,0.0,0.017624842581338167,0,0.49991328920332,0,0.5088862139935091,0,0.0,0.9631945997502841,0,3.4824551591983166e-05,0.0,0.856196993854854,0.017355781039139928,3.5578910848099724e-06,0.28498051047798306,0.4454675163852758
10015,6,4096,10000,0.042865584596114684,0,0.8965152891648149,0,0.9909931879471696,0,0.0,0.008806860515278202,0,0.5130531954042616,0,0.5176117152865645,0,0.0,0.9909931879471702,0,1.0480091551912096e-05,0.0,0.856196993854854,0.03544402123401058,1.308177678786549e-05,0.3353274436766867,0.4710478360160084
10015,6,16384,10000,0.0005972034878639742,0,0.9986656578059014,0,0.9998061594521765,0,0.0,0.004390914165958932,0,0.532685172216681,0,0.5350344439652504,0,0.0,0.9998061594521763,0,8.631021984895071e-07,0.0,0.856196993854854,0.05784850801470731,4.5471179318579176e-05,0.36932656896340726,0.48416803535967823
10015,6,65536,10000,8.000831046958695e-11,0,0.999999999748918,0,0.9999999998162001,0,0.0,0.0021703788544003063,0,0.5684103039822594,0,0.5696466407972574,0,0.0,0.9999999999554052,0,8.456653594057784e-07,0.0,0.856196993854854,0.07938971808690354,0.00012538463376352008,0.39668526983646923,0.4920347661959883
10015,8,16,10000,0.9978655810586433,0,0.0017200338939126606,0,0.8614412506468645,0,0.0,0.1399499333526213,0,0.43009926188667524,0,0.5000863063121777,0,0.0001,0.8614412506468638,0,0.27704267080832357,0.0003,0.857199995922562,3.4123776561090224e-05,1.2647231595330774e-09,0.014981575664266864,0.2705048882152581
10015,8,64,10000,0.9914963850481366,0,0.006853215483558856,0,0.869098743763508,0,0.0,0.07038608900493051,0,0.46495628408655687,0,0.5001606341276092,0,0.0001,0.8690987437635183,0,0.13017492920982787,0.0003,0.857199995922562,0.00012997137095238642,4.835707545503002e-09,0.046416189334844975,0.35128990511839275
10015,8,256,10000,0.9664962214637707,0,0.026877514992384444,0,0.8843724739577044,0,0.0,0.03524462708820844,0,0.4826767804197723,0,0.5003100197468728,0,0.0001,0.8843724739577041,0,0.03271211079743097,0.0001,0.857199995922562,0.0004987876977373684,1.9119642624687583e-08,0.10757800249370415,0.4027839446890279
10015,8,1024,10000,0.8747482300453144,0,0.10099366302684304,0,0.9071059561248693,0,0.0,0.017628753735927434,0,0.4917840290785777,0,0.5006091438140623,0,0.0001,0.9071059561378494,0,0.0015798976251477637,0.0001,0.857199995922562,0.0018463281568726342,7.625532903454696e-08,0.18274693014564614,0.4183061642997363
10015,8,4096,10000,0.602809020104015,0,0.31888048151805076,0,0.9374914665253371,0,0.0,0.008815153993969725,0,0.49678934219700466,0,0.5012075638323432,0,0.0001,0.9374914665253381,0,0.0015798976251408803,0.0001,0.857199995922562,0.005958940931185819,3.002332174317779e-07,0.24830883046114274,0.4448904501505281
10015,8,16384,10000,0.2122034916508213,0,0.6193968407354018,0,0.9700832174965626,0,0.0,0.00440761845373433,0,0.5001900728823415,0,0.5024044799824774,0,0.0001,0.9700832174965638,0,0.00045372329268267286,0.0,0.857199995922562,0.014941054367243245,1.180517128718251e-06,0.3077981587131497,0.4795238055316948
10015,8,65536,10000,0.035489025021074844,0,0.9085369955936505,0,0.9931547443239357,0,0.0,0.0022037027385872505,0,0.5036858536915761,0,0.5047982789974355,0,0.0001,0.9931547443239389,0,0.00010797809717566498,0.0,0.857199995922562,0.02946580172007307,4.575742071644131e-06,0.3457735904909357,0.4872909497775588
10015,10,16,10000,0.999861801086319,0,0.00011153150625115016,0,0.8576926413003362,3,0.0,0.13994993408889322,0,0.43002988305173395,0,0.500005639385352,0,0.0014,0.8577160721833716,0,0.12223888766731328,0.0017005101530459137,0.8562984473824163,2.256408097978113e-06,3.7045988499073705e-11,0.0028254123386327536,0.1598979179550929
10015,10,64,10000,0.9994473444453049,0,0.00044604438062728624,0,0.8600973393417697,3,0.0,0.07038609215757126,0,0.46481671119519613,0,0.5000104960777585,0,0.0014,0.8600786629508277,0,0.038482726581911986,0.0012003601080324098,0.8562984473824163,8.627296752439229e-06,1.4164645012471056e-10,0.010656461470997455,0.2190842374107297
10015,10,256,10000,0.9977916172696649,0,0.0017828720703883527,0,0.8662508343097752,2,0.0,0.0352446354520192,0,0.4823972254693794,0,0.5000202571624885,0,0.0014,0.8661776245421828,0,0.28878614418119664,0.0010002000400080016,0.8562984473824163,3.3938342068995375e-05,5.60044599584586e-10,0.03686249858837616,0.3421537495108221
10015,10,1024,10000,0.9912021661544586,0,0.007110655834447532,0,0.8792523966980335,1,0.0,0.01762877232657531,0,0.49122471456153244,0,0.500039802396518,0,0.0014,0.8792407235319015,0,0.2171297505599068,0.00040004000400040005,0.8562984473824163,0.00013450675561887948,2.233640056248376e-09,0.0913783270154327,0.4028388160355384
10015,10,4096,10000,0.9654047888844723,0,0.028064931470489052,0,0.896594252031343,0,0.0,0.008815193058117673,0,0.4956706120935589,0,0.5000789041784741,0,0.0014,0.8965096773211026,0,0.17022722829115688,0.0003,0.8562984473824163,0.0005248381258755042,8.928021483223248e-09,0.15971994150127317,0.4530536082070086
10015,10,16384,10000,0.8698730127669392,0,0.10516194461566569,0,0.9222617602928735,0,0.0,0.00440769715735545,0,0.49795257223684997,0,0.5001571133239331,0,0.0014,0.922261760292868,0,0.16310610504217649,0.0002,0.8562984473824163,0.0019244378901839276,3.57055434718756e-08,0.21943053052726527,0.4741783342844146
10015,10,65536,10000,0.5907985837147924,0,0.32759465095845425,0,0.9489936802226138,0,0.0,0.002203860684564639,0,0.49921091291848474,0,0.500313534244718,0,0.0014,0.9489936802226133,0,0.02737008543401387,0.0003,0.8562984473824163,0.006041176170745344,1.4247956060531312e-07,0.2780995628456887,0.4798483267650667
10015,12,16,10000,0.9999925095164606,0,5.872364590708834e-06,0,0.8564156078948585,6,0.0,0.1399499340914147,0,0.4300252806723053,0,0.5000002880274215,0,0.0033,0.8564156079684184,0,0.21354151426188694,0.0054032419451671004,0.8561741645164076,1.1561812923721604e-07,6.910916283686677e-13,0.00038927100441076093,0.07490912254983906
10015,12,64,10000,0.9999700385169652,0,2.3489100159146403e-05,0,0.856676870047862,5,0.0,0.07038609216999023,0,0.464807452261867,0,0.5000005360793807,0,0.0033,0.8568530921995543,0,0.30024318416927664,0.0032016008004002003,0.8561741645164076,4.4206947796832097e-07,2.6422364296507804e-12,0.0014646832364417673,0.17252958765014514
10015,12,256,10000,0.999880161285416,0,9.395066976197741e-05,0,0.858786101277076,3,0.0,0.035244635485761525,0,0.4823786804119207,0,0.5000010346195738,0,0.0033,0.8588126050267307,0,0.0678904476638732,0.002100630189056717,0.8561741645164076,1.7469124745095321e-06,1.0446626896865045e-11,0.0054666570929239,0.2780287093590169
10015,12,1024,10000,0.9995207605964755,0,0.00037571100962419113,0,0.8640077275385625,2,0.0,0.01762877240466882,0,0.4911876108379181,0,0.5000020328773719,0,0.0033,0.8641039508994919,0,0.06789044766386965,0.0011002200440088017,0.8561741645164076,6.967322893958183e-06,4.1664244276873335e-11,0.020607840834640293,0.3500476251551089
10015,12,4096,10000,0.9980848879952608,0,0.0015013788986570353,0,0.8719584414635536,1,0.0,0.008815193220173868,0,0.4955963978309701,0,0.5000040299659723,0,0.0033,0.8719629060245884,0,0.3758936924925669,0.0006000600060006001,0.8561741645164076,2.781572463611548e-05,1.6653476930805772e-10,0.058883054277960124,0.39476730962198037
10015,12,16384,10000,0.9923670940071234,0,0.005982173497740273,0,0.8839617932801085,0,0.0,0.004407697492455143,0,0.4978041403256611,0,0.5000080244411891,0,0.0033,0.8839207790332895,0,0.2931367570352298,0.0005,0.8561741645164076,0.00010991958146572278,6.660166806948811e-10,0.11876035604944828,0.4451585376007081
10015,12,65536,10000,0.9698990904822793,0,0.02364084378799237,0,0.903385340601188,0,0.0,0.002203861354866946,0,0.49891404769639075,0,0.5000160136657219,0,0.0033,0.9033853406011955,0,0.2068632429647702,0.0004,0.8561741645164076,0.00041853173677508515,2.66394436509998e-09,0.1873355649668001,0.46498461045599226
10015,14,16,10000,0.9999995524201575,0,3.6830404971985794e-07,0,0.8563495122950201,43,0.0,0.1399499340914191,0,0.43002504973876365,0,0.5000000195156931,0,0.0108,0.8563291078510581,0,0.4512772167895196,0.012855277694084564,0.856247423338893,8.057563449792582e-09,2.2493118478905712e-14,5.709637608318208e-05,0.09944506516219753
10015,14,64,10000,0.9999982096822985,0,1.4732153700043628e-06,0,0.8565017743882732,28,0.0,0.07038609217001394,0,0.464806987681167,0,0.5000000363227943,0,0.0108,0.8565651418613422,0,0.3159177735409604,0.009526674689129563,0.856247423338893,3.080832944313272e-08,8.410494523047878e-14,0.0002183558076808863,0.1600375689139678
10015,14,256,10000,0.9999928387558933,0,5.892848216863166e-06,0,0.8571010944201417,19,0.0,0.03524463548583555,0,0.48237774988841436,0,0.5000000701020544,0,0.0108,0.8571212195383417,0,0.28593511477231526,0.006712754233042782,0.856247423338893,1.2181139025235765e-07,3.352040867099507e-13,0.000855314288188801,0.2548947423470914
10015,14,1024,10000,0.999971355450758,0,2.357118065789741e-05,0,0.8590860780318332,13,0.0,0.017628772404860514,0,0.49118574910981666,0,0.5000001377404428,0,0.0108,0.8591275652680749,0,0.37022229868813383,0.005106638630219285,0.856247423338893,4.858235930216281e-07,1.335809240998743e-12,0.003297967248790006,0.28941021844939463
10015,14,4096,10000,0.9998854286376057,0,9.428132738212273e-05,0,0.861452286254003,7,0.0,0.008815193220585642,0,0.4955926740390292,0,0.5000002730563684,0,0.0108,0.8614884077969118,0,0.48903514420894734,0.003702591814269989,0.856247423338893,1.941871743349477e-06,5.337669195526477e-12,0.012232063033966898,0.3612436805032099
10015,14,16384,10000,0.999541823879183,0,0.0003770709921755658,0,0.8677642273103054,4,0.0,0.004407697493315469,0,0.4977966925646954,0,0.5000005437078551,0,0.0108,0.8675646629439622,0,0.1586934182273787,0.0027010804321728693,0.856247423338893,7.744034936529864e-06,2.1346302503388885e-11,0.03644839140282311,0.42032627282833723
10015,14,65536,10000,0.9981690432152266,0,0.001507415315607709,0,0.8773617107531785,4,0.0,0.0022038613566263895,0,0.4988991518306084,0,0.5000010848998928,0,0.0108,0.8773791431074247,0,0.02821683332341074,0.0014005602240896359,0.856247423338893,3.085460007679064e-05,8.538301177196679e-11,0.0845613429127452,0.43040158802045025
10015,16,16,10000,0.9999999658363427,0,2.7655552070626754e-08,0,0.8592971811833199,90,0.0,0.13994993409141915,0,0.43002503410706694,0,0.5000000013403598,0,0.0281,0.8588844130218742,0,0.5827468199701382,0.0313824419778002,0.858883804214212,5.69925273641303e-10,7.771561172376096e-16,9.263394423664195e-06,0.05095585025003857
10015,16,64,10000,0.9999998633453808,0,1.1062220356405916e-07,0,0.8591806431812482,70,0.0,0.07038609217001476,0,0.46480695623409074,0,0.5000000024946896,0,0.0281,0.8589415712237841,0,0.5241370328247278,0.022860020140986908,0.858883804214212,2.179127933654712e-09,2.6645352591003757e-15,3.54150046342927e-05,0.15172498796002143
10015,16,256,10000,0.9999994533816852,0,4.4248873903862673e-07,0,0.8598822609234344,50,0.0,0.03524463548583727,0,0.48237768690208027,0,0.500000004814692,0,0.0281,0.8590397070078906,0,0.4864350256659492,0.01698492462311558,0.858883804214212,8.615937019396114e-09,8.543166174490585e-15,0.000138225116296735,0.26660190510823534
10015,16,1024,10000,0.999997813529327,0,1.7699537528392817e-06,0,0.8600915571152105,40,0.0,0.017628772404861923,0,0.49118562309141695,0,0.5000000094606274,0,0.0281,0.8599516111641634,0,0.5166312529935282,0.01104417670682731,0.858883804214212,3.436317386196208e-08,3.319011732116906e-14,0.0005519698973562941,0.29461430381360765
10015,16,4096,10000,0.999991254158693,0,7.079795755315921e-06,0,0.8616917079999475,26,0.0,0.008815193220588165,0,0.49559242198428644,0,0.5000000187599536,0,0.0281,0.8612088570509198,0,0.6418040067310958,0.007319029476639262,0.858883804214212,1.3735213250098965e-07,1.3457013281481542e-13,0.0021524868246053635,0.35160459729504145
10015,16,16384,10000,0.9999650172969182,0,2.83188749256591e-05,0,0.8637528267048058,18,0.0,0.004407697493321292,0,0.49779618843651174,0,0.5000000373477907,0,0.0281,0.863703629396645,0,0.4640045860382276,0.005309557202965338,0.858883804214212,5.493081397522914e-07,5.380973444601985e-13,0.008059340829768351,0.4093356132299094
10015,16,65536,10000,0.9998600797812593,0,0.00011327057035476207,0,0.8675169426488761,13,0.0,0.0022038613566379116,0,0.4988981435801775,0,0.5000000744225144,0,0.0281,0.8673500754471793,0,0.16916551554617865,0.004605987784119355,0.858883804214212,2.1971349264959805e-06,2.1522839066534543e-12,0.02662610515882146,0.41046711257855006
10015,18,16,10000,0.9999999981961667,0,1.4691450141745083e-09,0,0.852747624487412,265,0.0,0.13994993409141915,0,0.430025033015516,0,0.5000000000711884,0,0.0603,0.8519092649075639,0,0.5787157029895814,0.061633281972265024,0.8519090529387368,3.254985170286773e-11,0.0,1.4431581544349561e-06,0.005604722588747002
10015,18,64,10000,0.9999999927846668,0,5.876580049707414e-09,0,0.852315354998988,194,0.0,0.07038609217001504,0,0.464806954038161,0,0.5000000001324942,0,0.0603,0.8519098634068967,0,0.6020554314734086,0.04548235774015909,0.8519090529387368,1.244555569712702e-10,1.1102230246251565e-16,5.5179384172376555e-06,0.020438091952492243
10015,18,256,10000,0.9999999711386673,0,2.350631980942408e-08,0,0.8521721616834889,147,0.0,0.03524463548583849,0,0.48237768250375834,0,0.5000000002556886,0,0.0603,0.8519122573911586,0,0.6055134137234012,0.03389830508474576,0.8519090529387368,4.920781560002752e-10,3.3306690738754696e-16,2.181677527818269e-05,0.06205741517211594
10015,18,1024,10000,0.9999998845546759,0,9.402527361782965e-08,0,0.8524400994991687,104,0.0,0.01762877240486227,0,0.4911856142916043,0,0.500000000502901,0,0.0603,0.8520707373453417,0,0.4541581870041824,0.026879547291835084,0.8519090529387368,1.96256833007169e-09,1.1102230246251565e-15,8.700756730989859e-05,0.16018669165417487
10015,18,4096,10000,0.9999995382188045,0,3.7610100455345623e-07,0,0.8525453476740328,75,0.0,0.008815193220588963,0,0.49559240437933516,0,0.5000000009984311,0,0.0603,0.8521973646690382,0,0.6639460302931187,0.02075566750629723,0.8519090529387368,7.844528637779291e-09,3.54716256367738e-15,0.00034769731220470686,0.28312348955513345
10015,18,16384,10000,0.9999981528768302,0,1.5044025815266803e-06,0,0.8535778682957785,53,0.0,0.004407697493322409,0,0.49779615323318194,0,0.5000000019886082,0,0.0603,0.8532034886435638,0,0.6294150217062948,0.01538152206695486,0.8519090529387368,3.137235826677909e-08,1.432187701766452e-14,0.0013789499637670657,0.3393956950396734
10015,18,65536,10000,0.9999926115331201,0,6.017587340349536e-06,0,0.8562053096303206,38,0.0,0.002203861356639866,0,0.4988980732210408,0,0.5000000039079749,0,0.0603,0.8557444134312295,0,0.27089059695897,0.012447299739008232,0.8519090529387368,1.254834928188231e-07,5.82811576776976e-14,0.005374897239863329,0.3415537892600883
10015,20,16,10000,0.9999999998840984,0,9.511363918690563e-11,0,0.8564234702400462,506,0.0,0.13994993409141926,0,0.4300250329583478,0,0.5000000000047177,0,0.1102,0.8556244526175908,0,0.5331561226541193,0.10511902254055193,0.8556244526166539,1.8655632594288818e-12,-1.1102230246251565e-16,1.5921770550875166e-07,0.0006798222956090338
10015,20,64,10000,0.9999999995363934,0,3.8045444572532006e-10,0,0.8561824226003336,377,0.0,0.07038609217001539,0,0.4648069539231572,0,0.500000000008783,0,0.1102,0.8556244526202361,0,0.5056599401686126,0.08427725241608645,0.8556244526166539,7.132960888611706e-12,0.0,6.087736691584572e-07,0.0026045580275934066
10015,20,256,10000,0.9999999981455736,0,1.5218176718789778e-09,0,0.8553753087351254,301,0.0,0.0352446354858391,0,0.4823776822734341,0,0.5000000000169509,0,0.1102,0.8556244526308174,0,0.641677144893758,0.060831013506547064,0.8556244526166539,2.8202828961099158e-11,0.0,2.4069988439123757e-06,0.010361656091362303
10015,20,1024,10000,0.9999999925822947,0,6.0872707985382135e-09,0,0.8556244380709113,218,0.0,0.017628772404862394,0,0.4911856138303057,0,0.5000000000333247,0,0.1102,0.8556653921188396,0,0.5821231333369976,0.04814966264567573,0.8556244526166539,1.1248185716183912e-10,1.1102230246251565e-16,9.599920640679374e-06,0.04124758349274893
10015,20,4096,10000,0.9999999703291793,0,2.434908297210825e-08,0,0.8557956680116978,147,0.0,0.008815193220589355,0,0.49559240345525024,0,0.5000000000661284,0,0.1102,0.8556653983866204,0,0.5567922131820874,0.037349030752055215,0.8556244526166539,4.4959813649825264e-10,3.3306690738754696e-16,3.8371944491055714e-05,0.1351160893329828
10015,20,16384,10000,0.9999998813167237,0,9.739632772509665e-08,0,0.8567008491746013,104,0.0,0.004407697493323081,0,0.49779615138366523,0,0.5000000001309044,0,0.1102,0.8566137114242717,0,0.5383752435289452,0.029911075181891674,0.8556244526166539,1.7980633648662092e-09,8.881784197001252e-16,0.00015347579747745918,0.2616790094911533
10015,20,65536,10000,0.9999995252670026,0,3.8958524190002564e-07,0,0.8571439254107469,78,0.0,0.0022038613566411035,0,0.4988980696212671,0,0.5000000003002518,0,0.1102,0.8571953920520627,0,0.48361494719919984,0.02328159645232816,0.8556244526166539,7.191922779536952e-09,2.6645352591003757e-15,0.0006140806800546566,0.352451878614091
10015,22,16,10000,0.9999999999922222,0,6.141675864248812e-12,0,0.8569537639335315,950,0.0,0.1399499340914193,0,0.4300250329545702,0,0.5000000000003252,0,0.1885,0.8538806704781792,0,0.5499591365553161,0.16243093922651933,0.8538806703569763,1.2645440250480533e-13,-2.220446049250313e-16,1.635666316279759e-08,0.004124563794628333
10015,22,64,10000,0.9999999999688887,0,2.4566703456615462e-11,0,0.8555229497629884,748,0.0,0.07038609217001576,0,0.464806953915554,0,0.5000000000006039,0,0.1885,0.8538871883484169,0,0.5863007683138272,0.13326848249027237,0.8538806703569763,4.835576383754869e-13,-1.1102230246251565e-16,6.254018330986705e-08,0.015579893684004364
10015,22,256,10000,0.9999999998755548,0,9.826681382038481e-11,0,0.8550839108287114,577,0.0,0.035244635485839636,0,0.4823776822582087,0,0.5000000000011671,0,0.1885,0.8538871895506501,0,0.6265475457118715,0.10845802822880186,0.8538806703569763,1.9119705818582133e-12,-1.1102230246251565e-16,2.472742695880379e-07,0.056471989736371575
10015,22,1024,10000,0.9999999995022191,0,3.9306725518430886e-10,0,0.8542454806956358,438,0.0,0.017628772404862394,0,0.49118561379988346,0,0.5000000000023563,0,0.1885,0.8538871943595837,0,0.4853052631566551,0.08878895628529597,0.8538806703569763,7.624512132764494e-12,0.0,9.86210699693845e-07,0.13420674621156004
10015,22,4096,10000,0.9999999980088765,0,1.5722690191815312e-09,0,0.855213901315139,331,0.0,0.008815193220589355,0,0.4955924033974545,0,0.5000000000078184,0,0.1885,0.8538872135953179,0,0.48403285132461593,0.06805253904230013,0.8538806703569763,3.047539998135562e-11,0.0,3.9419577952837205e-06,0.16032143758984585
10015,22,16384,10000,0.9999999920355062,0,6.28907605183499e-09,0,0.8544441346693226,257,0.0,0.004407697493323081,0,0.4977961512639674,0,0.5000000000106744,0,0.1885,0.8539149462433997,0,0.5654120035227156,0.05419275377193883,0.8538806703569763,1.2187950648723245e-10,1.1102230246251565e-16,1.5764968106957142e-05,0.20124681050020232
10015,22,65536,10000,0.9999999681420251,0,2.5156303809081243e-08,0,0.8549704244362429,209,0.0,0.002203861356641258,0,0.4988980694492767,0,0.5000000001278777,0,0.1885,0.8542400268271346,0,0.4652105561822001,0.0398324992339904,0.8538806703569763,4.874970982449156e-10,2.220446049250313e-16,6.305735651570548e-05,0.2664001995235715
10015,24,16,10000,0.999999999999493,0,3.957125098957635e-13,0,0.8510973372879082,1643,0.0,0.13994993409141934,0,0.4300250329543075,0,0.5000000000000199,0,0.284,0.8501358814314174,0,0.6500452991442563,0.2279526145746081,0.8501358814314124,7.93809462606987e-15,-4.440892098500626e-16,2.4056189151799536e-09,0.0014387833177350595
10015,24,64,10000,0.9999999999979718,0,1.5828500395823685e-12,0,0.8525384610801586,1340,0.0,0.07038609217001596,0,0.4648069539150274,0,0.5000000000000376,0,0.284,0.8501358814314328,0,0.5984009527089604,0.19110854503464203,0.8501358814314124,3.0309088572266774e-14,-3.3306690738754696e-16,9.197954281558884e-09,0.005498702201948702
10015,24,256,10000,0.9999999999918874,0,6.331289136016042e-12,0,0.8507094466914207,1078,0.0,0.03524463548583982,0,0.48237768225715816,0,0.5000000000000813,0,0.284,0.8501358814314957,0,0.6150278090684185,0.15814839722035418,0.8501358814314124,1.1984857550828565e-13,-2.220446049250313e-16,3.6367298594796667e-08,0.02158092830448466
10015,24,1024,10000,0.9999999999675493,0,2.532493449928382e-11,0,0.8501075944242598,862,0.0,0.017628772404862176,0,0.49118561379805803,0,0.5000000000004979,0,0.284,0.8501470334761767,0,0.6499712965440778,0.1320857955789013,0.8501358814314124,4.789502128232925e-13,-1.1102230246251565e-16,1.4504469330600485e-07,0.0782448142797103
10015,24,4096,10000,0.999999999870197,0,1.0129984901663079e-10,0,0.8508775994040265,674,0.0,0.008815193220589355,0,0.495592403395798,0,0.5000000000061467,0,0.284,0.8501678184415677,0,0.6191882036172242,0.10904996783186789,0.8501358814314124,1.914302050209926e-12,-1.1102230246251565e-16,5.797545828078933e-07,0.17685483581598527
10015,24,16384,10000,0.9999999994807882,0,4.051994515327615e-10,0,0.8511007386750772,525,0.0,0.004407697493323081,0,0.49779615125882304,0,0.5000000000055091,0,0.284,0.8501678633957255,0,0.6088276321699873,0.09108179419525066,0.8501358814314124,7.65876251307418e-12,0.0,2.318599094452947e-06,0.21149195358663186
10015,24,65536,10000,0.9999999979231531,0,1.6207978054124586e-09,0,0.8512056714786012,394,0.0,0.002203861356641258,0,0.49889806936316294,0,0.5000000000415741,0,0.284,0.8501703088832022,0,0.5537544029823169,0.07724338954819904,0.8501358814314124,3.0633551251213476e-11,0.0,9.274056387897789e-06,0.21189957399726822
10016,2,16,10000,0.04458346670683923,0,0.9310001589749941,0,0.9905817301642215,0,0.0,0.11643539321698493,0,0.6905403081428529,0,0.7822599631679952,0,0.0,0.9905817301642215,0,3.940258230805682e-09,0.0,0.852384337227556,0.062173224283835926,0.00034839568662288213,0.2789576075656556,0.32311562917146763
10016,2,64,10000,0.00017950864108687254,0,0.9997145307848185,0,0.9999402282293701,0,0.0,0.029441438974354573,0,0.8972221444907198,0,0.9247069166554429,0,0.0,0.999940228229372,0,1.0600524902315556e-09,0.0,0.852384337227556,0.09209834666616601,0.0006899450285305864,0.3482174945052153,0.39387362078382226
10016,2,256,10000,3.7398990259859e-13,0,0.9999999999993527,0,0.9999999999996213,0,0.0,0.000933332508767179,0,0.9961930421817877,0,0.9971341759612582,0,0.0,0.9999999999998663,0,2.4498203465839197e-10,0.0,0.852384337227556,0.11467026256714852,0.0009871061975109342,0.39137125944260354,0.43975388047725417
10016,2,1024,10000,5.148249976435652e-47,0,1.0,0,1.0,0,0.0,7.371904021858591e-09,0,0.9999999675363925,0,0.9999999750057063,0,0.0,1.0,0,3.8058334261847904e-11,0.0,0.852384337227556,0.12996913377622538,0.0012384583793178918,0.41625338061754724,0.46693222273243185
10016,2,4096,10000,2.2980664036550958e-209,0,1.0,0,1.0,0,0.0,2.4022699838833256e-28,0,0.999999999999701,0,0.9999999999997171,0,0.0,1.0,0,1.3656742403611588e-11,0.0,0.852384337227556,0.13844261268329672,0.0014078195544322658,0.4322537333708232,0.48203781043276916
10016,2,16384,10000,0.0,0,1.0,0,1.0,0,0.0,1.3227498834861835e-109,0,1.0,0,1.0,0,0.0,1.0,0,7.996947548605249e-11,0.0,0.852384337227556,0.14193435650872377,0.0015451233746558385,0.4444799211516672,0.4902958293902083
10016,2,65536,10000,0.0,0,1.0,0,1.0,0,0.0,0.0,0,0.9999999999666902,0,0.9999999999667056,0,0.0,1.0,0,3.7476721725937523e-10,0.0,0.852384337227556,0.14440604706114818,0.0015769896911636495,0.4509565590204004,0.4949425678874235
10016,4,16,10000,0.610649549182523,0,0.3081748901852374,0,0.910570957512348,0,0.0,0.13987630218929292,0,0.44715648379930534,0,0.519975990379341,0,0.0,0.910570957512348,0,1.6513842182597216e-08,0.0,0.854131200606114,0.007394601744570184,4.780055737180211e-06,0.16273095654842493,0.3199966804870942
10016,4,64,10000,0.22376897535697501,0,0.5992878220074396,0,0.953867702849801,0,0.0,0.07017165774216269,0,0.49941384552522433,0,0.5371361094025304,0,0.0,0.9538677028498014,0,1.1148704959218492e-08,0.0,0.854131200606114,0.02032202377849368,1.6916481566620076e-05,0.24293461173881434,0.3827522558650661
10016,4,256,10000,0.044335581640578894,0,0.9024842271254493,0,0.9895228059622376,0,0.0,0.03475647525587625,0,0.5515039475856738,0,0.5713704526028947,0,0.0,0.9895228059622391,0,9.296066139086179e-10,0.0,0.854131200606114,0.04334574737756858,5.68192686247915e-05,0.3091971423613052,0.42962643464903816
10016,4,1024,10000,0.0005639354760107798,0,0.9988424863614191,0,0.9998033514472286,0,0.0,0.016615171755121266,0,0.6274385962755833,0,0.6380727267100921,0,0.0,0.9998033514472306,0,2.282025679534172e-10,0.0,0.854131200606114,0.06760206684615466,0.00015934729050016142,0.35735860743764714,0.46380167880460954
10016,4,4096,10000,4.8962066664381124e-11,0,0.9999999999097955,0,0.9999999999739766,0,0.0,0.006936933162605019,0,0.752802718169193,0,0.7580834126680427,0,0.0,0.9999999999739793,0,3.357158995243026e-11,0.0,0.854131200606114,0.08983027442343733,0.00037297766399917447,0.3909740627241954,0.47955705450288866
10016,4,16384,10000,1.407172353177606e-38,0,1.0,0,1.0,0,0.0,0.0016809853057341124,0,0.9167145830620005,0,0.9182661861540147,0,0.0,1.0,0,1.0103895498048132e-10,0.0,0.854131200606114,0.10722703386258087,0.0006242806548037495,0.41584871539485124,0.487905018965735
10016,4,65536,10000,4.0729795601530816e-162,0,0.9999999999991809,0,0.9999999999997036,0,0.0,4.661837705837269e-05,0,0.9972393199490812,0,0.9972859900387545,0,0.0,1.0,0,4.153755117641822e-10,0.0,0.854131200606114,0.12229780788860312,0.0009236803794007543,0.4325944944867058,0.492085036814669
10016,6,16,10000,0.9655951819397026,0,0.027311690775909905,0,0.8718115636140543,0,0.0,0.13994968603797836,0,0.43120946564803786,0,0.5013768912448879,0,0.0,0.8718115636140544,0,4.2829664653520894e-05,0.0,0.855268030889365,0.0005122995299174371,7.661162247374344e-08,0.0614893941569271,0.29958555456958125
10016,6,64,10000,0.8708835189632003,0,0.10254608253675312,0,0.8929186069615396,0,0.0,0.07038518578880776,0,0.4671898561125353,0,0.5025626699150221,0,0.0,0.8929186069615389,0,2.8498972274304535e-06,0.0,0.855268030889365,0.0018680925045467256,2.9181850518256176e-07,0.13378619294986838,0.33480156816691764
10016,6,256,10000,0.5932435994970924,0,0.32027503300592053,0,0.9283397620171845,0,0.0,0.03524248790384328,0,0.4871504241914112,0,0.5049457927145844,0,0.0,0.9283397620171923,0,9.87078338732239e-07,0.0,0.855268030889365,0.0061892954831969105,1.1366755467923098e-06,0.21603684980668622,0.407620673501918
10016,6,1024,10000,0.20957675675037862,0,0.614805141174964,0,0.9642126653472449,0,0.0,0.01762391638837484,0,0.500733928508518,0,0.5097170474456707,0,0.0,0.9642126653472443,0,6.381592798643254e-08,0.0,0.855268030889365,0.017360907539485493,4.432610967092244e-06,0.2796864080395374,0.44841961350966153
10016,6,4096,10000,0.03653506475494033,0,0.9090170190797617,0,0.9917801587506938,0,0.0,0.00880524959467082,0,0.5146853218023053,0,0.519257438908829,0,0.0,0.9917801587506936,0,2.0091568742053312e-08,0.0,0.855268030889365,0.03600945052265131,1.5767129363530864e-05,0.330321122850318,0.4659744287398282
10016,6,16384,10000,0.0003820232773638283,0,0.9991556824484692,0,0.9998647943564917,0,0.0,0.00438762611212919,0,0.5359391735075367,0,0.538300995683128,0,0.0,0.9998647943564917,0,1.840119556728581e-08,0.0,0.855268030889365,0.05682638949820745,5.191794432263808e-05,0.3688997652896268,0.48533281664235495
10016,6,65536,10000,1.4163927403911579e-11,0,0.9999999998240898,0,0.9999999998453841,0,0.0,0.0021638359959251126,0,0.574836800202239,0,0.5760833499761295,0,0.0,0.9999999999911808,0,1.8727189798894983e-09,0.0,0.855268030889365,0.07885777605897748,0.00013127834261563722,0.395191236871562,0.4886580845645063
10016,8,16,10000,0.9980503111169331,0,0.0015476902967420732,0,0.8607677452096889,0,0.0,0.13994993344374532,0,0.4300909801104836,0,0.5000766772717724,0,0.0,0.8607677451778977,0,0.001041351334206797,0.0001,0.8552031532551956,3.186231884222401e-05,1.3197930137653915e-09,0.014006210129787165,0.19650977517914314
10016,8,64,10000,0.9922292746463472,0,0.0061739495959270314,0,0.8678788625604588,0,0.0,0.07038608947384682,0,0.4649396233101863,0,0.5001427124667779,0,0.0,0.8678788625611837,0,0.00029640043631662394,0.0,0.8552031532551956,0.00012115477871249558,5.046268247710374e-09,0.04375591851672503,0.33454928686644103
10016,8,256,10000,0.9693536989389806,0,0.024376850740209843,0,0.8834847098160992,0,0.0,0.035244628702729645,0,0.4826434100718112,0,0.5002754314055009,0,0.0,0.8834847098125305,0,3.9771547516664896e-05,0.0,0.8552031532551956,0.0004647949783593841,1.9952166724346302e-08,0.1077375944728305,0.39362075039377353
10016,8,1024,10000,0.8842272110293148,0,0.09253272395816138,0,0.9083270967406862,0,0.0,0.017628757566493593,0,0.4917172640091989,0,0.5005411827756392,0,0.0,0.9083270967407366,0,1.451042057931673e-05,0.0,0.8552031532551956,0.0017209821847390394,7.957573810446485e-08,0.18446299403311506,0.41373141779411193
10016,8,4096,10000,0.6258200193966421,0,0.2983593145035828,0,0.9376342345994625,0,0.0,0.008815162337626343,0,0.49665580024593503,0,0.5010728384487084,0,0.0,0.9376342345994625,0,6.076370241636653e-06,0.0,0.8552031532551956,0.005809483625629774,3.1806965954395145e-07,0.25191805474627893,0.45048598330864287
10016,8,16384,10000,0.23243270860095172,0,0.5951235154905591,0,0.9695319143851355,0,0.0,0.004407634985756374,0,0.49992298609116403,0,0.5021362191973148,0,0.0,0.9695319143860648,0,2.021050617972975e-06,0.0,0.8552031532551956,0.015054436723848708,1.2669470084603064e-06,0.3036386370976201,0.4785324623662731
10016,8,65536,10000,0.04372525560041354,0,0.8918184968687569,0,0.9917871844589454,0,0.0,0.002203736195783234,0,0.5031517028002435,0,0.5042629652957422,0,0.0,0.9917871844589459,0,2.445375528736804e-07,0.0,0.8552031532551956,0.03003046717467167,4.884054962306373e-06,0.3421145739018135,0.48195271522736893
10016,10,16,10000,0.9998671529624754,0,0.00010443417619376217,0,0.8573044514759398,2,0.0,0.13994993408921602,0,0.4300297993682002,0,0.5000055420185339,0,0.0005,0.8572887040237602,0,0.47700123139434947,0.0011002200440088017,0.8546969945553154,2.2293019704133776e-06,3.613957466619412e-11,0.003075499011920238,0.2032135519557704
10016,10,64,10000,0.9994687180750464,0,0.0004176118076810163,0,0.8600459572579038,0,0.0,0.07038609215897212,0,0.4648165427581513,0,0.5000103148577226,0,0.0005,0.8600631090221789,0,0.19936675571831475,0.0008,0.8546969945553154,8.52141832585751e-06,1.3818081678884657e-10,0.01156729313127488,0.256380958336504
10016,10,256,10000,0.9978767972716687,0,0.0016685628923204761,0,0.8672236314429518,0,0.0,0.03524463545419,0,0.4823968880592655,0,0.5000199074123506,0,0.0005,0.867308048336805,0,0.10829705109109611,0.0003,0.8546969945553154,3.3466404207038725e-05,5.463456853593841e-10,0.03781206606679872,0.3337662908077079
10016,10,1024,10000,0.991538869278187,0,0.006653531508087968,0,0.8790315041857826,0,0.0,0.017628772331505206,0,0.4912240394729344,0,0.5000391151877677,0,0.0005,0.8790315041857835,0,0.015462769855887792,0.0003,0.8546969945553154,0.00013105663935603085,2.179005148539304e-09,0.09454190948992548,0.40958230577501176
10016,10,4096,10000,0.9667286784758804,0,0.026173860028188993,0,0.8973208940773265,0,0.0,0.008815193063119602,0,0.49566926177724174,0,0.5000775418524133,0,0.0005,0.8973208940781783,0,0.005613007114602109,0.0003,0.8546969945553154,0.0005071202665138386,8.709639576220954e-09,0.16418222113327177,0.4435816339662979
10016,10,16384,10000,0.8747090024640433,0,0.09886272781211364,0,0.9205613573602763,0,0.0,0.004407697171790162,0,0.49794987154486076,0,0.5001544006794921,0,0.0005,0.9205613573602791,0,0.0015628717117220914,0.0001,0.8546969945553154,0.0017748096009495562,3.4832125600514636e-08,0.2251305159557769,0.476160934555235
10016,10,65536,10000,0.6026001110026465,0,0.31654158899051654,0,0.9486392267076219,0,0.0,0.002203860703759688,0,0.4992055116424473,0,0.5003081210494952,0,0.0005,0.9486392267076194,0,0.0004487254728904322,0.0,0.8546969945553154,0.005608888003997892,1.3932124277027393e-07,0.28067362714786853,0.4776404498339303
10016,12,16,10000,0.9999918596497088,0,6.413844395758428e-06,0,0.8526506914424214,12,0.0,0.13994993409141193,0,0.4300253056661728,0,0.500000317088364,0,0.0034,0.8526089897567027,0,0.37047333311883035,0.0038045654785742893,0.8521050589835195,1.371875817390844e-07,8.457345934687062e-13,0.0004723082686087334,0.11624555747535836
10016,12,64,10000,0.9999674391826596,0,2.5654933031138416e-05,0,0.8535385092870362,8,0.0,0.07038609216997566,0,0.4648075025433045,0,0.5000005901678912,0,0.0034,0.8535751328835788,0,0.17852813600111384,0.0025020016012810248,0.8521050589835195,5.245398382869304e-07,3.231720446805755e-12,0.001802646314541802,0.2466299928829726
10016,12,256,10000,0.999869766071201,0,0.00010261261981669989,0,0.8563712078636333,5,0.0,0.03524463548573184,0,0.4823787811221228,0,0.5000011390089314,0,0.0034,0.8563401991363573,0,0.3240116203923753,0.0022011005502751376,0.8521050589835195,2.0717184964769153e-06,1.277550287781538e-11,0.0068911843219523535,0.3255049991086941
10016,12,1024,10000,0.9994792136939594,0,0.0004103367157214932,0,0.8619944832096309,3,0.0,0.017628772404611897,0,0.49118781233268083,0,0.5000022379879587,0,0.0034,0.862013823940784,0,0.5385397223788505,0.0015004501350405122,0.8521050589835195,8.244699894244256e-06,5.095121546894181e-11,0.02552047259950493,0.385852645301339
10016,12,4096,10000,0.9979192427743795,0,0.0016395287799757519,0,0.8723413127571382,1,0.0,0.008815193220060321,0,0.49559680086263097,0,0.5000044365819845,0,0.0034,0.8724014703354127,0,0.3912957014086629,0.0012001200120012002,0.8521050589835195,3.275188004170371e-05,2.0365474862060765e-10,0.06901998745541922,0.4326204826217336
10016,12,16384,10000,0.9917150165800579,0,0.0065281542937998815,0,0.8854307255078844,1,0.0,0.004407697492254546,0,0.4978049464003723,0,0.5000088340844673,0,0.0034,0.8855557665044151,0,0.06433141670081677,0.0007000700070007,0.8521050589835195,0.00012647346245842073,8.144632246409606e-10,0.13358383981508784,0.4331285803189123
10016,12,65536,10000,0.9673630596218378,0,0.025736869367222685,0,0.9044934011226698,1,0.0,0.002203861354501257,0,0.4989156597178377,0,0.5000176292474992,0,0.0034,0.9044807023748751,0,0.014946378666338411,0.0006000600060006001,0.8521050589835195,0.00048016133472161826,3.2577072928141628e-09,0.19518313017328742,0.45039814995898986
10016,14,16,10000,0.9999995626671698,0,3.523308365939659e-07,0,0.8582246554105666,31,0.0,0.1399499340914191,0,0.43002504898103217,0,0.5000000186346614,0,0.01,0.8583360669175761,0,0.2726433938169584,0.013241047246464039,0.8582372022554481,7.288036785180196e-09,2.14217532601424e-14,6.057458893781726e-05,0.04162522308911065
10016,14,64,10000,0.99999825067006,0,1.4093224840177767e-06,0,0.858266867591897,24,0.0,0.07038609217001394,0,0.46480698615680516,0,0.500000034683014,0,0.01,0.8584944983686352,0,0.5015292310596168,0.00801924619085806,0.8582372022554481,2.7866019269850995e-08,8.147371666211713e-14,0.00023153352985954547,0.10279619241531168
10016,14,256,10000,0.9999930027023269,0,5.637276139129801e-06,0,0.85912149578058,10,0.0,0.03524463548583557,0,0.48237774683521784,0,0.5000000669373187,0,0.01,0.8591885835755888,0,0.30637509214489567,0.006306306306306306,0.8582372022554481,1.1002514793689855e-07,3.2179814368760167e-13,0.0009067731589110737,0.2285544070583676
10016,14,1024,10000,0.9999720111626896,0,2.254888380632388e-05,0,0.8608342139587629,5,0.0,0.01762877240486067,0,0.4911857430007066,0,0.5000001315217036,0,0.01,0.8609934619667026,0,0.42559501712254955,0.0038019009504752376,0.8582372022554481,4.388162251900418e-07,1.2821688155639779e-12,0.0035665847798979815,0.2997641012557605
10016,14,4096,10000,0.9998880503046031,0,9.019200335284211e-05,0,0.8648539458929629,4,0.0,0.008815193220585764,0,0.4955926618144183,0,0.5000002607230363,0,0.01,0.8648812550065498,0,0.10589057228179266,0.0028011204481792717,0.8582372022554481,1.7539801330790361e-06,5.1252113664190805e-12,0.013385333424317861,0.4134648287734931
10016,14,16384,10000,0.9995522916629875,0,0.0003606939902689721,0,0.8701711508515865,4,0.0,0.004407697493315793,0,0.49779666812186574,0,0.5000005191568099,0,0.01,0.8702114637092433,0,0.10589057228179544,0.0020008003201280513,0.8582372022554481,6.9999223310523995e-06,2.0497820107934218e-11,0.04111511208166626,0.42695097992868125
10016,14,65536,10000,0.9982106126818163,0,0.0014414488389225485,0,0.8802771251313165,2,0.0,0.0022038613566271173,0,0.49889910320101183,0,0.5000010361628877,0,0.01,0.8801612600366837,0,0.11482698031844119,0.0009001800360072014,0.8582372022554481,2.7806015103826187e-05,8.198529077851903e-11,0.09539606156593813,0.45253882110991517
10016,16,16,10000,0.9999999704536047,0,2.3576432023605204e-08,0,0.8541220100712859,104,0.0,0.13994993409141915,0,0.4300250339706174,0,0.500000001181707,0,0.0281,0.8540496993726316,0,0.6395064269814746,0.03041632983023444,0.8540496966696445,5.01064745250801e-10,6.661338147750939e-16,1.0011991393737918e-05,0.0213866771479142
10016,16,64,10000,0.9999998818144243,0,9.430572396866227e-08,0,0.8540829066516977,81,0.0,0.07038609217001476,0,0.46480695595959254,0,0.500000002199408,0,0.0281,0.854122197429561,0,0.4232613988317147,0.021776388748865814,0.8540496966696445,1.915836100874202e-09,2.220446049250313e-15,3.8281711343801396e-05,0.06759342340584751
10016,16,256,10000,0.9999995272577886,0,3.7722282964046975e-07,0,0.8542022557185194,59,0.0,0.03524463548583745,0,0.48237768635228906,0,0.5000000042448159,0,0.0281,0.8543670169042596,0,0.5219790386910209,0.014384870737350368,0.8540496966696445,7.574919413944059e-09,7.65498775479046e-15,0.00015136892803759749,0.11803599969244338
10016,16,1024,10000,0.9999981090326152,0,1.5088902613132368e-06,0,0.8548199271804244,43,0.0,0.017628772404861916,0,0.4911856219909876,0,0.500000008340451,0,0.0281,0.8550339252776876,0,0.5224681595181503,0.010344481269458672,0.8540496966696445,3.0211218748910085e-08,2.9748425944831075e-14,0.0006038481275160004,0.21498598321465923
10016,16,4096,10000,0.9999924361538315,0,6.035544128567536e-06,0,0.8560262655690198,30,0.0,0.008815193220588243,0,0.49559241977807045,0,0.5000000165341174,0,0.0281,0.8561225910265013,0,0.30689511629632127,0.008124373119358074,0.8540496966696445,1.2075588345927812e-07,1.2047585151719895e-13,0.0024155249895484172,0.25014825647698546
10016,16,16384,10000,0.9999697449892524,0,2.414190584778943e-05,0,0.8583440848320747,20,0.0,0.004407697493321166,0,0.4977961840304191,0,0.5000000329221909,0,0.0281,0.8583440846785915,0,0.5243480940497249,0.006713426853707414,0.8540496966696445,4.829260154548543e-07,4.81381601247222e-13,0.008801482513313369,0.3311399956736938
10016,16,65536,10000,0.9998789859395656,0,9.656329291554123e-05,0,0.8634885618935815,15,0.0,0.0022038613566378656,0,0.49889813480589273,0,0.5000000656288504,0,0.0281,0.8635237449786721,0,0.3076058733475847,0.004606910365548322,0.8540496966696445,1.9293280414389713e-06,1.923544656889932e-12,0.027990497159606904,0.42158053241559634
10016,18,16,10000,0.9999999980132532,0,1.6294954376684857e-09,0,0.8522577930630161,260,0.0,0.13994993409141915,0,0.4300250330210473,0,0.5000000000776197,0,0.0607,0.851791780809179,0,0.6350811178947388,0.060369609856262836,0.8517917792864915,3.2491953572133525e-11,0.0,1.1170088550060954e-06,0.01779149000627056
10016,18,64,10000,0.9999999920530133,0,6.517981519567667e-09,0,0.8522809747650174,187,0.0,0.07038609217001507,0,0.4648069540492925,0,0.5000000001444687,0,0.0607,0.8517917851085296,0,0.5915270911742431,0.04687659227555284,0.8517917792864915,1.2423556627894072e-10,2.220446049250313e-16,4.270872364586782e-06,0.05852392340614132
10016,18,256,10000,0.9999999682120533,0,2.607192565572817e-08,0,0.8523637456144878,137,0.0,0.03524463548583848,0,0.4823776825260112,0,0.5000000002787575,0,0.0607,0.8518303763730979,0,0.547452551324567,0.03660143972422184,0.8517917792864915,4.912087403496912e-10,4.440892098500626e-16,1.689528951133167e-05,0.11339702300066956
10016,18,1024,10000,0.9999998728482201,0,1.0428769536263306e-07,0,0.852865809877195,105,0.0,0.017628772404862283,0,0.49118561433530217,0,0.500000000547383,0,0.0607,0.8519211534938507,0,0.4672017040211459,0.026983324911571502,0.8517917792864915,1.9591002708985172e-09,1.2212453270876722e-15,6.742944097578584e-05,0.15753184139530396
10016,18,4096,10000,0.9999994913929885,0,4.1715066445339363e-07,0,0.8531931759675624,74,0.0,0.008815193220588994,0,0.49559240446304925,0,0.500000001082889,0,0.0607,0.852573029323746,0,0.5028263060759742,0.01994761233125126,0.8517917792864915,7.830666670649578e-09,4.1022740759899585e-15,0.0002689611249363395,0.28801338514875763
10016,18,16384,10000,0.9999979655736813,0,1.6686007847495364e-06,0,0.853802003216369,45,0.0,0.004407697493322431,0,0.4977961534008586,0,0.500000002157029,0,0.0607,0.8532457037606489,0,0.6553574240297888,0.0155700652938222,0.8517917792864915,3.1316905513278925e-08,1.6298074001497318e-14,0.0010751422589544812,0.3321236284221155
10016,18,65536,10000,0.9999918623223629,0,6.674373170775552e-06,0,0.8550662032937723,32,0.0,0.0022038613566399876,0,0.49889807363105876,0,0.5000000043188959,0,0.0607,0.8548297701618558,0,0.43234612394715666,0.011837881219903692,0.8517917792864915,1.252614638680427e-07,6.433742427702787e-14,0.004154099694874222,0.3540506606017768
10016,20,16,10000,0.9999999998823937,0,9.297860799528639e-11,0,0.8551588239568664,546,0.0,0.13994993409141926,0,0.4300250329580663,0,0.5000000000043905,0,0.1179,0.8542686819785236,0,0.6441462629302617,0.10566955785910725,0.8542686808724004,1.832700657899977e-12,-1.1102230246251565e-16,1.2473371548970983e-07,0.0013188869817382098
10016,20,64,10000,0.999999999529575,0,3.719143764424086e-10,0,0.8546566025192129,420,0.0,0.07038609217001539,0,0.4648069539225876,0,0.5000000000081699,0,0.1179,0.8542686851016963,0,0.6123241532540383,0.08392484342379958,0.8542686808724004,7.0067285307118254e-12,0.0,4.769180358965518e-07,0.0050513685288380294
10016,20,256,10000,0.9999999981182999,0,1.4876575608394168e-09,0,0.8534884392735362,314,0.0,0.03524463548583907,0,0.4823776822722972,0,0.5000000000157736,0,0.1179,0.8542686975943858,0,0.620386170917775,0.06607474705760892,0.8542686808724004,2.77024514439006e-11,0.0,1.885581555438591e-06,0.020000876486796382
10016,20,1024,10000,0.9999999924731995,0,5.950630291806912e-09,0,0.8538939789896525,235,0.0,0.017628772404862394,0,0.4911856138279027,0,0.5000000000308782,0,0.1179,0.8542946952414316,0,0.5373344632554986,0.05396825396825397,0.8542686808724004,1.1048395531787492e-10,1.1102230246251565e-16,7.519055386651024e-06,0.07517463515844192
10016,20,4096,10000,0.9999999698927984,0,2.3802520998725865e-08,0,0.8541332823490873,177,0.0,0.008815193220589355,0,0.49559240345064937,0,0.5000000000614855,0,0.1179,0.8546565930708929,0,0.5017165767792406,0.040211747938511656,0.8542686808724004,4.4161219125982143e-10,2.220446049250313e-16,3.003406346118145e-05,0.1896702568278088
10016,20,16384,10000,0.9999998795712011,0,9.521008013314137e-08,0,0.8548500776713339,133,0.0,0.004407697493323073,0,0.49779615137508076,0,0.500000000122282,0,0.1179,0.8550178844965349,0,0.5755705064329932,0.030911117867639608,0.8542686808724004,1.7661236362265242e-09,4.440892098500626e-16,0.00011979169213367347,0.27171151364066004
10016,20,65536,10000,0.9999995182849203,0,3.808402581892646e-07,0,0.8558821330497517,96,0.0,0.0022038613566412414,0,0.49889806959984334,0,0.5000000002787779,0,0.1179,0.8558028508423963,0,0.4676110972448535,0.025040387722132473,0.8542686808724004,7.0641684724037646e-09,1.5543122344752192e-15,0.00047519342100582835,0.3555468575338492
10016,22,16,10000,0.9999999999931595,0,5.603684183341784e-12,0,0.8551517414035372,1013,0.0,0.1399499340914193,0,0.4300250329545411,0,0.5000000000002915,0,0.193,0.8555645623910947,0,0.6226675954447675,0.1639034160453989,0.8555645623889072,1.1551870571224754e-13,-2.220446049250313e-16,1.8147901881260208e-08,0.00114361017534792
10016,22,64,10000,0.9999999999726381,0,2.2414681222215904e-11,0,0.8563331854059189,794,0.0,0.07038609217001576,0,0.46480695391550153,0,0.500000000000548,0,0.193,0.8555645623972724,0,0.6377020946583114,0.14164675211818378,0.8555645623889072,4.414801857421935e-13,-2.220446049250313e-16,6.93890299607867e-08,0.004362634627298245
10016,22,256,10000,0.9999999998905527,0,8.965866937771239e-11,0,0.8551494754727866,622,0.0,0.03524463548583965,0,0.48237768225810684,0,0.5000000000010635,0,0.193,0.8555645624219794,0,0.6334997914823355,0.11356365962891875,0.8555645623889072,1.7457701950718274e-12,-1.1102230246251565e-16,2.74353430762541e-07,0.01703092965264552
10016,22,1024,10000,0.9999999995622109,0,3.5863467751084954e-10,0,0.855419569317502,468,0.0,0.017628772404862332,0,0.491185613799608,0,0.5000000000020763,0,0.193,0.8556185590915162,0,0.6150528991405948,0.08948804028535459,0.8555645623889072,6.962652676634207e-12,0.0,1.094209267366028e-06,0.06171381632714035
10016,22,4096,10000,0.9999999982488432,0,1.4345387655545494e-09,0,0.8557767410958836,348,0.0,0.008815193220589355,0,0.49559240339694066,0,0.5000000000072996,0,0.193,0.8557028652989858,0,0.6133486563470494,0.07438872772482387,0.8555645623889072,2.7828406246044324e-11,0.0,4.373604339236159e-06,0.14158566538093598
10016,22,16384,10000,0.9999999929953729,0,5.738154840173593e-09,0,0.8555344903018813,267,0.0,0.004407697493323081,0,0.49779615126286875,0,0.5000000000095731,0,0.193,0.8557780541348511,0,0.5851045489688179,0.05866639268468098,0.8555645623889072,1.1129386301433897e-10,0.0,1.7490732154873357e-05,0.1657898230134991
10016,22,65536,10000,0.9999999719814923,0,2.295261880558286e-08,0,0.8559573202916471,204,0.0,0.002203861356641258,0,0.498898069449206,0,0.5000000001278058,0,0.193,0.8559288901919628,0,0.5928062257407235,0.044712127398938345,0.8555645623889072,4.451534696414683e-10,1.1102230246251565e-16,6.99519985255857e-05,0.2394732068800347
10016,24,16,10000,0.9999999999995612,0,3.5718348484140475e-13,0,0.858913733732697,1678,0.0,0.13994993409141934,0,0.4300250329543064,0,0.5000000000000185,0,0.2907,0.8554285852145312,0,0.5810477496091768,0.23564047104061522,0.855428515118983,7.327471962526033e-15,-3.386180225106677e-16,2.2006127919915657e-09,0.00029088681119249227
10016,24,64,10000,0.9999999999982448,0,1.428733939364646e-12,0,0.8593098038423159,1352,0.0,0.07038609217001596,0,0.46480695391502447,0,0.5000000000000342,0,0.2907,0.8554287831312686,0,0.656989112639464,0.20004625346901017,0.855428515118983,2.7255975254547593e-14,-3.3306690738754696e-16,8.414106800191912e-09,0.0011131981088313703
10016,24,256,10000,0.9999999999929794,0,5.714935757443003e-12,0,0.8577406681306621,1092,0.0,0.03524463548583982,0,0.4823776822571564,0,0.5000000000000789,0,0.2907,0.8554295747966847,0,0.6311583506173322,0.1644589133363269,0.855428515118983,1.0808021144725899e-13,-2.220446049250313e-16,3.326809013270969e-08,0.0044154659718219635
10016,24,1024,10000,0.9999999999719175,0,2.2859743029522767e-11,0,0.8576143865240154,863,0.0,0.017628772404862176,0,0.4911856137980504,0,0.5000000000004899,0,0.2907,0.8554327414338039,0,0.5248598092633059,0.13614972091496114,0.855428515118983,4.306555112520982e-13,-2.220446049250313e-16,1.3268414023603852e-07,0.017741278231864
10016,24,4096,10000,0.9999999998876699,0,9.143897211410234e-11,0,0.8576035575948788,688,0.0,0.008815193220589355,0,0.495592403395798,0,0.5000000000061467,0,0.2907,0.8554454075892937,0,0.5651555943726602,0.11232817869415808,0.855428515118983,1.7218448888911553e-12,-1.1102230246251565e-16,5.303501762810005e-07,0.06841717833894134
10016,24,16384,10000,0.9999999995506792,0,3.657558883925923e-10,0,0.8574227111266738,528,0.0,0.004407697493323081,0,0.497796151258761,0,0.5000000000054465,0,0.2907,0.8556063787915205,0,0.588176257772674,0.09385557432432433,0.855428515118983,6.8863803548424585e-12,0.0,2.1210437140872703e-06,0.186531785199905
10016,24,65536,10000,0.9999999982027168,0,1.4630235525493145e-09,0,0.856325555280991,411,0.0,0.002203861356641258,0,0.49889806932167935,0,0.5,0,0.2907,0.8559528922300046,0,0.5790810223306069,0.07508603608301179,0.855428515118983,2.754485528555506e-11,0.0,8.48428785938379e-06,0.2908190795819411
10017,2,16,10000,0.038051507106843574,0,0.9415774229697483,0,0.9910973627054682,0,0.0,0.11452603317563512,0,0.6965736497802003,0,0.7869130788343455,0,0.0,0.991097362705469,0,1.618042366757777e-10,0.0,0.8531854318784162,0.06357056377556103,0.0003394700387012618,0.2818049546745074,0.3231721496690557
10017,2,64,10000,0.00010506251169911058,0,0.9998377202637845,0,0.9999609412322004,0,0.0,0.02814577065606714,0,0.9026560926855192,0,0.9287587547411997,0,0.0,0.9999609412321939,0,2.5766611067012946e-11,0.0,0.8531854318784162,0.09137153379241741,0.0006361524042734213,0.34556284106722285,0.3938166172949831
10017,2,256,10000,4.1733031129039796e-14,0,0.9999999999996447,0,0.9999999999997208,0,0.0,0.000782507967147309,0,0.9968054027002415,0,0.9975992976588022,0,0.0,0.9999999999999827,0,4.235944928154822e-12,0.0,0.8531854318784162,0.11370650416582195,0.0009158278308491476,0.3910491825238897,0.43980591263156
10017,2,1024,10000,6.631408599529426e-51,0,1.0,0,1.0,0,0.0,3.889453531217157e-09,0,0.9999999832349883,0,0.9999999870804401,0,0.0,1.0,0,3.4591218778246002e-12,0.0,0.8531854318784162,0.1273600459613906,0.0011583305954061764,0.420073674662103,0.46687509120793125
10017,2,4096,10000,5.177458129588972e-227,0,1.0,0,1.0,0,0.0,1.826362066101837e-29,0,0.9999999999998438,0,0.9999999999998632,0,0.0,1.0,0,1.6693424420566316e-11,0.0,0.8531854318784162,0.1355964752276248,0.0013332379569145631,0.43589558897832775,0.48194280210503804
10017,2,16384,10000,0.0,0,1.0,0,1.0,0,0.0,5.561349903024641e-115,0,1.0,0,1.0,0,0.0,1.0,0,8.965228559532079e-11,0.0,0.8531854318784162,0.14065651849105748,0.001416657330976956,0.4438020121737335,0.4902820488543469
10017,2,65536,10000,0.0,0,1.0,0,1.0,0,0.0,0.0,0,0.9999999999739404,0,0.9999999999739404,0,0.0,1.0,0,3.692334216154336e-10,0.0,0.8531854318784162,0.14433846444832182,0.0014345038447823256,0.4491305817724101,0.4947315428604627
10017,4,16,10000,0.6057675224508605,0,0.31612359003965806,0,0.9129682268567153,0,0.0,0.13986505915473968,0,0.44886085412747356,0,0.5219541420890934,0,0.0,0.9129682268567179,0,2.6426953678715392e-06,0.0,0.8560113654549306,0.007331277439473094,5.303217237256908e-06,0.16421221876994999,0.31878808483185794
10017,4,64,10000,0.21359388325127293,0,0.6281836563796643,0,0.9545853160319615,0,0.0,0.07011428860172628,0,0.5028426826671193,0,0.5408081031763274,0,0.0,0.9545853160319615,0,1.0706046427166882e-07,0.0,0.8560113654549306,0.020449426102716994,1.9076586857808004e-05,0.24728721021433964,0.3910110254566008
10017,4,256,10000,0.03834992631531754,0,0.9176349446193749,0,0.99048389850636,0,0.0,0.03464027939774306,0,0.5583587862012367,0,0.5783767866726492,0,0.0,0.9904838985063602,0,1.1174548530945572e-07,0.0,0.8560113654549306,0.04192467382911397,6.218557265413874e-05,0.31513265015009573,0.43844655086157946
10017,4,1024,10000,0.0002825423131115664,0,0.9994025115039695,0,0.9998824970680309,0,0.0,0.016409520154628657,0,0.6404874406011143,0,0.6511603986696353,0,0.0,0.9998824970680309,0,6.90068859832138e-08,0.0,0.8560113654549306,0.0674694520586464,0.0001663150718374252,0.3610397389463873,0.4619312991658483
10017,4,4096,10000,5.132582682974538e-12,0,0.9999999999896421,0,0.9999999999948028,0,0.0,0.006593534324442499,0,0.7741550187078177,0,0.779287605043329,0,0.0,0.9999999999970822,0,1.0127386151914664e-08,0.0,0.8560113654549306,0.08953040115927374,0.00036412286064125844,0.39292086923193814,0.4775449271316734
10017,4,16384,10000,2.3084291782796455e-42,0,1.0,0,1.0,0,0.0,0.001376363587917235,0,0.935962886138467,0,0.9372499543727961,0,0.0,1.0,0,9.683401858140428e-09,0.0,0.8560113654549306,0.10681077738158545,0.0006420333528544098,0.4151170850153136,0.4881514218045213
10017,4,65536,10000,1.810277913045801e-181,0,0.9999999999984817,0,0.9999999999990401,0,0.0,2.0760126746261196e-05,0,0.9988624395797157,0,0.9988831765209818,0,0.0,1.0,0,3.522929725718882e-10,0.0,0.8560113654549306,0.11862676866435629,0.0008929337778515123,0.43026718793265717,0.492965674327675
10017,6,16,10000,0.9689391829641371,0,0.02424040310101369,0,0.8705093835046673,0,0.0,0.13994974429566107,0,0.4310842723977727,0,0.5012381106971249,0,0.0,0.8705093835046692,0,1.1692175854172149e-06,0.0,0.8503946203480242,0.0005345536245186522,6.90643084944043e-08,0.06048432037034645,0.3009075694102572
10017,6,64,10000,0.8828457753098106,0,0.09192974110047594,0,0.89037722192768,0,0.0,0.07038539249094516,0,0.46694954718443216,0,0.5023043735058446,0,0.0,0.8903772219276516,0,1.7977372268607184e-07,0.0,0.8503946203480242,0.001955862571837552,2.613030983700249e-07,0.13382204657585733,0.36157602390110377
10017,6,256,10000,0.6231071254954877,0,0.29506239449253263,0,0.9249301562701118,0,0.0,0.03524288146149075,0,0.4866692323524499,0,0.5044473128032965,0,0.0,0.9249301562701113,0,6.742980429574885e-08,0.0,0.8503946203480242,0.0068307783708841385,1.026035804191361e-06,0.2135711104768399,0.42388976463542805
10017,6,1024,10000,0.2344319404685456,0,0.592146462290281,0,0.9614423611004046,0,0.0,0.01762489975137642,0,0.4997714321911109,0,0.5087378027427047,0,0.0,0.9614423611004045,0,4.9137846014346565e-09,0.0,0.8503946203480242,0.01821994563386875,3.942396905948221e-06,0.2784869704426376,0.4554462716712542
10017,6,4096,10000,0.04292755460040633,0,0.8895306173553159,0,0.9902466164437224,0,0.0,0.008807221839830126,0,0.5127616718475827,0,0.5173177176550238,0,0.0,0.9902466164452248,0,3.568929818342781e-09,0.0,0.8503946203480242,0.037721592368131995,1.4371852099959174e-05,0.3306464572411866,0.4672991784376441
10017,6,16384,10000,0.0008566463568501704,0,0.9980586249003829,0,0.999732539988057,0,0.0,0.0043915751492326705,0,0.5321037146918515,0,0.534450706068728,0,0.0,0.999732539988058,0,8.170142340446773e-10,0.0,0.8503946203480242,0.06024920304350723,4.611470217038008e-05,0.36528267076828386,0.4812403707352182
10017,6,65536,10000,3.408157225109656e-10,0,0.9999999994175888,0,0.9999999997531535,0,0.0,0.0021716521320527277,0,0.5672604341606989,0,0.568494889988937,0,0.0,0.9999999998678775,0,4.0941194878740816e-10,0.0,0.8503946203480242,0.08034948723919294,0.0001255760118465233,0.3951430440396447,0.4869802953971951
10017,8,16,10000,0.9980897108916368,0,0.0015836955711846146,0,0.8627983301998035,0,0.0,0.13994993341969003,0,0.43009368568684203,0,0.500079823698588,0,0.0,0.8627983302009152,0,0.0019775952607914427,0.0001,0.8584364777857033,3.244466918167488e-05,9.880793849781356e-10,0.014388980524050864,0.20880370405408888
10017,8,64,10000,0.9923885456125685,0,0.006316142739425101,0,0.8721176189436779,0,0.0,0.07038608930363499,0,0.46494506715136596,0,0.5001485686259872,0,0.0,0.8721176189436812,0,5.8964670505035066e-05,0.0,0.8584364777857033,0.00012301286717936177,3.777950613459425e-09,0.04661310432431415,0.3168998944549485
10017,8,256,10000,0.9699620048145066,0,0.02484392713147918,0,0.8864341294438485,0,0.0,0.03524462838761194,0,0.4826543141481673,0,0.5002867336412179,0,0.0,0.8864341294438491,0,5.5902211655967093e-05,0.0,0.8584364777857033,0.0004770655577470695,1.493742829983269e-08,0.1057832855448251,0.41112172580172635
10017,8,1024,10000,0.8867624700675336,0,0.0939457914401918,0,0.9099440207170584,0,0.0,0.01762875667169924,0,0.49173908035108915,0,0.5005633900192593,0,0.0,0.909944020716843,0,6.874036152071383e-06,0.0,0.8584364777857033,0.0017157612406927814,5.9575235772380004e-08,0.18327262885740017,0.4325181717487466
10017,8,4096,10000,0.6313400661950113,0,0.3012341288303412,0,0.9409451766351071,0,0.0,0.008815160149024184,0,0.4966994369115017,0,0.5011168619098654,0,0.0,0.940945176635108,0,6.874036167725528e-06,0.0,0.8584364777857033,0.005621608597027206,2.3812480684504147e-07,0.25303278775177135,0.4493339940088098
10017,8,16384,10000,0.22897005020724293,0,0.5999801152920787,0,0.971260637652871,0,0.0,0.004407629904713294,0,0.5000102605102272,0,0.5022238773650181,0,0.0,0.9712606372563994,0,9.967140449651524e-07,0.0,0.8584364777857033,0.014642572189701664,9.472605658533699e-07,0.3054427675060911,0.4809983613614365
10017,8,65536,10000,0.03963956272770243,0,0.9041067345552435,0,0.9932083104172966,0,0.0,0.0022037258014961365,0,0.503326244890441,0,0.5044378875852304,0,0.0,0.9932083104172968,0,1.723647513607318e-08,0.0,0.8584364777857033,0.029958864383723305,3.6758850099849485e-06,0.3450107659185858,0.49062981278185647
10017,10,16,10000,0.9998722308007131,0,0.00010318837388064257,0,0.852771542640105,0,0.0,0.1399499340890763,0,0.43002950488387903,0,0.5000051996172661,0,0.0005,0.852771542637329,0,0.07566926022825937,0.0015,0.8512011670801212,2.037235675877991e-06,3.1776448139453356e-11,0.002976194940816135,0.1883272784271376
10017,10,64,10000,0.9994890421150504,0,0.00041266589740796044,0,0.8555390682820752,0,0.0,0.07038609216004335,0,0.46481595033138184,0,0.5000096775772187,0,0.0005,0.8555390682813372,0,0.014642564541043734,0.0007,0.8512011670801212,7.771791723343302e-06,1.2150013772860293e-10,0.011042720519808008,0.2950448971791817
10017,10,256,10000,0.9979579215192217,0,0.001649263192562385,0,0.8620530379879456,0,0.0,0.03524463545792948,0,0.4823957014699715,0,0.5000186774772531,0,0.0005,0.8620530379879232,0,0.00190704784870932,0.0001,0.8512011670801212,3.069279828138427e-05,4.803910214068452e-10,0.03688915783625796,0.36715742680023855
10017,10,1024,10000,0.9918596151796186,0,0.006567978628194689,0,0.8742740251863497,0,0.0,0.017628772340443306,0,0.4912216654255905,0,0.50003669854302,0,0.0005,0.8742740251895391,0,0.0019070478487012155,0.0001,0.8512011670801212,0.00012174635056405592,1.9159575204152904e-09,0.09451827593522245,0.4008116465791818
10017,10,4096,10000,0.9678739939417569,0,0.025917314875248183,0,0.8934651289781355,0,0.0,0.008815193082433826,0,0.49566451324803573,0,0.5000727511017014,0,0.0005,0.8934651289907241,0,0.00019226873354805107,0.0,0.8512011670801212,0.00046992774857984587,7.658222339612665e-09,0.16277503166360355,0.4360441681161378
10017,10,16384,10000,0.8787365012526773,0,0.09816398398042053,0,0.9188776545893551,0,0.0,0.00440769720752616,0,0.49794037426966187,0,0.5001448613775792,0,0.0005,0.9188776545893556,0,6.96602715239969e-05,0.0,0.8512011670801212,0.0016816962205217223,3.062728513025803e-08,0.22515432104332989,0.4592240932369046
10017,10,65536,10000,0.6113281212609156,0,0.30907477419369034,0,0.9485267745531373,0,0.0,0.002203860782152768,0,0.4991865169863663,0,0.5002890844786869,0,0.0005,0.9485267745532562,0,6.370415676970609e-06,0.0,0.8512011670801212,0.005469276060615258,1.2091801336877598e-07,0.2823658846561478,0.4693374828241216
10017,12,16,10000,0.9999920226484051,0,6.321220049878567e-06,0,0.8549697477781404,10,0.0,0.1399499340914133,0,0.4300252972014757,0,0.5000003072462653,0,0.0037,0.8548934698604493,0,0.41432051262171565,0.004704704704704705,0.8545304952400024,1.283762857129389e-07,5.211109321834331e-13,0.0004167065374528822,0.12539635947977146
10017,12,64,10000,0.9999680910799132,0,2.5284457472448345e-05,0,0.8557004201463726,5,0.0,0.07038609216998201,0,0.46480748551443196,0,0.5000005718496723,0,0.0037,0.8555978512300692,0,0.37225225459135647,0.0033016508254127062,0.8545304952400024,4.908676820014612e-07,1.991501408227237e-12,0.001581539501647283,0.2544289547731301
10017,12,256,10000,0.9998723720998859,0,0.00010113106674532047,0,0.8573986943068459,4,0.0,0.03524463548574545,0,0.4823787470145104,0,0.5000011036552938,0,0.0037,0.8573829095624806,0,0.22162524684664797,0.0021008403361344537,0.8545304952400024,1.941086423595806e-06,7.871914231571966e-12,0.005935735683105342,0.3202844948777027
10017,12,1024,10000,0.9994896128548851,0,0.0004044160880578654,0,0.8624584442314425,0,0.0,0.017628772404637817,0,0.49118774409245525,0,0.5000021685231617,0,0.0037,0.8624805585208581,0,0.21790705009238764,0.0015,0.8545304952400024,7.707762124886663e-06,3.139281612440926e-11,0.021733553666077036,0.35594126525791114
10017,12,4096,10000,0.9979604408896037,0,0.0016159354960577164,0,0.8716045549242888,0,0.0,0.008815193220116303,0,0.49559666436947347,0,0.5000042988749289,0,0.0037,0.8716045549374305,0,0.06474248621424605,0.0012,0.8545304952400024,3.0516022754445427e-05,1.2548003192058847e-10,0.061653150862769346,0.40991163188693847
10017,12,16384,10000,0.9918734792498931,0,0.006436412459191503,0,0.8853576759169456,0,0.0,0.004407697492351342,0,0.4978046734077486,0,0.5000085598832789,0,0.0037,0.8853576759169074,0,0.020354567860285222,0.0005,0.8545304952400024,0.00011925703448140146,5.018248872001865e-10,0.1266012658289307,0.4448290156600617
10017,12,65536,10000,0.9679985399145081,0,0.025336050336673195,0,0.9035626007595363,0,0.0,0.002203861354654996,0,0.49891511372813496,0,0.5000170820519193,0,0.0037,0.9035626007595421,0,0.0024910413106622453,0.0004,0.8545304952400024,0.00044662078753443524,2.007209115584275e-09,0.19356433283993532,0.4730054108608506
10017,14,16,10000,0.9999995234136854,0,3.967925272104676e-07,0,0.8496198395626168,27,0.0,0.13994993409141904,0,0.43002504980998507,0,0.5000000195985039,0,0.009,0.8496465629255997,0,0.6092005147113481,0.01243357064072997,0.8496465550494079,7.62807816911959e-09,2.5979218776228663e-14,6.805056060016343e-05,0.03796112262581908
10017,14,64,10000,0.9999980936564671,0,1.5871690326169567e-06,0,0.8497928743013254,21,0.0,0.07038609217001394,0,0.4648069878244385,0,0.5000000364769139,0,0.009,0.8497809622413109,0,0.3034385376808124,0.00731536226074757,0.8496465550494079,2.9166178749928662e-08,9.944822743079842e-14,0.0002602037316406397,0.09057715300623126
10017,14,256,10000,0.9999923746534818,0,6.3486589109122165e-06,0,0.8506845599319545,13,0.0,0.035244635485835264,0,0.4823777501754209,0,0.500000070399546,0,0.009,0.8505569426277226,0,0.4684400568304177,0.005306898968659257,0.8496465550494079,1.1531854055002455e-07,3.9367398230183437e-13,0.0010234773449547957,0.14676874240630378
10017,14,1024,10000,0.9999694990557343,0,2.539436013351064e-05,0,0.8523637066307174,10,0.0,0.017628772404860483,0,0.49118574968352235,0,0.5000001383244431,0,0.009,0.8523751967075943,0,0.23942285762440862,0.0035035035035035035,0.8496465550494079,4.599273380478941e-07,1.5693335519983978e-12,0.004022176812135784,0.2723218295646054
10017,14,4096,10000,0.9998780032914728,0,0.00010157303254792728,0,0.8563776762226145,6,0.0,0.00881519322058533,0,0.4955926751814229,0,0.50000027420892,0,0.009,0.8564697523817796,0,0.2846548134132527,0.0024014408645187113,0.8496465550494079,1.8383521406817316e-06,6.272804498053121e-12,0.014995920520862838,0.35837811172946565
10017,14,16384,10000,0.9995121262379518,0,0.0004062216136825382,0,0.8638621337468518,5,0.0,0.004407697493314856,0,0.49779669485616407,0,0.5000005460094663,0,0.009,0.8636933507401555,0,0.05409254025369836,0.0015007503751875938,0.8496465550494079,7.351885142614645e-06,2.5087082411445756e-11,0.045784065648490385,0.4553804725574322
10017,14,65536,10000,0.9980503125373963,0,0.0016235444348694024,0,0.8747528493981407,4,0.0,0.0022038613566252993,0,0.49889915667166984,0,0.5000010897516436,0,0.009,0.8746945590977168,0,0.029748286349780773,0.0011004401760704283,0.8496465550494079,2.905755660947973e-05,1.0034331143771171e-10,0.09895821862624332,0.46175797974550603
10017,16,16,10000,0.9999999683808583,0,2.5762406541396388e-08,0,0.8467273814226233,113,0.0,0.13994993409141915,0,0.4300250340163082,0,0.5000000012348327,0,0.0255,0.8473056102238641,0,0.5764490530834826,0.027409729948417113,0.8472727482644656,5.254194301862469e-10,8.881784197001252e-16,7.2831746922352635e-06,0.012247094764520239
10017,16,64,10000,0.9999998735234404,0,1.0304961761686826e-07,0,0.8474112066183253,75,0.0,0.07038609217001476,0,0.4648069560515038,0,0.5000000022982778,0,0.0255,0.8473084709438543,0,0.5745883831140307,0.020151133501259445,0.8472727482644656,2.0089571672876616e-09,2.886579864025407e-15,2.784728415454737e-05,0.04413715642667759
10017,16,256,10000,0.9999994940938857,0,4.1219833457617483e-07,0,0.847965046092237,46,0.0,0.03524463548583746,0,0.48237768653638424,0,0.5000000044356379,0,0.0255,0.8476844142110651,0,0.6629347761130115,0.016777175005023105,0.8472727482644656,7.943107449559506e-09,1.0647038806155261e-14,0.00011010150902255873,0.11818392071923367
10017,16,1024,10000,0.9999979763775269,0,1.6487911601026362e-06,0,0.8482155032019232,28,0.0,0.017628772404861954,0,0.4911856223592801,0,0.5000000087153518,0,0.0255,0.8482155269688174,0,0.49107499522536235,0.012033694344163659,0.8472727482644656,3.1679702916509456e-08,4.384825835757056e-14,0.0004377694525166998,0.22600393675907038
10017,16,4096,10000,0.9999919055418567,0,6.595129791509002e-06,0,0.8496114734749144,19,0.0,0.008815193220588246,0,0.4955924205147152,0,0.5000000172773116,0,0.0255,0.8496739209506505,0,0.6141954325521944,0.009317703636910129,0.8472727482644656,1.266259875287723e-07,1.7666978990860123e-13,0.0017131909466292763,0.32722443351832575
10017,16,16384,10000,0.9999676226754093,0,2.6379961598765878e-05,0,0.8528249093939009,14,0.0,0.004407697493321237,0,0.4977961855043458,0,0.5000000344026434,0,0.0255,0.8526638630366383,0,0.36325708280335156,0.006909673542960145,0.8472727482644656,5.064095690565651e-07,7.099099086360644e-13,0.006586289032078457,0.33888282567356176
10017,16,65536,10000,0.9998704988288813,0,0.00010551092609611956,0,0.8572404462610819,12,0.0,0.0022038613566379176,0,0.498898137828134,0,0.5000000686577679,0,0.0255,0.8575770062454312,0,0.13870194422023152,0.004104925911093312,0.8472727482644656,2.0255189949747177e-06,2.839195545334408e-12,0.022523008080893386,0.39651317564487176
10017,18,16,10000,0.9999999979862912,0,1.583493891565979e-09,0,0.8527190925766398,265,0.0,0.13994993409141915,0,0.4300250330209913,0,0.5000000000775547,0,0.0617,0.8518010279585091,0,0.6161393760369032,0.062557781201849,0.8517593464327045,3.166306106194838e-11,0.0,1.4248909095293484e-06,0.004023050960735852
10017,18,64,10000,0.9999999919451649,0,6.3339756217750676e-09,0,0.8528830200507247,194,0.0,0.07038609217001514,0,0.4648069540491811,0,0.5000000001443486,0,0.0617,0.8518227971816941,0,0.611481944367637,0.04731796859065878,0.8517593464327045,1.210644362537039e-10,2.220446049250313e-16,5.448066731866803e-06,0.015171814539379547
10017,18,256,10000,0.9999999677806599,0,2.533590204301106e-08,0,0.852432878304721,135,0.0,0.03524463548583844,0,0.4823776825257987,0,0.5000000002785341,0,0.0617,0.8518917361866754,0,0.6076395966232168,0.03659401926001014,0.8517593464327045,4.786705476433895e-10,4.440892098500626e-16,2.1540096824557097e-05,0.054690269106483
10017,18,1024,10000,0.9999998711226464,0,1.0134360117763919e-07,0,0.8525532397077036,93,0.0,0.017628772404862252,0,0.49118561433533675,0,0.5000000005474188,0,0.0617,0.8519468628741362,0,0.486418413824366,0.02957504794589684,0.8517593464327045,1.909094549112922e-09,1.2212453270876722e-15,8.589743553477066e-05,0.1280017553643078
10017,18,4096,10000,0.9999994844906944,0,4.053742891363399e-07,0,0.8527519924541278,70,0.0,0.008815193220588978,0,0.495592404464703,0,0.5000000010845583,0,0.0617,0.8524245235989559,0,0.46283666174510096,0.021148036253776436,0.8517593464327045,7.6307882235227e-09,3.991251773527443e-15,0.0003420109297224137,0.15056262088448435
10017,18,16384,10000,0.9999979379645193,0,1.6214953082460681e-06,0,0.8534898087837282,46,0.0,0.0044076974933223685,0,0.4977961534053757,0,0.5000000021615645,0,0.0617,0.8532709959185063,0,0.6144827778308037,0.016676712879244524,0.8517593464327045,3.051756786165427e-08,1.5970558209232892e-14,0.001350692904545075,0.25777510616424926
10017,18,65536,10000,0.9999917518859422,0,6.485951659640499e-06,0,0.8554577121422253,31,0.0,0.0022038613566401216,0,0.4988980736597816,0,0.5000000043476829,0,0.0617,0.8550901833535742,0,0.3922779139935474,0.01123482796669676,0.8517593464327045,1.2206475979992248e-07,6.369904603786838e-14,0.005098678276081361,0.35417146172380487
10017,20,16,10000,0.9999999998932507,0,8.760399719882266e-11,0,0.8582635983263598,563,0.0,0.13994993409141926,0,0.4300250329579971,0,0.5000000000043099,0,0.1146,0.8582387061852422,0,0.6405028310894035,0.10522411783405744,0.8582387061852121,1.6814882819460308e-12,-1.1102230246251565e-16,1.2559882325291263e-07,0.0017627743702257614
10017,20,64,10000,0.999999999573003,0,3.50415877743433e-10,0,0.8575453835826797,436,0.0,0.07038609217001539,0,0.46480695392245513,0,0.5000000000080274,0,0.1146,0.8582387061853276,0,0.471241239682719,0.08134671685487244,0.8582387061852121,6.4295235802092066e-12,0.0,4.802310586804386e-07,0.006532332172265121
10017,20,256,10000,0.9999999982920119,0,1.401663454989695e-09,0,0.858705545035661,324,0.0,0.03524463548583913,0,0.48237768227202904,0,0.500000000015494,0,0.1146,0.8582387061856681,0,0.6373851897881762,0.06614303431169904,0.8582387061852121,2.5422441929379147e-11,0.0,1.8987638853440126e-06,0.022297980863001055
10017,20,1024,10000,0.9999999931680476,0,5.606653701370293e-09,0,0.8585019150877196,231,0.0,0.01762877240486241,0,0.49118561382737885,0,0.5000000000303457,0,0.1146,0.8582387061870318,0,0.48640775269495906,0.05363906234005528,0.8582387061852121,1.0139289408073182e-10,1.1102230246251565e-16,7.572957373530454e-06,0.07468440852335256
10017,20,4096,10000,0.9999999726721907,0,2.242661462891116e-08,0,0.8584278683780728,154,0.0,0.008815193220589355,0,0.49559240345016625,0,0.5000000000609988,0,0.1146,0.858413541035508,0,0.5180026941718014,0.04316473694901483,0.8582387061852121,4.052747026861425e-10,2.220446049250313e-16,3.0270725578429052e-05,0.19717151748082662
10017,20,16384,10000,0.9999998906887693,0,8.970645496887943e-08,0,0.8582778444718338,121,0.0,0.004407697493323081,0,0.49779615137380434,0,0.5000000001209989,0,0.1146,0.8585755130780803,0,0.5264354208226257,0.033707865168539325,0.8582387061852121,1.620802103641239e-09,5.551115123125783e-16,0.00012107766612434522,0.3156723328933869
10017,20,65536,10000,0.9999995627551825,0,3.588257647371043e-07,0,0.858991549745172,85,0.0,0.002203861356641258,0,0.49889806958671046,0,0.5000000002656155,0,0.1146,0.8593365401304628,0,0.5399563360771138,0.025819465456379222,0.8582387061852121,6.482911152350113e-09,1.4432899320127035e-15,0.00048455673363007886,0.3391746594513959
10017,22,16,10000,0.9999999999925372,0,6.061605565090585e-12,0,0.85181364635059,974,0.0,0.1399499340914193,0,0.43002503295455136,0,0.5000000000003035,0,0.1841,0.8485894518824515,0,0.6016419478128737,0.15411034788389097,0.8485894518792776,1.4394041514265155e-13,-2.220446049250313e-16,1.956432466032607e-08,0.00010187264497263371
10017,22,64,10000,0.9999999999701488,0,2.4246477771326204e-11,0,0.8515655733944268,748,0.0,0.07038609217001576,0,0.4648069539155182,0,0.5000000000005653,0,0.1841,0.8485894518914132,0,0.582329099798896,0.12721573713791612,0.8485894518792776,5.502265310042276e-13,-1.1102230246251565e-16,7.48047937482176e-08,0.0003895179803909965
10017,22,256,10000,0.9999999998805952,0,9.698585557115623e-11,0,0.8495986529665853,584,0.0,0.03524463548583965,0,0.48237768225812966,0,0.5000000000010864,0,0.1841,0.8485894519272603,0,0.6155640223530887,0.10694562446898896,0.8485894518792776,2.1757040613579193e-12,-1.1102230246251565e-16,2.9576698131750195e-07,0.0015401261361968066
10017,22,1024,10000,0.9999999995223807,0,3.8794325570321284e-10,0,0.8489494384863848,459,0.0,0.017628772404862388,0,0.4911856137997131,0,0.5000000000021831,0,0.1841,0.8485894520706494,0,0.6179140854450175,0.08730741012472487,0.8485894518792776,8.677281115865298e-12,0.0,1.1796207254277644e-06,0.0061401437211549
10017,22,4096,10000,0.9999999980895228,0,1.5517731330678168e-09,0,0.8490566037735849,343,0.0,0.008815193220589355,0,0.4955924033971888,0,0.5000000000075495,0,0.1841,0.8485894526442046,0,0.5223237439874191,0.07310759034896966,0.8485894518792776,3.4683644845046047e-11,0.0,4.715115578368672e-06,0.024331560629929694
10017,22,16384,10000,0.9999999923580911,0,6.207092519993851e-09,0,0.8495732642863638,261,0.0,0.004407697493323081,0,0.49779615126331533,0,0.5000000000100209,0,0.1841,0.8487655580273933,0,0.5322430077218243,0.05729541020638669,0.8485894518792776,1.387093773175252e-10,1.1102230246251565e-16,1.8858372205771112e-05,0.0868052996913764
10017,22,65536,10000,0.9999999694323647,0,2.4828369717003627e-08,0,0.8494364989964727,180,0.0,0.002203861356641258,0,0.49889806944929477,0,0.5000000001278969,0,0.1841,0.8489712113156114,0,0.5815375791141507,0.0445010183299389,0.8485894518792776,5.548120851628369e-10,2.220446049250313e-16,7.54517808627008e-05,0.19657758256415614
10017,24,16,10000,0.999999999999577,0,3.2635867672288976e-13,0,0.852384362236015,1656,0.0,0.13994993409141934,0,0.4300250329543044,0,0.5000000000000162,0,0.2933,0.8510670362963086,0,0.583669773234674,0.22938638542665388,0.8510670265729678,6.38378239159465e-15,-4.440892098500626e-16,2.1877001765702074e-09,0.00011054083966366424
10017,24,64,10000,0.9999999999983082,0,1.305434706891241e-12,0,0.8512705877115421,1349,0.0,0.07038609217001596,0,0.4648069539150217,0,0.5000000000000318,0,0.2933,0.851067063750445,0,0.6068626517857589,0.1937348283435441,0.8510670265729678,2.4480417692984702e-14,-3.3306690738754696e-16,8.364735137877905e-09,0.0004227778673682181
10017,24,256,10000,0.9999999999932334,0,5.2218498498623366e-12,0,0.8500527691416231,1092,0.0,0.03524463548583982,0,0.4823776822571534,0,0.500000000000075,0,0.2933,0.8510671735669635,0,0.6500168924334103,0.1607543780871127,0.8510670265729678,9.64783808399261e-14,-2.220446049250313e-16,3.307287226306228e-08,0.0016734473097891334
10017,24,1024,10000,0.9999999999729333,0,2.0887343888216625e-11,0,0.850838361281882,895,0.0,0.01762877240486216,0,0.4911856137980458,0,0.5000000000004858,0,0.2933,0.8510676128326045,0,0.5687120720464042,0.13256452498627128,0.8510670265729678,3.8458125573015423e-13,-1.1102230246251565e-16,1.3190536025109384e-07,0.006698922020813347
10017,24,4096,10000,0.9999999998917333,0,8.354948657386483e-11,0,0.8512249484820427,714,0.0,0.008815193220589355,0,0.49559240339579597,0,0.5000000000061444,0,0.2933,0.8510693698882373,0,0.626291741082179,0.1080120611673487,0.8510670265729678,1.5372147998959917e-12,-1.1102230246251565e-16,5.272343498619023e-07,0.026879559816125553
10017,24,16384,10000,0.9999999995669332,0,3.3419789076344495e-10,0,0.8524672912292037,553,0.0,0.004407697493323081,0,0.4977961512587855,0,0.5000000000054708,0,0.2933,0.8510763979998206,0,0.6238512712781413,0.0889171165449349,0.8510670265729678,6.147360398500723e-12,-1.1102230246251565e-16,2.1085349169114213e-06,0.09756272759963636
10017,24,65536,10000,0.9999999982677328,0,1.3367915072088072e-09,0,0.8519079091858597,428,0.0,0.002203861356641258,0,0.49889806932167935,0,0.5,0,0.2933,0.8511905607229286,0,0.6338857373454991,0.07480150438779774,0.8510670265729678,2.4587276659104873e-11,0.0,8.433490898396252e-06,0.2225904767209541
10018,2,16,10000,0.04589997816769989,0,0.9289864366032532,0,0.9891327375288208,0,0.0,0.11767977457150254,0,0.6807626286006023,0,0.7729190616572932,0,0.0,0.9891327375288208,0,3.594232689252408e-10,0.0,0.8514732958231257,0.06546503577060087,0.00033152538587210016,0.28038912342939987,0.3230837700382142
10018,2,64,10000,0.0002085719531117384,0,0.9996625866742478,0,0.999928010584344,0,0.0,0.03145755626263379,0,0.8874876997895425,0,0.9163034833868348,0,0.0,0.9999280105843432,0,6.202616198436317e-11,0.0,0.8514732958231257,0.0946432091499686,0.0006494516353045435,0.34420752303264324,0.39376535376907984
10018,2,256,10000,5.892513618707304e-13,0,0.999999999999005,0,0.9999999999995561,0,0.0,0.0012607617821402157,0,0.9948336965777418,0,0.996032038563734,0,0.0,0.9999999999997413,0,1.4720780150412338e-11,0.0,0.8514732958231257,0.11590374000888926,0.0009629383362180947,0.3885117603466141,0.43953596114220483
10018,2,1024,10000,2.619883884003191e-46,0,1.0,0,1.0,0,0.0,2.2140004855141693e-08,0,0.9999998979520494,0,0.9999999202849715,0,0.0,1.0,0,3.4835467843663537e-12,0.0,0.8514732958231257,0.12977947155448494,0.0013486918323165407,0.41888939437695555,0.4669421887048917
10018,2,4096,10000,1.9112380195311433e-203,0,1.0,0,1.0,0,0.0,2.0706305058567395e-26,0,0.9999999999995619,0,0.9999999999995783,0,0.0,1.0,0,1.4668044556742643e-11,0.0,0.8514732958231257,0.1388578615685665,0.001549448698685952,0.43570088613391655,0.48182589847547874
10018,2,16384,10000,0.0,0,1.0,0,1.0,0,0.0,1.156488085305847e-100,0,1.0,0,1.0,0,0.0,1.0,0,1.0471634670494723e-10,0.0,0.8514732958231257,0.14344812040132487,0.001625978938345074,0.4471468205506527,0.49041833891879805
10018,2,65536,10000,0.0,0,1.0,0,1.0,0,0.0,0.0,0,0.9999999999711715,0,0.9999999999711715,0,0.0,1.0,0,3.8327441220786795e-10,0.0,0.8514732958231257,0.1455913489869004,0.0016833800922304032,0.4515229392308973,0.49496162479411543
10018,4,16,10000,0.6253672666451644,0,0.2912065347253249,0,0.911309858865176,0,0.0,0.1398834145911827,0,0.4465245166739288,0,0.519167198515619,0,0.0,0.9113098588651761,0,5.830921303573433e-07,0.0,0.8570127976307544,0.007449030881834018,4.686398424441629e-06,0.16632924821755096,0.3111204555915912
10018,4,64,10000,0.23969995163595698,0,0.5920936423071982,0,0.9539173424020138,0,0.0,0.07018342055441493,0,0.4980442895179247,0,0.5356388059074634,0,0.0,0.9539173424020141,0,5.831256013610897e-07,0.0,0.8570127976307544,0.02078963227590741,1.6837259314511634e-05,0.24851186922173218,0.38970198855469906
10018,4,256,10000,0.04727918217023328,0,0.899308877073538,0,0.9890466623122711,0,0.0,0.03479248343473691,0,0.5487653331508915,0,0.5685275186065332,0,0.0,0.9890466623122713,0,1.1200868343941295e-08,0.0,0.8570127976307544,0.0432101961616812,5.489378295188144e-05,0.3100606598181185,0.4304869364238313
10018,4,1024,10000,0.0006263594698440143,0,0.9987815927649009,0,0.9997850107391487,0,0.0,0.016687617839556444,0,0.6221925986724551,0,0.6327449459381076,0,0.0,0.99978501073885,0,4.472538228661449e-09,0.0,0.8570127976307544,0.06910931565974321,0.00015248443681964438,0.3574340144114617,0.4643802338876093
10018,4,4096,10000,8.2557399063252e-11,0,0.9999999998338702,0,0.9999999999528787,0,0.0,0.007063216496044328,0,0.7439507288862004,0,0.7492398387002974,0,0.0,0.9999999999528766,0,2.3303149410125457e-09,0.0,0.8570127976307544,0.09188424956593028,0.00032621496147571276,0.39158046760110843,0.4800015706876971
10018,4,16384,10000,1.3408753374508116e-37,0,1.0,0,1.0,0,0.0,0.00181245810235667,0,0.9078597435388501,0,0.9095081890142567,0,0.0,1.0,0,1.64273505909307e-09,0.0,0.8570127976307544,0.1088016268144204,0.0005471838262399721,0.41375078614396926,0.489015288356743
10018,4,65536,10000,2.6398827321910703e-157,0,0.9999999999971612,0,0.9999999999978255,0,0.0,6.300076573965361e-05,0,0.9961351211933359,0,0.9961978824225431,0,0.0,1.0,0,4.129547814812895e-10,0.0,0.8570127976307544,0.12111191253155479,0.0008193675090017118,0.43047635701850373,0.4932854101853529
10018,6,16,10000,0.964218419352329,0,0.02836139175780601,0,0.8727677248352734,0,0.0,0.1399496918592826,0,0.43125834150974723,0,0.5014381083954722,0,0.0,0.8727677248352735,0,2.4003239912362417e-06,0.0,0.8538952414755753,0.000599904952999164,6.476894193752083e-08,0.06575452217677431,0.2841029825279072
10018,6,64,10000,0.866278555965585,0,0.1050702073031404,0,0.8950125516628469,0,0.0,0.07038510609071932,0,0.46729108879105585,0,0.5026766061213583,0,0.0,0.8950125516628489,0,8.305564942467925e-07,0.0,0.8538952414755753,0.002139781323856005,2.476258710359947e-07,0.1424639878048441,0.35351728933969573
10018,6,256,10000,0.584373261654872,0,0.32677107062796723,0,0.9273794696531203,0,0.0,0.035242184094034665,0,0.48736268075948774,0,0.5051656735605456,0,0.0,0.9273794696531209,0,8.317660193934984e-08,0.0,0.8538952414755753,0.007118618016423772,9.639079080248082e-07,0.22075083609485144,0.4169020922314095
10018,6,1024,10000,0.20163014747751162,0,0.6300087999126607,0,0.9654394063902565,0,0.0,0.017623531582348625,0,0.5011584885424185,0,0.5101489812162253,0,0.0,0.9654394063902563,0,2.7349631004369712e-08,0.0,0.8538952414755753,0.01848312467826646,3.637235397591088e-06,0.2872188087188765,0.4504973753478134
10018,6,4096,10000,0.03186582363507373,0,0.9173919048358907,0,0.9920634746336128,0,0.0,0.008804424230533701,0,0.5155337508086713,0,0.5201129213834061,0,0.0,0.9920634746325114,0,4.3190560017336566e-09,0.0,0.8538952414755753,0.037252444933213114,1.4042163041910754e-05,0.33623938426670785,0.47286096756572127
10018,6,16384,10000,0.0003013330789023489,0,0.9993145999684828,0,0.99987971211693,0,0.0,0.004385885791374994,0,0.5376299831964797,0,0.5399982643951217,0,0.0,0.9998797121169313,0,1.698507667846627e-09,0.0,0.8538952414755753,0.05913980503019278,4.6241924897716405e-05,0.37550419956473197,0.4794995356686558
10018,6,65536,10000,6.849752506490187e-12,0,0.9999999998410218,0,0.9999999998604168,0,0.0,0.002160482681458671,0,0.5781702011312246,0,0.5794218871789141,0,0.0,0.9999999999961582,0,3.9989322964117946e-10,0.0,0.8538952414755753,0.07914563664183871,0.00013268876209953097,0.4020590978581547,0.4908307209755951
10018,8,16,10000,0.9980353836300939,0,0.0015832408691331058,0,0.8636803975496441,0,0.0,0.1399499333935575,0,0.43009572691502634,0,0.5000821969721005,0,0.0001,0.8636803975504235,0,0.1677994797251205,0.0001,0.859611697312807,3.164146420892022e-05,1.212107042514177e-09,0.014755795211296406,0.24840611564035875
10018,8,64,10000,0.9921685950040062,0,0.0063128664412768435,0,0.8737603754496407,0,0.0,0.07038608928138458,0,0.46494917354671184,0,0.5001529857850375,0,0.0001,0.8737603754496384,0,0.0011328130584538076,0.0001,0.859611697312807,0.00012012785466358755,4.6345255966251395e-09,0.047083347422009356,0.28261113613424227
10018,8,256,10000,0.9691136289280404,0,0.024899655288793565,0,0.889980800662166,0,0.0,0.035244627967765695,0,0.4826625389537663,0,0.5002952586438121,0,0.0001,0.8899808006621223,0,0.00795809603245523,0.0001,0.859611697312807,0.00045659451363355696,1.8324159595239923e-08,0.10962886157885983,0.3762742878179033
10018,8,1024,10000,0.8833243392226933,0,0.09439011983962764,0,0.9133390263572647,0,0.0,0.017628755505155413,0,0.4917555359636625,0,0.5005801404039365,0,0.0001,0.9133390263572656,0,0.0011502919643771037,0.0001,0.859611697312807,0.0017152809396949742,7.265846469484139e-08,0.1885415631434246,0.41873415128356073
10018,8,4096,10000,0.6225357116959691,0,0.3007268935702934,0,0.9429690184123899,0,0.0,0.008815157764739266,0,0.4967323510409995,0,0.5011500677256056,0,0.0001,0.9429690184120281,0,6.139105555247326e-06,0.0,0.859611697312807,0.005746213265775901,2.9003411803341097e-07,0.24536885509307668,0.44671465666719734
10018,8,16384,10000,0.2295392787737306,0,0.6060319885042722,0,0.9720457985911662,0,0.0,0.004407625701503204,0,0.5000760894871669,0,0.502289995708616,0,0.0001,0.9720457985911668,0,6.788081146957836e-06,0.0,0.859611697312807,0.015490095073930898,1.1532231984523466e-06,0.29383661741528044,0.4658655639625936
10018,8,65536,10000,0.041044050634830145,0,0.893989097439572,0,0.9929052469613968,0,0.0,0.0022037177699786013,0,0.5034578974626696,0,0.5045698267811476,0,0.0001,0.9929052469614553,0,2.890308053249413e-05,0.0,0.859611697312807,0.03148870297908024,4.387680029688257e-06,0.34095684666700904,0.48727553066906915
10018,10,16,10000,0.9998700145925923,0,0.00010338191192376384,0,0.8566396628245763,6,0.0,0.13994993408924167,0,0.4300294606929394,0,0.5000051482305059,0,0.0012,0.8566858199776456,0,0.2902790070277467,0.0014008405043025814,0.8555484564033611,2.1310672575491907e-06,2.9912938792620024e-11,0.0026717985407610934,0.17295594358912447
10018,10,64,10000,0.9994801882162269,0,0.0004134341124047154,0,0.8581522703149698,4,0.0,0.07038609215980715,0,0.4648158614236451,0,0.5000095819356962,0,0.0012,0.8581840018673119,0,0.4388957502906329,0.000900360144057623,0.8555484564033611,8.148128233576024e-06,1.1437322755547542e-10,0.009803818919605948,0.2827091812909308
10018,10,256,10000,0.9979228284577022,0,0.0016525021594625566,0,0.8640893556073804,3,0.0,0.03524463545735867,0,0.48239552339059805,0,0.5000184928915181,0,0.0012,0.8641813359090915,0,0.11044588645791065,0.0007002100630189057,0.8555484564033611,3.21187608459117e-05,4.522160645947793e-10,0.033400218509925285,0.40807441152633883
10018,10,1024,10000,0.9917243994826548,0,0.006588729362403628,0,0.8752929687176538,2,0.0,0.01762877234126086,0,0.49122130913440776,0,0.5000363358583311,0,0.0012,0.8752514403937905,0,0.10028072418984224,0.000600120024004801,0.8555484564033611,0.00012681108897044657,1.8035877125122113e-09,0.08576354491068215,0.4308575433955978
10018,10,4096,10000,0.9674393249256577,0,0.025942203026302367,0,0.8932345257915741,2,0.0,0.008815193084069632,0,0.4956638005946234,0,0.5000720321114023,0,0.0012,0.8932345257915733,0,0.10028072418983935,0.00040008001600320064,0.8555484564033611,0.0004868990600006562,7.209071728464523e-09,0.15969946778564056,0.4324936121832553
10018,10,16384,10000,0.8776816262632798,0,0.09753104618495062,0,0.917489937712094,1,0.0,0.004407697213727775,0,0.49793894893638657,0,0.5001434297367673,0,0.0012,0.9175220964779699,0,0.20832118601694827,0.0005000500050005,0.8555484564033611,0.0017816024565334154,2.883100668760186e-08,0.23261668389883697,0.4664328655054012
10018,10,65536,10000,0.6151221913500323,0,0.3111582487416966,0,0.9461367443581035,0,0.0,0.0022038607936889117,0,0.4991836664413991,0,0.5002862276432571,0,0.0012,0.9461367443580774,0,0.023489508135530524,0.0003,0.8555484564033611,0.005602282421214633,1.153187024038882e-07,0.2856687228725269,0.46954884316657264
10018,12,16,10000,0.9999923008444167,0,5.945352222405798e-06,0,0.848515928443786,18,0.0,0.13994993409141346,0,0.4300252755870059,0,0.5000002821146268,0,0.0043,0.848561269977745,0,0.5500606244502914,0.005009016229212583,0.8484432056775715,1.28296949841733e-07,7.68146657392777e-13,0.0003679065954979123,0.06319925241646862
10018,12,64,10000,0.9999692038196313,0,2.378102826166414e-05,0,0.8492987472475907,9,0.0,0.07038609216998656,0,0.46480744203151697,0,0.5000005250744365,0,0.0043,0.8492944873433237,0,0.27792696794292093,0.0035031528375537983,0.8484432056775715,4.905468330429485e-07,2.9369062737316673e-12,0.0014045383875422137,0.16756946605244238
10018,12,256,10000,0.9998768223495731,0,9.511802340532192e-05,0,0.8512886553018664,3,0.0,0.03524463548575671,0,0.48237865992118206,0,0.5000010133802668,0,0.0043,0.8512449333703941,0,0.3087535227431726,0.0028008402520756227,0.8484432056775715,1.9395415190026633e-06,1.1611966943547722e-11,0.005531834632480822,0.2432743353588167
10018,12,1024,10000,0.9995074025108279,0,0.00038037468533840045,0,0.8565749825616047,2,0.0,0.01762877240467549,0,0.4911875698424103,0,0.5000019911461988,0,0.0043,0.8566225828127222,0,0.21559182007462807,0.0022004400880176033,0.8484432056775715,7.729621789909213e-06,4.63120819471641e-11,0.020346389348857994,0.34411719800379537
10018,12,4096,10000,0.9980314182940526,0,0.001519941869883237,0,0.8649079450572813,2,0.0,0.008815193220187534,0,0.4955963158427793,0,0.5000039472486213,0,0.0043,0.8649807582669793,0,0.06610971514718245,0.0017003400680136026,0.8484432056775715,3.084265114555729e-05,1.8511323585102004e-10,0.0588024573182048,0.4001711045930616
10018,12,16384,10000,0.9921545062921113,0,0.00606257381743486,0,0.878192935628581,1,0.0,0.00440769749248877,0,0.4978039763312755,0,0.5000078597207824,0,0.0043,0.8782320064210354,0,0.415836423623675,0.0008000800080008001,0.8484432056775715,0.00012226794228470395,7.403165247499294e-10,0.1204302711336683,0.43373078928185704
10018,12,65536,10000,0.9690592676633691,0,0.023877599647305535,0,0.897429664744521,1,0.0,0.0022038613549532904,0,0.4989137194292552,0,0.5000156846735698,0,0.0043,0.8974409363254767,0,0.15432439535433962,0.00030003000300030005,0.8484432056775715,0.00046558218641690186,2.961117306909957e-09,0.18680279059211216,0.46735880425966336
10018,14,16,10000,0.9999995254889879,0,3.8137240261025125e-07,0,0.8529911928165234,30,0.0,0.1399499340914191,0,0.43002504882751735,0,0.5000000184561662,0,0.009,0.8525063484220371,0,0.40592536628746534,0.013039117352056168,0.852506348322485,7.907374977023096e-09,2.1521673332358675e-14,6.710775286761755e-05,0.036132669311993326
10018,14,64,10000,0.9999981019577475,0,1.5254878857277602e-06,0,0.8527792953271984,18,0.0,0.07038609217001392,0,0.4648069858479714,0,0.5000000343507969,0,0.009,0.8527792954102189,0,0.3472203240383157,0.0091164095371669,0.852506348322485,3.023408118307813e-08,8.191780587196719e-14,0.0002566431599142372,0.08744581002502494
10018,14,256,10000,0.9999924078597273,0,6.101923949390422e-06,0,0.8533347804798033,14,0.0,0.03524463548583547,0,0.48237774621664364,0,0.5000000662961483,0,0.009,0.8533183731109033,0,0.1527796759616844,0.0049068696174644506,0.852506348322485,1.1954091932997457e-07,3.2419622542079215e-13,0.0010116032306758643,0.20261205284522232
10018,14,1024,10000,0.9999696318987048,0,2.4407254308532293e-05,0,0.8552874906764921,13,0.0,0.017628772404860608,0,0.49118574176358565,0,0.5000001302623817,0,0.009,0.8550716877126261,0,0.09215484585746819,0.0033042955842595375,0.852506348322485,4.767604933619829e-07,1.293354312537077e-12,0.003922080513156885,0.3515917522838785
10018,14,4096,10000,0.9998785349511261,0,9.762195391534634e-05,0,0.8586383789753107,11,0.0,0.00881519322058562,0,0.4955926593452018,0,0.5000002582318591,0,0.009,0.8586131835986571,0,0.5477463187913386,0.0017018720592651916,0.852506348322485,1.900193811132933e-06,5.169220607115224e-12,0.01388353957910143,0.41939127223171857
10018,14,16384,10000,0.9995142574786865,0,0.0003903748349700994,0,0.8651605315810089,5,0.0,0.004407697493315578,0,0.4977966631758437,0,0.500000514188892,0,0.009,0.865030571017775,0,0.5170187437770356,0.001200600300150075,0.852506348322485,7.586401900905315e-06,2.0674317813274012e-11,0.041528128534029755,0.42134505612862494
10018,14,65536,10000,0.9980589109927349,0,0.0015597935883386316,0,0.8743436199695404,3,0.0,0.0022038613566265023,0,0.498899093171427,0,0.5000010261111467,0,0.009,0.8742762253926154,0,0.19848128860894632,0.001100330099029709,0.852506348322485,3.006958820267469e-05,8.269310236563859e-11,0.09502352812166778,0.4688246277316881
10018,16,16,10000,0.9999999645827922,0,2.8168958379747143e-08,0,0.8561207461080649,96,0.0,0.13994993409141915,0,0.43002503418317234,0,0.5000000014288494,0,0.027,0.8561001082114397,0,0.5360025700298379,0.03140145395799677,0.8560991919469353,5.747171072378876e-10,7.771561172376096e-16,6.6845121986014405e-06,0.019900787381129992
10018,16,64,10000,0.999999858331178,0,1.12675824548303e-07,0,0.8564504713105305,62,0.0,0.07038609217001476,0,0.4648069563871897,0,0.5000000026593812,0,0.027,0.8563646473942983,0,0.41659216165896573,0.024049104447574965,0.8560991919469353,2.197447501739447e-09,2.7755575615628914e-15,2.5558169299116902e-05,0.07034385955549982
10018,16,256,10000,0.9999994333248561,0,4.5070315466228366e-07,0,0.8569744476551351,44,0.0,0.03524463548583744,0,0.4823776872086963,0,0.5000000051325105,0,0.027,0.8568456484467227,0,0.3711842830054808,0.017276014463640015,0.8560991919469353,8.688362806985594e-09,9.43134459419071e-15,0.00010104894930355596,0.1667753296241843
10018,16,1024,10000,0.9999977333017295,0,1.8028103221571952e-06,0,0.8574428350811825,30,0.0,0.017628772404861947,0,0.4911856237040165,0,0.5000000100842209,0,0.027,0.8574254258041982,0,0.40024530743747655,0.013239719157472418,0.8560991919469353,3.465193176843684e-08,3.795297409681099e-14,0.000402949686498538,0.23923792212016837
10018,16,4096,10000,0.9999909332438037,0,7.211204544944031e-06,0,0.8588423197804461,15,0.0,0.008815193220588212,0,0.49559242319928337,0,0.5000000199857566,0,0.027,0.8588504835886448,0,0.6057013216014319,0.009614421632448673,0.8560991919469353,1.385047435076281e-07,1.524891324322653e-13,0.0015911948376008548,0.29797421556689385
10018,16,16384,10000,0.9999637335653802,0,2.8844230292742413e-05,0,0.8614703196998854,11,0.0,0.004407697493321205,0,0.4977961908803248,0,0.5000000398024231,0,0.027,0.861484999175361,0,0.3602165669700057,0.0064070477525277805,0.8560991919469353,5.538925486048285e-07,6.111555705956565e-13,0.006177000685117598,0.3582911550211686
10018,16,65536,10000,0.9998549437035967,0,0.00011536751574140044,0,0.8652216707850275,5,0.0,0.0022038613566378942,0,0.49889814871312643,0,0.5000000795668009,0,0.027,0.8651534335514836,0,0.34866797633653435,0.004102051025512757,0.8560991919469353,2.2135550526436454e-06,2.4467206038991677e-12,0.021704110863447725,0.4437585568144491
10018,18,16,10000,0.9999999983072683,0,1.3425176005885341e-09,0,0.8569506337171381,259,0.0,0.13994993409141915,0,0.43002503301642925,0,0.5000000000722502,0,0.0619,0.855901567919756,0,0.5169520408350063,0.06272456626629709,0.8559015625783011,2.916139552056052e-11,0.0,1.012497091879003e-06,0.007128603059335381
10018,18,64,10000,0.9999999932290728,0,5.3700702857746635e-09,0,0.8568935379311368,183,0.0,0.07038609217001507,0,0.4648069540400009,0,0.5000000001344735,0,0.0619,0.8559015830015102,0,0.5633742249553273,0.05123764897626566,0.8559015625783011,1.1149986489655817e-10,1.1102230246251565e-16,3.871284389245212e-06,0.027336723648602068
10018,18,256,10000,0.9999999729162921,0,2.148028105418384e-08,0,0.8571428571428571,143,0.0,0.035244635485838505,0,0.4823776825074576,0,0.5000000002595218,0,0.0619,0.8559016433285177,0,0.601655338524434,0.03784112813229177,0.8559015625783011,4.4085424200090984e-10,4.440892098500626e-16,1.5306019673289e-05,0.09794199772085044
10018,18,1024,10000,0.9999998916651736,0,8.59211205736529e-08,0,0.856401191098731,102,0.0,0.0176287724048623,0,0.49118561429837637,0,0.5000000005097951,0,0.0619,0.8559412558014293,0,0.561347532510505,0.027177207516670035,0.8559015625783011,1.7582710842845017e-09,1.3322676295501878e-15,6.103833446912105e-05,0.22133323486911105
10018,18,4096,10000,0.9999995666607826,0,3.436844241163152e-07,0,0.8569087600021598,69,0.0,0.008815193220588994,0,0.49559240439241437,0,0.5000000010116263,0,0.0619,0.8565450613231804,0,0.5656963127719363,0.021850770315174704,0.8559015625783011,7.0279356223501566e-09,4.3298697960381105e-15,0.00024386132510811824,0.2840110367273715
10018,18,16384,10000,0.999998266644539,0,1.3747367628926422e-06,0,0.857623018585284,51,0.0,0.00440769749332247,0,0.4977961532548499,0,0.5000000020103739,0,0.0619,0.8575029636077889,0,0.4963522694892042,0.015177404764297919,0.8559015625783011,2.810655203022705e-08,1.6969758931395533e-14,0.0009551323655824244,0.2863731040345239
10018,18,65536,10000,0.9999930666006949,0,5.498932117361312e-06,0,0.8591035602135731,33,0.0,0.0022038613566401294,0,0.4988980733325694,0,0.5000000040197501,0,0.0619,0.8591056206579415,0,0.4802022225682807,0.011538075649643825,0.8559015625783011,1.1242034331226947e-07,6.726286194691512e-14,0.0037511171857339968,0.2863731204913036
10018,20,16,10000,0.9999999998837061,0,9.352139444558328e-11,0,0.8598597375872082,543,0.0,0.13994993409141926,0,0.4300250329583488,0,0.5000000000047189,0,0.1149,0.8588164379915784,0,0.5711843006101092,0.10373268478375806,0.8588164378604383,2.000843934979457e-12,-1.1102230246251565e-16,1.5550451485934968e-07,0.0008181467322757596
10018,20,64,10000,0.9999999995348243,0,3.7408574428867396e-10,0,0.8607084731793883,411,0.0,0.07038609217001539,0,0.4648069539231523,0,0.5000000000087781,0,0.1149,0.8588164383618577,0,0.4501893550425081,0.08457607675461466,0.8588164378604383,7.648881528155016e-12,0.0,5.945626514625132e-07,0.0030824216661635706
10018,20,256,10000,0.9999999981392973,0,1.4963428656985802e-09,0,0.859907737147892,314,0.0,0.035244635485839004,0,0.4823776822734463,0,0.5000000000169638,0,0.1149,0.8588164398429734,0,0.5577334374660727,0.0658682634730539,0.8588164378604383,3.0240254744740014e-11,0.0,2.3505967648162934e-06,0.011423478252436947
10018,20,1024,10000,0.999999992557189,0,5.985371455853306e-09,0,0.8602237392440372,245,0.0,0.017628772404862394,0,0.49118561382992487,0,0.5000000000329372,0,0.1149,0.858924758257702,0,0.5360942743226899,0.05217837006663249,0.8588164378604383,1.206046928992066e-10,1.1102230246251565e-16,9.371558147480652e-06,0.033232020618517155
10018,20,4096,10000,0.9999999702287561,0,2.3941485434801224e-08,0,0.8588164694009686,178,0.0,0.008815193220589355,0,0.4955924034550779,0,0.5000000000659544,0,0.1149,0.8591596044214298,0,0.5153910843995169,0.040012217470983505,0.8588164378604383,4.820639998293075e-10,2.220446049250313e-16,3.740459301729815e-05,0.07989425080589085
10018,20,16384,10000,0.9999998809150306,0,9.576593563243507e-08,0,0.8601106568163026,126,0.0,0.004407697493323081,0,0.4977961513833532,0,0.5000000001305909,0,0.1149,0.8598557858959168,0,0.5924563936391205,0.031699412598744175,0.8588164378604383,1.927900561415896e-09,5.551115123125783e-16,0.00014951800333736702,0.1954971161805954
10018,20,65536,10000,0.9999995236602225,0,3.8306364371120647e-07,0,0.8617879447593917,94,0.0,0.0022038613566412483,0,0.49889806961665567,0,0.5000000002956277,0,0.1149,0.8616845105668853,0,0.4467759780650983,0.024227740763173834,0.8588164378604383,7.711245753050378e-09,1.9984014443252818e-15,0.0005938427440038565,0.343253059396911
10018,22,16,10000,0.9999999999907674,0,7.27402027600173e-12,0,0.8513778330285964,1009,0.0,0.1399499340914193,0,0.43002503295461103,0,0.5000000000003728,0,0.185,0.8497487533837813,0,0.6262264296465322,0.15315315315315314,0.849748752903158,1.4932499681208355e-13,-2.220446049250313e-16,2.073744610475713e-08,0.0003924920709358348
10018,22,64,10000,0.9999999999630695,0,2.9096136614693908e-11,0,0.8503742162101028,783,0.0,0.07038609217001576,0,0.46480695391563953,0,0.5000000000006966,0,0.185,0.849748754740835,0,0.5955779986740788,0.1291092546381686,0.849748752903158,5.69266855876549e-13,-1.1102230246251565e-16,7.929020218178092e-08,0.0014950083049762863
10018,22,256,10000,0.9999999998522779,0,1.163846019624988e-10,0,0.8503742162070889,635,0.0,0.035244635485839636,0,0.4823776822583759,0,0.5000000000013418,0,0.185,0.8497487601690487,0,0.6126012033839389,0.10186865990389748,0.849748752903158,2.2513657604861237e-12,-1.1102230246251565e-16,3.13500743526207e-07,0.0058171277776948305
10018,22,1024,10000,0.9999999994091119,0,4.655384077311474e-10,0,0.85,503,0.0,0.017628772404862332,0,0.49118561380017334,0,0.5000000000026518,0,0.185,0.8497487818819032,0,0.5854753571329534,0.08529009160787616,0.849748752903158,8.978262577841178e-12,0.0,1.2503351772441544e-06,0.02151551692368292
10018,22,4096,10000,0.9999999976364475,0,1.8621536845341666e-09,0,0.8499932190121056,370,0.0,0.008815193220589355,0,0.49559240339760635,0,0.500000000007971,0,0.185,0.8498195274887381,0,0.5877972991434492,0.06967808930425753,0.849748752903158,3.58858498472614e-11,0.0,4.997549208229921e-06,0.07010282406215496
10018,22,16384,10000,0.9999999905457904,0,7.448614596689189e-09,0,0.8503731160064545,282,0.0,0.004407697493323081,0,0.4977961512648419,0,0.5000000000115534,0,0.185,0.8499786487012287,0,0.5742725197326194,0.055875694587363654,0.849748752903158,1.4351936306056245e-10,1.1102230246251565e-16,1.9984425807195717e-05,0.16114866794769
10018,22,65536,10000,0.999999962183162,0,2.9794457677909494e-08,0,0.851489203773502,210,0.0,0.002203861356641258,0,0.49889806944963,0,0.5000000001282319,0,0.185,0.8501304458770632,0,0.6248811807295076,0.045454545454545456,0.849748752903158,5.740476427540386e-10,2.220446049250313e-16,7.990024375100765e-05,0.2242546755277629
10018,24,16,10000,0.9999999999995386,0,3.69893847410569e-13,0,0.8583219277226419,1674,0.0,0.13994993409141934,0,0.4300250329543065,0,0.5000000000000187,0,0.2874,0.8566061940772937,0,0.6145106577076055,0.22279606053326928,0.8566061912119034,7.882583474838611e-15,-4.440892098500626e-16,2.532890769346707e-09,3.61817371057338e-05
10018,24,64,10000,0.9999999999981541,0,1.4795753896411495e-12,0,0.8581096313118947,1349,0.0,0.07038609217001596,0,0.4648069539150247,0,0.5000000000000349,0,0.2874,0.8566062021678069,0,0.5609408000443791,0.19361923477054677,0.8566061912119034,3.042011087472929e-14,-3.3306690738754696e-16,9.6845820973801e-09,0.0001383425589150944
10018,24,256,10000,0.999999999992617,0,5.9183015585465884e-12,0,0.8581931595568476,1080,0.0,0.03524463548583982,0,0.4823776822571578,0,0.5000000000000808,0,0.2874,0.8566062345298578,0,0.5559421757216393,0.16670403587443947,0.8566061912119034,1.2012613126444194e-13,-3.3306690738754696e-16,3.8291347442820364e-08,0.0005469929838597398
10018,24,1024,10000,0.9999999999704678,0,2.367320623389802e-11,0,0.858312713282532,831,0.0,0.017628772404862176,0,0.49118561379805226,0,0.5000000000004925,0,0.2874,0.8566063639780197,0,0.6274220790286484,0.1418911549787327,0.8566061912119034,4.798939023942239e-13,-2.220446049250313e-16,1.5271840568265026e-07,0.002181580050963694
10018,24,4096,10000,0.9999999998818712,0,9.469282493097913e-11,0,0.8581929915530491,648,0.0,0.008815193220589355,0,0.495592403395798,0,0.5000000000061467,0,0.2874,0.8566068817699968,0,0.6186548523743883,0.11526946107784432,0.8566061912119034,1.919686631879358e-12,-1.1102230246251565e-16,6.104266119133505e-07,0.008711612029529747
10018,24,16384,10000,0.9999999995274849,0,3.7877129965011e-10,0,0.8575074874100721,496,0.0,0.004407697493323081,0,0.4977961512588005,0,0.5000000000054857,0,0.2874,0.8566089529271733,0,0.5990433968321829,0.09574915824915825,0.8566061912119034,7.676803637224339e-12,-1.1102230246251565e-16,2.4412589780586912e-06,0.034234197190977755
10018,24,65536,10000,0.9999999981099393,0,1.5150851974195486e-09,0,0.8581025106025982,386,0.0,0.002203861356641258,0,0.49889806932167935,0,0.5,0,0.2874,0.8567959420575293,0,0.49736844076251197,0.07655502392344497,0.8566061912119034,3.070527165860426e-11,0.0,9.764581110460746e-06,0.11251731816032495
10019,2,16,10000,0.04119763981326217,0,0.9381009853047491,0,0.9910460971679061,0,0.0,0.1154316324786885,0,0.6933532328040624,0,0.7844739969078366,0,0.0,0.9910460971679065,0,9.313327886673051e-11,0.0,0.8524280584366966,0.062475137864918706,0.000318269135960797,0.2791154404712174,0.3231805730209393
10019,2,64,10000,0.0001327444836462564,0,0.9997849772694407,0,0.9999581227845012,0,0.0,0.02888211720126479,0,0.8996798199830935,0,0.9264382143839698,0,0.0,0.9999581227845062,0,1.4143908266817107e-11,0.0,0.8524280584366966,0.08922493985853192,0.0005855315850103628,0.3460873865600407,0.39388735930391106
10019,2,256,10000,1.056055491578261e-13,0,0.9999999999996168,0,0.9999999999997178,0,0.0,0.0008668366053118512,0,0.9964653788824971,0,0.9973415304190568,0,0.0,0.9999999999999561,0,4.018674282235679e-12,0.0,0.8524280584366966,0.11142134141855553,0.0008569346552281923,0.3894716544245542,0.43963596925018444
10019,2,1024,10000,1.934218540898292e-49,0,1.0,0,1.0,0,0.0,5.607962349689497e-09,0,0.9999999754033186,0,0.9999999810903674,0,0.0,1.0,0,3.4507952051399116e-12,0.0,0.8524280584366966,0.12499500077560444,0.0010746710444014655,0.4164788467157072,0.4669011456484362
10019,2,4096,10000,1.1619979569632988e-216,0,1.0,0,1.0,0,0.0,8.223496426383761e-29,0,0.999999999999876,0,0.9999999999998848,0,0.0,1.0,0,1.2738587962246584e-11,0.0,0.8524280584366966,0.13516036708524864,0.0012421740644791403,0.4341777005796045,0.4820040342201388
10019,2,16384,10000,0.0,0,1.0,0,1.0,0,0.0,6.394257984730038e-112,0,1.0,0,1.0,0,0.0,1.0,0,8.000222706527893e-11,0.0,0.8524280584366966,0.141000279786474,0.0012854994362116459,0.4453621695111562,0.49004168572996154
10019,2,65536,10000,0.0,0,1.0,0,1.0,0,0.0,0.0,0,0.999999999967061,0,0.999999999967061,0,0.0,1.0,0,4.00138921996529e-10,0.0,0.8524280584366966,0.14381560428943135,0.001307958569083967,0.4523843947828544,0.4944255318882689
10019,4,16,10000,0.6279796170971617,0,0.29445179526374876,0,0.9159421059611135,0,0.0,0.13987884569659537,0,0.44692223202737213,0,0.5196186440724238,0,0.0,0.9159421059611136,0,8.81491189896888e-06,0.0,0.8590370211782052,0.007268168229562277,4.225571260313422e-06,0.16389997853502813,0.3149916015562011
10019,4,64,10000,0.236646758588056,0,0.6019230964188156,0,0.9566017751435897,0,0.0,0.0701666391710575,0,0.4988304727828091,0,0.5364763559086718,0,0.0,0.9566017751435922,0,1.4011208726572022e-06,0.0,0.8590370211782052,0.019615222691182155,1.5811313749175557e-05,0.2431738361299304,0.3876835303839822
10019,4,256,10000,0.04496897211868011,0,0.9009847572118662,0,0.9893183168340443,0,0.0,0.03475875236688645,0,0.5502839300770166,0,0.5701255068568414,0,0.0,0.98931831683404,0,1.9104694870542005e-07,0.0,0.8590370211782052,0.0411369615183621,5.405670051609191e-05,0.304667608029211,0.43785284581547135
10019,4,1024,10000,0.0005589796171904413,0,0.9988949272743095,0,0.9997765384194175,0,0.0,0.016644403470158844,0,0.6251742212987834,0,0.6357491996629533,0,0.0,0.9997765384194175,0,1.2409957494963209e-07,0.0,0.8590370211782052,0.06567164067871556,0.00016184057455195805,0.35755696666230424,0.4630892256296133
10019,4,4096,10000,5.1113886358848423e-11,0,0.9999999998920499,0,0.9999999999625317,0,0.0,0.0069870789392271005,0,0.7489797839060084,0,0.7542484210752867,0,0.0,0.9999999999625317,0,3.5562174760528364e-08,0.0,0.8590370211782052,0.08806367263761206,0.000372492647278877,0.38834853340750164,0.4719042894712032
10019,4,16384,10000,2.0537650565376667e-38,0,1.0,0,1.0,0,0.0,0.0017390638177893626,0,0.9129438874152753,0,0.9145327453423471,0,0.0,1.0,0,4.201963332839398e-09,0.0,0.8590370211782052,0.10733233930955188,0.0007084423389265072,0.41344077560133163,0.4859812022729695
10019,4,65536,10000,1.4508390044338076e-161,0,0.9999999999996436,0,0.9999999999997965,0,0.0,5.317994659985854e-05,0,0.9967993778275801,0,0.9968523903825437,0,0.0,1.0,0,2.6633337757431264e-09,0.0,0.8590370211782052,0.11883263909659375,0.0009936659995946845,0.4299252136682569,0.49344624906759216
10019,6,16,10000,0.969130833057124,0,0.024933037086278656,0,0.870745049290621,1,0.0,0.13994971880043333,0,0.43113420516225104,0,0.5012902606307195,0,0.0001,0.8707560468918732,0,8.41115647363111e-05,0.0,0.8504376851021392,0.0004953096924491529,6.550376860925412e-08,0.06618572533267218,0.29121559013274745
10019,6,64,10000,0.8829214616443803,0,0.09384666255003143,0,0.8911591685356055,1,0.0,0.07038530624327488,0,0.4670399051384536,0,0.5024014345723538,0,0.0001,0.8912676009570286,0,2.150408939805004e-05,0.0,0.8504376851021392,0.0018210167154555368,2.4940528117745053e-07,0.14247081238248102,0.3565145458006175
10019,6,256,10000,0.6223763617533951,0,0.30157818994800234,0,0.9227133857066171,1,0.0,0.03524263658996136,0,0.48685007829695415,0,0.5046346294631054,0,0.0001,0.9227345349341314,0,4.452046621583605e-06,0.0,0.8504376851021392,0.006233447606150966,9.825461232682024e-07,0.22644880209388157,0.4151283361997713
10019,6,1024,10000,0.22978510730882598,0,0.6069477894620376,0,0.9607254724669387,1,0.0,0.017624498487235123,0,0.5001331281528218,0,0.5091057842626814,0,0.0001,0.9607643252703777,0,1.8903614651399891e-07,0.0,0.8504376851021392,0.017020094701067412,3.753330109457221e-06,0.2924525576967113,0.4496819062311973
10019,6,4096,10000,0.039803290859769205,0,0.9027012166075638,0,0.9906948465885774,1,0.0,0.008806417234278503,0,0.5134845747617601,0,0.5180466661349352,0,0.0001,0.9907083329118416,0,8.598538936421818e-08,0.0,0.8504376851021392,0.03575722487086608,1.3277127817956653e-05,0.33773605709716337,0.46479271164575964
10019,6,16384,10000,0.0005395525768915228,0,0.9987780388263434,0,0.9997650194268747,1,0.0,0.004390049635590979,0,0.5335453546630966,0,0.5358979459852542,0,0.0001,0.999764982491139,0,3.434871542751239e-08,0.0,0.8504376851021392,0.05865341089144488,4.572661397794776e-05,0.37081671734090843,0.48043633366864213
10019,6,65536,10000,5.566020118571556e-11,0,0.9999999997785118,0,0.9999999998260093,1,0.0,0.0021687227074354736,0,0.5701104980396385,0,0.5713495691222024,0,0.0001,0.9999999999660618,0,3.227591904853e-08,0.0,0.8504376851021392,0.07943121320074875,0.00012978544983305865,0.3971125802496456,0.48853385802588534
10019,8,16,10000,0.9980633117282738,0,0.0015616471834017155,0,0.8583405828165918,1,0.0,0.13994993346469303,0,0.4300939575774534,0,0.5000802224946999,0,0.0004,0.8583544289621694,0,0.04191940266540917,0.0006000600060006001,0.8524749069367263,3.2706716590391594e-05,1.8169843463144989e-09,0.014706316758489374,0.2200854918521189
10019,8,64,10000,0.9922788726148126,0,0.006228609225557842,0,0.8668460183452824,1,0.0,0.0703860896624086,0,0.4649457573631991,0,0.5001493108691273,0,0.0004,0.8669745752134279,0,0.01851173935102257,0.00030003000300030005,0.8524749069367263,0.00012462270061508463,6.947286579350732e-09,0.0482591165504435,0.286878929906316
10019,8,256,10000,0.9695279720973331,0,0.02459366455317242,0,0.8831434782220394,1,0.0,0.035244628504385714,0,0.4826556963076329,0,0.5002881661513274,0,0.0004,0.8831669598176989,0,0.011903864151865173,0.00020002000200020003,0.8524749069367263,0.00048342123991645947,2.7468400465302525e-08,0.11274718800688334,0.3707713361002385
10019,8,1024,10000,0.8854215726092654,0,0.09324720633324463,0,0.9064508591641434,0,0.0,0.017628756577132906,0,0.4917418455373208,0,0.5005662046920454,0,0.0004,0.9064508591641303,0,0.17120612750016329,0.0002,0.8524749069367263,0.0017968302123096414,1.0955133296630671e-07,0.1829127810127208,0.4069921809321745
10019,8,4096,10000,0.6295848172618539,0,0.3043517272446084,0,0.9362246827805143,0,0.0,0.008815159880131677,0,0.4967049676977925,0,0.5011224416886397,0,0.0004,0.9362973745714649,0,0.059786106419706275,0.0001,0.8524749069367263,0.005979636051333226,4.356156025120407e-07,0.24269351629395775,0.45674061021000323
10019,8,16384,10000,0.22707113660400138,0,0.5937367246681149,0,0.967025316534535,0,0.0,0.004407629519674362,0,0.5000213221789518,0,0.5022349876503596,0,0.0004,0.9670253165345357,0,0.011156162436577466,0.0001,0.8524749069367263,0.015359998492263771,1.715068602642367e-06,0.2971858951426274,0.4690748049104866
10019,8,65536,10000,0.042363874738013285,0,0.8893055995183913,0,0.9915365737324295,0,0.0,0.002203724588946778,0,0.5033483674349695,0,0.5044600582959409,0,0.0004,0.9915365736895316,0,0.0018118226255903203,0.0001,0.8524749069367263,0.030810850478640517,6.333481621717542e-06,0.3392418507223276,0.48237602492312004
10019,10,16,10000,0.9998871851532404,0,9.038657910482299e-05,0,0.8545049428058109,3,0.0,0.1399499340898026,0,0.4300290138262467,0,0.5000046286477348,0,0.001,0.8545494646651883,0,0.24231399037925327,0.0010003000900270082,0.8533204380503283,2.0274096920736007e-06,3.48186313114951e-11,0.0027757935635367567,0.12342172851065203
10019,10,64,10000,0.9995488378412554,0,0.0003614621582141115,0,0.8570727987455329,2,0.0,0.07038609216171807,0,0.46481496243724196,0,0.5000086148832816,0,0.001,0.8571036319554854,0,0.37505788717670707,0.000600120024004801,0.8533204380503283,7.751967581792751e-06,1.3312989599612027e-10,0.010412336951401376,0.22579003216379445
10019,10,256,10000,0.9981969057639755,0,0.0014447457472447616,0,0.8629962493217129,2,0.0,0.03524463546417668,0,0.4823937227811121,0,0.5000166265049704,0,0.001,0.8629962493186021,0,0.21763952934677777,0.00040008001600320064,0.8533204380503283,3.0550529625861245e-05,5.263753932727156e-10,0.03526140103588704,0.3170273587011613
10019,10,1024,10000,0.9928124134170471,0,0.005757378685618059,0,0.8744021102007535,0,0.0,0.017628772353554714,0,0.49121770659648123,0,0.5000326686791383,0,0.001,0.8743525470352922,0,0.3152570184057336,0.0005,0.8533204380503283,0.00012114779653815688,2.0993564220361806e-09,0.0881522192323932,0.40658655296650614
10019,10,4096,10000,0.9716468186615063,0,0.022730847391318157,0,0.8903902729062221,0,0.0,0.008815193114008281,0,0.4956565948641827,0,0.5000647623097061,0,0.001,0.8903902728999817,0,0.0847429815942663,0.0004,0.8533204380503283,0.0004732884611922117,8.360616537972376e-09,0.15189949170736586,0.41492873012681875
10019,10,16384,10000,0.8927509371849609,0,0.08621193823687875,0,0.9148248291997547,0,0.0,0.004407697271716877,0,0.49792453713912765,0,0.5001289541625873,0,0.001,0.9148248291997552,0,0.019773046641025305,0.0002,0.8533204380503283,0.0017292096920679678,3.339936181512294e-08,0.22025659754440613,0.46349608125294084
10019,10,65536,10000,0.6491157984132825,0,0.28228966904887276,0,0.9420003380458358,0,0.0,0.002203860904019728,0,0.49915484255037446,0,0.500257340142328,0,0.001,0.9420003380458342,0,0.004341731321007014,0.0002,0.8533204380503283,0.005455222955552397,1.3369918804295725e-07,0.27546976300281933,0.4704409930967657
10019,12,16,10000,0.9999917295323761,0,6.636766916433517e-06,0,0.8514556897773379,9,0.0,0.1399499340914122,0,0.4300253208013667,0,0.5000003346863985,0,0.0027,0.8514476319531774,0,0.20188372133245502,0.004303873486137524,0.8510522717070889,1.3429949646814876e-07,7.075173780179969e-13,0.00045174371287678966,0.09683190586821844
10019,12,64,10000,0.9999669185693532,0,2.6546588894579497e-05,0,0.8518993508729369,6,0.0,0.07038609216997777,0,0.4648075329915302,0,0.500000622921512,0,0.0027,0.8517105887330018,0,0.25406246645915875,0.002601560936561937,0.8510522717070889,5.134936570394544e-07,2.707839508175881e-12,0.0017282058966965107,0.22119213845344987
10019,12,256,10000,0.9998676813146539,0,0.00010617869585215273,0,0.8532174115492127,5,0.0,0.0352446354857277,0,0.4823788421079146,0,0.5000012022226601,0,0.0027,0.8531914373668705,0,0.17538580866453612,0.0019009504752376188,0.8510522717070889,2.030205040304267e-06,1.0710859976725834e-11,0.006665441234814012,0.30077440134063527
10019,12,1024,10000,0.9994708378333579,0,0.00042459226690512447,0,0.8582072352314125,4,0.0,0.01762877240460388,0,0.4911879343492974,0,0.5000023621941629,0,0.0027,0.858207235241413,0,0.34106900266542606,0.0011004401760704283,0.8510522717070889,8.057915658110648e-06,4.271976106196009e-11,0.02306507313777583,0.36850943217590726
10019,12,4096,10000,0.9978852143638892,0,0.0016964113038904255,0,0.8669214769219555,2,0.0,0.00881519322003254,0,0.49559704492327306,0,0.5000046828131721,0,0.0027,0.8668444523235181,0,0.21697810578780552,0.0005001000200040008,0.8510522717070889,3.207618771577936e-05,1.7075355018825186e-10,0.06524576880406092,0.406409654606661
10019,12,16384,10000,0.9915726486265288,0,0.006751916147610346,0,0.8817376788195068,2,0.0,0.004407697492155893,0,0.497805434525859,0,0.5000093243709288,0,0.0027,0.8817166837993016,0,0.01742860447704797,0.0003000600120024005,0.8510522717070889,0.00012626748551380906,6.828888510224121e-10,0.12717054981365003,0.4388005211131839
10019,12,65536,10000,0.9668387821981652,0,0.026563989295995488,0,0.9020224574415918,1,0.0,0.002203861354292471,0,0.498916635835303,0,0.5000186075208235,0,0.0027,0.9019072779577626,0,0.2771672828713637,0.00040004000400040005,0.8510522717070889,0.0004781495734484942,2.731429821212218e-09,0.19461148752283564,0.47556585777769445
10019,14,16,10000,0.9999994895781623,0,4.073930799159608e-07,0,0.8514974227122027,24,0.0,0.13994993409141904,0,0.43002505049195483,0,0.5000000203914461,0,0.0101,0.8516753524179465,0,0.45403260070028995,0.013231756214915798,0.8514546324311931,8.268117079879289e-09,3.1946667533588905e-14,5.00262834227604e-05,0.052942663439329296
10019,14,64,10000,0.9999979583142964,0,1.6295705209714719e-06,0,0.8517175145884607,13,0.0,0.07038609217001389,0,0.46480698919640556,0,0.5000000379527594,0,0.0101,0.8520244337279033,0,0.6066735194351001,0.009512366075898669,0.8514546324311931,3.1613389794848956e-08,1.2165268792330155e-13,0.0001913552487713352,0.10750628552065389
10019,14,256,10000,0.9999918332835402,0,6.518253304935173e-06,0,0.8527093686242255,8,0.0,0.03524463548583544,0,0.48237775292337204,0,0.5000000732478871,0,0.0101,0.8528378139550118,0,0.16219528528070215,0.006204963971176942,0.8514546324311931,1.2499451268466188e-07,4.824640686962314e-13,0.0007568560298397529,0.23404475105419875
10019,14,1024,10000,0.9999673335558339,0,2.6072552764672082e-05,0,0.8554251566574065,6,0.0,0.01762877240486052,0,0.4911857551818531,0,0.5000001439214419,0,0.0101,0.8552208242955268,0,0.25963387729685894,0.0040024014408645186,0.8514546324311931,4.985195201645531e-07,1.9255319561040106e-12,0.002986637874843013,0.3082678501970131
10019,14,4096,10000,0.9998693409698018,0,0.00010428284429870745,0,0.8586958317919239,3,0.0,0.008815193220585278,0,0.49559268618409535,0,0.5000002853094467,0,0.0101,0.8587505473916953,0,0.43451522608133397,0.00250075022506752,0.8514546324311931,1.987585647067469e-06,7.697636972281434e-12,0.011185134111495146,0.36395979357790864
10019,14,16384,10000,0.9994774718032293,0,0.0004170135423786467,0,0.8666676703542172,1,0.0,0.004407697493314705,0,0.49779671685531324,0,0.5000005681060129,0,0.0101,0.8664800633242116,0,0.2569159226790062,0.0012001200120012002,0.8514546324311931,7.93956005806784e-06,3.0785857196846694e-11,0.035290576403721505,0.387969563043165
10019,14,65536,10000,0.9979116127541994,0,0.0016661709444004964,0,0.8757425967033394,1,0.0,0.002203861356624516,0,0.4988992005322899,0,0.5000011337091467,0,0.0101,0.8757302627437042,0,0.06433191569454855,0.0008000800080008001,0.8514546324311931,3.154546970063343e-05,1.2314161912385663e-10,0.08422072014103045,0.4422794038371448
10019,16,16,10000,0.999999964099367,0,2.9104138897326347e-08,0,0.8554473455776523,88,0.0,0.13994993409141915,0,0.4300250342103976,0,0.5000000014605047,0,0.0254,0.8551157829607947,0,0.5789712644699274,0.02875302663438257,0.8551157339528039,5.978881278956294e-10,8.881784197001252e-16,7.637349065481293e-06,0.023918705585276756
10019,16,64,10000,0.9999998563974761,0,1.1641654924273591e-07,0,0.8553176191627265,60,0.0,0.07038609217001476,0,0.4648069564419569,0,0.5000000027182946,0,0.0254,0.8551159213362494,0,0.38995042862747176,0.021629778672032193,0.8551157339528039,2.286042743993022e-09,3.2140956562898332e-15,2.9204974767038615e-05,0.08218347192006403
10019,16,256,10000,0.9999994255900391,0,4.656660976462851e-07,0,0.8552915998466968,38,0.0,0.03524463548583746,0,0.4823776873184148,0,0.5000000052462353,0,0.0254,0.8551164748373621,0,0.3888260135067003,0.01696446496687412,0.8551157339528039,9.03866287371713e-09,1.1873835248366054e-14,0.0001155246886937077,0.20063353106886428
10019,16,1024,10000,0.9999977023623066,0,1.8626628015575273e-06,0,0.856299187421673,29,0.0,0.017628772404861923,0,0.49118562392397924,0,0.5000000103081305,0,0.0254,0.8558860101479371,0,0.4714361848187135,0.011031992779059271,0.8551157339528039,3.604914078358945e-08,4.717892743144603e-14,0.0004550017469263058,0.3446273588271572
10019,16,4096,10000,0.9999908094836327,0,7.450625783367706e-06,0,0.8574082240641197,22,0.0,0.008815193220588243,0,0.4955924236444349,0,0.5000000204348665,0,0.0254,0.8568662321048205,0,0.49586622644858325,0.008017638805371818,0.8551157339528039,1.440910354921776e-07,1.8882673202824664e-13,0.0017935591124686651,0.40022998075127936
10019,16,16384,10000,0.999963238485021,0,2.980209637116604e-05,0,0.859009591708658,17,0.0,0.004407697493321229,0,0.49779619176353096,0,0.5000000406895398,0,0.0254,0.8586186490695914,0,0.34352642488968754,0.004908344185114695,0.8551157339528039,5.762583412671773e-07,7.557954262438216e-13,0.006828410116941645,0.40125666318530073
10019,16,65536,10000,0.9998529627474602,0,0.0001192018776331623,0,0.8635440475225512,13,0.0,0.0022038613566378452,0,0.498898150384257,0,0.5000000812416231,0,0.0254,0.8632788541094334,0,0.44949497130462757,0.0033042955842595375,0.8551157339528039,2.304923197693487e-06,3.025818484658771e-12,0.023725438225978165,0.40125666367067614
10019,18,16,10000,0.999999997835235,0,1.7271805211770818e-09,0,0.8528673840661203,206,0.0,0.13994993409141915,0,0.43002503302969486,0,0.5000000000876745,0,0.055,0.8521882995215911,0,0.5886499474770862,0.06085358382683276,0.8521882994688015,3.7001790520463373e-11,1.1102230246251565e-16,1.5007926937538032e-06,0.011512398050774086
10019,18,64,10000,0.9999999913409396,0,6.908722126938632e-09,0,0.8531445417790721,146,0.0,0.07038609217001507,0,0.46480695406668804,0,0.5000000001631812,0,0.055,0.8521882996706452,0,0.5850705975909198,0.046478587375685,0.8521882994688015,1.4147683025100832e-10,2.220446049250313e-16,5.738132198240812e-06,0.04232506062667463
10019,18,256,10000,0.9999999653637588,0,2.763488801770526e-08,0,0.8531048757435529,105,0.0,0.03524463548583848,0,0.48237768256087793,0,0.500000000314897,0,0.055,0.8521883002668609,0,0.4840198905214207,0.03355229914098029,0.8521882994688015,5.593777108181541e-10,6.661338147750939e-16,2.268464218891927e-05,0.11745271079528163
10019,18,1024,10000,0.9999998614550447,0,1.1053954617292351e-07,0,0.8532004615994282,75,0.0,0.017628772404862283,0,0.49118561440530983,0,0.5000000006186472,0,0.055,0.8526977249863519,0,0.4736618426018289,0.02256926952141058,0.8521882994688015,2.2309754599270093e-09,2.3314683517128287e-15,9.0425088191398e-05,0.2477387932752294
10019,18,4096,10000,0.9999994458203297,0,4.421580920461892e-07,0,0.8531313250493018,47,0.0,0.008815193220588978,0,0.495592404602739,0,0.5000000012238223,0,0.055,0.8534259454484843,0,0.4845726592587484,0.016879332864462977,0.8521882994688015,8.917262206420418e-09,8.210099267103038e-15,0.0003558116866481144,0.3924428177389979
10019,18,16384,10000,0.9999977832837272,0,1.768630884858339e-06,0,0.8547636782936604,35,0.0,0.0044076974933224345,0,0.4977961536862273,0,0.5000000024436603,0,0.055,0.8546220508265663,0,0.47073449590159044,0.012644254892122429,0.8521882994688015,3.566073775163048e-08,3.2518432391270845e-14,0.0014200842970606197,0.43599347310037084
10019,18,65536,10000,0.999991133173443,0,7.074499804821881e-06,0,0.8569129992398183,20,0.0,0.0022038613566397955,0,0.4988980741805177,0,0.5000000048695692,0,0.055,0.8567650751056302,0,0.4527712042405303,0.009318637274549098,0.8521882994688015,1.4260791281195395e-07,1.2926881787223017e-13,0.005562420008969592,0.4363804017173063
10019,20,16,10000,0.9999999998833561,0,9.383002714124163e-11,0,0.8529712300912256,530,0.0,0.13994993409141926,0,0.4300250329582648,0,0.5000000000046211,0,0.1128,0.8517942931304615,0,0.5725309069893179,0.10506863780359028,0.8517942908716603,1.8926527012297356e-12,-1.1102230246251565e-16,1.5380564247768867e-07,0.000976573012014148
10019,20,64,10000,0.9999999995334242,0,3.7532010845834924e-10,0,0.8529043933355542,396,0.0,0.07038609217001539,0,0.46480695392299665,0,0.5000000000086089,0,0.1128,0.8517942995082528,0,0.5580405150309783,0.08277800916284882,0.8517942908716603,7.237155319472777e-12,0.0,5.880805018843014e-07,0.003741880741391368
10019,20,256,10000,0.9999999981336969,0,1.5012804321275328e-09,0,0.8528599946038892,289,0.0,0.0352446354858391,0,0.48237768227311095,0,0.5000000000166174,0,0.1128,0.8517943250194173,0,0.5686243723091245,0.06538976418494491,0.8517942908716603,2.8612334723732147e-11,0.0,2.325181469353671e-06,0.014870516555505309
10019,20,1024,10000,0.9999999925347873,0,6.005121701216289e-09,0,0.8527178637014314,217,0.0,0.017628772404862394,0,0.49118561382963655,0,0.5000000000326441,0,0.1128,0.8517944270640515,0,0.5227514002226076,0.05018910354696923,0.8517942908716603,1.1411410705264302e-10,1.1102230246251565e-16,9.27360982466705e-06,0.05790543651425939
10019,20,4096,10000,0.9999999701391498,0,2.402048636816358e-08,0,0.8529019351520613,149,0.0,0.008815193220589355,0,0.4955924034536398,0,0.500000000064504,0,0.1128,0.8521211813425104,0,0.5431080618966149,0.03999593949852807,0.8517942908716603,4.561220845467062e-10,3.3306690738754696e-16,3.706771431538072e-05,0.16768655344069272
10019,20,16384,10000,0.9999998805566068,0,9.60819384854304e-08,0,0.8525109123917224,110,0.0,0.004407697493323081,0,0.4977961513810086,0,0.500000000128235,0,0.1128,0.8524415496963118,0,0.6453303264052471,0.031041456016177957,0.8517942908716603,1.824153994522959e-09,7.771561172376096e-16,0.00014825034576019768,0.27882149679523704
10019,20,65536,10000,0.9999995222265503,0,3.843276421461711e-07,0,0.8529052812895507,86,0.0,0.0022038613566412227,0,0.49889806961386085,0,0.5000000002928289,0,0.1128,0.8530933390863544,0,0.406482993305516,0.022796045995561832,0.8517942908716603,7.296280801760702e-09,2.220446049250313e-15,0.0005930774966057415,0.3292951767839648
10019,22,16,10000,0.9999999999930231,0,5.460381834323749e-12,0,0.8542298561629409,1013,0.0,0.1399499340914193,0,0.4300250329545371,0,0.5000000000002869,0,0.1928,0.8520764026208751,0,0.6159037101376692,0.16034271725826194,0.8520764020225298,1.1940448629843559e-13,-2.220446049250313e-16,1.8044840455200117e-08,0.00026615432356247304
10019,22,64,10000,0.9999999999720927,0,2.1841527336980158e-11,0,0.8537604456824512,787,0.0,0.07038609217001576,0,0.4648069539154888,0,0.5000000000005347,0,0.1928,0.8520764043103206,0,0.5877136969078441,0.13448388147183327,0.8520764020225298,4.569677969357144e-13,-1.1102230246251565e-16,6.899497376755488e-08,0.0010181214588931287
10019,22,256,10000,0.9999999998883704,0,8.736610934288335e-11,0,0.8524709302325582,611,0.0,0.035244635485839754,0,0.48237768225808403,0,0.5000000000010402,0,0.1928,0.8520764110681027,0,0.6222120790502216,0.10874427521567792,0.8520764020225298,1.8059442830065109e-12,-1.1102230246251565e-16,2.727954316772395e-07,0.004032029727919273
10019,22,1024,10000,0.9999999995534818,0,3.4946443729093663e-10,0,0.8536116243891543,466,0.0,0.017628772404862346,0,0.4911856137996825,0,0.5000000000021521,0,0.1928,0.852130113308833,0,0.45209564485911247,0.08988881896370883,0.8520764020225298,7.2015726715335404e-12,0.0,1.0879960675835759e-06,0.01612715271091847
10019,22,4096,10000,0.9999999982139272,0,1.3978577478741926e-09,0,0.8528717010713353,359,0.0,0.008815193220589355,0,0.49559240339716837,0,0.50000000000753,0,0.1928,0.8521749814982358,0,0.5325050482034275,0.07322891816201639,0.8520764020225298,2.8784474803700277e-11,0.0,4.348779454921254e-06,0.06221197553376978
10019,22,16384,10000,0.999999992855709,0,5.591430970863946e-09,0,0.8520499122360956,260,0.0,0.004407697493323081,0,0.49779615126325844,0,0.5000000000099643,0,0.1928,0.8522416280792768,0,0.6226955419923765,0.058521560574948665,0.8520764020225298,1.1511841480071894e-10,0.0,1.7391605214145242e-05,0.1725492494804569
10019,22,65536,10000,0.999999971422836,0,2.236572355333061e-08,0,0.8528369086551179,187,0.0,0.002203861356641258,0,0.49889806944888493,0,0.5000000001274845,0,0.1928,0.852450137210347,0,0.6333121040742709,0.04534800774482829,0.8520764020225298,4.6044967838554385e-10,1.1102230246251565e-16,6.955790108084596e-05,0.25899133373165006
10019,24,16,10000,0.9999999999994429,0,4.589016757362369e-13,0,0.8578019400364162,1663,0.0,0.13994993409141934,0,0.4300250329543095,0,0.5000000000000223,0,0.2888,0.8527718972719163,0,0.5633675245157387,0.22418136020151133,0.8527718972719014,9.492406860545088e-15,-4.440892098500626e-16,2.129216275514875e-09,6.982089705276362e-05
10019,24,64,10000,0.9999999999977717,0,1.835551191792979e-12,0,0.8565289497592765,1341,0.0,0.07038609217001596,0,0.4648069539150302,0,0.5000000000000409,0,0.2888,0.8527718972719582,0,0.588588216177085,0.19551911306155445,0.8527718972719014,3.6415315207705135e-14,-3.3306690738754696e-16,8.141116464299703e-09,0.000266827597258823
10019,24,256,10000,0.9999999999910866,0,7.342149256008894e-12,0,0.8558851042215945,1059,0.0,0.03524463548583982,0,0.48237768225716815,0,0.5000000000000919,0,0.2888,0.8527718972721281,0,0.5594367997168184,0.16552958282071356,0.8527718972719014,1.4377388168895777e-13,-2.220446049250313e-16,3.218864477183554e-08,0.0010528457740156538
10019,24,1024,10000,0.9999999999643465,0,2.9368652534998056e-11,0,0.8546974075014344,842,0.0,0.017628772404862176,0,0.4911856137980676,0,0.500000000000508,0,0.2888,0.8527718972728071,0,0.6020408899024973,0.13965931426075562,0.8527718972719014,5.731526364627371e-13,-2.220446049250313e-16,1.283776067173557e-07,0.004163571911495301
10019,24,4096,10000,0.9999999998573861,0,1.1747466564812373e-10,0,0.8540145985401459,661,0.0,0.008815193220589355,0,0.495592403395798,0,0.5000000000061467,0,0.2888,0.8527718972755216,0,0.6020519229151904,0.11403790555734018,0.8527718972719014,2.2905566332553917e-12,-1.1102230246251565e-16,5.131150436432633e-07,0.016005399803476594
10019,24,16384,10000,0.9999999994295441,0,4.698987180553349e-10,0,0.8542343971130024,539,0.0,0.004407697493323081,0,0.49779615125885107,0,0.5000000000055371,0,0.2888,0.8527718972863814,0,0.6096091281348253,0.08963111721805306,0.8527718972719014,9.160006086972317e-12,-1.1102230246251565e-16,2.0517702008171457e-06,0.05180326363019716
10019,24,65536,10000,0.9999999977181764,0,1.8795948159371904e-09,0,0.8542773821711912,406,0.0,0.002203861356641258,0,0.49889806933600855,0,0.5000000000143585,0,0.2888,0.8528588307950087,0,0.5757209610050612,0.07473420888055034,0.8527718972719014,3.663924719177203e-11,0.0,8.201677193508932e-06,0.11043388674221055
