n,comparison,metric,source,n_units,mean,sd,median,q25,q75,min,max,pct_lo,pct_hi,boot_lo,boot_hi,boot_se
6,exact,mean_frac_wrong,SEED,20,0.0,0.0,0.0,0.0,0.0,0.0,0.0,0.0,0.0,0.0,0.0,0.0
6,exact,mean_frac_zero,SEED,20,0.0,0.0,0.0,0.0,0.0,0.0,0.0,0.0,0.0,0.0,0.0,0.0
6,exact,mean_cos,SEED,20,1.0,0.0,1.0,1.0,1.0,1.0,1.0,1.0,1.0,1.0,1.0,0.0
6,exact,p_final_ge_half,SEED,20,0.5979999999999999,0.05267577092084428,0.61,0.56,0.625,0.48,0.68,0.499,0.6705,0.5740000000000001,0.6199999999999999,0.011573572946980365
6,exact,median_log10_gain_best,SEED,20,1.5593121411593027,0.26525051188886717,1.538028906855137,1.4050021598582665,1.7608709130314213,1.0864747826859529,2.005458708738929,1.1164797960315374,1.960736176975341,1.4420999716680951,1.6721974572857254,0.05847073472413407
6,LE M=64,mean_frac_wrong,SEED,20,0.151742,0.01076503091153554,0.1518,0.14549,0.15872999999999998,0.13396,0.17436,0.13451100000000002,0.17031299999999996,0.14716194999999999,0.15637205,0.0023580559146002002
6,LE M=64,mean_frac_zero,SEED,20,0.301582,0.045554478617423164,0.30578,0.27254,0.33918000000000004,0.20288,0.37032000000000004,0.221481,0.366805,0.28177565,0.32095225,0.009986248873739296
6,LE M=64,mean_cos,SEED,20,0.3059047507609304,0.02399763166800843,0.3160852154235896,0.29025167288857034,0.32690676655673123,0.25659720197760355,0.3356038333890635,0.2599748018056312,0.3345860394923541,0.2955003453455817,0.31568016281836203,0.005202598857440016
6,LE M=64,p_final_ge_half,SEED,20,0.5969999999999999,0.047804426132887906,0.61,0.56,0.625,0.52,0.68,0.52,0.6705,0.5759999999999998,0.617,0.010508352905573677
6,LE M=64,median_log10_gain_best,SEED,20,1.6254202381732668,0.26570193386990354,1.6202587395703987,1.476269589243782,1.8234153184533273,1.0706404392013573,2.0054283062535427,1.1126636511397423,1.9809057300981787,1.5094924681344561,1.7365360034247295,0.05821861954664176
6,SWAP M=64,mean_frac_wrong,SEED,20,0.3544840000000001,0.012488060150231068,0.35166,0.34636999999999996,0.36318,0.33532000000000006,0.37836,0.336726,0.376422,0.3492619500000001,0.3600201499999999,0.0027314369466078362
6,SWAP M=64,mean_frac_zero,SEED,20,0.0,0.0,0.0,0.0,0.0,0.0,0.0,0.0,0.0,0.0,0.0,0.0
6,SWAP M=64,mean_cos,SEED,20,0.16246309298921252,0.014205893845932613,0.16695451279169246,0.15264722885317458,0.1734083860015068,0.1335141886993808,0.1833688382410711,0.13573844180143022,0.18050032003935812,0.15618027820093877,0.16829845613901798,0.0031006925485907344
6,SWAP M=64,p_final_ge_half,SEED,20,0.634,0.055097998817418135,0.64,0.595,0.665,0.52,0.72,0.5295000000000001,0.7104999999999999,0.609,0.6569999999999999,0.012107081941711393
6,SWAP M=64,median_log10_gain_best,SEED,20,2.2622493645893043,0.22073743597236148,2.248889279226156,2.1332399001632854,2.369860923364849,1.8866371955168875,2.711291308356982,1.9257715973630851,2.667203607862597,2.1706672199108703,2.3584147410076963,0.04788345187304113
6,SWAP M=32 (state-copy matched to LE M=64),mean_frac_wrong,SEED,20,0.35579800000000006,0.015077665462181927,0.35588,0.34567000000000003,0.36743000000000003,0.32856,0.38368,0.332246,0.378284,0.34939400000000004,0.36222604999999997,0.003284796252302072
6,SWAP M=32 (state-copy matched to LE M=64),mean_frac_zero,SEED,20,2.0000000000000003e-06,8.94427190999916e-06,0.0,0.0,0.0,0.0,4e-05,0.0,2.0999999999999945e-05,0.0,6.000000000000001e-06,1.9368203033035176e-06
6,SWAP M=32 (state-copy matched to LE M=64),mean_cos,SEED,20,0.157717860295444,0.016372680044890477,0.1569563449445239,0.14488811891211878,0.16895212980664864,0.1273880851358668,0.1865300611913713,0.13307774093469937,0.1840556142286954,0.15072030440580306,0.16472972297219104,0.003564721961271344
6,SWAP M=32 (state-copy matched to LE M=64),p_final_ge_half,SEED,20,0.6609999999999999,0.07663309715095279,0.67,0.615,0.72,0.52,0.78,0.5295000000000001,0.78,0.6279999999999999,0.6930000000000001,0.01668247484058287
6,SWAP M=32 (state-copy matched to LE M=64),median_log10_gain_best,SEED,20,2.3559703523531548,0.2284018965562129,2.4294035083303096,2.168347480560489,2.512276867496661,1.9423461556183752,2.7615665360409722,1.948005881820532,2.710301924331484,2.2581460255317034,2.4530121662419972,0.049741169276196893
6,LE M=1024,mean_frac_wrong,SEED,20,0.17435799999999999,0.014607922724185991,0.17493999999999998,0.16229,0.18692,0.14296,0.1934,0.14877400000000002,0.192488,0.16812995,0.18044205000000002,0.003164928909571287
6,LE M=1024,mean_frac_zero,SEED,20,0.121586,0.03973541392762884,0.11612,0.09009999999999999,0.16089,0.041120000000000004,0.19052,0.06000600000000002,0.18290099999999998,0.104464,0.1388102,0.008673197161465843
6,LE M=1024,mean_cos,SEED,20,0.4126107910354201,0.027383685400746323,0.4132087237311222,0.3949768914458939,0.4291683809369695,0.3617398737782753,0.4597304751614646,0.368153858083406,0.459612712138126,0.4008810487914836,0.4241175351193673,0.005967890819739673
6,LE M=1024,p_final_ge_half,SEED,20,0.5989999999999999,0.052103136586056545,0.61,0.575,0.625,0.48,0.68,0.499,0.6705,0.5750000000000001,0.6200000000000001,0.011459789137096133
6,LE M=1024,median_log10_gain_best,SEED,20,1.5791410553522214,0.2592494935909225,1.6009687235345198,1.4081843030146441,1.7552357161712093,1.156048379234016,2.0054558596648615,1.1565069934926318,1.9667333875177773,1.4640826173123986,1.6907535380176753,0.05717474537566506
6,SWAP M=1024,mean_frac_wrong,SEED,20,0.33233599999999996,0.013682372216603534,0.33248,0.32316,0.34425000000000006,0.30335999999999996,0.35363999999999995,0.307065,0.351037,0.32642995,0.33814805,0.002998102879419238
6,SWAP M=1024,mean_frac_zero,SEED,20,0.0,0.0,0.0,0.0,0.0,0.0,0.0,0.0,0.0,0.0,0.0,0.0
6,SWAP M=1024,mean_cos,SEED,20,0.2036329594841712,0.016810051159004583,0.20555659327991999,0.1894483381893592,0.21480975650801917,0.17868797941619566,0.2388126837274764,0.18070933629564415,0.23439980875942804,0.1965597212255397,0.21093722358399228,0.003684922023622395
6,SWAP M=1024,p_final_ge_half,SEED,20,0.6050000000000001,0.0458257569495584,0.6,0.575,0.625,0.54,0.72,0.5495000000000001,0.701,0.5860000000000001,0.6259999999999999,0.010012729251543076
6,SWAP M=1024,median_log10_gain_best,SEED,20,1.813004212227371,0.19903930591596122,1.8275773387806846,1.6807442059523123,1.9546970428204196,1.446183676474304,2.145248074923356,1.4763422964678312,2.108909628826367,1.7274987162276711,1.8962494539191528,0.043322988560299446
6,SWAP M=512 (state-copy matched to LE M=1024),mean_frac_wrong,SEED,20,0.337752,0.015209391004798383,0.33686,0.32709999999999995,0.34748,0.30763999999999997,0.36632,0.313131,0.363603,0.3312715,0.34441210000000005,0.003341790583128225
6,SWAP M=512 (state-copy matched to LE M=1024),mean_frac_zero,SEED,20,0.0,0.0,0.0,0.0,0.0,0.0,0.0,0.0,0.0,0.0,0.0,0.0
6,SWAP M=512 (state-copy matched to LE M=1024),mean_cos,SEED,20,0.1925996069008724,0.0189154608397148,0.1934881554716489,0.18169853765666932,0.20589679735888597,0.15765350305328837,0.22954678713729848,0.1599991389973414,0.22392767121207652,0.1843019391607926,0.20062921232294464,0.004159908496071947
6,SWAP M=512 (state-copy matched to LE M=1024),p_final_ge_half,SEED,20,0.61,0.06206957047497081,0.63,0.575,0.66,0.5,0.7,0.5,0.6905,0.5820000000000001,0.6359999999999999,0.013670781694446504
6,SWAP M=512 (state-copy matched to LE M=1024),median_log10_gain_best,SEED,20,1.978435437094906,0.22165559978296812,2.031037049261707,1.8314356622978591,2.1048326229918057,1.5102472378910878,2.4237894708265286,1.5677400248895614,2.3577899013119468,1.8820005702379348,2.071266692465518,0.04867348160284049
6,SWAP-noise random walk M=64,mean_frac_wrong,SEED,20,0.5004360000000001,0.0025514627383646286,0.5,0.49877,0.50169,0.49676000000000003,0.5056,0.49695,0.5055810000000001,0.49938400000000005,0.5015479999999999,0.0005547806114974143
6,SWAP-noise random walk M=64,mean_frac_zero,SEED,20,0.0,0.0,0.0,0.0,0.0,0.0,0.0,0.0,0.0,0.0,0.0,0.0
6,SWAP-noise random walk M=64,mean_cos,SEED,20,-0.00013827520768224105,0.0020494525586419094,0.00013662258594485712,-0.0008588093237715389,0.0008053467426236114,-0.00560386019332436,0.003734203943709301,-0.004363792964415901,0.0032529263279458295,-0.0010283610734045585,0.0006827806591780008,0.0004418405038898531
6,SWAP-noise random walk M=64,p_final_ge_half,SEED,20,0.002,0.006155870112510925,0.0,0.0,0.0,0.0,0.02,0.0,0.02,0.0,0.005,0.0013403469748543846
6,SWAP-noise random walk M=64,median_log10_gain_best,SEED,20,0.8416208857946078,0.12489452111274725,0.8423201680616266,0.7831917307723292,0.912360277810679,0.5949798397324239,1.0969202110815102,0.6166881295380248,1.0636942036738337,0.7893841664045267,0.8952307935844647,0.02714029128846206
6,SWAP-noise random walk M=1024,mean_frac_wrong,SEED,20,0.49981,0.0038384838015467744,0.49936,0.49805999999999995,0.50234,0.4926,0.5085200000000001,0.49298000000000003,0.506658,0.49818989999999996,0.5014940500000001,0.0008368434036591826
6,SWAP-noise random walk M=1024,mean_frac_zero,SEED,20,0.0,0.0,0.0,0.0,0.0,0.0,0.0,0.0,0.0,0.0,0.0,0.0
6,SWAP-noise random walk M=1024,mean_cos,SEED,20,-4.872662585438286e-05,0.0031608698152059624,-0.0001839257065524423,-0.001850824712524903,0.0019941604862600878,-0.006161217414991267,0.007195614397014441,-0.005273172591343329,0.006017857890162553,-0.0013968230067877476,0.0013349010909464998,0.0006895640813847583
6,SWAP-noise random walk M=1024,p_final_ge_half,SEED,20,0.002,0.006155870112510925,0.0,0.0,0.0,0.0,0.02,0.0,0.02,0.0,0.005,0.001349799316868838
6,SWAP-noise random walk M=1024,median_log10_gain_best,SEED,20,0.2616790309081037,0.049197588111273595,0.2584948226556244,0.23382679036126452,0.28829482197045286,0.16856316809009897,0.361878226876134,0.17683227168117324,0.36186545213472704,0.24095351800610085,0.2824645910415616,0.010647021509078872
6,SWAP M=64 vs SWAP-noise random walk M=64,median_dlog10_F_final,SEED,20,1.9514656818380207,0.34750483574194896,1.928379749143911,1.784310398165585,2.246618604457289,1.1395725678514501,2.4544920892424154,1.201647910342688,2.419746054905794,1.792580585029806,2.0928392780460756,0.0762527860007037
6,SWAP M=64 vs SWAP-noise random walk M=64,mean_dlog10_F_final,SEED,20,1.7813650924622948,0.2542304484224356,1.7603231511482145,1.6390819588638443,1.9818945880112713,1.234035839080761,2.2217809305575185,1.3044355264961152,2.182358610010193,1.6696865085957828,1.8864977750922893,0.05550224888566826
6,SWAP M=64 vs SWAP-noise random walk M=64,median_dlog10_gain_best,SEED,20,1.2584935663082697,0.21404406553582817,1.2903854729592146,1.146427522453356,1.4097529304234355,0.7853440071977732,1.5839866884956721,0.8514256195585893,1.5661852246495949,1.1633423590624266,1.3480731689934475,0.047165338698757324
6,SWAP M=64 vs SWAP-noise random walk M=64,p_x_final_better,SEED,20,0.8160000000000001,0.04967261238401531,0.83,0.78,0.84,0.7,0.9,0.719,0.8905,0.794,0.8360000000000001,0.010745878668160885
6,SWAP M=64 vs SWAP-noise random walk M=64,p_x_final_worse,SEED,20,0.18200000000000005,0.04937504163888984,0.16999999999999998,0.155,0.22,0.1,0.3,0.10950000000000001,0.2809999999999999,0.16200000000000003,0.203,0.010673528939015492
6,SWAP M=64 vs SWAP-noise random walk M=64,p_x_gain_best_higher,SEED,20,0.806,0.05030433694811485,0.82,0.78,0.84,0.68,0.88,0.6990000000000001,0.8704999999999999,0.784,0.826,0.010936591136755968
6,SWAP M=64 vs SWAP-noise random walk M=64,dP_F_final_ge_0.5,SEED,20,0.6319999999999999,0.056344803150825386,0.64,0.595,0.665,0.52,0.72,0.5295000000000001,0.7104999999999999,0.6069750000000002,0.655,0.012388925534831122
6,SWAP M=64 vs SWAP-noise random walk M=64,median_dlog10_F_final,START-BOOTSTRAP (pooled paired starts),1000,1.971892587089612,,,,,,,1.8200899517246,2.1155207921622243,,,0.0763331696452708
6,SWAP M=64 vs SWAP-noise random walk M=64,p_x_final_better,START-BOOTSTRAP (pooled paired starts),1000,0.816,,,,,,,0.792,0.84,,,0.012530374012232932
6,SWAP M=1024 vs SWAP-noise random walk M=1024,median_dlog10_F_final,SEED,20,1.7687665122004996,0.21704725909986775,1.8041268177929308,1.6195703744766812,1.879703040586224,1.3999189626829975,2.237693488687678,1.432909451194226,2.1373113522517007,1.6778878302815499,1.861336797494034,0.04701603453806936
6,SWAP M=1024 vs SWAP-noise random walk M=1024,mean_dlog10_F_final,SEED,20,1.6447092057393546,0.19324450628334724,1.6321712489788505,1.54506584429586,1.8011924744611112,1.2608111377716127,1.9198582893726825,1.3024150055400865,1.912289409674694,1.560697100522049,1.7275701954093865,0.042254960999613206
6,SWAP M=1024 vs SWAP-noise random walk M=1024,median_dlog10_gain_best,SEED,20,1.4050424954573255,0.24780811547354994,1.4248813825724036,1.2164799804745248,1.5622337364514982,0.9941717108827575,1.8117955926282123,1.0073688849201377,1.8058446203683927,1.2993048181724078,1.5103079301528688,0.053917406973589176
6,SWAP M=1024 vs SWAP-noise random walk M=1024,p_x_final_better,SEED,20,0.837,0.043661376403792904,0.84,0.815,0.86,0.76,0.92,0.7695000000000001,0.9105,0.818,0.8559999999999999,0.009484074986936564
6,SWAP M=1024 vs SWAP-noise random walk M=1024,p_x_final_worse,SEED,20,0.15500000000000005,0.04198997374060672,0.16,0.135,0.18,0.08,0.22,0.08950000000000001,0.22,0.13700000000000004,0.17300000000000004,0.009102516661943446
6,SWAP M=1024 vs SWAP-noise random walk M=1024,p_x_gain_best_higher,SEED,20,0.8299999999999998,0.033403435058152485,0.82,0.815,0.86,0.76,0.88,0.7695000000000001,0.88,0.8160000000000001,0.844,0.007258765415519066
6,SWAP M=1024 vs SWAP-noise random walk M=1024,dP_F_final_ge_0.5,SEED,20,0.603,0.04867723989926428,0.6,0.575,0.625,0.52,0.72,0.5295000000000001,0.701,0.5820000000000001,0.6240000000000001,0.010643862662174715
6,SWAP M=1024 vs SWAP-noise random walk M=1024,median_dlog10_F_final,START-BOOTSTRAP (pooled paired starts),1000,1.7886765078472917,,,,,,,1.6520597435764128,1.919379075148744,,,0.06968890982843781
6,SWAP M=1024 vs SWAP-noise random walk M=1024,p_x_final_better,START-BOOTSTRAP (pooled paired starts),1000,0.837,,,,,,,0.813,0.858,,,0.011599884251893584
6,SWAP M=64 vs exact,median_dlog10_F_final,SEED,20,-0.0010146323546474673,0.00023429492745229844,-0.0009724169819269723,-0.0010726860803896123,-0.000912466793196191,-0.0015169605956264504,-0.0005629021022284721,-0.0014991200033335529,-0.0006330445576062461,-0.0011204307780780301,-0.0009182315509723909,5.146668421830003e-05
6,SWAP M=64 vs exact,mean_dlog10_F_final,SEED,20,0.20806989684199428,0.263394893593513,0.15270000227721464,0.04347311076369888,0.34484481223325647,-0.2628287052956804,0.8390682430343402,-0.2432528730846333,0.716407554782541,0.09693608554819852,0.3249781565161501,0.057974621689907274
6,SWAP M=64 vs exact,median_dlog10_gain_best,SEED,20,-7.377646870131981e-05,1.41115283314017e-05,-7.659506583762576e-05,-8.182236885495575e-05,-5.9846306075750366e-05,-0.00010442478728672766,-5.522280298531079e-05,-9.954650555712845e-05,-5.590621197346102e-05,-7.986058791518001e-05,-6.788407240057116e-05,3.0788347677260666e-06
6,SWAP M=64 vs exact,p_x_final_better,SEED,20,0.269,0.05408570197283878,0.28,0.235,0.305,0.16,0.36,0.1695,0.3505,0.246,0.292,0.011779962669807164
6,SWAP M=64 vs exact,p_x_final_worse,SEED,20,0.73,0.05525062514530825,0.72,0.695,0.765,0.64,0.84,0.6495000000000001,0.8304999999999999,0.707,0.7539999999999999,0.012044616533486815
6,SWAP M=64 vs exact,p_x_gain_best_higher,SEED,20,0.355,0.05462792808001956,0.37,0.32,0.4,0.24,0.44,0.2495,0.4305,0.331,0.378,0.011985888622150899
6,SWAP M=64 vs exact,dP_F_final_ge_0.5,SEED,20,0.036,0.03218368334551238,0.040000000000000036,0.01499999999999993,0.06000000000000005,-0.020000000000000018,0.08000000000000007,-0.020000000000000018,0.08000000000000002,0.022,0.04999999999999999,0.007023352742698807
6,SWAP M=64 vs exact,median_dlog10_F_final,START-BOOTSTRAP (pooled paired starts),1000,-0.0009869026302094254,,,,,,,-0.0010812978362568556,-0.0009009594813380022,,,4.5786563251461414e-05
6,SWAP M=64 vs exact,p_x_final_better,START-BOOTSTRAP (pooled paired starts),1000,0.269,,,,,,,0.242,0.295,,,0.013954645465400848
6,SWAP M=1024 vs exact,median_dlog10_F_final,SEED,20,-7.046837398063875e-05,1.152229421800175e-05,-7.181793747065169e-05,-7.663206450197663e-05,-5.9214862447813435e-05,-9.579187036768577e-05,-5.422868478346375e-05,-9.051252174810066e-05,-5.524132092432993e-05,-7.54190893879364e-05,-6.554692144026326e-05,2.5122467608419834e-06
6,SWAP M=1024 vs exact,mean_dlog10_F_final,SEED,20,0.010017279085125159,0.11339010452320901,0.010963153043897052,-0.03633738370879262,0.09023700615618027,-0.22548419918482832,0.19686059620519608,-0.21255428353364392,0.18254573359784657,-0.03999141382470971,0.05779967190599927,0.024785639935195433
6,SWAP M=1024 vs exact,median_dlog10_gain_best,SEED,20,-5.212466439004359e-06,9.164744577560216e-07,-5.436679131332056e-06,-5.815606948691987e-06,-4.701328935458049e-06,-6.308136720090118e-06,-2.7128514841490148e-06,-6.2499045421632315e-06,-3.2026419722698556e-06,-5.577081237526233e-06,-4.783668334911e-06,2.0197612850205045e-07
6,SWAP M=1024 vs exact,p_x_final_better,SEED,20,0.20600000000000004,0.043576913250264214,0.22,0.18,0.22,0.12,0.32,0.1295,0.2914999999999999,0.188,0.225,0.009593691694651914
6,SWAP M=1024 vs exact,p_x_final_worse,SEED,20,0.7869999999999999,0.04554927927097488,0.78,0.76,0.805,0.66,0.86,0.6980000000000001,0.86,0.766,0.806,0.010040614773732907
6,SWAP M=1024 vs exact,p_x_gain_best_higher,SEED,20,0.30800000000000005,0.049587774384630856,0.3,0.28,0.33,0.18,0.42,0.21800000000000003,0.3914999999999999,0.28700000000000003,0.32999999999999996,0.010867159182825586
6,SWAP M=1024 vs exact,dP_F_final_ge_0.5,SEED,20,0.006999999999999995,0.026177531547010646,0.0,-0.020000000000000018,0.020000000000000018,-0.040000000000000036,0.06000000000000005,-0.03050000000000002,0.05050000000000002,-0.004000000000000009,0.01899999999999999,0.00579377103174408
6,SWAP M=1024 vs exact,median_dlog10_F_final,START-BOOTSTRAP (pooled paired starts),1000,-7.03487114852844e-05,,,,,,,-7.566552114199599e-05,-6.443789522796617e-05,,,2.835687413283411e-06
6,SWAP M=1024 vs exact,p_x_final_better,START-BOOTSTRAP (pooled paired starts),1000,0.206,,,,,,,0.181,0.232,,,0.013029490149533035
6,LE M=64 vs exact,median_dlog10_F_final,SEED,20,-0.0003524402187826441,7.567968712299471e-05,-0.000359276533454536,-0.00037946635982893717,-0.00031271647524493064,-0.0005418293491750068,-0.0002242464259289469,-0.0004984906228269033,-0.00022582786829220068,-0.0003849041710234477,-0.00032070280150924777,1.6403498687944304e-05
6,LE M=64 vs exact,mean_dlog10_F_final,SEED,20,0.012341177874288857,0.039588838469818886,0.004378654120566103,-0.009078382726076889,0.04578546034121885,-0.08724362095209096,0.07189775971829954,-0.05912768656047701,0.06960657574718981,-0.004724897178359792,0.02870313174385153,0.008562557164140968
6,LE M=64 vs exact,median_dlog10_gain_best,SEED,20,-3.231136185432165e-05,4.30909895338184e-06,-3.214376317356438e-05,-3.516526665919839e-05,-2.9873238149735748e-05,-3.9487336160437536e-05,-2.4914796558750396e-05,-3.923957324686311e-05,-2.5016267486181742e-05,-3.412254500413467e-05,-3.046216453442451e-05,9.378726178639905e-07
6,LE M=64 vs exact,p_x_final_better,SEED,20,0.197,0.05478186407543054,0.18,0.16,0.24,0.12,0.32,0.12,0.3105,0.17500000000000002,0.22100000000000003,0.011908356718539027
6,LE M=64 vs exact,p_x_final_worse,SEED,20,0.7750000000000001,0.06549407365716783,0.8,0.74,0.82,0.62,0.86,0.6295000000000001,0.8504999999999999,0.745,0.8009999999999999,0.014274034605408234
6,LE M=64 vs exact,p_x_gain_best_higher,SEED,20,0.23400000000000004,0.06260990336999411,0.22,0.195,0.265,0.14,0.4,0.14950000000000002,0.3619999999999999,0.20900000000000002,0.26200000000000007,0.013631339798511014
6,LE M=64 vs exact,dP_F_final_ge_0.5,SEED,20,-0.0010000000000000009,0.01651155894963793,0.0,-0.019999999999999934,0.0,-0.020000000000000018,0.040000000000000036,-0.020000000000000018,0.0305,-0.007999999999999997,0.006000000000000005,0.003585296371990397
6,LE M=64 vs exact,median_dlog10_F_final,START-BOOTSTRAP (pooled paired starts),1000,-0.0003520844127410897,,,,,,,-0.0003720198849693367,-0.0003295884171041114,,,1.2223718798654253e-05
6,LE M=64 vs exact,p_x_final_better,START-BOOTSTRAP (pooled paired starts),1000,0.197,,,,,,,0.173,0.223,,,0.012696281848887618
6,LE M=1024 vs exact,median_dlog10_F_final,SEED,20,-2.370570201585143e-05,4.398552906267812e-06,-2.208915492229151e-05,-2.8203337705571414e-05,-2.0274953565274162e-05,-3.1298992759801453e-05,-1.8450553788387673e-05,-3.079118399079141e-05,-1.8657385129084336e-05,-2.559091817290548e-05,-2.1893860132071537e-05,9.55746395587543e-07
6,LE M=1024 vs exact,mean_dlog10_F_final,SEED,20,-0.00047560969285269513,0.027272092471795743,0.0009707454327425829,-0.004422930493318088,0.009064900062895795,-0.10285133550136823,0.04270037976854635,-0.059518148366360414,0.03343983038236986,-0.013622697631865384,0.009273233512758718,0.005942980771806803
6,LE M=1024 vs exact,median_dlog10_gain_best,SEED,20,-2.099737278279945e-06,3.564618555372327e-07,-2.0333251938287056e-06,-2.439861849640179e-06,-1.8330815840100767e-06,-2.6635052757795208e-06,-1.5630020425705382e-06,-2.64362543725416e-06,-1.5633546148724476e-06,-2.2511085724268713e-06,-1.948037899260693e-06,7.719622625944636e-08
6,LE M=1024 vs exact,p_x_final_better,SEED,20,0.17700000000000002,0.053222472499381016,0.19,0.135,0.22,0.06,0.26,0.07900000000000001,0.25049999999999994,0.154,0.19900000000000004,0.011582620757857955
6,LE M=1024 vs exact,p_x_final_worse,SEED,20,0.776,0.06443274747648452,0.77,0.72,0.81,0.68,0.9,0.68,0.8905,0.7489999999999999,0.804,0.014126675275358807
6,LE M=1024 vs exact,p_x_gain_best_higher,SEED,20,0.22799999999999998,0.0663007501743699,0.22999999999999998,0.18,0.28500000000000003,0.1,0.32,0.10950000000000001,0.32,0.199,0.255,0.014549199953328295
6,LE M=1024 vs exact,dP_F_final_ge_0.5,SEED,20,0.0009999999999999953,0.004472135954999558,0.0,0.0,0.0,0.0,0.019999999999999907,0.0,0.010499999999999923,0.0,0.002999999999999986,0.000976305949654474
6,LE M=1024 vs exact,median_dlog10_F_final,START-BOOTSTRAP (pooled paired starts),1000,-2.3297357053678362e-05,,,,,,,-2.5072526822364e-05,-2.177312244903924e-05,,,8.239630120729846e-07
6,LE M=1024 vs exact,p_x_final_better,START-BOOTSTRAP (pooled paired starts),1000,0.177,,,,,,,0.15397500000000003,0.201,,,0.012102231488593405
6,SWAP-noise random walk M=64 vs exact,median_dlog10_F_final,SEED,20,-1.838219341788406,0.3094247115694368,-1.8385452114110934,-2.024255679960061,-1.6544325420455412,-2.404869433396459,-1.0909077298715255,-2.355174419770654,-1.2290222075547537,-1.9690445011236428,-1.7038085077961522,0.06761057231365138
6,SWAP-noise random walk M=64 vs exact,mean_dlog10_F_final,SEED,20,-1.5732951956203003,0.3328335073393964,-1.5370706373274068,-1.8283968232040146,-1.3503302360699785,-2.2084548399407713,-0.9875668328051307,-2.096782517359352,-1.0434600805018637,-1.7140881748195351,-1.4280401655939274,0.07317571792713609
6,SWAP-noise random walk M=64 vs exact,median_dlog10_gain_best,SEED,20,-1.0601566319522369,0.2551991775957156,-1.0392923024157736,-1.3025033295363322,-0.8962597589667591,-1.4358882469449026,-0.5518987101231658,-1.4345500304526742,-0.6172942629745468,-1.1704492607818153,-0.951378629317734,0.05603120062218393
6,SWAP-noise random walk M=64 vs exact,p_x_final_better,SEED,20,0.21399999999999997,0.059859484584624034,0.22999999999999998,0.18,0.26,0.08,0.34,0.10850000000000004,0.31149999999999994,0.18800000000000003,0.24,0.013103451957607214
6,SWAP-noise random walk M=64 vs exact,p_x_final_worse,SEED,20,0.784,0.058615607765203706,0.77,0.74,0.82,0.66,0.92,0.6885,0.8915,0.7580000000000001,0.8090000000000002,0.01284660219002608
6,SWAP-noise random walk M=64 vs exact,p_x_gain_best_higher,SEED,20,0.32899999999999996,0.0483300059350732,0.34,0.3,0.36,0.22,0.4,0.22,0.39049999999999996,0.30799999999999994,0.34900000000000003,0.010543671638056695
6,SWAP-noise random walk M=64 vs exact,dP_F_final_ge_0.5,SEED,20,-0.5959999999999999,0.05335087430842802,-0.61,-0.625,-0.56,-0.68,-0.48,-0.6705,-0.48950000000000005,-0.618,-0.572,0.011734851521601081
6,SWAP-noise random walk M=64 vs exact,median_dlog10_F_final,START-BOOTSTRAP (pooled paired starts),1000,-1.8305592827069486,,,,,,,-1.959459774842788,-1.7019546987385834,,,0.06883397759853697
6,SWAP-noise random walk M=64 vs exact,p_x_final_better,START-BOOTSTRAP (pooled paired starts),1000,0.214,,,,,,,0.19,0.239,,,0.012911814404862425
6,SWAP-noise random walk M=1024 vs exact,median_dlog10_F_final,SEED,20,-1.7240707834836209,0.24928234842910563,-1.703545842728487,-1.9386010355994243,-1.5528848409649914,-2.2377744814483806,-1.350285422287545,-2.1272373934371447,-1.3646551816257988,-1.8306399302150353,-1.619204684480864,0.05394325061080153
6,SWAP-noise random walk M=1024 vs exact,mean_dlog10_F_final,SEED,20,-1.6346919266542295,0.22391322958689683,-1.6413337296888337,-1.745404273426828,-1.4867494007032542,-2.145342488557511,-1.178110407288309,-2.0424956647262653,-1.2799236493928345,-1.7335687988719255,-1.5403788711960993,0.04889226182328675
6,SWAP-noise random walk M=1024 vs exact,median_dlog10_gain_best,SEED,20,-1.3526448545069063,0.2913280829642004,-1.35092533687253,-1.574979712405216,-1.1441353237499778,-1.8118014762020653,-0.7939334210870144,-1.7566132703681117,-0.8631179396221343,-1.476863328991232,-1.2290647937190011,0.06384884417891853
6,SWAP-noise random walk M=1024 vs exact,p_x_final_better,SEED,20,0.13700000000000004,0.03743063760582963,0.14,0.11499999999999999,0.16,0.08,0.22,0.08,0.21049999999999996,0.12100000000000002,0.15300000000000002,0.008157337063944186
6,SWAP-noise random walk M=1024 vs exact,p_x_final_worse,SEED,20,0.859,0.03754295785111406,0.86,0.84,0.88,0.78,0.92,0.7895000000000001,0.92,0.843,0.875,0.00816704468286327
6,SWAP-noise random walk M=1024 vs exact,p_x_gain_best_higher,SEED,20,0.24599999999999994,0.04638511557998343,0.24,0.215,0.28500000000000003,0.18,0.32,0.18,0.32,0.22600000000000003,0.266,0.01013009442558692
6,SWAP-noise random walk M=1024 vs exact,dP_F_final_ge_0.5,SEED,20,-0.5959999999999999,0.056791400386808015,-0.61,-0.625,-0.56,-0.68,-0.45999999999999996,-0.6705,-0.47900000000000004,-0.619,-0.5700000000000001,0.012489044864366621
6,SWAP-noise random walk M=1024 vs exact,median_dlog10_F_final,START-BOOTSTRAP (pooled paired starts),1000,-1.7401708695998868,,,,,,,-1.8700227489850194,-1.5969499925749815,,,0.06811625977496043
6,SWAP-noise random walk M=1024 vs exact,p_x_final_better,START-BOOTSTRAP (pooled paired starts),1000,0.137,,,,,,,0.115,0.158,,,0.010919183212631587
8,exact,mean_frac_wrong,SEED,20,0.0,0.0,0.0,0.0,0.0,0.0,0.0,0.0,0.0,0.0,0.0,0.0
8,exact,mean_frac_zero,SEED,20,0.0,0.0,0.0,0.0,0.0,0.0,0.0,0.0,0.0,0.0,0.0,0.0
8,exact,mean_cos,SEED,20,1.0,0.0,1.0,1.0,1.0,1.0,1.0,1.0,1.0,1.0,1.0,0.0
8,exact,p_final_ge_half,SEED,20,0.335,0.07015021476502369,0.34,0.275,0.38,0.24,0.5,0.24,0.46199999999999986,0.30500000000000005,0.36500000000000005,0.015391666649529052
8,exact,median_log10_gain_best,SEED,20,0.26734687963007914,0.178460900191964,0.22451803702559137,0.15722073604613085,0.30875343363940416,0.07078561515266957,0.8083818949556814,0.08309995675389634,0.6911328730884776,0.1963977769327586,0.3492854811316565,0.03913476823071493
8,LE M=64,mean_frac_wrong,SEED,20,0.079628,0.01094590026592509,0.07978,0.0738,0.08646,0.059359999999999996,0.10728,0.059739999999999994,0.10061099999999998,0.07492789999999999,0.084436,0.0024008888318626373
8,LE M=64,mean_frac_zero,SEED,20,0.574942,0.05973762206956614,0.56742,0.5413,0.61114,0.44232,0.66836,0.45790000000000003,0.6676,0.54916525,0.6007020499999999,0.013138303380521993
8,LE M=64,mean_cos,SEED,20,0.2711966343350899,0.045791223011489496,0.2677496586684087,0.2317070984956647,0.2974087878812403,0.2068713937724947,0.3826231459451161,0.20857924385299226,0.3574035148336969,0.2519284651927642,0.2909245439469852,0.00999959525341261
8,LE M=64,p_final_ge_half,SEED,20,0.33,0.06790085651734795,0.33,0.28,0.36,0.22,0.5,0.2295,0.4714999999999999,0.30100000000000005,0.36,0.014891318805853891
8,LE M=64,median_log10_gain_best,SEED,20,0.3555171415603718,0.22492891303899967,0.32368519414032215,0.21090181496887422,0.3886482552803746,0.10940153060320856,0.8953518954918602,0.11268744609159156,0.8571305293422389,0.2640934532560572,0.4568934261418739,0.049342130524869694
8,SWAP M=64,mean_frac_wrong,SEED,20,0.41874599999999995,0.01794747083780009,0.4225,0.41187,0.42881,0.36479999999999996,0.44648000000000004,0.378822,0.443535,0.4105339499999999,0.42596814999999993,0.003919736547505512
8,SWAP M=64,mean_frac_zero,SEED,20,0.0,0.0,0.0,0.0,0.0,0.0,0.0,0.0,0.0,0.0,0.0,0.0
8,SWAP M=64,mean_cos,SEED,20,0.08244309072388942,0.018582739074960396,0.07755564660337821,0.07139095420696562,0.0899290110617494,0.05500782833991762,0.13686914525526564,0.057433049900557386,0.12390336202547804,0.07492159842373808,0.09087383859647752,0.004058975732407759
8,SWAP M=64,p_final_ge_half,SEED,20,0.32900000000000007,0.07268533479827166,0.31,0.28,0.365,0.22,0.52,0.2295,0.47249999999999986,0.29900000000000004,0.362,0.01593577122201633
8,SWAP M=64,median_log10_gain_best,SEED,20,1.894516004184768,0.28694892829514684,1.8623948141690285,1.7243086260950289,2.109245262647663,1.262127497430364,2.38275368069739,1.351477450367743,2.3632149942114413,1.7704262949529619,2.012929032128132,0.06227348567939597
8,SWAP M=32 (state-copy matched to LE M=64),mean_frac_wrong,SEED,20,0.4226340000000001,0.016423717253443354,0.42272,0.41392999999999996,0.43029000000000006,0.39088,0.45160000000000006,0.395345,0.450954,0.41566195,0.42978230000000006,0.003601815852942781
8,SWAP M=32 (state-copy matched to LE M=64),mean_frac_zero,SEED,20,0.0,0.0,0.0,0.0,0.0,0.0,0.0,0.0,0.0,0.0,0.0,0.0
8,SWAP M=32 (state-copy matched to LE M=64),mean_cos,SEED,20,0.07580273054900062,0.016193984667250614,0.07596934468257222,0.06909265731914316,0.08332124538710767,0.04665638323104564,0.10879311618896509,0.04698624622113546,0.10434136642935404,0.06876726675529768,0.08278543267215509,0.003548896385593837
8,SWAP M=32 (state-copy matched to LE M=64),p_final_ge_half,SEED,20,0.34,0.058399711607074516,0.34,0.315,0.38,0.22,0.44,0.22,0.4305,0.31497500000000017,0.36400000000000005,0.012737590879445818
8,SWAP M=32 (state-copy matched to LE M=64),median_log10_gain_best,SEED,20,2.1544249666488766,0.3053780259723825,2.091871317250101,1.9060846239516636,2.3558313368591537,1.6854397723909647,2.7381020875917557,1.729776205741767,2.6826284865049943,2.026628518082602,2.2855182044204367,0.06654756612930059
8,LE M=1024,mean_frac_wrong,SEED,20,0.12206200000000003,0.013226509107012882,0.12256,0.11149999999999999,0.13423,0.09795999999999999,0.1434,0.098302,0.142621,0.11649394999999999,0.12766205,0.0028772459262675254
8,LE M=1024,mean_frac_zero,SEED,20,0.345152,0.052968931668528715,0.34962000000000004,0.31315,0.37420000000000003,0.23823999999999998,0.46344,0.24542199999999997,0.43571899999999997,0.32177595,0.36782399999999993,0.01164257344356775
8,LE M=1024,mean_cos,SEED,20,0.35361440232569763,0.0380911242231928,0.3448128188886618,0.3363892356240513,0.3786274846496193,0.27167503420579037,0.42327395171668986,0.28463048933473833,0.4219105958289731,0.33708623199494164,0.37000721528027625,0.008352622460836116
8,LE M=1024,p_final_ge_half,SEED,20,0.333,0.07027015537795618,0.32,0.275,0.38,0.24,0.5,0.24,0.46199999999999986,0.30300000000000005,0.36300000000000004,0.015414259717880222
8,LE M=1024,median_log10_gain_best,SEED,20,0.2899415843130437,0.16625999927638,0.24423040952894048,0.1887566344716044,0.34163541620416776,0.09930356982284483,0.7765734176872359,0.10234600333369435,0.6850398204180244,0.22403873616581552,0.3665672114291749,0.03646264003997155
8,SWAP M=1024,mean_frac_wrong,SEED,20,0.397648,0.02049114252805986,0.39724000000000004,0.38526,0.41291,0.35028,0.43712,0.360692,0.432693,0.38893589999999995,0.40639614999999996,0.004477284350315352
8,SWAP M=1024,mean_frac_zero,SEED,20,0.0,0.0,0.0,0.0,0.0,0.0,0.0,0.0,0.0,0.0,0.0,0.0
8,SWAP M=1024,mean_cos,SEED,20,0.11329251126476134,0.023208021264206898,0.11475847748331083,0.09577017491908962,0.125704376643614,0.07224155052957436,0.16576716576943412,0.07464866239612511,0.15498160580707573,0.10340292293638542,0.12318634695913656,0.005068768769294984
8,SWAP M=1024,p_final_ge_half,SEED,20,0.34,0.07455128930368747,0.35,0.29,0.385,0.22,0.5,0.2295,0.4809999999999999,0.30899999999999994,0.372,0.01628092442983595
8,SWAP M=1024,median_log10_gain_best,SEED,20,1.1111911154848986,0.31167472630513887,1.00591038334877,0.8886400604283238,1.352834201257307,0.682017346136142,1.6732693518529214,0.6899507540771358,1.6352247868567147,0.979149420991061,1.244276341014857,0.06760577658485215
8,SWAP M=512 (state-copy matched to LE M=1024),mean_frac_wrong,SEED,20,0.401926,0.018981681030320843,0.402,0.39189,0.41228000000000004,0.36,0.44512,0.366916,0.43774799999999997,0.3938239500000001,0.4100880999999999,0.004157796556434148
8,SWAP M=512 (state-copy matched to LE M=1024),mean_frac_zero,SEED,20,0.0,0.0,0.0,0.0,0.0,0.0,0.0,0.0,0.0,0.0,0.0,0.0
8,SWAP M=512 (state-copy matched to LE M=1024),mean_cos,SEED,20,0.10531033385668616,0.02062258944199777,0.10631239060641236,0.09289364835838737,0.11862826270274932,0.05899065481491343,0.1507679812165525,0.0659047138134926,0.14152078336484714,0.09643435887262079,0.11399436749777932,0.0045117730467832415
8,SWAP M=512 (state-copy matched to LE M=1024),p_final_ge_half,SEED,20,0.33399999999999996,0.06715261487247184,0.34,0.3,0.38,0.18,0.48,0.20850000000000002,0.4419999999999999,0.30497500000000016,0.362,0.01464552372045823
8,SWAP M=512 (state-copy matched to LE M=1024),median_log10_gain_best,SEED,20,1.3822064936520437,0.2961521234144204,1.4314820597594968,1.2042138180584299,1.5671717082312342,0.9352119405012846,2.0348248952661194,0.9364110585975064,1.8941230555897612,1.2539861658148699,1.5078591022887613,0.0646535556760266
8,SWAP-noise random walk M=64,mean_frac_wrong,SEED,20,0.499934,0.003467072783229482,0.49932,0.4981,0.50209,0.49284,0.50868,0.494151,0.5069130000000001,0.4985159500000001,0.5014380500000001,0.0007483958718386649
8,SWAP-noise random walk M=64,mean_frac_zero,SEED,20,0.0,0.0,0.0,0.0,0.0,0.0,0.0,0.0,0.0,0.0,0.0,0.0
8,SWAP-noise random walk M=64,mean_cos,SEED,20,0.00011946651424675488,0.0021379286887788485,-2.1392328166117037e-05,-0.0009465479283081004,0.0013774641624777959,-0.0053467031237675565,0.0035473852520253256,-0.004351751144830372,0.003531531850711275,-0.0008194227067219316,0.001001735324059395,0.0004633786234059202
8,SWAP-noise random walk M=64,p_final_ge_half,SEED,20,0.0,0.0,0.0,0.0,0.0,0.0,0.0,0.0,0.0,0.0,0.0,0.0
8,SWAP-noise random walk M=64,median_log10_gain_best,SEED,20,1.0286229389110495,0.22184247747952113,0.9761953371013352,0.9089013214526172,1.162444650968577,0.6990665415356776,1.6473757947849914,0.7090108655474162,1.5012631247738455,0.9396718392457085,1.1286027085736703,0.048341431570836334
8,SWAP-noise random walk M=1024,mean_frac_wrong,SEED,20,0.499648,0.00356463565717747,0.49885999999999997,0.49648000000000003,0.5023299999999999,0.49312,0.50568,0.49407,0.505262,0.49814395000000006,0.50122005,0.0007808573685008001
8,SWAP-noise random walk M=1024,mean_frac_zero,SEED,20,0.0,0.0,0.0,0.0,0.0,0.0,0.0,0.0,0.0,0.0,0.0,0.0
8,SWAP-noise random walk M=1024,mean_cos,SEED,20,0.00011254772997717916,0.0023336530668138797,-8.380298420269906e-05,-0.001092873159661854,0.0018608762686466336,-0.004691374650454721,0.0048766886922341586,-0.004208923984002718,0.003878421574979097,-0.000906373209934356,0.0011049041022543752,0.000511475290525973
8,SWAP-noise random walk M=1024,p_final_ge_half,SEED,20,0.001,0.00447213595499958,0.0,0.0,0.0,0.0,0.02,0.0,0.010499999999999971,0.0,0.003,0.0009771357476967787
8,SWAP-noise random walk M=1024,median_log10_gain_best,SEED,20,0.33339007655061925,0.0775763553939235,0.32654379421325347,0.2763681297919822,0.3922853615351899,0.21226098906782775,0.47719108055669457,0.21902311558740098,0.4634909743771298,0.3002960373148837,0.3667801364247457,0.016899290792792898
8,SWAP M=64 vs SWAP-noise random walk M=64,median_dlog10_F_final,SEED,20,1.2433381430148236,0.41636855914729975,1.180708768713003,0.9185800713428007,1.4794391719962645,0.6162601114455648,2.0665452063904164,0.6372774803034181,2.0493867244476256,1.072998083119442,1.4244882560522452,0.09046776181642475
8,SWAP M=64 vs SWAP-noise random walk M=64,mean_dlog10_F_final,SEED,20,1.0782785111597137,0.40003539911062413,1.0440581221872258,0.8384876875654348,1.2916663129973511,0.47193702215302397,2.0486536946490355,0.4795099865886246,1.8968384857126654,0.9124445823502417,1.2554591359259013,0.08733071608403416
8,SWAP M=64 vs SWAP-noise random walk M=64,median_dlog10_gain_best,SEED,20,0.5641527294300716,0.2985247272102424,0.5188862642142031,0.37508314194220627,0.748822179561474,0.025058891552826035,1.106981697646508,0.04133196227970398,1.0626827471481939,0.43649518948742344,0.6930683088716914,0.06566607944261098
8,SWAP M=64 vs SWAP-noise random walk M=64,p_x_final_better,SEED,20,0.6759999999999999,0.06475866127805852,0.68,0.64,0.705,0.56,0.82,0.5695,0.8009999999999999,0.6489999999999999,0.704,0.014128669021490726
8,SWAP M=64 vs SWAP-noise random walk M=64,p_x_final_worse,SEED,20,0.317,0.06562252501598582,0.32,0.28,0.36,0.18,0.44,0.199,0.42099999999999993,0.28900000000000003,0.3440000000000001,0.014331689547730559
8,SWAP M=64 vs SWAP-noise random walk M=64,p_x_gain_best_higher,SEED,20,0.65,0.08220641542387129,0.66,0.595,0.685,0.52,0.88,0.5295000000000001,0.8134999999999998,0.6169999999999999,0.687,0.018028738827282686
8,SWAP M=64 vs SWAP-noise random walk M=64,dP_F_final_ge_0.5,SEED,20,0.32900000000000007,0.07268533479827166,0.31,0.28,0.365,0.22,0.52,0.2295,0.47249999999999986,0.29900000000000004,0.362,0.01593577122201633
8,SWAP M=64 vs SWAP-noise random walk M=64,median_dlog10_F_final,START-BOOTSTRAP (pooled paired starts),1000,1.2862233639990284,,,,,,,1.1047761802892948,1.4458689076912363,,,0.08595563545614202
8,SWAP M=64 vs SWAP-noise random walk M=64,p_x_final_better,START-BOOTSTRAP (pooled paired starts),1000,0.676,,,,,,,0.647,0.704,,,0.01445176119719842
8,SWAP M=1024 vs SWAP-noise random walk M=1024,median_dlog10_F_final,SEED,20,0.8887116301757656,0.31715993166885503,0.8666787343958873,0.6521031158779387,1.1542498452547407,0.38660199691785335,1.4541865110912253,0.4117833156042783,1.410588129562295,0.7525256971315805,1.0234639439325421,0.06891149149985247
8,SWAP M=1024 vs SWAP-noise random walk M=1024,mean_dlog10_F_final,SEED,20,0.8960002062858535,0.24964653612871143,0.8541207133772057,0.7848600712027658,1.1211258922484282,0.37960229654457167,1.2963331616286142,0.41569971558653124,1.269368496355446,0.7883379233870449,1.0002494418170664,0.05425539003798943
8,SWAP M=1024 vs SWAP-noise random walk M=1024,median_dlog10_gain_best,SEED,20,0.48403485682980546,0.2288590931383823,0.4538140403344564,0.31137470514019167,0.6289483281611588,0.15686216975865963,0.9021039694646056,0.15895659150273228,0.8941619855164283,0.3868909349735233,0.5807659991926115,0.049727915018168874
8,SWAP M=1024 vs SWAP-noise random walk M=1024,p_x_final_better,SEED,20,0.6789999999999999,0.06034113548466706,0.68,0.66,0.705,0.56,0.78,0.56,0.7705,0.652,0.7030000000000001,0.01302810897530209
8,SWAP M=1024 vs SWAP-noise random walk M=1024,p_x_final_worse,SEED,20,0.28900000000000003,0.06172093392205375,0.28,0.24,0.305,0.2,0.42,0.2,0.4105,0.26400000000000007,0.316,0.01324025040786942
8,SWAP M=1024 vs SWAP-noise random walk M=1024,p_x_gain_best_higher,SEED,20,0.7070000000000001,0.055164824795668845,0.71,0.695,0.74,0.56,0.82,0.5980000000000001,0.7914999999999999,0.6829999999999999,0.7299999999999999,0.01194408754291106
8,SWAP M=1024 vs SWAP-noise random walk M=1024,dP_F_final_ge_0.5,SEED,20,0.3390000000000001,0.07468530469136553,0.33999999999999997,0.29,0.385,0.22,0.5,0.2295,0.4809999999999999,0.30700000000000005,0.37100000000000005,0.01632302358081621
8,SWAP M=1024 vs SWAP-noise random walk M=1024,median_dlog10_F_final,START-BOOTSTRAP (pooled paired starts),1000,0.8338808625179479,,,,,,,0.6991287848663963,1.0301892621093678,,,0.08398686792394638
8,SWAP M=1024 vs SWAP-noise random walk M=1024,p_x_final_better,START-BOOTSTRAP (pooled paired starts),1000,0.679,,,,,,,0.6499750000000001,0.709,,,0.015114416314905097
8,SWAP M=64 vs exact,median_dlog10_F_final,SEED,20,-0.0011975912615565516,0.0006754747981887972,-0.0010268362919386453,-0.001354139104536461,-0.0007785131076011059,-0.002897124329838098,5.0096341563106266e-06,-0.0027274843499707248,-0.0002575282529914729,-0.0014973033854072924,-0.0009283759223199561,0.000146065212006405
8,SWAP M=64 vs exact,mean_dlog10_F_final,SEED,20,0.09095373597665145,0.2507211213307388,0.14220034766981093,-0.08352670591528376,0.2495830245573726,-0.3879322485620368,0.5412260772967464,-0.3324276440495499,0.4880950095788591,-0.014484158448099083,0.19767225083187745,0.05429576889312484
8,SWAP M=64 vs exact,median_dlog10_gain_best,SEED,20,0.6779103837900149,0.2926816998737267,0.6571992873362605,0.5220136884758186,0.8557479703737791,0.015833839483562873,1.2768016044285773,0.11702438478869771,1.1931289569880792,0.5508827440765641,0.8033292144641688,0.06377198492278087
8,SWAP M=64 vs exact,p_x_final_better,SEED,20,0.398,0.06152449234162552,0.4,0.355,0.46,0.26,0.48,0.279,0.48,0.37100000000000005,0.42300000000000004,0.013333457946837433
8,SWAP M=64 vs exact,p_x_final_worse,SEED,20,0.5879999999999999,0.06661752574842528,0.5700000000000001,0.535,0.64,0.5,0.72,0.5,0.7104999999999999,0.56,0.617,0.01452255047700767
8,SWAP M=64 vs exact,p_x_gain_best_higher,SEED,20,0.622,0.06517991295354404,0.6,0.58,0.665,0.5,0.76,0.519,0.7409999999999999,0.595,0.65,0.014294284648675555
8,SWAP M=64 vs exact,dP_F_final_ge_0.5,SEED,20,-0.005999999999999998,0.060210158261664926,0.009999999999999981,-0.039999999999999994,0.03999999999999998,-0.18,0.09999999999999998,-0.13249999999999995,0.07149999999999992,-0.032999999999999995,0.018999999999999996,0.013158622370304136
8,SWAP M=64 vs exact,median_dlog10_F_final,START-BOOTSTRAP (pooled paired starts),1000,-0.0011553073293956756,,,,,,,-0.0013678614640084351,-0.000971819698319942,,,0.00010644693709602947
8,SWAP M=64 vs exact,p_x_final_better,START-BOOTSTRAP (pooled paired starts),1000,0.398,,,,,,,0.366,0.427,,,0.015723103565863556
8,SWAP M=1024 vs exact,median_dlog10_F_final,SEED,20,-0.00010669503043672819,2.2575520609224628e-05,-0.00010556361755844171,-0.0001252173993011884,-8.975963307618858e-05,-0.000141250522543873,-6.819573574750565e-05,-0.00014123600215505582,-6.888648834904621e-05,-0.0001163150849201893,-9.729384148188847e-05,4.880615551797039e-06
8,SWAP M=1024 vs exact,mean_dlog10_F_final,SEED,20,-0.058295328056982745,0.18742130925841408,-0.04497183457335157,-0.22143716648383852,0.07157790145778924,-0.33745012197680274,0.3318854478355877,-0.3143888596709478,0.2568483320267097,-0.13792597366076584,0.021956012852535903,0.040734817744777274
8,SWAP M=1024 vs exact,median_dlog10_gain_best,SEED,20,0.1364991709109074,0.1055964044045118,0.13397295141814758,0.0533989301021075,0.18465167011445172,-9.481123564691885e-06,0.4223145982772736,0.009163411726172374,0.3632314428855004,0.09382421136748766,0.18351808209324022,0.022980058640163215
8,SWAP M=1024 vs exact,p_x_final_better,SEED,20,0.31500000000000006,0.055393330398447606,0.32,0.28,0.36,0.2,0.4,0.20950000000000002,0.39049999999999996,0.29100000000000004,0.33899999999999997,0.012158993105982709
8,SWAP M=1024 vs exact,p_x_final_worse,SEED,20,0.651,0.06568665649966714,0.64,0.615,0.685,0.54,0.8,0.5495000000000001,0.7809999999999999,0.623,0.679,0.01436617614439211
8,SWAP M=1024 vs exact,p_x_gain_best_higher,SEED,20,0.587,0.05885754434493331,0.58,0.54,0.64,0.48,0.68,0.4895,0.6705,0.562,0.6130000000000001,0.012984294472180385
8,SWAP M=1024 vs exact,dP_F_final_ge_0.5,SEED,20,0.0049999999999999975,0.02819107734914123,0.0,-0.019999999999999997,0.019999999999999976,-0.040000000000000036,0.08000000000000002,-0.03050000000000002,0.06099999999999997,-0.007000000000000004,0.018000000000000002,0.006160453027834142
8,SWAP M=1024 vs exact,median_dlog10_F_final,START-BOOTSTRAP (pooled paired starts),1000,-0.00010337679509021653,,,,,,,-0.00012064794659297323,-9.103559721771822e-05,,,7.622743824694929e-06
8,SWAP M=1024 vs exact,p_x_final_better,START-BOOTSTRAP (pooled paired starts),1000,0.315,,,,,,,0.285,0.346,,,0.01537115948853603
8,LE M=64 vs exact,median_dlog10_F_final,SEED,20,-0.000511195550126129,0.00016902163868848295,-0.0004759670950549836,-0.0005575772869040893,-0.0004073578468601764,-0.001033954824724396,-0.00026734753942835645,-0.0009078996954909208,-0.00028978665729330967,-0.0005875480128175483,-0.00044650655100079116,3.606151225413383e-05
8,LE M=64 vs exact,mean_dlog10_F_final,SEED,20,-0.005542118139199912,0.032436713706788356,-0.01534891750576553,-0.026085476457402015,0.008618837802759998,-0.0408648367489376,0.09596232409545127,-0.03853765910020798,0.07049717165175126,-0.018211920411497808,0.00958051837961701,0.007080579236343853
8,LE M=64 vs exact,median_dlog10_gain_best,SEED,20,-7.3539142064033e-05,1.9025418122409795e-05,-7.232068697171634e-05,-8.210423090226904e-05,-5.6622406952561155e-05,-0.0001193312070690844,-3.76964123133261e-05,-0.00011235926113418726,-4.57643569548555e-05,-8.179935216448553e-05,-6.557465664279991e-05,4.153341801985682e-06
8,LE M=64 vs exact,p_x_final_better,SEED,20,0.263,0.07685255876985284,0.28,0.215,0.32,0.12,0.38,0.12,0.37049999999999994,0.22999999999999998,0.29500000000000004,0.016625822108878696
8,LE M=64 vs exact,p_x_final_worse,SEED,20,0.5970000000000001,0.06562252501598581,0.58,0.54,0.66,0.48,0.7,0.4895,0.6905,0.5690000000000001,0.625,0.01425721236990092
8,LE M=64 vs exact,p_x_gain_best_higher,SEED,20,0.31900000000000006,0.07210372645308322,0.32,0.295,0.36,0.18,0.44,0.18,0.4305,0.288,0.34900000000000003,0.015722810131647703
8,LE M=64 vs exact,dP_F_final_ge_0.5,SEED,20,-0.005,0.018209309360006514,0.0,-0.019999999999999997,0.0,-0.03999999999999998,0.03999999999999998,-0.03049999999999999,0.03049999999999997,-0.012999999999999989,0.0029999999999999983,0.003998233922302412
8,LE M=64 vs exact,median_dlog10_F_final,START-BOOTSTRAP (pooled paired starts),1000,-0.0004962067249505435,,,,,,,-0.0005340120388919045,-0.000444113232874447,,,2.4312930382550614e-05
8,LE M=64 vs exact,p_x_final_better,START-BOOTSTRAP (pooled paired starts),1000,0.263,,,,,,,0.237,0.291,,,0.01396509992832146
8,LE M=1024 vs exact,median_dlog10_F_final,SEED,20,-2.9328594566957847e-05,2.947180125738818e-05,-3.269396179057323e-05,-3.7932103886592575e-05,-2.8144515750198496e-05,-6.70579111085116e-05,8.663157931598775e-05,-5.877911199111052e-05,3.779140789212483e-05,-3.918030606159105e-05,-1.4642505217804723e-05,6.4601441400968004e-06
8,LE M=1024 vs exact,mean_dlog10_F_final,SEED,20,-0.00024110255386178904,0.012784596655193303,-7.644732726647803e-05,-0.004683943430217521,0.00679736201166217,-0.03925421611760726,0.024523198299513566,-0.027125650057719986,0.019105602717864007,-0.005902044355516691,0.004912792816203386,0.0027615292551305274
8,LE M=1024 vs exact,median_dlog10_gain_best,SEED,20,6.339280853590035e-05,0.00022371376120655558,-4.270549559898251e-06,-5.030550774193232e-06,-3.7049546625922414e-06,-6.202167690649851e-06,0.0009225671918948741,-5.889684600549061e-06,0.0006857564353358707,-4.533087717988257e-06,0.000177492080976583,4.907077451235163e-05
8,LE M=1024 vs exact,p_x_final_better,SEED,20,0.25000000000000006,0.0752539560072216,0.26,0.2,0.28500000000000003,0.12,0.46,0.139,0.3934999999999998,0.22000000000000003,0.28400000000000003,0.016421363048067468
8,LE M=1024 vs exact,p_x_final_worse,SEED,20,0.582,0.08918343013433784,0.58,0.55,0.64,0.42,0.74,0.42,0.7304999999999999,0.543,0.619,0.019413992563888732
8,LE M=1024 vs exact,p_x_gain_best_higher,SEED,20,0.37400000000000005,0.07707822410758403,0.38,0.32,0.405,0.24,0.54,0.259,0.5305,0.343,0.40800000000000003,0.016801131084262483
8,LE M=1024 vs exact,dP_F_final_ge_0.5,SEED,20,-0.0020000000000000018,0.00615587011251093,0.0,0.0,0.0,-0.020000000000000018,0.0,-0.020000000000000018,0.0,-0.0050000000000000044,0.0,0.0013235883758249258
8,LE M=1024 vs exact,median_dlog10_F_final,START-BOOTSTRAP (pooled paired starts),1000,-3.324508688513655e-05,,,,,,,-3.763031882725339e-05,-2.941098955452092e-05,,,2.3074405915874153e-06
8,LE M=1024 vs exact,p_x_final_better,START-BOOTSTRAP (pooled paired starts),1000,0.25,,,,,,,0.224,0.277,,,0.013684681445073052
8,SWAP-noise random walk M=64 vs exact,median_dlog10_F_final,SEED,20,-1.097344057138856,0.5143123399233289,-1.197709188955426,-1.4854428427952677,-0.8851258503772053,-1.8010622761838748,-0.04172286733355657,-1.7761313263266658,-0.11032122772906199,-1.3127791220590292,-0.8678208665223962,0.11325083102663733
8,SWAP-noise random walk M=64 vs exact,mean_dlog10_F_final,SEED,20,-0.9873247751830624,0.3287220470418323,-0.9343638328360777,-1.0991905808205704,-0.862872603463522,-1.8213946543614352,-0.3009736000282384,-1.7051450080477373,-0.3897889501972952,-1.1315867879980233,-0.8482878121941402,0.07238074280644535
8,SWAP-noise random walk M=64 vs exact,median_dlog10_gain_best,SEED,20,0.5167020225112311,0.3673341996343665,0.5328521532947853,0.44261337950678986,0.6224349388714365,-0.4891102631318513,1.4810465420885,-0.28686376428263705,1.1674983147818476,0.3571036139984011,0.6784739130913728,0.08127307718317733
8,SWAP-noise random walk M=64 vs exact,p_x_final_better,SEED,20,0.35,0.06505058760202265,0.34,0.3,0.4,0.24,0.46,0.24,0.46,0.322,0.37899999999999995,0.0143014286043742
8,SWAP-noise random walk M=64 vs exact,p_x_final_worse,SEED,20,0.633,0.07145848997476567,0.63,0.58,0.68,0.48,0.76,0.5085000000000001,0.76,0.6020000000000001,0.663,0.015700123327453498
8,SWAP-noise random walk M=64 vs exact,p_x_gain_best_higher,SEED,20,0.594,0.06021015826166492,0.6,0.56,0.625,0.44,0.7,0.4685,0.6809999999999999,0.567,0.619,0.01329141630582465
8,SWAP-noise random walk M=64 vs exact,dP_F_final_ge_0.5,SEED,20,-0.335,0.07015021476502369,-0.34,-0.38,-0.275,-0.5,-0.24,-0.46199999999999997,-0.24,-0.36500000000000005,-0.30500000000000005,0.015391666649529052
8,SWAP-noise random walk M=64 vs exact,median_dlog10_F_final,START-BOOTSTRAP (pooled paired starts),1000,-1.2082577414353206,,,,,,,-1.3702169350973652,-0.9188472702434822,,,0.11168102873318328
8,SWAP-noise random walk M=64 vs exact,p_x_final_better,START-BOOTSTRAP (pooled paired starts),1000,0.35,,,,,,,0.321,0.3780249999999999,,,0.014877188750653166
8,SWAP-noise random walk M=1024 vs exact,median_dlog10_F_final,SEED,20,-0.8614650005644432,0.40710729024045256,-0.7578664495628401,-1.0896210640513462,-0.58862209014857,-1.697239630896431,-0.3073570399758645,-1.6317065485904525,-0.34055895997072994,-1.0366715228498022,-0.6926867891857831,0.08917683269128739
8,SWAP-noise random walk M=1024 vs exact,mean_dlog10_F_final,SEED,20,-0.9542955343428364,0.2676781882431336,-0.9353187423121467,-1.1926463146886275,-0.745049007425908,-1.3906557337604621,-0.39893222669416106,-1.3725291747946784,-0.46559472281932995,-1.0664654400910665,-0.8375235410305143,0.05904851298164979
8,SWAP-noise random walk M=1024 vs exact,median_dlog10_gain_best,SEED,20,0.0038300974889825755,0.1976124058064302,0.05427124112483672,6.47844676907594e-05,0.11523327343340362,-0.5480947541321517,0.2501908429045261,-0.45323223083637143,0.2315425090209957,-0.08657127832331504,0.0818791808633248,0.04345916571857853
8,SWAP-noise random walk M=1024 vs exact,p_x_final_better,SEED,20,0.273,0.05704107476657778,0.29000000000000004,0.24,0.3,0.14,0.38,0.14950000000000002,0.36099999999999993,0.24799999999999994,0.297,0.012504640033293093
8,SWAP-noise random walk M=1024 vs exact,p_x_final_worse,SEED,20,0.6889999999999998,0.06536536987539632,0.68,0.655,0.73,0.58,0.8,0.5895,0.8,0.6609999999999999,0.7170000000000001,0.014308578107231528
8,SWAP-noise random walk M=1024 vs exact,p_x_gain_best_higher,SEED,20,0.5210000000000001,0.06340346993658943,0.53,0.5,0.5650000000000001,0.38,0.62,0.399,0.6104999999999999,0.49300000000000005,0.5479999999999999,0.013917623875339982
8,SWAP-noise random walk M=1024 vs exact,dP_F_final_ge_0.5,SEED,20,-0.334,0.07140691400992659,-0.34,-0.38,-0.275,-0.5,-0.24,-0.46199999999999997,-0.24,-0.365,-0.30300000000000005,0.01567965329695625
8,SWAP-noise random walk M=1024 vs exact,median_dlog10_F_final,START-BOOTSTRAP (pooled paired starts),1000,-0.8064426108693823,,,,,,,-0.98940491036194,-0.6511784031815703,,,0.08218065751577483
8,SWAP-noise random walk M=1024 vs exact,p_x_final_better,START-BOOTSTRAP (pooled paired starts),1000,0.273,,,,,,,0.246,0.2990249999999999,,,0.013920724021351732
10,exact,mean_frac_wrong,SEED,20,0.0,0.0,0.0,0.0,0.0,0.0,0.0,0.0,0.0,0.0,0.0,0.0
10,exact,mean_frac_zero,SEED,20,0.0,0.0,0.0,0.0,0.0,0.0,0.0,0.0,0.0,0.0,0.0,0.0
10,exact,mean_cos,SEED,20,1.0,0.0,1.0,1.0,1.0,1.0,1.0,1.0,1.0,1.0,1.0,0.0
10,exact,p_final_ge_half,SEED,20,0.14,0.04898979485566356,0.14,0.1,0.18,0.08,0.22,0.08,0.22,0.11900000000000002,0.16100000000000003,0.010606592623963133
10,exact,median_log10_gain_best,SEED,20,0.03836404784521987,0.03317883550948698,0.024142937020325217,0.016440742039667056,0.05179021679246287,0.008767385184885068,0.12380652085552057,0.010673593830023411,0.11879416801599652,0.025392719991266247,0.05337216205008052,0.007234294465843743
10,LE M=64,mean_frac_wrong,SEED,20,0.043696,0.009845701386365202,0.04052,0.03778,0.049330000000000006,0.02844,0.06168,0.028953,0.061642,0.039636000000000005,0.04801399999999999,0.0021489590060132352
10,LE M=64,mean_frac_zero,SEED,20,0.758854,0.05442673998379065,0.78064,0.73244,0.79869,0.6529600000000001,0.81324,0.653378,0.8130689999999999,0.7347589999999999,0.7808879499999999,0.011822632079938274
10,LE M=64,mean_cos,SEED,20,0.22614884613902714,0.08005055255618325,0.21562690852288496,0.17553954950840958,0.26677064835764525,0.08731893318139038,0.3924678363665332,0.10281396588407975,0.37349749033936,0.19228291669525174,0.2603846675026257,0.01734324718352052
10,LE M=64,p_final_ge_half,SEED,20,0.14100000000000001,0.04789242331023057,0.14,0.1,0.18,0.08,0.22,0.08,0.22,0.12100000000000002,0.1610249999999997,0.010364073573750056
10,LE M=64,median_log10_gain_best,SEED,20,0.06400609680991134,0.05047794797609858,0.041855217804567246,0.03522213473838154,0.08293355146255188,0.0035467606142995933,0.20129216614063328,0.012005781945617897,0.18870217512857484,0.04445428657115534,0.08713089706131044,0.010982587886246904
10,SWAP M=64,mean_frac_wrong,SEED,20,0.46045400000000003,0.014375770697875477,0.46104,0.45535000000000003,0.46668000000000004,0.43504,0.48480000000000006,0.43534399999999995,0.48470500000000005,0.4543379,0.46649609999999997,0.0031350168010105275
10,SWAP M=64,mean_frac_zero,SEED,20,0.0,0.0,0.0,0.0,0.0,0.0,0.0,0.0,0.0,0.0,0.0,0.0
10,SWAP M=64,mean_cos,SEED,20,0.03731960254279805,0.0133137524126767,0.03517177241228598,0.03124472450700081,0.04422891643755641,0.014124972771938893,0.062281651289117196,0.01504057307966938,0.061419843621865707,0.03169823857136273,0.043015621603403435,0.0028988396539000503
10,SWAP M=64,p_final_ge_half,SEED,20,0.165,0.05266577836248427,0.16,0.14,0.19,0.08,0.26,0.08,0.25049999999999994,0.14300000000000002,0.188,0.011464846358770051
10,SWAP M=64,median_log10_gain_best,SEED,20,1.8796692859294795,0.2888486512253273,1.8484232501959585,1.6701663518435663,2.1246105859601143,1.4307407347333738,2.4362946168034294,1.440261960390571,2.3596357773546903,1.7572745567241437,2.0012944106499857,0.06301720072768023
10,SWAP M=32 (state-copy matched to LE M=64),mean_frac_wrong,SEED,20,0.466002,0.012906677015364841,0.46996000000000004,0.45498000000000005,0.47529999999999994,0.44292000000000004,0.48524,0.444326,0.48334,0.46039389999999997,0.47145205,0.0028017956125501423
10,SWAP M=32 (state-copy matched to LE M=64),mean_frac_zero,SEED,20,0.0,0.0,0.0,0.0,0.0,0.0,0.0,0.0,0.0,0.0,0.0,0.0
10,SWAP M=32 (state-copy matched to LE M=64),mean_cos,SEED,20,0.03141737500479683,0.011302728725949689,0.029117302490471036,0.024026097383739564,0.04066411769060814,0.013650745331251378,0.0526907240341684,0.014988002883476731,0.0505809838260156,0.026605878388878124,0.036325746400948704,0.002459082532977922
10,SWAP M=32 (state-copy matched to LE M=64),p_final_ge_half,SEED,20,0.15600000000000003,0.046611496210134336,0.14,0.12,0.20500000000000002,0.08,0.22,0.08950000000000001,0.22,0.13600000000000004,0.17600000000000002,0.010201753897161887
10,SWAP M=32 (state-copy matched to LE M=64),median_log10_gain_best,SEED,20,2.145227098764309,0.2637670544968882,2.15720401232519,1.9324541094302163,2.3387543292072834,1.7401040795080518,2.7066079421972233,1.7675005523713052,2.5882133666196974,2.0342144433561864,2.258658163309062,0.05723970844936128
10,LE M=1024,mean_frac_wrong,SEED,20,0.089488,0.016154733899647528,0.09028,0.07683,0.09822,0.0574,0.12888,0.062948,0.11882899999999996,0.08276395000000002,0.09645205000000001,0.0035050297098678453
10,LE M=1024,mean_frac_zero,SEED,20,0.53253,0.061313089698864884,0.55844,0.49038000000000004,0.57464,0.42648,0.61164,0.42659400000000003,0.608657,0.5056328,0.55754425,0.013443781250035109
10,LE M=1024,mean_cos,SEED,20,0.3177160752031041,0.044615780384362216,0.30303861576249685,0.28451607194132644,0.35541309762006223,0.24465197914328823,0.4150752660210331,0.2578621781612738,0.4028033048885874,0.29936501584049763,0.3371787702680697,0.009645933385750743
10,LE M=1024,p_final_ge_half,SEED,20,0.14,0.04898979485566356,0.14,0.1,0.18,0.08,0.22,0.08,0.22,0.11900000000000002,0.16100000000000003,0.010606592623963133
10,LE M=1024,median_log10_gain_best,SEED,20,0.04646262751413301,0.033914823119578184,0.03567571798980995,0.022651850902511095,0.054600509990048174,0.016541374142914567,0.13429305901169508,0.01721438878315872,0.12733643361019306,0.03322043884262913,0.062029117061283064,0.007397859178053197
10,SWAP M=1024,mean_frac_wrong,SEED,20,0.45231000000000005,0.015716476771377972,0.4558,0.44479,0.46433,0.41784,0.47200000000000003,0.420044,0.47163900000000003,0.4455240000000001,0.45880225,0.003404568119793201
10,SWAP M=1024,mean_frac_zero,SEED,20,0.0,0.0,0.0,0.0,0.0,0.0,0.0,0.0,0.0,0.0,0.0,0.0
10,SWAP M=1024,mean_cos,SEED,20,0.04961094582751751,0.015581157472003403,0.04715293542146721,0.037254857414937836,0.057896097484872046,0.029837426982812797,0.08099511098786741,0.030132346908015226,0.0800240545621581,0.04318047864803272,0.05626278151482115,0.0033745223713682526
10,SWAP M=1024,p_final_ge_half,SEED,20,0.14400000000000002,0.04924696090008739,0.13,0.1,0.18,0.08,0.22,0.08,0.22,0.12300000000000003,0.16500000000000004,0.010679001711197296
10,SWAP M=1024,median_log10_gain_best,SEED,20,0.7358177432063129,0.14799838206007176,0.7288971010848878,0.6531652727464561,0.8171703050385652,0.45690667395825657,0.9937659225094846,0.4633812725277978,0.9792623164312534,0.6713160468532603,0.7972993331443572,0.03209886474359612
10,SWAP M=512 (state-copy matched to LE M=1024),mean_frac_wrong,SEED,20,0.45383400000000007,0.014590542142086431,0.45400000000000007,0.44605000000000006,0.46495000000000003,0.41859999999999997,0.4704,0.421773,0.47034299999999996,0.44746385,0.45978405000000006,0.003172263117963421
10,SWAP M=512 (state-copy matched to LE M=1024),mean_frac_zero,SEED,20,0.0,0.0,0.0,0.0,0.0,0.0,0.0,0.0,0.0,0.0,0.0,0.0
10,SWAP M=512 (state-copy matched to LE M=1024),mean_cos,SEED,20,0.04593583205168683,0.014624913829064544,0.044442222948953766,0.03556394164428571,0.05189810249346325,0.028173854303418667,0.08269647103041161,0.028862688352477198,0.07760478546429964,0.039990022755292176,0.052373558092813896,0.0031775502132625226
10,SWAP M=512 (state-copy matched to LE M=1024),p_final_ge_half,SEED,20,0.14300000000000002,0.04910782979697251,0.14,0.1,0.165,0.08,0.24,0.08,0.23049999999999995,0.12300000000000003,0.16400000000000003,0.010625370388348302
10,SWAP M=512 (state-copy matched to LE M=1024),median_log10_gain_best,SEED,20,0.9842877887719688,0.20820793775949753,0.9373495279707427,0.8349809581169929,1.1862792972997185,0.6662922481877738,1.3727968845416547,0.6734130550491624,1.343694002778666,0.8982547503629099,1.0755702644165566,0.04526584396951565
10,SWAP-noise random walk M=64,mean_frac_wrong,SEED,20,0.4999520000000001,0.002884108181050084,0.49964,0.49739,0.50194,0.49604,0.50604,0.49642,0.505204,0.498764,0.50122805,0.0006297261766703045
10,SWAP-noise random walk M=64,mean_frac_zero,SEED,20,0.0,0.0,0.0,0.0,0.0,0.0,0.0,0.0,0.0,0.0,0.0,0.0
10,SWAP-noise random walk M=64,mean_cos,SEED,20,7.207825025823988e-05,0.0016537782594618824,0.00018550490581778338,-0.0013663945759546043,0.001307339848846713,-0.002055649714502209,0.0040122323267500395,-0.0020388570056885493,0.003071092891013681,-0.000617694882222318,0.0007892162756041484,0.00036014172814277965
10,SWAP-noise random walk M=64,p_final_ge_half,SEED,20,0.0,0.0,0.0,0.0,0.0,0.0,0.0,0.0,0.0,0.0,0.0,0.0
10,SWAP-noise random walk M=64,median_log10_gain_best,SEED,20,1.3244965119932564,0.18336148655652532,1.334324800657112,1.2054686489762023,1.4550722292903022,0.945879525950722,1.630875431488009,0.9866888776281408,1.604364426919012,1.2441815840021415,1.4001430053776067,0.039795071387617155
10,SWAP-noise random walk M=1024,mean_frac_wrong,SEED,20,0.49978599999999995,0.0036425156142424293,0.4992,0.49742000000000003,0.50112,0.49508,0.50884,0.495346,0.507168,0.49830389999999997,0.5014361499999999,0.0008004095604629371
10,SWAP-noise random walk M=1024,mean_frac_zero,SEED,20,0.0,0.0,0.0,0.0,0.0,0.0,0.0,0.0,0.0,0.0,0.0,0.0
10,SWAP-noise random walk M=1024,mean_cos,SEED,20,0.00030823290588194636,0.002222308307737257,0.000543641097383189,-0.000601064170160643,0.0020303655710986225,-0.00459352481898623,0.003214836478138849,-0.004309789423022678,0.0031783682091409042,-0.0006876959202849466,0.0012312601442513015,0.0004821653031584112
10,SWAP-noise random walk M=1024,p_final_ge_half,SEED,20,0.0,0.0,0.0,0.0,0.0,0.0,0.0,0.0,0.0,0.0,0.0,0.0
10,SWAP-noise random walk M=1024,median_log10_gain_best,SEED,20,0.4290803646534919,0.07135661591459955,0.42074637916986835,0.3982994192978854,0.46237218288087667,0.29682598614429534,0.5679046644027286,0.30551726674926616,0.5559583792601352,0.39843333255867114,0.4598745844773617,0.015560104085095294
10,SWAP M=64 vs SWAP-noise random walk M=64,median_dlog10_F_final,SEED,20,0.5400446461509523,0.5203681167282919,0.4747363224705414,0.13181201918448182,0.7932515884798375,-0.5337994598258811,1.717920155412495,-0.2634933414485146,1.5013533903841219,0.32543042918252074,0.7638923540950886,0.11267954937412757
10,SWAP M=64 vs SWAP-noise random walk M=64,mean_dlog10_F_final,SEED,20,0.5559746731313183,0.37611012346785194,0.4913585164455786,0.33412472363690204,0.7353809578406163,-0.27303674702605457,1.5266358000404268,-0.005557384659905462,1.3053992040203763,0.39974712815730534,0.7234554609431956,0.08198394826799989
10,SWAP M=64 vs SWAP-noise random walk M=64,median_dlog10_gain_best,SEED,20,0.18111931198893755,0.18180178195821536,0.12696739107315225,0.042277111991269045,0.26854980524385563,-0.0390528300243036,0.5524756785234679,-0.02629060602239562,0.5200835423818699,0.10579725651833301,0.26020608439980414,0.039219655046576755
10,SWAP M=64 vs SWAP-noise random walk M=64,p_x_final_better,SEED,20,0.544,0.06107803464249216,0.53,0.5,0.58,0.44,0.7,0.459,0.6619999999999998,0.5189999999999999,0.571,0.01323242898630813
10,SWAP M=64 vs SWAP-noise random walk M=64,p_x_final_worse,SEED,20,0.41,0.06821020142872596,0.42,0.36,0.445,0.26,0.54,0.279,0.5115,0.38000000000000006,0.438,0.014727625844184819
10,SWAP M=64 vs SWAP-noise random walk M=64,p_x_gain_best_higher,SEED,20,0.555,0.05345928111041247,0.56,0.52,0.585,0.46,0.7,0.47900000000000004,0.6524999999999999,0.5330000000000001,0.579,0.011626359613558585
10,SWAP M=64 vs SWAP-noise random walk M=64,dP_F_final_ge_0.5,SEED,20,0.165,0.05266577836248427,0.16,0.14,0.19,0.08,0.26,0.08,0.25049999999999994,0.14300000000000002,0.188,0.011464846358770051
10,SWAP M=64 vs SWAP-noise random walk M=64,median_dlog10_F_final,START-BOOTSTRAP (pooled paired starts),1000,0.5044859870493177,,,,,,,0.24178206248547857,0.7622058660382773,,,0.14380757624101403
10,SWAP M=64 vs SWAP-noise random walk M=64,p_x_final_better,START-BOOTSTRAP (pooled paired starts),1000,0.544,,,,,,,0.514,0.575,,,0.015312206228358789
10,SWAP M=1024 vs SWAP-noise random walk M=1024,median_dlog10_F_final,SEED,20,0.34240947900513535,0.1901603650324247,0.3939296334909247,0.21090252306863988,0.46946062110230696,0.0025588888367704676,0.6420886668323602,0.027626234151741348,0.6315186423618565,0.25920212451656305,0.4224952265080568,0.041790784465297846
10,SWAP M=1024 vs SWAP-noise random walk M=1024,mean_dlog10_F_final,SEED,20,0.45633179043499394,0.19939038585163466,0.43306037781976225,0.28945209336086486,0.6177488463206556,0.15564563128644404,0.7681486160285677,0.17807118345405792,0.7377881360885115,0.3690856452667811,0.5418686717518707,0.043766561448619554
10,SWAP M=1024 vs SWAP-noise random walk M=1024,median_dlog10_gain_best,SEED,20,0.1717917802998349,0.08521297540161273,0.17653928839642608,0.13449830262556428,0.22271342104016822,-0.009261715993901465,0.296916893887742,-0.0034688393843844093,0.29098486688777,0.13456743845464725,0.2066911393684126,0.018672174215395222
10,SWAP M=1024 vs SWAP-noise random walk M=1024,p_x_final_better,SEED,20,0.564,0.06142175167599316,0.58,0.52,0.6,0.44,0.68,0.459,0.6705,0.5379999999999999,0.5900000000000001,0.01346029812866607
10,SWAP M=1024 vs SWAP-noise random walk M=1024,p_x_final_worse,SEED,20,0.35300000000000004,0.06333702666977997,0.35,0.3,0.385,0.26,0.48,0.2695,0.48,0.32600000000000007,0.38100000000000006,0.01396789187065575
10,SWAP M=1024 vs SWAP-noise random walk M=1024,p_x_gain_best_higher,SEED,20,0.6020000000000001,0.057637706956105525,0.62,0.575,0.64,0.48,0.7,0.4895,0.6905,0.5770000000000001,0.626,0.012577053367825925
10,SWAP M=1024 vs SWAP-noise random walk M=1024,dP_F_final_ge_0.5,SEED,20,0.14400000000000002,0.04924696090008739,0.13,0.1,0.18,0.08,0.22,0.08,0.22,0.12300000000000003,0.16500000000000004,0.010679001711197296
10,SWAP M=1024 vs SWAP-noise random walk M=1024,median_dlog10_F_final,START-BOOTSTRAP (pooled paired starts),1000,0.31818004769322394,,,,,,,0.21154181764414748,0.44084693805500663,,,0.061845439650191514
10,SWAP M=1024 vs SWAP-noise random walk M=1024,p_x_final_better,START-BOOTSTRAP (pooled paired starts),1000,0.564,,,,,,,0.534,0.593,,,0.015619787574802035
10,SWAP M=64 vs exact,median_dlog10_F_final,SEED,20,0.07971991628543061,0.21674191975576465,-0.0018492488005056279,-0.002859937561405875,0.2598818104916532,-0.3504437458080052,0.46884664230481166,-0.29698796481692147,0.46575438778685463,-0.010381746427523647,0.17236979591930582,0.04722496887083698
10,SWAP M=64 vs exact,mean_dlog10_F_final,SEED,20,0.14115579581826326,0.35226961692885767,0.1287210921713587,-0.07728607438597726,0.3371757460248539,-0.4835488757372374,0.8068633646535258,-0.423115492656811,0.7694295138321444,-0.01041273229858988,0.292300990129014,0.07644360982156743
10,SWAP M=64 vs exact,median_dlog10_gain_best,SEED,20,1.3318749810644195,0.38881171278423354,1.3645709608540495,1.18185584761309,1.448013488955998,0.3776003854062622,2.2900539256548713,0.6196862797645448,2.0865357735353194,1.1636348322048096,1.4967290151593973,0.08497903478349095
10,SWAP M=64 vs exact,p_x_final_better,SEED,20,0.43099999999999994,0.0709262033087171,0.44,0.375,0.48,0.32,0.54,0.3295,0.5305,0.40099999999999997,0.461,0.015563587558328847
10,SWAP M=64 vs exact,p_x_final_worse,SEED,20,0.507,0.08516856351099455,0.51,0.455,0.55,0.34,0.66,0.35900000000000004,0.6505,0.47097500000000014,0.5439999999999999,0.01886195210771492
10,SWAP M=64 vs exact,p_x_gain_best_higher,SEED,20,0.788,0.055969916731645836,0.8,0.755,0.82,0.66,0.86,0.679,0.86,0.764,0.8109999999999999,0.012102855427581959
10,SWAP M=64 vs exact,dP_F_final_ge_0.5,SEED,20,0.025,0.023283154063783854,0.019999999999999997,0.014999999999999993,0.04000000000000001,-0.01999999999999999,0.08,-0.010499999999999987,0.07049999999999997,0.015000000000000003,0.034999999999999996,0.005027424737372902
10,SWAP M=64 vs exact,median_dlog10_F_final,START-BOOTSTRAP (pooled paired starts),1000,-0.0017115164185970777,,,,,,,-0.0021915896294719146,-0.0009636801141036111,,,0.0057430122608332825
10,SWAP M=64 vs exact,p_x_final_better,START-BOOTSTRAP (pooled paired starts),1000,0.431,,,,,,,0.401,0.46,,,0.015248644548952223
10,SWAP M=1024 vs exact,median_dlog10_F_final,SEED,20,-0.02250696108114953,0.09404725641728423,-0.00010763895760813134,-0.0015872023206819812,-7.689019184530673e-05,-0.32259788546138957,0.12859385561875403,-0.2588350455177272,0.09367630200592644,-0.06580861824314471,0.013575123816554064,0.020691628683349988
10,SWAP M=1024 vs exact,mean_dlog10_F_final,SEED,20,-0.0382191590414951,0.17947887992726147,-0.03889989479759873,-0.17825164945429253,0.04457307633014522,-0.37673174221195327,0.3287003492696673,-0.3124542920607125,0.2791635945869864,-0.11521686551224117,0.0402540583578577,0.03952215365229109
10,SWAP M=1024 vs exact,median_dlog10_gain_best,SEED,20,0.32880268573023863,0.10768828750102626,0.32491032888560256,0.28229044017684946,0.39847621584105475,0.09119704179444521,0.5687324467069264,0.13251677383275354,0.5117145144820736,0.2825647909917901,0.375137123377441,0.023481530737596863
10,SWAP M=1024 vs exact,p_x_final_better,SEED,20,0.382,0.08256416962135063,0.4,0.33,0.44,0.22,0.5,0.2295,0.49049999999999994,0.346,0.41600000000000004,0.01801487392901399
10,SWAP M=1024 vs exact,p_x_final_worse,SEED,20,0.5180000000000001,0.08049844718999244,0.53,0.46,0.5650000000000001,0.38,0.68,0.3895,0.6705,0.484,0.553,0.017685159663605888
10,SWAP M=1024 vs exact,p_x_gain_best_higher,SEED,20,0.7449999999999999,0.06739514272674176,0.77,0.72,0.78,0.54,0.84,0.5970000000000001,0.8304999999999999,0.714,0.772,0.01474800541789908
10,SWAP M=1024 vs exact,dP_F_final_ge_0.5,SEED,20,0.003999999999999998,0.01046296727561194,0.0,0.0,0.0049999999999999975,-0.020000000000000018,0.020000000000000004,-0.0105,0.020000000000000004,-4.163336342344337e-18,0.008999999999999998,0.002263207060924842
10,SWAP M=1024 vs exact,median_dlog10_F_final,START-BOOTSTRAP (pooled paired starts),1000,-0.00013108398769496232,,,,,,,-0.0001781986750266681,-0.00010427870540295298,,,1.7893724341919456e-05
10,SWAP M=1024 vs exact,p_x_final_better,START-BOOTSTRAP (pooled paired starts),1000,0.382,,,,,,,0.35297500000000004,0.411,,,0.015209458070799363
10,LE M=64 vs exact,median_dlog10_F_final,SEED,20,-0.00034255266519854656,0.0002785825738006077,-0.0002910182334039495,-0.0005124395032657974,-8.535200377646213e-05,-0.0009072897670568917,-1.730886177320201e-05,-0.0009040016725944885,-1.9449140232419287e-05,-0.0004618854647215888,-0.00022763009484221661,6.0185575971343496e-05
10,LE M=64 vs exact,mean_dlog10_F_final,SEED,20,0.015730583910917226,0.03630171954375992,0.01787247010292398,0.0032767853567519318,0.02978909399645159,-0.05128687050408148,0.10265774515015325,-0.049205414268271984,0.08527360580437024,0.0002685020642050743,0.03155973932970636,0.007906693097791751
10,LE M=64 vs exact,median_dlog10_gain_best,SEED,20,4.33108459430287e-05,0.0005090568276260661,-6.312563629784496e-05,-0.00010975361062673383,-1.1106629493218279e-05,-0.00020075363715443828,0.0021922724236604907,-0.00017221100991348103,0.0011506273977230444,-8.863429440178773e-05,0.0002827278162449659,0.00011188249747950866
10,LE M=64 vs exact,p_x_final_better,SEED,20,0.30900000000000005,0.062399392709595464,0.32,0.27,0.36,0.18,0.42,0.1895,0.4009999999999999,0.283,0.335,0.013478030569812638
10,LE M=64 vs exact,p_x_final_worse,SEED,20,0.42400000000000004,0.07096329666584136,0.43,0.375,0.485,0.28,0.52,0.28950000000000004,0.5105,0.393,0.454,0.015410925699097062
10,LE M=64 vs exact,p_x_gain_best_higher,SEED,20,0.3690000000000001,0.07880021373201043,0.37,0.32,0.44,0.24,0.5,0.24,0.4809999999999999,0.3350000000000001,0.402,0.017077212554420667
10,LE M=64 vs exact,dP_F_final_ge_0.5,SEED,20,0.0010000000000000002,0.004472135954999581,0.0,0.0,0.0,0.0,0.020000000000000004,0.0,0.010499999999999973,0.0,0.0030000000000000005,0.000977135747696779
10,LE M=64 vs exact,median_dlog10_F_final,START-BOOTSTRAP (pooled paired starts),1000,-0.0002841951724512626,,,,,,,-0.00044171758065345706,-0.0001590521324739136,,,6.760733280912167e-05
10,LE M=64 vs exact,p_x_final_better,START-BOOTSTRAP (pooled paired starts),1000,0.309,,,,,,,0.281,0.339,,,0.014802729821052527
10,LE M=1024 vs exact,median_dlog10_F_final,SEED,20,-2.5795520778535075e-05,1.716204320529378e-05,-2.4537058199771038e-05,-3.3063354417884504e-05,-1.3771501609600713e-05,-7.041366440845592e-05,-1.3087974171099859e-06,-6.283334125738108e-05,-2.8554952198334196e-06,-3.3496777593959247e-05,-1.8834918486398923e-05,3.756118075595669e-06
10,LE M=1024 vs exact,mean_dlog10_F_final,SEED,20,0.007198263279499635,0.013212322587477112,0.0033651870301099453,-0.001113052238051798,0.012999601618301753,-0.008379443462576037,0.03917150773910758,-0.007685611705088524,0.0362156601960433,0.0019490233343347479,0.013051990700654938,0.00284088091805741
10,LE M=1024 vs exact,median_dlog10_gain_best,SEED,20,9.429717919381408e-05,0.0003077442229845024,-4.5027469732228376e-06,-7.12498110072568e-06,-2.2910430691469585e-06,-1.2057013408339756e-05,0.0010596091062544666,-1.18934728766118e-05,0.000995187837697775,-6.1074018417489605e-06,0.00024670032201547053,6.667262696210229e-05
10,LE M=1024 vs exact,p_x_final_better,SEED,20,0.25600000000000006,0.05861560776520372,0.26,0.22,0.28500000000000003,0.14,0.36,0.14950000000000002,0.3505,0.23100000000000004,0.281,0.012699081545813104
10,LE M=1024 vs exact,p_x_final_worse,SEED,20,0.418,0.07592239805430141,0.4,0.375,0.445,0.3,0.64,0.3095,0.5829999999999999,0.38700000000000007,0.45200000000000007,0.016527478813043193
10,LE M=1024 vs exact,p_x_gain_best_higher,SEED,20,0.42200000000000004,0.059789103038139516,0.41000000000000003,0.38,0.46,0.3,0.54,0.319,0.5305,0.397,0.44800000000000006,0.01302814749888584
10,LE M=1024 vs exact,dP_F_final_ge_0.5,SEED,20,0.0,0.0,0.0,0.0,0.0,0.0,0.0,0.0,0.0,0.0,0.0,0.0
10,LE M=1024 vs exact,median_dlog10_F_final,START-BOOTSTRAP (pooled paired starts),1000,-2.7121786793510735e-05,,,,,,,-3.492447073007023e-05,-1.9282433139977684e-05,,,3.7523854646472412e-06
10,LE M=1024 vs exact,p_x_final_better,START-BOOTSTRAP (pooled paired starts),1000,0.256,,,,,,,0.229,0.283,,,0.013501473424864461
10,SWAP-noise random walk M=64 vs exact,median_dlog10_F_final,SEED,20,-0.4801705120099206,0.418887245930662,-0.4492681418163301,-0.7642080218158113,-0.16499366732602588,-1.402351162537931,0.2150751257589283,-1.2824827642721597,0.1474710745342504,-0.6648495180566032,-0.30379180812419926,0.0915131685988162
10,SWAP-noise random walk M=64 vs exact,mean_dlog10_F_final,SEED,20,-0.4148188773130551,0.32225431474136995,-0.37451924577392126,-0.6862089626978594,-0.20339577152895505,-1.1483809702851817,0.09634125263080132,-0.9822257670298794,0.04192072381817966,-0.5560861161484871,-0.2814284835107595,0.07039997422714332
10,SWAP-noise random walk M=64 vs exact,median_dlog10_gain_best,SEED,20,1.1404468694052579,0.2523706450173745,1.1293055429772954,1.0008306741793562,1.3739048195034358,0.6242162373968321,1.5528580244252406,0.7066381092102938,1.507430227606567,1.0315669401558987,1.2458452034084309,0.05477586662434481
10,SWAP-noise random walk M=64 vs exact,p_x_final_better,SEED,20,0.406,0.059151900801420174,0.4,0.38,0.46,0.28,0.5,0.28950000000000004,0.49049999999999994,0.38,0.43000000000000005,0.012871657846119548
10,SWAP-noise random walk M=64 vs exact,p_x_final_worse,SEED,20,0.54,0.05767422118653778,0.53,0.5,0.58,0.44,0.64,0.4495,0.64,0.5159999999999999,0.5650000000000001,0.012651508734428711
10,SWAP-noise random walk M=64 vs exact,p_x_gain_best_higher,SEED,20,0.786,0.06683837536215725,0.8,0.755,0.825,0.64,0.9,0.6495000000000001,0.881,0.757,0.8130000000000001,0.014450411670251611
10,SWAP-noise random walk M=64 vs exact,dP_F_final_ge_0.5,SEED,20,-0.14,0.04898979485566356,-0.14,-0.18,-0.1,-0.22,-0.08,-0.22,-0.08,-0.16100000000000003,-0.11900000000000002,0.010606592623963133
10,SWAP-noise random walk M=64 vs exact,median_dlog10_F_final,START-BOOTSTRAP (pooled paired starts),1000,-0.49481106296228483,,,,,,,-0.6690536088303359,-0.24132393577725053,,,0.11140421297369947
10,SWAP-noise random walk M=64 vs exact,p_x_final_better,START-BOOTSTRAP (pooled paired starts),1000,0.406,,,,,,,0.376,0.437,,,0.015538895219169086
10,SWAP-noise random walk M=1024 vs exact,median_dlog10_F_final,SEED,20,-0.3537474331511687,0.17756941816994712,-0.3694336165958614,-0.4622319037314607,-0.26577304803749124,-0.7204144810443243,-0.007231165290796149,-0.6785224413439322,-0.05387854344119813,-0.4284154797221688,-0.28029601570644397,0.03823458866023076
10,SWAP-noise random walk M=1024 vs exact,mean_dlog10_F_final,SEED,20,-0.49455094947648914,0.17601092307714958,-0.45333628134431614,-0.612168659332526,-0.3593961018567897,-0.9257633990961552,-0.259286408691627,-0.8415512316654704,-0.2750814637566998,-0.5722921455250306,-0.42338253294485934,0.03838501784280786
10,SWAP-noise random walk M=1024 vs exact,median_dlog10_gain_best,SEED,20,0.28063711103125694,0.08765012091171863,0.2987849093253535,0.20444410297782117,0.3319555634298236,0.10398087891076879,0.49371187654239956,0.14397423864474368,0.4430493625858137,0.24330950369443008,0.3173688723217831,0.018924246636885494
10,SWAP-noise random walk M=1024 vs exact,p_x_final_better,SEED,20,0.32,0.06189974917048067,0.32,0.28,0.38,0.18,0.4,0.20850000000000002,0.4,0.29300000000000004,0.3450000000000001,0.013460271770347473
10,SWAP-noise random walk M=1024 vs exact,p_x_final_worse,SEED,20,0.582,0.0736706754485978,0.5700000000000001,0.535,0.62,0.48,0.78,0.48,0.7324999999999999,0.552,0.615,0.016074526738942822
10,SWAP-noise random walk M=1024 vs exact,p_x_gain_best_higher,SEED,20,0.699,0.07122240924700152,0.71,0.635,0.76,0.56,0.82,0.5790000000000001,0.8009999999999999,0.6679999999999999,0.729,0.01550705650954297
10,SWAP-noise random walk M=1024 vs exact,dP_F_final_ge_0.5,SEED,20,-0.14,0.04898979485566356,-0.14,-0.18,-0.1,-0.22,-0.08,-0.22,-0.08,-0.16100000000000003,-0.11900000000000002,0.010606592623963133
10,SWAP-noise random walk M=1024 vs exact,median_dlog10_F_final,START-BOOTSTRAP (pooled paired starts),1000,-0.3673559697651654,,,,,,,-0.4484656690036427,-0.2849800103057152,,,0.03979013944158436
10,SWAP-noise random walk M=1024 vs exact,p_x_final_better,START-BOOTSTRAP (pooled paired starts),1000,0.32,,,,,,,0.291,0.34902499999999986,,,0.014504609882858868
12,exact,mean_frac_wrong,SEED,20,0.0,0.0,0.0,0.0,0.0,0.0,0.0,0.0,0.0,0.0,0.0,0.0
12,exact,mean_frac_zero,SEED,20,0.0,0.0,0.0,0.0,0.0,0.0,0.0,0.0,0.0,0.0,0.0,0.0
12,exact,mean_cos,SEED,20,1.0,0.0,1.0,1.0,1.0,1.0,1.0,1.0,1.0,1.0,1.0,0.0
12,exact,p_final_ge_half,SEED,20,0.053000000000000005,0.02848822471422923,0.05,0.04,0.065,0.0,0.1,0.009500000000000008,0.1,0.041,0.06500000000000002,0.006251018687659108
12,exact,median_log10_gain_best,SEED,20,0.003318083483124612,0.002571376656065028,0.002719458220316495,0.0013558334506850178,0.004423127392199411,0.00026486693910765524,0.011009740582548666,0.0004994215337017718,0.009045283486039883,0.0023265338681227286,0.004495144554678076,0.0005620042245708274
12,LE M=64,mean_frac_wrong,SEED,20,0.018018,0.005490025021513299,0.01762,0.014159999999999999,0.02108,0.0074,0.02996,0.009471000000000002,0.028610999999999994,0.015712,0.020394000000000002,0.001197406724969632
12,LE M=64,mean_frac_zero,SEED,20,0.89097,0.031204363729925227,0.8957200000000001,0.87018,0.9120199999999999,0.8222,0.95404,0.830712,0.9419179999999999,0.8770833,0.9040146499999999,0.006858613252085968
12,LE M=64,mean_cos,SEED,20,0.18270070581205222,0.05789812551855677,0.17860295810235252,0.14338642273790075,0.20405965523886813,0.09978022330528019,0.3001207830040762,0.10026765968198302,0.2986295669840775,0.15826334910052586,0.20743556498167517,0.012499574923594306
12,LE M=64,p_final_ge_half,SEED,20,0.05500000000000001,0.0250263019536184,0.05,0.04,0.08,0.02,0.1,0.02,0.1,0.044000000000000004,0.06600000000000002,0.005487604447320986
12,LE M=64,median_log10_gain_best,SEED,20,0.0038611098693382305,0.006571552127621349,0.001653412300893331,4.107825191113079e-15,0.005309950327153423,0.0,0.028862751755679206,4.2188474935755986e-16,0.01895214145658403,0.0016440668800413384,0.007025482254790674,0.0014323343192831945
12,SWAP M=64,mean_frac_wrong,SEED,20,0.48551600000000006,0.00951580535629788,0.4859,0.4786,0.49195,0.46836,0.50164,0.46987999999999996,0.500557,0.48143175000000005,0.48953225000000006,0.002087240085707074
12,SWAP M=64,mean_frac_zero,SEED,20,0.0,0.0,0.0,0.0,0.0,0.0,0.0,0.0,0.0,0.0,0.0,0.0
12,SWAP M=64,mean_cos,SEED,20,0.01265660345906717,0.008006543486987087,0.01117122050091683,0.006394612621302004,0.02019045910150914,-0.00024466310920113284,0.02514953772448304,0.0008262858635990307,0.025138590104329027,0.009269756095227382,0.016127005076437703,0.001756971106039755
12,SWAP M=64,p_final_ge_half,SEED,20,0.05500000000000001,0.03425907486384178,0.05,0.02,0.08,0.0,0.12,0.009500000000000008,0.11049999999999997,0.04000000000000001,0.07000000000000002,0.007514649987620429
12,SWAP M=64,median_log10_gain_best,SEED,20,1.7387085787711811,0.24143970084476776,1.7121927325562671,1.5708893567123097,1.8715513464599083,1.330625099715707,2.18729034901175,1.3649737732392624,2.1797206986551143,1.6373824796188357,1.8417253112293337,0.05190603539195043
12,SWAP M=32 (state-copy matched to LE M=64),mean_frac_wrong,SEED,20,0.487962,0.007629455109190831,0.48636,0.48284,0.49467999999999995,0.47656,0.50224,0.477605,0.500549,0.4847079999999999,0.49128404999999997,0.0016724139242816698
12,SWAP M=32 (state-copy matched to LE M=64),mean_frac_zero,SEED,20,0.0,0.0,0.0,0.0,0.0,0.0,0.0,0.0,0.0,0.0,0.0,0.0
12,SWAP M=32 (state-copy matched to LE M=64),mean_cos,SEED,20,0.00969612526009005,0.005899813645310596,0.010352436086023507,0.005648236802990928,0.013532588567364221,-0.001001196021497396,0.01766152997760055,-0.0009390783388049895,0.01742795897859137,0.007097331739237637,0.0121619139034325,0.0012893742723758983
12,SWAP M=32 (state-copy matched to LE M=64),p_final_ge_half,SEED,20,0.05000000000000001,0.028654015976455158,0.04,0.035,0.06,0.0,0.1,0.009500000000000008,0.1,0.038,0.06202499999999966,0.006299219183853873
12,SWAP M=32 (state-copy matched to LE M=64),median_log10_gain_best,SEED,20,2.1187822390909847,0.3015986228867081,2.0780763958017863,1.8907160661742246,2.319567297373232,1.5519364044484363,2.761730442390994,1.6467060282222894,2.7348660781218235,1.992548651953852,2.251197537187003,0.06600414587374744
12,LE M=1024,mean_frac_wrong,SEED,20,0.050082,0.00850798238188857,0.04952,0.04424,0.05678,0.03732,0.06504,0.037624,0.063862,0.0464438,0.053666000000000005,0.0018492372014665094
12,LE M=1024,mean_frac_zero,SEED,20,0.732306,0.048848876774243884,0.7386400000000001,0.7027699999999999,0.76233,0.63108,0.81648,0.646527,0.815207,0.7108536000000001,0.7526020499999999,0.010676456826822979
12,LE M=1024,mean_cos,SEED,20,0.2198480672844009,0.056773830079401656,0.22340613791020403,0.17223440480504162,0.25270605510415445,0.10909221635133162,0.33769064580171726,0.12495686975810519,0.31771813292796314,0.1952887404769046,0.24405656305856607,0.01247171621819787
12,LE M=1024,p_final_ge_half,SEED,20,0.053000000000000005,0.02848822471422923,0.05,0.04,0.065,0.0,0.1,0.009500000000000008,0.1,0.041,0.06500000000000002,0.006251018687659108
12,LE M=1024,median_log10_gain_best,SEED,20,0.00503589910300517,0.0033641572239191237,0.004342230057502894,0.002799010013977532,0.007303672441790421,0.00018380862543221355,0.014023282492177103,0.0007823430566978323,0.011909339302958072,0.0036894752747283666,0.006531005861430998,0.0007320051825281048
12,SWAP M=1024,mean_frac_wrong,SEED,20,0.480072,0.009283589142590342,0.48348,0.47414,0.48579000000000006,0.46064,0.49416000000000004,0.462236,0.49334300000000003,0.47598995000000005,0.483948,0.002045579098165571
12,SWAP M=1024,mean_frac_zero,SEED,20,0.0,0.0,0.0,0.0,0.0,0.0,0.0,0.0,0.0,0.0,0.0,0.0
12,SWAP M=1024,mean_cos,SEED,20,0.0183811530438436,0.009137512200889718,0.015482262847235206,0.013084403520681919,0.024241326305281866,0.004404883692863367,0.03793284326049085,0.005692413761697026,0.0358249259339283,0.014577704563570904,0.02240670623973577,0.0020109675466961118
12,SWAP M=1024,p_final_ge_half,SEED,20,0.053000000000000005,0.030625067132042424,0.04,0.04,0.065,0.0,0.12,0.009500000000000008,0.11049999999999997,0.04,0.06700000000000002,0.006730534865072541
12,SWAP M=1024,median_log10_gain_best,SEED,20,0.6329914734747837,0.11797001441133924,0.6095786506749998,0.5531629734199488,0.7217193343419409,0.46142636399900927,0.8674615801230661,0.4747238576924448,0.8479172048617799,0.5849522080035565,0.6843049886724515,0.025538544138406276
12,SWAP M=512 (state-copy matched to LE M=1024),mean_frac_wrong,SEED,20,0.48329199999999994,0.010689753874376,0.48512,0.47648,0.48951,0.46372,0.50028,0.463739,0.49870299999999995,0.47875195,0.48775405,0.002317038060861655
12,SWAP M=512 (state-copy matched to LE M=1024),mean_frac_zero,SEED,20,0.0,0.0,0.0,0.0,0.0,0.0,0.0,0.0,0.0,0.0,0.0,0.0
12,SWAP M=512 (state-copy matched to LE M=1024),mean_cos,SEED,20,0.01592202759022829,0.010023268119446184,0.01610065271233007,0.009429786319935013,0.02239052146258215,0.001330760913128286,0.03383377411575486,0.001494995268254891,0.033667226051276,0.01166792244204113,0.02022443305719046,0.0021809526920228586
12,SWAP M=512 (state-copy matched to LE M=1024),p_final_ge_half,SEED,20,0.052000000000000005,0.0345801890348247,0.05,0.02,0.065,0.0,0.12,0.009500000000000008,0.12,0.03799999999999999,0.06700000000000002,0.007543829698942886
12,SWAP M=512 (state-copy matched to LE M=1024),median_log10_gain_best,SEED,20,0.8305903764817482,0.19562765822164727,0.7777491239177674,0.7210559205459142,0.875861523544083,0.621597167111609,1.524590349306715,0.6365280305833161,1.3019694713168568,0.7593024053260814,0.9249514795782345,0.04264172208732974
12,SWAP-noise random walk M=64,mean_frac_wrong,SEED,20,0.5007020000000001,0.003251648326942085,0.50088,0.49766,0.50359,0.496,0.5061599999999999,0.496247,0.50559,0.49933000000000005,0.502084,0.0007052177673280549
12,SWAP-noise random walk M=64,mean_frac_zero,SEED,20,0.0,0.0,0.0,0.0,0.0,0.0,0.0,0.0,0.0,0.0,0.0,0.0
12,SWAP-noise random walk M=64,mean_cos,SEED,20,-0.0004674519523436249,0.0020502314726770945,-0.0006022218879728869,-0.002245852943472292,0.0013798669919230912,-0.003645426237806841,0.0036999645430973315,-0.0033525325882296773,0.0028993858582874775,-0.0013261761360926095,0.0004197994519395195,0.00044568632068525
12,SWAP-noise random walk M=64,p_final_ge_half,SEED,20,0.0,0.0,0.0,0.0,0.0,0.0,0.0,0.0,0.0,0.0,0.0,0.0
12,SWAP-noise random walk M=64,median_log10_gain_best,SEED,20,1.4677500994947503,0.2263631719806442,1.4315060899088747,1.317861611247376,1.7117003762023268,0.9839174493627549,1.882175710553652,1.1131081621909251,1.8425876044540488,1.3734792965487166,1.5642559339509008,0.04886790923215527
12,SWAP-noise random walk M=1024,mean_frac_wrong,SEED,20,0.4997459999999999,0.0033316921573847253,0.49992000000000003,0.49727,0.50177,0.494,0.5049199999999999,0.494209,0.504825,0.49832200000000004,0.50112605,0.000727581327020773
12,SWAP-noise random walk M=1024,mean_frac_zero,SEED,20,0.0,0.0,0.0,0.0,0.0,0.0,0.0,0.0,0.0,0.0,0.0,0.0
12,SWAP-noise random walk M=1024,mean_cos,SEED,20,0.0004111939560942081,0.0017529124332334163,0.0004090006181716618,-0.0007259841703733927,0.0017652645616185777,-0.0030663082114786096,0.002929303737196534,-0.0027076346588225187,0.0028936305947240915,-0.00033830649854610584,0.0011518060038617074,0.0003816949555699055
12,SWAP-noise random walk M=1024,p_final_ge_half,SEED,20,0.0,0.0,0.0,0.0,0.0,0.0,0.0,0.0,0.0,0.0,0.0,0.0
12,SWAP-noise random walk M=1024,median_log10_gain_best,SEED,20,0.5270339385252213,0.09082801071085819,0.5044863507968091,0.4774400523994582,0.5562127818017715,0.4330161053798467,0.8577950010381117,0.43974962180149185,0.7267240313194803,0.4943528765865881,0.5704434289666963,0.019730163978143457
12,SWAP M=64 vs SWAP-noise random walk M=64,median_dlog10_F_final,SEED,20,0.34627542158660735,0.4938947422903159,0.38312944409848015,-0.05620021315520224,0.6535387688895595,-0.6543628499558083,1.1754356111397688,-0.5184816364933272,1.1219188929049804,0.13800990930783688,0.5565979705661716,0.10681253784907763
12,SWAP M=64 vs SWAP-noise random walk M=64,mean_dlog10_F_final,SEED,20,0.3828470525048361,0.4433695730555748,0.4006321659496417,0.11583803815973898,0.6010372549383765,-0.3605333620875818,1.2609987112429906,-0.35902885291303893,1.1825229933875003,0.19830571943942313,0.5761564439069171,0.09642401325097257
12,SWAP M=64 vs SWAP-noise random walk M=64,median_dlog10_gain_best,SEED,20,0.1845248062039358,0.16349607074861347,0.1740355736586413,0.10595323697514136,0.25703346157464113,-0.10637626925278143,0.5034632437534823,-0.08955352001555046,0.4830888760698965,0.11510166395514265,0.25533123793311896,0.03560093064217057
12,SWAP M=64 vs SWAP-noise random walk M=64,p_x_final_better,SEED,20,0.4960000000000001,0.07358489547526219,0.5,0.455,0.545,0.38,0.64,0.38,0.621,0.465,0.5270000000000001,0.015920302569781497
12,SWAP M=64 vs SWAP-noise random walk M=64,p_x_final_worse,SEED,20,0.38900000000000007,0.058210145615962675,0.4,0.335,0.425,0.3,0.48,0.3,0.4705,0.364,0.4130000000000001,0.012681393002460274
12,SWAP M=64 vs SWAP-noise random walk M=64,p_x_gain_best_higher,SEED,20,0.558,0.051462812327267723,0.56,0.515,0.6,0.48,0.64,0.48,0.6305,0.536,0.58,0.01122877752493433
12,SWAP M=64 vs SWAP-noise random walk M=64,dP_F_final_ge_0.5,SEED,20,0.05500000000000001,0.03425907486384178,0.05,0.02,0.08,0.0,0.12,0.009500000000000008,0.11049999999999997,0.04000000000000001,0.07000000000000002,0.007514649987620429
12,SWAP M=64 vs SWAP-noise random walk M=64,median_dlog10_F_final,START-BOOTSTRAP (pooled paired starts),1000,0.3867480453104828,,,,,,,0.16778519587280893,0.5644491870156267,,,0.10281047223543718
12,SWAP M=64 vs SWAP-noise random walk M=64,p_x_final_better,START-BOOTSTRAP (pooled paired starts),1000,0.496,,,,,,,0.465,0.527,,,0.015805783154926888
12,SWAP M=1024 vs SWAP-noise random walk M=1024,median_dlog10_F_final,SEED,20,0.15139968313142735,0.22049897422253156,0.08006267964620162,-0.02041605247669198,0.2492413280729382,-0.09193975260112852,0.690203383550446,-0.08254167269251148,0.6013464958734508,0.06386111193164958,0.24851489741063573,0.04759242645314134
12,SWAP M=1024 vs SWAP-noise random walk M=1024,mean_dlog10_F_final,SEED,20,0.20192409170981312,0.23626506993187013,0.16197783345467842,0.025203966759774606,0.2854193937403391,-0.17232741607438368,0.6623484367361864,-0.12300989442118235,0.6399012523497126,0.1051119062626153,0.3059107937547084,0.05109022928026551
12,SWAP M=1024 vs SWAP-noise random walk M=1024,median_dlog10_gain_best,SEED,20,0.056349258202075404,0.08173826401725615,0.04679819311779099,0.0015639426504039378,0.09548939602514245,-0.06676366770221787,0.24743592349953247,-0.06528207321730568,0.22121935740803614,0.023129841605954507,0.09126461723902252,0.01754849358078879
12,SWAP M=1024 vs SWAP-noise random walk M=1024,p_x_final_better,SEED,20,0.45100000000000007,0.06727007624415732,0.43,0.415,0.505,0.32,0.56,0.34850000000000003,0.56,0.42300000000000004,0.4800000000000001,0.014472277907875601
12,SWAP M=1024 vs SWAP-noise random walk M=1024,p_x_final_worse,SEED,20,0.367,0.06657801122703627,0.38,0.3,0.42,0.24,0.48,0.2495,0.4609999999999999,0.33799999999999997,0.394,0.014469578357014526
12,SWAP M=1024 vs SWAP-noise random walk M=1024,p_x_gain_best_higher,SEED,20,0.552,0.0675589411278462,0.54,0.515,0.62,0.44,0.66,0.4495,0.66,0.5239999999999999,0.58,0.014492375976910945
12,SWAP M=1024 vs SWAP-noise random walk M=1024,dP_F_final_ge_0.5,SEED,20,0.053000000000000005,0.030625067132042424,0.04,0.04,0.065,0.0,0.12,0.009500000000000008,0.11049999999999997,0.04,0.06700000000000002,0.006730534865072541
12,SWAP M=1024 vs SWAP-noise random walk M=1024,median_dlog10_F_final,START-BOOTSTRAP (pooled paired starts),1000,0.12802038584502884,,,,,,,0.03164241031466952,0.23784654904535962,,,0.05363961562107964
12,SWAP M=1024 vs SWAP-noise random walk M=1024,p_x_final_better,START-BOOTSTRAP (pooled paired starts),1000,0.451,,,,,,,0.41997500000000004,0.483,,,0.015913163682599218
12,SWAP M=64 vs exact,median_dlog10_F_final,SEED,20,0.12061413352434416,0.31441202536754764,0.014178184718117992,-0.03407588339611323,0.3146104549354153,-0.6060950715230087,0.8669262143679091,-0.422617441460475,0.6702957078909277,-0.008549596926451733,0.25580065409281105,0.06775365970343188
12,SWAP M=64 vs exact,mean_dlog10_F_final,SEED,20,0.11411902579669826,0.3351471685241682,0.11048605476990361,-0.04816862422336,0.29894642189347564,-0.55696649083851,0.8982928348471966,-0.49237035596394185,0.7487563377867842,-0.025954868465191766,0.2593155491253257,0.07260569957244868
12,SWAP M=64 vs exact,median_dlog10_gain_best,SEED,20,1.5448300229155607,0.2738290140904314,1.5033715096135003,1.3210447296705357,1.6741249326439323,1.127122918305079,2.091382617066985,1.1670859999935541,2.0625729093375442,1.4345183410562359,1.6635804447727092,0.058985108948752155
12,SWAP M=64 vs exact,p_x_final_better,SEED,20,0.44299999999999995,0.07712600762798227,0.46,0.38,0.5,0.32,0.56,0.3295,0.56,0.41100000000000003,0.476,0.016579610495678694
12,SWAP M=64 vs exact,p_x_final_worse,SEED,20,0.42800000000000005,0.08166684568544645,0.42000000000000004,0.34,0.49,0.34,0.58,0.34,0.5609999999999999,0.39299999999999996,0.46299999999999997,0.01772893872505717
12,SWAP M=64 vs exact,p_x_gain_best_higher,SEED,20,0.898,0.034883263970895244,0.9,0.88,0.92,0.84,0.96,0.84,0.9504999999999999,0.883,0.913,0.007656907787330771
12,SWAP M=64 vs exact,dP_F_final_ge_0.5,SEED,20,0.0019999999999999996,0.021423056934551907,0.0,-0.019999999999999997,0.02,-0.04,0.04000000000000001,-0.030499999999999992,0.04,-0.007000000000000001,0.011,0.004651261486235894
12,SWAP M=64 vs exact,median_dlog10_F_final,START-BOOTSTRAP (pooled paired starts),1000,0.02298800559237857,,,,,,,-0.0031444341852047103,0.22184295852949987,,,0.07284843577444741
12,SWAP M=64 vs exact,p_x_final_better,START-BOOTSTRAP (pooled paired starts),1000,0.443,,,,,,,0.412,0.475,,,0.015941636604778684
12,SWAP M=1024 vs exact,median_dlog10_F_final,SEED,20,0.05955385253187765,0.12864004223971565,0.06702721159221081,-0.021647055215260214,0.16324275691553675,-0.1581278083747959,0.27525610505341946,-0.14635807531032013,0.2528333827256238,0.004336317111450843,0.11406796735351066,0.027932933790743616
12,SWAP M=1024 vs exact,mean_dlog10_F_final,SEED,20,0.05163260979159823,0.23003343343586186,-0.007485858253976128,-0.10150009070197132,0.241635938733655,-0.46139623861941303,0.3899114838848437,-0.33592796406959347,0.36777115785667186,-0.04789232815842987,0.14598944389406923,0.0498303186285267
12,SWAP M=1024 vs exact,median_dlog10_gain_best,SEED,20,0.5022962682228942,0.12424685865844753,0.46380298505391826,0.41589111398333645,0.613423296216111,0.3250648333740638,0.7240267884794398,0.3259392232270903,0.6909347418335297,0.4503126492207509,0.5556239169785252,0.02686780139401631
12,SWAP M=1024 vs exact,p_x_final_better,SEED,20,0.396,0.0679318543991349,0.39,0.34,0.425,0.3,0.54,0.3,0.5305,0.368,0.4250000000000001,0.014646176915489728
12,SWAP M=1024 vs exact,p_x_final_worse,SEED,20,0.4090000000000001,0.0902569431649094,0.42,0.35,0.45,0.26,0.58,0.26,0.5609999999999999,0.37000000000000005,0.44799999999999995,0.019487528098123104
12,SWAP M=1024 vs exact,p_x_gain_best_higher,SEED,20,0.868,0.041243819313673505,0.86,0.84,0.885,0.8,0.98,0.8095,0.9514999999999999,0.851,0.8860000000000001,0.00901179165032541
12,SWAP M=1024 vs exact,dP_F_final_ge_0.5,SEED,20,-1.7347234759768072e-19,0.009176629354822469,0.0,0.0,0.0,-0.02,0.02,-0.02,0.019999999999999997,-0.003999999999999999,0.003999999999999999,0.0020130421813470247
12,SWAP M=1024 vs exact,median_dlog10_F_final,START-BOOTSTRAP (pooled paired starts),1000,0.024507584304956254,,,,,,,-0.00014577092388709628,0.09836260139845088,,,0.034104178249080803
12,SWAP M=1024 vs exact,p_x_final_better,START-BOOTSTRAP (pooled paired starts),1000,0.396,,,,,,,0.368,0.427,,,0.015265879422334911
12,LE M=64 vs exact,median_dlog10_F_final,SEED,20,-0.00012987953656709016,0.0001259725958923548,-8.991992326645715e-05,-0.0001929088448175964,-3.209712837426437e-05,-0.0004381950891008124,-1.7723943770420192e-06,-0.00040669479241779434,-5.81745612531216e-06,-0.00018565048550022554,-7.939916203287379e-05,2.7447875691680176e-05
12,LE M=64 vs exact,mean_dlog10_F_final,SEED,20,-0.0046940403061729976,0.02521585252355839,-0.006452466849802938,-0.015766930779559905,0.009910280302890623,-0.06645914535255538,0.03877134402117295,-0.05831589523097086,0.035598492263091475,-0.015481881143769746,0.005933895765452094,0.005472973749271983
12,LE M=64 vs exact,median_dlog10_gain_best,SEED,20,-5.7874957862280584e-05,6.7553914921903e-05,-2.606491568268865e-05,-7.731611338002153e-05,-1.5577900602137262e-05,-0.0002652013761368366,-1.1765026872723183e-06,-0.00020947760371823883,-2.905417918430691e-06,-8.941712454167861e-05,-3.239078436947153e-05,1.465526637160852e-05
12,LE M=64 vs exact,p_x_final_better,SEED,20,0.22700000000000004,0.06966838745461472,0.24,0.18,0.28,0.1,0.32,0.10950000000000001,0.32,0.197,0.25600000000000006,0.015184148858189408
12,LE M=64 vs exact,p_x_final_worse,SEED,20,0.30000000000000004,0.07483314773547882,0.28,0.26,0.34500000000000003,0.14,0.44,0.17800000000000005,0.4305,0.268,0.332,0.016348882994183914
12,LE M=64 vs exact,p_x_gain_best_higher,SEED,20,0.29400000000000004,0.06556635851121406,0.3,0.26,0.34,0.16,0.4,0.16,0.38099999999999995,0.265,0.321,0.014229660638405556
12,LE M=64 vs exact,dP_F_final_ge_0.5,SEED,20,0.0020000000000000005,0.008944271909999161,0.0,0.0,0.0,-0.020000000000000004,0.020000000000000004,-0.010499999999999994,0.020000000000000004,-0.0020000000000000005,0.006000000000000001,0.0019675958384125372
12,LE M=64 vs exact,median_dlog10_F_final,START-BOOTSTRAP (pooled paired starts),1000,-9.446310055061247e-05,,,,,,,-0.00014346578036406044,-5.24444263827695e-05,,,2.3390046344456052e-05
12,LE M=64 vs exact,p_x_final_better,START-BOOTSTRAP (pooled paired starts),1000,0.227,,,,,,,0.202,0.252,,,0.012939865534851205
12,LE M=1024 vs exact,median_dlog10_F_final,SEED,20,-1.920198686689919e-05,1.914825088353308e-05,-1.3153569299984014e-05,-3.501848898646809e-05,-2.807176042063375e-06,-5.992618405388145e-05,-3.714754859274194e-07,-5.5406898354071076e-05,-4.2217697029389725e-07,-2.7721229862898797e-05,-1.1473836191282764e-05,4.134641963567033e-06
12,LE M=1024 vs exact,mean_dlog10_F_final,SEED,20,-0.003168160772943565,0.010216123294505473,-0.0021661057665307037,-0.008262330670034337,0.0010716958483954885,-0.03575172035248495,0.011759419723135284,-0.02436757611819159,0.011323315675910505,-0.007816986724868816,0.0009011489166077014,0.0022226442295845755
12,LE M=1024 vs exact,median_dlog10_gain_best,SEED,20,6.589947447066535e-07,2.2053457642553922e-05,-6.243318724230562e-07,-6.796582593060485e-06,-6.007533603913373e-08,-3.963977033816235e-05,8.192426291753208e-05,-2.5571588249451147e-05,5.434333897017521e-05,-7.368967417017979e-06,1.1188053263756207e-05,4.76672093779958e-06
12,LE M=1024 vs exact,p_x_final_better,SEED,20,0.20400000000000001,0.05174837907453823,0.2,0.18,0.245,0.1,0.28,0.10950000000000001,0.28,0.18100000000000002,0.22599999999999998,0.011467946421635953
12,LE M=1024 vs exact,p_x_final_worse,SEED,20,0.264,0.062103479010947184,0.28,0.22,0.305,0.14,0.36,0.14950000000000002,0.36,0.238,0.29,0.01337899531921494
12,LE M=1024 vs exact,p_x_gain_best_higher,SEED,20,0.41100000000000003,0.07003006872990908,0.4,0.38,0.465,0.22,0.52,0.26750000000000007,0.5105,0.38,0.43900000000000006,0.015237186484886171
12,LE M=1024 vs exact,dP_F_final_ge_0.5,SEED,20,0.0,0.0,0.0,0.0,0.0,0.0,0.0,0.0,0.0,0.0,0.0,0.0
12,LE M=1024 vs exact,median_dlog10_F_final,START-BOOTSTRAP (pooled paired starts),1000,-1.0096460916209082e-05,,,,,,,-2.1056994065210795e-05,-4.507338427828245e-06,,,4.280474869192961e-06
12,LE M=1024 vs exact,p_x_final_better,START-BOOTSTRAP (pooled paired starts),1000,0.204,,,,,,,0.179,0.228,,,0.012553047807390335
12,SWAP-noise random walk M=64 vs exact,median_dlog10_F_final,SEED,20,-0.24715257745971136,0.41907574749177434,-0.2558026007130716,-0.45872485849555394,0.028409952791075443,-0.9680673905325916,0.5911184105108767,-0.9311219387487235,0.5289686207909057,-0.4260846476796231,-0.0638439698343023,0.09097111111156052
12,SWAP-noise random walk M=64 vs exact,mean_dlog10_F_final,SEED,20,-0.2687280267081379,0.4160302597190191,-0.29426859851074955,-0.4926348820184702,-0.0683947612279694,-0.8803193653055371,0.7524940715798766,-0.8743792045364391,0.563217318279501,-0.44203336535785187,-0.09122495351848994,0.09012426701903438
12,SWAP-noise random walk M=64 vs exact,median_dlog10_gain_best,SEED,20,1.4339012828536322,0.24320658755556293,1.4202400732767,1.2552390466340002,1.6943380431507888,0.954936743812993,1.8726388293125034,1.0388362343958202,1.811220264813132,1.3324913391553508,1.53726231396164,0.052483482344848696
12,SWAP-noise random walk M=64 vs exact,p_x_final_better,SEED,20,0.38300000000000006,0.06814072126663206,0.38,0.36,0.41000000000000003,0.2,0.56,0.25700000000000006,0.5029999999999999,0.354,0.41200000000000003,0.014872047337848344
12,SWAP-noise random walk M=64 vs exact,p_x_final_worse,SEED,20,0.47400000000000003,0.08312324394662739,0.49,0.44,0.52,0.3,0.64,0.319,0.6019999999999999,0.43899999999999995,0.509,0.01793528910554636
12,SWAP-noise random walk M=64 vs exact,p_x_gain_best_higher,SEED,20,0.892,0.035183728296502424,0.9,0.86,0.905,0.84,0.96,0.8495,0.96,0.877,0.9079999999999998,0.007765569980221143
12,SWAP-noise random walk M=64 vs exact,dP_F_final_ge_0.5,SEED,20,-0.053000000000000005,0.02848822471422923,-0.05,-0.065,-0.04,-0.1,0.0,-0.1,-0.00950000000000003,-0.06500000000000002,-0.041,0.006251018687659108
12,SWAP-noise random walk M=64 vs exact,median_dlog10_F_final,START-BOOTSTRAP (pooled paired starts),1000,-0.21436421015238194,,,,,,,-0.44088679702694256,-0.053862550476919804,,,0.0956027489601348
12,SWAP-noise random walk M=64 vs exact,p_x_final_better,START-BOOTSTRAP (pooled paired starts),1000,0.383,,,,,,,0.353,0.413,,,0.015434257413330602
12,SWAP-noise random walk M=1024 vs exact,median_dlog10_F_final,SEED,20,-0.11624594388243312,0.13162114831772073,-0.08670269291020305,-0.24798256298877763,-0.0577763271687749,-0.3318465001497193,0.18636432040973183,-0.3121040351769073,0.15235850329092557,-0.17059357989860374,-0.06014742521337347,0.02844417990481888
12,SWAP-noise random walk M=1024 vs exact,mean_dlog10_F_final,SEED,20,-0.1502914819182149,0.22734027782585597,-0.15718622858725312,-0.26903106602975196,-0.021264567052495915,-0.62357065604293,0.4274587123348853,-0.5359787904231197,0.26662204561504,-0.2453053859958033,-0.05165846305008836,0.04916417559468904
12,SWAP-noise random walk M=1024 vs exact,median_dlog10_gain_best,SEED,20,0.4864751998701456,0.10765145932816243,0.4871969639666822,0.42499553612467467,0.5167405217853747,0.33270311738609326,0.8568498657405192,0.34691717888049256,0.722265127806463,0.4467136897881745,0.536496070922422,0.02328218036151477
12,SWAP-noise random walk M=1024 vs exact,p_x_final_better,SEED,20,0.361,0.05210313658605653,0.38,0.315,0.4,0.28,0.44,0.28,0.44,0.339,0.38300000000000006,0.011318644405189043
12,SWAP-noise random walk M=1024 vs exact,p_x_final_worse,SEED,20,0.446,0.06327883158146798,0.45,0.42,0.5,0.32,0.56,0.3295,0.5409999999999999,0.41900000000000004,0.4720000000000001,0.013621529466124558
12,SWAP-noise random walk M=1024 vs exact,p_x_gain_best_higher,SEED,20,0.8390000000000001,0.052103136586056545,0.84,0.795,0.885,0.76,0.92,0.76,0.9105,0.817,0.8610000000000001,0.01137336523565819
12,SWAP-noise random walk M=1024 vs exact,dP_F_final_ge_0.5,SEED,20,-0.053000000000000005,0.02848822471422923,-0.05,-0.065,-0.04,-0.1,0.0,-0.1,-0.00950000000000003,-0.06500000000000002,-0.041,0.006251018687659108
12,SWAP-noise random walk M=1024 vs exact,median_dlog10_F_final,START-BOOTSTRAP (pooled paired starts),1000,-0.10131299333209975,,,,,,,-0.17474907911957605,-0.021234819280306905,,,0.03807253807924117
12,SWAP-noise random walk M=1024 vs exact,p_x_final_better,START-BOOTSTRAP (pooled paired starts),1000,0.361,,,,,,,0.332,0.391,,,0.01526135820551823
