seed,n,scheme,target,n_samples,median_log10M,unsolved,frac_closed_form,frac_exact,frac_normal_cc,frac_skellam
0,2,loschmidt,snr1,100000,0.7781512503836436,0,1.0,0.0,0.0,0.0
0,2,loschmidt,snr2,100000,1.3424226808222062,0,1.0,0.0,0.0,0.0
0,2,loschmidt,dir0.75,100000,0.8450980400142568,0,0.0,0.99538,0.0,0.00462
0,2,loschmidt,dir0.9,100000,1.1139433523068367,0,0.0,0.99158,0.0,0.00842
0,2,loschmidt,nz0.9,100000,1.0,0,0.0,1.0,0.0,0.0
0,2,swap,snr1,100000,1.5440680443502757,0,1.0,0.0,0.0,0.0
0,2,swap,snr2,100000,2.143014800254095,0,1.0,0.0,0.0,0.0
0,2,swap,dir0.75,100000,1.380211241711606,0,0.0,0.89526,0.10474,0.0
0,2,swap,dir0.9,100000,1.8195439355418688,0,0.0,0.85672,0.14328,0.0
0,2,swap,nz0.9,100000,1.3010299956639813,0,0.0,1.0,0.0,0.0
0,4,loschmidt,snr1,100000,2.0755469613925306,0,1.0,0.0,0.0,0.0
0,4,loschmidt,snr2,100000,2.6748611407378116,0,1.0,0.0,0.0,0.0
0,4,loschmidt,dir0.75,100000,2.0718820073061255,0,0.0,0.99583,0.0,0.00417
0,4,loschmidt,dir0.9,100000,2.392696953259666,0,0.0,0.99217,0.0,0.00783
0,4,loschmidt,nz0.9,100000,2.1335389083702174,0,0.0,1.0,0.0,0.0
0,4,swap,snr1,100000,3.906981149896186,0,1.0,0.0,0.0,0.0
0,4,swap,snr2,100000,4.509027688494166,0,1.0,0.0,0.0,0.0
0,4,swap,dir0.75,100000,3.5796692935547205,0,0.0,0.56165,0.43835,0.0
0,4,swap,dir0.9,100000,4.126564863915197,0,0.0,0.48096,0.51904,0.0
0,4,swap,nz0.9,100000,1.505149978319906,0,0.0,1.0,0.0,0.0
0,6,loschmidt,snr1,100000,3.3027637084729817,0,1.0,0.0,0.0,0.0
0,6,loschmidt,snr2,100000,3.904715545278681,0,1.0,0.0,0.0,0.0
0,6,loschmidt,dir0.75,100000,3.29236683251213,0,0.0,0.99549,0.0,0.00451
0,6,loschmidt,dir0.9,100000,3.616580530085886,0,0.0,0.99146,0.0,0.00854
0,6,loschmidt,nz0.9,100000,3.3356584522893016,0,0.0,1.0,0.0,0.0
0,6,swap,snr1,100000,6.316768336060187,0,1.0,0.0,0.0,0.0
0,6,swap,snr2,100000,6.918828248855348,0,1.0,0.0,0.0,0.0
0,6,swap,dir0.75,100000,5.975654910609393,0,0.0,0.25845,0.74155,0.0
0,6,swap,dir0.9,100000,6.5324999676039415,0,0.0,0.19372,0.80628,0.0
0,6,swap,nz0.9,100000,1.505149978319906,0,0.0,1.0,0.0,0.0
0,8,loschmidt,snr1,100000,4.490372894747184,0,1.0,0.0,0.0,0.0
0,8,loschmidt,snr2,100000,5.092427621240175,0,1.0,0.0,0.0,0.0
0,8,loschmidt,dir0.75,100000,4.481829451263999,0,0.0,0.99592,0.0,0.00408
0,8,loschmidt,dir0.9,100000,4.805524644077853,0,0.0,0.99197,0.0,0.00803
0,8,loschmidt,nz0.9,100000,4.5256795794252165,0,0.0,1.0,0.0,0.0
0,8,swap,snr1,100000,8.691579062216912,0,1.0,0.0,0.0,0.0
0,8,swap,snr2,100000,9.29363905288225,0,1.0,0.0,0.0,0.0
0,8,swap,dir0.75,100000,8.349590655561716,0,0.0,0.09196,0.90804,0.0
0,8,swap,dir0.9,100000,8.907068098912038,0,0.0,0.0604,0.9396,0.0
0,8,swap,nz0.9,100000,1.505149978319906,0,0.0,1.0,0.0,0.0
0,10,loschmidt,snr1,100000,5.696998172354978,0,1.0,0.0,0.0,0.0
0,10,loschmidt,snr2,100000,6.299057836458225,0,1.0,0.0,0.0,0.0
0,10,loschmidt,dir0.75,100000,5.690031188863985,0,0.0,0.99601,0.0,0.00399
0,10,loschmidt,dir0.9,100000,6.013578055261822,0,0.0,0.99218,0.0,0.00782
0,10,loschmidt,nz0.9,100000,5.732632556098271,0,0.0,1.0,0.0,0.0
0,10,swap,snr1,100000,11.108644848167692,0,1.0,0.0,0.0,0.0
0,10,swap,snr2,100000,11.710704839493541,0,1.0,0.0,0.0,0.0
0,10,swap,dir0.75,100000,10.766599324112331,0,0.0,0.02697,0.97303,0.0
0,10,swap,dir0.9,100000,11.324118062684198,0,0.0,0.01521,0.98479,0.0
0,10,swap,nz0.9,100000,1.505149978319906,0,0.0,1.0,0.0,0.0
0,12,loschmidt,snr1,100000,6.9030470161823985,0,1.0,0.0,0.0,0.0
0,12,loschmidt,snr2,100000,7.505106993937314,0,1.0,0.0,0.0,0.0
0,12,loschmidt,dir0.75,100000,6.898519336420659,0,0.0,0.9957,0.0,0.0043
0,12,loschmidt,dir0.9,100000,7.221393004190393,0,0.0,0.99193,0.0,0.00807
0,12,loschmidt,nz0.9,100000,6.943301903730946,0,0.0,1.0,0.0,0.0
0,12,swap,snr1,100000,13.516792300885356,0,1.0,0.0,0.0,0.0
0,12,swap,snr2,100000,14.118852292213315,0,1.0,0.0,0.0,0.0
0,12,swap,dir0.75,100000,13.174743245070818,0,0.0,0.00663,0.99337,0.0
0,12,swap,dir0.9,100000,13.73226453710413,0,0.0,0.00327,0.99673,0.0
0,12,swap,nz0.9,100000,1.505149978319906,0,0.0,1.0,0.0,0.0
0,14,loschmidt,snr1,100000,8.113323408113406,0,1.0,0.0,0.0,0.0
0,14,loschmidt,snr2,100000,8.715383399441368,0,1.0,0.0,0.0,0.0
0,14,loschmidt,dir0.75,100000,8.109449741494906,0,0.0,0.9957,0.0,0.0043
0,14,loschmidt,dir0.9,100000,8.432386247883084,0,0.0,0.99192,0.0,0.00808
0,14,loschmidt,nz0.9,100000,8.149167707210436,0,0.0,1.0,0.0,0.0
0,14,swap,snr1,100000,15.936924213655894,0,1.0,0.0,0.0,0.0
0,14,swap,snr2,100000,16.538984204983855,0,1.0,0.0,0.0,0.0
0,14,swap,dir0.75,100000,15.59487493687963,0,0.0,0.00135,0.99865,0.0
0,14,swap,dir0.9,100000,16.15239638866843,0,0.0,0.00051,0.99949,0.0
0,14,swap,nz0.9,100000,1.505149978319906,0,0.0,1.0,0.0,0.0
0,16,loschmidt,snr1,100000,9.321520110193955,0,1.0,0.0,0.0,0.0
0,16,loschmidt,snr2,100000,9.923580101496025,0,1.0,0.0,0.0,0.0
0,16,loschmidt,dir0.75,100000,9.317321890786516,0,0.0,0.99584,0.0,0.00416
0,16,loschmidt,dir0.9,100000,9.638762609563916,0,0.0,0.99202,0.0,0.00798
0,16,loschmidt,nz0.9,100000,9.352239356165425,0,0.0,1.0,0.0,0.0
0,16,swap,snr1,100000,18.34268492104151,0,1.0,0.0,0.0,0.0
0,16,swap,snr2,100000,18.944744912369472,0,1.0,0.0,0.0,0.0
0,16,swap,dir0.75,100000,18.000635630657854,0,0.0,0.00023,0.99977,0.0
0,16,swap,dir0.9,100000,18.55815709228481,0,0.0,8e-05,0.99992,0.0
0,16,swap,nz0.9,100000,1.505149978319906,0,0.0,1.0,0.0,0.0
0,18,loschmidt,snr1,100000,10.539917831217934,0,1.0,0.0,0.0,0.0
0,18,loschmidt,snr2,100000,11.141977822545897,0,1.0,0.0,0.0,0.0
0,18,loschmidt,dir0.75,100000,10.532105387966926,0,0.0,0.9957,0.0,0.0043
0,18,loschmidt,dir0.9,100000,10.856070881486623,0,0.0,0.99164,0.0,0.00836
0,18,loschmidt,nz0.9,100000,10.576078336159016,0,0.0,1.0,0.0,0.0
0,18,swap,snr1,100000,20.78908615347273,0,1.0,0.0,0.0,0.0
0,18,swap,snr2,100000,21.391146144800693,0,1.0,0.0,0.0,0.0
0,18,swap,dir0.75,100000,20.447036862233574,0,0.0,4e-05,0.99996,0.0
0,18,swap,dir0.9,100000,21.004558324479056,0,0.0,1e-05,0.99999,0.0
0,18,swap,nz0.9,100000,1.505149978319906,0,0.0,1.0,0.0,0.0
0,20,loschmidt,snr1,100000,11.724711263500204,0,1.0,0.0,0.0,0.0
0,20,loschmidt,snr2,100000,12.326771254827964,0,1.0,0.0,0.0,0.0
0,20,loschmidt,dir0.75,100000,11.712780585122971,0,0.0,0.99556,0.0,0.00444
0,20,loschmidt,dir0.9,100000,12.039228039207622,0,0.0,0.99201,0.0,0.00799
0,20,loschmidt,nz0.9,100000,11.751805414605515,0,0.0,1.0,0.0,0.0
0,20,swap,snr1,100000,23.14208910861266,0,1.0,0.0,0.0,0.0
0,20,swap,snr2,100000,23.74414909994062,0,1.0,0.0,0.0,0.0
0,20,swap,dir0.75,100000,22.8000398173227,0,0.0,0.0,1.0,0.0
0,20,swap,dir0.9,100000,23.35756127960491,0,0.0,0.0,1.0,0.0
0,20,swap,nz0.9,100000,1.505149978319906,0,0.0,1.0,0.0,0.0
0,22,loschmidt,snr1,100000,12.9386696886604,0,1.0,0.0,0.0,0.0
0,22,loschmidt,snr2,100000,13.540729679988338,0,1.0,0.0,0.0,0.0
0,22,loschmidt,dir0.75,100000,12.938446094973596,0,0.0,0.99548,0.0,0.00452
0,22,loschmidt,dir0.9,100000,13.257829599726875,0,0.0,0.99177,0.0,0.00823
0,22,loschmidt,nz0.9,100000,12.971533427271918,0,0.0,1.0,0.0,0.0
0,22,swap,snr1,100000,25.580130279354282,0,1.0,0.0,0.0,0.0
0,22,swap,snr2,100000,26.182190270682245,0,1.0,0.0,0.0,0.0
0,22,swap,dir0.75,100000,25.238080988060915,0,0.0,0.0,1.0,0.0
0,22,swap,dir0.9,100000,25.79560245034559,0,0.0,0.0,1.0,0.0
0,22,swap,nz0.9,100000,1.505149978319906,0,0.0,1.0,0.0,0.0
0,24,loschmidt,snr1,100000,14.130570512744697,0,1.0,0.0,0.0,0.0
0,24,loschmidt,snr2,100000,14.732630504072656,0,1.0,0.0,0.0,0.0
0,24,loschmidt,dir0.75,100000,14.122172836102212,0,0.0,0.99559,0.0,0.00441
0,24,loschmidt,dir0.9,100000,14.445125447557844,0,0.0,0.99169,0.0,0.00831
0,24,loschmidt,nz0.9,100000,14.158429060885759,0,0.0,1.0,0.0,0.0
0,24,swap,snr1,100000,27.952885820522113,0,1.0,0.0,0.0,0.0
0,24,swap,snr2,100000,28.554945811850075,0,1.0,0.0,0.0,0.0
0,24,swap,dir0.75,100000,27.610836529228546,0,0.0,0.0,1.0,0.0
0,24,swap,dir0.9,100000,28.168357991513368,0,0.0,0.0,1.0,0.0
0,24,swap,nz0.9,100000,1.505149978319906,0,0.0,1.0,0.0,0.0
10000,2,loschmidt,snr1,25000,0.7781512503836436,0,1.0,0.0,0.0,0.0
10000,2,loschmidt,snr2,25000,1.3222192947339193,0,1.0,0.0,0.0,0.0
10000,2,loschmidt,dir0.75,25000,0.8450980400142568,0,0.0,0.99584,0.0,0.00416
10000,2,loschmidt,dir0.9,25000,1.1139433523068367,0,0.0,0.99176,0.0,0.00824
10000,2,loschmidt,nz0.9,25000,1.0,0,0.0,1.0,0.0,0.0
10000,2,swap,snr1,25000,1.5314789170422551,0,1.0,0.0,0.0,0.0
10000,2,swap,snr2,25000,2.130333768495006,0,1.0,0.0,0.0,0.0
10000,2,swap,dir0.75,25000,1.3617278360175928,0,0.0,0.89696,0.10304,0.0
10000,2,swap,dir0.9,25000,1.806179973983887,0,0.0,0.8594,0.1406,0.0
10000,2,swap,nz0.9,25000,1.3010299956639813,0,0.0,1.0,0.0,0.0
10000,4,loschmidt,snr1,25000,2.0644579892269186,0,1.0,0.0,0.0,0.0
10000,4,loschmidt,snr2,25000,2.6646419755561257,0,1.0,0.0,0.0,0.0
10000,4,loschmidt,dir0.75,25000,2.060697840353612,0,0.0,0.99596,0.0,0.00404
10000,4,loschmidt,dir0.9,25000,2.385606273598312,0,0.0,0.9922,0.0,0.0078
10000,4,loschmidt,nz0.9,25000,2.12057393120585,0,0.0,1.0,0.0,0.0
10000,4,swap,snr1,25000,3.8813275841005512,0,1.0,0.0,0.0,0.0
10000,4,swap,snr2,25000,4.483351901142074,0,1.0,0.0,0.0,0.0
10000,4,swap,dir0.75,25000,3.5543680009900878,0,0.0,0.56392,0.43608,0.0
10000,4,swap,dir0.9,25000,4.101010971491272,0,0.0,0.485,0.515,0.0
10000,4,swap,nz0.9,25000,1.505149978319906,0,0.0,1.0,0.0,0.0
10000,6,loschmidt,snr1,25000,3.296994062843902,0,1.0,0.0,0.0,0.0
10000,6,loschmidt,snr2,25000,3.898917054479032,0,1.0,0.0,0.0,0.0
10000,6,loschmidt,dir0.75,25000,3.292477593667784,0,0.0,0.99524,0.0,0.00476
10000,6,loschmidt,dir0.9,25000,3.614158709509175,0,0.0,0.991,0.0,0.009
10000,6,loschmidt,nz0.9,25000,3.3413355739084163,0,0.0,1.0,0.0,0.0
10000,6,swap,snr1,25000,6.322466027324671,0,1.0,0.0,0.0,0.0
10000,6,swap,snr2,25000,6.92452594115218,0,1.0,0.0,0.0,0.0
10000,6,swap,dir0.75,25000,5.9813464899045385,0,0.0,0.25932,0.74068,0.0
10000,6,swap,dir0.9,25000,6.538195960583993,0,0.0,0.19432,0.80568,0.0
10000,6,swap,nz0.9,25000,1.505149978319906,0,0.0,1.0,0.0,0.0
10000,8,loschmidt,snr1,25000,4.5307181962759095,0,1.0,0.0,0.0,0.0
10000,8,loschmidt,snr2,25000,5.132774988651583,0,1.0,0.0,0.0,0.0
10000,8,loschmidt,dir0.75,25000,4.526332200601052,0,0.0,0.9952,0.0,0.0048
10000,8,loschmidt,dir0.9,25000,4.8459471803372285,0,0.0,0.99196,0.0,0.00804
10000,8,loschmidt,nz0.9,25000,4.5692743967442695,0,0.0,1.0,0.0,0.0
10000,8,swap,snr1,25000,8.777515473692073,0,1.0,0.0,0.0,0.0
10000,8,swap,snr2,25000,9.379575464476371,0,1.0,0.0,0.0,0.0
10000,8,swap,dir0.75,25000,8.435521332285841,0,0.0,0.09444,0.90556,0.0
10000,8,swap,dir0.9,25000,8.99300292176303,0,0.0,0.06108,0.93892,0.0
10000,8,swap,nz0.9,25000,1.505149978319906,0,0.0,1.0,0.0,0.0
10000,10,loschmidt,snr1,25000,5.694668363481465,0,1.0,0.0,0.0,0.0
10000,10,loschmidt,snr2,25000,6.296727916177034,0,1.0,0.0,0.0,0.0
10000,10,loschmidt,dir0.75,25000,5.6856423318615,0,0.0,0.99544,0.0,0.00456
10000,10,loschmidt,dir0.9,25000,6.012024135791291,0,0.0,0.99116,0.0,0.00884
10000,10,loschmidt,nz0.9,25000,5.730161348459871,0,0.0,1.0,0.0,0.0
10000,10,swap,snr1,25000,11.09419684324076,0,1.0,0.0,0.0,0.0
10000,10,swap,snr2,25000,11.696256834566972,0,1.0,0.0,0.0,0.0
10000,10,swap,dir0.75,25000,10.752151382373182,0,0.0,0.02664,0.97336,0.0
10000,10,swap,dir0.9,25000,11.309670075260588,0,0.0,0.01404,0.98596,0.0
10000,10,swap,nz0.9,25000,1.505149978319906,0,0.0,1.0,0.0,0.0
10000,12,loschmidt,snr1,25000,6.888654725619978,0,1.0,0.0,0.0,0.0
10000,12,loschmidt,snr2,25000,7.490714702914137,0,1.0,0.0,0.0,0.0
10000,12,loschmidt,dir0.75,25000,6.872454520551376,0,0.0,0.99612,0.0,0.00388
10000,12,loschmidt,dir0.9,25000,7.200503641073061,0,0.0,0.99228,0.0,0.00772
10000,12,loschmidt,nz0.9,25000,6.9187810440336595,0,0.0,1.0,0.0,0.0
10000,12,swap,snr1,25000,13.47224000972097,0,1.0,0.0,0.0,0.0
10000,12,swap,snr2,25000,14.074300001048929,0,1.0,0.0,0.0,0.0
10000,12,swap,dir0.75,25000,13.130190966299939,0,0.0,0.00716,0.99284,0.0
10000,12,swap,dir0.9,25000,13.687712249372737,0,0.0,0.00328,0.99672,0.0
10000,12,swap,nz0.9,25000,1.505149978319906,0,0.0,1.0,0.0,0.0
10000,14,loschmidt,snr1,25000,8.116153430985939,0,1.0,0.0,0.0,0.0
10000,14,loschmidt,snr2,25000,8.718213422313902,0,1.0,0.0,0.0,0.0
10000,14,loschmidt,dir0.75,25000,8.104447564730883,0,0.0,0.99548,0.0,0.00452
10000,14,loschmidt,dir0.9,25000,8.429638552593099,0,0.0,0.99176,0.0,0.00824
10000,14,loschmidt,nz0.9,25000,8.151630164433758,0,0.0,1.0,0.0,0.0
10000,14,swap,snr1,25000,15.936340442693583,0,1.0,0.0,0.0,0.0
10000,14,swap,snr2,25000,16.538400434021547,0,1.0,0.0,0.0,0.0
10000,14,swap,dir0.75,25000,15.59429116592708,0,0.0,0.00124,0.99876,0.0
10000,14,swap,dir0.9,25000,16.15181261770882,0,0.0,0.00036,0.99964,0.0
10000,14,swap,nz0.9,25000,1.505149978319906,0,0.0,1.0,0.0,0.0
10000,16,loschmidt,snr1,25000,9.357491207070371,0,1.0,0.0,0.0,0.0
10000,16,loschmidt,snr2,25000,9.959551198326814,0,1.0,0.0,0.0,0.0
10000,16,loschmidt,dir0.75,25000,9.35356960611905,0,0.0,0.99576,0.0,0.00424
10000,16,loschmidt,dir0.9,25000,9.680847602029619,0,0.0,0.99136,0.0,0.00864
10000,16,loschmidt,nz0.9,25000,9.388565222824028,0,0.0,1.0,0.0,0.0
10000,16,swap,snr1,25000,18.418158823619407,0,1.0,0.0,0.0,0.0
10000,16,swap,snr2,25000,19.02021881494737,0,1.0,0.0,0.0,0.0
10000,16,swap,dir0.75,25000,18.07610953316002,0,0.0,0.00036,0.99964,0.0
10000,16,swap,dir0.9,25000,18.633630994841727,0,0.0,0.00012,0.99988,0.0
10000,16,swap,nz0.9,25000,1.505149978319906,0,0.0,1.0,0.0,0.0
10000,18,loschmidt,snr1,25000,10.584794155124282,0,1.0,0.0,0.0,0.0
10000,18,loschmidt,snr2,25000,11.186854146450834,0,1.0,0.0,0.0,0.0
10000,18,loschmidt,dir0.75,25000,10.583863435557861,0,0.0,0.99616,0.0,0.00384
10000,18,loschmidt,dir0.9,25000,10.904793658808563,0,0.0,0.992,0.0,0.008
10000,18,loschmidt,nz0.9,25000,10.62930689552962,0,0.0,1.0,0.0,0.0
10000,18,swap,snr1,25000,20.898297876605824,0,1.0,0.0,0.0,0.0
10000,18,swap,snr2,25000,21.500357867933786,0,1.0,0.0,0.0,0.0
10000,18,swap,dir0.75,25000,20.556248585360233,0,0.0,0.0,1.0,0.0
10000,18,swap,dir0.9,25000,21.113770047610366,0,0.0,0.0,1.0,0.0
10000,18,swap,nz0.9,25000,1.505149978319906,0,0.0,1.0,0.0,0.0
10000,20,loschmidt,snr1,25000,11.725645057550654,0,1.0,0.0,0.0,0.0
10000,20,loschmidt,snr2,25000,12.327705048878208,0,1.0,0.0,0.0,0.0
10000,20,loschmidt,dir0.75,25000,11.720275557829732,0,0.0,0.9966,0.0,0.0034
10000,20,loschmidt,dir0.9,25000,12.043897441846521,0,0.0,0.9926,0.0,0.0074
10000,20,loschmidt,nz0.9,25000,11.767323159841812,0,0.0,1.0,0.0,0.0
10000,20,swap,snr1,25000,23.161196578133556,0,1.0,0.0,0.0,0.0
10000,20,swap,snr2,25000,23.763256569461518,0,1.0,0.0,0.0,0.0
10000,20,swap,dir0.75,25000,22.819147286843517,0,0.0,0.0,1.0,0.0
10000,20,swap,dir0.9,25000,23.376668749125784,0,0.0,0.0,1.0,0.0
10000,20,swap,nz0.9,25000,1.505149978319906,0,0.0,1.0,0.0,0.0
10000,22,loschmidt,snr1,25000,12.906198894925442,0,1.0,0.0,0.0,0.0
10000,22,loschmidt,snr2,25000,13.508258886253364,0,1.0,0.0,0.0,0.0
10000,22,loschmidt,dir0.75,25000,12.896710599620977,0,0.0,0.9954,0.0,0.0046
10000,22,loschmidt,dir0.9,25000,13.227407002139426,0,0.0,0.99156,0.0,0.00844
10000,22,loschmidt,nz0.9,25000,12.934101120360197,0,0.0,1.0,0.0,0.0
10000,22,swap,snr1,25000,25.51599745641171,0,1.0,0.0,0.0,0.0
10000,22,swap,snr2,25000,26.118057447739673,0,1.0,0.0,0.0,0.0
10000,22,swap,dir0.75,25000,25.17394816511836,0,0.0,0.0,1.0,0.0
10000,22,swap,dir0.9,25000,25.73146962740302,0,0.0,0.0,1.0,0.0
10000,22,swap,nz0.9,25000,1.505149978319906,0,0.0,1.0,0.0,0.0
10000,24,loschmidt,snr1,25000,14.211181564669474,0,1.0,0.0,0.0,0.0
10000,24,loschmidt,snr2,25000,14.813241555997434,0,1.0,0.0,0.0,0.0
10000,24,loschmidt,dir0.75,25000,14.20074128327999,0,0.0,0.99592,0.0,0.00408
10000,24,loschmidt,dir0.9,25000,14.525957358397422,0,0.0,0.99168,0.0,0.00832
10000,24,loschmidt,nz0.9,25000,14.2300276659251,0,0.0,1.0,0.0,0.0
10000,24,swap,snr1,25000,28.104812473128604,0,1.0,0.0,0.0,0.0
10000,24,swap,snr2,25000,28.706872464456566,0,1.0,0.0,0.0,0.0
10000,24,swap,dir0.75,25000,27.762763181835034,0,0.0,0.0,1.0,0.0
10000,24,swap,dir0.9,25000,28.32028464411986,0,0.0,0.0,1.0,0.0
10000,24,swap,nz0.9,25000,1.505149978319906,0,0.0,1.0,0.0,0.0
10001,2,loschmidt,snr1,25000,0.7781512503836436,0,1.0,0.0,0.0,0.0
10001,2,loschmidt,snr2,25000,1.3424226808222062,0,1.0,0.0,0.0,0.0
10001,2,loschmidt,dir0.75,25000,0.8450980400142568,0,0.0,0.99636,0.0,0.00364
10001,2,loschmidt,dir0.9,25000,1.1139433523068367,0,0.0,0.99248,0.0,0.00752
10001,2,loschmidt,nz0.9,25000,1.0,0,0.0,1.0,0.0,0.0
10001,2,swap,snr1,25000,1.5314789170422551,0,1.0,0.0,0.0,0.0
10001,2,swap,snr2,25000,2.128719283429907,0,1.0,0.0,0.0,0.0
10001,2,swap,dir0.75,25000,1.3617278360175928,0,0.0,0.89552,0.10448,0.0
10001,2,swap,dir0.9,25000,1.806179973983887,0,0.0,0.85696,0.14304,0.0
10001,2,swap,nz0.9,25000,1.3010299956639813,0,0.0,1.0,0.0,0.0
10001,4,loschmidt,snr1,25000,2.0718820073061255,0,1.0,0.0,0.0,0.0
10001,4,loschmidt,snr2,25000,2.673941998634088,0,1.0,0.0,0.0,0.0
10001,4,loschmidt,dir0.75,25000,2.0681858617461617,0,0.0,0.99564,0.0,0.00436
10001,4,loschmidt,dir0.9,25000,2.392696953259666,0,0.0,0.99128,0.0,0.00872
10001,4,loschmidt,nz0.9,25000,2.130333768495006,0,0.0,1.0,0.0,0.0
10001,4,swap,snr1,25000,3.894149846767922,0,1.0,0.0,0.0,0.0
10001,4,swap,snr2,25000,4.496182129036269,0,1.0,0.0,0.0,0.0
10001,4,swap,dir0.75,25000,3.5669675106929315,0,0.0,0.56204,0.43796,0.0
10001,4,swap,dir0.9,25000,4.1137801760079675,0,0.0,0.48232,0.51768,0.0
10001,4,swap,nz0.9,25000,1.505149978319906,0,0.0,1.0,0.0,0.0
10001,6,loschmidt,snr1,25000,3.3005954838899636,0,1.0,0.0,0.0,0.0
10001,6,loschmidt,snr2,25000,3.9025196002362974,0,1.0,0.0,0.0,0.0
10001,6,loschmidt,dir0.75,25000,3.301355580889756,0,0.0,0.99536,0.0,0.00464
10001,6,loschmidt,dir0.9,25000,3.6225248129992815,0,0.0,0.9912,0.0,0.0088
10001,6,loschmidt,nz0.9,25000,3.334554259017086,0,0.0,1.0,0.0,0.0
10001,6,swap,snr1,25000,6.317681906679841,0,1.0,0.0,0.0,0.0
10001,6,swap,snr2,25000,6.919741845765289,0,1.0,0.0,0.0,0.0
10001,6,swap,dir0.75,25000,5.9765675372719596,0,0.0,0.26044,0.73956,0.0
10001,6,swap,dir0.9,25000,6.533413304142118,0,0.0,0.1976,0.8024,0.0
10001,6,swap,nz0.9,25000,1.505149978319906,0,0.0,1.0,0.0,0.0
10001,8,loschmidt,snr1,25000,4.512304082488584,0,1.0,0.0,0.0,0.0
10001,8,loschmidt,snr2,25000,5.114360735734551,0,1.0,0.0,0.0,0.0
10001,8,loschmidt,dir0.75,25000,4.500195294292089,0,0.0,0.9954,0.0,0.0046
10001,8,loschmidt,dir0.9,25000,4.828637268976818,0,0.0,0.99172,0.0,0.00828
10001,8,loschmidt,nz0.9,25000,4.542999605973818,0,0.0,1.0,0.0,0.0
10001,8,swap,snr1,25000,8.714777816817536,0,1.0,0.0,0.0,0.0
10001,8,swap,snr2,25000,9.316837807621924,0,1.0,0.0,0.0,0.0
10001,8,swap,dir0.75,25000,8.372787805903538,0,0.0,0.08924,0.91076,0.0
10001,8,swap,dir0.9,25000,8.93026640921676,0,0.0,0.0574,0.9426,0.0
10001,8,swap,nz0.9,25000,1.505149978319906,0,0.0,1.0,0.0,0.0
10001,10,loschmidt,snr1,25000,5.723559508571512,0,1.0,0.0,0.0,0.0
10001,10,loschmidt,snr2,25000,6.325619499899474,0,1.0,0.0,0.0,0.0
10001,10,loschmidt,dir0.75,25000,5.7157096267347995,0,0.0,0.99596,0.0,0.00404
10001,10,loschmidt,dir0.9,25000,6.039340932698231,0,0.0,0.99244,0.0,0.00756
10001,10,loschmidt,nz0.9,25000,5.759202445963166,0,0.0,1.0,0.0,0.0
10001,10,swap,snr1,25000,11.15437506513985,0,1.0,0.0,0.0,0.0
10001,10,swap,snr2,25000,11.756435056466671,0,1.0,0.0,0.0,0.0
10001,10,swap,dir0.75,25000,10.812329347876283,0,0.0,0.02776,0.97224,0.0
10001,10,swap,dir0.9,25000,11.369848226137877,0,0.0,0.015,0.985,0.0
10001,10,swap,nz0.9,25000,1.505149978319906,0,0.0,1.0,0.0,0.0
10001,12,loschmidt,snr1,25000,6.880969510144167,0,1.0,0.0,0.0,0.0
10001,12,loschmidt,snr2,25000,7.483029472910003,0,1.0,0.0,0.0,0.0
10001,12,loschmidt,dir0.75,25000,6.880465540692122,0,0.0,0.99524,0.0,0.00476
10001,12,loschmidt,dir0.9,25000,7.1997298145525965,0,0.0,0.99132,0.0,0.00868
10001,12,loschmidt,nz0.9,25000,6.924801029116759,0,0.0,1.0,0.0,0.0
10001,12,swap,snr1,25000,13.479290744618822,0,1.0,0.0,0.0,0.0
10001,12,swap,snr2,25000,14.081350735946778,0,1.0,0.0,0.0,0.0
10001,12,swap,dir0.75,25000,13.13724169919389,0,0.0,0.0068,0.9932,0.0
10001,12,swap,dir0.9,25000,13.694762983715506,0,0.0,0.00312,0.99688,0.0
10001,12,swap,nz0.9,25000,1.505149978319906,0,0.0,1.0,0.0,0.0
10001,14,loschmidt,snr1,25000,8.13159560484167,0,1.0,0.0,0.0,0.0
10001,14,loschmidt,snr2,25000,8.733655596169633,0,1.0,0.0,0.0,0.0
10001,14,loschmidt,dir0.75,25000,8.122064173112067,0,0.0,0.99604,0.0,0.00396
10001,14,loschmidt,dir0.9,25000,8.4458091779644,0,0.0,0.99172,0.0,0.00828
10001,14,loschmidt,nz0.9,25000,8.15896023758074,0,0.0,1.0,0.0,0.0
10001,14,swap,snr1,25000,15.964231102345089,0,1.0,0.0,0.0,0.0
10001,14,swap,snr2,25000,16.56629109367305,0,1.0,0.0,0.0,0.0
10001,14,swap,dir0.75,25000,15.62218182511953,0,0.0,0.00156,0.99844,0.0
10001,14,swap,dir0.9,25000,16.179703277233166,0,0.0,0.00084,0.99916,0.0
10001,14,swap,nz0.9,25000,1.505149978319906,0,0.0,1.0,0.0,0.0
10001,16,loschmidt,snr1,25000,9.342901888979322,0,1.0,0.0,0.0,0.0
10001,16,loschmidt,snr2,25000,9.944961880282584,0,1.0,0.0,0.0,0.0
10001,16,loschmidt,dir0.75,25000,9.33325684022353,0,0.0,0.99608,0.0,0.00392
10001,16,loschmidt,dir0.9,25000,9.65986305267759,0,0.0,0.99228,0.0,0.00772
10001,16,loschmidt,nz0.9,25000,9.37200915102235,0,0.0,1.0,0.0,0.0
10001,16,swap,snr1,25000,18.381624164512033,0,1.0,0.0,0.0,0.0
10001,16,swap,snr2,25000,18.983684155839995,0,1.0,0.0,0.0,0.0
10001,16,swap,dir0.75,25000,18.039574874088487,0,0.0,0.00012,0.99988,0.0
10001,16,swap,dir0.9,25000,18.597096335744283,0,0.0,0.0,1.0,0.0
10001,16,swap,nz0.9,25000,1.505149978319906,0,0.0,1.0,0.0,0.0
10001,18,loschmidt,snr1,25000,10.49767659181099,0,1.0,0.0,0.0,0.0
10001,18,loschmidt,snr2,25000,11.099736583132048,0,1.0,0.0,0.0,0.0
10001,18,loschmidt,dir0.75,25000,10.487341367000104,0,0.0,0.99536,0.0,0.00464
10001,18,loschmidt,dir0.9,25000,10.812277856048361,0,0.0,0.99164,0.0,0.00836
10001,18,loschmidt,nz0.9,25000,10.52380404289255,0,0.0,1.0,0.0,0.0
10001,18,swap,snr1,25000,20.68680873946415,0,1.0,0.0,0.0,0.0
10001,18,swap,snr2,25000,21.288868730792114,0,1.0,0.0,0.0,0.0
10001,18,swap,dir0.75,25000,20.344759448231795,0,0.0,4e-05,0.99996,0.0
10001,18,swap,dir0.9,25000,20.902280910472356,0,0.0,0.0,1.0,0.0
10001,18,swap,nz0.9,25000,1.505149978319906,0,0.0,1.0,0.0,0.0
10001,20,loschmidt,snr1,25000,11.72339284243277,0,1.0,0.0,0.0,0.0
10001,20,loschmidt,snr2,25000,12.325452833760423,0,1.0,0.0,0.0,0.0
10001,20,loschmidt,dir0.75,25000,11.714016577901912,0,0.0,0.99576,0.0,0.00424
10001,20,loschmidt,dir0.9,25000,12.038514332858814,0,0.0,0.99232,0.0,0.00768
10001,20,loschmidt,nz0.9,25000,11.744833891757086,0,0.0,1.0,0.0,0.0
10001,20,swap,snr1,25000,23.119037833271605,0,1.0,0.0,0.0,0.0
10001,20,swap,snr2,25000,23.721097824599568,0,1.0,0.0,0.0,0.0
10001,20,swap,dir0.75,25000,22.77698854198174,0,0.0,0.0,1.0,0.0
10001,20,swap,dir0.9,25000,23.334510004263883,0,0.0,0.0,1.0,0.0
10001,20,swap,nz0.9,25000,1.505149978319906,0,0.0,1.0,0.0,0.0
10001,22,loschmidt,snr1,25000,12.930806749098341,0,1.0,0.0,0.0,0.0
10001,22,loschmidt,snr2,25000,13.532866740426284,0,1.0,0.0,0.0,0.0
10001,22,loschmidt,dir0.75,25000,12.935918817352452,0,0.0,0.99612,0.0,0.00388
10001,22,loschmidt,dir0.9,25000,13.249737879129452,0,0.0,0.99252,0.0,0.00748
10001,22,loschmidt,nz0.9,25000,12.973892599528902,0,0.0,1.0,0.0,0.0
10001,22,swap,snr1,25000,25.57905290628775,0,1.0,0.0,0.0,0.0
10001,22,swap,snr2,25000,26.181112897615712,0,1.0,0.0,0.0,0.0
10001,22,swap,dir0.75,25000,25.237003614994386,0,0.0,0.0,1.0,0.0
10001,22,swap,dir0.9,25000,25.794525077279058,0,0.0,0.0,1.0,0.0
10001,22,swap,nz0.9,25000,1.505149978319906,0,0.0,1.0,0.0,0.0
10001,24,loschmidt,snr1,25000,14.124518870801333,0,1.0,0.0,0.0,0.0
10001,24,loschmidt,snr2,25000,14.726578862129294,0,1.0,0.0,0.0,0.0
10001,24,loschmidt,dir0.75,25000,14.118499824109097,0,0.0,0.99556,0.0,0.00444
10001,24,loschmidt,dir0.9,25000,14.438347593408482,0,0.0,0.99132,0.0,0.00868
10001,24,loschmidt,nz0.9,25000,14.167146197503637,0,0.0,1.0,0.0,0.0
10001,24,swap,snr1,25000,27.942951183626313,0,1.0,0.0,0.0,0.0
10001,24,swap,snr2,25000,28.545011174954276,0,1.0,0.0,0.0,0.0
10001,24,swap,dir0.75,25000,27.600901892332743,0,0.0,0.0,1.0,0.0
10001,24,swap,dir0.9,25000,28.158423354617568,0,0.0,0.0,1.0,0.0
10001,24,swap,nz0.9,25000,1.505149978319906,0,0.0,1.0,0.0,0.0
10002,2,loschmidt,snr1,25000,0.7781512503836436,0,1.0,0.0,0.0,0.0
10002,2,loschmidt,snr2,25000,1.3424226808222062,0,1.0,0.0,0.0,0.0
10002,2,loschmidt,dir0.75,25000,0.8450980400142568,0,0.0,0.99564,0.0,0.00436
10002,2,loschmidt,dir0.9,25000,1.1139433523068367,0,0.0,0.992,0.0,0.008
10002,2,loschmidt,nz0.9,25000,1.0,0,0.0,1.0,0.0,0.0
10002,2,swap,snr1,25000,1.5314789170422551,0,1.0,0.0,0.0,0.0
10002,2,swap,snr2,25000,2.130333768495006,0,1.0,0.0,0.0,0.0
10002,2,swap,dir0.75,25000,1.380211241711606,0,0.0,0.89608,0.10392,0.0
10002,2,swap,dir0.9,25000,1.806179973983887,0,0.0,0.8576,0.1424,0.0
10002,2,swap,nz0.9,25000,1.3010299956639813,0,0.0,1.0,0.0,0.0
10002,4,loschmidt,snr1,25000,2.0863598306747484,0,1.0,0.0,0.0,0.0
10002,4,loschmidt,snr2,25000,2.6884198220027105,0,1.0,0.0,0.0,0.0
10002,4,loschmidt,dir0.75,25000,2.089905111439398,0,0.0,0.99512,0.0,0.00488
10002,4,loschmidt,dir0.9,25000,2.412459735022241,0,0.0,0.9916,0.0,0.0084
10002,4,loschmidt,nz0.9,25000,2.1492191126553797,0,0.0,1.0,0.0,0.0
10002,4,swap,snr1,25000,3.9352552817840474,0,1.0,0.0,0.0,0.0
10002,4,swap,snr2,25000,4.53729636800229,0,1.0,0.0,0.0,0.0
10002,4,swap,dir0.75,25000,3.607401399991541,0,0.0,0.55868,0.44132,0.0
10002,4,swap,dir0.9,25000,4.154706391349439,0,0.0,0.4768,0.5232,0.0
10002,4,swap,nz0.9,25000,1.505149978319906,0,0.0,1.0,0.0,0.0
10002,6,loschmidt,snr1,25000,3.3081373786380386,0,1.0,0.0,0.0,0.0
10002,6,loschmidt,snr2,25000,3.910197369966001,0,1.0,0.0,0.0,0.0
10002,6,loschmidt,dir0.75,25000,3.3012470886362113,0,0.0,0.99556,0.0,0.00444
10002,6,loschmidt,dir0.9,25000,3.6238176096866006,0,0.0,0.99184,0.0,0.00816
10002,6,loschmidt,nz0.9,25000,3.358410775786216,0,0.0,1.0,0.0,0.0
10002,6,swap,snr1,25000,6.340740680151512,0,1.0,0.0,0.0,0.0
10002,6,swap,snr2,25000,6.942800572398083,0,1.0,0.0,0.0,0.0
10002,6,swap,dir0.75,25000,5.999601813866523,0,0.0,0.25644,0.74356,0.0
10002,6,swap,dir0.9,25000,6.556465246800417,0,0.0,0.19116,0.80884,0.0
10002,6,swap,nz0.9,25000,1.505149978319906,0,0.0,1.0,0.0,0.0
10002,8,loschmidt,snr1,25000,4.518606046005182,0,1.0,0.0,0.0,0.0
10002,8,loschmidt,snr2,25000,5.1206578140209915,0,1.0,0.0,0.0,0.0
10002,8,loschmidt,dir0.75,25000,4.511863293487955,0,0.0,0.99548,0.0,0.00452
10002,8,loschmidt,dir0.9,25000,4.836593092284056,0,0.0,0.9916,0.0,0.0084
10002,8,loschmidt,nz0.9,25000,4.564943998061185,0,0.0,1.0,0.0,0.0
10002,8,swap,snr1,25000,8.765807645517281,0,1.0,0.0,0.0,0.0
10002,8,swap,snr2,25000,9.36786763647286,0,1.0,0.0,0.0,0.0
10002,8,swap,dir0.75,25000,8.42381425260872,0,0.0,0.0904,0.9096,0.0
10002,8,swap,dir0.9,25000,8.981295301063248,0,0.0,0.06016,0.93984,0.0
10002,8,swap,nz0.9,25000,1.505149978319906,0,0.0,1.0,0.0,0.0
10002,10,loschmidt,snr1,25000,5.720521401467146,0,1.0,0.0,0.0,0.0
10002,10,loschmidt,snr2,25000,6.322581289416446,0,1.0,0.0,0.0,0.0
10002,10,loschmidt,dir0.75,25000,5.718561874524722,0,0.0,0.99552,0.0,0.00448
10002,10,loschmidt,dir0.9,25000,6.040296679447948,0,0.0,0.99164,0.0,0.00836
10002,10,loschmidt,nz0.9,25000,5.771182601271473,0,0.0,1.0,0.0,0.0
10002,10,swap,snr1,25000,11.171779643203738,0,1.0,0.0,0.0,0.0
10002,10,swap,snr2,25000,11.773839634530603,0,1.0,0.0,0.0,0.0
10002,10,swap,dir0.75,25000,10.829733855037784,0,0.0,0.02756,0.97244,0.0
10002,10,swap,dir0.9,25000,11.387252784561671,0,0.0,0.01512,0.98488,0.0
10002,10,swap,nz0.9,25000,1.505149978319906,0,0.0,1.0,0.0,0.0
10002,12,loschmidt,snr1,25000,6.903275463877145,0,1.0,0.0,0.0,0.0
10002,12,loschmidt,snr2,25000,7.50533542807058,0,1.0,0.0,0.0,0.0
10002,12,loschmidt,dir0.75,25000,6.8945248377486745,0,0.0,0.99576,0.0,0.00424
10002,12,loschmidt,dir0.9,25000,7.217136529231704,0,0.0,0.99156,0.0,0.00844
10002,12,loschmidt,nz0.9,25000,6.950483180602351,0,0.0,1.0,0.0,0.0
10002,12,swap,snr1,25000,13.539232668431852,0,1.0,0.0,0.0,0.0
10002,12,swap,snr2,25000,14.141292659759813,0,1.0,0.0,0.0,0.0
10002,12,swap,dir0.75,25000,13.197183606611528,0,0.0,0.0062,0.9938,0.0
10002,12,swap,dir0.9,25000,13.754704902987026,0,0.0,0.00284,0.99716,0.0
10002,12,swap,nz0.9,25000,1.505149978319906,0,0.0,1.0,0.0,0.0
10002,14,loschmidt,snr1,25000,8.04740012004275,0,1.0,0.0,0.0,0.0
10002,14,loschmidt,snr2,25000,8.649460108936747,0,1.0,0.0,0.0,0.0
10002,14,loschmidt,dir0.75,25000,8.037449790922174,0,0.0,0.9962,0.0,0.0038
10002,14,loschmidt,dir0.9,25000,8.363043459909095,0,0.0,0.9924,0.0,0.0076
10002,14,loschmidt,nz0.9,25000,8.088857623012954,0,0.0,1.0,0.0,0.0
10002,14,swap,snr1,25000,15.822526750240257,0,1.0,0.0,0.0,0.0
10002,14,swap,snr2,25000,16.42458674156822,0,1.0,0.0,0.0,0.0
10002,14,swap,dir0.75,25000,15.480477475507623,0,0.0,0.0012,0.9988,0.0
10002,14,swap,dir0.9,25000,16.037998925818876,0,0.0,0.00044,0.99956,0.0
10002,14,swap,nz0.9,25000,1.505149978319906,0,0.0,1.0,0.0,0.0
10002,16,loschmidt,snr1,25000,9.352051546799432,0,1.0,0.0,0.0,0.0
10002,16,loschmidt,snr2,25000,9.954111538030855,0,1.0,0.0,0.0,0.0
10002,16,loschmidt,dir0.75,25000,9.337535505534092,0,0.0,0.9952,0.0,0.0048
10002,16,loschmidt,dir0.9,25000,9.662752384458145,0,0.0,0.99084,0.0,0.00916
10002,16,loschmidt,nz0.9,25000,9.357123246795894,0,0.0,1.0,0.0,0.0
10002,16,swap,snr1,25000,18.354518966805266,0,1.0,0.0,0.0,0.0
10002,16,swap,snr2,25000,18.95657895813323,0,1.0,0.0,0.0,0.0
10002,16,swap,dir0.75,25000,18.012469676409296,0,0.0,0.00024,0.99976,0.0
10002,16,swap,dir0.9,25000,18.569991138045154,0,0.0,0.00016,0.99984,0.0
10002,16,swap,nz0.9,25000,1.505149978319906,0,0.0,1.0,0.0,0.0
10002,18,loschmidt,snr1,25000,10.522601449562575,0,1.0,0.0,0.0,0.0
10002,18,loschmidt,snr2,25000,11.12466144088891,0,1.0,0.0,0.0,0.0
10002,18,loschmidt,dir0.75,25000,10.525497333707655,0,0.0,0.9946,0.0,0.0054
10002,18,loschmidt,dir0.9,25000,10.842175480872704,0,0.0,0.99048,0.0,0.00952
10002,18,loschmidt,nz0.9,25000,10.550307569536358,0,0.0,1.0,0.0,0.0
10002,18,swap,snr1,25000,20.759845498735736,0,1.0,0.0,0.0,0.0
10002,18,swap,snr2,25000,21.361905490063698,0,1.0,0.0,0.0,0.0
10002,18,swap,dir0.75,25000,20.41779620749844,0,0.0,8e-05,0.99992,0.0
10002,18,swap,dir0.9,25000,20.975317669742573,0,0.0,4e-05,0.99996,0.0
10002,18,swap,nz0.9,25000,1.505149978319906,0,0.0,1.0,0.0,0.0
10002,20,loschmidt,snr1,25000,11.745562203810822,0,1.0,0.0,0.0,0.0
10002,20,loschmidt,snr2,25000,12.34762219513859,0,1.0,0.0,0.0,0.0
10002,20,loschmidt,dir0.75,25000,11.734459583774314,0,0.0,0.99548,0.0,0.00452
10002,20,loschmidt,dir0.9,25000,12.059589511492039,0,0.0,0.99144,0.0,0.00856
10002,20,loschmidt,nz0.9,25000,11.76293997439474,0,0.0,1.0,0.0,0.0
10002,20,swap,snr1,25000,23.15523389155962,0,1.0,0.0,0.0,0.0
10002,20,swap,snr2,25000,23.757293882887584,0,1.0,0.0,0.0,0.0
10002,20,swap,dir0.75,25000,22.813184600269608,0,0.0,0.0,1.0,0.0
10002,20,swap,dir0.9,25000,23.370706062551857,0,0.0,0.0,1.0,0.0
10002,20,swap,nz0.9,25000,1.505149978319906,0,0.0,1.0,0.0,0.0
10002,22,loschmidt,snr1,25000,12.912627167139576,0,1.0,0.0,0.0,0.0
10002,22,loschmidt,snr2,25000,13.51468715846751,0,1.0,0.0,0.0,0.0
10002,22,loschmidt,dir0.75,25000,12.893382138625771,0,0.0,0.99588,0.0,0.00412
10002,22,loschmidt,dir0.9,25000,13.224345781494218,0,0.0,0.99184,0.0,0.00816
10002,22,loschmidt,nz0.9,25000,12.94340205348453,0,0.0,1.0,0.0,0.0
10002,22,swap,snr1,25000,25.505899721813254,0,1.0,0.0,0.0,0.0
10002,22,swap,snr2,25000,26.107959713141216,0,1.0,0.0,0.0,0.0
10002,22,swap,dir0.75,25000,25.163850430519908,0,0.0,0.0,1.0,0.0
10002,22,swap,dir0.9,25000,25.72137189280457,0,0.0,0.0,1.0,0.0
10002,22,swap,nz0.9,25000,1.505149978319906,0,0.0,1.0,0.0,0.0
10002,24,loschmidt,snr1,25000,14.146369930450213,0,1.0,0.0,0.0,0.0
10002,24,loschmidt,snr2,25000,14.748429921778174,0,1.0,0.0,0.0,0.0
10002,24,loschmidt,dir0.75,25000,14.143613254562757,0,0.0,0.99536,0.0,0.00464
10002,24,loschmidt,dir0.9,25000,14.463786263714915,0,0.0,0.99128,0.0,0.00872
10002,24,loschmidt,nz0.9,25000,14.176511955903948,0,0.0,1.0,0.0,0.0
10002,24,swap,snr1,25000,28.002099654007175,0,1.0,0.0,0.0,0.0
10002,24,swap,snr2,25000,28.604159645335137,0,1.0,0.0,0.0,0.0
10002,24,swap,dir0.75,25000,27.66005036271361,0,0.0,0.0,1.0,0.0
10002,24,swap,dir0.9,25000,28.21757182499843,0,0.0,0.0,1.0,0.0
10002,24,swap,nz0.9,25000,1.505149978319906,0,0.0,1.0,0.0,0.0
10003,2,loschmidt,snr1,25000,0.7781512503836436,0,1.0,0.0,0.0,0.0
10003,2,loschmidt,snr2,25000,1.3424226808222062,0,1.0,0.0,0.0,0.0
10003,2,loschmidt,dir0.75,25000,0.8450980400142568,0,0.0,0.9954,0.0,0.0046
10003,2,loschmidt,dir0.9,25000,1.1139433523068367,0,0.0,0.99176,0.0,0.00824
10003,2,loschmidt,nz0.9,25000,1.0,0,0.0,1.0,0.0,0.0
10003,2,swap,snr1,25000,1.5440680443502757,0,1.0,0.0,0.0,0.0
10003,2,swap,snr2,25000,2.146128035678238,0,1.0,0.0,0.0,0.0
10003,2,swap,dir0.75,25000,1.380211241711606,0,0.0,0.89488,0.10512,0.0
10003,2,swap,dir0.9,25000,1.8195439355418688,0,0.0,0.85664,0.14336,0.0
10003,2,swap,nz0.9,25000,1.3010299956639813,0,0.0,1.0,0.0,0.0
10003,4,loschmidt,snr1,25000,2.0863598306747484,0,1.0,0.0,0.0,0.0
10003,4,loschmidt,snr2,25000,2.6857417386022635,0,1.0,0.0,0.0,0.0
10003,4,loschmidt,dir0.75,25000,2.0827853703164503,0,0.0,0.99564,0.0,0.00436
10003,4,loschmidt,dir0.9,25000,2.403120521175818,0,0.0,0.99236,0.0,0.00764
10003,4,loschmidt,nz0.9,25000,2.1398790864012365,0,0.0,1.0,0.0,0.0
10003,4,swap,snr1,25000,3.9287797684488237,0,1.0,0.0,0.0,0.0
10003,4,swap,snr2,25000,4.530826963451554,0,1.0,0.0,0.0,0.0
10003,4,swap,dir0.75,25000,3.6010272844625866,0,0.0,0.56036,0.43964,0.0
10003,4,swap,dir0.9,25000,4.1482606133526065,0,0.0,0.47748,0.52252,0.0
10003,4,swap,nz0.9,25000,1.505149978319906,0,0.0,1.0,0.0,0.0
10003,6,loschmidt,snr1,25000,3.2860070639039742,0,1.0,0.0,0.0,0.0
10003,6,loschmidt,snr2,25000,3.887898429876178,0,1.0,0.0,0.0,0.0
10003,6,loschmidt,dir0.75,25000,3.2825086905696432,0,0.0,0.9956,0.0,0.0044
10003,6,loschmidt,dir0.9,25000,3.6023855765537367,0,0.0,0.992,0.0,0.008
10003,6,loschmidt,nz0.9,25000,3.3306166199225142,0,0.0,1.0,0.0,0.0
10003,6,swap,snr1,25000,6.301281870421683,0,1.0,0.0,0.0,0.0
10003,6,swap,snr2,25000,6.90334178029673,0,1.0,0.0,0.0,0.0
10003,6,swap,dir0.75,25000,5.960185238325914,0,0.0,0.26092,0.73908,0.0
10003,6,swap,dir0.9,25000,6.5170181528659485,0,0.0,0.1958,0.8042,0.0
10003,6,swap,nz0.9,25000,1.505149978319906,0,0.0,1.0,0.0,0.0
10003,8,loschmidt,snr1,25000,4.498027821252045,0,1.0,0.0,0.0,0.0
10003,8,loschmidt,snr2,25000,5.100084364019386,0,1.0,0.0,0.0,0.0
10003,8,loschmidt,dir0.75,25000,4.488557741442496,0,0.0,0.99524,0.0,0.00476
10003,8,loschmidt,dir0.9,25000,4.81492314934053,0,0.0,0.9912,0.0,0.0088
10003,8,loschmidt,nz0.9,25000,4.5400540357635455,0,0.0,1.0,0.0,0.0
10003,8,swap,snr1,25000,8.713605001348771,0,1.0,0.0,0.0,0.0
10003,8,swap,snr2,25000,9.315664992361665,0,1.0,0.0,0.0,0.0
10003,8,swap,dir0.75,25000,8.371615070692151,0,0.0,0.0916,0.9084,0.0
10003,8,swap,dir0.9,25000,8.929093616108078,0,0.0,0.05876,0.94124,0.0
10003,8,swap,nz0.9,25000,1.505149978319906,0,0.0,1.0,0.0,0.0
10003,10,loschmidt,snr1,25000,5.719322046622226,0,1.0,0.0,0.0,0.0
10003,10,loschmidt,snr2,25000,6.321382037950189,0,1.0,0.0,0.0,0.0
10003,10,loschmidt,dir0.75,25000,5.707923002568883,0,0.0,0.99504,0.0,0.00496
10003,10,loschmidt,dir0.9,25000,6.036946892225169,0,0.0,0.99068,0.0,0.00932
10003,10,loschmidt,nz0.9,25000,5.73210449359291,0,0.0,1.0,0.0,0.0
10003,10,swap,snr1,25000,11.126736462665384,0,1.0,0.0,0.0,0.0
10003,10,swap,snr2,25000,11.728796453992537,0,1.0,0.0,0.0,0.0
10003,10,swap,dir0.75,25000,10.78469086095636,0,0.0,0.0272,0.9728,0.0
10003,10,swap,dir0.9,25000,11.342209655672495,0,0.0,0.01472,0.98528,0.0
10003,10,swap,nz0.9,25000,1.505149978319906,0,0.0,1.0,0.0,0.0
10003,12,loschmidt,snr1,25000,6.864171708211806,0,1.0,0.0,0.0,0.0
10003,12,loschmidt,snr2,25000,7.46623165500759,0,1.0,0.0,0.0,0.0
10003,12,loschmidt,dir0.75,25000,6.851944326442658,0,0.0,0.99544,0.0,0.00456
10003,12,loschmidt,dir0.9,25000,7.179466553284258,0,0.0,0.99264,0.0,0.00736
10003,12,loschmidt,nz0.9,25000,6.895272091498729,0,0.0,1.0,0.0,0.0
10003,12,swap,snr1,25000,13.425589636309914,0,1.0,0.0,0.0,0.0
10003,12,swap,snr2,25000,14.027649627637869,0,1.0,0.0,0.0,0.0
10003,12,swap,dir0.75,25000,13.083540606565634,0,0.0,0.00676,0.99324,0.0
10003,12,swap,dir0.9,25000,13.641061879750131,0,0.0,0.00328,0.99672,0.0
10003,12,swap,nz0.9,25000,1.505149978319906,0,0.0,1.0,0.0,0.0
10003,14,loschmidt,snr1,25000,8.099820557472706,0,1.0,0.0,0.0,0.0
10003,14,loschmidt,snr2,25000,8.70188054664329,0,1.0,0.0,0.0,0.0
10003,14,loschmidt,dir0.75,25000,8.092019751710994,0,0.0,0.99568,0.0,0.00432
10003,14,loschmidt,dir0.9,25000,8.415840989671498,0,0.0,0.99164,0.0,0.00836
10003,14,loschmidt,nz0.9,25000,8.141120551129912,0,0.0,1.0,0.0,0.0
10003,14,swap,snr1,25000,15.913798680216548,0,1.0,0.0,0.0,0.0
10003,14,swap,snr2,25000,16.515858671544507,0,1.0,0.0,0.0,0.0
10003,14,swap,dir0.75,25000,15.571749403831989,0,0.0,0.00108,0.99892,0.0
10003,14,swap,dir0.9,25000,16.129270855337584,0,0.0,0.0006,0.9994,0.0
10003,14,swap,nz0.9,25000,1.505149978319906,0,0.0,1.0,0.0,0.0
10003,16,loschmidt,snr1,25000,9.316758403398536,0,1.0,0.0,0.0,0.0
10003,16,loschmidt,snr2,25000,9.918818394674144,0,1.0,0.0,0.0,0.0
10003,16,loschmidt,dir0.75,25000,9.309781101273774,0,0.0,0.99632,0.0,0.00368
10003,16,loschmidt,dir0.9,25000,9.630469809368762,0,0.0,0.9926,0.0,0.0074
10003,16,loschmidt,nz0.9,25000,9.352566384386291,0,0.0,1.0,0.0,0.0
10003,16,swap,snr1,25000,18.332216852672847,0,1.0,0.0,0.0,0.0
10003,16,swap,snr2,25000,18.93427684400081,0,1.0,0.0,0.0,0.0
10003,16,swap,dir0.75,25000,17.990167562300222,0,0.0,0.00028,0.99972,0.0
10003,16,swap,dir0.9,25000,18.547689023919197,0,0.0,0.00016,0.99984,0.0
10003,16,swap,nz0.9,25000,1.505149978319906,0,0.0,1.0,0.0,0.0
10003,18,loschmidt,snr1,25000,10.499282722540132,0,1.0,0.0,0.0,0.0
10003,18,loschmidt,snr2,25000,11.101342713859495,0,1.0,0.0,0.0,0.0
10003,18,loschmidt,dir0.75,25000,10.498549756717223,0,0.0,0.99572,0.0,0.00428
10003,18,loschmidt,dir0.9,25000,10.821211420958164,0,0.0,0.99204,0.0,0.00796
10003,18,loschmidt,nz0.9,25000,10.545537312411717,0,0.0,1.0,0.0,0.0
10003,18,swap,snr1,25000,20.733278119501104,0,1.0,0.0,0.0,0.0
10003,18,swap,snr2,25000,21.335338110829067,0,1.0,0.0,0.0,0.0
10003,18,swap,dir0.75,25000,20.391228828265557,0,0.0,4e-05,0.99996,0.0
10003,18,swap,dir0.9,25000,20.94875029050843,0,0.0,4e-05,0.99996,0.0
10003,18,swap,nz0.9,25000,1.505149978319906,0,0.0,1.0,0.0,0.0
10003,20,loschmidt,snr1,25000,11.785412251838046,0,1.0,0.0,0.0,0.0
10003,20,loschmidt,snr2,25000,12.387472243165742,0,1.0,0.0,0.0,0.0
10003,20,loschmidt,dir0.75,25000,11.765829029498288,0,0.0,0.99592,0.0,0.00408
10003,20,loschmidt,dir0.9,25000,12.095657723969817,0,0.0,0.9916,0.0,0.0084
10003,20,loschmidt,nz0.9,25000,11.815503928495632,0,0.0,1.0,0.0,0.0
10003,20,swap,snr1,25000,23.257119917378095,0,1.0,0.0,0.0,0.0
10003,20,swap,snr2,25000,23.859179908706057,0,1.0,0.0,0.0,0.0
10003,20,swap,dir0.75,25000,22.915070626087687,0,0.0,0.0,1.0,0.0
10003,20,swap,dir0.9,25000,23.47259208837022,0,0.0,0.0,1.0,0.0
10003,20,swap,nz0.9,25000,1.505149978319906,0,0.0,1.0,0.0,0.0
10003,22,loschmidt,snr1,25000,12.960670905440757,0,1.0,0.0,0.0,0.0
10003,22,loschmidt,snr2,25000,13.562730896768704,0,1.0,0.0,0.0,0.0
10003,22,loschmidt,dir0.75,25000,12.941064524497676,0,0.0,0.99588,0.0,0.00412
10003,22,loschmidt,dir0.9,25000,13.276377520408921,0,0.0,0.99152,0.0,0.00848
10003,22,loschmidt,nz0.9,25000,12.987373834828876,0,0.0,1.0,0.0,0.0
10003,22,swap,snr1,25000,25.613043630538385,0,1.0,0.0,0.0,0.0
10003,22,swap,snr2,25000,26.215103621866348,0,1.0,0.0,0.0,0.0
10003,22,swap,dir0.75,25000,25.270994339245007,0,0.0,0.0,1.0,0.0
10003,22,swap,dir0.9,25000,25.82851580152969,0,0.0,0.0,1.0,0.0
10003,22,swap,nz0.9,25000,1.505149978319906,0,0.0,1.0,0.0,0.0
10003,24,loschmidt,snr1,25000,14.144805167152079,0,1.0,0.0,0.0,0.0
10003,24,loschmidt,snr2,25000,14.746865158480038,0,1.0,0.0,0.0,0.0
10003,24,loschmidt,dir0.75,25000,14.141020284479962,0,0.0,0.99604,0.0,0.00396
10003,24,loschmidt,dir0.9,25000,14.4648685544512,0,0.0,0.99268,0.0,0.00732
10003,24,loschmidt,nz0.9,25000,14.175203379263099,0,0.0,1.0,0.0,0.0
10003,24,swap,snr1,25000,27.9751571225018,0,1.0,0.0,0.0,0.0
10003,24,swap,snr2,25000,28.57721711382976,0,1.0,0.0,0.0,0.0
10003,24,swap,dir0.75,25000,27.63310783120823,0,0.0,0.0,1.0,0.0
10003,24,swap,dir0.9,25000,28.190629293493053,0,0.0,0.0,1.0,0.0
10003,24,swap,nz0.9,25000,1.505149978319906,0,0.0,1.0,0.0,0.0
10004,2,loschmidt,snr1,25000,0.7781512503836436,0,1.0,0.0,0.0,0.0
10004,2,loschmidt,snr2,25000,1.3222192947339193,0,1.0,0.0,0.0,0.0
10004,2,loschmidt,dir0.75,25000,0.8450980400142568,0,0.0,0.99588,0.0,0.00412
10004,2,loschmidt,dir0.9,25000,1.1139433523068367,0,0.0,0.99208,0.0,0.00792
10004,2,loschmidt,nz0.9,25000,1.0,0,0.0,1.0,0.0,0.0
10004,2,swap,snr1,25000,1.5314789170422551,0,1.0,0.0,0.0,0.0
10004,2,swap,snr2,25000,2.1271047983648077,0,1.0,0.0,0.0,0.0
10004,2,swap,dir0.75,25000,1.3617278360175928,0,0.0,0.89736,0.10264,0.0
10004,2,swap,dir0.9,25000,1.806179973983887,0,0.0,0.85952,0.14048,0.0
10004,2,swap,nz0.9,25000,1.3010299956639813,0,0.0,1.0,0.0,0.0
10004,4,loschmidt,snr1,25000,2.0644579892269186,0,1.0,0.0,0.0,0.0
10004,4,loschmidt,snr2,25000,2.6665179805548807,0,1.0,0.0,0.0,0.0
10004,4,loschmidt,dir0.75,25000,2.060697840353612,0,0.0,0.99612,0.0,0.00388
10004,4,loschmidt,dir0.9,25000,2.383815365980431,0,0.0,0.99192,0.0,0.00808
10004,4,loschmidt,nz0.9,25000,2.1335389083702174,0,0.0,1.0,0.0,0.0
10004,4,swap,snr1,25000,3.8958919412640975,0,1.0,0.0,0.0,0.0
10004,4,swap,snr2,25000,4.497931237777398,0,1.0,0.0,0.0,0.0
10004,4,swap,dir0.75,25000,3.569022570227669,0,0.0,0.56396,0.43604,0.0
10004,4,swap,dir0.9,25000,4.1156492271058,0,0.0,0.48208,0.51792,0.0
10004,4,swap,nz0.9,25000,1.505149978319906,0,0.0,1.0,0.0,0.0
10004,6,loschmidt,snr1,25000,3.2907022432878543,0,1.0,0.0,0.0,0.0
10004,6,loschmidt,snr2,25000,3.892678835841483,0,1.0,0.0,0.0,0.0
10004,6,loschmidt,dir0.75,25000,3.289700395830109,0,0.0,0.99556,0.0,0.00444
10004,6,loschmidt,dir0.9,25000,3.608419038137261,0,0.0,0.99168,0.0,0.00832
10004,6,loschmidt,nz0.9,25000,3.3418300569205104,0,0.0,1.0,0.0,0.0
10004,6,swap,snr1,25000,6.312866452842732,0,1.0,0.0,0.0,0.0
10004,6,swap,snr2,25000,6.914926417757803,0,1.0,0.0,0.0,0.0
10004,6,swap,dir0.75,25000,5.971757291581449,0,0.0,0.26032,0.73968,0.0
10004,6,swap,dir0.9,25000,6.528599298901812,0,0.0,0.19432,0.80568,0.0
10004,6,swap,nz0.9,25000,1.505149978319906,0,0.0,1.0,0.0,0.0
10004,8,loschmidt,snr1,25000,4.533670343949222,0,1.0,0.0,0.0,0.0
10004,8,loschmidt,snr2,25000,5.135728747427036,0,1.0,0.0,0.0,0.0
10004,8,loschmidt,dir0.75,25000,4.526894713858008,0,0.0,0.99608,0.0,0.00392
10004,8,loschmidt,dir0.9,25000,4.8495637450220705,0,0.0,0.9924,0.0,0.0076
10004,8,loschmidt,nz0.9,25000,4.555257728550977,0,0.0,1.0,0.0,0.0
10004,8,swap,snr1,25000,8.75223027786938,0,1.0,0.0,0.0,0.0
10004,8,swap,snr2,25000,9.354290268813166,0,1.0,0.0,0.0,0.0
10004,8,swap,dir0.75,25000,8.410237765522094,0,0.0,0.09088,0.90912,0.0
10004,8,swap,dir0.9,25000,8.967718177363619,0,0.0,0.0568,0.9432,0.0
10004,8,swap,nz0.9,25000,1.505149978319906,0,0.0,1.0,0.0,0.0
10004,10,loschmidt,snr1,25000,5.714434128665726,0,1.0,0.0,0.0,0.0
10004,10,loschmidt,snr2,25000,6.316493805659048,0,1.0,0.0,0.0,0.0
10004,10,loschmidt,dir0.75,25000,5.704308842097703,0,0.0,0.99568,0.0,0.00432
10004,10,loschmidt,dir0.9,25000,6.029884551044935,0,0.0,0.99192,0.0,0.00808
10004,10,loschmidt,nz0.9,25000,5.7454483852419775,0,0.0,1.0,0.0,0.0
10004,10,swap,snr1,25000,11.121899475700953,0,1.0,0.0,0.0,0.0
10004,10,swap,snr2,25000,11.723959467028095,0,1.0,0.0,0.0,0.0
10004,10,swap,dir0.75,25000,10.77985389459598,0,0.0,0.02724,0.97276,0.0
10004,10,swap,dir0.9,25000,11.33737267441554,0,0.0,0.01556,0.98444,0.0
10004,10,swap,nz0.9,25000,1.505149978319906,0,0.0,1.0,0.0,0.0
10004,12,loschmidt,snr1,25000,6.894742776922862,0,1.0,0.0,0.0,0.0
10004,12,loschmidt,snr2,25000,7.4968027544141105,0,1.0,0.0,0.0,0.0
10004,12,loschmidt,dir0.75,25000,6.890065029517016,0,0.0,0.99536,0.0,0.00464
10004,12,loschmidt,dir0.9,25000,7.213131540226263,0,0.0,0.99172,0.0,0.00828
10004,12,loschmidt,nz0.9,25000,6.9044346088405835,0,0.0,1.0,0.0,0.0
10004,12,swap,snr1,25000,13.472563983767152,0,1.0,0.0,0.0,0.0
10004,12,swap,snr2,25000,14.074623975095108,0,1.0,0.0,0.0,0.0
10004,12,swap,dir0.75,25000,13.130514940253665,0,0.0,0.00632,0.99368,0.0
10004,12,swap,dir0.9,25000,13.688036223393308,0,0.0,0.003,0.997,0.0
10004,12,swap,nz0.9,25000,1.505149978319906,0,0.0,1.0,0.0,0.0
10004,14,loschmidt,snr1,25000,8.161506218669299,0,1.0,0.0,0.0,0.0
10004,14,loschmidt,snr2,25000,8.763566208500173,0,1.0,0.0,0.0,0.0
10004,14,loschmidt,dir0.75,25000,8.143954305505034,0,0.0,0.99492,0.0,0.00508
10004,14,loschmidt,dir0.9,25000,8.474033746082938,0,0.0,0.9912,0.0,0.0088
10004,14,loschmidt,nz0.9,25000,8.182684603118924,0,0.0,1.0,0.0,0.0
10004,14,swap,snr1,25000,16.00832723271506,0,1.0,0.0,0.0,0.0
10004,14,swap,snr2,25000,16.610387224043023,0,1.0,0.0,0.0,0.0
10004,14,swap,dir0.75,25000,15.666277954793127,0,0.0,0.00136,0.99864,0.0
10004,14,swap,dir0.9,25000,16.22379940741024,0,0.0,0.00048,0.99952,0.0
10004,14,swap,nz0.9,25000,1.505149978319906,0,0.0,1.0,0.0,0.0
10004,16,loschmidt,snr1,25000,9.308583119689377,0,1.0,0.0,0.0,0.0
10004,16,loschmidt,snr2,25000,9.910643110937249,0,1.0,0.0,0.0,0.0
10004,16,loschmidt,dir0.75,25000,9.305732429758603,0,0.0,0.99576,0.0,0.00424
10004,16,loschmidt,dir0.9,25000,9.625396245271169,0,0.0,0.99164,0.0,0.00836
10004,16,loschmidt,nz0.9,25000,9.338623400435178,0,0.0,1.0,0.0,0.0
10004,16,swap,snr1,25000,18.33641227971333,0,1.0,0.0,0.0,0.0
10004,16,swap,snr2,25000,18.93847227104129,0,1.0,0.0,0.0,0.0
10004,16,swap,dir0.75,25000,17.994362989336263,0,0.0,0.00016,0.99984,0.0
10004,16,swap,dir0.9,25000,18.55188445095845,0,0.0,8e-05,0.99992,0.0
10004,16,swap,nz0.9,25000,1.505149978319906,0,0.0,1.0,0.0,0.0
10004,18,loschmidt,snr1,25000,10.553907418967446,0,1.0,0.0,0.0,0.0
10004,18,loschmidt,snr2,25000,11.155967410292376,0,1.0,0.0,0.0,0.0
10004,18,loschmidt,dir0.75,25000,10.550425420201133,0,0.0,0.99584,0.0,0.00416
10004,18,loschmidt,dir0.9,25000,10.86618712463492,0,0.0,0.99188,0.0,0.00812
10004,18,loschmidt,nz0.9,25000,10.585413530047802,0,0.0,1.0,0.0,0.0
10004,18,swap,snr1,25000,20.81014193436946,0,1.0,0.0,0.0,0.0
10004,18,swap,snr2,25000,21.412201925697424,0,1.0,0.0,0.0,0.0
10004,18,swap,dir0.75,25000,20.468092643128998,0,0.0,0.0,1.0,0.0
10004,18,swap,dir0.9,25000,21.025614105375425,0,0.0,0.0,1.0,0.0
10004,18,swap,nz0.9,25000,1.505149978319906,0,0.0,1.0,0.0,0.0
10004,20,loschmidt,snr1,25000,11.701677353480079,0,1.0,0.0,0.0,0.0
10004,20,loschmidt,snr2,25000,12.303737344807825,0,1.0,0.0,0.0,0.0
10004,20,loschmidt,dir0.75,25000,11.68434738120605,0,0.0,0.99516,0.0,0.00484
10004,20,loschmidt,dir0.9,25000,12.008423780841898,0,0.0,0.99112,0.0,0.00888
10004,20,loschmidt,nz0.9,25000,11.7210111193491,0,0.0,1.0,0.0,0.0
10004,20,swap,snr1,25000,23.080627571189865,0,1.0,0.0,0.0,0.0
10004,20,swap,snr2,25000,23.682687562517827,0,1.0,0.0,0.0,0.0
10004,20,swap,dir0.75,25000,22.738578279900167,0,0.0,0.0,1.0,0.0
10004,20,swap,dir0.9,25000,23.296099742182186,0,0.0,0.0,1.0,0.0
10004,20,swap,nz0.9,25000,1.505149978319906,0,0.0,1.0,0.0,0.0
10004,22,loschmidt,snr1,25000,12.92633811259265,0,1.0,0.0,0.0,0.0
10004,22,loschmidt,snr2,25000,13.52839810392059,0,1.0,0.0,0.0,0.0
10004,22,loschmidt,dir0.75,25000,12.920264690498373,0,0.0,0.996,0.0,0.004
10004,22,loschmidt,dir0.9,25000,13.24355697684543,0,0.0,0.99252,0.0,0.00748
10004,22,loschmidt,nz0.9,25000,12.965832375737946,0,0.0,1.0,0.0,0.0
10004,22,swap,snr1,25000,25.5657754353361,0,1.0,0.0,0.0,0.0
10004,22,swap,snr2,25000,26.167835426664062,0,1.0,0.0,0.0,0.0
10004,22,swap,dir0.75,25000,25.223726144042736,0,0.0,0.0,1.0,0.0
10004,22,swap,dir0.9,25000,25.78124760632741,0,0.0,0.0,1.0,0.0
10004,22,swap,nz0.9,25000,1.505149978319906,0,0.0,1.0,0.0,0.0
10004,24,loschmidt,snr1,25000,14.150459885371435,0,1.0,0.0,0.0,0.0
10004,24,loschmidt,snr2,25000,14.752519876699395,0,1.0,0.0,0.0,0.0
10004,24,loschmidt,dir0.75,25000,14.135880199469398,0,0.0,0.99488,0.0,0.00512
10004,24,loschmidt,dir0.9,25000,14.467393522701274,0,0.0,0.99156,0.0,0.00844
10004,24,loschmidt,nz0.9,25000,14.178157299672582,0,0.0,1.0,0.0,0.0
10004,24,swap,snr1,25000,27.984957778400698,0,1.0,0.0,0.0,0.0
10004,24,swap,snr2,25000,28.58701776972866,0,1.0,0.0,0.0,0.0
10004,24,swap,dir0.75,25000,27.64290848710713,0,0.0,0.0,1.0,0.0
10004,24,swap,dir0.9,25000,28.200429949391953,0,0.0,0.0,1.0,0.0
10004,24,swap,nz0.9,25000,1.505149978319906,0,0.0,1.0,0.0,0.0
10005,2,loschmidt,snr1,25000,0.7781512503836436,0,1.0,0.0,0.0,0.0
10005,2,loschmidt,snr2,25000,1.3617278360175928,0,1.0,0.0,0.0,0.0
10005,2,loschmidt,dir0.75,25000,0.8450980400142568,0,0.0,0.99572,0.0,0.00428
10005,2,loschmidt,dir0.9,25000,1.1139433523068367,0,0.0,0.99204,0.0,0.00796
10005,2,loschmidt,nz0.9,25000,1.0,0,0.0,1.0,0.0,0.0
10005,2,swap,snr1,25000,1.568201724066995,0,1.0,0.0,0.0,0.0
10005,2,swap,snr2,25000,2.161368002234975,0,1.0,0.0,0.0,0.0
10005,2,swap,dir0.75,25000,1.3979400086720377,0,0.0,0.8926,0.1074,0.0
10005,2,swap,dir0.9,25000,1.8325089127062364,0,0.0,0.85328,0.14672,0.0
10005,2,swap,nz0.9,25000,1.3010299956639813,0,0.0,1.0,0.0,0.0
10005,4,loschmidt,snr1,25000,2.0881324710570732,0,1.0,0.0,0.0,0.0
10005,4,loschmidt,snr2,25000,2.6888643405631654,0,1.0,0.0,0.0,0.0
10005,4,loschmidt,dir0.75,25000,2.0827853703164503,0,0.0,0.99552,0.0,0.00448
10005,4,loschmidt,dir0.9,25000,2.404833716619938,0,0.0,0.99136,0.0,0.00864
10005,4,loschmidt,nz0.9,25000,2.143014800254095,0,0.0,1.0,0.0,0.0
10005,4,swap,snr1,25000,3.923166273222934,0,1.0,0.0,0.0,0.0
10005,4,swap,snr2,25000,4.525213304791951,0,1.0,0.0,0.0,0.0
10005,4,swap,dir0.75,25000,3.595606434865603,0,0.0,0.56,0.44,0.0
10005,4,swap,dir0.9,25000,4.142719354469344,0,0.0,0.47836,0.52164,0.0
10005,4,swap,nz0.9,25000,1.505149978319906,0,0.0,1.0,0.0,0.0
10005,6,loschmidt,snr1,25000,3.2804645317070413,0,1.0,0.0,0.0,0.0
10005,6,loschmidt,snr2,25000,3.8824675813168454,0,1.0,0.0,0.0,0.0
10005,6,loschmidt,dir0.75,25000,3.2739267801005254,0,0.0,0.99532,0.0,0.00468
10005,6,loschmidt,dir0.9,25000,3.5982431916536224,0,0.0,0.9912,0.0,0.0088
10005,6,loschmidt,nz0.9,25000,3.3242824552976926,0,0.0,1.0,0.0,0.0
10005,6,swap,snr1,25000,6.291524237201615,0,1.0,0.0,0.0,0.0
10005,6,swap,snr2,25000,6.893584117542778,0,1.0,0.0,0.0,0.0
10005,6,swap,dir0.75,25000,5.950438347905342,0,0.0,0.26228,0.73772,0.0
10005,6,swap,dir0.9,25000,6.507263499873389,0,0.0,0.19464,0.80536,0.0
10005,6,swap,nz0.9,25000,1.505149978319906,0,0.0,1.0,0.0,0.0
10005,8,loschmidt,snr1,25000,4.50914872307819,0,1.0,0.0,0.0,0.0
10005,8,loschmidt,snr2,25000,5.1112019906962445,0,1.0,0.0,0.0,0.0
10005,8,loschmidt,dir0.75,25000,4.506200512329546,0,0.0,0.99572,0.0,0.00428
10005,8,loschmidt,dir0.9,25000,4.826146081470441,0,0.0,0.99144,0.0,0.00856
10005,8,loschmidt,nz0.9,25000,4.544129996217137,0,0.0,1.0,0.0,0.0
10005,8,swap,snr1,25000,8.724359045784302,0,1.0,0.0,0.0,0.0
10005,8,swap,snr2,25000,9.326419036907359,0,1.0,0.0,0.0,0.0
10005,8,swap,dir0.75,25000,8.382368384839307,0,0.0,0.09288,0.90712,0.0
10005,8,swap,dir0.9,25000,8.939847458267373,0,0.0,0.06156,0.93844,0.0
10005,8,swap,nz0.9,25000,1.505149978319906,0,0.0,1.0,0.0,0.0
10005,10,loschmidt,snr1,25000,5.699189660148826,0,1.0,0.0,0.0,0.0
10005,10,loschmidt,snr2,25000,6.301249543005538,0,1.0,0.0,0.0,0.0
10005,10,loschmidt,dir0.75,25000,5.691591994947961,0,0.0,0.99588,0.0,0.00412
10005,10,loschmidt,dir0.9,25000,6.0172184858036974,0,0.0,0.99204,0.0,0.00796
10005,10,loschmidt,nz0.9,25000,5.746953397240977,0,0.0,1.0,0.0,0.0
10005,10,swap,snr1,25000,11.122085723644037,0,1.0,0.0,0.0,0.0
10005,10,swap,snr2,25000,11.724145714971591,0,1.0,0.0,0.0,0.0
10005,10,swap,dir0.75,25000,10.780040141743344,0,0.0,0.02856,0.97144,0.0
10005,10,swap,dir0.9,25000,11.337558922138204,0,0.0,0.01656,0.98344,0.0
10005,10,swap,nz0.9,25000,1.505149978319906,0,0.0,1.0,0.0,0.0
10005,12,loschmidt,snr1,25000,6.8986069545499475,0,1.0,0.0,0.0,0.0
10005,12,loschmidt,snr2,25000,7.50066690474032,0,1.0,0.0,0.0,0.0
10005,12,loschmidt,dir0.75,25000,6.894848786291321,0,0.0,0.9956,0.0,0.0044
10005,12,loschmidt,dir0.9,25000,7.214346122571168,0,0.0,0.99208,0.0,0.00792
10005,12,loschmidt,nz0.9,25000,6.940727293585791,0,0.0,1.0,0.0,0.0
10005,12,swap,snr1,25000,13.499556280955003,0,1.0,0.0,0.0,0.0
10005,12,swap,snr2,25000,14.101616272282962,0,1.0,0.0,0.0,0.0
10005,12,swap,dir0.75,25000,13.157507229859927,0,0.0,0.00732,0.99268,0.0
10005,12,swap,dir0.9,25000,13.715028518481065,0,0.0,0.00372,0.99628,0.0
10005,12,swap,nz0.9,25000,1.505149978319906,0,0.0,1.0,0.0,0.0
10005,14,loschmidt,snr1,25000,8.086257641504432,0,1.0,0.0,0.0,0.0
10005,14,loschmidt,snr2,25000,8.68831763238736,0,1.0,0.0,0.0,0.0
10005,14,loschmidt,dir0.75,25000,8.079048997673684,0,0.0,0.99576,0.0,0.00424
10005,14,loschmidt,dir0.9,25000,8.403016821407025,0,0.0,0.99176,0.0,0.00824
10005,14,loschmidt,nz0.9,25000,8.1266134377978,0,0.0,1.0,0.0,0.0
10005,14,swap,snr1,25000,15.892195989764893,0,1.0,0.0,0.0,0.0
10005,14,swap,snr2,25000,16.494255981092856,0,1.0,0.0,0.0,0.0
10005,14,swap,dir0.75,25000,15.550146713755787,0,0.0,0.00168,0.99832,0.0
10005,14,swap,dir0.9,25000,16.10766816498993,0,0.0,0.00092,0.99908,0.0
10005,14,swap,nz0.9,25000,1.505149978319906,0,0.0,1.0,0.0,0.0
10005,16,loschmidt,snr1,25000,9.284612325819186,0,1.0,0.0,0.0,0.0
10005,16,loschmidt,snr2,25000,9.886672317062576,0,1.0,0.0,0.0,0.0
10005,16,loschmidt,dir0.75,25000,9.283561907971094,0,0.0,0.99532,0.0,0.00468
10005,16,loschmidt,dir0.9,25000,9.60106647449895,0,0.0,0.99152,0.0,0.00848
10005,16,loschmidt,nz0.9,25000,9.326199850137,0,0.0,1.0,0.0,0.0
10005,16,swap,snr1,25000,18.290445020226166,0,1.0,0.0,0.0,0.0
10005,16,swap,snr2,25000,18.892505011554128,0,1.0,0.0,0.0,0.0
10005,16,swap,dir0.75,25000,17.948395729898913,0,0.0,0.00024,0.99976,0.0
10005,16,swap,dir0.9,25000,18.50591719148509,0,0.0,4e-05,0.99996,0.0
10005,16,swap,nz0.9,25000,1.505149978319906,0,0.0,1.0,0.0,0.0
10005,18,loschmidt,snr1,25000,10.544395476960037,0,1.0,0.0,0.0,0.0
10005,18,loschmidt,snr2,25000,11.14645546828335,0,1.0,0.0,0.0,0.0
10005,18,loschmidt,dir0.75,25000,10.54103177207572,0,0.0,0.996,0.0,0.004
10005,18,loschmidt,dir0.9,25000,10.8640034399034,0,0.0,0.99236,0.0,0.00764
10005,18,loschmidt,nz0.9,25000,10.57934494300468,0,0.0,1.0,0.0,0.0
10005,18,swap,snr1,25000,20.807340790610585,0,1.0,0.0,0.0,0.0
10005,18,swap,snr2,25000,21.409400781938547,0,1.0,0.0,0.0,0.0
10005,18,swap,dir0.75,25000,20.465291499370295,0,0.0,4e-05,0.99996,0.0
10005,18,swap,dir0.9,25000,21.022812961616598,0,0.0,0.0,1.0,0.0
10005,18,swap,nz0.9,25000,1.505149978319906,0,0.0,1.0,0.0,0.0
10005,20,loschmidt,snr1,25000,11.779462509565908,0,1.0,0.0,0.0,0.0
10005,20,loschmidt,snr2,25000,12.381522500893599,0,1.0,0.0,0.0,0.0
10005,20,loschmidt,dir0.75,25000,11.77125173971666,0,0.0,0.9952,0.0,0.0048
10005,20,loschmidt,dir0.9,25000,12.094895331525521,0,0.0,0.99124,0.0,0.00876
10005,20,loschmidt,nz0.9,25000,11.806964713765046,0,0.0,1.0,0.0,0.0
10005,20,swap,snr1,25000,23.239983221258846,0,1.0,0.0,0.0,0.0
10005,20,swap,snr2,25000,23.84204321258681,0,1.0,0.0,0.0,0.0
10005,20,swap,dir0.75,25000,22.897933929968502,0,0.0,0.0,1.0,0.0
10005,20,swap,dir0.9,25000,23.455455392250993,0,0.0,0.0,1.0,0.0
10005,20,swap,nz0.9,25000,1.505149978319906,0,0.0,1.0,0.0,0.0
10005,22,loschmidt,snr1,25000,12.954257236238288,0,1.0,0.0,0.0,0.0
10005,22,loschmidt,snr2,25000,13.556317227566225,0,1.0,0.0,0.0,0.0
10005,22,loschmidt,dir0.75,25000,12.960279730383942,0,0.0,0.99488,0.0,0.00512
10005,22,loschmidt,dir0.9,25000,13.276314992379476,0,0.0,0.99092,0.0,0.00908
10005,22,loschmidt,nz0.9,25000,13.006898766332121,0,0.0,1.0,0.0,0.0
10005,22,swap,snr1,25000,25.654383889440787,0,1.0,0.0,0.0,0.0
10005,22,swap,snr2,25000,26.25644388076875,0,1.0,0.0,0.0,0.0
10005,22,swap,dir0.75,25000,25.3123345981474,0,0.0,0.0,1.0,0.0
10005,22,swap,dir0.9,25000,25.86985606043209,0,0.0,0.0,1.0,0.0
10005,22,swap,nz0.9,25000,1.505149978319906,0,0.0,1.0,0.0,0.0
10005,24,loschmidt,snr1,25000,14.1000238853395,0,1.0,0.0,0.0,0.0
10005,24,loschmidt,snr2,25000,14.702083876667459,0,1.0,0.0,0.0,0.0
10005,24,loschmidt,dir0.75,25000,14.098122880700833,0,0.0,0.99604,0.0,0.00396
10005,24,loschmidt,dir0.9,25000,14.42148547900272,0,0.0,0.99204,0.0,0.00796
10005,24,loschmidt,nz0.9,25000,14.142247614140796,0,0.0,1.0,0.0,0.0
10005,24,swap,snr1,25000,27.909657131992038,0,1.0,0.0,0.0,0.0
10005,24,swap,snr2,25000,28.51171712332,0,1.0,0.0,0.0,0.0
10005,24,swap,dir0.75,25000,27.56760784069847,0,0.0,0.0,1.0,0.0
10005,24,swap,dir0.9,25000,28.12512930298329,0,0.0,0.0,1.0,0.0
10005,24,swap,nz0.9,25000,1.505149978319906,0,0.0,1.0,0.0,0.0
10006,2,loschmidt,snr1,25000,0.7781512503836436,0,1.0,0.0,0.0,0.0
10006,2,loschmidt,snr2,25000,1.3222192947339193,0,1.0,0.0,0.0,0.0
10006,2,loschmidt,dir0.75,25000,0.8450980400142568,0,0.0,0.99552,0.0,0.00448
10006,2,loschmidt,dir0.9,25000,1.1139433523068367,0,0.0,0.99128,0.0,0.00872
10006,2,loschmidt,nz0.9,25000,1.0,0,0.0,1.0,0.0,0.0
10006,2,swap,snr1,25000,1.5440680443502757,0,1.0,0.0,0.0,0.0
10006,2,swap,snr2,25000,2.143014800254095,0,1.0,0.0,0.0,0.0
10006,2,swap,dir0.75,25000,1.380211241711606,0,0.0,0.89444,0.10556,0.0
10006,2,swap,dir0.9,25000,1.8195439355418688,0,0.0,0.857,0.143,0.0
10006,2,swap,nz0.9,25000,1.3010299956639813,0,0.0,1.0,0.0,0.0
10006,4,loschmidt,snr1,25000,2.0755469613925306,0,1.0,0.0,0.0,0.0
10006,4,loschmidt,snr2,25000,2.6766936096248664,0,1.0,0.0,0.0,0.0
10006,4,loschmidt,dir0.75,25000,2.0718820073061255,0,0.0,0.99544,0.0,0.00456
10006,4,loschmidt,dir0.9,25000,2.3961993470957363,0,0.0,0.99152,0.0,0.00848
10006,4,loschmidt,nz0.9,25000,2.1367205671564067,0,0.0,1.0,0.0,0.0
10006,4,swap,snr1,25000,3.9120093723305946,0,1.0,0.0,0.0,0.0
10006,4,swap,snr2,25000,4.514056069065175,0,1.0,0.0,0.0,0.0
10006,4,swap,dir0.75,25000,3.584613872495012,0,0.0,0.55988,0.44012,0.0
10006,4,swap,dir0.9,25000,4.131603634633058,0,0.0,0.47948,0.52052,0.0
10006,4,swap,nz0.9,25000,1.505149978319906,0,0.0,1.0,0.0,0.0
10006,6,loschmidt,snr1,25000,3.281714970027296,0,1.0,0.0,0.0,0.0
10006,6,loschmidt,snr2,25000,3.88371820196396,0,1.0,0.0,0.0,0.0
10006,6,loschmidt,dir0.75,25000,3.276346881047539,0,0.0,0.99512,0.0,0.00488
10006,6,loschmidt,dir0.9,25000,3.6014080605346837,0,0.0,0.99148,0.0,0.00852
10006,6,loschmidt,nz0.9,25000,3.31492005599242,0,0.0,1.0,0.0,0.0
10006,6,swap,snr1,25000,6.28449040096249,0,1.0,0.0,0.0,0.0
10006,6,swap,snr2,25000,6.886550364096072,0,1.0,0.0,0.0,0.0
10006,6,swap,dir0.75,25000,5.943412407562951,0,0.0,0.26084,0.73916,0.0
10006,6,swap,dir0.9,25000,6.500231910545445,0,0.0,0.19232,0.80768,0.0
10006,6,swap,nz0.9,25000,1.505149978319906,0,0.0,1.0,0.0,0.0
10006,8,loschmidt,snr1,25000,4.48682704311018,0,1.0,0.0,0.0,0.0
10006,8,loschmidt,snr2,25000,5.088887034438143,0,1.0,0.0,0.0,0.0
10006,8,loschmidt,dir0.75,25000,4.482437605014682,0,0.0,0.99592,0.0,0.00408
10006,8,loschmidt,dir0.9,25000,4.806203694539926,0,0.0,0.99172,0.0,0.00828
10006,8,loschmidt,nz0.9,25000,4.519237158317182,0,0.0,1.0,0.0,0.0
10006,8,swap,snr1,25000,8.694624394888278,0,1.0,0.0,0.0,0.0
10006,8,swap,snr2,25000,9.296684385558247,0,1.0,0.0,0.0,0.0
10006,8,swap,dir0.75,25000,8.35263577513515,0,0.0,0.09348,0.90652,0.0
10006,8,swap,dir0.9,25000,8.910113372527253,0,0.0,0.05912,0.94088,0.0
10006,8,swap,nz0.9,25000,1.505149978319906,0,0.0,1.0,0.0,0.0
10006,10,loschmidt,snr1,25000,5.719310147519933,0,1.0,0.0,0.0,0.0
10006,10,loschmidt,snr2,25000,6.321369931636193,0,1.0,0.0,0.0,0.0
10006,10,loschmidt,dir0.75,25000,5.712356172107914,0,0.0,0.99572,0.0,0.00428
10006,10,loschmidt,dir0.9,25000,6.032191507765426,0,0.0,0.99176,0.0,0.00824
10006,10,loschmidt,nz0.9,25000,5.742160082211244,0,0.0,1.0,0.0,0.0
10006,10,swap,snr1,25000,11.133211193199372,0,1.0,0.0,0.0,0.0
10006,10,swap,snr2,25000,11.735271184526535,0,1.0,0.0,0.0,0.0
10006,10,swap,dir0.75,25000,10.791165564089287,0,0.0,0.02648,0.97352,0.0
10006,10,swap,dir0.9,25000,11.348684378616255,0,0.0,0.01464,0.98536,0.0
10006,10,swap,nz0.9,25000,1.505149978319906,0,0.0,1.0,0.0,0.0
10006,12,loschmidt,snr1,25000,6.874522684586855,0,1.0,0.0,0.0,0.0
10006,12,loschmidt,snr2,25000,7.4765826469198275,0,1.0,0.0,0.0,0.0
10006,12,loschmidt,dir0.75,25000,6.8731005758706605,0,0.0,0.99548,0.0,0.00452
10006,12,loschmidt,dir0.9,25000,7.196377983892446,0,0.0,0.9926,0.0,0.0074
10006,12,loschmidt,nz0.9,25000,6.926886943130747,0,0.0,1.0,0.0,0.0
10006,12,swap,snr1,25000,13.492150148329875,0,1.0,0.0,0.0,0.0
10006,12,swap,snr2,25000,14.094210139657832,0,1.0,0.0,0.0,0.0
10006,12,swap,dir0.75,25000,13.15010109929163,0,0.0,0.00624,0.99376,0.0
10006,12,swap,dir0.9,25000,13.707622386425678,0,0.0,0.00296,0.99704,0.0
10006,12,swap,nz0.9,25000,1.505149978319906,0,0.0,1.0,0.0,0.0
10006,14,loschmidt,snr1,25000,8.146402165563728,0,1.0,0.0,0.0,0.0
10006,14,loschmidt,snr2,25000,8.748462154954114,0,1.0,0.0,0.0,0.0
10006,14,loschmidt,dir0.75,25000,8.13452131601769,0,0.0,0.99564,0.0,0.00436
10006,14,loschmidt,dir0.9,25000,8.463795340139235,0,0.0,0.99228,0.0,0.00772
10006,14,loschmidt,nz0.9,25000,8.171626500786182,0,0.0,1.0,0.0,0.0
10006,14,swap,snr1,25000,15.979735645949123,0,1.0,0.0,0.0,0.0
10006,14,swap,snr2,25000,16.581795637277086,0,1.0,0.0,0.0,0.0
10006,14,swap,dir0.75,25000,15.637686368474672,0,0.0,0.00116,0.99884,0.0
10006,14,swap,dir0.9,25000,16.19520782076826,0,0.0,0.00064,0.99936,0.0
10006,14,swap,nz0.9,25000,1.505149978319906,0,0.0,1.0,0.0,0.0
10006,16,loschmidt,snr1,25000,9.290746242373388,0,1.0,0.0,0.0,0.0
10006,16,loschmidt,snr2,25000,9.89280623356238,0,1.0,0.0,0.0,0.0
10006,16,loschmidt,dir0.75,25000,9.28617403813914,0,0.0,0.99616,0.0,0.00384
10006,16,loschmidt,dir0.9,25000,9.607699808099062,0,0.0,0.99204,0.0,0.00796
10006,16,loschmidt,nz0.9,25000,9.327409015056267,0,0.0,1.0,0.0,0.0
10006,16,swap,snr1,25000,18.290909701676952,0,1.0,0.0,0.0,0.0
10006,16,swap,snr2,25000,18.892969693004915,0,1.0,0.0,0.0,0.0
10006,16,swap,dir0.75,25000,17.94886041134918,0,0.0,0.0004,0.9996,0.0
10006,16,swap,dir0.9,25000,18.50638187293573,0,0.0,0.00016,0.99984,0.0
10006,16,swap,nz0.9,25000,1.505149978319906,0,0.0,1.0,0.0,0.0
10006,18,loschmidt,snr1,25000,10.487526512361757,0,1.0,0.0,0.0,0.0
10006,18,loschmidt,snr2,25000,11.08958650368442,0,1.0,0.0,0.0,0.0
10006,18,loschmidt,dir0.75,25000,10.489192740480021,0,0.0,0.99588,0.0,0.00412
10006,18,loschmidt,dir0.9,25000,10.803327695175991,0,0.0,0.99216,0.0,0.00784
10006,18,loschmidt,nz0.9,25000,10.533202234673606,0,0.0,1.0,0.0,0.0
10006,18,swap,snr1,25000,20.709405219518956,0,1.0,0.0,0.0,0.0
10006,18,swap,snr2,25000,21.31146521084692,0,1.0,0.0,0.0,0.0
10006,18,swap,dir0.75,25000,20.36735592828503,0,0.0,8e-05,0.99992,0.0
10006,18,swap,dir0.9,25000,20.924877390526728,0,0.0,4e-05,0.99996,0.0
10006,18,swap,nz0.9,25000,1.505149978319906,0,0.0,1.0,0.0,0.0
10006,20,loschmidt,snr1,25000,11.767409286907753,0,1.0,0.0,0.0,0.0
10006,20,loschmidt,snr2,25000,12.36946927823516,0,1.0,0.0,0.0,0.0
10006,20,loschmidt,dir0.75,25000,11.756727084697085,0,0.0,0.995,0.0,0.005
10006,20,loschmidt,dir0.9,25000,12.085505194718502,0,0.0,0.9906,0.0,0.0094
10006,20,loschmidt,nz0.9,25000,11.785859825781529,0,0.0,1.0,0.0,0.0
10006,20,swap,snr1,25000,23.20304738249207,0,1.0,0.0,0.0,0.0
10006,20,swap,snr2,25000,23.805107373820032,0,1.0,0.0,0.0,0.0
10006,20,swap,dir0.75,25000,22.860998091201864,0,0.0,0.0,1.0,0.0
10006,20,swap,dir0.9,25000,23.418519553484252,0,0.0,0.0,1.0,0.0
10006,20,swap,nz0.9,25000,1.505149978319906,0,0.0,1.0,0.0,0.0
10006,22,loschmidt,snr1,25000,12.910866257392916,0,1.0,0.0,0.0,0.0
10006,22,loschmidt,snr2,25000,13.512926248720838,0,1.0,0.0,0.0,0.0
10006,22,loschmidt,dir0.75,25000,12.909338397484468,0,0.0,0.9956,0.0,0.0044
10006,22,loschmidt,dir0.9,25000,13.22627467695113,0,0.0,0.99168,0.0,0.00832
10006,22,loschmidt,nz0.9,25000,12.96096689033606,0,0.0,1.0,0.0,0.0
10006,22,swap,snr1,25000,25.558284878672367,0,1.0,0.0,0.0,0.0
10006,22,swap,snr2,25000,26.16034487000033,0,1.0,0.0,0.0,0.0
10006,22,swap,dir0.75,25000,25.21623558737901,0,0.0,0.0,1.0,0.0
10006,22,swap,dir0.9,25000,25.77375704966368,0,0.0,0.0,1.0,0.0
10006,22,swap,nz0.9,25000,1.505149978319906,0,0.0,1.0,0.0,0.0
10006,24,loschmidt,snr1,25000,14.186418090876312,0,1.0,0.0,0.0,0.0
10006,24,loschmidt,snr2,25000,14.788478082204275,0,1.0,0.0,0.0,0.0
10006,24,loschmidt,dir0.75,25000,14.17032387717857,0,0.0,0.99512,0.0,0.00488
10006,24,loschmidt,dir0.9,25000,14.491282378110315,0,0.0,0.99132,0.0,0.00868
10006,24,loschmidt,nz0.9,25000,14.19968381845558,0,0.0,1.0,0.0,0.0
10006,24,swap,snr1,25000,28.039620052427008,0,1.0,0.0,0.0,0.0
10006,24,swap,snr2,25000,28.64168004375497,0,1.0,0.0,0.0,0.0
10006,24,swap,dir0.75,25000,27.697570761133438,0,0.0,0.0,1.0,0.0
10006,24,swap,dir0.9,25000,28.255092223418263,0,0.0,0.0,1.0,0.0
10006,24,swap,nz0.9,25000,1.505149978319906,0,0.0,1.0,0.0,0.0
10007,2,loschmidt,snr1,25000,0.7781512503836436,0,1.0,0.0,0.0,0.0
10007,2,loschmidt,snr2,25000,1.3424226808222062,0,1.0,0.0,0.0,0.0
10007,2,loschmidt,dir0.75,25000,0.8450980400142568,0,0.0,0.99536,0.0,0.00464
10007,2,loschmidt,dir0.9,25000,1.1139433523068367,0,0.0,0.99196,0.0,0.00804
10007,2,loschmidt,nz0.9,25000,1.0,0,0.0,1.0,0.0,0.0
10007,2,swap,snr1,25000,1.5314789170422551,0,1.0,0.0,0.0,0.0
10007,2,swap,snr2,25000,2.1335389083702174,0,1.0,0.0,0.0,0.0
10007,2,swap,dir0.75,25000,1.380211241711606,0,0.0,0.89812,0.10188,0.0
10007,2,swap,dir0.9,25000,1.806179973983887,0,0.0,0.86008,0.13992,0.0
10007,2,swap,nz0.9,25000,1.3010299956639813,0,0.0,1.0,0.0,0.0
10007,4,loschmidt,snr1,25000,2.0969100130080562,0,1.0,0.0,0.0,0.0
10007,4,loschmidt,snr2,25000,2.6972293427597176,0,1.0,0.0,0.0,0.0
10007,4,loschmidt,dir0.75,25000,2.093421685162235,0,0.0,0.99636,0.0,0.00364
10007,4,loschmidt,dir0.9,25000,2.416640507338281,0,0.0,0.99188,0.0,0.00812
10007,4,loschmidt,nz0.9,25000,2.155336037465062,0,0.0,1.0,0.0,0.0
10007,4,swap,snr1,25000,3.9503891968727523,0,1.0,0.0,0.0,0.0
10007,4,swap,snr2,25000,4.552424844168948,0,1.0,0.0,0.0,0.0
10007,4,swap,dir0.75,25000,3.6223176608338443,0,0.0,0.55672,0.44328,0.0
10007,4,swap,dir0.9,25000,4.169767598656225,0,0.0,0.47296,0.52704,0.0
10007,4,swap,nz0.9,25000,1.505149978319906,0,0.0,1.0,0.0,0.0
10007,6,loschmidt,snr1,25000,3.2646997761238072,0,1.0,0.0,0.0,0.0
10007,6,loschmidt,snr2,25000,3.8667597674517693,0,1.0,0.0,0.0,0.0
10007,6,loschmidt,dir0.75,25000,3.263754372726666,0,0.0,0.99648,0.0,0.00352
10007,6,loschmidt,dir0.9,25000,3.5864184717688987,0,0.0,0.99224,0.0,0.00776
10007,6,loschmidt,nz0.9,25000,3.3191060593097763,0,0.0,1.0,0.0,0.0
10007,6,swap,snr1,25000,6.263445774362926,0,1.0,0.0,0.0,0.0
10007,6,swap,snr2,25000,6.865505676955565,0,1.0,0.0,0.0,0.0
10007,6,swap,dir0.75,25000,5.922391495116743,0,0.0,0.26564,0.73436,0.0
10007,6,swap,dir0.9,25000,6.479193820394562,0,0.0,0.2,0.8,0.0
10007,6,swap,nz0.9,25000,1.505149978319906,0,0.0,1.0,0.0,0.0
10007,8,loschmidt,snr1,25000,4.504443675760434,0,1.0,0.0,0.0,0.0
10007,8,loschmidt,snr2,25000,5.106501967857689,0,1.0,0.0,0.0,0.0
10007,8,loschmidt,dir0.75,25000,4.504362103430229,0,0.0,0.99496,0.0,0.00504
10007,8,loschmidt,dir0.9,25000,4.822873857431246,0,0.0,0.99156,0.0,0.00844
10007,8,loschmidt,nz0.9,25000,4.550136587515598,0,0.0,1.0,0.0,0.0
10007,8,swap,snr1,25000,8.739078793682875,0,1.0,0.0,0.0,0.0
10007,8,swap,snr2,25000,9.341138784416863,0,1.0,0.0,0.0,0.0
10007,8,swap,dir0.75,25000,8.397087147278869,0,0.0,0.09048,0.90952,0.0
10007,8,swap,dir0.9,25000,8.954566932917318,0,0.0,0.05832,0.94168,0.0
10007,8,swap,nz0.9,25000,1.505149978319906,0,0.0,1.0,0.0,0.0
10007,10,loschmidt,snr1,25000,5.704759427739617,0,1.0,0.0,0.0,0.0
10007,10,loschmidt,snr2,25000,6.306819097810029,0,1.0,0.0,0.0,0.0
10007,10,loschmidt,dir0.75,25000,5.697986063468656,0,0.0,0.99556,0.0,0.00444
10007,10,loschmidt,dir0.9,25000,6.019891403458319,0,0.0,0.99188,0.0,0.00812
10007,10,loschmidt,nz0.9,25000,5.736823805101888,0,0.0,1.0,0.0,0.0
10007,10,swap,snr1,25000,11.107418498984558,0,1.0,0.0,0.0,0.0
10007,10,swap,snr2,25000,11.7094784903104,0,1.0,0.0,0.0,0.0
10007,10,swap,dir0.75,25000,10.765372980251925,0,0.0,0.02512,0.97488,0.0
10007,10,swap,dir0.9,25000,11.322891714975531,0,0.0,0.01436,0.98564,0.0
10007,10,swap,nz0.9,25000,1.505149978319906,0,0.0,1.0,0.0,0.0
10007,12,loschmidt,snr1,25000,6.907445475765188,0,1.0,0.0,0.0,0.0
10007,12,loschmidt,snr2,25000,7.509505426784322,0,1.0,0.0,0.0,0.0
10007,12,loschmidt,dir0.75,25000,6.899086711842982,0,0.0,0.9956,0.0,0.0044
10007,12,loschmidt,dir0.9,25000,7.224564028161968,0,0.0,0.99148,0.0,0.00852
10007,12,loschmidt,nz0.9,25000,6.957071180335244,0,0.0,1.0,0.0,0.0
10007,12,swap,snr1,25000,13.549643706315557,0,1.0,0.0,0.0,0.0
10007,12,swap,snr2,25000,14.15170369764352,0,1.0,0.0,0.0,0.0
10007,12,swap,dir0.75,25000,13.207594641761244,0,0.0,0.00636,0.99364,0.0
10007,12,swap,dir0.9,25000,13.765115940113423,0,0.0,0.0034,0.9966,0.0
10007,12,swap,nz0.9,25000,1.505149978319906,0,0.0,1.0,0.0,0.0
10007,14,loschmidt,snr1,25000,8.081928378354036,0,1.0,0.0,0.0,0.0
10007,14,loschmidt,snr2,25000,8.683988368782924,0,1.0,0.0,0.0,0.0
10007,14,loschmidt,dir0.75,25000,8.079486492500983,0,0.0,0.9958,0.0,0.0042
10007,14,loschmidt,dir0.9,25000,8.397985327905987,0,0.0,0.99208,0.0,0.00792
10007,14,loschmidt,nz0.9,25000,8.124646028289856,0,0.0,1.0,0.0,0.0
10007,14,swap,snr1,25000,15.882545266477658,0,1.0,0.0,0.0,0.0
10007,14,swap,snr2,25000,16.48460525780562,0,1.0,0.0,0.0,0.0
10007,14,swap,dir0.75,25000,15.540495990639318,0,0.0,0.0014,0.9986,0.0
10007,14,swap,dir0.9,25000,16.098017441749995,0,0.0,0.00056,0.99944,0.0
10007,14,swap,nz0.9,25000,1.505149978319906,0,0.0,1.0,0.0,0.0
10007,16,loschmidt,snr1,25000,9.305745718634359,0,1.0,0.0,0.0,0.0
10007,16,loschmidt,snr2,25000,9.907805709854921,0,1.0,0.0,0.0,0.0
10007,16,loschmidt,dir0.75,25000,9.297239375486205,0,0.0,0.99552,0.0,0.00448
10007,16,loschmidt,dir0.9,25000,9.621245644654758,0,0.0,0.99176,0.0,0.00824
10007,16,loschmidt,nz0.9,25000,9.33943707272919,0,0.0,1.0,0.0,0.0
10007,16,swap,snr1,25000,18.3170189404999,0,1.0,0.0,0.0,0.0
10007,16,swap,snr2,25000,18.919078931827862,0,1.0,0.0,0.0,0.0
10007,16,swap,dir0.75,25000,17.974969650143528,0,0.0,0.00028,0.99972,0.0
10007,16,swap,dir0.9,25000,18.53249111175075,0,0.0,4e-05,0.99996,0.0
10007,16,swap,nz0.9,25000,1.505149978319906,0,0.0,1.0,0.0,0.0
10007,18,loschmidt,snr1,25000,10.558896398310976,0,1.0,0.0,0.0,0.0
10007,18,loschmidt,snr2,25000,11.160956389631444,0,1.0,0.0,0.0,0.0
10007,18,loschmidt,dir0.75,25000,10.54056750536115,0,0.0,0.99512,0.0,0.00488
10007,18,loschmidt,dir0.9,25000,10.867505519284126,0,0.0,0.99108,0.0,0.00892
10007,18,loschmidt,nz0.9,25000,10.57784094473746,0,0.0,1.0,0.0,0.0
10007,18,swap,snr1,25000,20.792533413083227,0,1.0,0.0,0.0,0.0
10007,18,swap,snr2,25000,21.39459340441119,0,1.0,0.0,0.0,0.0
10007,18,swap,dir0.75,25000,20.45048412184385,0,0.0,4e-05,0.99996,0.0
10007,18,swap,dir0.9,25000,21.00800558408949,0,0.0,0.0,1.0,0.0
10007,18,swap,nz0.9,25000,1.505149978319906,0,0.0,1.0,0.0,0.0
10007,20,loschmidt,snr1,25000,11.723844583171756,0,1.0,0.0,0.0,0.0
10007,20,loschmidt,snr2,25000,12.325904574499411,0,1.0,0.0,0.0,0.0
10007,20,loschmidt,dir0.75,25000,11.722615517223675,0,0.0,0.99592,0.0,0.00408
10007,20,loschmidt,dir0.9,25000,12.040547162797303,0,0.0,0.9922,0.0,0.0078
10007,20,loschmidt,nz0.9,25000,11.760572007188053,0,0.0,1.0,0.0,0.0
10007,20,swap,snr1,25000,23.168137967142133,0,1.0,0.0,0.0,0.0
10007,20,swap,snr2,25000,23.770197958470096,0,1.0,0.0,0.0,0.0
10007,20,swap,dir0.75,25000,22.826088675852066,0,0.0,0.0,1.0,0.0
10007,20,swap,dir0.9,25000,23.383610138134355,0,0.0,0.0,1.0,0.0
10007,20,swap,nz0.9,25000,1.505149978319906,0,0.0,1.0,0.0,0.0
10007,22,loschmidt,snr1,25000,12.920488721077954,0,1.0,0.0,0.0,0.0
10007,22,loschmidt,snr2,25000,13.522548712405897,0,1.0,0.0,0.0,0.0
10007,22,loschmidt,dir0.75,25000,12.914903279622187,0,0.0,0.99572,0.0,0.00428
10007,22,loschmidt,dir0.9,25000,13.239792876414501,0,0.0,0.99156,0.0,0.00844
10007,22,loschmidt,nz0.9,25000,12.983203081868654,0,0.0,1.0,0.0,0.0
10007,22,swap,snr1,25000,25.561429189046194,0,1.0,0.0,0.0,0.0
10007,22,swap,snr2,25000,26.163489180374157,0,1.0,0.0,0.0,0.0
10007,22,swap,dir0.75,25000,25.219379897752837,0,0.0,0.0,1.0,0.0
10007,22,swap,dir0.9,25000,25.776901360037506,0,0.0,0.0,1.0,0.0
10007,22,swap,nz0.9,25000,1.505149978319906,0,0.0,1.0,0.0,0.0
10007,24,loschmidt,snr1,25000,14.128084042087131,0,1.0,0.0,0.0,0.0
10007,24,loschmidt,snr2,25000,14.73014403341509,0,1.0,0.0,0.0,0.0
10007,24,loschmidt,dir0.75,25000,14.126162888821735,0,0.0,0.996,0.0,0.004
10007,24,loschmidt,dir0.9,25000,14.444066993989814,0,0.0,0.99232,0.0,0.00768
10007,24,loschmidt,nz0.9,25000,14.174106881631161,0,0.0,1.0,0.0,0.0
10007,24,swap,snr1,25000,27.98347578258162,0,1.0,0.0,0.0,0.0
10007,24,swap,snr2,25000,28.585535773909584,0,1.0,0.0,0.0,0.0
10007,24,swap,dir0.75,25000,27.64142649128805,0,0.0,0.0,1.0,0.0
10007,24,swap,dir0.9,25000,28.198947953572876,0,0.0,0.0,1.0,0.0
10007,24,swap,nz0.9,25000,1.505149978319906,0,0.0,1.0,0.0,0.0
10008,2,loschmidt,snr1,25000,0.7781512503836436,0,1.0,0.0,0.0,0.0
10008,2,loschmidt,snr2,25000,1.3222192947339193,0,1.0,0.0,0.0,0.0
10008,2,loschmidt,dir0.75,25000,0.8450980400142568,0,0.0,0.99564,0.0,0.00436
10008,2,loschmidt,dir0.9,25000,1.1139433523068367,0,0.0,0.99276,0.0,0.00724
10008,2,loschmidt,nz0.9,25000,1.0,0,0.0,1.0,0.0,0.0
10008,2,swap,snr1,25000,1.5314789170422551,0,1.0,0.0,0.0,0.0
10008,2,swap,snr2,25000,2.1271047983648077,0,1.0,0.0,0.0,0.0
10008,2,swap,dir0.75,25000,1.3617278360175928,0,0.0,0.8962,0.1038,0.0
10008,2,swap,dir0.9,25000,1.806179973983887,0,0.0,0.85868,0.14132,0.0
10008,2,swap,nz0.9,25000,1.3010299956639813,0,0.0,1.0,0.0,0.0
10008,4,loschmidt,snr1,25000,2.093421685162235,0,1.0,0.0,0.0,0.0
10008,4,loschmidt,snr2,25000,2.694605198933569,0,1.0,0.0,0.0,0.0
10008,4,loschmidt,dir0.75,25000,2.089905111439398,0,0.0,0.99572,0.0,0.00428
10008,4,loschmidt,dir0.9,25000,2.413299764081252,0,0.0,0.99216,0.0,0.00784
10008,4,loschmidt,nz0.9,25000,2.146128035678238,0,0.0,1.0,0.0,0.0
10008,4,swap,snr1,25000,3.9329301310016263,0,1.0,0.0,0.0,0.0
10008,4,swap,snr2,25000,4.534971114619134,0,1.0,0.0,0.0,0.0
10008,4,swap,dir0.75,25000,3.6050894484979046,0,0.0,0.55736,0.44264,0.0
10008,4,swap,dir0.9,25000,4.152385961617686,0,0.0,0.47704,0.52296,0.0
10008,4,swap,nz0.9,25000,1.505149978319906,0,0.0,1.0,0.0,0.0
10008,6,loschmidt,snr1,25000,3.3306166199225142,0,1.0,0.0,0.0,0.0
10008,6,loschmidt,snr2,25000,3.932625917368852,0,1.0,0.0,0.0,0.0
10008,6,loschmidt,dir0.75,25000,3.317854489331469,0,0.0,0.99548,0.0,0.00452
10008,6,loschmidt,dir0.9,25000,3.648603925396947,0,0.0,0.992,0.0,0.008
10008,6,loschmidt,nz0.9,25000,3.362576702238421,0,0.0,1.0,0.0,0.0
10008,6,swap,snr1,25000,6.369128126210681,0,1.0,0.0,0.0,0.0
10008,6,swap,snr2,25000,6.971188001500376,0,1.0,0.0,0.0,0.0
10008,6,swap,dir0.75,25000,6.027959976055241,0,0.0,0.25376,0.74624,0.0
10008,6,swap,dir0.9,25000,6.584844526443593,0,0.0,0.19116,0.80884,0.0
10008,6,swap,nz0.9,25000,1.505149978319906,0,0.0,1.0,0.0,0.0
10008,8,loschmidt,snr1,25000,4.52588664207648,0,1.0,0.0,0.0,0.0
10008,8,loschmidt,snr2,25000,5.1279433986649945,0,1.0,0.0,0.0,0.0
10008,8,loschmidt,dir0.75,25000,4.507478054785592,0,0.0,0.99604,0.0,0.00396
10008,8,loschmidt,dir0.9,25000,4.839100781978245,0,0.0,0.99156,0.0,0.00844
10008,8,loschmidt,nz0.9,25000,4.547411612801368,0,0.0,1.0,0.0,0.0
10008,8,swap,snr1,25000,8.739878654483878,0,1.0,0.0,0.0,0.0
10008,8,swap,snr2,25000,9.34193864521896,0,1.0,0.0,0.0,0.0
10008,8,swap,dir0.75,25000,8.397886955034561,0,0.0,0.09056,0.90944,0.0
10008,8,swap,dir0.9,25000,8.955366779028635,0,0.0,0.05832,0.94168,0.0
10008,8,swap,nz0.9,25000,1.505149978319906,0,0.0,1.0,0.0,0.0
10008,10,loschmidt,snr1,25000,5.718093697965092,0,1.0,0.0,0.0,0.0
10008,10,loschmidt,snr2,25000,6.320153273831087,0,1.0,0.0,0.0,0.0
10008,10,loschmidt,dir0.75,25000,5.704581591137938,0,0.0,0.9952,0.0,0.0048
10008,10,loschmidt,dir0.9,25000,6.034069888577024,0,0.0,0.9916,0.0,0.0084
10008,10,loschmidt,nz0.9,25000,5.739167516313784,0,0.0,1.0,0.0,0.0
10008,10,swap,snr1,25000,11.119645989208054,0,1.0,0.0,0.0,0.0
10008,10,swap,snr2,25000,11.72170598053519,0,1.0,0.0,0.0,0.0
10008,10,swap,dir0.75,25000,10.77760041774147,0,0.0,0.02724,0.97276,0.0
10008,10,swap,dir0.9,25000,11.335119190592533,0,0.0,0.01432,0.98568,0.0
10008,10,swap,nz0.9,25000,1.505149978319906,0,0.0,1.0,0.0,0.0
10008,12,loschmidt,snr1,25000,6.919807453495011,0,1.0,0.0,0.0,0.0
10008,12,loschmidt,snr2,25000,7.521867405645344,0,1.0,0.0,0.0,0.0
10008,12,loschmidt,dir0.75,25000,6.9093478672099895,0,0.0,0.99604,0.0,0.00396
10008,12,loschmidt,dir0.9,25000,7.234515537105117,0,0.0,0.99224,0.0,0.00776
10008,12,loschmidt,nz0.9,25000,6.970490587712418,0,0.0,1.0,0.0,0.0
10008,12,swap,snr1,25000,13.569353499810823,0,1.0,0.0,0.0,0.0
10008,12,swap,snr2,25000,14.171413491138784,0,1.0,0.0,0.0,0.0
10008,12,swap,dir0.75,25000,13.227304430169287,0,0.0,0.00516,0.99484,0.0
10008,12,swap,dir0.9,25000,13.784825732199531,0,0.0,0.0026,0.9974,0.0
10008,12,swap,nz0.9,25000,1.505149978319906,0,0.0,1.0,0.0,0.0
10008,14,loschmidt,snr1,25000,8.121297505063144,0,1.0,0.0,0.0,0.0
10008,14,loschmidt,snr2,25000,8.723357495980729,0,1.0,0.0,0.0,0.0
10008,14,loschmidt,dir0.75,25000,8.107667701868994,0,0.0,0.99544,0.0,0.00456
10008,14,loschmidt,dir0.9,25000,8.43630280494269,0,0.0,0.9906,0.0,0.0094
10008,14,loschmidt,nz0.9,25000,8.141396102167626,0,0.0,1.0,0.0,0.0
10008,14,swap,snr1,25000,15.93677081049406,0,1.0,0.0,0.0,0.0
10008,14,swap,snr2,25000,16.538830801822023,0,1.0,0.0,0.0,0.0
10008,14,swap,dir0.75,25000,15.59472153372036,0,0.0,0.00128,0.99872,0.0
10008,14,swap,dir0.9,25000,16.152242985507304,0,0.0,0.00048,0.99952,0.0
10008,14,swap,nz0.9,25000,1.505149978319906,0,0.0,1.0,0.0,0.0
10008,16,loschmidt,snr1,25000,9.306119538407032,0,1.0,0.0,0.0,0.0
10008,16,loschmidt,snr2,25000,9.908179529627684,0,1.0,0.0,0.0,0.0
10008,16,loschmidt,dir0.75,25000,9.284963348220263,0,0.0,0.9962,0.0,0.0038
10008,16,loschmidt,dir0.9,25000,9.615685676692404,0,0.0,0.992,0.0,0.008
10008,16,loschmidt,nz0.9,25000,9.322438194520851,0,0.0,1.0,0.0,0.0
10008,16,swap,snr1,25000,18.292894885316816,0,1.0,0.0,0.0,0.0
10008,16,swap,snr2,25000,18.89495487664478,0,1.0,0.0,0.0,0.0
10008,16,swap,dir0.75,25000,17.95084559498684,0,0.0,0.00016,0.99984,0.0
10008,16,swap,dir0.9,25000,18.508367056574983,0,0.0,0.0,1.0,0.0
10008,16,swap,nz0.9,25000,1.505149978319906,0,0.0,1.0,0.0,0.0
10008,18,loschmidt,snr1,25000,10.525696315405352,0,1.0,0.0,0.0,0.0
10008,18,loschmidt,snr2,25000,11.127756306726841,0,1.0,0.0,0.0,0.0
10008,18,loschmidt,dir0.75,25000,10.517748126782179,0,0.0,0.99556,0.0,0.00444
10008,18,loschmidt,dir0.9,25000,10.837911968206038,0,0.0,0.992,0.0,0.008
10008,18,loschmidt,nz0.9,25000,10.552589190007126,0,0.0,1.0,0.0,0.0
10008,18,swap,snr1,25000,20.741919539044947,0,1.0,0.0,0.0,0.0
10008,18,swap,snr2,25000,21.34397953037291,0,1.0,0.0,0.0,0.0
10008,18,swap,dir0.75,25000,20.39987024780882,0,0.0,0.0,1.0,0.0
10008,18,swap,dir0.9,25000,20.95739171005211,0,0.0,0.0,1.0,0.0
10008,18,swap,nz0.9,25000,1.505149978319906,0,0.0,1.0,0.0,0.0
10008,20,loschmidt,snr1,25000,11.734343075436135,0,1.0,0.0,0.0,0.0
10008,20,loschmidt,snr2,25000,12.336403066763497,0,1.0,0.0,0.0,0.0
10008,20,loschmidt,dir0.75,25000,11.72395332653588,0,0.0,0.99512,0.0,0.00488
10008,20,loschmidt,dir0.9,25000,12.05180385790321,0,0.0,0.99084,0.0,0.00916
10008,20,loschmidt,nz0.9,25000,11.762131139134457,0,0.0,1.0,0.0,0.0
10008,20,swap,snr1,25000,23.161729467962363,0,1.0,0.0,0.0,0.0
10008,20,swap,snr2,25000,23.763789459290326,0,1.0,0.0,0.0,0.0
10008,20,swap,dir0.75,25000,22.81968017667232,0,0.0,4e-05,0.99996,0.0
10008,20,swap,dir0.9,25000,23.377201638954592,0,0.0,4e-05,0.99996,0.0
10008,20,swap,nz0.9,25000,1.505149978319906,0,0.0,1.0,0.0,0.0
10008,22,loschmidt,snr1,25000,12.947989694107818,0,1.0,0.0,0.0,0.0
10008,22,loschmidt,snr2,25000,13.550049685435763,0,1.0,0.0,0.0,0.0
10008,22,loschmidt,dir0.75,25000,12.938912849883508,0,0.0,0.99504,0.0,0.00496
10008,22,loschmidt,dir0.9,25000,13.261086124616428,0,0.0,0.9908,0.0,0.0092
10008,22,loschmidt,nz0.9,25000,12.976545602479426,0,0.0,1.0,0.0,0.0
10008,22,swap,snr1,25000,25.58181202766293,0,1.0,0.0,0.0,0.0
10008,22,swap,snr2,25000,26.183872018990893,0,1.0,0.0,0.0,0.0
10008,22,swap,dir0.75,25000,25.239762736369563,0,0.0,0.0,1.0,0.0
10008,22,swap,dir0.9,25000,25.79728419865424,0,0.0,0.0,1.0,0.0
10008,22,swap,nz0.9,25000,1.505149978319906,0,0.0,1.0,0.0,0.0
10008,24,loschmidt,snr1,25000,14.096532123466073,0,1.0,0.0,0.0,0.0
10008,24,loschmidt,snr2,25000,14.698592114794032,0,1.0,0.0,0.0,0.0
10008,24,loschmidt,dir0.75,25000,14.10293946646816,0,0.0,0.9966,0.0,0.0034
10008,24,loschmidt,dir0.9,25000,14.416435904783633,0,0.0,0.99232,0.0,0.00768
10008,24,loschmidt,nz0.9,25000,14.133759720860816,0,0.0,1.0,0.0,0.0
10008,24,swap,snr1,25000,27.90012423212294,0,1.0,0.0,0.0,0.0
10008,24,swap,snr2,25000,28.502184223450904,0,1.0,0.0,0.0,0.0
10008,24,swap,dir0.75,25000,27.55807494082938,0,0.0,0.0,1.0,0.0
10008,24,swap,dir0.9,25000,28.1155964031142,0,0.0,0.0,1.0,0.0
10008,24,swap,nz0.9,25000,1.505149978319906,0,0.0,1.0,0.0,0.0
10009,2,loschmidt,snr1,25000,0.7781512503836436,0,1.0,0.0,0.0,0.0
10009,2,loschmidt,snr2,25000,1.3424226808222062,0,1.0,0.0,0.0,0.0
10009,2,loschmidt,dir0.75,25000,0.8450980400142568,0,0.0,0.99588,0.0,0.00412
10009,2,loschmidt,dir0.9,25000,1.1139433523068367,0,0.0,0.99224,0.0,0.00776
10009,2,loschmidt,nz0.9,25000,1.0,0,0.0,1.0,0.0,0.0
10009,2,swap,snr1,25000,1.5440680443502757,0,1.0,0.0,0.0,0.0
10009,2,swap,snr2,25000,2.146128035678238,0,1.0,0.0,0.0,0.0
10009,2,swap,dir0.75,25000,1.380211241711606,0,0.0,0.89476,0.10524,0.0
10009,2,swap,dir0.9,25000,1.8195439355418688,0,0.0,0.85692,0.14308,0.0
10009,2,swap,nz0.9,25000,1.3010299956639813,0,0.0,1.0,0.0,0.0
10009,4,loschmidt,snr1,25000,2.0644579892269186,0,1.0,0.0,0.0,0.0
10009,4,loschmidt,snr2,25000,2.6665179805548807,0,1.0,0.0,0.0,0.0
10009,4,loschmidt,dir0.75,25000,2.0681858617461617,0,0.0,0.99524,0.0,0.00476
10009,4,loschmidt,dir0.9,25000,2.385606273598312,0,0.0,0.99164,0.0,0.00836
10009,4,loschmidt,nz0.9,25000,2.1271047983648077,0,0.0,1.0,0.0,0.0
10009,4,swap,snr1,25000,3.8887690068213177,0,1.0,0.0,0.0,0.0
10009,4,swap,snr2,25000,4.490807961166626,0,1.0,0.0,0.0,0.0
10009,4,swap,dir0.75,25000,3.5616379504774773,0,0.0,0.56288,0.43712,0.0
10009,4,swap,dir0.9,25000,4.108429959919343,0,0.0,0.483,0.517,0.0
10009,4,swap,nz0.9,25000,1.505149978319906,0,0.0,1.0,0.0,0.0
10009,6,loschmidt,snr1,25000,3.3052438441951315,0,1.0,0.0,0.0,0.0
10009,6,loschmidt,snr2,25000,3.9072500795527856,0,1.0,0.0,0.0,0.0
10009,6,loschmidt,dir0.75,25000,3.2941354051167204,0,0.0,0.99556,0.0,0.00444
10009,6,loschmidt,dir0.9,25000,3.6216954623292787,0,0.0,0.99136,0.0,0.00864
10009,6,loschmidt,nz0.9,25000,3.330413725932983,0,0.0,1.0,0.0,0.0
10009,6,swap,snr1,25000,6.308609540922416,0,1.0,0.0,0.0,0.0
10009,6,swap,snr2,25000,6.910669398886191,0,1.0,0.0,0.0,0.0
10009,6,swap,dir0.75,25000,5.9675048691878345,0,0.0,0.25692,0.74308,0.0
10009,6,swap,dir0.9,25000,6.52434355603388,0,0.0,0.194,0.806,0.0
10009,6,swap,nz0.9,25000,1.505149978319906,0,0.0,1.0,0.0,0.0
10009,8,loschmidt,snr1,25000,4.486536736414951,0,1.0,0.0,0.0,0.0
10009,8,loschmidt,snr2,25000,5.0885896448384855,0,1.0,0.0,0.0,0.0
10009,8,loschmidt,dir0.75,25000,4.476026875900571,0,0.0,0.99552,0.0,0.00448
10009,8,loschmidt,dir0.9,25000,4.805130272195939,0,0.0,0.99076,0.0,0.00924
10009,8,loschmidt,nz0.9,25000,4.523395235977363,0,0.0,1.0,0.0,0.0
10009,8,swap,snr1,25000,8.687254874916299,0,1.0,0.0,0.0,0.0
10009,8,swap,snr2,25000,9.289314866132791,0,1.0,0.0,0.0,0.0
10009,8,swap,dir0.75,25000,8.345266772619453,0,0.0,0.0936,0.9064,0.0
10009,8,swap,dir0.9,25000,8.902743996306473,0,0.0,0.06092,0.93908,0.0
10009,8,swap,nz0.9,25000,1.505149978319906,0,0.0,1.0,0.0,0.0
10009,10,loschmidt,snr1,25000,5.692861012883624,0,1.0,0.0,0.0,0.0
10009,10,loschmidt,snr2,25000,6.2949207839738595,0,1.0,0.0,0.0,0.0
10009,10,loschmidt,dir0.75,25000,5.692657474324004,0,0.0,0.9958,0.0,0.0042
10009,10,loschmidt,dir0.9,25000,6.0142224275228955,0,0.0,0.9914,0.0,0.0086
10009,10,loschmidt,nz0.9,25000,5.728471033947998,0,0.0,1.0,0.0,0.0
10009,10,swap,snr1,25000,11.09714972955695,0,1.0,0.0,0.0,0.0
10009,10,swap,snr2,25000,11.699209720883609,0,1.0,0.0,0.0,0.0
10009,10,swap,dir0.75,25000,10.755104255689862,0,0.0,0.02652,0.97348,0.0
10009,10,swap,dir0.9,25000,11.312622957976174,0,0.0,0.0154,0.9846,0.0
10009,10,swap,nz0.9,25000,1.505149978319906,0,0.0,1.0,0.0,0.0
10009,12,loschmidt,snr1,25000,6.950896205412038,0,1.0,0.0,0.0,0.0
10009,12,loschmidt,snr2,25000,7.552956160268855,0,1.0,0.0,0.0,0.0
10009,12,loschmidt,dir0.75,25000,6.955273737045091,0,0.0,0.9956,0.0,0.0044
10009,12,loschmidt,dir0.9,25000,7.267897519052684,0,0.0,0.99224,0.0,0.00776
10009,12,loschmidt,nz0.9,25000,6.9923146894819315,0,0.0,1.0,0.0,0.0
10009,12,swap,snr1,25000,13.613495293194582,0,1.0,0.0,0.0,0.0
10009,12,swap,snr2,25000,14.215555284522535,0,1.0,0.0,0.0,0.0
10009,12,swap,dir0.75,25000,13.271446212570066,0,0.0,0.00748,0.99252,0.0
10009,12,swap,dir0.9,25000,13.828967522541006,0,0.0,0.00328,0.99672,0.0
10009,12,swap,nz0.9,25000,1.505149978319906,0,0.0,1.0,0.0,0.0
10009,14,loschmidt,snr1,25000,8.104691279401965,0,1.0,0.0,0.0,0.0
10009,14,loschmidt,snr2,25000,8.706751269450333,0,1.0,0.0,0.0,0.0
10009,14,loschmidt,dir0.75,25000,8.100071143804726,0,0.0,0.99608,0.0,0.00392
10009,14,loschmidt,dir0.9,25000,8.423545720742844,0,0.0,0.99256,0.0,0.00744
10009,14,loschmidt,nz0.9,25000,8.133628227388076,0,0.0,1.0,0.0,0.0
10009,14,swap,snr1,25000,15.90186165160701,0,1.0,0.0,0.0,0.0
10009,14,swap,snr2,25000,16.503921642934973,0,1.0,0.0,0.0,0.0
10009,14,swap,dir0.75,25000,15.559812375428763,0,0.0,0.00132,0.99868,0.0
10009,14,swap,dir0.9,25000,16.11733382678519,0,0.0,0.00036,0.99964,0.0
10009,14,swap,nz0.9,25000,1.505149978319906,0,0.0,1.0,0.0,0.0
10009,16,loschmidt,snr1,25000,9.309393411114362,0,1.0,0.0,0.0,0.0
10009,16,loschmidt,snr2,25000,9.911453402362465,0,1.0,0.0,0.0,0.0
10009,16,loschmidt,dir0.75,25000,9.301032330033898,0,0.0,0.99568,0.0,0.00432
10009,16,loschmidt,dir0.9,25000,9.629042011748092,0,0.0,0.99184,0.0,0.00816
10009,16,loschmidt,nz0.9,25000,9.352391499872908,0,0.0,1.0,0.0,0.0
10009,16,swap,snr1,25000,18.327843317268332,0,1.0,0.0,0.0,0.0
10009,16,swap,snr2,25000,18.929903308596295,0,1.0,0.0,0.0,0.0
10009,16,swap,dir0.75,25000,17.985794026900358,0,0.0,4e-05,0.99996,0.0
10009,16,swap,dir0.9,25000,18.543315488515972,0,0.0,0.0,1.0,0.0
10009,16,swap,nz0.9,25000,1.505149978319906,0,0.0,1.0,0.0,0.0
10009,18,loschmidt,snr1,25000,10.522444372560152,0,1.0,0.0,0.0,0.0
10009,18,loschmidt,snr2,25000,11.124504363878334,0,1.0,0.0,0.0,0.0
10009,18,loschmidt,dir0.75,25000,10.510634477290562,0,0.0,0.99584,0.0,0.00416
10009,18,loschmidt,dir0.9,25000,10.839547023726048,0,0.0,0.9922,0.0,0.0078
10009,18,loschmidt,nz0.9,25000,10.541943040325386,0,0.0,1.0,0.0,0.0
10009,18,swap,snr1,25000,20.727046147047382,0,1.0,0.0,0.0,0.0
10009,18,swap,snr2,25000,21.329106138375344,0,1.0,0.0,0.0,0.0
10009,18,swap,dir0.75,25000,20.384996855812254,0,0.0,4e-05,0.99996,0.0
10009,18,swap,dir0.9,25000,20.942518318054823,0,0.0,4e-05,0.99996,0.0
10009,18,swap,nz0.9,25000,1.505149978319906,0,0.0,1.0,0.0,0.0
10009,20,loschmidt,snr1,25000,11.702652146256415,0,1.0,0.0,0.0,0.0
10009,20,loschmidt,snr2,25000,12.304712137584161,0,1.0,0.0,0.0,0.0
10009,20,loschmidt,dir0.75,25000,11.698299101467482,0,0.0,0.99604,0.0,0.00396
10009,20,loschmidt,dir0.9,25000,12.020583989723805,0,0.0,0.99152,0.0,0.00848
10009,20,loschmidt,nz0.9,25000,11.724402956211097,0,0.0,1.0,0.0,0.0
10009,20,swap,snr1,25000,23.098060831929185,0,1.0,0.0,0.0,0.0
10009,20,swap,snr2,25000,23.700120823257148,0,1.0,0.0,0.0,0.0
10009,20,swap,dir0.75,25000,22.756011540639413,0,0.0,0.0,1.0,0.0
10009,20,swap,dir0.9,25000,23.31353300292149,0,0.0,0.0,1.0,0.0
10009,20,swap,nz0.9,25000,1.505149978319906,0,0.0,1.0,0.0,0.0
10009,22,loschmidt,snr1,25000,12.94295532522512,0,1.0,0.0,0.0,0.0
10009,22,loschmidt,snr2,25000,13.54501531655307,0,1.0,0.0,0.0,0.0
10009,22,loschmidt,dir0.75,25000,12.936423124243278,0,0.0,0.99636,0.0,0.00364
10009,22,loschmidt,dir0.9,25000,13.262304040995083,0,0.0,0.99248,0.0,0.00752
10009,22,loschmidt,nz0.9,25000,12.970716262192997,0,0.0,1.0,0.0,0.0
10009,22,swap,snr1,25000,25.588991402296216,0,1.0,0.0,0.0,0.0
10009,22,swap,snr2,25000,26.19105139362418,0,1.0,0.0,0.0,0.0
10009,22,swap,dir0.75,25000,25.246942111002845,0,0.0,0.0,1.0,0.0
10009,22,swap,dir0.9,25000,25.80446357328752,0,0.0,0.0,1.0,0.0
10009,22,swap,nz0.9,25000,1.505149978319906,0,0.0,1.0,0.0,0.0
10009,24,loschmidt,snr1,25000,14.097894248091052,0,1.0,0.0,0.0,0.0
10009,24,loschmidt,snr2,25000,14.699954239419014,0,1.0,0.0,0.0,0.0
10009,24,loschmidt,dir0.75,25000,14.096243867486297,0,0.0,0.99596,0.0,0.00404
10009,24,loschmidt,dir0.9,25000,14.415372623955848,0,0.0,0.9928,0.0,0.0072
10009,24,loschmidt,nz0.9,25000,14.134978504493,0,0.0,1.0,0.0,0.0
10009,24,swap,snr1,25000,27.91871283615887,0,1.0,0.0,0.0,0.0
10009,24,swap,snr2,25000,28.520772827486834,0,1.0,0.0,0.0,0.0
10009,24,swap,dir0.75,25000,27.5766635448653,0,0.0,0.0,1.0,0.0
10009,24,swap,dir0.9,25000,28.134185007150123,0,0.0,0.0,1.0,0.0
10009,24,swap,nz0.9,25000,1.505149978319906,0,0.0,1.0,0.0,0.0
10010,2,loschmidt,snr1,25000,0.7781512503836436,0,1.0,0.0,0.0,0.0
10010,2,loschmidt,snr2,25000,1.3424226808222062,0,1.0,0.0,0.0,0.0
10010,2,loschmidt,dir0.75,25000,0.8450980400142568,0,0.0,0.99608,0.0,0.00392
10010,2,loschmidt,dir0.9,25000,1.1139433523068367,0,0.0,0.99252,0.0,0.00748
10010,2,loschmidt,nz0.9,25000,1.0,0,0.0,1.0,0.0,0.0
10010,2,swap,snr1,25000,1.5563025007672873,0,1.0,0.0,0.0,0.0
10010,2,swap,snr2,25000,2.1492191126553797,0,1.0,0.0,0.0,0.0
10010,2,swap,dir0.75,25000,1.380211241711606,0,0.0,0.89584,0.10416,0.0
10010,2,swap,dir0.9,25000,1.8260748027008264,0,0.0,0.85864,0.14136,0.0
10010,2,swap,nz0.9,25000,1.3010299956639813,0,0.0,1.0,0.0,0.0
10010,4,loschmidt,snr1,25000,2.0863598306747484,0,1.0,0.0,0.0,0.0
10010,4,loschmidt,snr2,25000,2.6884198220027105,0,1.0,0.0,0.0,0.0
10010,4,loschmidt,dir0.75,25000,2.0827853703164503,0,0.0,0.99516,0.0,0.00484
10010,4,loschmidt,dir0.9,25000,2.404833716619938,0,0.0,0.99104,0.0,0.00896
10010,4,loschmidt,nz0.9,25000,2.146128035678238,0,0.0,1.0,0.0,0.0
10010,4,swap,snr1,25000,3.9241241254686763,0,1.0,0.0,0.0,0.0
10010,4,swap,snr2,25000,4.526164718929651,0,1.0,0.0,0.0,0.0
10010,4,swap,dir0.75,25000,3.596542114681502,0,0.0,0.55884,0.44116,0.0
10010,4,swap,dir0.9,25000,4.143625225712121,0,0.0,0.478,0.522,0.0
10010,4,swap,nz0.9,25000,1.505149978319906,0,0.0,1.0,0.0,0.0
10010,6,loschmidt,snr1,25000,3.2676409823459154,0,1.0,0.0,0.0,0.0
10010,6,loschmidt,snr2,25000,3.8695250628572273,0,1.0,0.0,0.0,0.0
10010,6,loschmidt,dir0.75,25000,3.2669368476435507,0,0.0,0.99572,0.0,0.00428
10010,6,loschmidt,dir0.9,25000,3.5847833643008995,0,0.0,0.99188,0.0,0.00812
10010,6,loschmidt,nz0.9,25000,3.2984163800612945,0,0.0,1.0,0.0,0.0
10010,6,swap,snr1,25000,6.241226903978722,0,1.0,0.0,0.0,0.0
10010,6,swap,snr2,25000,6.843286832965584,0,1.0,0.0,0.0,0.0
10010,6,swap,dir0.75,25000,5.9001984007107975,0,0.0,0.26312,0.73688,0.0
10010,6,swap,dir0.9,25000,6.456982134376862,0,0.0,0.1992,0.8008,0.0
10010,6,swap,nz0.9,25000,1.505149978319906,0,0.0,1.0,0.0,0.0
10010,8,loschmidt,snr1,25000,4.49027457769785,0,1.0,0.0,0.0,0.0
10010,8,loschmidt,snr2,25000,5.092329300614258,0,1.0,0.0,0.0,0.0
10010,8,loschmidt,dir0.75,25000,4.479553710053597,0,0.0,0.99612,0.0,0.00388
10010,8,loschmidt,dir0.9,25000,4.807737913118707,0,0.0,0.99196,0.0,0.00804
10010,8,loschmidt,nz0.9,25000,4.516971432469327,0,0.0,1.0,0.0,0.0
10010,8,swap,snr1,25000,8.677818608878065,0,1.0,0.0,0.0,0.0
10010,8,swap,snr2,25000,9.279878599863956,0,1.0,0.0,0.0,0.0
10010,8,swap,dir0.75,25000,8.335831174814004,0,0.0,0.09572,0.90428,0.0
10010,8,swap,dir0.9,25000,8.893307915304113,0,0.0,0.06084,0.93916,0.0
10010,8,swap,nz0.9,25000,1.505149978319906,0,0.0,1.0,0.0,0.0
10010,10,loschmidt,snr1,25000,5.708657939294113,0,1.0,0.0,0.0,0.0
10010,10,loschmidt,snr2,25000,6.310717612000501,0,1.0,0.0,0.0,0.0
10010,10,loschmidt,dir0.75,25000,5.703153323204692,0,0.0,0.9956,0.0,0.0044
10010,10,loschmidt,dir0.9,25000,6.024134487978232,0,0.0,0.99092,0.0,0.00908
10010,10,loschmidt,nz0.9,25000,5.7351767252063155,0,0.0,1.0,0.0,0.0
10010,10,swap,snr1,25000,11.112921084820075,0,1.0,0.0,0.0,0.0
10010,10,swap,snr2,25000,11.714981076145943,0,1.0,0.0,0.0,0.0
10010,10,swap,dir0.75,25000,10.770875542263195,0,0.0,0.02724,0.97276,0.0
10010,10,swap,dir0.9,25000,11.328394294211382,0,0.0,0.01492,0.98508,0.0
10010,10,swap,nz0.9,25000,1.505149978319906,0,0.0,1.0,0.0,0.0
10010,12,loschmidt,snr1,25000,6.888798187199027,0,1.0,0.0,0.0,0.0
10010,12,loschmidt,snr2,25000,7.490858157486187,0,1.0,0.0,0.0,0.0
10010,12,loschmidt,dir0.75,25000,6.88004738542185,0,0.0,0.9956,0.0,0.0044
10010,12,loschmidt,dir0.9,25000,7.203252807086507,0,0.0,0.99188,0.0,0.00812
10010,12,loschmidt,nz0.9,25000,6.932948278109771,0,0.0,1.0,0.0,0.0
10010,12,swap,snr1,25000,13.501232570266946,0,1.0,0.0,0.0,0.0
10010,12,swap,snr2,25000,14.103292561594902,0,1.0,0.0,0.0,0.0
10010,12,swap,dir0.75,25000,13.159183518708744,0,0.0,0.00688,0.99312,0.0
10010,12,swap,dir0.9,25000,13.71670480766472,0,0.0,0.00312,0.99688,0.0
10010,12,swap,nz0.9,25000,1.505149978319906,0,0.0,1.0,0.0,0.0
10010,14,loschmidt,snr1,25000,8.10415421504387,0,1.0,0.0,0.0,0.0
10010,14,loschmidt,snr2,25000,8.706214205517519,0,1.0,0.0,0.0,0.0
10010,14,loschmidt,dir0.75,25000,8.109088568968192,0,0.0,0.99624,0.0,0.00376
10010,14,loschmidt,dir0.9,25000,8.424241712499732,0,0.0,0.99212,0.0,0.00788
10010,14,loschmidt,nz0.9,25000,8.137425472102034,0,0.0,1.0,0.0,0.0
10010,14,swap,snr1,25000,15.926498985324574,0,1.0,0.0,0.0,0.0
10010,14,swap,snr2,25000,16.528558976652537,0,1.0,0.0,0.0,0.0
10010,14,swap,dir0.75,25000,15.584449708723605,0,0.0,0.00104,0.99896,0.0
10010,14,swap,dir0.9,25000,16.141971160385665,0,0.0,0.0004,0.9996,0.0
10010,14,swap,nz0.9,25000,1.505149978319906,0,0.0,1.0,0.0,0.0
10010,16,loschmidt,snr1,25000,9.288080927710059,0,1.0,0.0,0.0,0.0
10010,16,loschmidt,snr2,25000,9.89014091892621,0,1.0,0.0,0.0,0.0
10010,16,loschmidt,dir0.75,25000,9.279223675802339,0,0.0,0.99552,0.0,0.00448
10010,16,loschmidt,dir0.9,25000,9.608270926713644,0,0.0,0.99156,0.0,0.00844
10010,16,loschmidt,nz0.9,25000,9.320184849970069,0,0.0,1.0,0.0,0.0
10010,16,swap,snr1,25000,18.280207151994993,0,1.0,0.0,0.0,0.0
10010,16,swap,snr2,25000,18.882267143322956,0,1.0,0.0,0.0,0.0
10010,16,swap,dir0.75,25000,17.9381578616792,0,0.0,0.00048,0.99952,0.0
10010,16,swap,dir0.9,25000,18.495679323257093,0,0.0,0.00024,0.99976,0.0
10010,16,swap,nz0.9,25000,1.505149978319906,0,0.0,1.0,0.0,0.0
10010,18,loschmidt,snr1,25000,10.524572870125663,0,1.0,0.0,0.0,0.0
10010,18,loschmidt,snr2,25000,11.126632861450378,0,1.0,0.0,0.0,0.0
10010,18,loschmidt,dir0.75,25000,10.518938484065913,0,0.0,0.99596,0.0,0.00404
10010,18,loschmidt,dir0.9,25000,10.843089730671595,0,0.0,0.99172,0.0,0.00828
10010,18,loschmidt,nz0.9,25000,10.55994316036968,0,0.0,1.0,0.0,0.0
10010,18,swap,snr1,25000,20.7720892798387,0,1.0,0.0,0.0,0.0
10010,18,swap,snr2,25000,21.37414927116666,0,1.0,0.0,0.0,0.0
10010,18,swap,dir0.75,25000,20.430039988600615,0,0.0,0.0,1.0,0.0
10010,18,swap,dir0.9,25000,20.98756145084532,0,0.0,0.0,1.0,0.0
10010,18,swap,nz0.9,25000,1.505149978319906,0,0.0,1.0,0.0,0.0
10010,20,loschmidt,snr1,25000,11.745009112092738,0,1.0,0.0,0.0,0.0
10010,20,loschmidt,snr2,25000,12.34706910342031,0,1.0,0.0,0.0,0.0
10010,20,loschmidt,dir0.75,25000,11.741538526425314,0,0.0,0.99604,0.0,0.00396
10010,20,loschmidt,dir0.9,25000,12.059131259705065,0,0.0,0.99148,0.0,0.00852
10010,20,loschmidt,nz0.9,25000,11.78309968599217,0,0.0,1.0,0.0,0.0
10010,20,swap,snr1,25000,23.182935311432807,0,1.0,0.0,0.0,0.0
10010,20,swap,snr2,25000,23.78499530276077,0,1.0,0.0,0.0,0.0
10010,20,swap,dir0.75,25000,22.840886020142676,0,0.0,0.0,1.0,0.0
10010,20,swap,dir0.9,25000,23.398407482425007,0,0.0,0.0,1.0,0.0
10010,20,swap,nz0.9,25000,1.505149978319906,0,0.0,1.0,0.0,0.0
10010,22,loschmidt,snr1,25000,12.929942538867639,0,1.0,0.0,0.0,0.0
10010,22,loschmidt,snr2,25000,13.532002530195562,0,1.0,0.0,0.0,0.0
10010,22,loschmidt,dir0.75,25000,12.918037240717013,0,0.0,0.99516,0.0,0.00484
10010,22,loschmidt,dir0.9,25000,13.246689489543233,0,0.0,0.99104,0.0,0.00896
10010,22,loschmidt,nz0.9,25000,12.95426971736574,0,0.0,1.0,0.0,0.0
10010,22,swap,snr1,25000,25.54783897537122,0,1.0,0.0,0.0,0.0
10010,22,swap,snr2,25000,26.149898966699183,0,1.0,0.0,0.0,0.0
10010,22,swap,dir0.75,25000,25.205789684077864,0,0.0,0.0,1.0,0.0
10010,22,swap,dir0.9,25000,25.763311146362533,0,0.0,0.0,1.0,0.0
10010,22,swap,nz0.9,25000,1.505149978319906,0,0.0,1.0,0.0,0.0
10010,24,loschmidt,snr1,25000,14.123543666595701,0,1.0,0.0,0.0,0.0
10010,24,loschmidt,snr2,25000,14.725603657923664,0,1.0,0.0,0.0,0.0
10010,24,loschmidt,dir0.75,25000,14.120765623870655,0,0.0,0.99552,0.0,0.00448
10010,24,loschmidt,dir0.9,25000,14.448024393000164,0,0.0,0.99188,0.0,0.00812
10010,24,loschmidt,nz0.9,25000,14.163413799574386,0,0.0,1.0,0.0,0.0
10010,24,swap,snr1,25000,27.94448288621534,0,1.0,0.0,0.0,0.0
10010,24,swap,snr2,25000,28.546542877543303,0,1.0,0.0,0.0,0.0
10010,24,swap,dir0.75,25000,27.602433594921777,0,0.0,0.0,1.0,0.0
10010,24,swap,dir0.9,25000,28.159955057206595,0,0.0,0.0,1.0,0.0
10010,24,swap,nz0.9,25000,1.505149978319906,0,0.0,1.0,0.0,0.0
10011,2,loschmidt,snr1,25000,0.7781512503836436,0,1.0,0.0,0.0,0.0
10011,2,loschmidt,snr2,25000,1.3617278360175928,0,1.0,0.0,0.0,0.0
10011,2,loschmidt,dir0.75,25000,0.8450980400142568,0,0.0,0.99548,0.0,0.00452
10011,2,loschmidt,dir0.9,25000,1.1139433523068367,0,0.0,0.99128,0.0,0.00872
10011,2,loschmidt,nz0.9,25000,1.0,0,0.0,1.0,0.0,0.0
10011,2,swap,snr1,25000,1.5563025007672873,0,1.0,0.0,0.0,0.0
10011,2,swap,snr2,25000,2.1522883443830563,0,1.0,0.0,0.0,0.0
10011,2,swap,dir0.75,25000,1.380211241711606,0,0.0,0.89356,0.10644,0.0
10011,2,swap,dir0.9,25000,1.8260748027008264,0,0.0,0.85268,0.14732,0.0
10011,2,swap,nz0.9,25000,1.3010299956639813,0,0.0,1.0,0.0,0.0
10011,4,loschmidt,snr1,25000,2.089905111439398,0,1.0,0.0,0.0,0.0
10011,4,loschmidt,snr2,25000,2.690196080028514,0,1.0,0.0,0.0,0.0
10011,4,loschmidt,dir0.75,25000,2.089905111439398,0,0.0,0.99624,0.0,0.00376
10011,4,loschmidt,dir0.9,25000,2.41161970596323,0,0.0,0.99224,0.0,0.00776
10011,4,loschmidt,nz0.9,25000,2.161368002234975,0,0.0,1.0,0.0,0.0
10011,4,swap,snr1,25000,3.957271956199741,0,1.0,0.0,0.0,0.0
10011,4,swap,snr2,25000,4.559296006407189,0,1.0,0.0,0.0,0.0
10011,4,swap,dir0.75,25000,3.6290526107614554,0,0.0,0.55576,0.44424,0.0
10011,4,swap,dir0.9,25000,4.176609782196557,0,0.0,0.47204,0.52796,0.0
10011,4,swap,nz0.9,25000,1.505149978319906,0,0.0,1.0,0.0,0.0
10011,6,loschmidt,snr1,25000,3.28397928423848,0,1.0,0.0,0.0,0.0
10011,6,loschmidt,snr2,25000,3.8860392755664424,0,1.0,0.0,0.0,0.0
10011,6,loschmidt,dir0.75,25000,3.274619619091238,0,0.0,0.99568,0.0,0.00432
10011,6,loschmidt,dir0.9,25000,3.600210292721526,0,0.0,0.99212,0.0,0.00788
10011,6,loschmidt,nz0.9,25000,3.3192101817001443,0,0.0,1.0,0.0,0.0
10011,6,swap,snr1,25000,6.275415688483559,0,1.0,0.0,0.0,0.0
10011,6,swap,snr2,25000,6.877475679811521,0,1.0,0.0,0.0,0.0
10011,6,swap,dir0.75,25000,5.934347914640586,0,0.0,0.25768,0.74232,0.0
10011,6,swap,dir0.9,25000,6.4911600611577525,0,0.0,0.19232,0.80768,0.0
10011,6,swap,nz0.9,25000,1.505149978319906,0,0.0,1.0,0.0,0.0
10011,8,loschmidt,snr1,25000,4.494467671549782,0,1.0,0.0,0.0,0.0
10011,8,loschmidt,snr2,25000,5.096525923967863,0,1.0,0.0,0.0,0.0
10011,8,loschmidt,dir0.75,25000,4.485273952625666,0,0.0,0.99524,0.0,0.00476
10011,8,loschmidt,dir0.9,25000,4.808099511515479,0,0.0,0.99192,0.0,0.00808
10011,8,loschmidt,nz0.9,25000,4.526113022218371,0,0.0,1.0,0.0,0.0
10011,8,swap,snr1,25000,8.694026387091498,0,1.0,0.0,0.0,0.0
10011,8,swap,snr2,25000,9.29608637841946,0,1.0,0.0,0.0,0.0
10011,8,swap,dir0.75,25000,8.352037809885186,0,0.0,0.08992,0.91008,0.0
10011,8,swap,dir0.9,25000,8.909515377071493,0,0.0,0.05796,0.94204,0.0
10011,8,swap,nz0.9,25000,1.505149978319906,0,0.0,1.0,0.0,0.0
10011,10,loschmidt,snr1,25000,5.67872408153106,0,1.0,0.0,0.0,0.0
10011,10,loschmidt,snr2,25000,6.280784072859022,0,1.0,0.0,0.0,0.0
10011,10,loschmidt,dir0.75,25000,5.678218721867023,0,0.0,0.996,0.0,0.004
10011,10,loschmidt,dir0.9,25000,5.997649536983232,0,0.0,0.99236,0.0,0.00764
10011,10,loschmidt,nz0.9,25000,5.7198216219579745,0,0.0,1.0,0.0,0.0
10011,10,swap,snr1,25000,11.080609703596274,0,1.0,0.0,0.0,0.0
10011,10,swap,snr2,25000,11.68266969492198,0,1.0,0.0,0.0,0.0
10011,10,swap,dir0.75,25000,10.738564303119231,0,0.0,0.02708,0.97292,0.0
10011,10,swap,dir0.9,25000,11.296082952344154,0,0.0,0.0164,0.9836,0.0
10011,10,swap,nz0.9,25000,1.505149978319906,0,0.0,1.0,0.0,0.0
10011,12,loschmidt,snr1,25000,6.921778134546893,0,1.0,0.0,0.0,0.0
10011,12,loschmidt,snr2,25000,7.5238381128747704,0,1.0,0.0,0.0,0.0
10011,12,loschmidt,dir0.75,25000,6.914386069983677,0,0.0,0.99608,0.0,0.00392
10011,12,loschmidt,dir0.9,25000,7.240932717984082,0,0.0,0.9914,0.0,0.0086
10011,12,loschmidt,nz0.9,25000,6.949766233020809,0,0.0,1.0,0.0,0.0
10011,12,swap,snr1,25000,13.536123799196602,0,1.0,0.0,0.0,0.0
10011,12,swap,snr2,25000,14.138183790524561,0,1.0,0.0,0.0,0.0
10011,12,swap,dir0.75,25000,13.194074738199092,0,0.0,0.00656,0.99344,0.0
10011,12,swap,dir0.9,25000,13.751596033979698,0,0.0,0.00356,0.99644,0.0
10011,12,swap,nz0.9,25000,1.505149978319906,0,0.0,1.0,0.0,0.0
10011,14,loschmidt,snr1,25000,8.102254986689712,0,1.0,0.0,0.0,0.0
10011,14,loschmidt,snr2,25000,8.70431497716045,0,1.0,0.0,0.0,0.0
10011,14,loschmidt,dir0.75,25000,8.104492093720124,0,0.0,0.99536,0.0,0.00464
10011,14,loschmidt,dir0.9,25000,8.422864889561456,0,0.0,0.99116,0.0,0.00884
10011,14,loschmidt,nz0.9,25000,8.143039722792341,0,0.0,1.0,0.0,0.0
10011,14,swap,snr1,25000,15.916264604829918,0,1.0,0.0,0.0,0.0
10011,14,swap,snr2,25000,16.518324596157882,0,1.0,0.0,0.0,0.0
10011,14,swap,dir0.75,25000,15.574215328403092,0,0.0,0.00128,0.99872,0.0
10011,14,swap,dir0.9,25000,16.131736779939246,0,0.0,0.00056,0.99944,0.0
10011,14,swap,nz0.9,25000,1.505149978319906,0,0.0,1.0,0.0,0.0
10011,16,loschmidt,snr1,25000,9.305096551048397,0,1.0,0.0,0.0,0.0
10011,16,loschmidt,snr2,25000,9.907156542295684,0,1.0,0.0,0.0,0.0
10011,16,loschmidt,dir0.75,25000,9.29979066342202,0,0.0,0.99544,0.0,0.00456
10011,16,loschmidt,dir0.9,25000,9.624985124283377,0,0.0,0.99176,0.0,0.00824
10011,16,loschmidt,nz0.9,25000,9.335317122354287,0,0.0,1.0,0.0,0.0
10011,16,swap,snr1,25000,18.310704712037225,0,1.0,0.0,0.0,0.0
10011,16,swap,snr2,25000,18.912764703365188,0,1.0,0.0,0.0,0.0
10011,16,swap,dir0.75,25000,17.968655421687693,0,0.0,0.00012,0.99988,0.0
10011,16,swap,dir0.9,25000,18.52617688328997,0,0.0,4e-05,0.99996,0.0
10011,16,swap,nz0.9,25000,1.505149978319906,0,0.0,1.0,0.0,0.0
10011,18,loschmidt,snr1,25000,10.532790753728726,0,1.0,0.0,0.0,0.0
10011,18,loschmidt,snr2,25000,11.134850745050322,0,1.0,0.0,0.0,0.0
10011,18,loschmidt,dir0.75,25000,10.525438521132548,0,0.0,0.996,0.0,0.004
10011,18,loschmidt,dir0.9,25000,10.852821655191889,0,0.0,0.99176,0.0,0.00824
10011,18,loschmidt,nz0.9,25000,10.56390040517116,0,0.0,1.0,0.0,0.0
10011,18,swap,snr1,25000,20.758426330678773,0,1.0,0.0,0.0,0.0
10011,18,swap,snr2,25000,21.360486322006736,0,1.0,0.0,0.0,0.0
10011,18,swap,dir0.75,25000,20.41637703944157,0,0.0,0.0,1.0,0.0
10011,18,swap,dir0.9,25000,20.97389850168564,0,0.0,0.0,1.0,0.0
10011,18,swap,nz0.9,25000,1.505149978319906,0,0.0,1.0,0.0,0.0
10011,20,loschmidt,snr1,25000,11.716778051464003,0,1.0,0.0,0.0,0.0
10011,20,loschmidt,snr2,25000,12.318838042791548,0,1.0,0.0,0.0,0.0
10011,20,loschmidt,dir0.75,25000,11.699512832524027,0,0.0,0.99548,0.0,0.00452
10011,20,loschmidt,dir0.9,25000,12.030655534898514,0,0.0,0.99168,0.0,0.00832
10011,20,loschmidt,nz0.9,25000,11.735722573417561,0,0.0,1.0,0.0,0.0
10011,20,swap,snr1,25000,23.103219220035683,0,1.0,0.0,0.0,0.0
10011,20,swap,snr2,25000,23.705279211363646,0,1.0,0.0,0.0,0.0
10011,20,swap,dir0.75,25000,22.761169928745886,0,0.0,0.0,1.0,0.0
10011,20,swap,dir0.9,25000,23.318691391027983,0,0.0,0.0,1.0,0.0
10011,20,swap,nz0.9,25000,1.505149978319906,0,0.0,1.0,0.0,0.0
10011,22,loschmidt,snr1,25000,12.918843870338568,0,1.0,0.0,0.0,0.0
10011,22,loschmidt,snr2,25000,13.520903861666492,0,1.0,0.0,0.0,0.0
10011,22,loschmidt,dir0.75,25000,12.908958902682182,0,0.0,0.99604,0.0,0.00396
10011,22,loschmidt,dir0.9,25000,13.231325441169382,0,0.0,0.99204,0.0,0.00796
10011,22,loschmidt,nz0.9,25000,12.959945811349414,0,0.0,1.0,0.0,0.0
10011,22,swap,snr1,25000,25.533973329907653,0,1.0,0.0,0.0,0.0
10011,22,swap,snr2,25000,26.136033321235615,0,1.0,0.0,0.0,0.0
10011,22,swap,dir0.75,25000,25.191924038614303,0,0.0,0.0,1.0,0.0
10011,22,swap,dir0.9,25000,25.749445500898965,0,0.0,0.0,1.0,0.0
10011,22,swap,nz0.9,25000,1.505149978319906,0,0.0,1.0,0.0,0.0
10011,24,loschmidt,snr1,25000,14.142888833703779,0,1.0,0.0,0.0,0.0
10011,24,loschmidt,snr2,25000,14.744948825031738,0,1.0,0.0,0.0,0.0
10011,24,loschmidt,dir0.75,25000,14.139012014654384,0,0.0,0.99592,0.0,0.00408
10011,24,loschmidt,dir0.9,25000,14.46087624964629,0,0.0,0.99268,0.0,0.00732
10011,24,loschmidt,nz0.9,25000,14.169000774734918,0,0.0,1.0,0.0,0.0
10011,24,swap,snr1,25000,27.971414670111074,0,1.0,0.0,0.0,0.0
10011,24,swap,snr2,25000,28.573474661439036,0,1.0,0.0,0.0,0.0
10011,24,swap,dir0.75,25000,27.629365378817507,0,0.0,0.0,1.0,0.0
10011,24,swap,dir0.9,25000,28.18688684110233,0,0.0,0.0,1.0,0.0
10011,24,swap,nz0.9,25000,1.505149978319906,0,0.0,1.0,0.0,0.0
10012,2,loschmidt,snr1,25000,0.7781512503836436,0,1.0,0.0,0.0,0.0
10012,2,loschmidt,snr2,25000,1.3424226808222062,0,1.0,0.0,0.0,0.0
10012,2,loschmidt,dir0.75,25000,0.8450980400142568,0,0.0,0.99528,0.0,0.00472
10012,2,loschmidt,dir0.9,25000,1.1139433523068367,0,0.0,0.9914,0.0,0.0086
10012,2,loschmidt,nz0.9,25000,1.0,0,0.0,1.0,0.0,0.0
10012,2,swap,snr1,25000,1.5563025007672873,0,1.0,0.0,0.0,0.0
10012,2,swap,snr2,25000,2.1522883443830563,0,1.0,0.0,0.0,0.0
10012,2,swap,dir0.75,25000,1.380211241711606,0,0.0,0.89396,0.10604,0.0
10012,2,swap,dir0.9,25000,1.8260748027008264,0,0.0,0.85576,0.14424,0.0
10012,2,swap,nz0.9,25000,1.3010299956639813,0,0.0,1.0,0.0,0.0
10012,4,loschmidt,snr1,25000,2.0718820073061255,0,1.0,0.0,0.0,0.0
10012,4,loschmidt,snr2,25000,2.6720978579357175,0,1.0,0.0,0.0,0.0
10012,4,loschmidt,dir0.75,25000,2.0681858617461617,0,0.0,0.99588,0.0,0.00412
10012,4,loschmidt,dir0.9,25000,2.3891660843645326,0,0.0,0.99228,0.0,0.00772
10012,4,loschmidt,nz0.9,25000,2.1335389083702174,0,0.0,1.0,0.0,0.0
10012,4,swap,snr1,25000,3.902601130666531,0,1.0,0.0,0.0,0.0
10012,4,swap,snr2,25000,4.504640740981253,0,1.0,0.0,0.0,0.0
10012,4,swap,dir0.75,25000,3.575303333422399,0,0.0,0.5626,0.4374,0.0
10012,4,swap,dir0.9,25000,4.1222026231628455,0,0.0,0.48144,0.51856,0.0
10012,4,swap,nz0.9,25000,1.505149978319906,0,0.0,1.0,0.0,0.0
10012,6,loschmidt,snr1,25000,3.2754265214715605,0,1.0,0.0,0.0,0.0
10012,6,loschmidt,snr2,25000,3.877457726792859,0,1.0,0.0,0.0,0.0
10012,6,loschmidt,dir0.75,25000,3.2695129442179165,0,0.0,0.99588,0.0,0.00412
10012,6,loschmidt,dir0.9,25000,3.5910645927498885,0,0.0,0.99276,0.0,0.00724
10012,6,loschmidt,nz0.9,25000,3.312388897850519,0,0.0,1.0,0.0,0.0
10012,6,swap,snr1,25000,6.267913026678972,0,1.0,0.0,0.0,0.0
10012,6,swap,snr2,25000,6.869972930107526,0,1.0,0.0,0.0,0.0
10012,6,swap,dir0.75,25000,5.926853659248604,0,0.0,0.25528,0.74472,0.0
10012,6,swap,dir0.9,25000,6.48365966585654,0,0.0,0.19052,0.80948,0.0
10012,6,swap,nz0.9,25000,1.505149978319906,0,0.0,1.0,0.0,0.0
10012,8,loschmidt,snr1,25000,4.481421125345625,0,1.0,0.0,0.0,0.0
10012,8,loschmidt,snr2,25000,5.083477533592726,0,1.0,0.0,0.0,0.0
10012,8,loschmidt,dir0.75,25000,4.485536790245575,0,0.0,0.99612,0.0,0.00388
10012,8,loschmidt,dir0.9,25000,4.8068308971685525,0,0.0,0.993,0.0,0.007
10012,8,loschmidt,nz0.9,25000,4.532531435484896,0,0.0,1.0,0.0,0.0
10012,8,swap,snr1,25000,8.70332231921431,0,1.0,0.0,0.0,0.0
10012,8,swap,snr2,25000,9.305382310112314,0,1.0,0.0,0.0,0.0
10012,8,swap,dir0.75,25000,8.361333095287339,0,0.0,0.09412,0.90588,0.0
10012,8,swap,dir0.9,25000,8.918811129687057,0,0.0,0.06044,0.93956,0.0
10012,8,swap,nz0.9,25000,1.505149978319906,0,0.0,1.0,0.0,0.0
10012,10,loschmidt,snr1,25000,5.700794976744717,0,1.0,0.0,0.0,0.0
10012,10,loschmidt,snr2,25000,6.302854751855927,0,1.0,0.0,0.0,0.0
10012,10,loschmidt,dir0.75,25000,5.6906367979910915,0,0.0,0.99656,0.0,0.00344
10012,10,loschmidt,dir0.9,25000,6.0110884219547875,0,0.0,0.99264,0.0,0.00736
10012,10,loschmidt,nz0.9,25000,5.7341486862396485,0,0.0,1.0,0.0,0.0
10012,10,swap,snr1,25000,11.103219607429907,0,1.0,0.0,0.0,0.0
10012,10,swap,snr2,25000,11.705279598755729,0,1.0,0.0,0.0,0.0
10012,10,swap,dir0.75,25000,10.761174106978142,0,0.0,0.02712,0.97288,0.0
10012,10,swap,dir0.9,25000,11.318692828484476,0,0.0,0.01508,0.98492,0.0
10012,10,swap,nz0.9,25000,1.505149978319906,0,0.0,1.0,0.0,0.0
10012,12,loschmidt,snr1,25000,6.879236972255244,0,1.0,0.0,0.0,0.0
10012,12,loschmidt,snr2,25000,7.481296949249099,0,1.0,0.0,0.0,0.0
10012,12,loschmidt,dir0.75,25000,6.880648234331529,0,0.0,0.99568,0.0,0.00432
10012,12,loschmidt,dir0.9,25000,7.196166627399712,0,0.0,0.99196,0.0,0.00804
10012,12,loschmidt,nz0.9,25000,6.927774434091716,0,0.0,1.0,0.0,0.0
10012,12,swap,snr1,25000,13.50202237222388,0,1.0,0.0,0.0,0.0
10012,12,swap,snr2,25000,14.104082363551834,0,1.0,0.0,0.0,0.0
10012,12,swap,dir0.75,25000,13.159973320447786,0,0.0,0.00612,0.99388,0.0
10012,12,swap,dir0.9,25000,13.717494609561296,0,0.0,0.00312,0.99688,0.0
10012,12,swap,nz0.9,25000,1.505149978319906,0,0.0,1.0,0.0,0.0
10012,14,loschmidt,snr1,25000,8.140227148414386,0,1.0,0.0,0.0,0.0
10012,14,loschmidt,snr2,25000,8.742287137383943,0,1.0,0.0,0.0,0.0
10012,14,loschmidt,dir0.75,25000,8.126448862518195,0,0.0,0.99576,0.0,0.00424
10012,14,loschmidt,dir0.9,25000,8.457346402365042,0,0.0,0.99208,0.0,0.00792
10012,14,loschmidt,nz0.9,25000,8.165076198322556,0,0.0,1.0,0.0,0.0
10012,14,swap,snr1,25000,15.971359187609568,0,1.0,0.0,0.0,0.0
10012,14,swap,snr2,25000,16.57341917893753,0,1.0,0.0,0.0,0.0
10012,14,swap,dir0.75,25000,15.62930991026903,0,0.0,0.0014,0.9986,0.0
10012,14,swap,dir0.9,25000,16.186831362465803,0,0.0,0.0006,0.9994,0.0
10012,14,swap,nz0.9,25000,1.505149978319906,0,0.0,1.0,0.0,0.0
10012,16,loschmidt,snr1,25000,9.35678904470546,0,1.0,0.0,0.0,0.0
10012,16,loschmidt,snr2,25000,9.95884903593793,0,1.0,0.0,0.0,0.0
10012,16,loschmidt,dir0.75,25000,9.349573634684065,0,0.0,0.99512,0.0,0.00488
10012,16,loschmidt,dir0.9,25000,9.673229658078373,0,0.0,0.9916,0.0,0.0084
10012,16,loschmidt,nz0.9,25000,9.395248937974314,0,0.0,1.0,0.0,0.0
10012,16,swap,snr1,25000,18.430773510000485,0,1.0,0.0,0.0,0.0
10012,16,swap,snr2,25000,19.032833501328447,0,1.0,0.0,0.0,0.0
10012,16,swap,dir0.75,25000,18.08872421952907,0,0.0,0.00032,0.99968,0.0
10012,16,swap,dir0.9,25000,18.646245681219472,0,0.0,0.00016,0.99984,0.0
10012,16,swap,nz0.9,25000,1.505149978319906,0,0.0,1.0,0.0,0.0
10012,18,loschmidt,snr1,25000,10.521399057478593,0,1.0,0.0,0.0,0.0
10012,18,loschmidt,snr2,25000,11.12345904879675,0,1.0,0.0,0.0,0.0
10012,18,loschmidt,dir0.75,25000,10.511504573060568,0,0.0,0.99456,0.0,0.00544
10012,18,loschmidt,dir0.9,25000,10.835480202406156,0,0.0,0.99028,0.0,0.00972
10012,18,loschmidt,nz0.9,25000,10.562084162142972,0,0.0,1.0,0.0,0.0
10012,18,swap,snr1,25000,20.760480104915235,0,1.0,0.0,0.0,0.0
10012,18,swap,snr2,25000,21.362540096243197,0,1.0,0.0,0.0,0.0
10012,18,swap,dir0.75,25000,20.4184308136779,0,0.0,4e-05,0.99996,0.0
10012,18,swap,dir0.9,25000,20.97595227592206,0,0.0,4e-05,0.99996,0.0
10012,18,swap,nz0.9,25000,1.505149978319906,0,0.0,1.0,0.0,0.0
10012,20,loschmidt,snr1,25000,11.674381885848756,0,1.0,0.0,0.0,0.0
10012,20,loschmidt,snr2,25000,12.276441877176488,0,1.0,0.0,0.0,0.0
10012,20,loschmidt,dir0.75,25000,11.67615994738933,0,0.0,0.99568,0.0,0.00432
10012,20,loschmidt,dir0.9,25000,11.99108861565893,0,0.0,0.992,0.0,0.008
10012,20,loschmidt,nz0.9,25000,11.71650891205412,0,0.0,1.0,0.0,0.0
10012,20,swap,snr1,25000,23.06984360691542,0,1.0,0.0,0.0,0.0
10012,20,swap,snr2,25000,23.671903598243382,0,1.0,0.0,0.0,0.0
10012,20,swap,dir0.75,25000,22.727794315625772,0,0.0,0.0,1.0,0.0
10012,20,swap,dir0.9,25000,23.285315777907755,0,0.0,0.0,1.0,0.0
10012,20,swap,nz0.9,25000,1.505149978319906,0,0.0,1.0,0.0,0.0
10012,22,loschmidt,snr1,25000,12.929020270928662,0,1.0,0.0,0.0,0.0
10012,22,loschmidt,snr2,25000,13.531080262256605,0,1.0,0.0,0.0,0.0
10012,22,loschmidt,dir0.75,25000,12.911357318107608,0,0.0,0.99572,0.0,0.00428
10012,22,loschmidt,dir0.9,25000,13.244007761985308,0,0.0,0.99184,0.0,0.00816
10012,22,loschmidt,nz0.9,25000,12.94588330634166,0,0.0,1.0,0.0,0.0
10012,22,swap,snr1,25000,25.529203173977507,0,1.0,0.0,0.0,0.0
10012,22,swap,snr2,25000,26.13126316530547,0,1.0,0.0,0.0,0.0
10012,22,swap,dir0.75,25000,25.187153882684157,0,0.0,0.0,1.0,0.0
10012,22,swap,dir0.9,25000,25.74467534496882,0,0.0,0.0,1.0,0.0
10012,22,swap,nz0.9,25000,1.505149978319906,0,0.0,1.0,0.0,0.0
10012,24,loschmidt,snr1,25000,14.166299863470865,0,1.0,0.0,0.0,0.0
10012,24,loschmidt,snr2,25000,14.768359854798828,0,1.0,0.0,0.0,0.0
10012,24,loschmidt,dir0.75,25000,14.159629521746762,0,0.0,0.99652,0.0,0.00348
10012,24,loschmidt,dir0.9,25000,14.483320254211737,0,0.0,0.99212,0.0,0.00788
10012,24,loschmidt,nz0.9,25000,14.203276246778138,0,0.0,1.0,0.0,0.0
10012,24,swap,snr1,25000,28.04807463616707,0,1.0,0.0,0.0,0.0
10012,24,swap,snr2,25000,28.65013462749503,0,1.0,0.0,0.0,0.0
10012,24,swap,dir0.75,25000,27.7060253448735,0,0.0,0.0,1.0,0.0
10012,24,swap,dir0.9,25000,28.263546807158324,0,0.0,0.0,1.0,0.0
10012,24,swap,nz0.9,25000,1.505149978319906,0,0.0,1.0,0.0,0.0
10013,2,loschmidt,snr1,25000,0.7781512503836436,0,1.0,0.0,0.0,0.0
10013,2,loschmidt,snr2,25000,1.3424226808222062,0,1.0,0.0,0.0,0.0
10013,2,loschmidt,dir0.75,25000,0.8450980400142568,0,0.0,0.99604,0.0,0.00396
10013,2,loschmidt,dir0.9,25000,1.1139433523068367,0,0.0,0.99228,0.0,0.00772
10013,2,loschmidt,nz0.9,25000,1.0,0,0.0,1.0,0.0,0.0
10013,2,swap,snr1,25000,1.5440680443502757,0,1.0,0.0,0.0,0.0
10013,2,swap,snr2,25000,2.1398790864012365,0,1.0,0.0,0.0,0.0
10013,2,swap,dir0.75,25000,1.380211241711606,0,0.0,0.89632,0.10368,0.0
10013,2,swap,dir0.9,25000,1.8195439355418688,0,0.0,0.85792,0.14208,0.0
10013,2,swap,nz0.9,25000,1.3010299956639813,0,0.0,1.0,0.0,0.0
10013,4,loschmidt,snr1,25000,2.0718820073061255,0,1.0,0.0,0.0,0.0
10013,4,loschmidt,snr2,25000,2.6711728427150834,0,1.0,0.0,0.0,0.0
10013,4,loschmidt,dir0.75,25000,2.0681858617461617,0,0.0,0.99608,0.0,0.00392
10013,4,loschmidt,dir0.9,25000,2.3891660843645326,0,0.0,0.9926,0.0,0.0074
10013,4,loschmidt,nz0.9,25000,2.130333768495006,0,0.0,1.0,0.0,0.0
10013,4,swap,snr1,25000,3.8985057820690434,0,1.0,0.0,0.0,0.0
10013,4,swap,snr2,25000,4.500552058978777,0,1.0,0.0,0.0,0.0
10013,4,swap,dir0.75,25000,3.571301121657032,0,0.0,0.56344,0.43656,0.0
10013,4,swap,dir0.9,25000,4.118130480999903,0,0.0,0.48268,0.51732,0.0
10013,4,swap,nz0.9,25000,1.505149978319906,0,0.0,1.0,0.0,0.0
10013,6,loschmidt,snr1,25000,3.2705623720813346,0,1.0,0.0,0.0,0.0
10013,6,loschmidt,snr2,25000,3.8725058954398324,0,1.0,0.0,0.0,0.0
10013,6,loschmidt,dir0.75,25000,3.2785249647370174,0,0.0,0.99616,0.0,0.00384
10013,6,loschmidt,dir0.9,25000,3.5926762938579726,0,0.0,0.99268,0.0,0.00732
10013,6,loschmidt,nz0.9,25000,3.325310323167278,0,0.0,1.0,0.0,0.0
10013,6,swap,snr1,25000,6.286107007615885,0,1.0,0.0,0.0,0.0
10013,6,swap,snr2,25000,6.888166942741281,0,1.0,0.0,0.0,0.0
10013,6,swap,dir0.75,25000,5.945027166282358,0,0.0,0.26192,0.73808,0.0
10013,6,swap,dir0.9,25000,6.5018479715975275,0,0.0,0.19548,0.80452,0.0
10013,6,swap,nz0.9,25000,1.505149978319906,0,0.0,1.0,0.0,0.0
10013,8,loschmidt,snr1,25000,4.52490865536857,0,1.0,0.0,0.0,0.0
10013,8,loschmidt,snr2,25000,5.1269637839510995,0,1.0,0.0,0.0,0.0
10013,8,loschmidt,dir0.75,25000,4.516237773281128,0,0.0,0.99576,0.0,0.00424
10013,8,loschmidt,dir0.9,25000,4.839826713293781,0,0.0,0.99164,0.0,0.00836
10013,8,loschmidt,nz0.9,25000,4.5526742982420245,0,0.0,1.0,0.0,0.0
10013,8,swap,snr1,25000,8.752376301919767,0,1.0,0.0,0.0,0.0
10013,8,swap,snr2,25000,9.354436293151675,0,1.0,0.0,0.0,0.0
10013,8,swap,dir0.75,25000,8.41038378034507,0,0.0,0.0886,0.9114,0.0
10013,8,swap,dir0.9,25000,8.967864199085152,0,0.0,0.058,0.942,0.0
10013,8,swap,nz0.9,25000,1.505149978319906,0,0.0,1.0,0.0,0.0
10013,10,loschmidt,snr1,25000,5.740142368811495,0,1.0,0.0,0.0,0.0
10013,10,loschmidt,snr2,25000,6.342202162999103,0,1.0,0.0,0.0,0.0
10013,10,loschmidt,dir0.75,25000,5.7345277488999375,0,0.0,0.99624,0.0,0.00376
10013,10,loschmidt,dir0.9,25000,6.0544236129556595,0,0.0,0.99208,0.0,0.00792
10013,10,loschmidt,nz0.9,25000,5.772993870420033,0,0.0,1.0,0.0,0.0
10013,10,swap,snr1,25000,11.208316310394405,0,1.0,0.0,0.0,0.0
10013,10,swap,snr2,25000,11.810376301721025,0,1.0,0.0,0.0,0.0
10013,10,swap,dir0.75,25000,10.86627037792827,0,0.0,0.02588,0.97412,0.0
10013,10,swap,dir0.9,25000,11.423789411780792,0,0.0,0.01444,0.98556,0.0
10013,10,swap,nz0.9,25000,1.505149978319906,0,0.0,1.0,0.0,0.0
10013,12,loschmidt,snr1,25000,6.897779708732196,0,1.0,0.0,0.0,0.0
10013,12,loschmidt,snr2,25000,7.499839665709487,0,1.0,0.0,0.0,0.0
10013,12,loschmidt,dir0.75,25000,6.895211394948646,0,0.0,0.99616,0.0,0.00384
10013,12,loschmidt,dir0.9,25000,7.216903895635555,0,0.0,0.99236,0.0,0.00764
10013,12,loschmidt,nz0.9,25000,6.944613110234175,0,0.0,1.0,0.0,0.0
10013,12,swap,snr1,25000,13.518684308531395,0,1.0,0.0,0.0,0.0
10013,12,swap,snr2,25000,14.12074429985935,0,1.0,0.0,0.0,0.0
10013,12,swap,dir0.75,25000,13.176635252204493,0,0.0,0.00612,0.99388,0.0
10013,12,swap,dir0.9,25000,13.734156544608245,0,0.0,0.003,0.997,0.0
10013,12,swap,nz0.9,25000,1.505149978319906,0,0.0,1.0,0.0,0.0
10013,14,loschmidt,snr1,25000,8.125203592810298,0,1.0,0.0,0.0,0.0
10013,14,loschmidt,snr2,25000,8.727263582510655,0,1.0,0.0,0.0,0.0
10013,14,loschmidt,dir0.75,25000,8.123840141449854,0,0.0,0.99564,0.0,0.00436
10013,14,loschmidt,dir0.9,25000,8.446043847494437,0,0.0,0.99228,0.0,0.00772
10013,14,loschmidt,nz0.9,25000,8.157921308823308,0,0.0,1.0,0.0,0.0
10013,14,swap,snr1,25000,15.945119042658607,0,1.0,0.0,0.0,0.0
10013,14,swap,snr2,25000,16.54717903398657,0,1.0,0.0,0.0,0.0
10013,14,swap,dir0.75,25000,15.603069765746023,0,0.0,0.00128,0.99872,0.0
10013,14,swap,dir0.9,25000,16.16059121763338,0,0.0,0.00036,0.99964,0.0
10013,14,swap,nz0.9,25000,1.505149978319906,0,0.0,1.0,0.0,0.0
10013,16,loschmidt,snr1,25000,9.282785908455196,0,1.0,0.0,0.0,0.0
10013,16,loschmidt,snr2,25000,9.88484589961331,0,1.0,0.0,0.0,0.0
10013,16,loschmidt,dir0.75,25000,9.286171829347754,0,0.0,0.99556,0.0,0.00444
10013,16,loschmidt,dir0.9,25000,9.599698961101167,0,0.0,0.99144,0.0,0.00856
10013,16,loschmidt,nz0.9,25000,9.327994489711386,0,0.0,1.0,0.0,0.0
10013,16,swap,snr1,25000,18.303121225448912,0,1.0,0.0,0.0,0.0
10013,16,swap,snr2,25000,18.905181216776874,0,1.0,0.0,0.0,0.0
10013,16,swap,dir0.75,25000,17.96107193510766,0,0.0,0.00028,0.99972,0.0
10013,16,swap,dir0.9,25000,18.518593396703952,0,0.0,8e-05,0.99992,0.0
10013,16,swap,nz0.9,25000,1.505149978319906,0,0.0,1.0,0.0,0.0
10013,18,loschmidt,snr1,25000,10.487340962067128,0,1.0,0.0,0.0,0.0
10013,18,loschmidt,snr2,25000,11.089400953393321,0,1.0,0.0,0.0,0.0
10013,18,loschmidt,dir0.75,25000,10.488861777898109,0,0.0,0.9962,0.0,0.0038
10013,18,loschmidt,dir0.9,25000,10.808245659186705,0,0.0,0.99236,0.0,0.00764
10013,18,loschmidt,nz0.9,25000,10.537871626610613,0,0.0,1.0,0.0,0.0
10013,18,swap,snr1,25000,20.707315643295168,0,1.0,0.0,0.0,0.0
10013,18,swap,snr2,25000,21.30937563462313,0,1.0,0.0,0.0,0.0
10013,18,swap,dir0.75,25000,20.365266352061383,0,0.0,0.0,1.0,0.0
10013,18,swap,dir0.9,25000,20.92278781430298,0,0.0,0.0,1.0,0.0
10013,18,swap,nz0.9,25000,1.505149978319906,0,0.0,1.0,0.0,0.0
10013,20,loschmidt,snr1,25000,11.756069332628233,0,1.0,0.0,0.0,0.0
10013,20,loschmidt,snr2,25000,12.358129323955625,0,1.0,0.0,0.0,0.0
10013,20,loschmidt,dir0.75,25000,11.752624509212687,0,0.0,0.99624,0.0,0.00376
10013,20,loschmidt,dir0.9,25000,12.070159487940714,0,0.0,0.99268,0.0,0.00732
10013,20,loschmidt,nz0.9,25000,11.789799565636253,0,0.0,1.0,0.0,0.0
10013,20,swap,snr1,25000,23.229147220543762,0,1.0,0.0,0.0,0.0
10013,20,swap,snr2,25000,23.831207211871725,0,1.0,0.0,0.0,0.0
10013,20,swap,dir0.75,25000,22.887097929253457,0,0.0,0.0,1.0,0.0
10013,20,swap,dir0.9,25000,23.44461939153592,0,0.0,0.0,1.0,0.0
10013,20,swap,nz0.9,25000,1.505149978319906,0,0.0,1.0,0.0,0.0
10013,22,loschmidt,snr1,25000,12.921510784448238,0,1.0,0.0,0.0,0.0
10013,22,loschmidt,snr2,25000,13.523570775776186,0,1.0,0.0,0.0,0.0
10013,22,loschmidt,dir0.75,25000,12.922126025666923,0,0.0,0.99544,0.0,0.00456
10013,22,loschmidt,dir0.9,25000,13.242418534147303,0,0.0,0.99112,0.0,0.00888
10013,22,loschmidt,nz0.9,25000,12.964654461266031,0,0.0,1.0,0.0,0.0
10013,22,swap,snr1,25000,25.558169531047497,0,1.0,0.0,0.0,0.0
10013,22,swap,snr2,25000,26.16022952237546,0,1.0,0.0,0.0,0.0
10013,22,swap,dir0.75,25000,25.21612023975414,0,0.0,0.0,1.0,0.0
10013,22,swap,dir0.9,25000,25.77364170203881,0,0.0,0.0,1.0,0.0
10013,22,swap,nz0.9,25000,1.505149978319906,0,0.0,1.0,0.0,0.0
10013,24,loschmidt,snr1,25000,14.066629651583497,0,1.0,0.0,0.0,0.0
10013,24,loschmidt,snr2,25000,14.668689642911458,0,1.0,0.0,0.0,0.0
10013,24,loschmidt,dir0.75,25000,14.067070867178924,0,0.0,0.99616,0.0,0.00384
10013,24,loschmidt,dir0.9,25000,14.3907745828146,0,0.0,0.99208,0.0,0.00792
10013,24,loschmidt,nz0.9,25000,14.113005756577937,0,0.0,1.0,0.0,0.0
10013,24,swap,snr1,25000,27.849728850361494,0,1.0,0.0,0.0,0.0
10013,24,swap,snr2,25000,28.451788841689456,0,1.0,0.0,0.0,0.0
10013,24,swap,dir0.75,25000,27.507679559067927,0,0.0,0.0,1.0,0.0
10013,24,swap,dir0.9,25000,28.06520102135275,0,0.0,0.0,1.0,0.0
10013,24,swap,nz0.9,25000,1.505149978319906,0,0.0,1.0,0.0,0.0
10014,2,loschmidt,snr1,25000,0.7781512503836436,0,1.0,0.0,0.0,0.0
10014,2,loschmidt,snr2,25000,1.3424226808222062,0,1.0,0.0,0.0,0.0
10014,2,loschmidt,dir0.75,25000,0.8450980400142568,0,0.0,0.99596,0.0,0.00404
10014,2,loschmidt,dir0.9,25000,1.1139433523068367,0,0.0,0.99212,0.0,0.00788
10014,2,loschmidt,nz0.9,25000,1.0,0,0.0,1.0,0.0,0.0
10014,2,swap,snr1,25000,1.5440680443502757,0,1.0,0.0,0.0,0.0
10014,2,swap,snr2,25000,2.1367205671564067,0,1.0,0.0,0.0,0.0
10014,2,swap,dir0.75,25000,1.380211241711606,0,0.0,0.89612,0.10388,0.0
10014,2,swap,dir0.9,25000,1.8129133566428555,0,0.0,0.85864,0.14136,0.0
10014,2,swap,nz0.9,25000,1.3010299956639813,0,0.0,1.0,0.0,0.0
10014,4,loschmidt,snr1,25000,2.089905111439398,0,1.0,0.0,0.0,0.0
10014,4,loschmidt,snr2,25000,2.6893088591236203,0,1.0,0.0,0.0,0.0
10014,4,loschmidt,dir0.75,25000,2.089905111439398,0,0.0,0.99652,0.0,0.00348
10014,4,loschmidt,dir0.9,25000,2.4082399653118496,0,0.0,0.99272,0.0,0.00728
10014,4,loschmidt,nz0.9,25000,2.1522883443830563,0,0.0,1.0,0.0,0.0
10014,4,swap,snr1,25000,3.9399183172782166,0,1.0,0.0,0.0,0.0
10014,4,swap,snr2,25000,4.541965848572266,0,1.0,0.0,0.0,0.0
10014,4,swap,dir0.75,25000,3.61209476556828,0,0.0,0.55848,0.44152,0.0
10014,4,swap,dir0.9,25000,4.159377597507269,0,0.0,0.47556,0.52444,0.0
10014,4,swap,nz0.9,25000,1.505149978319906,0,0.0,1.0,0.0,0.0
10014,6,loschmidt,snr1,25000,3.283074915769097,0,1.0,0.0,0.0,0.0
10014,6,loschmidt,snr2,25000,3.885078350971997,0,1.0,0.0,0.0,0.0
10014,6,loschmidt,dir0.75,25000,3.27102797867978,0,0.0,0.99604,0.0,0.00396
10014,6,loschmidt,dir0.9,25000,3.599500983355628,0,0.0,0.99212,0.0,0.00788
10014,6,loschmidt,nz0.9,25000,3.3171227251122657,0,0.0,1.0,0.0,0.0
10014,6,swap,snr1,25000,6.265461192566422,0,1.0,0.0,0.0,0.0
10014,6,swap,snr2,25000,6.867521007134172,0,1.0,0.0,0.0,0.0
10014,6,swap,dir0.75,25000,5.9244045234975005,0,0.0,0.26336,0.73664,0.0
10014,6,swap,dir0.9,25000,6.481208512012046,0,0.0,0.1966,0.8034,0.0
10014,6,swap,nz0.9,25000,1.505149978319906,0,0.0,1.0,0.0,0.0
10014,8,loschmidt,snr1,25000,4.5184941987211,0,1.0,0.0,0.0,0.0
10014,8,loschmidt,snr2,25000,5.12055089981472,0,1.0,0.0,0.0,0.0
10014,8,loschmidt,dir0.75,25000,4.512037001014475,0,0.0,0.99612,0.0,0.00388
10014,8,loschmidt,dir0.9,25000,4.836472864290643,0,0.0,0.99136,0.0,0.00864
10014,8,loschmidt,nz0.9,25000,4.549101382553864,0,0.0,1.0,0.0,0.0
10014,8,swap,snr1,25000,8.742747542269521,0,1.0,0.0,0.0,0.0
10014,8,swap,snr2,25000,9.344807533008506,0,1.0,0.0,0.0,0.0
10014,8,swap,dir0.75,25000,8.400755652913993,0,0.0,0.09404,0.90596,0.0
10014,8,swap,dir0.9,25000,8.95823561419096,0,0.0,0.0632,0.9368,0.0
10014,8,swap,nz0.9,25000,1.505149978319906,0,0.0,1.0,0.0,0.0
10014,10,loschmidt,snr1,25000,5.751837673638356,0,1.0,0.0,0.0,0.0
10014,10,loschmidt,snr2,25000,6.353897376509401,0,1.0,0.0,0.0,0.0
10014,10,loschmidt,dir0.75,25000,5.748630236053518,0,0.0,0.99568,0.0,0.00432
10014,10,loschmidt,dir0.9,25000,6.067319004683673,0,0.0,0.99256,0.0,0.00744
10014,10,loschmidt,nz0.9,25000,5.779589998144629,0,0.0,1.0,0.0,0.0
10014,10,swap,snr1,25000,11.202828622758599,0,1.0,0.0,0.0,0.0
10014,10,swap,snr2,25000,11.804888614085542,0,1.0,0.0,0.0,0.0
10014,10,swap,dir0.75,25000,10.86078271158111,0,0.0,0.02464,0.97536,0.0
10014,10,swap,dir0.9,25000,11.418301730042323,0,0.0,0.01336,0.98664,0.0
10014,10,swap,nz0.9,25000,1.505149978319906,0,0.0,1.0,0.0,0.0
10014,12,loschmidt,snr1,25000,6.88847162945172,0,1.0,0.0,0.0,0.0
10014,12,loschmidt,snr2,25000,7.490531599725902,0,1.0,0.0,0.0,0.0
10014,12,loschmidt,dir0.75,25000,6.889172514670118,0,0.0,0.99608,0.0,0.00392
10014,12,loschmidt,dir0.9,25000,7.207611492113683,0,0.0,0.99264,0.0,0.00736
10014,12,loschmidt,nz0.9,25000,6.924722190921313,0,0.0,1.0,0.0,0.0
10014,12,swap,snr1,25000,13.493517206213976,0,1.0,0.0,0.0,0.0
10014,12,swap,snr2,25000,14.095577197541939,0,1.0,0.0,0.0,0.0
10014,12,swap,dir0.75,25000,13.151468156794742,0,0.0,0.006,0.994,0.0
10014,12,swap,dir0.9,25000,13.708989444204247,0,0.0,0.0028,0.9972,0.0
10014,12,swap,nz0.9,25000,1.505149978319906,0,0.0,1.0,0.0,0.0
10014,14,loschmidt,snr1,25000,8.111323582178944,0,1.0,0.0,0.0,0.0
10014,14,loschmidt,snr2,25000,8.71338357182611,0,1.0,0.0,0.0,0.0
10014,14,loschmidt,dir0.75,25000,8.096234422130408,0,0.0,0.99528,0.0,0.00472
10014,14,loschmidt,dir0.9,25000,8.424032341283104,0,0.0,0.99184,0.0,0.00816
10014,14,loschmidt,nz0.9,25000,8.14121380942278,0,0.0,1.0,0.0,0.0
10014,14,swap,snr1,25000,15.942008246702134,0,1.0,0.0,0.0,0.0
10014,14,swap,snr2,25000,16.544068238030096,0,1.0,0.0,0.0,0.0
10014,14,swap,dir0.75,25000,15.599958969841147,0,0.0,0.00148,0.99852,0.0
10014,14,swap,dir0.9,25000,16.157480421691197,0,0.0,0.00072,0.99928,0.0
10014,14,swap,nz0.9,25000,1.505149978319906,0,0.0,1.0,0.0,0.0
10014,16,loschmidt,snr1,25000,9.316799900333677,0,1.0,0.0,0.0,0.0
10014,16,loschmidt,snr2,25000,9.91885989166164,0,1.0,0.0,0.0,0.0
10014,16,loschmidt,dir0.75,25000,9.30708663944894,0,0.0,0.9962,0.0,0.0038
10014,16,loschmidt,dir0.9,25000,9.633708892645028,0,0.0,0.99204,0.0,0.00796
10014,16,loschmidt,nz0.9,25000,9.347498017136623,0,0.0,1.0,0.0,0.0
10014,16,swap,snr1,25000,18.328609888091588,0,1.0,0.0,0.0,0.0
10014,16,swap,snr2,25000,18.93066987941955,0,1.0,0.0,0.0,0.0
10014,16,swap,dir0.75,25000,17.986560597722796,0,0.0,0.00024,0.99976,0.0
10014,16,swap,dir0.9,25000,18.544082059339004,0,0.0,0.00012,0.99988,0.0
10014,16,swap,nz0.9,25000,1.505149978319906,0,0.0,1.0,0.0,0.0
10014,18,loschmidt,snr1,25000,10.501483922815138,0,1.0,0.0,0.0,0.0
10014,18,loschmidt,snr2,25000,11.103543914137965,0,1.0,0.0,0.0,0.0
10014,18,loschmidt,dir0.75,25000,10.495210646742734,0,0.0,0.99572,0.0,0.00428
10014,18,loschmidt,dir0.9,25000,10.81958875110055,0,0.0,0.99176,0.0,0.00824
10014,18,loschmidt,nz0.9,25000,10.531086234781064,0,0.0,1.0,0.0,0.0
10014,18,swap,snr1,25000,20.696213578299428,0,1.0,0.0,0.0,0.0
10014,18,swap,snr2,25000,21.29827356962739,0,1.0,0.0,0.0,0.0
10014,18,swap,dir0.75,25000,20.35416428706641,0,0.0,4e-05,0.99996,0.0
10014,18,swap,dir0.9,25000,20.911685749307452,0,0.0,0.0,1.0,0.0
10014,18,swap,nz0.9,25000,1.505149978319906,0,0.0,1.0,0.0,0.0
10014,20,loschmidt,snr1,25000,11.723405912334941,0,1.0,0.0,0.0,0.0
10014,20,loschmidt,snr2,25000,12.325465903662288,0,1.0,0.0,0.0,0.0
10014,20,loschmidt,dir0.75,25000,11.716554871658364,0,0.0,0.99528,0.0,0.00472
10014,20,loschmidt,dir0.9,25000,12.039012682803374,0,0.0,0.99148,0.0,0.00852
10014,20,loschmidt,nz0.9,25000,11.75761908189939,0,0.0,1.0,0.0,0.0
10014,20,swap,snr1,25000,23.15385423552631,0,1.0,0.0,0.0,0.0
10014,20,swap,snr2,25000,23.755914226854273,0,1.0,0.0,0.0,0.0
10014,20,swap,dir0.75,25000,22.8118049442363,0,0.0,4e-05,0.99996,0.0
10014,20,swap,dir0.9,25000,23.369326406518546,0,0.0,0.0,1.0,0.0
10014,20,swap,nz0.9,25000,1.505149978319906,0,0.0,1.0,0.0,0.0
10014,22,loschmidt,snr1,25000,12.922941880108182,0,1.0,0.0,0.0,0.0
10014,22,loschmidt,snr2,25000,13.525001871436139,0,1.0,0.0,0.0,0.0
10014,22,loschmidt,dir0.75,25000,12.917965096528892,0,0.0,0.99552,0.0,0.00448
10014,22,loschmidt,dir0.9,25000,13.238370162706008,0,0.0,0.99184,0.0,0.00816
10014,22,loschmidt,nz0.9,25000,12.971784006604455,0,0.0,1.0,0.0,0.0
10014,22,swap,snr1,25000,25.572910374586677,0,1.0,0.0,0.0,0.0
10014,22,swap,snr2,25000,26.17497036591464,0,1.0,0.0,0.0,0.0
10014,22,swap,dir0.75,25000,25.230861083293313,0,0.0,0.0,1.0,0.0
10014,22,swap,dir0.9,25000,25.78838254557798,0,0.0,0.0,1.0,0.0
10014,22,swap,nz0.9,25000,1.505149978319906,0,0.0,1.0,0.0,0.0
10014,24,loschmidt,snr1,25000,14.128896658206298,0,1.0,0.0,0.0,0.0
10014,24,loschmidt,snr2,25000,14.730956649534257,0,1.0,0.0,0.0,0.0
10014,24,loschmidt,dir0.75,25000,14.133002783849532,0,0.0,0.99616,0.0,0.00384
10014,24,loschmidt,dir0.9,25000,14.445917485134988,0,0.0,0.9922,0.0,0.0078
10014,24,loschmidt,nz0.9,25000,14.17207512752251,0,0.0,1.0,0.0,0.0
10014,24,swap,snr1,25000,27.994696645116484,0,1.0,0.0,0.0,0.0
10014,24,swap,snr2,25000,28.596756636444447,0,1.0,0.0,0.0,0.0
10014,24,swap,dir0.75,25000,27.652647353822914,0,0.0,0.0,1.0,0.0
10014,24,swap,dir0.9,25000,28.21016881610774,0,0.0,0.0,1.0,0.0
10014,24,swap,nz0.9,25000,1.505149978319906,0,0.0,1.0,0.0,0.0
10015,2,loschmidt,snr1,25000,0.7781512503836436,0,1.0,0.0,0.0,0.0
10015,2,loschmidt,snr2,25000,1.3424226808222062,0,1.0,0.0,0.0,0.0
10015,2,loschmidt,dir0.75,25000,0.8450980400142568,0,0.0,0.99616,0.0,0.00384
10015,2,loschmidt,dir0.9,25000,1.1139433523068367,0,0.0,0.99228,0.0,0.00772
10015,2,loschmidt,nz0.9,25000,1.0,0,0.0,1.0,0.0,0.0
10015,2,swap,snr1,25000,1.5440680443502757,0,1.0,0.0,0.0,0.0
10015,2,swap,snr2,25000,2.143014800254095,0,1.0,0.0,0.0,0.0
10015,2,swap,dir0.75,25000,1.380211241711606,0,0.0,0.89836,0.10164,0.0
10015,2,swap,dir0.9,25000,1.8195439355418688,0,0.0,0.85944,0.14056,0.0
10015,2,swap,nz0.9,25000,1.3010299956639813,0,0.0,1.0,0.0,0.0
10015,4,loschmidt,snr1,25000,2.0863598306747484,0,1.0,0.0,0.0,0.0
10015,4,loschmidt,snr2,25000,2.687082615238464,0,1.0,0.0,0.0,0.0
10015,4,loschmidt,dir0.75,25000,2.0863598306747484,0,0.0,0.996,0.0,0.004
10015,4,loschmidt,dir0.9,25000,2.404833716619938,0,0.0,0.99216,0.0,0.00784
10015,4,loschmidt,nz0.9,25000,2.146128035678238,0,0.0,1.0,0.0,0.0
10015,4,swap,snr1,25000,3.9296998481632963,0,1.0,0.0,0.0,0.0
10015,4,swap,snr2,25000,4.53174707419627,0,1.0,0.0,0.0,0.0
10015,4,swap,dir0.75,25000,3.6019514041335214,0,0.0,0.55828,0.44172,0.0
10015,4,swap,dir0.9,25000,4.149180518644842,0,0.0,0.47468,0.52532,0.0
10015,4,swap,nz0.9,25000,1.505149978319906,0,0.0,1.0,0.0,0.0
10015,6,loschmidt,snr1,25000,3.2830749747354715,0,1.0,0.0,0.0,0.0
10015,6,loschmidt,snr2,25000,3.8849651982007325,0,1.0,0.0,0.0,0.0
10015,6,loschmidt,dir0.75,25000,3.2784105864141457,0,0.0,0.99596,0.0,0.00404
10015,6,loschmidt,dir0.9,25000,3.6020056977307418,0,0.0,0.992,0.0,0.008
10015,6,loschmidt,nz0.9,25000,3.3142886609474975,0,0.0,1.0,0.0,0.0
10015,6,swap,snr1,25000,6.274002200724992,0,1.0,0.0,0.0,0.0
10015,6,swap,snr2,25000,6.876062105429748,0,1.0,0.0,0.0,0.0
10015,6,swap,dir0.75,25000,5.932935944820521,0,0.0,0.26092,0.73908,0.0
10015,6,swap,dir0.9,25000,6.489746938662278,0,0.0,0.19284,0.80716,0.0
10015,6,swap,nz0.9,25000,1.505149978319906,0,0.0,1.0,0.0,0.0
10015,8,loschmidt,snr1,25000,4.50819960751696,0,1.0,0.0,0.0,0.0
10015,8,loschmidt,snr2,25000,5.110252862136093,0,1.0,0.0,0.0,0.0
10015,8,loschmidt,dir0.75,25000,4.501798438508947,0,0.0,0.99592,0.0,0.00408
10015,8,loschmidt,dir0.9,25000,4.825429363494676,0,0.0,0.9922,0.0,0.0078
10015,8,loschmidt,nz0.9,25000,4.542943493816764,0,0.0,1.0,0.0,0.0
10015,8,swap,snr1,25000,8.732747834207224,0,1.0,0.0,0.0,0.0
10015,8,swap,snr2,25000,9.334807825032918,0,1.0,0.0,0.0,0.0
10015,8,swap,dir0.75,25000,8.39075660958057,0,0.0,0.09008,0.90992,0.0
10015,8,swap,dir0.9,25000,8.948236090375914,0,0.0,0.0584,0.9416,0.0
10015,8,swap,nz0.9,25000,1.505149978319906,0,0.0,1.0,0.0,0.0
10015,10,loschmidt,snr1,25000,5.687608227640759,0,1.0,0.0,0.0,0.0
10015,10,loschmidt,snr2,25000,6.289668218968721,0,1.0,0.0,0.0,0.0
10015,10,loschmidt,dir0.75,25000,5.68179506188566,0,0.0,0.99528,0.0,0.00472
10015,10,loschmidt,dir0.9,25000,6.00576204135384,0,0.0,0.99168,0.0,0.00832
10015,10,loschmidt,nz0.9,25000,5.723109478827567,0,0.0,1.0,0.0,0.0
10015,10,swap,snr1,25000,11.086174059107183,0,1.0,0.0,0.0,0.0
10015,10,swap,snr2,25000,11.688234050434255,0,1.0,0.0,0.0,0.0
10015,10,swap,dir0.75,25000,10.744128633784214,0,0.0,0.02812,0.97188,0.0
10015,10,swap,dir0.9,25000,11.301647300973631,0,0.0,0.01564,0.98436,0.0
10015,10,swap,nz0.9,25000,1.505149978319906,0,0.0,1.0,0.0,0.0
10015,12,loschmidt,snr1,25000,6.919907116879649,0,1.0,0.0,0.0,0.0
10015,12,loschmidt,snr2,25000,7.521967082094857,0,1.0,0.0,0.0,0.0
10015,12,loschmidt,dir0.75,25000,6.918714122569684,0,0.0,0.99516,0.0,0.00484
10015,12,loschmidt,dir0.9,25000,7.240914791234944,0,0.0,0.99124,0.0,0.00876
10015,12,loschmidt,nz0.9,25000,6.950764677688154,0,0.0,1.0,0.0,0.0
10015,12,swap,snr1,25000,13.550225552010124,0,1.0,0.0,0.0,0.0
10015,12,swap,snr2,25000,14.152285543338081,0,1.0,0.0,0.0,0.0
10015,12,swap,dir0.75,25000,13.208176487303913,0,0.0,0.0058,0.9942,0.0
10015,12,swap,dir0.9,25000,13.765697785765909,0,0.0,0.0032,0.9968,0.0
10015,12,swap,nz0.9,25000,1.505149978319906,0,0.0,1.0,0.0,0.0
10015,14,loschmidt,snr1,25000,8.135371156249054,0,1.0,0.0,0.0,0.0
10015,14,loschmidt,snr2,25000,8.737431145589452,0,1.0,0.0,0.0,0.0
10015,14,loschmidt,dir0.75,25000,8.129588299568718,0,0.0,0.99548,0.0,0.00452
10015,14,loschmidt,dir0.9,25000,8.454141181193174,0,0.0,0.99164,0.0,0.00836
10015,14,loschmidt,nz0.9,25000,8.160404471075358,0,0.0,1.0,0.0,0.0
10015,14,swap,snr1,25000,15.964340679095407,0,1.0,0.0,0.0,0.0
10015,14,swap,snr2,25000,16.56640067042337,0,1.0,0.0,0.0,0.0
10015,14,swap,dir0.75,25000,15.622291401868068,0,0.0,0.0014,0.9986,0.0
10015,14,swap,dir0.9,25000,16.179812853982995,0,0.0,0.00072,0.99928,0.0
10015,14,swap,nz0.9,25000,1.505149978319906,0,0.0,1.0,0.0,0.0
10015,16,loschmidt,snr1,25000,9.313520869097097,0,1.0,0.0,0.0,0.0
10015,16,loschmidt,snr2,25000,9.915580860372316,0,1.0,0.0,0.0,0.0
10015,16,loschmidt,dir0.75,25000,9.308284649852865,0,0.0,0.9958,0.0,0.0042
10015,16,loschmidt,dir0.9,25000,9.633270764999562,0,0.0,0.99248,0.0,0.00752
10015,16,loschmidt,nz0.9,25000,9.347472939115157,0,0.0,1.0,0.0,0.0
10015,16,swap,snr1,25000,18.325523263083625,0,1.0,0.0,0.0,0.0
10015,16,swap,snr2,25000,18.927583254411587,0,1.0,0.0,0.0,0.0
10015,16,swap,dir0.75,25000,17.983473972718123,0,0.0,0.0002,0.9998,0.0
10015,16,swap,dir0.9,25000,18.54099543433195,0,0.0,8e-05,0.99992,0.0
10015,16,swap,nz0.9,25000,1.505149978319906,0,0.0,1.0,0.0,0.0
10015,18,loschmidt,snr1,25000,10.51660006577637,0,1.0,0.0,0.0,0.0
10015,18,loschmidt,snr2,25000,11.11866005709607,0,1.0,0.0,0.0,0.0
10015,18,loschmidt,dir0.75,25000,10.502837229673386,0,0.0,0.99576,0.0,0.00424
10015,18,loschmidt,dir0.9,25000,10.832086400731196,0,0.0,0.99232,0.0,0.00768
10015,18,loschmidt,nz0.9,25000,10.549314172300349,0,0.0,1.0,0.0,0.0
10015,18,swap,snr1,25000,20.73589672436563,0,1.0,0.0,0.0,0.0
10015,18,swap,snr2,25000,21.337956715693593,0,1.0,0.0,0.0,0.0
10015,18,swap,dir0.75,25000,20.393847433129906,0,0.0,0.00012,0.99988,0.0
10015,18,swap,dir0.9,25000,20.9513688953729,0,0.0,4e-05,0.99996,0.0
10015,18,swap,nz0.9,25000,1.505149978319906,0,0.0,1.0,0.0,0.0
10015,20,loschmidt,snr1,25000,11.704900816969424,0,1.0,0.0,0.0,0.0
10015,20,loschmidt,snr2,25000,12.306960808296958,0,1.0,0.0,0.0,0.0
10015,20,loschmidt,dir0.75,25000,11.697081138496284,0,0.0,0.9958,0.0,0.0042
10015,20,loschmidt,dir0.9,25000,12.017983794728629,0,0.0,0.992,0.0,0.008
10015,20,loschmidt,nz0.9,25000,11.746352407820627,0,0.0,1.0,0.0,0.0
10015,20,swap,snr1,25000,23.107640983220566,0,1.0,0.0,0.0,0.0
10015,20,swap,snr2,25000,23.70970097454853,0,1.0,0.0,0.0,0.0
10015,20,swap,dir0.75,25000,22.76559169193075,0,0.0,0.0,1.0,0.0
10015,20,swap,dir0.9,25000,23.32311315421286,0,0.0,0.0,1.0,0.0
10015,20,swap,nz0.9,25000,1.505149978319906,0,0.0,1.0,0.0,0.0
10015,22,loschmidt,snr1,25000,12.887812659814042,0,1.0,0.0,0.0,0.0
10015,22,loschmidt,snr2,25000,13.48987265114199,0,1.0,0.0,0.0,0.0
10015,22,loschmidt,dir0.75,25000,12.878688823278202,0,0.0,0.99612,0.0,0.00388
10015,22,loschmidt,dir0.9,25000,13.19838747544562,0,0.0,0.9922,0.0,0.0078
10015,22,loschmidt,nz0.9,25000,12.932161401914739,0,0.0,1.0,0.0,0.0
10015,22,swap,snr1,25000,25.492871716692868,0,1.0,0.0,0.0,0.0
10015,22,swap,snr2,25000,26.09493170802083,0,1.0,0.0,0.0,0.0
10015,22,swap,dir0.75,25000,25.150822425399525,0,0.0,0.0,1.0,0.0
10015,22,swap,dir0.9,25000,25.708343887684183,0,0.0,0.0,1.0,0.0
10015,22,swap,nz0.9,25000,1.505149978319906,0,0.0,1.0,0.0,0.0
10015,24,loschmidt,snr1,25000,14.13587406470816,0,1.0,0.0,0.0,0.0
10015,24,loschmidt,snr2,25000,14.737934056036122,0,1.0,0.0,0.0,0.0
10015,24,loschmidt,dir0.75,25000,14.137534473002056,0,0.0,0.99556,0.0,0.00444
10015,24,loschmidt,dir0.9,25000,14.457394922336903,0,0.0,0.9916,0.0,0.0084
10015,24,loschmidt,nz0.9,25000,14.176753523629191,0,0.0,1.0,0.0,0.0
10015,24,swap,snr1,25000,27.988115493413297,0,1.0,0.0,0.0,0.0
10015,24,swap,snr2,25000,28.59017548474126,0,1.0,0.0,0.0,0.0
10015,24,swap,dir0.75,25000,27.646066202119723,0,0.0,0.0,1.0,0.0
10015,24,swap,dir0.9,25000,28.203587664404548,0,0.0,0.0,1.0,0.0
10015,24,swap,nz0.9,25000,1.505149978319906,0,0.0,1.0,0.0,0.0
10016,2,loschmidt,snr1,25000,0.7781512503836436,0,1.0,0.0,0.0,0.0
10016,2,loschmidt,snr2,25000,1.3424226808222062,0,1.0,0.0,0.0,0.0
10016,2,loschmidt,dir0.75,25000,0.8450980400142568,0,0.0,0.99588,0.0,0.00412
10016,2,loschmidt,dir0.9,25000,1.1139433523068367,0,0.0,0.99176,0.0,0.00824
10016,2,loschmidt,nz0.9,25000,1.0,0,0.0,1.0,0.0,0.0
10016,2,swap,snr1,25000,1.5563025007672873,0,1.0,0.0,0.0,0.0
10016,2,swap,snr2,25000,2.155336037465062,0,1.0,0.0,0.0,0.0
10016,2,swap,dir0.75,25000,1.3979400086720377,0,0.0,0.89632,0.10368,0.0
10016,2,swap,dir0.9,25000,1.8325089127062364,0,0.0,0.8578,0.1422,0.0
10016,2,swap,nz0.9,25000,1.3010299956639813,0,0.0,1.0,0.0,0.0
10016,4,loschmidt,snr1,25000,2.0791812460476247,0,1.0,0.0,0.0,0.0
10016,4,loschmidt,snr2,25000,2.681241237375587,0,1.0,0.0,0.0,0.0
10016,4,loschmidt,dir0.75,25000,2.0791812460476247,0,0.0,0.99548,0.0,0.00452
10016,4,loschmidt,dir0.9,25000,2.3979400086720375,0,0.0,0.99148,0.0,0.00852
10016,4,loschmidt,nz0.9,25000,2.1398790864012365,0,0.0,1.0,0.0,0.0
10016,4,swap,snr1,25000,3.915215101239675,0,1.0,0.0,0.0,0.0
10016,4,swap,snr2,25000,4.5172552958185666,0,1.0,0.0,0.0,0.0
10016,4,swap,dir0.75,25000,3.5877109650189114,0,0.0,0.56164,0.43836,0.0
10016,4,swap,dir0.9,25000,4.134759340397604,0,0.0,0.47804,0.52196,0.0
10016,4,swap,nz0.9,25000,1.505149978319906,0,0.0,1.0,0.0,0.0
10016,6,loschmidt,snr1,25000,3.3140779917792127,0,1.0,0.0,0.0,0.0
10016,6,loschmidt,snr2,25000,3.9159799141402245,0,1.0,0.0,0.0,0.0
10016,6,loschmidt,dir0.75,25000,3.3058885170128933,0,0.0,0.99568,0.0,0.00432
10016,6,loschmidt,dir0.9,25000,3.628337830569913,0,0.0,0.99224,0.0,0.00776
10016,6,loschmidt,nz0.9,25000,3.35237549500052,0,0.0,1.0,0.0,0.0
10016,6,swap,snr1,25000,6.350336021171373,0,1.0,0.0,0.0,0.0
10016,6,swap,snr2,25000,6.952395939792572,0,1.0,0.0,0.0,0.0
10016,6,swap,dir0.75,25000,6.009187170084001,0,0.0,0.25,0.75,0.0
10016,6,swap,dir0.9,25000,6.56605781768169,0,0.0,0.18416,0.81584,0.0
10016,6,swap,nz0.9,25000,1.505149978319906,0,0.0,1.0,0.0,0.0
10016,8,loschmidt,snr1,25000,4.4985517614511785,0,1.0,0.0,0.0,0.0
10016,8,loschmidt,snr2,25000,5.100603140493536,0,1.0,0.0,0.0,0.0
10016,8,loschmidt,dir0.75,25000,4.505211044090677,0,0.0,0.99588,0.0,0.00412
10016,8,loschmidt,dir0.9,25000,4.8194912901470595,0,0.0,0.99204,0.0,0.00796
10016,8,loschmidt,nz0.9,25000,4.539734572150486,0,0.0,1.0,0.0,0.0
10016,8,swap,snr1,25000,8.731949528293914,0,1.0,0.0,0.0,0.0
10016,8,swap,snr2,25000,9.334009519521185,0,1.0,0.0,0.0,0.0
10016,8,swap,dir0.75,25000,8.389958357336273,0,0.0,0.09356,0.90644,0.0
10016,8,swap,dir0.9,25000,8.947437799532938,0,0.0,0.06132,0.93868,0.0
10016,8,swap,nz0.9,25000,1.505149978319906,0,0.0,1.0,0.0,0.0
10016,10,loschmidt,snr1,25000,5.697706539163748,0,1.0,0.0,0.0,0.0
10016,10,loschmidt,snr2,25000,6.299765986027529,0,1.0,0.0,0.0,0.0
10016,10,loschmidt,dir0.75,25000,5.6912985842581385,0,0.0,0.99608,0.0,0.00392
10016,10,loschmidt,dir0.9,25000,6.0126018445527905,0,0.0,0.99272,0.0,0.00728
10016,10,loschmidt,nz0.9,25000,5.726026711960664,0,0.0,1.0,0.0,0.0
10016,10,swap,snr1,25000,11.094512045273905,0,1.0,0.0,0.0,0.0
10016,10,swap,snr2,25000,11.696572036598813,0,1.0,0.0,0.0,0.0
10016,10,swap,dir0.75,25000,10.752466583015266,0,0.0,0.02704,0.97296,0.0
10016,10,swap,dir0.9,25000,11.309985276907497,0,0.0,0.01464,0.98536,0.0
10016,10,swap,nz0.9,25000,1.505149978319906,0,0.0,1.0,0.0,0.0
10016,12,loschmidt,snr1,25000,6.891987571535974,0,1.0,0.0,0.0,0.0
10016,12,loschmidt,snr2,25000,7.4940475419801125,0,1.0,0.0,0.0,0.0
10016,12,loschmidt,dir0.75,25000,6.875475553022023,0,0.0,0.99516,0.0,0.00484
10016,12,loschmidt,dir0.9,25000,7.206775647905316,0,0.0,0.99176,0.0,0.00824
10016,12,loschmidt,nz0.9,25000,6.915688449193253,0,0.0,1.0,0.0,0.0
10016,12,swap,snr1,25000,13.481647822586378,0,1.0,0.0,0.0,0.0
10016,12,swap,snr2,25000,14.083707813914334,0,1.0,0.0,0.0,0.0
10016,12,swap,dir0.75,25000,13.139598776495077,0,0.0,0.00644,0.99356,0.0
10016,12,swap,dir0.9,25000,13.697120061498481,0,0.0,0.00348,0.99652,0.0
10016,12,swap,nz0.9,25000,1.505149978319906,0,0.0,1.0,0.0,0.0
10016,14,loschmidt,snr1,25000,8.11258897515467,0,1.0,0.0,0.0,0.0
10016,14,loschmidt,snr2,25000,8.714648964807052,0,1.0,0.0,0.0,0.0
10016,14,loschmidt,dir0.75,25000,8.10474636629429,0,0.0,0.996,0.0,0.004
10016,14,loschmidt,dir0.9,25000,8.43018640026686,0,0.0,0.99192,0.0,0.00808
10016,14,loschmidt,nz0.9,25000,8.158292498263409,0,0.0,1.0,0.0,0.0
10016,14,swap,snr1,25000,15.94180555817276,0,1.0,0.0,0.0,0.0
10016,14,swap,snr2,25000,16.543865549500723,0,1.0,0.0,0.0,0.0
10016,14,swap,dir0.75,25000,15.599756281315141,0,0.0,0.00148,0.99852,0.0
10016,14,swap,dir0.9,25000,16.157277733162758,0,0.0,0.00052,0.99948,0.0
10016,14,swap,nz0.9,25000,1.505149978319906,0,0.0,1.0,0.0,0.0
10016,16,loschmidt,snr1,25000,9.322030421359376,0,1.0,0.0,0.0,0.0
10016,16,loschmidt,snr2,25000,9.924090412609726,0,1.0,0.0,0.0,0.0
10016,16,loschmidt,dir0.75,25000,9.317861023610599,0,0.0,0.99572,0.0,0.00428
10016,16,loschmidt,dir0.9,25000,9.64087432072974,0,0.0,0.99152,0.0,0.00848
10016,16,loschmidt,nz0.9,25000,9.357113737629803,0,0.0,1.0,0.0,0.0
10016,16,swap,snr1,25000,18.34465237257342,0,1.0,0.0,0.0,0.0
10016,16,swap,snr2,25000,18.946712363901383,0,1.0,0.0,0.0,0.0
10016,16,swap,dir0.75,25000,18.002603082187704,0,0.0,0.00024,0.99976,0.0
10016,16,swap,dir0.9,25000,18.560124543816144,0,0.0,0.00012,0.99988,0.0
10016,16,swap,nz0.9,25000,1.505149978319906,0,0.0,1.0,0.0,0.0
10016,18,loschmidt,snr1,25000,10.552333873657869,0,1.0,0.0,0.0,0.0
10016,18,loschmidt,snr2,25000,11.154393864985831,0,1.0,0.0,0.0,0.0
10016,18,loschmidt,dir0.75,25000,10.544385162874566,0,0.0,0.99548,0.0,0.00452
10016,18,loschmidt,dir0.9,25000,10.87146269959798,0,0.0,0.99156,0.0,0.00844
10016,18,loschmidt,nz0.9,25000,10.572438519932168,0,0.0,1.0,0.0,0.0
10016,18,swap,snr1,25000,20.784985846184647,0,1.0,0.0,0.0,0.0
10016,18,swap,snr2,25000,21.38704583751261,0,1.0,0.0,0.0,0.0
10016,18,swap,dir0.75,25000,20.442936554945746,0,0.0,4e-05,0.99996,0.0
10016,18,swap,dir0.9,25000,21.000458017191043,0,0.0,0.0,1.0,0.0
10016,18,swap,nz0.9,25000,1.505149978319906,0,0.0,1.0,0.0,0.0
10016,20,loschmidt,snr1,25000,11.735384655030913,0,1.0,0.0,0.0,0.0
10016,20,loschmidt,snr2,25000,12.337444646358474,0,1.0,0.0,0.0,0.0
10016,20,loschmidt,dir0.75,25000,11.721558043200094,0,0.0,0.99596,0.0,0.00404
10016,20,loschmidt,dir0.9,25000,12.044148591890396,0,0.0,0.99276,0.0,0.00724
10016,20,loschmidt,nz0.9,25000,11.765698758029611,0,0.0,1.0,0.0,0.0
10016,20,swap,snr1,25000,23.1684690622651,0,1.0,0.0,0.0,0.0
10016,20,swap,snr2,25000,23.770529053593062,0,1.0,0.0,0.0,0.0
10016,20,swap,dir0.75,25000,22.826419770975033,0,0.0,0.0,1.0,0.0
10016,20,swap,dir0.9,25000,23.38394123325732,0,0.0,0.0,1.0,0.0
10016,20,swap,nz0.9,25000,1.505149978319906,0,0.0,1.0,0.0,0.0
10016,22,loschmidt,snr1,25000,12.947410545074087,0,1.0,0.0,0.0,0.0
10016,22,loschmidt,snr2,25000,13.54947053640202,0,1.0,0.0,0.0,0.0
10016,22,loschmidt,dir0.75,25000,12.939382866975611,0,0.0,0.99576,0.0,0.00424
10016,22,loschmidt,dir0.9,25000,13.263323383689812,0,0.0,0.99196,0.0,0.00804
10016,22,loschmidt,nz0.9,25000,12.964193461466271,0,0.0,1.0,0.0,0.0
10016,22,swap,snr1,25000,25.574700937993875,0,1.0,0.0,0.0,0.0
10016,22,swap,snr2,25000,26.176760929321837,0,1.0,0.0,0.0,0.0
10016,22,swap,dir0.75,25000,25.232651646700504,0,0.0,0.0,1.0,0.0
10016,22,swap,dir0.9,25000,25.79017310898518,0,0.0,0.0,1.0,0.0
10016,22,swap,nz0.9,25000,1.505149978319906,0,0.0,1.0,0.0,0.0
10016,24,loschmidt,snr1,25000,14.188326904958666,0,1.0,0.0,0.0,0.0
10016,24,loschmidt,snr2,25000,14.790386896286627,0,1.0,0.0,0.0,0.0
10016,24,loschmidt,dir0.75,25000,14.187478812929015,0,0.0,0.99568,0.0,0.00432
10016,24,loschmidt,dir0.9,25000,14.506158274800494,0,0.0,0.992,0.0,0.008
10016,24,loschmidt,nz0.9,25000,14.215112549753492,0,0.0,1.0,0.0,0.0
10016,24,swap,snr1,25000,28.099992864950863,0,1.0,0.0,0.0,0.0
10016,24,swap,snr2,25000,28.702052856278826,0,1.0,0.0,0.0,0.0
10016,24,swap,dir0.75,25000,27.757943573657293,0,0.0,0.0,1.0,0.0
10016,24,swap,dir0.9,25000,28.31546503594212,0,0.0,0.0,1.0,0.0
10016,24,swap,nz0.9,25000,1.505149978319906,0,0.0,1.0,0.0,0.0
10017,2,loschmidt,snr1,25000,0.7781512503836436,0,1.0,0.0,0.0,0.0
10017,2,loschmidt,snr2,25000,1.3424226808222062,0,1.0,0.0,0.0,0.0
10017,2,loschmidt,dir0.75,25000,0.8450980400142568,0,0.0,0.99528,0.0,0.00472
10017,2,loschmidt,dir0.9,25000,1.1139433523068367,0,0.0,0.9914,0.0,0.0086
10017,2,loschmidt,nz0.9,25000,1.0,0,0.0,1.0,0.0,0.0
10017,2,swap,snr1,25000,1.5314789170422551,0,1.0,0.0,0.0,0.0
10017,2,swap,snr2,25000,2.130333768495006,0,1.0,0.0,0.0,0.0
10017,2,swap,dir0.75,25000,1.380211241711606,0,0.0,0.89392,0.10608,0.0
10017,2,swap,dir0.9,25000,1.806179973983887,0,0.0,0.85672,0.14328,0.0
10017,2,swap,nz0.9,25000,1.3010299956639813,0,0.0,1.0,0.0,0.0
10017,4,loschmidt,snr1,25000,2.100370545117563,0,1.0,0.0,0.0,0.0
10017,4,loschmidt,snr2,25000,2.7007037171450192,0,1.0,0.0,0.0,0.0
10017,4,loschmidt,dir0.75,25000,2.093421685162235,0,0.0,0.99572,0.0,0.00428
10017,4,loschmidt,dir0.9,25000,2.419955748489758,0,0.0,0.99164,0.0,0.00836
10017,4,loschmidt,nz0.9,25000,2.155336037465062,0,0.0,1.0,0.0,0.0
10017,4,swap,snr1,25000,3.9584204859766308,0,1.0,0.0,0.0,0.0
10017,4,swap,snr2,25000,4.560450608270539,0,1.0,0.0,0.0,0.0
10017,4,swap,dir0.75,25000,3.630224363069217,0,0.0,0.55512,0.44488,0.0
10017,4,swap,dir0.9,25000,4.177756028326071,0,0.0,0.47168,0.52832,0.0
10017,4,swap,nz0.9,25000,1.505149978319906,0,0.0,1.0,0.0,0.0
10017,6,loschmidt,snr1,25000,3.29103566055732,0,1.0,0.0,0.0,0.0
10017,6,loschmidt,snr2,25000,3.892984536492497,0,1.0,0.0,0.0,0.0
10017,6,loschmidt,dir0.75,25000,3.2845435083165175,0,0.0,0.99652,0.0,0.00348
10017,6,loschmidt,dir0.9,25000,3.6089002608011373,0,0.0,0.99264,0.0,0.00736
10017,6,loschmidt,nz0.9,25000,3.330920818768833,0,0.0,1.0,0.0,0.0
10017,6,swap,snr1,25000,6.3059695473527455,0,1.0,0.0,0.0,0.0
10017,6,swap,snr2,25000,6.908029404509519,0,1.0,0.0,0.0,0.0
10017,6,swap,dir0.75,25000,5.96486775800372,0,0.0,0.26192,0.73808,0.0
10017,6,swap,dir0.9,25000,6.521704370899371,0,0.0,0.19676,0.80324,0.0
10017,6,swap,nz0.9,25000,1.505149978319906,0,0.0,1.0,0.0,0.0
10017,8,loschmidt,snr1,25000,4.522613741682275,0,1.0,0.0,0.0,0.0
10017,8,loschmidt,snr2,25000,5.124668843988832,0,1.0,0.0,0.0,0.0
10017,8,loschmidt,dir0.75,25000,4.522933028258319,0,0.0,0.99532,0.0,0.00468
10017,8,loschmidt,dir0.9,25000,4.838575208667507,0,0.0,0.99132,0.0,0.00868
10017,8,loschmidt,nz0.9,25000,4.5520838976804505,0,0.0,1.0,0.0,0.0
10017,8,swap,snr1,25000,8.738634494727592,0,1.0,0.0,0.0,0.0
10017,8,swap,snr2,25000,9.340694485659167,0,1.0,0.0,0.0,0.0
10017,8,swap,dir0.75,25000,8.396642878084716,0,0.0,0.09188,0.90812,0.0
10017,8,swap,dir0.9,25000,8.954122642400966,0,0.0,0.06048,0.93952,0.0
10017,8,swap,nz0.9,25000,1.505149978319906,0,0.0,1.0,0.0,0.0
10017,10,loschmidt,snr1,25000,5.693348210785286,0,1.0,0.0,0.0,0.0
10017,10,loschmidt,snr2,25000,6.295407872072316,0,1.0,0.0,0.0,0.0
10017,10,loschmidt,dir0.75,25000,5.690353372473979,0,0.0,0.99592,0.0,0.00408
10017,10,loschmidt,dir0.9,25000,6.01234889305073,0,0.0,0.99184,0.0,0.00816
10017,10,loschmidt,nz0.9,25000,5.737619479013292,0,0.0,1.0,0.0,0.0
10017,10,swap,snr1,25000,11.102350378920924,0,1.0,0.0,0.0,0.0
10017,10,swap,snr2,25000,11.704410370248457,0,1.0,0.0,0.0,0.0
10017,10,swap,dir0.75,25000,10.760304882266485,0,0.0,0.02864,0.97136,0.0
10017,10,swap,dir0.9,25000,11.317823601028644,0,0.0,0.01588,0.98412,0.0
10017,10,swap,nz0.9,25000,1.505149978319906,0,0.0,1.0,0.0,0.0
10017,12,loschmidt,snr1,25000,6.894006045489679,0,1.0,0.0,0.0,0.0
10017,12,loschmidt,snr2,25000,7.496066022959075,0,1.0,0.0,0.0,0.0
10017,12,loschmidt,dir0.75,25000,6.882709815295957,0,0.0,0.99592,0.0,0.00408
10017,12,loschmidt,dir0.9,25000,7.206012017669735,0,0.0,0.99228,0.0,0.00772
10017,12,loschmidt,nz0.9,25000,6.935761004160959,0,0.0,1.0,0.0,0.0
10017,12,swap,snr1,25000,13.5182299071086,0,1.0,0.0,0.0,0.0
10017,12,swap,snr2,25000,14.120289898436557,0,1.0,0.0,0.0,0.0
10017,12,swap,dir0.75,25000,13.176180850904746,0,0.0,0.0068,0.9932,0.0
10017,12,swap,dir0.9,25000,13.733702143219533,0,0.0,0.00336,0.99664,0.0
10017,12,swap,nz0.9,25000,1.505149978319906,0,0.0,1.0,0.0,0.0
10017,14,loschmidt,snr1,25000,8.119676688159414,0,1.0,0.0,0.0,0.0
10017,14,loschmidt,snr2,25000,8.721736678251052,0,1.0,0.0,0.0,0.0
10017,14,loschmidt,dir0.75,25000,8.122108625366515,0,0.0,0.9962,0.0,0.0038
10017,14,loschmidt,dir0.9,25000,8.441294072343148,0,0.0,0.99252,0.0,0.00748
10017,14,loschmidt,nz0.9,25000,8.169504805375656,0,0.0,1.0,0.0,0.0
10017,14,swap,snr1,25000,15.972622568170571,0,1.0,0.0,0.0,0.0
10017,14,swap,snr2,25000,16.574682559498534,0,1.0,0.0,0.0,0.0
10017,14,swap,dir0.75,25000,15.630573290809753,0,0.0,0.0018,0.9982,0.0
10017,14,swap,dir0.9,25000,16.188094743021185,0,0.0,0.00064,0.99936,0.0
10017,14,swap,nz0.9,25000,1.505149978319906,0,0.0,1.0,0.0,0.0
10017,16,loschmidt,snr1,25000,9.351924610949215,0,1.0,0.0,0.0,0.0
10017,16,loschmidt,snr2,25000,9.953984602204752,0,1.0,0.0,0.0,0.0
10017,16,loschmidt,dir0.75,25000,9.344037884603146,0,0.0,0.99632,0.0,0.00368
10017,16,loschmidt,dir0.9,25000,9.672543208695377,0,0.0,0.99232,0.0,0.00768
10017,16,loschmidt,nz0.9,25000,9.377717283414523,0,0.0,1.0,0.0,0.0
10017,16,swap,snr1,25000,18.386068686775204,0,1.0,0.0,0.0,0.0
10017,16,swap,snr2,25000,18.988128678103166,0,1.0,0.0,0.0,0.0
10017,16,swap,dir0.75,25000,18.044019396347217,0,0.0,0.00024,0.99976,0.0
10017,16,swap,dir0.9,25000,18.601540858006224,0,0.0,8e-05,0.99992,0.0
10017,16,swap,nz0.9,25000,1.505149978319906,0,0.0,1.0,0.0,0.0
10017,18,loschmidt,snr1,25000,10.538062554663743,0,1.0,0.0,0.0,0.0
10017,18,loschmidt,snr2,25000,11.140122545983841,0,1.0,0.0,0.0,0.0
10017,18,loschmidt,dir0.75,25000,10.533233531307069,0,0.0,0.99668,0.0,0.00332
10017,18,loschmidt,dir0.9,25000,10.855250453832003,0,0.0,0.99248,0.0,0.00752
10017,18,loschmidt,nz0.9,25000,10.559895477295353,0,0.0,1.0,0.0,0.0
10017,18,swap,snr1,25000,20.764901523885342,0,1.0,0.0,0.0,0.0
10017,18,swap,snr2,25000,21.366961515213305,0,1.0,0.0,0.0,0.0
10017,18,swap,dir0.75,25000,20.422852232647728,0,0.0,0.0,1.0,0.0
10017,18,swap,dir0.9,25000,20.980373694892094,0,0.0,0.0,1.0,0.0
10017,18,swap,nz0.9,25000,1.505149978319906,0,0.0,1.0,0.0,0.0
10017,20,loschmidt,snr1,25000,11.696767685182579,0,1.0,0.0,0.0,0.0
10017,20,loschmidt,snr2,25000,12.298827676510214,0,1.0,0.0,0.0,0.0
10017,20,loschmidt,dir0.75,25000,11.686292432043025,0,0.0,0.99544,0.0,0.00456
10017,20,loschmidt,dir0.9,25000,12.016406923308988,0,0.0,0.99216,0.0,0.00784
10017,20,loschmidt,nz0.9,25000,11.740378979291794,0,0.0,1.0,0.0,0.0
10017,20,swap,snr1,25000,23.118662473459352,0,1.0,0.0,0.0,0.0
10017,20,swap,snr2,25000,23.720722464787315,0,1.0,0.0,0.0,0.0
10017,20,swap,dir0.75,25000,22.77661318216949,0,0.0,0.0,1.0,0.0
10017,20,swap,dir0.9,25000,23.334134644451634,0,0.0,0.0,1.0,0.0
10017,20,swap,nz0.9,25000,1.505149978319906,0,0.0,1.0,0.0,0.0
10017,22,loschmidt,snr1,25000,12.968498828817317,0,1.0,0.0,0.0,0.0
10017,22,loschmidt,snr2,25000,13.570558820145262,0,1.0,0.0,0.0,0.0
10017,22,loschmidt,dir0.75,25000,12.960314716153333,0,0.0,0.99516,0.0,0.00484
10017,22,loschmidt,dir0.9,25000,13.282795960888691,0,0.0,0.99188,0.0,0.00812
10017,22,loschmidt,nz0.9,25000,12.99982982263135,0,0.0,1.0,0.0,0.0
10017,22,swap,snr1,25000,25.643562108705474,0,1.0,0.0,0.0,0.0
10017,22,swap,snr2,25000,26.245622100033437,0,1.0,0.0,0.0,0.0
10017,22,swap,dir0.75,25000,25.30151281741209,0,0.0,0.0,1.0,0.0
10017,22,swap,dir0.9,25000,25.85903427969678,0,0.0,0.0,1.0,0.0
10017,22,swap,nz0.9,25000,1.505149978319906,0,0.0,1.0,0.0,0.0
10017,24,loschmidt,snr1,25000,14.122564414231004,0,1.0,0.0,0.0,0.0
10017,24,loschmidt,snr2,25000,14.724624405558966,0,1.0,0.0,0.0,0.0
10017,24,loschmidt,dir0.75,25000,14.104249948914338,0,0.0,0.99616,0.0,0.00384
10017,24,loschmidt,dir0.9,25000,14.436165761871345,0,0.0,0.992,0.0,0.008
10017,24,loschmidt,nz0.9,25000,14.142483931544907,0,0.0,1.0,0.0,0.0
10017,24,swap,snr1,25000,27.918793867487395,0,1.0,0.0,0.0,0.0
10017,24,swap,snr2,25000,28.520853858815357,0,1.0,0.0,0.0,0.0
10017,24,swap,dir0.75,25000,27.576744576193825,0,0.0,0.0,1.0,0.0
10017,24,swap,dir0.9,25000,28.13426603847865,0,0.0,0.0,1.0,0.0
10017,24,swap,nz0.9,25000,1.505149978319906,0,0.0,1.0,0.0,0.0
10018,2,loschmidt,snr1,25000,0.7781512503836436,0,1.0,0.0,0.0,0.0
10018,2,loschmidt,snr2,25000,1.3424226808222062,0,1.0,0.0,0.0,0.0
10018,2,loschmidt,dir0.75,25000,0.8450980400142568,0,0.0,0.99576,0.0,0.00424
10018,2,loschmidt,dir0.9,25000,1.1139433523068367,0,0.0,0.99196,0.0,0.00804
10018,2,loschmidt,nz0.9,25000,1.0,0,0.0,1.0,0.0,0.0
10018,2,swap,snr1,25000,1.5440680443502757,0,1.0,0.0,0.0,0.0
10018,2,swap,snr2,25000,2.143014800254095,0,1.0,0.0,0.0,0.0
10018,2,swap,dir0.75,25000,1.380211241711606,0,0.0,0.89508,0.10492,0.0
10018,2,swap,dir0.9,25000,1.8195439355418688,0,0.0,0.8578,0.1422,0.0
10018,2,swap,nz0.9,25000,1.3010299956639813,0,0.0,1.0,0.0,0.0
10018,4,loschmidt,snr1,25000,2.0681858617461617,0,1.0,0.0,0.0,0.0
10018,4,loschmidt,snr2,25000,2.667452952889954,0,1.0,0.0,0.0,0.0
10018,4,loschmidt,dir0.75,25000,2.0644579892269186,0,0.0,0.99536,0.0,0.00464
10018,4,loschmidt,dir0.9,25000,2.387389826338729,0,0.0,0.99104,0.0,0.00896
10018,4,loschmidt,nz0.9,25000,2.1271047983648077,0,0.0,1.0,0.0,0.0
10018,4,swap,snr1,25000,3.8935397868370276,0,1.0,0.0,0.0,0.0
10018,4,swap,snr2,25000,4.495578963884585,0,1.0,0.0,0.0,0.0
10018,4,swap,dir0.75,25000,3.566378524868984,0,0.0,0.56388,0.43612,0.0
10018,4,swap,dir0.9,25000,4.113179239359429,0,0.0,0.48252,0.51748,0.0
10018,4,swap,nz0.9,25000,1.505149978319906,0,0.0,1.0,0.0,0.0
10018,6,loschmidt,snr1,25000,3.3026555404802336,0,1.0,0.0,0.0,0.0
10018,6,loschmidt,snr2,25000,3.9046344041277266,0,1.0,0.0,0.0,0.0
10018,6,loschmidt,dir0.75,25000,3.29269900304393,0,0.0,0.99568,0.0,0.00432
10018,6,loschmidt,dir0.9,25000,3.6164753995886496,0,0.0,0.99124,0.0,0.00876
10018,6,loschmidt,nz0.9,25000,3.333547922032254,0,0.0,1.0,0.0,0.0
10018,6,swap,snr1,25000,6.304375887659113,0,1.0,0.0,0.0,0.0
10018,6,swap,snr2,25000,6.906435717376496,0,1.0,0.0,0.0,0.0
10018,6,swap,dir0.75,25000,5.963275851024298,0,0.0,0.25804,0.74196,0.0
10018,6,swap,dir0.9,25000,6.520111182391254,0,0.0,0.19412,0.80588,0.0
10018,6,swap,nz0.9,25000,1.505149978319906,0,0.0,1.0,0.0,0.0
10018,8,loschmidt,snr1,25000,4.49766893260353,0,1.0,0.0,0.0,0.0
10018,8,loschmidt,snr2,25000,5.099722020120691,0,1.0,0.0,0.0,0.0
10018,8,loschmidt,dir0.75,25000,4.488071032035751,0,0.0,0.99656,0.0,0.00344
10018,8,loschmidt,dir0.9,25000,4.814204291711782,0,0.0,0.99232,0.0,0.00768
10018,8,loschmidt,nz0.9,25000,4.52747521903659,0,0.0,1.0,0.0,0.0
10018,8,swap,snr1,25000,8.688431522534014,0,1.0,0.0,0.0,0.0
10018,8,swap,snr2,25000,9.290491513639495,0,1.0,0.0,0.0,0.0
10018,8,swap,dir0.75,25000,8.346443337346908,0,0.0,0.09392,0.90608,0.0
10018,8,swap,dir0.9,25000,8.90392062091631,0,0.0,0.06216,0.93784,0.0
10018,8,swap,nz0.9,25000,1.505149978319906,0,0.0,1.0,0.0,0.0
10018,10,loschmidt,snr1,25000,5.73331886647523,0,1.0,0.0,0.0,0.0
10018,10,loschmidt,snr2,25000,6.335378255899497,0,1.0,0.0,0.0,0.0
10018,10,loschmidt,dir0.75,25000,5.728813336358591,0,0.0,0.99612,0.0,0.00388
10018,10,loschmidt,dir0.9,25000,6.04710030183403,0,0.0,0.992,0.0,0.008
10018,10,loschmidt,nz0.9,25000,5.770103494747475,0,0.0,1.0,0.0,0.0
10018,10,swap,snr1,25000,11.191463315526537,0,1.0,0.0,0.0,0.0
10018,10,swap,snr2,25000,11.793523306854148,0,1.0,0.0,0.0,0.0
10018,10,swap,dir0.75,25000,10.849417448870451,0,0.0,0.02684,0.97316,0.0
10018,10,swap,dir0.9,25000,11.40693643514318,0,0.0,0.01548,0.98452,0.0
10018,10,swap,nz0.9,25000,1.505149978319906,0,0.0,1.0,0.0,0.0
10018,12,loschmidt,snr1,25000,6.900221695427753,0,1.0,0.0,0.0,0.0
10018,12,loschmidt,snr2,25000,7.502281659432445,0,1.0,0.0,0.0,0.0
10018,12,loschmidt,dir0.75,25000,6.887304313373329,0,0.0,0.99536,0.0,0.00464
10018,12,loschmidt,dir0.9,25000,7.214600256463999,0,0.0,0.99188,0.0,0.00812
10018,12,loschmidt,nz0.9,25000,6.935310452497238,0,0.0,1.0,0.0,0.0
10018,12,swap,snr1,25000,13.501100037528612,0,1.0,0.0,0.0,0.0
10018,12,swap,snr2,25000,14.103160028856564,0,1.0,0.0,0.0,0.0
10018,12,swap,dir0.75,25000,13.159050986007065,0,0.0,0.00744,0.99256,0.0
10018,12,swap,dir0.9,25000,13.716572274936537,0,0.0,0.0036,0.9964,0.0
10018,12,swap,nz0.9,25000,1.505149978319906,0,0.0,1.0,0.0,0.0
10018,14,loschmidt,snr1,25000,8.062769200464857,0,1.0,0.0,0.0,0.0
10018,14,loschmidt,snr2,25000,8.664829189444093,0,1.0,0.0,0.0,0.0
10018,14,loschmidt,dir0.75,25000,8.059190070208608,0,0.0,0.99612,0.0,0.00388
10018,14,loschmidt,dir0.9,25000,8.378145232807906,0,0.0,0.99228,0.0,0.00772
10018,14,loschmidt,nz0.9,25000,8.112085165773456,0,0.0,1.0,0.0,0.0
10018,14,swap,snr1,25000,15.85865238174838,0,1.0,0.0,0.0,0.0
10018,14,swap,snr2,25000,16.46071237307634,0,1.0,0.0,0.0,0.0
10018,14,swap,dir0.75,25000,15.516603106341083,0,0.0,0.0016,0.9984,0.0
10018,14,swap,dir0.9,25000,16.074124557140117,0,0.0,0.00052,0.99948,0.0
10018,14,swap,nz0.9,25000,1.505149978319906,0,0.0,1.0,0.0,0.0
10018,16,loschmidt,snr1,25000,9.302789216290629,0,1.0,0.0,0.0,0.0
10018,16,loschmidt,snr2,25000,9.904849207537492,0,1.0,0.0,0.0,0.0
10018,16,loschmidt,dir0.75,25000,9.296681356609536,0,0.0,0.99616,0.0,0.00384
10018,16,loschmidt,dir0.9,25000,9.620920476837824,0,0.0,0.99188,0.0,0.00812
10018,16,loschmidt,nz0.9,25000,9.33787107892012,0,0.0,1.0,0.0,0.0
10018,16,swap,snr1,25000,18.31404179882504,0,1.0,0.0,0.0,0.0
10018,16,swap,snr2,25000,18.916101790153,0,1.0,0.0,0.0,0.0
10018,16,swap,dir0.75,25000,17.97199250847189,0,0.0,0.00036,0.99964,0.0
10018,16,swap,dir0.9,25000,18.529513970076785,0,0.0,0.00012,0.99988,0.0
10018,16,swap,nz0.9,25000,1.505149978319906,0,0.0,1.0,0.0,0.0
10018,18,loschmidt,snr1,25000,10.51497454567766,0,1.0,0.0,0.0,0.0
10018,18,loschmidt,snr2,25000,11.117034537003963,0,1.0,0.0,0.0,0.0
10018,18,loschmidt,dir0.75,25000,10.511378654960456,0,0.0,0.99528,0.0,0.00472
10018,18,loschmidt,dir0.9,25000,10.831143165150495,0,0.0,0.99112,0.0,0.00888
10018,18,loschmidt,nz0.9,25000,10.547180481414383,0,0.0,1.0,0.0,0.0
10018,18,swap,snr1,25000,20.735520435334962,0,1.0,0.0,0.0,0.0
10018,18,swap,snr2,25000,21.337580426662925,0,1.0,0.0,0.0,0.0
10018,18,swap,dir0.75,25000,20.393471144099266,0,0.0,8e-05,0.99992,0.0
10018,18,swap,dir0.9,25000,20.950992606342247,0,0.0,0.0,1.0,0.0
10018,18,swap,nz0.9,25000,1.505149978319906,0,0.0,1.0,0.0,0.0
10018,20,loschmidt,snr1,25000,11.691054228613524,0,1.0,0.0,0.0,0.0
10018,20,loschmidt,snr2,25000,12.293114219941156,0,1.0,0.0,0.0,0.0
10018,20,loschmidt,dir0.75,25000,11.676362024910052,0,0.0,0.99544,0.0,0.00456
10018,20,loschmidt,dir0.9,25000,12.006071367640496,0,0.0,0.99172,0.0,0.00828
10018,20,loschmidt,nz0.9,25000,11.716672780281126,0,0.0,1.0,0.0,0.0
10018,20,swap,snr1,25000,23.082519722662035,0,1.0,0.0,0.0,0.0
10018,20,swap,snr2,25000,23.684579713989997,0,1.0,0.0,0.0,0.0
10018,20,swap,dir0.75,25000,22.740470431372334,0,0.0,0.0,1.0,0.0
10018,20,swap,dir0.9,25000,23.29799189365436,0,0.0,0.0,1.0,0.0
10018,20,swap,nz0.9,25000,1.505149978319906,0,0.0,1.0,0.0,0.0
10018,22,loschmidt,snr1,25000,12.92863670463446,0,1.0,0.0,0.0,0.0
10018,22,loschmidt,snr2,25000,13.530696695962416,0,1.0,0.0,0.0,0.0
10018,22,loschmidt,dir0.75,25000,12.91389970996109,0,0.0,0.99572,0.0,0.00428
10018,22,loschmidt,dir0.9,25000,13.246163276394796,0,0.0,0.99148,0.0,0.00852
10018,22,loschmidt,nz0.9,25000,12.943932903791023,0,0.0,1.0,0.0,0.0
10018,22,swap,snr1,25000,25.531539576423604,0,1.0,0.0,0.0,0.0
10018,22,swap,snr2,25000,26.133599567751567,0,1.0,0.0,0.0,0.0
10018,22,swap,dir0.75,25000,25.189490285130248,0,0.0,0.0,1.0,0.0
10018,22,swap,dir0.9,25000,25.747011747414916,0,0.0,0.0,1.0,0.0
10018,22,swap,nz0.9,25000,1.505149978319906,0,0.0,1.0,0.0,0.0
10018,24,loschmidt,snr1,25000,14.10062898051752,0,1.0,0.0,0.0,0.0
10018,24,loschmidt,snr2,25000,14.702688971845479,0,1.0,0.0,0.0,0.0
10018,24,loschmidt,dir0.75,25000,14.093888146962685,0,0.0,0.99576,0.0,0.00424
10018,24,loschmidt,dir0.9,25000,14.417481201343929,0,0.0,0.99204,0.0,0.00796
10018,24,loschmidt,nz0.9,25000,14.137445492573,0,0.0,1.0,0.0,0.0
10018,24,swap,snr1,25000,27.907997943357273,0,1.0,0.0,0.0,0.0
10018,24,swap,snr2,25000,28.510057934685236,0,1.0,0.0,0.0,0.0
10018,24,swap,dir0.75,25000,27.565948652063707,0,0.0,0.0,1.0,0.0
10018,24,swap,dir0.9,25000,28.123470114348528,0,0.0,0.0,1.0,0.0
10018,24,swap,nz0.9,25000,1.505149978319906,0,0.0,1.0,0.0,0.0
10019,2,loschmidt,snr1,25000,0.7781512503836436,0,1.0,0.0,0.0,0.0
10019,2,loschmidt,snr2,25000,1.3424226808222062,0,1.0,0.0,0.0,0.0
10019,2,loschmidt,dir0.75,25000,0.8450980400142568,0,0.0,0.99508,0.0,0.00492
10019,2,loschmidt,dir0.9,25000,1.1139433523068367,0,0.0,0.99228,0.0,0.00772
10019,2,loschmidt,nz0.9,25000,1.0,0,0.0,1.0,0.0,0.0
10019,2,swap,snr1,25000,1.5563025007672873,0,1.0,0.0,0.0,0.0
10019,2,swap,snr2,25000,2.1492191126553797,0,1.0,0.0,0.0,0.0
10019,2,swap,dir0.75,25000,1.380211241711606,0,0.0,0.89656,0.10344,0.0
10019,2,swap,dir0.9,25000,1.8260748027008264,0,0.0,0.85804,0.14196,0.0
10019,2,swap,nz0.9,25000,1.3010299956639813,0,0.0,1.0,0.0,0.0
10019,4,loschmidt,snr1,25000,2.0569048513364727,0,1.0,0.0,0.0,0.0
10019,4,loschmidt,snr2,25000,2.658964842664435,0,1.0,0.0,0.0,0.0
10019,4,loschmidt,dir0.75,25000,2.060697840353612,0,0.0,0.9954,0.0,0.0046
10019,4,loschmidt,dir0.9,25000,2.376576957056512,0,0.0,0.99136,0.0,0.00864
10019,4,loschmidt,nz0.9,25000,2.123851640967086,0,0.0,1.0,0.0,0.0
10019,4,swap,snr1,25000,3.893872675255035,0,1.0,0.0,0.0,0.0
10019,4,swap,snr2,25000,4.495918805088565,0,1.0,0.0,0.0,0.0
10019,4,swap,dir0.75,25000,3.566732024993854,0,0.0,0.56784,0.43216,0.0
10019,4,swap,dir0.9,25000,4.113519713191485,0,0.0,0.4844,0.5156,0.0
10019,4,swap,nz0.9,25000,1.505149978319906,0,0.0,1.0,0.0,0.0
10019,6,loschmidt,snr1,25000,3.3242824552976926,0,1.0,0.0,0.0,0.0
10019,6,loschmidt,snr2,25000,3.926188049107206,0,1.0,0.0,0.0,0.0
10019,6,loschmidt,dir0.75,25000,3.3100557377508912,0,0.0,0.99584,0.0,0.00416
10019,6,loschmidt,dir0.9,25000,3.6425139786732545,0,0.0,0.99224,0.0,0.00776
10019,6,loschmidt,nz0.9,25000,3.350829273582968,0,0.0,1.0,0.0,0.0
10019,6,swap,snr1,25000,6.348239447589391,0,1.0,0.0,0.0,0.0
10019,6,swap,snr2,25000,6.950299438917353,0,1.0,0.0,0.0,0.0
10019,6,swap,dir0.75,25000,6.007092836305706,0,0.0,0.25736,0.74264,0.0
10019,6,swap,dir0.9,25000,6.563961914871012,0,0.0,0.19392,0.80608,0.0
10019,6,swap,nz0.9,25000,1.505149978319906,0,0.0,1.0,0.0,0.0
10019,8,loschmidt,snr1,25000,4.534038802868768,0,1.0,0.0,0.0,0.0
10019,8,loschmidt,snr2,25000,5.136094032700522,0,1.0,0.0,0.0,0.0
10019,8,loschmidt,dir0.75,25000,4.52767497801608,0,0.0,0.99608,0.0,0.00392
10019,8,loschmidt,dir0.9,25000,4.8494957618078,0,0.0,0.99196,0.0,0.00804
10019,8,loschmidt,nz0.9,25000,4.560683583861394,0,0.0,1.0,0.0,0.0
10019,8,swap,snr1,25000,8.756154735843133,0,1.0,0.0,0.0,0.0
10019,8,swap,snr2,25000,9.358214727075906,0,1.0,0.0,0.0,0.0
10019,8,swap,dir0.75,25000,8.414161967842814,0,0.0,0.09216,0.90784,0.0
10019,8,swap,dir0.9,25000,8.971642564716984,0,0.0,0.059,0.941,0.0
10019,8,swap,nz0.9,25000,1.505149978319906,0,0.0,1.0,0.0,0.0
10019,10,loschmidt,snr1,25000,5.710778017029236,0,1.0,0.0,0.0,0.0
10019,10,loschmidt,snr2,25000,6.312837797034362,0,1.0,0.0,0.0,0.0
10019,10,loschmidt,dir0.75,25000,5.71605217540148,0,0.0,0.99604,0.0,0.00396
10019,10,loschmidt,dir0.9,25000,6.029925290612017,0,0.0,0.99156,0.0,0.00844
10019,10,loschmidt,nz0.9,25000,5.754144847805918,0,0.0,1.0,0.0,0.0
10019,10,swap,snr1,25000,11.148969102984916,0,1.0,0.0,0.0,0.0
10019,10,swap,snr2,25000,11.751029094312107,0,1.0,0.0,0.0,0.0
10019,10,swap,dir0.75,25000,10.806923408035276,0,0.0,0.02544,0.97456,0.0
10019,10,swap,dir0.9,25000,11.364442270164286,0,0.0,0.0138,0.9862,0.0
10019,10,swap,nz0.9,25000,1.505149978319906,0,0.0,1.0,0.0,0.0
10019,12,loschmidt,snr1,25000,6.9261420789786605,0,1.0,0.0,0.0,0.0
10019,12,loschmidt,snr2,25000,7.52820206387125,0,1.0,0.0,0.0,0.0
10019,12,loschmidt,dir0.75,25000,6.910742298105243,0,0.0,0.99564,0.0,0.00436
10019,12,loschmidt,dir0.9,25000,7.243277569734124,0,0.0,0.9914,0.0,0.0086
10019,12,loschmidt,nz0.9,25000,6.946834705799103,0,0.0,1.0,0.0,0.0
10019,12,swap,snr1,25000,13.538297794180057,0,1.0,0.0,0.0,0.0
10019,12,swap,snr2,25000,14.14035778550802,0,1.0,0.0,0.0,0.0
10019,12,swap,dir0.75,25000,13.196248732606907,0,0.0,0.00692,0.99308,0.0
10019,12,swap,dir0.9,25000,13.753770028803704,0,0.0,0.00332,0.99668,0.0
10019,12,swap,nz0.9,25000,1.505149978319906,0,0.0,1.0,0.0,0.0
10019,14,loschmidt,snr1,25000,8.110889974943913,0,1.0,0.0,0.0,0.0
10019,14,loschmidt,snr2,25000,8.712949965430813,0,1.0,0.0,0.0,0.0
10019,14,loschmidt,dir0.75,25000,8.10537670382234,0,0.0,0.9956,0.0,0.0044
10019,14,loschmidt,dir0.9,25000,8.428786751751069,0,0.0,0.99212,0.0,0.00788
10019,14,loschmidt,nz0.9,25000,8.161177228616143,0,0.0,1.0,0.0,0.0
10019,14,swap,snr1,25000,15.939157196782125,0,1.0,0.0,0.0,0.0
10019,14,swap,snr2,25000,16.541217188110085,0,1.0,0.0,0.0,0.0
10019,14,swap,dir0.75,25000,15.59710791996859,0,0.0,0.00128,0.99872,0.0
10019,14,swap,dir0.9,25000,16.154629371784335,0,0.0,0.0004,0.9996,0.0
10019,14,swap,nz0.9,25000,1.505149978319906,0,0.0,1.0,0.0,0.0
10019,16,loschmidt,snr1,25000,9.330203546224823,0,1.0,0.0,0.0,0.0
10019,16,loschmidt,snr2,25000,9.932263537502074,0,1.0,0.0,0.0,0.0
10019,16,loschmidt,dir0.75,25000,9.331189872934733,0,0.0,0.99608,0.0,0.00392
10019,16,loschmidt,dir0.9,25000,9.652891059764114,0,0.0,0.9924,0.0,0.0076
10019,16,loschmidt,nz0.9,25000,9.378907210866949,0,0.0,1.0,0.0,0.0
10019,16,swap,snr1,25000,18.38855875812451,0,1.0,0.0,0.0,0.0
10019,16,swap,snr2,25000,18.990618749452473,0,1.0,0.0,0.0,0.0
10019,16,swap,dir0.75,25000,18.046509467694037,0,0.0,0.00024,0.99976,0.0
10019,16,swap,dir0.9,25000,18.604030929354835,0,0.0,4e-05,0.99996,0.0
10019,16,swap,nz0.9,25000,1.505149978319906,0,0.0,1.0,0.0,0.0
10019,18,loschmidt,snr1,25000,10.504567536971559,0,1.0,0.0,0.0,0.0
10019,18,loschmidt,snr2,25000,11.106627528292728,0,1.0,0.0,0.0,0.0
10019,18,loschmidt,dir0.75,25000,10.505250439440049,0,0.0,0.99576,0.0,0.00424
10019,18,loschmidt,dir0.9,25000,10.82356662295467,0,0.0,0.99216,0.0,0.00784
10019,18,loschmidt,nz0.9,25000,10.542598423803746,0,0.0,1.0,0.0,0.0
10019,18,swap,snr1,25000,20.726032304826994,0,1.0,0.0,0.0,0.0
10019,18,swap,snr2,25000,21.328092296154956,0,1.0,0.0,0.0,0.0
10019,18,swap,dir0.75,25000,20.383983013591937,0,0.0,4e-05,0.99996,0.0
10019,18,swap,dir0.9,25000,20.941504475834456,0,0.0,0.0,1.0,0.0
10019,18,swap,nz0.9,25000,1.505149978319906,0,0.0,1.0,0.0,0.0
10019,20,loschmidt,snr1,25000,11.658633974127262,0,1.0,0.0,0.0,0.0
10019,20,loschmidt,snr2,25000,12.260693965454866,0,1.0,0.0,0.0,0.0
10019,20,loschmidt,dir0.75,25000,11.6625388981888,0,0.0,0.99528,0.0,0.00472
10019,20,loschmidt,dir0.9,25000,11.979104614637247,0,0.0,0.991,0.0,0.009
10019,20,loschmidt,nz0.9,25000,11.709589775670821,0,0.0,1.0,0.0,0.0
10019,20,swap,snr1,25000,23.052366035347767,0,1.0,0.0,0.0,0.0
10019,20,swap,snr2,25000,23.65442602667573,0,1.0,0.0,0.0,0.0
10019,20,swap,dir0.75,25000,22.710316744058204,0,0.0,4e-05,0.99996,0.0
10019,20,swap,dir0.9,25000,23.26783820634013,0,0.0,0.0,1.0,0.0
10019,20,swap,nz0.9,25000,1.505149978319906,0,0.0,1.0,0.0,0.0
10019,22,loschmidt,snr1,25000,12.935281108180313,0,1.0,0.0,0.0,0.0
10019,22,loschmidt,snr2,25000,13.53734109950826,0,1.0,0.0,0.0,0.0
10019,22,loschmidt,dir0.75,25000,12.933514055489278,0,0.0,0.99532,0.0,0.00468
10019,22,loschmidt,dir0.9,25000,13.252084371078029,0,0.0,0.99096,0.0,0.00904
10019,22,loschmidt,nz0.9,25000,12.97935368224757,0,0.0,1.0,0.0,0.0
10019,22,swap,snr1,25000,25.59917821137701,0,1.0,0.0,0.0,0.0
10019,22,swap,snr2,25000,26.20123820270497,0,1.0,0.0,0.0,0.0
10019,22,swap,dir0.75,25000,25.257128920083638,0,0.0,0.0,1.0,0.0
10019,22,swap,dir0.9,25000,25.814650382368313,0,0.0,0.0,1.0,0.0
10019,22,swap,nz0.9,25000,1.505149978319906,0,0.0,1.0,0.0,0.0
10019,24,loschmidt,snr1,25000,14.091185551906424,0,1.0,0.0,0.0,0.0
10019,24,loschmidt,snr2,25000,14.693245543234383,0,1.0,0.0,0.0,0.0
10019,24,loschmidt,dir0.75,25000,14.080291737398634,0,0.0,0.99572,0.0,0.00428
10019,24,loschmidt,dir0.9,25000,14.402240751603376,0,0.0,0.99168,0.0,0.00832
10019,24,loschmidt,nz0.9,25000,14.129090249542493,0,0.0,1.0,0.0,0.0
10019,24,swap,snr1,25000,27.888005149022717,0,1.0,0.0,0.0,0.0
10019,24,swap,snr2,25000,28.49006514035068,0,1.0,0.0,0.0,0.0
10019,24,swap,dir0.75,25000,27.545955857729147,0,0.0,0.0,1.0,0.0
10019,24,swap,dir0.9,25000,28.103477320013972,0,0.0,0.0,1.0,0.0
10019,24,swap,nz0.9,25000,1.505149978319906,0,0.0,1.0,0.0,0.0
