seed,scheme,target,fit_range,slope,intercept,r2,max_abs_residual,n_points,ols_slope_se_diagnostic,n_min,n_max,n_used,n_samples_per_n,mean_frac_closed_form,mean_frac_exact,mean_frac_normal_cc,mean_frac_skellam,unsolved_total
10000,loschmidt,snr1,primary_2_20,0.6073411370096533,-0.3769796632498813,0.9999120452142187,0.05955136038578168,10,0.0020138936950439387,2,20,2 4 6 8 10 12 14 16 18 20,25000,1.0,0.0,0.0,0.0,0
10000,loschmidt,snr1,n_ge_8,0.6041762258671474,-0.33016357126740337,0.9998788498703467,0.039785660783033805,7,0.00297417747661327,8,20,8 10 12 14 16 18 20,25000,1.0,0.0,0.0,0.0,0
10000,loschmidt,snr1,extended_2_24,0.6063389958072599,-0.36948120398121637,0.9999237112502282,0.06504553724965989,12,0.001674797544642851,2,24,2 4 6 8 10 12 14 16 18 20 22 24,25000,1.0,0.0,0.0,0.0,0
10000,loschmidt,snr2,primary_2_20,0.6089646357288621,0.20122098183067288,0.9998390708366913,0.09693095855447775,10,0.0027314886734555012,2,20,2 4 6 8 10 12 14 16 18 20,25000,1.0,0.0,0.0,0.0,0
10000,loschmidt,snr2,n_ge_8,0.6041764131542883,0.27189327637032473,0.9998788538588312,0.039785433303320517,7,0.002974129434531086,8,20,8 10 12 14 16 18 20,25000,1.0,0.0,0.0,0.0,0
10000,loschmidt,snr2,extended_2_24,0.6074854499751983,0.21267416621678673,0.9998774942149273,0.10542577143326404,12,0.002126379530170345,2,24,2 4 6 8 10 12 14 16 18 20 22 24,25000,1.0,0.0,0.0,0.0,0
10000,loschmidt,dir0.75,primary_2_20,0.60534962172759,-0.3543599698747834,0.9999424310687242,0.04193021433602517,10,0.0016239321008553697,2,20,2 4 6 8 10 12 14 16 18 20,25000,0.0,0.9957800000000001,0.0,0.00422,0
10000,loschmidt,dir0.75,n_ge_8,0.604631917225829,-0.34390609583996673,0.9998408014164506,0.04439502133290674,7,0.0034120095550935776,8,20,8 10 12 14 16 18 20,25000,0.0,0.995822857142857,0.0,0.004177142857142857,0
10000,loschmidt,dir0.75,extended_2_24,0.604815047727621,-0.35073640594340244,0.9999435235466225,0.058484044443281036,12,0.001437369945721792,2,24,2 4 6 8 10 12 14 16 18 20 22 24,25000,0.0,0.9957600000000001,0.0,0.00424,0
10000,loschmidt,dir0.9,primary_2_20,0.6068996866272137,-0.05276049810998193,0.9999232444097306,0.04709552283760887,10,0.0018799382988423084,2,20,2 4 6 8 10 12 14 16 18 20,25000,0.0,0.991808,0.0,0.008192000000000001,0
10000,loschmidt,dir0.9,n_ge_8,0.6046381034199816,-0.019554560382684678,0.9998594581458966,0.04086235763158008,7,0.0032058549592216697,8,20,8 10 12 14 16 18 20,25000,0.0,0.9918742857142858,0.0,0.008125714285714286,0
10000,loschmidt,dir0.9,extended_2_24,0.6060251214210133,-0.04626616943729538,0.9999337903123657,0.05887949968557038,12,0.0015594296036631713,2,24,2 4 6 8 10 12 14 16 18 20 22 24,25000,0.0,0.9917766666666666,0.0,0.008223333333333334,0
10000,loschmidt,nz0.9,primary_2_20,0.6019359831274638,-0.25960064070397587,0.9999108899329927,0.05572867444904839,10,0.002009037523430082,2,20,2 4 6 8 10 12 14 16 18 20,25000,0.0,1.0,0.0,0.0,0
10000,loschmidt,nz0.9,n_ge_8,0.6046825278968302,-0.30054935743176037,0.9998586996342462,0.04557075081843642,7,0.0032147317978827522,8,20,8 10 12 14 16 18 20,25000,0.0,1.0,0.0,0.0,0
10000,loschmidt,nz0.9,extended_2_24,0.6019968275638432,-0.26086871472441564,0.9999281058705287,0.05687505959672923,12,0.0016141969764009718,2,24,2 4 6 8 10 12 14 16 18 20 22 24,25000,0.0,1.0,0.0,0.0,0
10000,swap,snr1,primary_2_20,1.2064219183403546,-0.9213192441265411,0.9999394780198281,0.1040225906059824,10,0.0033183633064840868,2,20,2 4 6 8 10 12 14 16 18 20,25000,1.0,0.0,0.0,0.0,0
10000,swap,snr1,n_ge_8,1.209020789177732,-0.9608701845302215,0.9998406683600991,0.09679385593686973,7,0.006825498580901118,8,20,8 10 12 14 16 18 20,25000,1.0,0.0,0.0,0.0,0
10000,swap,snr1,extended_2_24,1.206170822049108,-0.9207183111622436,0.999945996228336,0.1079413908841218,12,0.0028030612758664637,2,24,2 4 6 8 10 12 14 16 18 20 22 24,25000,1.0,0.0,0.0,0.0,0
10000,swap,snr2,primary_2_20,1.2065100891525273,-0.320553220953229,0.9999400026902238,0.10372948414152461,10,0.0033041890058117143,2,20,2 4 6 8 10 12 14 16 18 20,25000,1.0,0.0,0.0,0.0,0
10000,swap,snr2,n_ge_8,1.2090207892069196,-0.35881019368879513,0.9998406683605457,0.09679385589803147,7,0.006825498571498491,8,20,8 10 12 14 16 18 20,25000,1.0,0.0,0.0,0.0,0
10000,swap,snr2,extended_2_24,1.2062330216162969,-0.31973698855836624,0.9999462981699552,0.10790046739880665,12,0.0027953578856282557,2,24,2 4 6 8 10 12 14 16 18 20 22 24,25000,1.0,0.0,0.0,0.0,0
10000,swap,dir0.75,primary_2_20,1.2013881922701581,-1.1891598570555422,0.9998737031857076,0.14811130853281873,10,0.004773775491534874,2,20,2 4 6 8 10 12 14 16 18 20,25000,0.0,0.185004,0.814996,0.0,0
10000,swap,dir0.75,n_ge_8,1.209017693509057,-1.302867673091104,0.9998406248110352,0.09679777528830869,7,0.006826413971128979,8,20,8 10 12 14 16 18 20,25000,0.0,0.018548571428571425,0.9814514285714286,0.0,0
10000,swap,dir0.75,extended_2_24,1.2026080887711168,-1.2007539935149019,0.9999060752191016,0.1572656519902611,12,0.0036858241594575182,2,24,2 4 6 8 10 12 14 16 18 20 22 24,25000,0.0,0.15417,0.84583,0.0,0
10000,swap,dir0.9,primary_2_20,1.204713208916209,-0.6806798419040846,0.9999253203644081,0.10961212902268969,10,0.003680916711786101,2,20,2 4 6 8 10 12 14 16 18 20,25000,0.0,0.16176000000000001,0.8382400000000001,0.0,0
10000,swap,dir0.9,n_ge_8,1.2090199316474426,-0.7453836636808993,0.9998406562984028,0.09679494163729885,7,0.006825752127192176,8,20,8 10 12 14 16 18 20,25000,0.0,0.01126857142857143,0.9887314285714285,0.0,0
10000,swap,dir0.9,extended_2_24,1.2049622509629547,-0.6842251930796613,0.999937596065225,0.1086747233568417,12,0.0030101835628383753,2,24,2 4 6 8 10 12 14 16 18 20 22 24,25000,0.0,0.1348,0.8652000000000001,0.0,0
10000,swap,nz0.9,primary_2_20,0.005566908617888862,1.4235019852575364,0.2727272727272725,0.13360580682933287,10,0.0032140561890921797,2,20,2 4 6 8 10 12 14 16 18 20,25000,0.0,1.0,0.0,0.0,0
10000,swap,nz0.9,n_ge_8,1.7291972242466875e-17,1.5051499783199058,,2.220446049250313e-16,7,8.05133449566323e-18,8,20,8 10 12 14 16 18 20,25000,0.0,1.0,0.0,0.0,0
10000,swap,nz0.9,extended_2_24,0.003925384281844697,1.4371099841012647,0.23076923076923017,0.1439307570009729,12,0.0022663216717957674,2,24,2 4 6 8 10 12 14 16 18 20 22 24,25000,0.0,1.0,0.0,0.0,0
10001,loschmidt,snr1,primary_2_20,0.6051956151941058,-0.3608488900502912,0.9999085575567256,0.07139108995427679,10,0.002046183354741025,2,20,2 4 6 8 10 12 14 16 18 20,25000,1.0,0.0,0.0,0.0,0
10001,loschmidt,snr1,n_ge_8,0.6007755861633332,-0.29480105924822947,0.9999359861169541,0.033536464567601953,7,0.002149702000377572,8,20,8 10 12 14 16 18 20,25000,1.0,0.0,0.0,0.0,0
10001,loschmidt,snr1,extended_2_24,0.6040829786591908,-0.35154919000711493,0.9999421077009729,0.07846551692762305,12,0.0014535151693660178,2,24,2 4 6 8 10 12 14 16 18 20 22 24,25000,1.0,0.0,0.0,0.0,0
10001,loschmidt,snr2,primary_2_20,0.606228301280233,0.2260587740755657,0.9998567755097045,0.09609269581382551,10,0.002565257460938391,2,20,2 4 6 8 10 12 14 16 18 20,25000,1.0,0.0,0.0,0.0,0
10001,loschmidt,snr2,n_ge_8,0.6007757654984881,0.30725594043384075,0.9999359862563536,0.03353565350569454,7,0.0021497003012814135,8,20,8 10 12 14 16 18 20,25000,1.0,0.0,0.0,0.0,0
10001,loschmidt,snr2,extended_2_24,0.6048113737877152,0.23788101443777512,0.9999091452286314,0.10508108119099946,12,0.0018231128383614527,2,24,2 4 6 8 10 12 14 16 18 20 22 24,25000,1.0,0.0,0.0,0.0,0
10001,loschmidt,dir0.75,primary_2_20,0.6028612855298564,-0.3347052505677412,0.9999683166900002,0.02945652196957127,10,0.001199760488157295,2,20,2 4 6 8 10 12 14 16 18 20,25000,0.0,0.99572,0.0,0.00428,0
10001,loschmidt,dir0.75,n_ge_8,0.6006699755516336,-0.30180116915763633,0.9999474003500217,0.025772996769844347,7,0.0019482907625054894,8,20,8 10 12 14 16 18 20,25000,0.0,0.9956914285714286,0.0,0.004308571428571428,0
10001,loschmidt,dir0.75,extended_2_24,0.6026846395821874,-0.3330580192294075,0.9999803856827518,0.027924126249862624,12,0.0008440748880886989,2,24,2 4 6 8 10 12 14 16 18 20 22 24,25000,0.0,0.99574,0.0,0.00426,0
10001,loschmidt,dir0.9,primary_2_20,0.6044145483384767,-0.03322627628898777,0.9999264442966022,0.0616594680811291,10,0.0018327957338259788,2,20,2 4 6 8 10 12 14 16 18 20,25000,0.0,0.99184,0.0,0.008160000000000002,0
10001,loschmidt,dir0.9,n_ge_8,0.600636397794129,0.023115064564596877,0.9999391299251602,0.03102202354154926,7,0.002095761124968934,8,20,8 10 12 14 16 18 20,25000,0.0,0.9919200000000001,0.0,0.008079999999999999,0
10001,loschmidt,dir0.9,extended_2_24,0.6035307522424309,-0.025781193578227776,0.9999538917769349,0.06733695859979738,12,0.0012959809246651265,2,24,2 4 6 8 10 12 14 16 18 20 22 24,25000,0.0,0.9918533333333334,0.0,0.008146666666666668,0
10001,loschmidt,nz0.9,primary_2_20,0.5989653087412038,-0.23946855297138786,0.9999593641852819,0.041537935488980215,10,0.0013499571571214243,2,20,2 4 6 8 10 12 14 16 18 20,25000,0.0,1.0,0.0,0.0,0
10001,loschmidt,nz0.9,n_ge_8,0.5996770388056099,-0.2488199140918974,0.9999514270461992,0.025996444224489323,7,0.0018691330774539292,8,20,8 10 12 14 16 18 20,25000,0.0,1.0,0.0,0.0,0
10001,loschmidt,nz0.9,extended_2_24,0.60013845557563,-0.24908848674559778,0.9999711812062326,0.04881157559433791,12,0.0010188156649153994,2,24,2 4 6 8 10 12 14 16 18 20 22 24,25000,0.0,1.0,0.0,0.0,0
10001,swap,snr1,primary_2_20,1.2006958464247282,-0.8833086970061045,0.9999786039567031,0.05379931872248633,10,0.0019636288081477816,2,20,2 4 6 8 10 12 14 16 18 20,25000,1.0,0.0,0.0,0.0,0
10001,swap,snr1,n_ge_8,1.1996425146054286,-0.8664029950232676,0.9999429778506633,0.05374692584844354,7,0.004051361721717821,8,20,8 10 12 14 16 18 20,25000,1.0,0.0,0.0,0.0,0
10001,swap,snr1,extended_2_24,1.20162002836245,-0.8906053498307551,0.9999857986406013,0.051746421229196926,12,0.001431974226845667,2,24,2 4 6 8 10 12 14 16 18 20 22 24,25000,1.0,0.0,0.0,0.0,0
10001,swap,snr2,primary_2_20,1.2008278793055298,-0.2831858060436768,0.999978845268727,0.05362389299519421,10,0.0019527386352929553,2,20,2 4 6 8 10 12 14 16 18 20,25000,1.0,0.0,0.0,0.0,0
10001,swap,snr2,n_ge_8,1.1996425146335181,-0.2643430041635201,0.9999429778505626,0.053746925867226736,7,0.004051361725388761,8,20,8 10 12 14 16 18 20,25000,1.0,0.0,0.0,0.0,0
10001,swap,snr2,extended_2_24,1.2017131500830773,-0.29015988976821494,0.9999859995307647,0.05180808093506073,12,0.001421919956608422,2,24,2 4 6 8 10 12 14 16 18 20 22 24,25000,1.0,0.0,0.0,0.0,0
10001,swap,dir0.75,primary_2_20,1.195666730331811,-1.1512213910121514,0.9999320534202205,0.12161576636612237,10,0.003484686451231836,2,20,2 4 6 8 10 12 14 16 18 20,25000,0.0,0.18435200000000002,0.815648,0.0,0
10001,swap,dir0.75,n_ge_8,1.1996392068542894,-1.2083969613321506,0.9999429883292,0.053744525752009054,7,0.004050978269352512,8,20,8 10 12 14 16 18 20,25000,0.0,0.017931428571428574,0.9820685714285713,0.0,0
10001,swap,dir0.75,extended_2_24,1.1980607019359297,-1.170703130691685,0.9999545890279232,0.13630956283741846,12,0.002553107393755057,2,24,2 4 6 8 10 12 14 16 18 20 22 24,25000,0.0,0.15362666666666666,0.8463733333333333,0.0,0
10001,swap,dir0.9,primary_2_20,1.1989882301012376,-0.6426863710218363,0.9999710976155123,0.05597102514631658,10,0.002278993253795767,2,20,2 4 6 8 10 12 14 16 18 20,25000,0.0,0.161324,0.8386760000000001,0.0,0
10001,swap,dir0.9,n_ge_8,1.199641598318555,-0.6509154983477893,0.9999429807555017,0.0537462609951902,7,0.004051255427364106,8,20,8 10 12 14 16 18 20,25000,0.0,0.010908571428571425,0.9890914285714285,0.0,0
10001,swap,dir0.9,extended_2_24,1.2004122645592266,-0.6541269365354114,0.9999804272622751,0.059482381400845385,12,0.0016794244146030222,2,24,2 4 6 8 10 12 14 16 18 20 22 24,25000,0.0,0.13443666666666668,0.8655633333333334,0.0,0
10001,swap,nz0.9,primary_2_20,0.005566908617888862,1.4235019852575364,0.2727272727272725,0.13360580682933287,10,0.0032140561890921797,2,20,2 4 6 8 10 12 14 16 18 20,25000,0.0,1.0,0.0,0.0,0
10001,swap,nz0.9,n_ge_8,1.7291972242466875e-17,1.5051499783199058,,2.220446049250313e-16,7,8.05133449566323e-18,8,20,8 10 12 14 16 18 20,25000,0.0,1.0,0.0,0.0,0
10001,swap,nz0.9,extended_2_24,0.003925384281844697,1.4371099841012647,0.23076923076923017,0.1439307570009729,12,0.0022663216717957674,2,24,2 4 6 8 10 12 14 16 18 20 22 24,25000,0.0,1.0,0.0,0.0,0
10002,loschmidt,snr1,primary_2_20,0.6053002940557245,-0.3600365654868229,0.9998789351133759,0.07241277224098241,10,0.0023548393355927403,2,20,2 4 6 8 10 12 14 16 18 20,25000,1.0,0.0,0.0,0.0,0
10002,loschmidt,snr1,n_ge_8,0.6023893687951796,-0.3177342729089317,0.9998407721931135,0.06831677018083049,7,0.003399666625720575,8,20,8 10 12 14 16 18 20,25000,1.0,0.0,0.0,0.0,0
10002,loschmidt,snr1,extended_2_24,0.6042088765648158,-0.3512434129383354,0.9999235163646303,0.0790230898076526,12,0.0016710443306701041,2,24,2 4 6 8 10 12 14 16 18 20 22 24,25000,1.0,0.0,0.0,0.0,0
10002,loschmidt,snr2,primary_2_20,0.6063309661356864,0.22690634123685124,0.9998265536109857,0.09714559268601786,10,0.002823482194464788,2,20,2 4 6 8 10 12 14 16 18 20,25000,1.0,0.0,0.0,0.0,0
10002,loschmidt,snr2,n_ge_8,0.6023898135046071,0.2843182987216633,0.9998407794504918,0.06831557884941475,7,0.0033995916462226687,8,20,8 10 12 14 16 18 20,25000,1.0,0.0,0.0,0.0,0
10002,loschmidt,snr2,extended_2_24,0.6049356521257971,0.23821875299294396,0.9998903674486009,0.10566737642233215,12,0.002003100544082439,2,24,2 4 6 8 10 12 14 16 18 20 22 24,25000,1.0,0.0,0.0,0.0,0
10002,loschmidt,dir0.75,primary_2_20,0.6029926181507099,-0.3333045536788676,0.9999347054569205,0.07114230950889677,10,0.0017227395515011373,2,20,2 4 6 8 10 12 14 16 18 20,25000,0.0,0.9954560000000001,0.0,0.004543999999999999,0
10002,loschmidt,dir0.75,n_ge_8,0.6022262581608991,-0.32261158286692854,0.9998373780137597,0.0711062404634859,7,0.003434785586783493,8,20,8 10 12 14 16 18 20,25000,0.0,0.9954628571428571,0.0,0.004537142857142857,0
10002,loschmidt,dir0.75,extended_2_24,0.6024745876188422,-0.32940815129678436,0.9999559619292884,0.06778628444483203,12,0.0012643358087486508,2,24,2 4 6 8 10 12 14 16 18 20 22 24,25000,0.0,0.9954833333333334,0.0,0.004516666666666666,0
10002,loschmidt,dir0.9,primary_2_20,0.6044536075155656,-0.03180889920008813,0.9998961632225686,0.06749814610873628,10,0.0021777906561055507,2,20,2 4 6 8 10 12 14 16 18 20,25000,0.0,0.99154,0.0,0.008459999999999999,0
10002,loschmidt,dir0.9,n_ge_8,0.6021136199232123,0.002064626460126526,0.9998430199091766,0.06861184547600452,7,0.003374036896344741,8,20,8 10 12 14 16 18 20,25000,0.0,0.9914228571428572,0.0,0.008577142857142856,0
10002,loschmidt,dir0.9,extended_2_24,0.6035783841696258,-0.024857337545096714,0.9999341428566207,0.06835607848731828,12,0.0015489928876506972,2,24,2 4 6 8 10 12 14 16 18 20 22 24,25000,0.0,0.9915433333333333,0.0,0.008456666666666666,0
10002,loschmidt,nz0.9,primary_2_20,0.5982384326574366,-0.22527595102015033,0.9999501278576786,0.061204483171009016,10,0.0014937198711469518,2,20,2 4 6 8 10 12 14 16 18 20,25000,0.0,1.0,0.0,0.0,0
10002,loschmidt,nz0.9,n_ge_8,0.5992656773522136,-0.24031402669170912,0.9998864896578179,0.06054783322632673,7,0.0028554645215575184,8,20,8 10 12 14 16 18 20,25000,0.0,1.0,0.0,0.0,0
10002,loschmidt,nz0.9,extended_2_24,0.5992027912745196,-0.23352111227667094,0.9999652623875199,0.06646034255364874,12,0.0011168152976545997,2,24,2 4 6 8 10 12 14 16 18 20 22 24,25000,0.0,1.0,0.0,0.0,0
10002,swap,snr1,primary_2_20,1.1999770547332844,-0.8621056077189797,0.9999655866878351,0.11504640830674262,10,0.0024888496286504247,2,20,2 4 6 8 10 12 14 16 18 20,25000,1.0,0.0,0.0,0.0,0
10002,swap,snr1,n_ge_8,1.1992802990636504,-0.8515034633919949,0.9998992086187278,0.11589397325885464,7,0.005384796353171153,8,20,8 10 12 14 16 18 20,25000,1.0,0.0,0.0,0.0,0
10002,swap,snr1,extended_2_24,1.200726891373145,-0.8690813112432229,0.9999743855013343,0.11856841774054949,12,0.0019217315907496361,2,24,2 4 6 8 10 12 14 16 18 20 22 24,25000,1.0,0.0,0.0,0.0,0
10002,swap,snr2,primary_2_20,1.2000648701610728,-0.261334000540669,0.9999654915407169,0.11498744014613038,10,0.002492470389104512,2,20,2 4 6 8 10 12 14 16 18 20,25000,1.0,0.0,0.0,0.0,0
10002,swap,snr2,n_ge_8,1.1992802990836389,-0.2494434723972221,0.9998992086188383,0.11589397320550177,7,0.005384796350311257,8,20,8 10 12 14 16 18 20,25000,1.0,0.0,0.0,0.0,0
10002,swap,snr2,extended_2_24,1.2007888273522531,-0.2680951663469846,0.9999743725209814,0.1183616750163381,12,0.0019223176200194039,2,24,2 4 6 8 10 12 14 16 18 20 22 24,25000,1.0,0.0,0.0,0.0,0
10002,swap,dir0.75,primary_2_20,1.194458492765317,-1.1228560074672225,0.9999231873943026,0.1190854157395922,10,0.0037013401514900852,2,20,2 4 6 8 10 12 14 16 18 20,25000,0.0,0.183688,0.8163119999999999,0.0,0
10002,swap,dir0.75,n_ge_8,1.1992771753161025,-1.193500501005003,0.9998991907772256,0.11590247791280994,7,0.0053852589458073755,8,20,8 10 12 14 16 18 20,25000,0.0,0.01795428571428571,0.9820457142857144,0.0,0
10002,swap,dir0.75,extended_2_24,1.196823010870731,-1.143217897757327,0.9999448535609362,0.1318267789252836,12,0.002810610361455135,2,24,2 4 6 8 10 12 14 16 18 20 22 24,25000,0.0,0.1530733333333333,0.8469266666666666,0.0,0
10002,swap,dir0.9,primary_2_20,1.1982733521053925,-0.6215450334689087,0.9999625537418271,0.1162829701877115,10,0.0025925267903671207,2,20,2 4 6 8 10 12 14 16 18 20,25000,0.0,0.160432,0.8395679999999999,0.0,0
10002,swap,dir0.9,n_ge_8,1.19927943374796,-0.6360168175042358,0.9998992036783516,0.11589632914832748,7,0.005384924449688684,8,20,8 10 12 14 16 18 20,25000,0.0,0.011251428571428568,0.9887485714285713,0.0,0
10002,swap,dir0.9,extended_2_24,1.1995220393552364,-0.6326563353924822,0.9999715796051533,0.12265328976194922,12,0.0020222249158075183,2,24,2 4 6 8 10 12 14 16 18 20 22 24,25000,0.0,0.13369333333333333,0.8663066666666666,0.0,0
10002,swap,nz0.9,primary_2_20,0.005566908617888862,1.4235019852575364,0.2727272727272725,0.13360580682933287,10,0.0032140561890921797,2,20,2 4 6 8 10 12 14 16 18 20,25000,0.0,1.0,0.0,0.0,0
10002,swap,nz0.9,n_ge_8,1.7291972242466875e-17,1.5051499783199058,,2.220446049250313e-16,7,8.05133449566323e-18,8,20,8 10 12 14 16 18 20,25000,0.0,1.0,0.0,0.0,0
10002,swap,nz0.9,extended_2_24,0.003925384281844697,1.4371099841012647,0.23076923076923017,0.1439307570009729,12,0.0022663216717957674,2,24,2 4 6 8 10 12 14 16 18 20 22 24,25000,0.0,1.0,0.0,0.0,0
10003,loschmidt,snr1,primary_2_20,0.6062417994662778,-0.37532842849927184,0.9999079523710822,0.05900392004964006,10,0.0020564927144210193,2,20,2 4 6 8 10 12 14 16 18 20,25000,1.0,0.0,0.0,0.0,0
10003,loschmidt,snr1,n_ge_8,0.6049046667639381,-0.356837404504346,0.9998642511936757,0.04415632106362999,7,0.003152095899878151,8,20,8 10 12 14 16 18 20,25000,1.0,0.0,0.0,0.0,0
10003,loschmidt,snr1,extended_2_24,0.6056504571659366,-0.37022346574961673,0.9999439210361508,0.06292619819861278,12,0.001434280908011916,2,24,2 4 6 8 10 12 14 16 18 20 22 24,25000,1.0,0.0,0.0,0.0,0
10003,loschmidt,snr2,primary_2_20,0.6073317905357921,0.21067778456833194,0.9998661266606133,0.08291868481770992,10,0.0024846037806699945,2,20,2 4 6 8 10 12 14 16 18 20,25000,1.0,0.0,0.0,0.0,0
10003,loschmidt,snr2,n_ge_8,0.6049048523022184,0.2452194899574934,0.9998642538226766,0.044155707163881175,7,0.0031520663396143096,8,20,8 10 12 14 16 18 20,25000,1.0,0.0,0.0,0.0,0
10003,loschmidt,snr2,extended_2_24,0.6064213917513447,0.21842781222161978,0.9999178078679583,0.08884791490210286,12,0.0017386312621647103,2,24,2 4 6 8 10 12 14 16 18 20 22 24,25000,1.0,0.0,0.0,0.0,0
10003,loschmidt,dir0.75,primary_2_20,0.6039021182374595,-0.3504236195565895,0.9999582305145067,0.04445747285026691,10,0.0013799399650976422,2,20,2 4 6 8 10 12 14 16 18 20,25000,0.0,0.9955999999999999,0.0,0.0044,0
10003,loschmidt,dir0.75,n_ge_8,0.6048375740588422,-0.36563964973031354,0.9998939297108344,0.040466912533134725,7,0.0027859522667618734,8,20,8 10 12 14 16 18 20,25000,0.0,0.9956228571428573,0.0,0.004377142857142856,0
10003,loschmidt,dir0.75,extended_2_24,0.6039484427395296,-0.3507396206528623,0.9999757402034996,0.044697365778834985,12,0.000940694729049602,2,24,2 4 6 8 10 12 14 16 18 20 22 24,25000,0.0,0.99566,0.0,0.00434,0
10003,loschmidt,dir0.9,primary_2_20,0.6055992726956678,-0.05019540076689086,0.999929233540868,0.04705979231760815,10,0.0018012311611359123,2,20,2 4 6 8 10 12 14 16 18 20,25000,0.0,0.991852,0.0,0.008147999999999999,0
10003,loschmidt,dir0.9,n_ge_8,0.6046738578113989,-0.03764593238555694,0.9998794499939915,0.03982650012739519,7,0.002969244684091778,8,20,8 10 12 14 16 18 20,25000,0.0,0.9917714285714286,0.0,0.008228571428571429,0
10003,loschmidt,dir0.9,extended_2_24,0.6052810835568263,-0.04738641426252083,0.9999576707072951,0.04923240054429501,12,0.0012453367351323258,2,24,2 4 6 8 10 12 14 16 18 20 22 24,25000,0.0,0.9918933333333332,0.0,0.008106666666666667,0
10003,loschmidt,nz0.9,primary_2_20,0.6007735118329026,-0.25924317980168254,0.9999111317020107,0.05927687163926265,10,0.0020024353915746237,2,20,2 4 6 8 10 12 14 16 18 20,25000,0.0,1.0,0.0,0.0,0
10003,loschmidt,nz0.9,n_ge_8,0.605544814441454,-0.33160471685482,0.9998963731661114,0.03966096494389948,7,0.0027568929663316097,8,20,8 10 12 14 16 18 20,25000,0.0,1.0,0.0,0.0,0
10003,loschmidt,nz0.9,extended_2_24,0.6015446705996624,-0.26547807465440726,0.9999458842090448,0.062388733455082335,12,0.001399399260736114,2,24,2 4 6 8 10 12 14 16 18 20 22 24,25000,0.0,1.0,0.0,0.0,0
10003,swap,snr1,primary_2_20,1.203342619503394,-0.9091213792059941,0.999947893909959,0.1054004185248214,10,0.003071141756843698,2,20,2 4 6 8 10 12 14 16 18 20,25000,1.0,0.0,0.0,0.0,0
10003,swap,snr1,n_ge_8,1.2098259871093273,-1.0086574380887676,0.9998975496669055,0.08366477091324676,7,0.005476673392767349,8,20,8 10 12 14 16 18 20,25000,1.0,0.0,0.0,0.0,0
10003,swap,snr1,extended_2_24,1.204185728587165,-0.9156915461036825,0.9999678786944884,0.10894756063238553,12,0.002158226620730127,2,24,2 4 6 8 10 12 14 16 18 20 22 24,25000,1.0,0.0,0.0,0.0,0
10003,swap,snr2,primary_2_20,1.2033428921775977,-0.30706567510367816,0.9999478952436909,0.10539940338962595,10,0.003071103145254385,2,20,2 4 6 8 10 12 14 16 18 20,25000,1.0,0.0,0.0,0.0,0
10003,swap,snr2,n_ge_8,1.209825987126235,-0.40659744704263817,0.9998975496670766,0.08366477083431079,7,0.005476673388272984,8,20,8 10 12 14 16 18 20,25000,1.0,0.0,0.0,0.0,0
10003,swap,snr2,extended_2_24,1.2041859309275065,-0.31363525837465916,0.9999678795590461,0.10894628511754867,12,0.0021581979374830766,2,24,2 4 6 8 10 12 14 16 18 20 22 24,25000,1.0,0.0,0.0,0.0,0
10003,swap,dir0.75,primary_2_20,1.1981645746391087,-1.174861648710231,0.9998701552905324,0.15874374114361944,10,0.004827383572192957,2,20,2 4 6 8 10 12 14 16 18 20,25000,0.0,0.18431199999999998,0.815688,0.0,0
10003,swap,dir0.75,n_ge_8,1.2098226706524926,-1.3506512521778085,0.999897516084609,0.08368018908646846,7,0.005477555997828186,8,20,8 10 12 14 16 18 20,25000,0.0,0.01813714285714286,0.981862857142857,0.0,0
10003,swap,dir0.75,extended_2_24,1.20052180311364,-1.1939843660062437,0.99991886484075,0.17315200149056964,12,0.003419733141812597,2,24,2 4 6 8 10 12 14 16 18 20 22 24,25000,0.0,0.15359333333333333,0.8464066666666666,0.0,0
10003,swap,dir0.9,primary_2_20,1.201616967916904,-0.6682376359432941,0.9999309715711219,0.11010409930942266,10,0.003529799547180184,2,20,2 4 6 8 10 12 14 16 18 20,25000,0.0,0.16074800000000003,0.8392519999999999,0.0,0
10003,swap,dir0.9,n_ge_8,1.2098250684040597,-0.7931698991330955,0.9998975403662893,0.0836690419654893,7,0.005476917844470383,8,20,8 10 12 14 16 18 20,25000,0.0,0.011080000000000001,0.98892,0.0,0
10003,swap,dir0.9,extended_2_24,1.2029653559998532,-0.6789966941273183,0.9999571770494118,0.11552569812078772,12,0.0024894345536294314,2,24,2 4 6 8 10 12 14 16 18 20 22 24,25000,0.0,0.1339566666666667,0.8660433333333333,0.0,0
10003,swap,nz0.9,primary_2_20,0.005566908617888862,1.4235019852575364,0.2727272727272725,0.13360580682933287,10,0.0032140561890921797,2,20,2 4 6 8 10 12 14 16 18 20,25000,0.0,1.0,0.0,0.0,0
10003,swap,nz0.9,n_ge_8,1.7291972242466875e-17,1.5051499783199058,,2.220446049250313e-16,7,8.05133449566323e-18,8,20,8 10 12 14 16 18 20,25000,0.0,1.0,0.0,0.0,0
10003,swap,nz0.9,extended_2_24,0.003925384281844697,1.4371099841012647,0.23076923076923017,0.1439307570009729,12,0.0022663216717957674,2,24,2 4 6 8 10 12 14 16 18 20 22 24,25000,0.0,1.0,0.0,0.0,0
10004,loschmidt,snr1,primary_2_20,0.6057306108802322,-0.36285343535831227,0.9998885616243748,0.07045653601850843,10,0.0022608727239253105,2,20,2 4 6 8 10 12 14 16 18 20,25000,1.0,0.0,0.0,0.0,0
10004,loschmidt,snr1,n_ge_8,0.5999429991421878,-0.2751275079414854,0.9998988562229493,0.03743173862015503,7,0.002698463422916421,8,20,8 10 12 14 16 18 20,25000,1.0,0.0,0.0,0.0,0
10004,loschmidt,snr1,extended_2_24,0.6046845063923276,-0.35434601299971846,0.9999306551889906,0.07687174940129315,12,0.0015923952886213566,2,24,2 4 6 8 10 12 14 16 18 20 22 24,25000,1.0,0.0,0.0,0.0,0
10004,loschmidt,snr2,primary_2_20,0.6073134883826694,0.21598717710744433,0.9998039892167943,0.10839485913886393,10,0.0030064257517401437,2,20,2 4 6 8 10 12 14 16 18 20,25000,1.0,0.0,0.0,0.0,0
10004,loschmidt,snr2,n_ge_8,0.5999430956773598,0.3269308579509393,0.9998988568129642,0.03743201106619587,7,0.002698455985663514,8,20,8 10 12 14 16 18 20,25000,1.0,0.0,0.0,0.0,0
10004,loschmidt,snr2,extended_2_24,0.6058007723058101,0.2283627495068064,0.9998771760985851,0.11774499938450722,12,0.002123234387507567,2,24,2 4 6 8 10 12 14 16 18 20 22 24,25000,1.0,0.0,0.0,0.0,0
10004,loschmidt,dir0.75,primary_2_20,0.6033285826110959,-0.33649196888790395,0.9999450441340905,0.045732302127962754,10,0.001581349510175897,2,20,2 4 6 8 10 12 14 16 18 20,25000,0.0,0.995636,0.0,0.004363999999999999,0
10004,loschmidt,dir0.75,n_ge_8,0.5996474742587958,-0.27996062217406165,0.9999011255965204,0.03673150571687067,7,0.00266670156709406,8,20,8 10 12 14 16 18 20,25000,0.0,0.9955428571428573,0.0,0.0044571428571428574,0
10004,loschmidt,dir0.75,extended_2_24,0.602924908869978,-0.33324304128394067,0.9999673539617399,0.04090775490956844,12,0.0010893954527728313,2,24,2 4 6 8 10 12 14 16 18 20 22 24,25000,0.0,0.9956033333333334,0.0,0.004396666666666666,0
10004,loschmidt,dir0.9,primary_2_20,0.6047529369558499,-0.03500245755947986,0.9999055720360231,0.060560064045383166,10,0.0020778003316558494,2,20,2 4 6 8 10 12 14 16 18 20,25000,0.0,0.991756,0.0,0.008244,0
10004,loschmidt,dir0.9,n_ge_8,0.5993116064229349,0.04772618623951086,0.999903273547021,0.035945069922338035,7,0.0026360966078704004,8,20,8 10 12 14 16 18 20,25000,0.0,0.9916971428571427,0.0,0.008302857142857143,0
10004,loschmidt,dir0.9,extended_2_24,0.6041192548210768,-0.029904563582715146,0.9999431806848705,0.0643905937526017,12,0.0014400680460845312,2,24,2 4 6 8 10 12 14 16 18 20 22 24,25000,0.0,0.9918033333333334,0.0,0.008196666666666666,0
10004,loschmidt,nz0.9,primary_2_20,0.5990225939113963,-0.2384242989378347,0.999933015244369,0.045412219158338374,10,0.0017334077926081544,2,20,2 4 6 8 10 12 14 16 18 20,25000,0.0,1.0,0.0,0.0,0
10004,loschmidt,nz0.9,n_ge_8,0.6002032009571536,-0.25529147403093094,0.9998669178570643,0.04271232861432939,7,0.003096721134732763,8,20,8 10 12 14 16 18 20,25000,0.0,1.0,0.0,0.0,0
10004,loschmidt,nz0.9,extended_2_24,0.6001978898375003,-0.24821989986369025,0.9999560904643296,0.04972016934573098,12,0.0012577184202886905,2,24,2 4 6 8 10 12 14 16 18 20 22 24,25000,0.0,1.0,0.0,0.0,0
10004,swap,snr1,primary_2_20,1.2017538555940068,-0.8870484048866514,0.9999595286894543,0.07082165928561679,10,0.0027030429909792463,2,20,2 4 6 8 10 12 14 16 18 20,25000,1.0,0.0,0.0,0.0,0
10004,swap,snr1,n_ge_8,1.2004558052365113,-0.8660665939789799,0.9998877013614873,0.06801255338288392,7,0.005689483027195296,8,20,8 10 12 14 16 18 20,25000,1.0,0.0,0.0,0.0,0
10004,swap,snr1,extended_2_24,1.2025531585550808,-0.8937599545317999,0.9999759931351822,0.07667564537995375,12,0.0018632761281298998,2,24,2 4 6 8 10 12 14 16 18 20 22 24,25000,1.0,0.0,0.0,0.0,0
10004,swap,snr2,primary_2_20,1.2019297707060346,-0.28756896295278994,0.999959887158757,0.0709393971113279,10,0.0026914388797164533,2,20,2 4 6 8 10 12 14 16 18 20,25000,1.0,0.0,0.0,0.0,0
10004,swap,snr2,n_ge_8,1.200455805257122,-0.2640066029945655,0.9998877013615608,0.0680125534378817,7,0.005689483025433195,8,20,8 10 12 14 16 18 20,25000,1.0,0.0,0.0,0.0,0
10004,swap,snr2,extended_2_24,1.202677217384111,-0.2938506306160557,0.9999762749745285,0.07700615454833581,12,0.0018524972829178196,2,24,2 4 6 8 10 12 14 16 18 20 22 24,25000,1.0,0.0,0.0,0.0,0
10004,swap,dir0.75,primary_2_20,1.1967180442651435,-1.1548558703808824,0.9999117445572996,0.12314761786818829,10,0.003974996586847317,2,20,2 4 6 8 10 12 14 16 18 20,25000,0.0,0.18476,0.81524,0.0,0
10004,swap,dir0.75,n_ge_8,1.200452626594336,-1.2080627055306548,0.9998876914082935,0.06800806996160347,7,0.005689720117923756,8,20,8 10 12 14 16 18 20,25000,0.0,0.017994285714285716,0.9820057142857143,0.0,0
10004,swap,dir0.75,extended_2_24,1.1989888652645917,-1.17376684873079,0.9999442451403763,0.1375169542191994,12,0.002831187424736794,2,24,2 4 6 8 10 12 14 16 18 20 22 24,25000,0.0,0.15396666666666667,0.8460333333333333,0.0,0
10004,swap,dir0.9,primary_2_20,1.2000435304880999,-0.6463835072600725,0.9999515813208566,0.0712140638496983,10,0.0029523578037350105,2,20,2 4 6 8 10 12 14 16 18 20,25000,0.0,0.161184,0.8388159999999999,0.0,0
10004,swap,dir0.9,n_ge_8,1.2004549247132248,-0.6505796915424602,0.9998876986062809,0.06801015296755253,7,0.00568954865607566,8,20,8 10 12 14 16 18 20,25000,0.0,0.010845714285714287,0.9891542857142858,0.0,0
10004,swap,dir0.9,extended_2_24,1.2013433853132,-0.6572447726708054,0.9999704272150269,0.07352319141100949,12,0.002065949473939107,2,24,2 4 6 8 10 12 14 16 18 20 22 24,25000,0.0,0.13432,0.8656799999999999,0.0,0
10004,swap,nz0.9,primary_2_20,0.005566908617888862,1.4235019852575364,0.2727272727272725,0.13360580682933287,10,0.0032140561890921797,2,20,2 4 6 8 10 12 14 16 18 20,25000,0.0,1.0,0.0,0.0,0
10004,swap,nz0.9,n_ge_8,1.7291972242466875e-17,1.5051499783199058,,2.220446049250313e-16,7,8.05133449566323e-18,8,20,8 10 12 14 16 18 20,25000,0.0,1.0,0.0,0.0,0
10004,swap,nz0.9,extended_2_24,0.003925384281844697,1.4371099841012647,0.23076923076923017,0.1439307570009729,12,0.0022663216717957674,2,24,2 4 6 8 10 12 14 16 18 20 22 24,25000,0.0,1.0,0.0,0.0,0
10005,loschmidt,snr1,primary_2_20,0.6065367436187931,-0.377062025329298,0.9999192820902192,0.05786021152464449,10,0.0019267022464674749,2,20,2 4 6 8 10 12 14 16 18 20,25000,1.0,0.0,0.0,0.0,0
10005,loschmidt,snr1,n_ge_8,0.6051313993634787,-0.3573148351420537,0.999893427130872,0.04017522885441949,7,0.0027939019348106977,8,20,8 10 12 14 16 18 20,25000,1.0,0.0,0.0,0.0,0
10005,loschmidt,snr1,extended_2_24,0.6048056995970843,-0.36224887256609306,0.9999335718287937,0.06921127624443191,12,0.0015588576140261933,2,24,2 4 6 8 10 12 14 16 18 20 22 24,25000,1.0,0.0,0.0,0.0,0
10005,loschmidt,snr2,primary_2_20,0.6070699328589761,0.2171453500479179,0.9999009860735074,0.06955737974827736,10,0.0021358137264953373,2,20,2 4 6 8 10 12 14 16 18 20,25000,1.0,0.0,0.0,0.0,0
10005,loschmidt,snr2,n_ge_8,0.6051317641691061,0.24473906692808525,0.9998934356046583,0.0401749765712065,7,0.0027937925311156773,8,20,8 10 12 14 16 18 20,25000,1.0,0.0,0.0,0.0,0
10005,loschmidt,snr2,extended_2_24,0.6051828029807116,0.2332524961841038,0.9999207544903717,0.08189026612793415,12,0.001703692134904933,2,24,2 4 6 8 10 12 14 16 18 20 22 24,25000,1.0,0.0,0.0,0.0,0
10005,loschmidt,dir0.75,primary_2_20,0.6045851090798944,-0.35350160973511946,0.9999621644406385,0.036298227572096664,10,0.0013148334624941002,2,20,2 4 6 8 10 12 14 16 18 20,25000,0.0,0.9956040000000002,0.0,0.004396,0
10005,loschmidt,dir0.75,n_ge_8,0.6050490421088683,-0.3610386308090143,0.9999000508413032,0.03618413496178441,7,0.0027053088407093394,8,20,8 10 12 14 16 18 20,25000,0.0,0.99564,0.0,0.00436,0
10005,loschmidt,dir0.75,extended_2_24,0.6036647962493975,-0.3453299751986701,0.9999640862032934,0.04450225408603714,12,0.0011440218221096584,2,24,2 4 6 8 10 12 14 16 18 20 22 24,25000,0.0,0.9955800000000002,0.0,0.0044199999999999995,0
10005,loschmidt,dir0.9,primary_2_20,0.6060139762022917,-0.052382436449151304,0.9999348356533108,0.04570216364859525,10,0.0017296443805092853,2,20,2 4 6 8 10 12 14 16 18 20,25000,0.0,0.9917039999999998,0.0,0.008296000000000001,0
10005,loschmidt,dir0.9,n_ge_8,0.6051167501837931,-0.040106965833072605,0.9998925388582786,0.04069456260866744,7,0.0028054545285578786,8,20,8 10 12 14 16 18 20,25000,0.0,0.9917771428571429,0.0,0.008222857142857143,0
10005,loschmidt,dir0.9,extended_2_24,0.6046020302651753,-0.040200269352048804,0.9999460594640226,0.055060438871465056,12,0.0014042322511795186,2,24,2 4 6 8 10 12 14 16 18 20 22 24,25000,0.0,0.9916666666666666,0.0,0.008333333333333333,0
10005,loschmidt,nz0.9,primary_2_20,0.600811529146736,-0.2551037318840758,0.9999312019344441,0.05348067359060393,10,0.0017619611071270544,2,20,2 4 6 8 10 12 14 16 18 20,25000,0.0,1.0,0.0,0.0,0
10005,loschmidt,nz0.9,n_ge_8,0.6042635678700415,-0.30669943135937733,0.9999205183569485,0.03531780442428811,7,0.0024093066899420978,8,20,8 10 12 14 16 18 20,25000,0.0,1.0,0.0,0.0,0
10005,loschmidt,nz0.9,extended_2_24,0.6010806914272033,-0.2567675495725512,0.9999489401576839,0.054606166718144555,12,0.001358262153552315,2,24,2 4 6 8 10 12 14 16 18 20 22 24,25000,0.0,1.0,0.0,0.0,0
10005,swap,snr1,primary_2_20,1.2033661830327749,-0.9011421826869902,0.9999560701763673,0.07380174329033906,10,0.0028199543542975713,2,20,2 4 6 8 10 12 14 16 18 20,25000,1.0,0.0,0.0,0.0,0
10005,swap,snr1,n_ge_8,1.2090762749933548,-0.9876441253006996,0.9999252182316517,0.06713125436681011,7,0.004676089357945879,8,20,8 10 12 14 16 18 20,25000,1.0,0.0,0.0,0.0,0
10005,swap,snr1,extended_2_24,1.203302110566826,-0.8993524933547244,0.9999607412147483,0.08108995032533883,12,0.002384249127059072,2,24,2 4 6 8 10 12 14 16 18 20 22 24,25000,1.0,0.0,0.0,0.0,0
10005,swap,snr2,primary_2_20,1.203609015433689,-0.30264402618018643,0.9999583097347231,0.07250693009321552,10,0.002747684228923637,2,20,2 4 6 8 10 12 14 16 18 20,25000,1.0,0.0,0.0,0.0,0
10005,swap,snr2,n_ge_8,1.2090762750043467,-0.38558413415595094,0.9999252182317517,0.06713125435946665,7,0.004676089354860421,8,20,8 10 12 14 16 18 20,25000,1.0,0.0,0.0,0.0,0
10005,swap,snr2,extended_2_24,1.2034733487845246,-0.30026083086610045,0.9999619939543902,0.08029103837530727,12,0.0023462326430680196,2,24,2 4 6 8 10 12 14 16 18 20 22 24,25000,1.0,0.0,0.0,0.0,0
10005,swap,dir0.75,primary_2_20,1.198358574933439,-1.1693774821799279,0.9998719203538698,0.1706003409850878,10,0.004795232485724864,2,20,2 4 6 8 10 12 14 16 18 20,25000,0.0,0.18456,0.8154399999999999,0.0,0
10005,swap,dir0.75,n_ge_8,1.2090729973335794,-1.3296385870363814,0.9999251888212036,0.06713364040197689,7,0.004676996172314309,8,20,8 10 12 14 16 18 20,25000,0.0,0.018674285714285716,0.9813257142857142,0.0,0
10005,swap,dir0.75,extended_2_24,1.1997582002050464,-1.179722364355199,0.9999109992940509,0.17814597261714393,12,0.0035793962586439325,2,24,2 4 6 8 10 12 14 16 18 20 22 24,25000,0.0,0.15380000000000002,0.8462,0.0,0
10005,swap,dir0.9,primary_2_20,1.2019435567894017,-0.6647010870556033,0.9999399429858462,0.09332288618303619,10,0.0032933204439345317,2,20,2 4 6 8 10 12 14 16 18 20,25000,0.0,0.160908,0.839092,0.0,0
10005,swap,dir0.9,n_ge_8,1.2090753670341365,-0.7721567657308673,0.9999252100866219,0.06713191533022922,7,0.004676340511904053,8,20,8 10 12 14 16 18 20,25000,0.0,0.011828571428571428,0.9881714285714286,0.0,0
10005,swap,dir0.9,extended_2_24,1.2022953494137258,-0.6663590640706422,0.9999514853243827,0.09427727794942675,12,0.002648245654123071,2,24,2 4 6 8 10 12 14 16 18 20 22 24,25000,0.0,0.13409000000000001,0.86591,0.0,0
10005,swap,nz0.9,primary_2_20,0.005566908617888862,1.4235019852575364,0.2727272727272725,0.13360580682933287,10,0.0032140561890921797,2,20,2 4 6 8 10 12 14 16 18 20,25000,0.0,1.0,0.0,0.0,0
10005,swap,nz0.9,n_ge_8,1.7291972242466875e-17,1.5051499783199058,,2.220446049250313e-16,7,8.05133449566323e-18,8,20,8 10 12 14 16 18 20,25000,0.0,1.0,0.0,0.0,0
10005,swap,nz0.9,extended_2_24,0.003925384281844697,1.4371099841012647,0.23076923076923017,0.1439307570009729,12,0.0022663216717957674,2,24,2 4 6 8 10 12 14 16 18 20 22 24,25000,0.0,1.0,0.0,0.0,0
10006,loschmidt,snr1,primary_2_20,0.6059584043989683,-0.3747267219659482,0.9999063071328341,0.059038836448344734,10,0.0020738217768053926,2,20,2 4 6 8 10 12 14 16 18 20,25000,1.0,0.0,0.0,0.0,0
10006,loschmidt,snr1,n_ge_8,0.6034714824796944,-0.33820874294092146,0.9998522279639903,0.03675142933182052,7,0.0032809526971583933,8,20,8 10 12 14 16 18 20,25000,1.0,0.0,0.0,0.0,0
10006,loschmidt,snr1,extended_2_24,0.6055915283905265,-0.37223640136882263,0.9999351096662795,0.060795405028586824,12,0.0015427085491818671,2,24,2 4 6 8 10 12 14 16 18 20 22 24,25000,1.0,0.0,0.0,0.0,0
10006,loschmidt,snr2,primary_2_20,0.6075602374083384,0.20381687748357397,0.9998332114869924,0.09671805756633156,10,0.0027743652665561274,2,20,2 4 6 8 10 12 14 16 18 20,25000,1.0,0.0,0.0,0.0,0
10006,loschmidt,snr2,n_ge_8,0.6034714903951796,0.2638511035289504,0.9998522281616133,0.036751426957762234,7,0.003280950545976048,8,20,8 10 12 14 16 18 20,25000,1.0,0.0,0.0,0.0,0
10006,loschmidt,snr2,extended_2_24,0.6067218246643012,0.21021621442058974,0.9998909726888425,0.10144056901527287,12,0.002003461238783527,2,24,2 4 6 8 10 12 14 16 18 20 22 24,25000,1.0,0.0,0.0,0.0,0
10006,loschmidt,dir0.75,primary_2_20,0.6039150541108863,-0.35028194915024075,0.9999610521761875,0.030996284365691906,10,0.0013325420360937674,2,20,2 4 6 8 10 12 14 16 18 20,25000,0.0,0.9955879999999999,0.0,0.004412,0
10006,loschmidt,dir0.75,n_ge_8,0.6033859828224981,-0.3424738263253719,0.999890925825727,0.031481254572494066,7,0.002818349628046841,8,20,8 10 12 14 16 18 20,25000,0.0,0.9956857142857142,0.0,0.004314285714285714,0
10006,loschmidt,dir0.75,extended_2_24,0.6040103202124594,-0.35150926814879513,0.9999707921498665,0.031483755195452545,12,0.0010322870933039473,2,24,2 4 6 8 10 12 14 16 18 20 22 24,25000,0.0,0.9955499999999998,0.0,0.00445,0
10006,loschmidt,dir0.9,primary_2_20,0.6053405308151928,-0.04808064054033733,0.9999221727682701,0.04865706878321152,10,0.001888154169440017,2,20,2 4 6 8 10 12 14 16 18 20,25000,0.0,0.9917440000000001,0.0,0.008256000000000001,0
10006,loschmidt,dir0.9,n_ge_8,0.6034196196350619,-0.0200030714150629,0.9998579989753081,0.03822238684005974,7,0.0032159626857118182,8,20,8 10 12 14 16 18 20,25000,0.0,0.99188,0.0,0.00812,0
10006,loschmidt,dir0.9,extended_2_24,0.6048770095319083,-0.044717037304037414,0.9999465343173252,0.05109362945294249,12,0.001398673177369376,2,24,2 4 6 8 10 12 14 16 18 20 22 24,25000,0.0,0.9917033333333335,0.0,0.008296666666666667,0
10006,loschmidt,nz0.9,primary_2_20,0.6001589387524239,-0.2559460879661061,0.9999342935313988,0.05562821046125832,10,0.001720044239597392,2,20,2 4 6 8 10 12 14 16 18 20,25000,0.0,1.0,0.0,0.0,0
10006,loschmidt,nz0.9,n_ge_8,0.6032584710579155,-0.3018497719598494,0.9999355471235716,0.027857677935214653,7,0.00216597567565382,8,20,8 10 12 14 16 18 20,25000,0.0,1.0,0.0,0.0,0
10006,loschmidt,nz0.9,extended_2_24,0.6013664843323857,-0.26620820532958245,0.999954141209031,0.06347523666481103,12,0.001287835755865969,2,24,2 4 6 8 10 12 14 16 18 20 22 24,25000,0.0,1.0,0.0,0.0,0
10006,swap,snr1,primary_2_20,1.2022998611681213,-0.9009333224795388,0.9999727781697496,0.0579834816091811,10,0.0022178510483992528,2,20,2 4 6 8 10 12 14 16 18 20,25000,1.0,0.0,0.0,0.0,0
10006,swap,snr1,n_ge_8,1.2049360101571,-0.9400921870487314,0.9999402255027989,0.05072369079845451,7,0.004166294137925569,8,20,8 10 12 14 16 18 20,25000,1.0,0.0,0.0,0.0,0
10006,swap,snr1,extended_2_24,1.2040769854245323,-0.916204440952477,0.9999785320864747,0.05811762416308852,12,0.0017642244468196642,2,24,2 4 6 8 10 12 14 16 18 20 22 24,25000,1.0,0.0,0.0,0.0,0
10006,swap,snr2,primary_2_20,1.2023850500284778,-0.3001230645025718,0.9999732962356533,0.057529437753046864,10,0.002196800488223535,2,20,2 4 6 8 10 12 14 16 18 20,25000,1.0,0.0,0.0,0.0,0
10006,swap,snr2,n_ge_8,1.204936010192378,-0.338032196308775,0.9999402255027641,0.050723690892567674,7,0.004166294139263086,8,20,8 10 12 14 16 18 20,25000,1.0,0.0,0.0,0.0,0
10006,swap,snr2,extended_2_24,1.204137064867992,-0.3151860289620529,0.9999789176561201,0.058037315920905996,12,0.0017483965837333832,2,24,2 4 6 8 10 12 14 16 18 20 22 24,25000,1.0,0.0,0.0,0.0,0
10006,swap,dir0.75,primary_2_20,1.197113949606347,-1.166549369710184,0.9999011118402987,0.15253271220909603,10,0.004209050338738177,2,20,2 4 6 8 10 12 14 16 18 20,25000,0.0,0.18430000000000002,0.8157,0.0,0
10006,swap,dir0.75,n_ge_8,1.2049326247973065,-1.282084856044171,0.9999402277100155,0.050714477356553544,7,0.004166205505599908,8,20,8 10 12 14 16 18 20,25000,0.0,0.018262857142857143,0.9817371428571429,0.0,0
10006,swap,dir0.75,extended_2_24,1.2004072036884277,-1.194389722273832,0.9999298671710941,0.17378655660858255,12,0.003179102285142628,2,24,2 4 6 8 10 12 14 16 18 20 22 24,25000,0.0,0.15358333333333335,0.8464166666666667,0.0,0
10006,swap,dir0.9,primary_2_20,1.2005717212643061,-0.6600103083069201,0.9999578151462245,0.07841080132017675,10,0.0027569605431576466,2,20,2 4 6 8 10 12 14 16 18 20,25000,0.0,0.160636,0.839364,0.0,0
10006,swap,dir0.9,n_ge_8,1.2049350723786065,-0.7246043311170364,0.9999402261164636,0.0507211385848052,7,0.004166269507787104,8,20,8 10 12 14 16 18 20,25000,0.0,0.011079999999999998,0.98892,0.0,0
10006,swap,dir0.9,extended_2_24,1.2028547612059197,-0.6794756015864202,0.9999679084255836,0.09331001471644962,12,0.0021548431937160623,2,24,2 4 6 8 10 12 14 16 18 20 22 24,25000,0.0,0.13386333333333333,0.8661366666666667,0.0,0
10006,swap,nz0.9,primary_2_20,0.005566908617888862,1.4235019852575364,0.2727272727272725,0.13360580682933287,10,0.0032140561890921797,2,20,2 4 6 8 10 12 14 16 18 20,25000,0.0,1.0,0.0,0.0,0
10006,swap,nz0.9,n_ge_8,1.7291972242466875e-17,1.5051499783199058,,2.220446049250313e-16,7,8.05133449566323e-18,8,20,8 10 12 14 16 18 20,25000,0.0,1.0,0.0,0.0,0
10006,swap,nz0.9,extended_2_24,0.003925384281844697,1.4371099841012647,0.23076923076923017,0.1439307570009729,12,0.0022663216717957674,2,24,2 4 6 8 10 12 14 16 18 20 22 24,25000,0.0,1.0,0.0,0.0,0
10007,loschmidt,snr1,primary_2_20,0.6057136804865836,-0.3701680156272359,0.9999232849687084,0.06310809496228764,10,0.0018757686860154169,2,20,2 4 6 8 10 12 14 16 18 20,25000,1.0,0.0,0.0,0.0,0
10007,loschmidt,snr1,n_ge_8,0.6029424447543901,-0.3287565611705476,0.9999400224694426,0.03468895390250104,7,0.002088325396585482,8,20,8 10 12 14 16 18 20,25000,1.0,0.0,0.0,0.0,0
10007,loschmidt,snr1,extended_2_24,0.6044146645432323,-0.35944085069394316,0.9999492383908425,0.07123722800887788,12,0.0013618011804097485,2,24,2 4 6 8 10 12 14 16 18 20 22 24,25000,1.0,0.0,0.0,0.0,0
10007,loschmidt,snr2,primary_2_20,0.6067812170150384,0.2161959454600182,0.9998781801747582,0.08733569866788882,10,0.002367950260768896,2,20,2 4 6 8 10 12 14 16 18 20,25000,1.0,0.0,0.0,0.0,0
10007,loschmidt,snr2,n_ge_8,0.602942547975689,0.2733016905147468,0.9999400233611189,0.03468883555429336,7,0.0020883102297079696,8,20,8 10 12 14 16 18 20,25000,1.0,0.0,0.0,0.0,0
10007,loschmidt,snr2,extended_2_24,0.6051687722756519,0.2295214664228087,0.9999196546771913,0.09743633015190634,12,0.0017154349617907948,2,24,2 4 6 8 10 12 14 16 18 20 22 24,25000,1.0,0.0,0.0,0.0,0
10007,loschmidt,dir0.75,primary_2_20,0.6033987177747318,-0.34302410880034584,0.9999762722120943,0.025071447544915415,10,0.001039185714170851,2,20,2 4 6 8 10 12 14 16 18 20,25000,0.0,0.995668,0.0,0.004332000000000001,0
10007,loschmidt,dir0.75,n_ge_8,0.6024656390858667,-0.328612694443008,0.9999585659288569,0.0264197602581433,7,0.0017343433581960173,8,20,8 10 12 14 16 18 20,25000,0.0,0.9954971428571427,0.0,0.004502857142857142,0
10007,loschmidt,dir0.75,extended_2_24,0.602895563679836,-0.3389186581994563,0.9999852246862863,0.027366017323558367,12,0.000732847569736066,2,24,2 4 6 8 10 12 14 16 18 20 22 24,25000,0.0,0.9957000000000001,0.0,0.004300000000000001,0
10007,loschmidt,dir0.9,primary_2_20,0.6048473705411888,-0.04215954844230512,0.9999416398086125,0.05359184033323561,10,0.001633698199205968,2,20,2 4 6 8 10 12 14 16 18 20,25000,0.0,0.991812,0.0,0.008187999999999999,0
10007,loschmidt,dir0.9,n_ge_8,0.6025880315043315,-0.00843059196153726,0.9999503815688856,0.029816521193117396,7,0.001898312852991891,8,20,8 10 12 14 16 18 20,25000,0.0,0.99172,0.0,0.00828,0
10007,loschmidt,dir0.9,extended_2_24,0.60387985061188,-0.03414846249510464,0.9999627199718625,0.05966788642181853,12,0.0011659951664305768,2,24,2 4 6 8 10 12 14 16 18 20 22 24,25000,0.0,0.9918333333333332,0.0,0.008166666666666668,0
10007,loschmidt,nz0.9,primary_2_20,0.599539736909856,-0.24284013374120622,0.9999558774984082,0.04376065992149436,10,0.001408032322588388,2,20,2 4 6 8 10 12 14 16 18 20,25000,0.0,1.0,0.0,0.0,0
10007,loschmidt,nz0.9,n_ge_8,0.6017090434050437,-0.27442266111385455,0.999962120769366,0.024857918266901535,7,0.0016561906818787892,8,20,8 10 12 14 16 18 20,25000,0.0,1.0,0.0,0.0,0
10007,loschmidt,nz0.9,extended_2_24,0.6006471628840364,-0.25188981031148217,0.999969563488961,0.05059548454340934,12,0.001047908765349411,2,24,2 4 6 8 10 12 14 16 18 20 22 24,25000,0.0,1.0,0.0,0.0,0
10007,swap,snr1,primary_2_20,1.202319489153856,-0.8953453332460335,0.9999751907019682,0.05512582731417659,10,0.0021173249682268627,2,20,2 4 6 8 10 12 14 16 18 20,25000,1.0,0.0,0.0,0.0,0
10007,swap,snr1,n_ge_8,1.2040139746921328,-0.9195704190918655,0.999959032313766,0.054079960120335,7,0.0034464829952512983,8,20,8 10 12 14 16 18 20,25000,1.0,0.0,0.0,0.0,0
10007,swap,snr1,extended_2_24,1.2028551517161858,-0.8999006851361185,0.9999852943207548,0.05752617241282465,12,0.0014586767825439078,2,24,2 4 6 8 10 12 14 16 18 20 22 24,25000,1.0,0.0,0.0,0.0,0
10007,swap,snr2,primary_2_20,1.2023200068922895,-0.2932934803771599,0.9999751944226181,0.05512088402101156,10,0.0021171671024332555,2,20,2 4 6 8 10 12 14 16 18 20,25000,1.0,0.0,0.0,0.0,0
10007,swap,snr2,n_ge_8,1.2040139747240284,-0.3175104282956043,0.999959032313962,0.05407996003517468,7,0.00344648298709892,8,20,8 10 12 14 16 18 20,25000,1.0,0.0,0.0,0.0,0
10007,swap,snr2,extended_2_24,1.2028555358427757,-0.2978477235674193,0.9999852966046988,0.057524520425822345,12,0.0014585639684752132,2,24,2 4 6 8 10 12 14 16 18 20 22 24,25000,1.0,0.0,0.0,0.0,0
10007,swap,dir0.75,primary_2_20,1.1968042457607844,-1.156145342825331,0.9999079117453561,0.14274809301536817,10,0.0040606938362863065,2,20,2 4 6 8 10 12 14 16 18 20,25000,0.0,0.184416,0.815584,0.0,0
10007,swap,dir0.75,n_ge_8,1.2040107478086732,-1.261565725354163,0.9999590138047009,0.054088753327942385,7,0.0034472522550280495,8,20,8 10 12 14 16 18 20,25000,0.0,0.01766857142857143,0.9823314285714285,0.0,0
10007,swap,dir0.75,extended_2_24,1.198953644010729,-1.1740790392666591,0.9999424735226992,0.15638299295680724,12,0.002875734411093349,2,24,2 4 6 8 10 12 14 16 18 20 22 24,25000,0.0,0.15368,0.84632,0.0,0
10007,swap,dir0.9,primary_2_20,1.2006169684357693,-0.6548026271169143,0.9999645101359589,0.06970536310314035,10,0.002528828386931328,2,20,2 4 6 8 10 12 14 16 18 20,25000,0.0,0.16097199999999998,0.8390280000000001,0.0,0
10007,swap,dir0.9,n_ge_8,1.2040130808127916,-0.7040832937032393,0.9999590271885813,0.054082395925849625,7,0.0034466960213191066,8,20,8 10 12 14 16 18 20,25000,0.0,0.010954285714285713,0.9890457142857142,0.0,0
10007,swap,dir0.9,extended_2_24,1.201651151748098,-0.6634908418606174,0.9999783952318343,0.06722224823340905,12,0.001766273299068031,2,24,2 4 6 8 10 12 14 16 18 20 22 24,25000,0.0,0.1341433333333333,0.8658566666666667,0.0,0
10007,swap,nz0.9,primary_2_20,0.005566908617888862,1.4235019852575364,0.2727272727272725,0.13360580682933287,10,0.0032140561890921797,2,20,2 4 6 8 10 12 14 16 18 20,25000,0.0,1.0,0.0,0.0,0
10007,swap,nz0.9,n_ge_8,1.7291972242466875e-17,1.5051499783199058,,2.220446049250313e-16,7,8.05133449566323e-18,8,20,8 10 12 14 16 18 20,25000,0.0,1.0,0.0,0.0,0
10007,swap,nz0.9,extended_2_24,0.003925384281844697,1.4371099841012647,0.23076923076923017,0.1439307570009729,12,0.0022663216717957674,2,24,2 4 6 8 10 12 14 16 18 20 22 24,25000,0.0,1.0,0.0,0.0,0
10008,loschmidt,snr1,primary_2_20,0.6045366962851113,-0.3445602808045622,0.9998966061162888,0.08636186138201674,10,0.002173439481999692,2,20,2 4 6 8 10 12 14 16 18 20,25000,1.0,0.0,0.0,0.0,0
10008,loschmidt,snr1,n_ge_8,0.6004801182119911,-0.28511533670383793,0.9999894275831077,0.016447016280988436,7,0.0008731785652882338,8,20,8 10 12 14 16 18 20,25000,1.0,0.0,0.0,0.0,0
10008,loschmidt,snr1,extended_2_24,0.6031188860359277,-0.3323825517261847,0.9999255114726906,0.09570396996202701,12,0.0016461287414207856,2,24,2 4 6 8 10 12 14 16 18 20 22 24,25000,1.0,0.0,0.0,0.0,0
10008,loschmidt,snr2,primary_2_20,0.6061376854178021,0.2339965492318255,0.9997969906269655,0.12405262533351036,10,0.0030537144569430805,2,20,2 4 6 8 10 12 14 16 18 20,25000,1.0,0.0,0.0,0.0,0
10008,loschmidt,snr2,n_ge_8,0.6004803070369527,0.3169414839455508,0.9999894287023126,0.016446866909108238,7,0.0008731326204358655,8,20,8 10 12 14 16 18 20,25000,1.0,0.0,0.0,0.0,0
10008,loschmidt,snr2,extended_2_24,0.6042485574177936,0.2500814776108736,0.9998615620297725,0.13635929771254163,12,0.0022483985538185843,2,24,2 4 6 8 10 12 14 16 18 20 22 24,25000,1.0,0.0,0.0,0.0,0
10008,loschmidt,dir0.75,primary_2_20,0.6022590248420009,-0.32398950752941663,0.9999742570313223,0.03543050214032839,10,0.0010803717693712502,2,20,2 4 6 8 10 12 14 16 18 20,25000,0.0,0.9956439999999999,0.0,0.0043560000000000005,0
10008,loschmidt,dir0.75,n_ge_8,0.6009173994205288,-0.3048807323815686,0.9999802237180274,0.024834310126628623,7,0.0011951059102851644,8,20,8 10 12 14 16 18 20,25000,0.0,0.9956571428571429,0.0,0.004342857142857143,0
10008,loschmidt,dir0.75,extended_2_24,0.6019420151456463,-0.3210420324202695,0.9999810557948324,0.03774395785676621,12,0.0008285084951275019,2,24,2 4 6 8 10 12 14 16 18 20 22 24,25000,0.0,0.9956733333333333,0.0,0.004326666666666667,0
10008,loschmidt,dir0.9,primary_2_20,0.6037590619792109,-0.01882592605234466,0.9999187506924362,0.07474884559924044,10,0.0019241819959632284,2,20,2 4 6 8 10 12 14 16 18 20,25000,0.0,0.991776,0.0,0.008224,0
10008,loschmidt,dir0.9,n_ge_8,0.6004814915467893,0.02888633483133874,0.9999837865492165,0.02090452288756417,7,0.0010813240769652996,8,20,8 10 12 14 16 18 20,25000,0.0,0.9915485714285716,0.0,0.008451428571428572,0
10008,loschmidt,dir0.9,extended_2_24,0.6026583661065172,-0.00932879383557536,0.9999430518488164,0.08204458607062248,12,0.0014382135329698556,2,24,2 4 6 8 10 12 14 16 18 20 22 24,25000,0.0,0.99174,0.0,0.008260000000000002,0
10008,loschmidt,nz0.9,primary_2_20,0.5985363404043087,-0.22946683638996745,0.9999720772083474,0.03239415558135006,10,0.0011182296714718767,2,20,2 4 6 8 10 12 14 16 18 20,25000,0.0,1.0,0.0,0.0,0
10008,loschmidt,nz0.9,n_ge_8,0.6004098130927567,-0.25779104863321584,0.9999632677557301,0.026327766330039637,7,0.0016274006603309384,8,20,8 10 12 14 16 18 20,25000,0.0,1.0,0.0,0.0,0
10008,loschmidt,nz0.9,extended_2_24,0.5991059467203795,-0.23382444037205982,0.9999782424201957,0.03561254693130078,12,0.0008837178913984956,2,24,2 4 6 8 10 12 14 16 18 20 22 24,25000,0.0,1.0,0.0,0.0,0
10008,swap,snr1,primary_2_20,1.1999830260265099,-0.8602402842340611,0.9999895826765639,0.04659324687328237,10,0.0013693373233877853,2,20,2 4 6 8 10 12 14 16 18 20,25000,1.0,0.0,0.0,0.0,0
10008,swap,snr1,n_ge_8,1.2006007308145574,-0.8709541105008061,0.9999758718148014,0.04576269721529869,7,0.0026374313823621727,8,20,8 10 12 14 16 18 20,25000,1.0,0.0,0.0,0.0,0
10008,swap,snr1,extended_2_24,1.1998961771851677,-0.8588447800437378,0.9999899412451231,0.0465991696021284,12,0.0012034220546730367,2,24,2 4 6 8 10 12 14 16 18 20 22 24,25000,1.0,0.0,0.0,0.0,0
10008,swap,snr2,primary_2_20,1.200158906711336,-0.26076030387397164,0.9999893050901749,0.04682732686262625,10,0.0013876650332196507,2,20,2 4 6 8 10 12 14 16 18 20,25000,1.0,0.0,0.0,0.0,0
10008,swap,snr2,n_ge_8,1.2006007308463487,-0.26889411970273736,0.9999758718148468,0.04576269719406412,7,0.002637431379951457,8,20,8 10 12 14 16 18 20,25000,1.0,0.0,0.0,0.0,0
10008,swap,snr2,extended_2_24,1.20002021056749,-0.25893499221495103,0.9999897596913294,0.04643350022011106,12,0.0012143595929709503,2,24,2 4 6 8 10 12 14 16 18 20 22 24,25000,1.0,0.0,0.0,0.0,0
10008,swap,dir0.75,primary_2_20,1.1949687045582187,-1.1283870884699698,0.9999574607581119,0.10017751537112529,10,0.002755596652260222,2,20,2 4 6 8 10 12 14 16 18 20,25000,0.0,0.183176,0.8168239999999999,0.0,0
10008,swap,dir0.75,n_ge_8,1.2005975087475984,-1.2129495001615707,0.9999758679951395,0.04576504481316235,7,0.002637633062468642,8,20,8 10 12 14 16 18 20,25000,0.0,0.017777142857142856,0.9822228571428572,0.0,0
10008,swap,dir0.75,extended_2_24,1.196347881551141,-1.1391454356728938,0.9999699416030648,0.10817750858820463,12,0.0020741822799415317,2,24,2 4 6 8 10 12 14 16 18 20 22 24,25000,0.0,0.15264666666666668,0.8473533333333333,0.0,0
10008,swap,dir0.9,primary_2_20,1.1982793425317493,-0.6196802123537617,0.9999871327493791,0.04442221157924564,10,0.0015197031128882882,2,20,2 4 6 8 10 12 14 16 18 20,25000,0.0,0.16026400000000002,0.8397359999999999,0.0,0
10008,swap,dir0.9,n_ge_8,1.2005998382691512,-0.6554670082095836,0.9999758707587302,0.04576334752185218,7,0.0026374871414935317,8,20,8 10 12 14 16 18 20,25000,0.0,0.010822857142857143,0.9891771428571428,0.0,0
10008,swap,dir0.9,extended_2_24,1.1986913464120836,-0.6224203236301546,0.9999884756147969,0.04849490121855382,12,0.0012868228252307335,2,24,2 4 6 8 10 12 14 16 18 20 22 24,25000,0.0,0.13355333333333333,0.8664466666666666,0.0,0
10008,swap,nz0.9,primary_2_20,0.005566908617888862,1.4235019852575364,0.2727272727272725,0.13360580682933287,10,0.0032140561890921797,2,20,2 4 6 8 10 12 14 16 18 20,25000,0.0,1.0,0.0,0.0,0
10008,swap,nz0.9,n_ge_8,1.7291972242466875e-17,1.5051499783199058,,2.220446049250313e-16,7,8.05133449566323e-18,8,20,8 10 12 14 16 18 20,25000,0.0,1.0,0.0,0.0,0
10008,swap,nz0.9,extended_2_24,0.003925384281844697,1.4371099841012647,0.23076923076923017,0.1439307570009729,12,0.0022663216717957674,2,24,2 4 6 8 10 12 14 16 18 20 22 24,25000,0.0,1.0,0.0,0.0,0
10009,loschmidt,snr1,primary_2_20,0.6050292709159794,-0.36358915529085617,0.9999126633126637,0.06831813615745896,10,0.0019991653499952687,2,20,2 4 6 8 10 12 14 16 18 20,25000,1.0,0.0,0.0,0.0,0
10009,loschmidt,snr1,n_ge_8,0.6011787527603528,-0.3065775152101497,0.9999358093191997,0.04332868749795349,7,0.0021541133442024066,8,20,8 10 12 14 16 18 20,25000,1.0,0.0,0.0,0.0,0
10009,loschmidt,snr1,extended_2_24,0.6038259397947595,-0.35322239890142754,0.9999380894050468,0.0762782303044478,12,0.0015024765376413837,2,24,2 4 6 8 10 12 14 16 18 20 22 24,25000,1.0,0.0,0.0,0.0,0
10009,loschmidt,snr2,primary_2_20,0.606060747449396,0.22333962838527877,0.9998627076461123,0.09303844246186443,10,0.0025108695728047643,2,20,2 4 6 8 10 12 14 16 18 20,25000,1.0,0.0,0.0,0.0,0
10009,loschmidt,snr2,n_ge_8,0.6011791407167782,0.29547599601603386,0.9999358036356807,0.043330475651482736,7,0.0021542101022556212,8,20,8 10 12 14 16 18 20,25000,1.0,0.0,0.0,0.0,0
10009,loschmidt,snr2,extended_2_24,0.6045533638711796,0.23622694127953175,0.9999058749011813,0.1029109881996848,12,0.0018548457725848337,2,24,2 4 6 8 10 12 14 16 18 20 22 24,25000,1.0,0.0,0.0,0.0,0
10009,loschmidt,dir0.75,primary_2_20,0.6028641925845735,-0.33736467375596474,0.9999598871168554,0.05826809978617398,10,0.0013499731965682276,2,20,2 4 6 8 10 12 14 16 18 20,25000,0.0,0.995724,0.0,0.004276,0
10009,loschmidt,dir0.75,n_ge_8,0.6008665942075474,-0.30727587035332704,0.9999121748278728,0.05215047690784935,7,0.0025183821596087845,8,20,8 10 12 14 16 18 20,25000,0.0,0.9957942857142857,0.0,0.004205714285714286,0
10009,loschmidt,dir0.75,extended_2_24,0.6023581211887432,-0.33281545558090886,0.9999712564753829,0.059791738361081315,12,0.0010212475377799402,2,24,2 4 6 8 10 12 14 16 18 20 22 24,25000,0.0,0.9957966666666667,0.0,0.004203333333333333,0
10009,loschmidt,dir0.9,primary_2_20,0.6044939550663984,-0.03731210043570966,0.9999322194884773,0.057732457390250236,10,0.0017596006293808236,2,20,2 4 6 8 10 12 14 16 18 20,25000,0.0,0.991776,0.0,0.008224,0
10009,loschmidt,dir0.9,n_ge_8,0.6010384792443805,0.014028285537579505,0.9999409106111954,0.04140748258253968,7,0.0020662594613501005,8,20,8 10 12 14 16 18 20,25000,0.0,0.9917885714285715,0.0,0.008211428571428573,0
10009,loschmidt,dir0.9,extended_2_24,0.6034447767456085,-0.028207871201441467,0.9999503517205917,0.06473832998293871,12,0.0013446226262250666,2,24,2 4 6 8 10 12 14 16 18 20 22 24,25000,0.0,0.99192,0.0,0.00808,0
10009,loschmidt,nz0.9,primary_2_20,0.5988725024214837,-0.2421910058860674,0.999943114383036,0.04803566631019418,10,0.0015969928377574062,2,20,2 4 6 8 10 12 14 16 18 20,25000,0.0,1.0,0.0,0.0,0
10009,loschmidt,nz0.9,n_ge_8,0.599822213997267,-0.25514718407534115,0.9999120587816969,0.04959530559006886,7,0.0025156654157265355,8,20,8 10 12 14 16 18 20,25000,0.0,1.0,0.0,0.0,0
10009,loschmidt,nz0.9,extended_2_24,0.5995472120511268,-0.247467092148938,0.9999622301166164,0.048372668046684386,12,0.0011652105591500928,2,24,2 4 6 8 10 12 14 16 18 20 22 24,25000,0.0,1.0,0.0,0.0,0
10009,swap,snr1,primary_2_20,1.2003339692279758,-0.8842578177463635,0.999972866410576,0.09374548020523576,10,0.0022106328525697007,2,20,2 4 6 8 10 12 14 16 18 20,25000,1.0,0.0,0.0,0.0,0
10009,swap,snr1,n_ge_8,1.2001171201802368,-0.8798237045919186,0.9999303717415519,0.09191355562366077,7,0.004478643721562399,8,20,8 10 12 14 16 18 20,25000,1.0,0.0,0.0,0.0,0
10009,swap,snr1,extended_2_24,1.2012738755042274,-0.8914051585492228,0.9999800641567987,0.08961394569307579,12,0.0016961476933379635,2,24,2 4 6 8 10 12 14 16 18 20 22 24,25000,1.0,0.0,0.0,0.0,0
10009,swap,snr2,primary_2_20,1.2003344174886885,-0.2822048743322002,0.9999728639200678,0.09374714899047376,10,0.002210735132161801,2,20,2 4 6 8 10 12 14 16 18 20,25000,1.0,0.0,0.0,0.0,0
10009,swap,snr2,n_ge_8,1.2001171201862548,-0.2777637133643246,0.9999303717415053,0.09191355565180181,7,0.004478643723079366,8,20,8 10 12 14 16 18 20,25000,1.0,0.0,0.0,0.0,0
10009,swap,snr2,extended_2_24,1.2012742081387633,-0.28935125567519704,0.9999800628947073,0.08961604253257249,12,0.0016962018528032142,2,24,2 4 6 8 10 12 14 16 18 20 22 24,25000,1.0,0.0,0.0,0.0,0
10009,swap,dir0.75,primary_2_20,1.1951428472168621,-1.14979270928178,0.9999125854399605,0.13971825655966152,10,0.00395080590159874,2,20,2 4 6 8 10 12 14 16 18 20,25000,0.0,0.18435600000000002,0.815644,0.0,0
10009,swap,dir0.75,n_ge_8,1.2001137021184807,-1.221815823992987,0.9999303979253233,0.09189761114128459,7,0.0044777887314220765,8,20,8 10 12 14 16 18 20,25000,0.0,0.01842857142857143,0.9815714285714285,0.0,0
10009,swap,dir0.75,extended_2_24,1.1976002541469128,-1.1695206575011035,0.9999408309864953,0.15453139091888368,12,0.0029132106740549384,2,24,2 4 6 8 10 12 14 16 18 20 22 24,25000,0.0,0.15363000000000002,0.84637,0.0,0
10009,swap,dir0.9,primary_2_20,1.1986045267629588,-0.6433145379329284,0.9999616275519957,0.08902773931843022,10,0.002625119063621788,2,20,2 4 6 8 10 12 14 16 18 20,25000,0.0,0.161392,0.838608,0.0,0
10009,swap,dir0.9,n_ge_8,1.2001161733210233,-0.6643356960513027,0.9999303789971465,0.09190913874003037,7,0.00447840681793692,8,20,8 10 12 14 16 18 20,25000,0.0,0.011428571428571429,0.9885714285714285,0.0,0
10009,swap,dir0.9,extended_2_24,1.200050692204236,-0.6546589032355842,0.999972554018965,0.08301811932575909,12,0.001988130697957929,2,24,2 4 6 8 10 12 14 16 18 20 22 24,25000,0.0,0.13449333333333333,0.8655066666666666,0.0,0
10009,swap,nz0.9,primary_2_20,0.005566908617888862,1.4235019852575364,0.2727272727272725,0.13360580682933287,10,0.0032140561890921797,2,20,2 4 6 8 10 12 14 16 18 20,25000,0.0,1.0,0.0,0.0,0
10009,swap,nz0.9,n_ge_8,1.7291972242466875e-17,1.5051499783199058,,2.220446049250313e-16,7,8.05133449566323e-18,8,20,8 10 12 14 16 18 20,25000,0.0,1.0,0.0,0.0,0
10009,swap,nz0.9,extended_2_24,0.003925384281844697,1.4371099841012647,0.23076923076923017,0.1439307570009729,12,0.0022663216717957674,2,24,2 4 6 8 10 12 14 16 18 20 22 24,25000,0.0,1.0,0.0,0.0,0
10010,loschmidt,snr1,primary_2_20,0.6057369421766725,-0.37493637468663754,0.9999429872402631,0.058386259283063846,10,0.0016171022440260665,2,20,2 4 6 8 10 12 14 16 18 20,25000,1.0,0.0,0.0,0.0,0
10010,loschmidt,snr1,n_ge_8,0.6034877893814068,-0.3417507900306469,0.9999663940656001,0.025972912361803324,7,0.0015645835879307527,8,20,8 10 12 14 16 18 20,25000,1.0,0.0,0.0,0.0,0
10010,loschmidt,snr1,extended_2_24,0.6046472977544198,-0.3658160293048801,0.9999621701608855,0.06532731582031592,12,0.0011760548526549704,2,24,2 4 6 8 10 12 14 16 18 20 22 24,25000,1.0,0.0,0.0,0.0,0
10010,loschmidt,snr2,primary_2_20,0.6067702533941121,0.21196018517451537,0.9998992274533411,0.08307801114053337,10,0.00215363593243904,2,20,2 4 6 8 10 12 14 16 18 20,25000,1.0,0.0,0.0,0.0,0
10010,loschmidt,snr2,n_ge_8,0.6034880833706772,0.2603042841555753,0.9999663953936802,0.025972699160199397,7,0.0015645534332038673,8,20,8 10 12 14 16 18 20,25000,1.0,0.0,0.0,0.0,0
10010,loschmidt,snr2,extended_2_24,0.6053762013615076,0.22360404173512577,0.9999339326860136,0.09193376363593475,12,0.0015560839240405266,2,24,2 4 6 8 10 12 14 16 18 20 22 24,25000,1.0,0.0,0.0,0.0,0
10010,loschmidt,dir0.75,primary_2_20,0.603781724102123,-0.3509625719317409,0.9999814473356519,0.03032133789989011,10,0.000919479692976007,2,20,2 4 6 8 10 12 14 16 18 20,25000,0.0,0.995804,0.0,0.004196,0
10010,loschmidt,dir0.75,n_ge_8,0.6038696618074657,-0.35252616902710193,0.9999576843714196,0.03016474409001013,7,0.0017567816899680911,8,20,8 10 12 14 16 18 20,25000,0.0,0.9958685714285714,0.0,0.0041314285714285715,0
10010,loschmidt,dir0.75,extended_2_24,0.603192304403669,-0.3460693908723801,0.9999879633136262,0.025783803783985704,12,0.0006617773185143142,2,24,2 4 6 8 10 12 14 16 18 20 22 24,25000,0.0,0.9957266666666668,0.0,0.004273333333333333,0
10010,loschmidt,dir0.9,primary_2_20,0.6052137902856386,-0.050009766041909896,0.9999601810176612,0.0464744622225306,10,0.0013502604488767947,2,20,2 4 6 8 10 12 14 16 18 20,25000,0.0,0.991708,0.0,0.008292,0
10010,loschmidt,dir0.9,n_ge_8,0.6035197972280879,-0.025011612939872682,0.9999717384620451,0.023034215995890506,7,0.0014348633791158596,8,20,8 10 12 14 16 18 20,25000,0.0,0.9916628571428571,0.0,0.008337142857142857,0
10010,loschmidt,dir0.9,extended_2_24,0.6044094160509603,-0.04331131253377322,0.999974483337776,0.051564167261310745,12,0.0009654920339228306,2,24,2 4 6 8 10 12 14 16 18 20 22 24,25000,0.0,0.9916666666666667,0.0,0.008333333333333333,0
10010,loschmidt,nz0.9,primary_2_20,0.6003411486912578,-0.260723233607948,0.9999285841697465,0.060040936225432495,10,0.001793766344960987,2,20,2 4 6 8 10 12 14 16 18 20,25000,0.0,1.0,0.0,0.0,0
10010,loschmidt,nz0.9,n_ge_8,0.6041991821920633,-0.31796717865754404,0.9999687374007168,0.029034886445399977,7,0.0015108260402193602,8,20,8 10 12 14 16 18 20,25000,0.0,1.0,0.0,0.0,0
10010,loschmidt,nz0.9,extended_2_24,0.6007656823073553,-0.26428907525403544,0.99995807289008,0.06275771063932489,12,0.0012301602354088728,2,24,2 4 6 8 10 12 14 16 18 20 22 24,25000,0.0,1.0,0.0,0.0,0
10010,swap,snr1,primary_2_20,1.2027415310043867,-0.9126211887711744,0.9999675725327714,0.06344062752968815,10,0.002421535667314977,2,20,2 4 6 8 10 12 14 16 18 20,25000,1.0,0.0,0.0,0.0,0
10010,swap,snr1,n_ge_8,1.2073689478469554,-0.9812076994922071,0.9999732171380179,0.05648831406408661,7,0.0027944047283421872,8,20,8 10 12 14 16 18 20,25000,1.0,0.0,0.0,0.0,0
10010,swap,snr1,extended_2_24,1.2025766690779995,-0.9111901659842134,0.9999812212424567,0.0630429445050611,12,0.0016479737097653913,2,24,2 4 6 8 10 12 14 16 18 20 22 24,25000,1.0,0.0,0.0,0.0,0
10010,swap,snr2,primary_2_20,1.2029913083157853,-0.31422503186780787,0.9999699027756102,0.06043598506132053,10,0.0023333895833058237,2,20,2 4 6 8 10 12 14 16 18 20,25000,1.0,0.0,0.0,0.0,0
10010,swap,snr2,n_ge_8,1.2073689478653558,-0.37914770847101614,0.9999732171380195,0.05648831405171961,7,0.0027944047282985264,8,20,8 10 12 14 16 18 20,25000,1.0,0.0,0.0,0.0,0
10010,swap,snr2,extended_2_24,1.2027528092751076,-0.31218356721799906,0.9999825344115869,0.06104645546706333,12,0.001589541179153184,2,24,2 4 6 8 10 12 14 16 18 20 22 24,25000,1.0,0.0,0.0,0.0,0
10010,swap,dir0.75,primary_2_20,1.1978924818373633,-1.1831797430074014,0.9998862930273125,0.16760602104428068,10,0.004516386357166551,2,20,2 4 6 8 10 12 14 16 18 20,25000,0.0,0.184916,0.8150839999999999,0.0,0
10010,swap,dir0.75,n_ge_8,1.2073654959219875,-1.3231992550603866,0.9999732159955677,0.05649081801221101,7,0.0027944563388839342,8,20,8 10 12 14 16 18 20,25000,0.0,0.018765714285714292,0.9812342857142857,0.0,0
10010,swap,dir0.75,extended_2_24,1.19914448350192,-1.1934950479386666,0.9999330315829058,0.1754173226464324,12,0.0031032807916594476,2,24,2 4 6 8 10 12 14 16 18 20 22 24,25000,0.0,0.15409666666666666,0.8459033333333332,0.0,0
10010,swap,dir0.9,primary_2_20,1.2011707087471186,-0.6740069365299971,0.9999488646725431,0.0977403217365862,10,0.0030369061042634458,2,20,2 4 6 8 10 12 14 16 18 20,25000,0.0,0.161536,0.8384640000000001,0.0,0
10010,swap,dir0.9,n_ge_8,1.2073679916111235,-0.7657195348281074,0.9999732168238706,0.05648900769277532,7,0.002794418903914542,8,20,8 10 12 14 16 18 20,25000,0.0,0.011359999999999999,0.9886400000000001,0.0,0
10010,swap,dir0.9,extended_2_24,1.2014654241946126,-0.6763859478256141,0.9999703999387919,0.09952990213721558,12,0.002067112005946176,2,24,2 4 6 8 10 12 14 16 18 20 22 24,25000,0.0,0.13461333333333333,0.8653866666666667,0.0,0
10010,swap,nz0.9,primary_2_20,0.005566908617888862,1.4235019852575364,0.2727272727272725,0.13360580682933287,10,0.0032140561890921797,2,20,2 4 6 8 10 12 14 16 18 20,25000,0.0,1.0,0.0,0.0,0
10010,swap,nz0.9,n_ge_8,1.7291972242466875e-17,1.5051499783199058,,2.220446049250313e-16,7,8.05133449566323e-18,8,20,8 10 12 14 16 18 20,25000,0.0,1.0,0.0,0.0,0
10010,swap,nz0.9,extended_2_24,0.003925384281844697,1.4371099841012647,0.23076923076923017,0.1439307570009729,12,0.0022663216717957674,2,24,2 4 6 8 10 12 14 16 18 20 22 24,25000,0.0,1.0,0.0,0.0,0
10011,loschmidt,snr1,primary_2_20,0.6052116455704053,-0.3669355136124507,0.9999365918366093,0.06533652714471627,10,0.0017039177971589587,2,20,2 4 6 8 10 12 14 16 18 20,25000,1.0,0.0,0.0,0.0,0
10011,loschmidt,snr1,n_ge_8,0.602828266082848,-0.3321828350800734,0.9999738391672048,0.020021776632789923,7,0.0013789231696699222,8,20,8 10 12 14 16 18 20,25000,1.0,0.0,0.0,0.0,0
10011,loschmidt,snr1,extended_2_24,0.6044639218335353,-0.36089276878075904,0.9999605303876655,0.06988382450266784,12,0.0012009097916664394,2,24,2 4 6 8 10 12 14 16 18 20 22 24,25000,1.0,0.0,0.0,0.0,0
10011,loschmidt,snr2,primary_2_20,0.6057532789374483,0.22714109254928536,0.9999161052401653,0.07691981440658924,10,0.0019617172726314447,2,20,2 4 6 8 10 12 14 16 18 20,25000,1.0,0.0,0.0,0.0,0
10011,loschmidt,snr2,n_ge_8,0.6028283594691886,0.2698755984313129,0.9999738395316721,0.0200222008131945,7,0.0013789137775616033,8,20,8 10 12 14 16 18 20,25000,1.0,0.0,0.0,0.0,0
10011,loschmidt,snr2,extended_2_24,0.604847221437904,0.23449647924978248,0.9999477109975391,0.0824630861079978,12,0.0013831275213791662,2,24,2 4 6 8 10 12 14 16 18 20 22 24,25000,1.0,0.0,0.0,0.0,0
10011,loschmidt,dir0.75,primary_2_20,0.6029034666469513,-0.3402645705344682,0.9999845701459863,0.02044432274517749,10,0.0008373114819174387,2,20,2 4 6 8 10 12 14 16 18 20,25000,0.0,0.9957,0.0,0.0043,0
10011,loschmidt,dir0.75,n_ge_8,0.6021885862797226,-0.3296240857339594,0.9999748343517252,0.017747120360964708,7,0.0013510052712559792,8,20,8 10 12 14 16 18 20,25000,0.0,0.9956571428571429,0.0,0.004342857142857143,0
10011,loschmidt,dir0.75,extended_2_24,0.602857403893692,-0.3400873720216194,0.9999896373621865,0.020529395751507806,12,0.0006136941859821635,2,24,2 4 6 8 10 12 14 16 18 20 22 24,25000,0.0,0.9957466666666668,0.0,0.004253333333333333,0
10011,loschmidt,dir0.9,primary_2_20,0.6046978083662841,-0.04129765988816447,0.9999519000031541,0.05415460453756693,10,0.001482778806741521,2,20,2 4 6 8 10 12 14 16 18 20,25000,0.0,0.9917680000000001,0.0,0.008232,0
10011,loschmidt,dir0.9,n_ge_8,0.6028940127297445,-0.015086325299560688,0.9999715363231471,0.021290890526707962,7,0.001438492658641748,8,20,8 10 12 14 16 18 20,25000,0.0,0.99172,0.0,0.008280000000000001,0
10011,loschmidt,dir0.9,extended_2_24,0.6040109787319723,-0.03581072249686771,0.9999691001433949,0.05826788266024008,12,0.0010617683478296761,2,24,2 4 6 8 10 12 14 16 18 20 22 24,25000,0.0,0.9918666666666667,0.0,0.008133333333333333,0
10011,loschmidt,nz0.9,primary_2_20,0.5987893618102025,-0.2412570914254685,0.9999575171318029,0.04367836780506351,10,0.0013798924002729864,2,20,2 4 6 8 10 12 14 16 18 20,25000,0.0,1.0,0.0,0.0,0
10011,loschmidt,nz0.9,n_ge_8,0.6018310198099538,-0.28653703434899425,0.9999769546565178,0.017479082940985435,7,0.0012920703585697693,8,20,8 10 12 14 16 18 20,25000,0.0,1.0,0.0,0.0,0
10011,loschmidt,nz0.9,extended_2_24,0.5999833784123433,-0.2511834634478037,0.9999701041049943,0.05121670662311706,12,0.0010374125339824875,2,24,2 4 6 8 10 12 14 16 18 20 22 24,25000,0.0,1.0,0.0,0.0,0
10011,swap,snr1,primary_2_20,1.1994818332162203,-0.8754636750867748,0.9999811763917533,0.04601163572698841,10,0.0018399423118155838,2,20,2 4 6 8 10 12 14 16 18 20,25000,1.0,0.0,0.0,0.0,0
10011,swap,snr1,n_ge_8,1.2028177261756814,-0.9252517725358218,0.999980130227674,0.032959032052332304,7,0.0023978144757675827,8,20,8 10 12 14 16 18 20,25000,1.0,0.0,0.0,0.0,0
10011,swap,snr1,extended_2_24,1.2009503435243187,-0.8878750572382097,0.9999865200570016,0.042411315424143226,12,0.0013943506572840257,2,24,2 4 6 8 10 12 14 16 18 20 22 24,25000,1.0,0.0,0.0,0.0,0
10011,swap,snr2,primary_2_20,1.1996482541776008,-0.275845323217494,0.9999819753434555,0.0445685220365899,10,0.0018007206541102978,2,20,2 4 6 8 10 12 14 16 18 20,25000,1.0,0.0,0.0,0.0,0
10011,swap,snr2,n_ge_8,1.2028177261757622,-0.32319178120931313,0.9999801302276734,0.03295903205232875,7,0.0023978144758050727,8,20,8 10 12 14 16 18 20,25000,1.0,0.0,0.0,0.0,0
10011,swap,snr2,extended_2_24,1.2010677195643984,-0.28785012850086056,0.9999871173084961,0.042875256650455995,12,0.0013632440028419845,2,24,2 4 6 8 10 12 14 16 18 20 22 24,25000,1.0,0.0,0.0,0.0,0
10011,swap,dir0.75,primary_2_20,1.1946469082119349,-1.146245356671743,0.9999205022178457,0.13716278195947917,10,0.003766078253547214,2,20,2 4 6 8 10 12 14 16 18 20,25000,0.0,0.183196,0.816804,0.0,0
10011,swap,dir0.75,n_ge_8,1.2028143305842032,-1.2672442611100145,0.9999801335429582,0.032963350035927874,7,0.0023976076564701226,8,20,8 10 12 14 16 18 20,25000,0.0,0.01785142857142857,0.9821485714285715,0.0,0
10011,swap,dir0.75,extended_2_24,1.1975286757889319,-1.1703731390871808,0.9999457264066622,0.15552702922092299,12,0.0027899215760297225,2,24,2 4 6 8 10 12 14 16 18 20 22 24,25000,0.0,0.15266333333333335,0.8473366666666666,0.0,0
10011,swap,dir0.9,primary_2_20,1.197914641612933,-0.6369068012029339,0.9999692667261829,0.06715232067789456,10,0.0023479668773729446,2,20,2 4 6 8 10 12 14 16 18 20,25000,0.0,0.159556,0.8404440000000001,0.0,0
10011,swap,dir0.9,n_ge_8,1.2028167855332623,-0.7097638661316378,0.9999801311482858,0.032960228218556153,7,0.002397757050798189,8,20,8 10 12 14 16 18 20,25000,0.0,0.011217142857142856,0.9887828571428571,0.0,0
10011,swap,dir0.9,extended_2_24,1.199841803079891,-0.6531205310890329,0.9999781614195271,0.07951172763007741,12,0.001773131453690328,2,24,2 4 6 8 10 12 14 16 18 20 22 24,25000,0.0,0.13296333333333335,0.8670366666666668,0.0,0
10011,swap,nz0.9,primary_2_20,0.005566908617888862,1.4235019852575364,0.2727272727272725,0.13360580682933287,10,0.0032140561890921797,2,20,2 4 6 8 10 12 14 16 18 20,25000,0.0,1.0,0.0,0.0,0
10011,swap,nz0.9,n_ge_8,1.7291972242466875e-17,1.5051499783199058,,2.220446049250313e-16,7,8.05133449566323e-18,8,20,8 10 12 14 16 18 20,25000,0.0,1.0,0.0,0.0,0
10011,swap,nz0.9,extended_2_24,0.003925384281844697,1.4371099841012647,0.23076923076923017,0.1439307570009729,12,0.0022663216717957674,2,24,2 4 6 8 10 12 14 16 18 20 22 24,25000,0.0,1.0,0.0,0.0,0
10012,loschmidt,snr1,primary_2_20,0.6053768719735746,-0.3711745927139116,0.9999008818660108,0.061980960908824656,10,0.0021309777465992772,2,20,2 4 6 8 10 12 14 16 18 20,25000,1.0,0.0,0.0,0.0,0
10012,loschmidt,snr1,n_ge_8,0.601743616346917,-0.3166605987435795,0.9998527293674726,0.04555178189836795,7,0.0032660027597437784,8,20,8 10 12 14 16 18 20,25000,1.0,0.0,0.0,0.0,0
10012,loschmidt,snr1,extended_2_24,0.6052542459928476,-0.37038602087755235,0.9999409673878792,0.06197122072449923,12,0.001470607119906818,2,24,2 4 6 8 10 12 14 16 18 20 22 24,25000,1.0,0.0,0.0,0.0,0
10012,loschmidt,snr2,primary_2_20,0.6064470565385088,0.21514683803076345,0.999856268987589,0.085618270285575,10,0.0025707175022259676,2,20,2 4 6 8 10 12 14 16 18 20,25000,1.0,0.0,0.0,0.0,0
10012,loschmidt,snr2,n_ge_8,0.601743816273603,0.28539604845425653,0.9998527266487107,0.04555192710602718,7,0.0032660339959947656,8,20,8 10 12 14 16 18 20,25000,1.0,0.0,0.0,0.0,0
10012,loschmidt,snr2,extended_2_24,0.6060103500379671,0.21853917588968083,0.9999145668714577,0.0881371951434089,12,0.00177138004974981,2,24,2 4 6 8 10 12 14 16 18 20 22 24,25000,1.0,0.0,0.0,0.0,0
10012,loschmidt,dir0.75,primary_2_20,0.6033207250032289,-0.34619740641565205,0.9999591170859674,0.04405714625959689,10,0.0013639016362264732,2,20,2 4 6 8 10 12 14 16 18 20,25000,0.0,0.995652,0.0,0.0043479999999999994,0
10012,loschmidt,dir0.75,n_ge_8,0.6014737575343346,-0.31770277116348955,0.9998957175849343,0.04369628529819991,7,0.002747007641671232,8,20,8 10 12 14 16 18 20,25000,0.0,0.99564,0.0,0.00436,0
10012,loschmidt,dir0.75,extended_2_24,0.6035793155259633,-0.3486733913331052,0.9999722329287026,0.04675297179683291,12,0.0010057856048455859,2,24,2 4 6 8 10 12 14 16 18 20 22 24,25000,0.0,0.99573,0.0,0.0042699999999999995,0
10012,loschmidt,dir0.9,primary_2_20,0.6047453219519303,-0.045658056025954595,0.9999178271505849,0.05815976735372175,10,0.001938248880340631,2,20,2 4 6 8 10 12 14 16 18 20,25000,0.0,0.9920000000000002,0.0,0.008000000000000002,0
10012,loschmidt,dir0.9,n_ge_8,0.6014039240545094,0.004806609669948979,0.9998577197896328,0.04596026353627458,7,0.003208369673279648,8,20,8 10 12 14 16 18 20,25000,0.0,0.991937142857143,0.0,0.008062857142857144,0
10012,loschmidt,dir0.9,extended_2_24,0.6048037398416578,-0.04638754538740018,0.9999504841036355,0.05859863578682578,12,0.001345852740386152,2,24,2 4 6 8 10 12 14 16 18 20 22 24,25000,0.0,0.9919966666666667,0.0,0.008003333333333335,0
10012,loschmidt,nz0.9,primary_2_20,0.5998604764299407,-0.250535183476253,0.9999264937725216,0.05081423061637169,10,0.0018183742972631613,2,20,2 4 6 8 10 12 14 16 18 20,25000,0.0,1.0,0.0,0.0,0
10012,loschmidt,nz0.9,n_ge_8,0.6013442479535163,-0.27119479044776507,0.999892582993897,0.04493576116581899,7,0.0027873917313159338,8,20,8 10 12 14 16 18 20,25000,0.0,1.0,0.0,0.0,0
10012,loschmidt,nz0.9,extended_2_24,0.6009516513084842,-0.2599997898727345,0.9999465199104627,0.058096487255766105,12,0.0013897836850031019,2,24,2 4 6 8 10 12 14 16 18 20 22 24,25000,0.0,1.0,0.0,0.0,0
10012,swap,snr1,primary_2_20,1.2019522380656407,-0.8946908820798957,0.9999526784223705,0.09422858303013015,10,0.0029233586547822775,2,20,2 4 6 8 10 12 14 16 18 20,25000,1.0,0.0,0.0,0.0,0
10012,swap,snr1,n_ge_8,1.202550642783046,-0.9012774692042388,0.999890364360401,0.09124069467598872,7,0.0056314218073480115,8,20,8 10 12 14 16 18 20,25000,1.0,0.0,0.0,0.0,0
10012,swap,snr1,extended_2_24,1.2034968765602336,-0.908366463902524,0.9999634688610224,0.09172746038672841,12,0.0023003001447245586,2,24,2 4 6 8 10 12 14 16 18 20 22 24,25000,1.0,0.0,0.0,0.0,0
10012,swap,snr2,primary_2_20,1.2021183302998573,-0.29506736703400666,0.9999538395528101,0.09400758356473915,10,0.0028876679558381725,2,20,2 4 6 8 10 12 14 16 18 20,25000,1.0,0.0,0.0,0.0,0
10012,swap,snr2,n_ge_8,1.202550642806156,-0.29921747826154926,0.9998903643603209,0.09124069469149987,7,0.005631421809517256,8,20,8 10 12 14 16 18 20,25000,1.0,0.0,0.0,0.0,0
10012,swap,snr2,extended_2_24,1.2036140088529002,-0.3083370771339785,0.9999642899744984,0.09203950168064523,12,0.0022745216158322947,2,24,2 4 6 8 10 12 14 16 18 20 22 24,25000,1.0,0.0,0.0,0.0,0
10012,swap,dir0.75,primary_2_20,1.197097643899494,-1.165163281274676,0.9998848503943786,0.15117923518729381,10,0.004541933966018651,2,20,2 4 6 8 10 12 14 16 18 20,25000,0.0,0.184096,0.8159040000000001,0.0,0
10012,swap,dir0.75,n_ge_8,1.2025472852410015,-1.2432705959718684,0.9998903765147567,0.0912382516449135,7,0.005631093888789735,8,20,8 10 12 14 16 18 20,25000,0.0,0.018445714285714284,0.9815542857142857,0.0,0
10012,swap,dir0.75,extended_2_24,1.2000606122241322,-1.1905973552674485,0.9999180855397598,0.17068737253079003,12,0.0034347984398843292,2,24,2 4 6 8 10 12 14 16 18 20 22 24,25000,0.0,0.15341333333333335,0.8465866666666667,0.0,0
10012,swap,dir0.9,primary_2_20,1.2003794209163778,-0.6560455543833464,0.9999382470048873,0.09622050094077395,10,0.0033351546050086125,2,20,2 4 6 8 10 12 14 16 18 20,25000,0.0,0.16071600000000003,0.8392839999999999,0.0,0
10012,swap,dir0.9,n_ge_8,1.2025497126999185,-0.6857897399062963,0.9998903677294874,0.09124001792707404,7,0.005631330915417735,8,20,8 10 12 14 16 18 20,25000,0.0,0.011348571428571428,0.9886514285714286,0.0,0
10012,swap,dir0.9,extended_2_24,1.2023841614893869,-0.6735355236040937,0.9999535060705752,0.09484200332614634,12,0.0025926952326488302,2,24,2 4 6 8 10 12 14 16 18 20 22 24,25000,0.0,0.13393000000000002,0.86607,0.0,0
10012,swap,nz0.9,primary_2_20,0.005566908617888862,1.4235019852575364,0.2727272727272725,0.13360580682933287,10,0.0032140561890921797,2,20,2 4 6 8 10 12 14 16 18 20,25000,0.0,1.0,0.0,0.0,0
10012,swap,nz0.9,n_ge_8,1.7291972242466875e-17,1.5051499783199058,,2.220446049250313e-16,7,8.05133449566323e-18,8,20,8 10 12 14 16 18 20,25000,0.0,1.0,0.0,0.0,0
10012,swap,nz0.9,extended_2_24,0.003925384281844697,1.4371099841012647,0.23076923076923017,0.1439307570009729,12,0.0022663216717957674,2,24,2 4 6 8 10 12 14 16 18 20 22 24,25000,0.0,1.0,0.0,0.0,0
10013,loschmidt,snr1,primary_2_20,0.6052397432049803,-0.36415455939036406,0.9998884031566795,0.06817367663595286,10,0.0022606463838736493,2,20,2 4 6 8 10 12 14 16 18 20,25000,1.0,0.0,0.0,0.0,0
10013,loschmidt,snr1,n_ge_8,0.5995158110359509,-0.2769027075214335,0.9998861883705293,0.042655819430649444,7,0.002860445483051364,8,20,8 10 12 14 16 18 20,25000,1.0,0.0,0.0,0.0,0
10013,loschmidt,snr1,extended_2_24,0.6029475282653981,-0.34473731789384804,0.9999082117405936,0.08300648825330459,12,0.001826808479481383,2,24,2 4 6 8 10 12 14 16 18 20 22 24,25000,1.0,0.0,0.0,0.0,0
10013,loschmidt,snr2,primary_2_20,0.6063308893400148,0.22183489637080772,0.9998398159790998,0.09207399422863105,10,0.002713370394484103,2,20,2 4 6 8 10 12 14 16 18 20,25000,1.0,0.0,0.0,0.0,0
10013,loschmidt,snr2,n_ge_8,0.5995160791911756,0.3251528016282027,0.9998861900266539,0.04265493850390989,7,0.0028604259482164296,8,20,8 10 12 14 16 18 20,25000,1.0,0.0,0.0,0.0,0
10013,loschmidt,snr2,extended_2_24,0.6037192708985964,0.24390007913469075,0.9998738999209849,0.10891594010967753,12,0.0021439769022238695,2,24,2 4 6 8 10 12 14 16 18 20 22 24,25000,1.0,0.0,0.0,0.0,0
10013,loschmidt,dir0.75,primary_2_20,0.6034369536650245,-0.3388780861617169,0.9999524874386369,0.03903629841140965,10,0.0014706233186213803,2,20,2 4 6 8 10 12 14 16 18 20,25000,0.0,0.996008,0.0,0.003992,0
10013,loschmidt,dir0.75,n_ge_8,0.6001569410748236,-0.28827215004208034,0.9999065152902337,0.037757837758295665,7,0.0025951975589002035,8,20,8 10 12 14 16 18 20,25000,0.0,0.9959714285714286,0.0,0.004028571428571428,0
10013,loschmidt,dir0.75,extended_2_24,0.6017352104831424,-0.3243509917490703,0.9999544601892304,0.050223192667424144,12,0.0012841357146891003,2,24,2 4 6 8 10 12 14 16 18 20 22 24,25000,0.0,0.9959733333333333,0.0,0.004026666666666667,0
10013,loschmidt,dir0.9,primary_2_20,0.6047143856544179,-0.03874945138486389,0.9999132593436154,0.056735967617135286,10,0.001991294504338937,2,20,2 4 6 8 10 12 14 16 18 20,25000,0.0,0.99224,0.0,0.00776,0
10013,loschmidt,dir0.9,n_ge_8,0.5996685264619372,0.03825522633402795,0.9999001373571457,0.03853373236793978,7,0.0026800905477708478,8,20,8 10 12 14 16 18 20,25000,0.0,0.99212,0.0,0.00788,0
10013,loschmidt,dir0.9,extended_2_24,0.602751501167779,-0.022079429756190164,0.9999286620333506,0.06948022027253109,12,0.001609956549915953,2,24,2 4 6 8 10 12 14 16 18 20 22 24,25000,0.0,0.9921333333333333,0.0,0.007866666666666666,0
10013,loschmidt,nz0.9,primary_2_20,0.5998840672782244,-0.24477350392646335,0.9999479728059301,0.045005369370014536,10,0.0015298499400250205,2,20,2 4 6 8 10 12 14 16 18 20,25000,0.0,1.0,0.0,0.0,0
10013,loschmidt,nz0.9,n_ge_8,0.6004377266793044,-0.2512898492705743,0.9999341863231741,0.03233488132073781,7,0.0021784888362069805,8,20,8 10 12 14 16 18 20,25000,0.0,1.0,0.0,0.0,0
10013,loschmidt,nz0.9,extended_2_24,0.5993141100574921,-0.2396523824820624,0.9999628682598939,0.043169746968471756,12,0.0011548756297607465,2,24,2 4 6 8 10 12 14 16 18 20 22 24,25000,0.0,1.0,0.0,0.0,0
10013,swap,snr1,primary_2_20,1.2024274209813421,-0.8874255421120475,0.9999615011656486,0.07146764269303141,10,0.0026378252941578573,2,20,2 4 6 8 10 12 14 16 18 20,25000,1.0,0.0,0.0,0.0,0
10013,swap,snr1,n_ge_8,1.200227648903411,-0.8511756485345987,0.9999091407885929,0.0757698910101432,7,0.005116616149303211,8,20,8 10 12 14 16 18 20,25000,1.0,0.0,0.0,0.0,0
10013,swap,snr1,extended_2_24,1.1999756473489378,-0.8662951431831787,0.9999656742459578,0.09592941674818789,12,0.0022232583364442645,2,24,2 4 6 8 10 12 14 16 18 20 22 24,25000,1.0,0.0,0.0,0.0,0
10013,swap,snr2,primary_2_20,1.202598138635048,-0.2878697169743687,0.9999621548020028,0.07226463234491298,10,0.0026157072902445256,2,20,2 4 6 8 10 12 14 16 18 20,25000,1.0,0.0,0.0,0.0,0
10013,swap,snr2,n_ge_8,1.2002276489086048,-0.24911565729327453,0.9999091407885967,0.07576989099290188,7,0.005116616149218436,8,20,8 10 12 14 16 18 20,25000,1.0,0.0,0.0,0.0,0
10013,swap,snr2,extended_2_24,1.2000960359253598,-0.26632209668163465,0.9999658045351828,0.09560859004616162,12,0.0022192574298090678,2,24,2 4 6 8 10 12 14 16 18 20 22 24,25000,1.0,0.0,0.0,0.0,0
10013,swap,dir0.75,primary_2_20,1.1972375256827659,-1.1529792902806917,0.9999019165209305,0.13871548062676586,10,0.004192321282943365,2,20,2 4 6 8 10 12 14 16 18 20,25000,0.0,0.18438400000000002,0.815616,0.0,0
10013,swap,dir0.75,n_ge_8,1.200224483533831,-1.1931719990955798,0.9999091367975154,0.0757802576724167,7,0.005116715040017813,8,20,8 10 12 14 16 18 20,25000,0.0,0.017451428571428573,0.9825485714285714,0.0,0
10013,swap,dir0.75,extended_2_24,1.1963029212207212,-1.1444267491094264,0.9999365159870147,0.13203214837958988,12,0.003014304590576558,2,24,2 4 6 8 10 12 14 16 18 20 22 24,25000,0.0,0.15365333333333334,0.8463466666666667,0.0,0
10013,swap,dir0.9,primary_2_20,1.2006986537911282,-0.6464927553234449,0.9999504731038248,0.07713907103680029,10,0.0029875854866649077,2,20,2 4 6 8 10 12 14 16 18 20,25000,0.0,0.16119599999999998,0.838804,0.0,0
10013,swap,dir0.9,n_ge_8,1.2002267720445066,-0.6356888121015984,0.9999091396850147,0.07577276274738765,7,0.005116643487200836,8,20,8 10 12 14 16 18 20,25000,0.0,0.01084,0.98916,0.0,0
10013,swap,dir0.9,extended_2_24,1.1987529607984657,-0.6295578997816191,0.9999615291669421,0.09911807534822614,12,0.0023512772521073768,2,24,2 4 6 8 10 12 14 16 18 20 22 24,25000,0.0,0.13432999999999998,0.86567,0.0,0
10013,swap,nz0.9,primary_2_20,0.005566908617888862,1.4235019852575364,0.2727272727272725,0.13360580682933287,10,0.0032140561890921797,2,20,2 4 6 8 10 12 14 16 18 20,25000,0.0,1.0,0.0,0.0,0
10013,swap,nz0.9,n_ge_8,1.7291972242466875e-17,1.5051499783199058,,2.220446049250313e-16,7,8.05133449566323e-18,8,20,8 10 12 14 16 18 20,25000,0.0,1.0,0.0,0.0,0
10013,swap,nz0.9,extended_2_24,0.003925384281844697,1.4371099841012647,0.23076923076923017,0.1439307570009729,12,0.0022663216717957674,2,24,2 4 6 8 10 12 14 16 18 20 22 24,25000,0.0,1.0,0.0,0.0,0
10014,loschmidt,snr1,primary_2_20,0.6044608808066717,-0.35277487916679007,0.999895062543681,0.07799563206290971,10,0.002189330163448795,2,20,2 4 6 8 10 12 14 16 18 20,25000,1.0,0.0,0.0,0.0,0
10014,loschmidt,snr1,n_ge_8,0.5989706412513757,-0.26961514616584564,0.9999448097090875,0.03174640729044498,7,0.0019900494127569183,8,20,8 10 12 14 16 18 20,25000,1.0,0.0,0.0,0.0,0
10014,loschmidt,snr1,extended_2_24,0.6036198157925045,-0.3458253856875188,0.9999366380437357,0.08326299551384642,12,0.001519467923745823,2,24,2 4 6 8 10 12 14 16 18 20 22 24,25000,1.0,0.0,0.0,0.0,0
10014,loschmidt,snr2,primary_2_20,0.605548710101091,0.23326849371358,0.9998405653074588,0.10194323309355591,10,0.002703523367773772,2,20,2 4 6 8 10 12 14 16 18 20,25000,1.0,0.0,0.0,0.0,0
10014,loschmidt,snr2,n_ge_8,0.5989708281917063,0.3324417135072592,0.9999448095691615,0.03174738108507924,7,0.001990052556718243,8,20,8 10 12 14 16 18 20,25000,1.0,0.0,0.0,0.0,0
10014,loschmidt,snr2,extended_2_24,0.6043890353577804,0.24285933778437188,0.999902639211851,0.10921472767772666,12,0.0018859481995821782,2,24,2 4 6 8 10 12 14 16 18 20 22 24,25000,1.0,0.0,0.0,0.0,0
10014,loschmidt,dir0.75,primary_2_20,0.6022838729628198,-0.3280268564058207,0.9999570776971669,0.05381836283114083,10,0.0013951055575805325,2,20,2 4 6 8 10 12 14 16 18 20,25000,0.0,0.9958880000000001,0.0,0.004112,0
10014,loschmidt,dir0.75,n_ge_8,0.5986540813944449,-0.2718819492767191,0.9999456090589396,0.033971371385788984,7,0.0019745404870534274,8,20,8 10 12 14 16 18 20,25000,0.0,0.9957657142857144,0.0,0.004234285714285714,0
10014,loschmidt,dir0.75,extended_2_24,0.602336502876104,-0.32854742553681676,0.9999749768085302,0.05381263282929538,12,0.0009528311933322156,2,24,2 4 6 8 10 12 14 16 18 20 22 24,25000,0.0,0.99588,0.0,0.00412,0
10014,loschmidt,dir0.9,primary_2_20,0.6038759876964974,-0.027692831672036285,0.9999183805650709,0.06611579141412194,10,0.0019289336232669056,2,20,2 4 6 8 10 12 14 16 18 20,25000,0.0,0.9920639999999998,0.0,0.007936,0
10014,loschmidt,dir0.9,n_ge_8,0.5988974348018443,0.047971059762761524,0.9999503732789963,0.03037359690246877,7,0.0018868440982736836,8,20,8 10 12 14 16 18 20,25000,0.0,0.9919542857142858,0.0,0.008045714285714286,0
10014,loschmidt,dir0.9,extended_2_24,0.6032004179735916,-0.022128935512076953,0.999951072759519,0.07032854812826961,12,0.0013342819761419727,2,24,2 4 6 8 10 12 14 16 18 20 22 24,25000,0.0,0.9920566666666666,0.0,0.007943333333333333,0
10014,loschmidt,nz0.9,primary_2_20,0.5986166754648055,-0.23475925167736156,0.9999579795735306,0.039818075999205504,10,0.001371965434658073,2,20,2 4 6 8 10 12 14 16 18 20,25000,0.0,1.0,0.0,0.0,0
10014,loschmidt,nz0.9,n_ge_8,0.5991307392415134,-0.2405688186869485,0.9999533030321074,0.02885142441644284,7,0.001831011540006674,8,20,8 10 12 14 16 18 20,25000,0.0,1.0,0.0,0.0,0
10014,loschmidt,nz0.9,extended_2_24,0.5999683597847264,-0.24591360066128476,0.9999689179474687,0.045976881091831956,12,0.0010577668258630903,2,24,2 4 6 8 10 12 14 16 18 20 22 24,25000,0.0,1.0,0.0,0.0,0
10014,swap,snr1,primary_2_20,1.1999586567336724,-0.8686225366647534,0.9999724175416315,0.07186459208662832,10,0.0022281466164641686,2,20,2 4 6 8 10 12 14 16 18 20,25000,1.0,0.0,0.0,0.0,0
10014,swap,snr1,n_ge_8,1.1974139762987435,-0.8266843367736122,0.9999529794451331,0.05537319654477635,7,0.0036720907558921234,8,20,8 10 12 14 16 18 20,25000,1.0,0.0,0.0,0.0,0
10014,swap,snr1,extended_2_24,1.2018632158069238,-0.8844856476767091,0.9999806120299559,0.06868211236606925,12,0.0016734988701155612,2,24,2 4 6 8 10 12 14 16 18 20 22 24,25000,1.0,0.0,0.0,0.0,0
10014,swap,snr2,primary_2_20,1.2002154910442868,-0.27032973334415056,0.9999728135781553,0.07306343698682305,10,0.0022125656394046994,2,20,2 4 6 8 10 12 14 16 18 20,25000,1.0,0.0,0.0,0.0,0
10014,swap,snr2,n_ge_8,1.1974139763303322,-0.22462434597217165,0.9999529794450638,0.055373196754391785,7,0.003672090758694333,8,20,8 10 12 14 16 18 20,25000,1.0,0.0,0.0,0.0,0
10014,swap,snr2,extended_2_24,1.2020443268809005,-0.28556510913594235,0.9999811080963521,0.07001045441248088,12,0.001652199347991957,2,24,2 4 6 8 10 12 14 16 18 20 22 24,25000,1.0,0.0,0.0,0.0,0
10014,swap,dir0.75,primary_2_20,1.1947815325464568,-1.1343762729176403,0.9999211528720645,0.12502444953633263,10,0.0037510561831429513,2,20,2 4 6 8 10 12 14 16 18 20,25000,0.0,0.184444,0.815556,0.0,0
10014,swap,dir0.75,n_ge_8,1.1974107761761708,-1.1686801064440304,0.9999529840615062,0.05535505626343351,7,0.003671900670868579,8,20,8 10 12 14 16 18 20,25000,0.0,0.01806857142857143,0.9819314285714286,0.0,0
10014,swap,dir0.75,extended_2_24,1.198199938252019,-1.1627896732720744,0.9999435125796148,0.14660103847964234,12,0.00284785209652651,2,24,2 4 6 8 10 12 14 16 18 20 22 24,25000,0.0,0.15370333333333333,0.8462966666666666,0.0,0
10014,swap,dir0.9,primary_2_20,1.198414134499333,-0.6303953903470806,0.9999657166218067,0.07888090463687192,10,0.0024809109649305693,2,20,2 4 6 8 10 12 14 16 18 20,25000,0.0,0.1611,0.8389,0.0,0
10014,swap,dir0.9,n_ge_8,1.1974130898329958,-0.611197339762835,0.9999529807259627,0.05536817147520168,7,0.0036720380212499847,8,20,8 10 12 14 16 18 20,25000,0.0,0.011457142857142857,0.9885428571428571,0.0,0
10014,swap,dir0.9,extended_2_24,1.200770563792404,-0.6500046415394533,0.9999749303566668,0.07341022920292417,12,0.001901251432996935,2,24,2 4 6 8 10 12 14 16 18 20 22 24,25000,0.0,0.13425,0.8657499999999999,0.0,0
10014,swap,nz0.9,primary_2_20,0.005566908617888862,1.4235019852575364,0.2727272727272725,0.13360580682933287,10,0.0032140561890921797,2,20,2 4 6 8 10 12 14 16 18 20,25000,0.0,1.0,0.0,0.0,0
10014,swap,nz0.9,n_ge_8,1.7291972242466875e-17,1.5051499783199058,,2.220446049250313e-16,7,8.05133449566323e-18,8,20,8 10 12 14 16 18 20,25000,0.0,1.0,0.0,0.0,0
10014,swap,nz0.9,extended_2_24,0.003925384281844697,1.4371099841012647,0.23076923076923017,0.1439307570009729,12,0.0022663216717957674,2,24,2 4 6 8 10 12 14 16 18 20 22 24,25000,0.0,1.0,0.0,0.0,0
10015,loschmidt,snr1,primary_2_20,0.6049044568249293,-0.360579633481906,0.999923046529714,0.071078029784309,10,0.0018761718107593065,2,20,2 4 6 8 10 12 14 16 18 20,25000,1.0,0.0,0.0,0.0,0
10015,loschmidt,snr1,n_ge_8,0.6007446617293938,-0.29812414133589554,0.9999695887144526,0.02307003337343616,7,0.001481592979673946,8,20,8 10 12 14 16 18 20,25000,1.0,0.0,0.0,0.0,0
10015,loschmidt,snr1,extended_2_24,0.6035594607875812,-0.3498246035347767,0.999943818450475,0.07914306765674195,12,0.0014306358985204184,2,24,2 4 6 8 10 12 14 16 18 20 22 24,25000,1.0,0.0,0.0,0.0,0
10015,loschmidt,snr2,primary_2_20,0.6059660523170307,0.2258725773942469,0.9998721852078242,0.09538200120610218,10,0.0024222647917135584,2,20,2 4 6 8 10 12 14 16 18 20,25000,1.0,0.0,0.0,0.0,0
10015,loschmidt,snr2,n_ge_8,0.600745023089549,0.3039298245398115,0.999969588886602,0.023070997795954895,7,0.001481589677314099,8,20,8 10 12 14 16 18 20,25000,1.0,0.0,0.0,0.0,0
10015,loschmidt,snr2,extended_2_24,0.6043093403560553,0.23921176170410938,0.9999109410685455,0.10540776159401388,12,0.0018035051494241932,2,24,2 4 6 8 10 12 14 16 18 20 22 24,25000,1.0,0.0,0.0,0.0,0
10015,loschmidt,dir0.75,primary_2_20,0.6025843898193504,-0.33343154824698856,0.9999761533502598,0.02683839034480151,10,0.0010403794090006863,2,20,2 4 6 8 10 12 14 16 18 20,25000,0.0,0.995732,0.0,0.004268,0
10015,loschmidt,dir0.75,n_ge_8,0.6003125529075113,-0.2986473206257899,0.999965193728064,0.023859879489350533,7,0.0015839035614705745,8,20,8 10 12 14 16 18 20,25000,0.0,0.9956000000000002,0.0,0.004399999999999999,0
10015,loschmidt,dir0.75,extended_2_24,0.6020524343664243,-0.32949908893527013,0.9999774755234766,0.036965643847862495,12,0.0009035798994400973,2,24,2 4 6 8 10 12 14 16 18 20 22 24,25000,0.0,0.9957499999999998,0.0,0.00425,0
10015,loschmidt,dir0.9,primary_2_20,0.6042568069996838,-0.03378776655716996,0.9999377690596,0.060782495135360826,10,0.0016853622172263443,2,20,2 4 6 8 10 12 14 16 18 20,25000,0.0,0.9919999999999998,0.0,0.007999999999999998,0
10015,loschmidt,dir0.9,n_ge_8,0.6004047854682353,0.02427419454985601,0.9999640536994125,0.024199990088025203,7,0.0016098820182383125,8,20,8 10 12 14 16 18 20,25000,0.0,0.9919371428571429,0.0,0.008062857142857142,0
10015,loschmidt,dir0.9,extended_2_24,0.6030783837864075,-0.024506197375294938,0.9999511332298797,0.06770721789068346,12,0.0013331873719190895,2,24,2 4 6 8 10 12 14 16 18 20 22 24,25000,0.0,0.9919833333333332,0.0,0.008016666666666667,0
10015,loschmidt,nz0.9,primary_2_20,0.5993498004491367,-0.24476997121353508,0.9999619077600975,0.04607037031526173,10,0.0013078619315072964,2,20,2 4 6 8 10 12 14 16 18 20,25000,0.0,1.0,0.0,0.0,0
10015,loschmidt,nz0.9,n_ge_8,0.6010597212568597,-0.2690701489326102,0.9999839205481136,0.018417584808419818,7,0.0010778832802269382,8,20,8 10 12 14 16 18 20,25000,0.0,1.0,0.0,0.0,0
10015,loschmidt,nz0.9,extended_2_24,0.5999259070818697,-0.2498956868298371,0.999972244501377,0.05004387266609778,12,0.0009994893268654248,2,24,2 4 6 8 10 12 14 16 18 20 22 24,25000,0.0,1.0,0.0,0.0,0
10015,swap,snr1,primary_2_20,1.2003999088563928,-0.879367078587494,0.999985057498699,0.04903017382587116,10,0.0016405741196174448,2,20,2 4 6 8 10 12 14 16 18 20,25000,1.0,0.0,0.0,0.0,0
10015,swap,snr1,n_ge_8,1.1999896872969715,-0.8709200371447751,0.9999748054207341,0.04280277671775856,7,0.0026937143367091938,8,20,8 10 12 14 16 18 20,25000,1.0,0.0,0.0,0.0,0
10015,swap,snr1,extended_2_24,1.20093784514639,-0.884583120366868,0.9999859519966806,0.0501903302668083,12,0.001423412849708884,2,24,2 4 6 8 10 12 14 16 18 20 22 24,25000,1.0,0.0,0.0,0.0,0
10015,swap,snr2,primary_2_20,1.2004850873730772,-0.2785566597276113,0.9999853430501048,0.0482917590811045,10,0.0016249378705661586,2,20,2 4 6 8 10 12 14 16 18 20,25000,1.0,0.0,0.0,0.0,0
10015,swap,snr2,n_ge_8,1.1999896873239106,-0.2688600462658376,0.9999748054207581,0.042802776539012655,7,0.0026937143354855424,8,20,8 10 12 14 16 18 20,25000,1.0,0.0,0.0,0.0,0
10015,swap,snr2,extended_2_24,1.2009979169754057,-0.28356457013656605,0.999986147522278,0.04979004746808968,12,0.0014135428962650364,2,24,2 4 6 8 10 12 14 16 18 20 22 24,25000,1.0,0.0,0.0,0.0,0
10015,swap,dir0.75,primary_2_20,1.195221329166113,-1.14509813872913,0.9999264985192404,0.13486672210851003,10,0.0036229917629949774,2,20,2 4 6 8 10 12 14 16 18 20,25000,0.0,0.184328,0.815672,0.0,0
10015,swap,dir0.75,n_ge_8,1.199986434484931,-1.212914907029661,0.9999748045595063,0.04282080403543276,7,0.0026937530752039348,8,20,8 10 12 14 16 18 20,25000,0.0,0.017960000000000004,0.9820399999999999,0.0,0
10015,swap,dir0.75,extended_2_24,1.1972734948160269,-1.162867645233321,0.9999481728933062,0.1485318973128733,12,0.002725731699313642,2,24,2 4 6 8 10 12 14 16 18 20 22 24,25000,0.0,0.15360666666666667,0.8463933333333333,0.0,0
10015,swap,dir0.9,primary_2_20,1.1986741359366582,-0.6384812045167298,0.9999745329028978,0.06381667244094213,10,0.002138707504578933,2,20,2 4 6 8 10 12 14 16 18 20,25000,0.0,0.16050400000000004,0.8394959999999999,0.0,0
10015,swap,dir0.9,n_ge_8,1.1999887862299177,-0.6554327907879643,0.9999748051841891,0.042807770537582,7,0.002693724959565197,8,20,8 10 12 14 16 18 20,25000,0.0,0.011154285714285712,0.9888457142857143,0.0,0
10015,swap,dir0.9,extended_2_24,1.1997173747219836,-0.6478863330563012,0.9999790095890072,0.06799551915420277,12,0.0017381769147938172,2,24,2 4 6 8 10 12 14 16 18 20 22 24,25000,0.0,0.13375333333333336,0.8662466666666666,0.0,0
10015,swap,nz0.9,primary_2_20,0.005566908617888862,1.4235019852575364,0.2727272727272725,0.13360580682933287,10,0.0032140561890921797,2,20,2 4 6 8 10 12 14 16 18 20,25000,0.0,1.0,0.0,0.0,0
10015,swap,nz0.9,n_ge_8,1.7291972242466875e-17,1.5051499783199058,,2.220446049250313e-16,7,8.05133449566323e-18,8,20,8 10 12 14 16 18 20,25000,0.0,1.0,0.0,0.0,0
10015,swap,nz0.9,extended_2_24,0.003925384281844697,1.4371099841012647,0.23076923076923017,0.1439307570009729,12,0.0022663216717957674,2,24,2 4 6 8 10 12 14 16 18 20 22 24,25000,0.0,1.0,0.0,0.0,0
10016,loschmidt,snr1,primary_2_20,0.6060706783529716,-0.3685780333262699,0.9999340802995323,0.06541207299602958,10,0.0017398035284818664,2,20,2 4 6 8 10 12 14 16 18 20,25000,1.0,0.0,0.0,0.0,0
10016,loschmidt,snr1,n_ge_8,0.6044606464205508,-0.3466513645514601,0.9999821415181533,0.01869360263941644,7,0.0011423762758383392,8,20,8 10 12 14 16 18 20,25000,1.0,0.0,0.0,0.0,0
10016,loschmidt,snr1,extended_2_24,0.6060098359188187,-0.36831688897823384,0.9999599199589154,0.06555153247576007,12,0.0012132560218434485,2,24,2 4 6 8 10 12 14 16 18 20 22 24,25000,1.0,0.0,0.0,0.0,0
10016,loschmidt,snr2,primary_2_20,0.6071037503161781,0.21832258548206673,0.9998861302764208,0.09010740529221684,10,0.002290586956211433,2,20,2 4 6 8 10 12 14 16 18 20,25000,1.0,0.0,0.0,0.0,0
10016,loschmidt,snr2,n_ge_8,0.604461127609661,0.2554005787879303,0.9999821455297107,0.018692989224003753,7,0.0011422488694436583,8,20,8 10 12 14 16 18 20,25000,1.0,0.0,0.0,0.0,0
10016,loschmidt,snr2,extended_2_24,0.6067385515942469,0.22110681446553096,0.9999317940254443,0.09216123683181876,12,0.0015846290418305236,2,24,2 4 6 8 10 12 14 16 18 20 22 24,25000,1.0,0.0,0.0,0.0,0
10016,loschmidt,dir0.75,primary_2_20,0.6035976148934071,-0.34050340578496435,0.9999776830956473,0.027192419913898647,10,0.0010081481178657017,2,20,2 4 6 8 10 12 14 16 18 20,25000,0.0,0.9957320000000001,0.0,0.004267999999999999,0
10016,loschmidt,dir0.75,n_ge_8,0.6035285647348156,-0.3407519380945034,0.9999616969617412,0.026115285701261648,7,0.0016704664492658004,8,20,8 10 12 14 16 18 20,25000,0.0,0.9957542857142857,0.0,0.004245714285714285,0
10016,loschmidt,dir0.75,extended_2_24,0.6044099973758282,-0.3475328608582876,0.9999813821287428,0.02991155462962869,12,0.0008247089231328187,2,24,2 4 6 8 10 12 14 16 18 20 22 24,25000,0.0,0.9957300000000001,0.0,0.0042699999999999995,0
10016,loschmidt,dir0.9,primary_2_20,0.6053801441734689,-0.042605387244265026,0.9999492689747242,0.054211548795835895,10,0.001524512589345916,2,20,2 4 6 8 10 12 14 16 18 20,25000,0.0,0.991976,0.0,0.008024,0
10016,loschmidt,dir0.9,n_ge_8,0.604032005145443,-0.024227958451894318,0.999972229699368,0.023114565431900047,7,0.0014235452268954233,8,20,8 10 12 14 16 18 20,25000,0.0,0.9920399999999999,0.0,0.00796,0
10016,loschmidt,dir0.9,extended_2_24,0.6055621941957703,-0.04437155411757959,0.9999682841222447,0.052809481967124317,12,0.0010784599177968881,2,24,2 4 6 8 10 12 14 16 18 20 22 24,25000,0.0,0.9919766666666666,0.0,0.008023333333333334,0
10016,loschmidt,nz0.9,primary_2_20,0.5999643381384872,-0.24688293666724762,0.9999557197542112,0.046954260390273284,10,0.001411546112199882,2,20,2 4 6 8 10 12 14 16 18 20,25000,0.0,1.0,0.0,0.0,0
10016,loschmidt,nz0.9,n_ge_8,0.6037882403931593,-0.3051791873386,0.9999733729442083,0.0245912481860584,7,0.0013933717601378609,8,20,8 10 12 14 16 18 20,25000,0.0,1.0,0.0,0.0,0
10016,loschmidt,nz0.9,extended_2_24,0.6013596418340269,-0.2587958571939427,0.9999624275958531,0.056076573525888906,12,0.0011656735176304733,2,24,2 4 6 8 10 12 14 16 18 20 22 24,25000,0.0,1.0,0.0,0.0,0
10016,swap,snr1,primary_2_20,1.201776302703195,-0.8825517438823032,0.9999826842284425,0.05711606596965879,10,0.00176808576054899,2,20,2 4 6 8 10 12 14 16 18 20,25000,1.0,0.0,0.0,0.0,0
10016,swap,snr1,n_ge_8,1.206312692030751,-0.9529459405233474,0.9999767539020844,0.04115854125928564,7,0.002601087573684181,8,20,8 10 12 14 16 18 20,25000,1.0,0.0,0.0,0.0,0
10016,swap,snr1,extended_2_24,1.2047528988311222,-0.9080735463484909,0.9999746959654001,0.09399683935242109,12,0.0019164538305959386,2,24,2 4 6 8 10 12 14 16 18 20 22 24,25000,1.0,0.0,0.0,0.0,0
10016,swap,snr2,primary_2_20,1.2018592634085106,-0.28170895273178903,0.9999831215986499,0.05689439425600362,10,0.0017457334827744207,2,20,2 4 6 8 10 12 14 16 18 20,25000,1.0,0.0,0.0,0.0,0
10016,swap,snr2,n_ge_8,1.2063126920362546,-0.3508859492872574,0.9999767539021265,0.04115854123346452,7,0.0026010875713397223,8,20,8 10 12 14 16 18 20,25000,1.0,0.0,0.0,0.0,0
10016,swap,snr2,extended_2_24,1.2048114122596776,-0.3070280899408972,0.9999750908771434,0.09360705198745833,12,0.0019015322654092684,2,24,2 4 6 8 10 12 14 16 18 20 22 24,25000,1.0,0.0,0.0,0.0,0
10016,swap,dir0.75,primary_2_20,1.1964439470186357,-1.1460256622004759,0.9999119612759315,0.15107777683524226,10,0.003969203370543161,2,20,2 4 6 8 10 12 14 16 18 20,25000,0.0,0.183676,0.816324,0.0,0
10016,swap,dir0.75,n_ge_8,1.2063094373298187,-1.2949407788645613,0.9999767300961983,0.041173692598185596,7,0.0026024121044963323,8,20,8 10 12 14 16 18 20,25000,0.0,0.018400000000000003,0.9816,0.0,0
10016,swap,dir0.75,extended_2_24,1.2009800551513883,-1.1844763194344738,0.9999226156915866,0.180456217803735,12,0.0033410198223943156,2,24,2 4 6 8 10 12 14 16 18 20 22 24,25000,0.0,0.15306333333333333,0.8469366666666667,0.0,0
10016,swap,dir0.9,primary_2_20,1.2000296055717168,-0.6413585876737171,0.9999689608284379,0.07380828923651994,10,0.002363789329801306,2,20,2 4 6 8 10 12 14 16 18 20,25000,0.0,0.160008,0.839992,0.0,0
10016,swap,dir0.9,n_ge_8,1.206311790429605,-0.7374586852478634,0.9999767473095229,0.041162738408916155,7,0.0026014544442103213,8,20,8 10 12 14 16 18 20,25000,0.0,0.01144,0.98856,0.0,0
10016,swap,dir0.9,extended_2_24,1.2035176603891489,-0.6711205116356855,0.9999635472867525,0.10216169823823051,12,0.0022978692468086617,2,24,2 4 6 8 10 12 14 16 18 20 22 24,25000,0.0,0.13334000000000001,0.86666,0.0,0
10016,swap,nz0.9,primary_2_20,0.005566908617888862,1.4235019852575364,0.2727272727272725,0.13360580682933287,10,0.0032140561890921797,2,20,2 4 6 8 10 12 14 16 18 20,25000,0.0,1.0,0.0,0.0,0
10016,swap,nz0.9,n_ge_8,1.7291972242466875e-17,1.5051499783199058,,2.220446049250313e-16,7,8.05133449566323e-18,8,20,8 10 12 14 16 18 20,25000,0.0,1.0,0.0,0.0,0
10016,swap,nz0.9,extended_2_24,0.003925384281844697,1.4371099841012647,0.23076923076923017,0.1439307570009729,12,0.0022663216717957674,2,24,2 4 6 8 10 12 14 16 18 20 22 24,25000,0.0,1.0,0.0,0.0,0
10017,loschmidt,snr1,primary_2_20,0.604932373957906,-0.35566041423989636,0.9999005272464951,0.076053083292272,10,0.002133219302895417,2,20,2 4 6 8 10 12 14 16 18 20,25000,1.0,0.0,0.0,0.0,0
10017,loschmidt,snr1,n_ge_8,0.6012465907806669,-0.3008237656561653,0.999925303878138,0.03280292411471031,7,0.002323982602046483,8,20,8 10 12 14 16 18 20,25000,1.0,0.0,0.0,0.0,0
10017,loschmidt,snr1,extended_2_24,0.6044064116015112,-0.3508649978180618,0.999934620094096,0.07979657500131698,12,0.0015454871763335505,2,24,2 4 6 8 10 12 14 16 18 20 22 24,25000,1.0,0.0,0.0,0.0,0
10017,loschmidt,snr2,primary_2_20,0.6060013295312077,0.23067789279969275,0.9998471309264,0.10025787103990202,10,0.0026492417952045755,2,20,2 4 6 8 10 12 14 16 18 20,25000,1.0,0.0,0.0,0.0,0
10017,loschmidt,snr2,n_ge_8,0.601246864725587,0.3012316426946534,0.999925306885579,0.03280312390070783,7,0.0023239368724367153,8,20,8 10 12 14 16 18 20,25000,1.0,0.0,0.0,0.0,0
10017,loschmidt,snr2,extended_2_24,0.6051616892218442,0.2380737402938593,0.9999019226212853,0.10597443791534156,12,0.001895296452799701,2,24,2 4 6 8 10 12 14 16 18 20 22 24,25000,1.0,0.0,0.0,0.0,0
10017,loschmidt,dir0.75,primary_2_20,0.6028387502025833,-0.3307530599443155,0.9999560311054162,0.039729512064324624,10,0.0014133134397038968,2,20,2 4 6 8 10 12 14 16 18 20,25000,0.0,0.995932,0.0,0.0040680000000000004,0
10017,loschmidt,dir0.75,n_ge_8,0.6006636892558479,-0.2976246939607233,0.9999100221586293,0.031043550470302606,7,0.0025482011144206717,8,20,8 10 12 14 16 18 20,25000,0.0,0.9959714285714286,0.0,0.004028571428571429,0
10017,loschmidt,dir0.75,extended_2_24,0.6026519328751891,-0.32870041171840386,0.9999654979444902,0.03804581374235383,12,0.001119428941142705,2,24,2 4 6 8 10 12 14 16 18 20 22 24,25000,0.0,0.9958866666666667,0.0,0.004113333333333333,0
10017,loschmidt,dir0.9,primary_2_20,0.6045129379743401,-0.031119303801220403,0.9999195927822896,0.06396321984062325,10,0.0019165739677810612,2,20,2 4 6 8 10 12 14 16 18 20,25000,0.0,0.99206,0.0,0.00794,0
10017,loschmidt,dir0.9,n_ge_8,0.6015326688662967,0.01317560409577413,0.999918404991163,0.03484490273885399,7,0.002430097687549885,8,20,8 10 12 14 16 18 20,25000,0.0,0.9921314285714286,0.0,0.007868571428571428,0
10017,loschmidt,dir0.9,extended_2_24,0.6039541893038195,-0.02605513912255437,0.9999455659741199,0.06790988717824797,12,0.001409129952325106,2,24,2 4 6 8 10 12 14 16 18 20 22 24,25000,0.0,0.9920399999999999,0.0,0.00796,0
10017,loschmidt,nz0.9,primary_2_20,0.599332465042121,-0.2367353372167405,0.9999654605438875,0.03807040713249843,10,0.0012453403434658707,2,20,2 4 6 8 10 12 14 16 18 20,25000,0.0,1.0,0.0,0.0,0
10017,loschmidt,nz0.9,n_ge_8,0.6009177414402089,-0.2595682478440608,0.9999621734934753,0.022601668215241233,7,0.0016528610862345664,8,20,8 10 12 14 16 18 20,25000,0.0,1.0,0.0,0.0,0
10017,loschmidt,nz0.9,extended_2_24,0.6000473243874899,-0.24215425565052215,0.9999695512135606,0.042059606875542443,12,0.0010470733584468145,2,24,2 4 6 8 10 12 14 16 18 20 22 24,25000,0.0,1.0,0.0,0.0,0
10017,swap,snr1,primary_2_20,1.201358662784072,-0.8752113922828786,0.9999850607012463,0.03954147451293011,10,0.0016417084784212139,2,20,2 4 6 8 10 12 14 16 18 20,25000,1.0,0.0,0.0,0.0,0
10017,swap,snr1,n_ge_8,1.202375446531977,-0.890189103869443,0.9999662967353427,0.03865735331074305,7,0.0031217520164558035,8,20,8 10 12 14 16 18 20,25000,1.0,0.0,0.0,0.0,0
10017,swap,snr1,extended_2_24,1.2020148116654124,-0.8795513050160294,0.9999805814430933,0.0787875570824319,12,0.0016750297003248617,2,24,2 4 6 8 10 12 14 16 18 20 22 24,25000,1.0,0.0,0.0,0.0,0
10017,swap,snr2,primary_2_20,1.2014467113118321,-0.27444344910799934,0.9999851058756443,0.03942474622185088,10,0.0016393445511360095,2,20,2 4 6 8 10 12 14 16 18 20,25000,1.0,0.0,0.0,0.0,0
10017,swap,snr2,n_ge_8,1.2023754465532273,-0.2881291128956758,0.9999662967353917,0.03865735338155574,7,0.003121752014236868,8,20,8 10 12 14 16 18 20,25000,1.0,0.0,0.0,0.0,0
10017,swap,snr2,extended_2_24,1.2020769205834463,-0.27856832491227806,0.999980631189886,0.07849817210989585,12,0.0016729691618687567,2,24,2 4 6 8 10 12 14 16 18 20 22 24,25000,1.0,0.0,0.0,0.0,0
10017,swap,dir0.75,primary_2_20,1.1958467816657619,-1.136065590721919,0.999932837314925,0.12458326910200124,10,0.0034650472046260047,2,20,2 4 6 8 10 12 14 16 18 20,25000,0.0,0.18403200000000003,0.815968,0.0,0
10017,swap,dir0.75,n_ge_8,1.202372217115344,-1.2321843662962209,0.9999662910648098,0.03864679384116698,7,0.0031220062444241047,8,20,8 10 12 14 16 18 20,25000,0.0,0.018479999999999996,0.98152,0.0,0
10017,swap,dir0.75,extended_2_24,1.198115845266631,-1.1537770326644914,0.9999465753540471,0.1377565838428354,12,0.002769371634015463,2,24,2 4 6 8 10 12 14 16 18 20 22 24,25000,0.0,0.15336000000000002,0.84664,0.0,0
10017,swap,dir0.9,primary_2_20,1.199657251453811,-0.6346864959689664,0.9999790375645918,0.04406241754050022,10,0.0019419480633518125,2,20,2 4 6 8 10 12 14 16 18 20,25000,0.0,0.16055999999999998,0.8394400000000001,0.0,0
10017,swap,dir0.9,n_ge_8,1.2023745519404567,-0.6747019661634938,0.9999662951665258,0.03865442819400755,7,0.0031218223508892194,8,20,8 10 12 14 16 18 20,25000,0.0,0.01149142857142857,0.9885085714285715,0.0,0
10017,swap,dir0.9,extended_2_24,1.2008116477619488,-0.6431570027049147,0.9999764122217991,0.08433503163881895,12,0.0018442658800994396,2,24,2 4 6 8 10 12 14 16 18 20 22 24,25000,0.0,0.1338,0.8662000000000001,0.0,0
10017,swap,nz0.9,primary_2_20,0.005566908617888862,1.4235019852575364,0.2727272727272725,0.13360580682933287,10,0.0032140561890921797,2,20,2 4 6 8 10 12 14 16 18 20,25000,0.0,1.0,0.0,0.0,0
10017,swap,nz0.9,n_ge_8,1.7291972242466875e-17,1.5051499783199058,,2.220446049250313e-16,7,8.05133449566323e-18,8,20,8 10 12 14 16 18 20,25000,0.0,1.0,0.0,0.0,0
10017,swap,nz0.9,extended_2_24,0.003925384281844697,1.4371099841012647,0.23076923076923017,0.1439307570009729,12,0.0022663216717957674,2,24,2 4 6 8 10 12 14 16 18 20 22 24,25000,0.0,1.0,0.0,0.0,0
10018,loschmidt,snr1,primary_2_20,0.60365612000963,-0.35503838628960915,0.9998996186418583,0.07412260334600718,10,0.00213841970046632,2,20,2 4 6 8 10 12 14 16 18 20,25000,1.0,0.0,0.0,0.0,0
10018,loschmidt,snr1,n_ge_8,0.5990363351303162,-0.286109165316828,0.999932608668468,0.0376303260427413,7,0.0021993017336946977,8,20,8 10 12 14 16 18 20,25000,1.0,0.0,0.0,0.0,0
10018,loschmidt,snr1,extended_2_24,0.6030901924025426,-0.3500845826234538,0.9999381936891379,0.07794455179798776,12,0.0014993813284973922,2,24,2 4 6 8 10 12 14 16 18 20 22 24,25000,1.0,0.0,0.0,0.0,0
10018,loschmidt,snr2,primary_2_20,0.6047472541497595,0.2309521170745652,0.9998467553159625,0.09802394455187802,10,0.0026470058424002624,2,20,2 4 6 8 10 12 14 16 18 20,25000,1.0,0.0,0.0,0.0,0
10018,loschmidt,snr2,n_ge_8,0.5990367269602744,0.3159442638960654,0.9999326066951273,0.03762925189581523,7,0.002199335373991029,8,20,8 10 12 14 16 18 20,25000,1.0,0.0,0.0,0.0,0
10018,loschmidt,snr2,extended_2_24,0.6038618960995528,0.23855408362473882,0.9999057110917997,0.1038551950016382,12,0.0018543358957322387,2,24,2 4 6 8 10 12 14 16 18 20 22 24,25000,1.0,0.0,0.0,0.0,0
10018,loschmidt,dir0.75,primary_2_20,0.6015199405562371,-0.33171376404446834,0.9999596470266671,0.04532769484068844,10,0.001350988239076981,2,20,2 4 6 8 10 12 14 16 18 20,25000,0.0,0.9957840000000001,0.0,0.004216,0
10018,loschmidt,dir0.75,n_ge_8,0.5989175117689791,-0.2923021949862323,0.9999258818774946,0.03335289957086651,7,0.00230600534400295,8,20,8 10 12 14 16 18 20,25000,0.0,0.9958628571428572,0.0,0.0041371428571428575,0
10018,loschmidt,dir0.75,extended_2_24,0.6015023352243265,-0.3313767181108131,0.9999754314088896,0.0451667022261395,12,0.0009428286673480462,2,24,2 4 6 8 10 12 14 16 18 20 22 24,25000,0.0,0.9957766666666669,0.0,0.004223333333333333,0
10018,loschmidt,dir0.9,primary_2_20,0.6030817384056045,-0.030899755393577557,0.9999236239909746,0.06132036911079486,10,0.0018634864982254942,2,20,2 4 6 8 10 12 14 16 18 20,25000,0.0,0.9917440000000001,0.0,0.008256,0
10018,loschmidt,dir0.9,n_ge_8,0.5991072709784444,0.028524648079854078,0.9999336305680376,0.037881208970169666,7,0.0021828206363793882,8,20,8 10 12 14 16 18 20,25000,0.0,0.9918857142857143,0.0,0.008114285714285715,0
10018,loschmidt,dir0.9,extended_2_24,0.602735575235707,-0.027759299029237426,0.9999527596514773,0.06376849913533977,12,0.0013100673720578635,2,24,2 4 6 8 10 12 14 16 18 20 22 24,25000,0.0,0.9917466666666667,0.0,0.008253333333333333,0
10018,loschmidt,nz0.9,primary_2_20,0.5979734466250813,-0.23697277356915145,0.9999583759059992,0.041025880318988794,10,0.0013640124720946912,2,20,2 4 6 8 10 12 14 16 18 20,25000,0.0,1.0,0.0,0.0,0
10018,loschmidt,nz0.9,n_ge_8,0.5986483443480412,-0.24583415334822978,0.9999476459641402,0.029454204615293023,7,0.0019371945362132792,8,20,8 10 12 14 16 18 20,25000,0.0,1.0,0.0,0.0,0
10018,loschmidt,nz0.9,extended_2_24,0.598817886630357,-0.24390504374202232,0.9999732402603707,0.046269270481308356,12,0.0009795836251913072,2,24,2 4 6 8 10 12 14 16 18 20 22 24,25000,0.0,1.0,0.0,0.0,0
10018,swap,snr1,primary_2_20,1.1988138136356552,-0.8755806566916111,0.999974233994524,0.07890583586159572,10,0.0021514729370115007,2,20,2 4 6 8 10 12 14 16 18 20,25000,1.0,0.0,0.0,0.0,0
10018,swap,snr1,n_ge_8,1.197916439308881,-0.8605831197301042,0.999933096936497,0.07288204216783001,7,0.004382067402429004,8,20,8 10 12 14 16 18 20,25000,1.0,0.0,0.0,0.0,0
10018,swap,snr1,extended_2_24,1.1995681227246446,-0.8816147243548087,0.9999842395930112,0.07739681263489828,12,0.001505955201391377,2,24,2 4 6 8 10 12 14 16 18 20 22 24,25000,1.0,0.0,0.0,0.0,0
10018,swap,snr2,primary_2_20,1.198899164022021,-0.2747729407674727,0.9999745111197474,0.07930460740141143,10,0.0021400236716087335,2,20,2 4 6 8 10 12 14 16 18 20,25000,1.0,0.0,0.0,0.0,0
10018,swap,snr2,n_ge_8,1.1979164393208122,-0.2585231286010152,0.9999330969364036,0.07288204224704131,7,0.004382067405529801,8,20,8 10 12 14 16 18 20,25000,1.0,0.0,0.0,0.0,0
10018,swap,snr2,extended_2_24,1.1996283221137647,-0.2805985093802437,0.9999844325313315,0.07783859509674507,12,0.001496783858798554,2,24,2 4 6 8 10 12 14 16 18 20 22 24,25000,1.0,0.0,0.0,0.0,0
10018,swap,dir0.75,primary_2_20,1.1936232641603504,-1.14112444775247,0.9999179506741367,0.1340891611433752,10,0.0038227650551462865,2,20,2 4 6 8 10 12 14 16 18 20,25000,0.0,0.18472400000000003,0.8152760000000001,0.0,0
10018,swap,dir0.75,n_ge_8,1.1979130391964057,-1.2025755541055312,0.9999331195807596,0.07286261101192437,7,0.004381313268789277,8,20,8 10 12 14 16 18 20,25000,0.0,0.018605714285714284,0.9813942857142858,0.0,0
10018,swap,dir0.75,extended_2_24,1.1958949226425892,-1.1597378679113413,0.9999476364089205,0.14815926433776871,12,0.002736649034606247,2,24,2 4 6 8 10 12 14 16 18 20 22 24,25000,0.0,0.1539366666666667,0.8460633333333334,0.0,0
10018,swap,dir0.9,primary_2_20,1.1970848084205592,-0.6346442210759473,0.9999643624160935,0.07073257201353478,10,0.0025266308299432176,2,20,2 4 6 8 10 12 14 16 18 20,25000,0.0,0.161632,0.838368,0.0,0
10018,swap,dir0.9,n_ge_8,1.1979154974241517,-0.645095198479618,0.9999331032116583,0.07287665938128107,7,0.0043818584309098145,8,20,8 10 12 14 16 18 20,25000,0.0,0.011697142857142859,0.9883028571428571,0.0,0
10018,swap,dir0.9,extended_2_24,1.1983452628187912,-0.6448743685388282,0.9999776303258832,0.06835817549409562,12,0.0017923245340577248,2,24,2 4 6 8 10 12 14 16 18 20 22 24,25000,0.0,0.13469333333333333,0.8653066666666667,0.0,0
10018,swap,nz0.9,primary_2_20,0.005566908617888862,1.4235019852575364,0.2727272727272725,0.13360580682933287,10,0.0032140561890921797,2,20,2 4 6 8 10 12 14 16 18 20,25000,0.0,1.0,0.0,0.0,0
10018,swap,nz0.9,n_ge_8,1.7291972242466875e-17,1.5051499783199058,,2.220446049250313e-16,7,8.05133449566323e-18,8,20,8 10 12 14 16 18 20,25000,0.0,1.0,0.0,0.0,0
10018,swap,nz0.9,extended_2_24,0.003925384281844697,1.4371099841012647,0.23076923076923017,0.1439307570009729,12,0.0022663216717957674,2,24,2 4 6 8 10 12 14 16 18 20 22 24,25000,0.0,1.0,0.0,0.0,0
10019,loschmidt,snr1,primary_2_20,0.6031318374119657,-0.3409909627154222,0.9998471584613683,0.08712146172486568,10,0.0026364597942247917,2,20,2 4 6 8 10 12 14 16 18 20,25000,1.0,0.0,0.0,0.0,0
10019,loschmidt,snr1,n_ge_8,0.595811178944755,-0.2306059436345387,0.999951035571675,0.027830626743281073,7,0.0018645525254943755,8,20,8 10 12 14 16 18 20,25000,1.0,0.0,0.0,0.0,0
10019,loschmidt,snr1,extended_2_24,0.6024211405842974,-0.33471989857513834,0.9999043468329744,0.0919711322098129,12,0.0018632479529707591,2,24,2 4 6 8 10 12 14 16 18 20 22 24,25000,1.0,0.0,0.0,0.0,0
10019,loschmidt,snr2,primary_2_20,0.6041648177821034,0.24591145068490655,0.9997854277237433,0.11181840542690713,10,0.003129275795653984,2,20,2 4 6 8 10 12 14 16 18 20,25000,1.0,0.0,0.0,0.0,0
10019,loschmidt,snr2,n_ge_8,0.5958114416859034,0.3714496578668726,0.9999510349973261,0.027830812660747384,7,0.0018645642837614405,8,20,8 10 12 14 16 18 20,25000,1.0,0.0,0.0,0.0,0
10019,loschmidt,snr2,extended_2_24,0.6031497758977024,0.2547055054651254,0.9998664246474437,0.11858237643832403,12,0.0022045367491336466,2,24,2 4 6 8 10 12 14 16 18 20 22 24,25000,1.0,0.0,0.0,0.0,0
10019,loschmidt,dir0.75,primary_2_20,0.6015221269491444,-0.31927569803784456,0.9999380048193944,0.048627942756246156,10,0.0016745535537536322,2,20,2 4 6 8 10 12 14 16 18 20,25000,0.0,0.9956799999999999,0.0,0.004320000000000001,0
10019,loschmidt,dir0.75,n_ge_8,0.5964899261325853,-0.24245534215494574,0.9999574082757069,0.02980639696831311,7,0.0017409647240830097,8,20,8 10 12 14 16 18 20,25000,0.0,0.9957828571428571,0.0,0.004217142857142858,0
10019,loschmidt,dir0.75,extended_2_24,0.6011150061817329,-0.3154548489529133,0.9999563559213618,0.04430637649294411,12,0.0012558266991036602,2,24,2 4 6 8 10 12 14 16 18 20 22 24,25000,0.0,0.9956533333333333,0.0,0.004346666666666667,0
10019,loschmidt,dir0.9,primary_2_20,0.6027833020505061,-0.016608126625805405,0.9998742531520174,0.07501512516837017,10,0.0023899679713350404,2,20,2 4 6 8 10 12 14 16 18 20,25000,0.0,0.9918479999999998,0.0,0.008152,0
10019,loschmidt,dir0.9,n_ge_8,0.5961736198786362,0.08314756045067107,0.9999479388026562,0.030965581255264496,7,0.0019237832280164862,8,20,8 10 12 14 16 18 20,25000,0.0,0.9917999999999999,0.0,0.0082,0
10019,loschmidt,dir0.9,extended_2_24,0.6019785548346348,-0.009520622685333284,0.9999183425417704,0.08049313467709962,12,0.0017202702592739876,2,24,2 4 6 8 10 12 14 16 18 20 22 24,25000,0.0,0.9917599999999999,0.0,0.008239999999999999,0
10019,loschmidt,nz0.9,primary_2_20,0.5983396846653677,-0.22887486222163544,0.9999578284284237,0.0406322354727493,10,0.0013737947908330527,2,20,2 4 6 8 10 12 14 16 18 20,25000,0.0,1.0,0.0,0.0,0
10019,loschmidt,nz0.9,n_ge_8,0.5974231827230674,-0.21336230434807246,0.99994887558802,0.03349859164594271,7,0.001910391309315972,8,20,8 10 12 14 16 18 20,25000,0.0,1.0,0.0,0.0,0
10019,loschmidt,nz0.9,extended_2_24,0.5990018154594733,-0.23393521574280499,0.999967898564974,0.03822040512800218,12,0.0010732411921952584,2,24,2 4 6 8 10 12 14 16 18 20 22 24,25000,0.0,1.0,0.0,0.0,0
10019,swap,snr1,primary_2_20,1.1982715813482294,-0.8461923396604129,0.9999751343982166,0.06687325195640881,10,0.0021125896742204813,2,20,2 4 6 8 10 12 14 16 18 20,25000,1.0,0.0,0.0,0.0,0
10019,swap,snr1,n_ge_8,1.1945182368954017,-0.7876073268085446,0.9999557015688755,0.0638742946066273,7,0.003555589169563178,8,20,8 10 12 14 16 18 20,25000,1.0,0.0,0.0,0.0,0
10019,swap,snr1,extended_2_24,1.1991160511943293,-0.8522475061845399,0.9999773491272165,0.0777074823542776,12,0.001804714906468163,2,24,2 4 6 8 10 12 14 16 18 20 22 24,25000,1.0,0.0,0.0,0.0,0
10019,swap,snr2,primary_2_20,1.1985212402746117,-0.2477943206256763,0.9999752559666782,0.06820445819083076,10,0.0021078580495066754,2,20,2 4 6 8 10 12 14 16 18 20,25000,1.0,0.0,0.0,0.0,0
10019,swap,snr2,n_ge_8,1.1945182369005287,-0.185547335566071,0.999955701568861,0.06387429461008409,7,0.0035555891701585804,8,20,8 10 12 14 16 18 20,25000,1.0,0.0,0.0,0.0,0
10019,swap,snr2,extended_2_24,1.1992921035155997,-0.25323929845228305,0.9999775118401574,0.07817674518398121,12,0.0017984849885031601,2,24,2 4 6 8 10 12 14 16 18 20 22 24,25000,1.0,0.0,0.0,0.0,0
10019,swap,dir0.75,primary_2_20,1.1934150084218078,-1.1166363569589965,0.9999385930447257,0.11001758182698684,10,0.003306500697910264,2,20,2 4 6 8 10 12 14 16 18 20,25000,0.0,0.184788,0.815212,0.0,0
10019,swap,dir0.75,n_ge_8,1.1945150763365466,-1.129603746740538,0.9999557104938903,0.06387199304982971,7,0.0035552215482205453,8,20,8 10 12 14 16 18 20,25000,0.0,0.01801714285714286,0.9819828571428572,0.0,0
10019,swap,dir0.75,extended_2_24,1.1956784139534127,-1.1344550368425619,0.9999525355105123,0.12330945064734244,12,0.0026050082492272346,2,24,2 4 6 8 10 12 14 16 18 20 22 24,25000,0.0,0.15399,0.84601,0.0,0
10019,swap,dir0.9,primary_2_20,1.1966981734045914,-0.607538479674304,0.9999708148489584,0.06573450075257714,10,0.002285740612675086,2,20,2 4 6 8 10 12 14 16 18 20,25000,0.0,0.16129200000000002,0.8387079999999999,0.0,0
10019,swap,dir0.9,n_ge_8,1.1945173613707303,-0.5721205096189698,0.999955704043201,0.06387365704211945,7,0.003555487257586567,8,20,8 10 12 14 16 18 20,25000,0.0,0.010937142857142857,0.9890628571428571,0.0,0
10019,swap,dir0.9,extended_2_24,1.1980029241773769,-0.6174095159605424,0.9999740508147351,0.07599556642656324,12,0.0019298580967726752,2,24,2 4 6 8 10 12 14 16 18 20 22 24,25000,0.0,0.13441,0.86559,0.0,0
10019,swap,nz0.9,primary_2_20,0.005566908617888862,1.4235019852575364,0.2727272727272725,0.13360580682933287,10,0.0032140561890921797,2,20,2 4 6 8 10 12 14 16 18 20,25000,0.0,1.0,0.0,0.0,0
10019,swap,nz0.9,n_ge_8,1.7291972242466875e-17,1.5051499783199058,,2.220446049250313e-16,7,8.05133449566323e-18,8,20,8 10 12 14 16 18 20,25000,0.0,1.0,0.0,0.0,0
10019,swap,nz0.9,extended_2_24,0.003925384281844697,1.4371099841012647,0.23076923076923017,0.1439307570009729,12,0.0022663216717957674,2,24,2 4 6 8 10 12 14 16 18 20 22 24,25000,0.0,1.0,0.0,0.0,0
