n,shots,scheme,metric,source,n_units,mean,sd,median,q25,q75,min,max,pct_lo,pct_hi,boot_lo,boot_hi,boot_se,stage7_value,stage7_inside_seed_pct
4,16,loschmidt,p_vector_zero,SEED (theta and shot noise both fresh per seed),20,0.24834499999999998,0.013012240189023645,0.25045,0.236425,0.257375,0.2223,0.2748,0.22738250000000002,0.2708575,0.242634875,0.25385499999999994,0.0028653269308352596,0.2374,True
4,16,loschmidt,median_cos,SEED (theta and shot noise both fresh per seed),20,0.8468388101740134,0.016909624185063466,0.8467699753441515,0.8394222718703235,0.8536129675302909,0.8126309207652782,0.8768430354434671,0.8149279311473707,0.8768210179319361,0.8396250657247247,0.8541670618734789,0.0037084130854366714,0.8781713924875145,False
4,16,loschmidt,median_cos_given_nonzero,SEED (theta and shot noise both fresh per seed),20,0.9289855132458753,0.005243824635899665,0.9304512613964817,0.9249248576011528,0.9322871514346025,0.9180749452052797,0.9395723786482049,0.9188866525432989,0.9372369252129996,0.9267560022871546,0.9311739268893856,0.0011430239963815911,0.9395960423679224,False
4,16,loschmidt,p_dot_gt_0,SEED (theta and shot noise both fresh per seed),20,0.663105,0.014272737169715877,0.6632,0.6571250000000001,0.672,0.6298,0.6899,0.6359750000000001,0.6878575,0.657045,0.66926,0.003143734572760626,0.6802,True
4,16,loschmidt,mean_frac_component_signs_correct,SEED (theta and shot noise both fresh per seed),20,0.39217,0.015015894210714486,0.39308750000000003,0.38436875,0.399825,0.365025,0.427675,0.36604624999999996,0.41888749999999997,0.38581746875000006,0.39873628125,0.003306948745776569,0.418525,True
4,16,loschmidt,median_log10_norm_ratio,SEED (theta and shot noise both fresh per seed),20,0.11049247154510733,0.012790651692597268,0.10870931577905216,0.1032677747879658,0.11624868890238958,0.08716380043591355,0.1442012492620973,0.0891869195782428,0.13647805860711132,0.10512011333637654,0.11624526119771576,0.002814674639394988,0.0903869640696164,True
4,16,loschmidt,mean_frac_components_zero,SEED (theta and shot noise both fresh per seed),20,0.5603887500000001,0.015439400799236802,0.560175,0.55115625,0.5688375,0.52435,0.588475,0.532840625,0.58721625,0.5536073437499999,0.5669277500000001,0.003400040990911617,0.532325,False
4,16,swap,p_vector_zero,SEED (theta and shot noise both fresh per seed),20,0.00036,0.00016982963599783722,0.0003,0.0003,0.0005,0.0001,0.0007,0.0001,0.0006524999999999999,0.00028999999999999995,0.00043499999999999995,3.703669427300805e-05,0.0003,True
4,16,swap,median_cos,SEED (theta and shot noise both fresh per seed),20,0.30866899978845536,0.019749771179757156,0.30619909841581855,0.29580427224585115,0.31422239032099086,0.28011661042521263,0.3676392352610063,0.2838787261760082,0.3520179206895986,0.30091578614065034,0.31769645197145996,0.004347821185733348,0.3453745320491267,True
4,16,swap,median_cos_given_nonzero,SEED (theta and shot noise both fresh per seed),20,0.3089890994798442,0.019659701564938174,0.30641353882888234,0.29652739061612626,0.31458360071993896,0.2806386695918604,0.3677722060452174,0.2842485255106603,0.352218486484239,0.30127345739885303,0.3179982411820578,0.004328621483712019,0.345531929369115,True
4,16,swap,p_dot_gt_0,SEED (theta and shot noise both fresh per seed),20,0.668695,0.010207142751911258,0.66625,0.661725,0.6734249999999999,0.656,0.701,0.657235,0.6912149999999999,0.664724875,0.67344,0.0022335470462774157,0.6771,True
4,16,swap,mean_frac_component_signs_correct,SEED (theta and shot noise both fresh per seed),20,0.5133275,0.005819815854384693,0.512675,0.5104,0.51548125,0.499525,0.527475,0.5029925,0.5255275,0.510843625,0.51589375,0.001281212887626911,0.52195,True
4,16,swap,median_log10_norm_ratio,SEED (theta and shot noise both fresh per seed),20,0.9039183909165771,0.058883054669284236,0.905688508316491,0.8821215699588867,0.9199403531276044,0.765012782529987,1.0176207600986598,0.7903203748673135,1.0084750969549132,0.878074394568127,0.9290075263291969,0.01293705519704419,0.7858081105778162,False
4,16,swap,mean_frac_components_zero,SEED (theta and shot noise both fresh per seed),20,0.12988125000000003,0.001746968709236841,0.1295875,0.12889374999999997,0.13049375,0.1272,0.1337,0.127330625,0.13326062500000002,0.12915125,0.13066003125,0.00038013659391058574,0.12715,False
4,64,loschmidt,p_vector_zero,SEED (theta and shot noise both fresh per seed),20,0.12825999999999999,0.010184218958244841,0.12805,0.121575,0.1362,0.1109,0.1445,0.11142250000000001,0.14445249999999998,0.12386987499999999,0.132575125,0.0022411256636413247,0.1315,True
4,64,loschmidt,median_cos,SEED (theta and shot noise both fresh per seed),20,0.9616090911101546,0.004470059409029466,0.9606806986514953,0.9595668308344443,0.9646079558044536,0.9522152906146433,0.9710114102860865,0.9527244405392628,0.9690420010402795,0.959692895448667,0.9635075046953433,0.0009738515097066437,0.9702572832762492,False
4,64,loschmidt,median_cos_given_nonzero,SEED (theta and shot noise both fresh per seed),20,0.9735607683970688,0.0024900440638240856,0.9735247922888194,0.9716387948383153,0.975536980305968,0.9685416600514611,0.9783411491286054,0.9690891695195483,0.9774338086668676,0.972492906777776,0.9745994151446612,0.0005403250030211541,0.977968667518222,False
4,64,loschmidt,p_dot_gt_0,SEED (theta and shot noise both fresh per seed),20,0.78406,0.013041125233982721,0.7839,0.7773749999999999,0.79275,0.7554,0.8054,0.760435,0.805115,0.7785146249999999,0.789725125,0.0028733952274062544,0.7897,True
4,64,loschmidt,mean_frac_component_signs_correct,SEED (theta and shot noise both fresh per seed),20,0.5553362500000001,0.014288393511684113,0.555175,0.54720625,0.56265,0.528025,0.587375,0.5295925,0.5799175,0.5493649062500001,0.5617325312500001,0.003151430503876105,0.57605,True
4,64,loschmidt,median_log10_norm_ratio,SEED (theta and shot noise both fresh per seed),20,0.04455944202589422,0.004595830560680638,0.04406998653264027,0.04134864078901953,0.045885287483581456,0.03836735142013252,0.05576529158866079,0.038833875082638254,0.05513415130339825,0.042667973929672524,0.046612466015620635,0.0010037766505742018,0.0344140807132284,False
4,64,loschmidt,mean_frac_components_zero,SEED (theta and shot noise both fresh per seed),20,0.3933675,0.013898556579731587,0.3938875,0.38325000000000004,0.40114375,0.362875,0.420225,0.3701425,0.4185625,0.38718603125,0.3992413125000001,0.0030636726407575316,0.3738,True
4,64,swap,p_vector_zero,SEED (theta and shot noise both fresh per seed),20,3.0000000000000004e-05,5.7124057057747935e-05,0.0,0.0,2.5e-05,0.0,0.0002,0.0,0.00015249999999999986,1e-05,5.5e-05,1.2358425832965416e-05,0.0,True
4,64,swap,median_cos,SEED (theta and shot noise both fresh per seed),20,0.4661948411861097,0.029725527320167894,0.46344977229286677,0.4564710336935384,0.4811374806397829,0.4010463444712091,0.5371129272049746,0.4116846355394085,0.5229469683351367,0.4535712677377624,0.47932111835874014,0.006540730979135857,0.5115465414881395,True
4,64,swap,median_cos_given_nonzero,SEED (theta and shot noise both fresh per seed),20,0.46620404636011853,0.02972425435084099,0.46344977229286677,0.4564710336935384,0.4811374806397829,0.4010463444712091,0.5371129272049746,0.4116846355394085,0.5229478899615968,0.4535832475590306,0.4793312583072073,0.0065404866917992835,0.5115465414881395,True
4,64,swap,p_dot_gt_0,SEED (theta and shot noise both fresh per seed),20,0.7272299999999999,0.012204015732536573,0.7264999999999999,0.72015,0.7353,0.699,0.7519,0.7054125,0.7477199999999999,0.721944875,0.7323701250000001,0.0026591149442972014,0.744,True
4,64,swap,mean_frac_component_signs_correct,SEED (theta and shot noise both fresh per seed),20,0.591085,0.008051611476494696,0.5922375,0.5866875,0.59611875,0.5728,0.610475,0.57714625,0.6055231249999999,0.58769125,0.5946100625,0.0017639012485698288,0.605,True
4,64,swap,median_log10_norm_ratio,SEED (theta and shot noise both fresh per seed),20,0.6120160075904008,0.05360997845750996,0.6132877765981068,0.5854152283009406,0.6323276336163893,0.48826414322413353,0.7089012186187089,0.5108593541270123,0.7042571534043434,0.5886732884503406,0.6348707239575087,0.01175401263808181,0.504161530330731,False
4,64,swap,mean_frac_components_zero,SEED (theta and shot noise both fresh per seed),20,0.05985125000000001,0.0013539045630285296,0.05975,0.058975,0.060425,0.057975,0.06325,0.057986875,0.062739375,0.0593,0.06045625,0.00029594847035626135,0.05825,True
4,256,loschmidt,p_vector_zero,SEED (theta and shot noise both fresh per seed),20,0.062065000000000016,0.005469944192922284,0.0622,0.0583,0.065075,0.05,0.0732,0.052565,0.0711575,0.05969500000000001,0.06438512499999999,0.0012034660093860467,0.0729,False
4,256,loschmidt,median_cos,SEED (theta and shot noise both fresh per seed),20,0.9896323575139088,0.0010746490327514975,0.9894420367392566,0.9890309134262627,0.9902716893173018,0.9876256250113122,0.9916519023980834,0.9876557165578125,0.9915273101735876,0.9891767938012552,0.9900956023134306,0.0002342476474702897,0.9914854607967066,True
4,256,loschmidt,median_cos_given_nonzero,SEED (theta and shot noise both fresh per seed),20,0.991348746796251,0.0007995451981989743,0.9912013773984762,0.9909638202022374,0.9918154258564196,0.9896902061037056,0.9929223538335131,0.9898767229558865,0.9928098848717445,0.9910111756318277,0.9916868008978136,0.00017454672977551796,0.9928883505780688,False
4,256,loschmidt,p_dot_gt_0,SEED (theta and shot noise both fresh per seed),20,0.8629850000000001,0.010734463681354355,0.8618,0.8563500000000001,0.868,0.8411,0.8854,0.846135,0.8840224999999999,0.858474875,0.8678101250000001,0.002374040055519757,0.8642,True
4,256,loschmidt,mean_frac_component_signs_correct,SEED (theta and shot noise both fresh per seed),20,0.6899874999999999,0.014490054438530556,0.6912499999999999,0.68073125,0.6971625,0.657225,0.715125,0.664053125,0.714139375,0.6837749375000001,0.69626253125,0.0032018987216795285,0.70105,True
4,256,loschmidt,median_log10_norm_ratio,SEED (theta and shot noise both fresh per seed),20,0.016325169790469128,0.002056502974810697,0.01667434338258756,0.015051606026402858,0.01763572681757403,0.011977854143953618,0.019970882529927757,0.012609341619932612,0.019356445559735664,0.015406357254366062,0.0171840529915228,0.0004561946054643012,0.0123214821357012,False
4,256,loschmidt,mean_frac_components_zero,SEED (theta and shot noise both fresh per seed),20,0.26289375000000004,0.013247618641516383,0.2631625,0.256025,0.26894375,0.23985,0.294575,0.2413225,0.28787749999999995,0.25715365625,0.26860646874999994,0.0029254464832501005,0.255025,True
4,256,swap,p_vector_zero,SEED (theta and shot noise both fresh per seed),20,0.0,0.0,0.0,0.0,0.0,0.0,0.0,0.0,0.0,0.0,0.0,0.0,0.0,True
4,256,swap,median_cos,SEED (theta and shot noise both fresh per seed),20,0.6452070266466985,0.03145945405049189,0.6441161651840145,0.634864732981471,0.6550981674819791,0.58667163546665,0.7258344969682156,0.5910092676511827,0.708674721538934,0.6319503527136917,0.6591958205137266,0.006900261333388162,0.7065508453229021,True
4,256,swap,median_cos_given_nonzero,SEED (theta and shot noise both fresh per seed),20,0.6452070266466985,0.03145945405049189,0.6441161651840145,0.634864732981471,0.6550981674819791,0.58667163546665,0.7258344969682156,0.5910092676511827,0.708674721538934,0.6319503527136917,0.6591958205137266,0.006900261333388162,0.7065508453229021,True
4,256,swap,p_dot_gt_0,SEED (theta and shot noise both fresh per seed),20,0.780455,0.008734774723694015,0.7801,0.7765,0.785425,0.7637,0.7998,0.7656000000000001,0.7974249999999999,0.776754875,0.7842851249999999,0.001912521801077032,0.7945,True
4,256,swap,mean_frac_component_signs_correct,SEED (theta and shot noise both fresh per seed),20,0.6535400000000001,0.0074246318356357985,0.6549499999999999,0.64805,0.6578375,0.640325,0.6727,0.6412156250000001,0.6667743749999999,0.6504525000000001,0.6568500937499999,0.0016333080590780515,0.66945,False
4,256,swap,median_log10_norm_ratio,SEED (theta and shot noise both fresh per seed),20,0.34891029911895693,0.04677077653447906,0.34820512128753967,0.32520358707718305,0.3620897935050401,0.2500051152391779,0.43829216956136474,0.26709882355895587,0.4353314932819595,0.3287733211879303,0.3691368203341149,0.010255844055964077,0.2570609237739214,False
4,256,swap,mean_frac_components_zero,SEED (theta and shot noise both fresh per seed),20,0.0271225,0.0010212511676215702,0.02755,0.026475,0.027825,0.02525,0.0288,0.025345,0.028645625,0.026678750000000008,0.027551281250000007,0.0002219868495442344,0.026525,True
4,1024,loschmidt,p_vector_zero,SEED (theta and shot noise both fresh per seed),20,0.027964999999999997,0.0039402477880939105,0.02775,0.02505,0.0315,0.0215,0.0346,0.022307499999999997,0.034409999999999996,0.026305000000000002,0.02964,0.0008594635340806446,0.0387,False
4,1024,loschmidt,median_cos,SEED (theta and shot noise both fresh per seed),20,0.9972656079137809,0.0002996441784244341,0.997218119312412,0.9970593613584651,0.9974719029874952,0.9967867240657426,0.9977654588961676,0.9968026066887723,0.9977552880520167,0.9971408075346097,0.9973955738896668,6.495711338423015e-05,0.997752422401588,True
4,1024,loschmidt,median_cos_given_nonzero,SEED (theta and shot noise both fresh per seed),20,0.9974827773028425,0.0002738545923072941,0.9974275720309833,0.9973521565071586,0.9976695204604216,0.9969867956546968,0.997985271391693,0.9970168838645507,0.9979502862070897,0.9973687996367974,0.997600334913744,5.931400772515609e-05,0.99798343619286,False
4,1024,loschmidt,p_dot_gt_0,SEED (theta and shot noise both fresh per seed),20,0.914105,0.008220799999487821,0.91435,0.906425,0.91845,0.9027,0.9342,0.903555,0.929735,0.9106950000000001,0.9178551250000001,0.0018153471267768101,0.907,True
4,1024,loschmidt,mean_frac_component_signs_correct,SEED (theta and shot noise both fresh per seed),20,0.7914375,0.014230706005713578,0.7905500000000001,0.7800687500000001,0.79980625,0.7659,0.820725,0.7698781250000001,0.817008125,0.785524875,0.7977825625,0.0031547882626482195,0.795625,True
4,1024,loschmidt,median_log10_norm_ratio,SEED (theta and shot noise both fresh per seed),20,0.0055889428450335435,0.001049113350391187,0.005632468639574459,0.004621932437655655,0.006275011424827593,0.0038397857071274487,0.007554008498546187,0.004034710813085908,0.007409519350947713,0.0051335377411015175,0.006039672834027581,0.00023111657605470712,0.0043245487089109,True
4,1024,loschmidt,mean_frac_components_zero,SEED (theta and shot noise both fresh per seed),20,0.16988,0.012225724066384306,0.1710375,0.16253125000000002,0.178875,0.144375,0.19405,0.14767625,0.189015,0.16445496874999999,0.17496259374999998,0.002709785218709803,0.16825,True
4,1024,swap,p_vector_zero,SEED (theta and shot noise both fresh per seed),20,5e-06,2.23606797749979e-05,0.0,0.0,0.0,0.0,0.0001,0.0,5.249999999999986e-05,0.0,1.5000000000000002e-05,4.8118710664684316e-06,0.0,True
4,1024,swap,median_cos,SEED (theta and shot noise both fresh per seed),20,0.8148665944172435,0.02664751556761437,0.8157989821788698,0.8062980284399219,0.8261629025515118,0.7660920589192939,0.8745155038939196,0.7665208023195758,0.8643039733215436,0.8034189120207643,0.8263229572420492,0.0058216128048321275,0.8677673560467773,False
4,1024,swap,median_cos_given_nonzero,SEED (theta and shot noise both fresh per seed),20,0.8148696474242587,0.026642265300040952,0.8157989821788698,0.8062980284399219,0.8261629025515118,0.7660920589192939,0.8745155038939196,0.7665208023195758,0.8643039733215436,0.8034220413529549,0.8263229572420492,0.005820503549135288,0.8677673560467773,False
4,1024,swap,p_dot_gt_0,SEED (theta and shot noise both fresh per seed),20,0.8282499999999999,0.008979479530105234,0.83005,0.821775,0.835025,0.8131,0.8413,0.813385,0.8406825,0.8244298750000001,0.8320799999999998,0.0019721330502718453,0.8365,True
4,1024,swap,mean_frac_component_signs_correct,SEED (theta and shot noise both fresh per seed),20,0.70949125,0.0075204732625085025,0.7090624999999999,0.70449375,0.71468125,0.696275,0.72725,0.6969875,0.72361625,0.7064087187499999,0.71282628125,0.001653151756465237,0.724975,False
4,1024,swap,median_log10_norm_ratio,SEED (theta and shot noise both fresh per seed),20,0.1560183017164106,0.027376364212690952,0.15399597089140057,0.13952564335273968,0.16179635678728294,0.10098743305617927,0.21412989998338366,0.11151615227014973,0.20883513982618487,0.14439445728256997,0.16797152863436074,0.006007380702866623,0.1106685807716756,False
4,1024,swap,mean_frac_components_zero,SEED (theta and shot noise both fresh per seed),20,0.01166375,0.0005792733083696104,0.01165,0.01124375,0.01213125,0.010775,0.01295,0.01079875,0.012629374999999998,0.01142,0.011918781249999998,0.00012676899284798403,0.010325,False
4,4096,loschmidt,p_vector_zero,SEED (theta and shot noise both fresh per seed),20,0.012185,0.003330761727324626,0.01165,0.009975000000000001,0.015224999999999999,0.0072,0.0199,0.007295,0.017952499999999996,0.010805,0.013625000000000002,0.0007240340813130555,0.0171,True
4,4096,loschmidt,median_cos,SEED (theta and shot noise both fresh per seed),20,0.9992876815860718,8.709020305858337e-05,0.9992729472499967,0.9992579606691971,0.9993561726917048,0.9990946856253775,0.9994299066252917,0.9991221885187048,0.999422199852717,0.9992496393886002,0.9993244414168307,1.8987130721765192e-05,0.9994165033061532,True
4,4096,loschmidt,median_cos_given_nonzero,SEED (theta and shot noise both fresh per seed),20,0.999312867098376,8.34101640324745e-05,0.999302888102497,0.9992829749297141,0.999380200966713,0.9991278157051143,0.9994431022016451,0.99914898518499,0.9994417634738073,0.999276600499551,0.999348126533372,1.818642184113415e-05,0.9994428690296794,False
4,4096,loschmidt,p_dot_gt_0,SEED (theta and shot noise both fresh per seed),20,0.9456899999999999,0.00614002400132459,0.9460999999999999,0.9422499999999999,0.9486749999999999,0.9344,0.9601,0.9358725,0.9565849999999999,0.9431298749999998,0.9484199999999999,0.0013485955715486168,0.941,True
4,4096,loschmidt,mean_frac_component_signs_correct,SEED (theta and shot noise both fresh per seed),20,0.8636099999999999,0.012517233909168674,0.863675,0.8521375,0.871175,0.842475,0.894,0.845621875,0.8870175,0.8584610625000001,0.8692150624999999,0.0027642431054525672,0.861475,True
4,4096,loschmidt,median_log10_norm_ratio,SEED (theta and shot noise both fresh per seed),20,0.0018349009169596592,0.00031076867870985845,0.0018383701636958823,0.0016436397963037676,0.0020035560593624126,0.0012793173439214294,0.0025864908770033453,0.0013363575494215018,0.0024171513980789485,0.001702549893499632,0.0019673320169530124,6.781362934737586e-05,0.0014469084059387,True
4,4096,loschmidt,mean_frac_components_zero,SEED (theta and shot noise both fresh per seed),20,0.10654499999999997,0.010756043588802089,0.10650000000000001,0.10035,0.11497500000000001,0.078925,0.1243,0.08673875,0.12196062499999999,0.10172093749999998,0.11096756249999999,0.002371464996334489,0.109325,True
4,4096,swap,p_vector_zero,SEED (theta and shot noise both fresh per seed),20,0.0,0.0,0.0,0.0,0.0,0.0,0.0,0.0,0.0,0.0,0.0,0.0,0.0,True
4,4096,swap,median_cos,SEED (theta and shot noise both fresh per seed),20,0.9289573668725163,0.015188746580824076,0.9302274392512346,0.9267904812599868,0.9336901755731238,0.8982608493488581,0.9577294609758145,0.8995804102627023,0.9543084860970069,0.922321037176589,0.9353984978885862,0.0033312532832624124,0.9548807736435784,False
4,4096,swap,median_cos_given_nonzero,SEED (theta and shot noise both fresh per seed),20,0.9289573668725163,0.015188746580824076,0.9302274392512346,0.9267904812599868,0.9336901755731238,0.8982608493488581,0.9577294609758145,0.8995804102627023,0.9543084860970069,0.922321037176589,0.9353984978885862,0.0033312532832624124,0.9548807736435784,False
4,4096,swap,p_dot_gt_0,SEED (theta and shot noise both fresh per seed),20,0.866585,0.009410479880375244,0.8656999999999999,0.8615,0.872925,0.8487,0.8871,0.8500300000000001,0.88273,0.86259,0.8708,0.002082464228885142,0.8767,True
4,4096,swap,mean_frac_component_signs_correct,SEED (theta and shot noise both fresh per seed),20,0.7569975,0.008875309112481952,0.757875,0.75174375,0.761425,0.740125,0.774675,0.741348125,0.7714093750000001,0.7532461874999999,0.7608876250000001,0.0019560961756915473,0.770625,True
4,4096,swap,median_log10_norm_ratio,SEED (theta and shot noise both fresh per seed),20,0.05478645698848188,0.010622961899205172,0.0547792786644825,0.04823317616972943,0.058295388385992505,0.036693220599242474,0.07563979807257526,0.03857169750397297,0.07534942095189197,0.05025811001268836,0.05945684736181839,0.0023288904212076566,0.0367702602366733,False
4,4096,swap,mean_frac_components_zero,SEED (theta and shot noise both fresh per seed),20,0.00505625,0.0002899495191998264,0.005025,0.0049,0.0051625,0.004675,0.005775,0.004675,0.005679999999999999,0.004939999999999999,0.00518875,6.342216182503603e-05,0.004275,False
6,16,loschmidt,p_vector_zero,SEED (theta and shot noise both fresh per seed),20,0.534305,0.01953395087641273,0.5300499999999999,0.52515,0.544925,0.4969,0.5723,0.499085,0.5685,0.526094625,0.542810125,0.0042584867732763446,0.5522,True
6,16,loschmidt,median_cos,SEED (theta and shot noise both fresh per seed),20,0.0,0.0,0.0,0.0,0.0,0.0,0.0,0.0,0.0,0.0,0.0,0.0,0.0,True
6,16,loschmidt,median_cos_given_nonzero,SEED (theta and shot noise both fresh per seed),20,0.7923276209757407,0.009572912675124255,0.7938455664827533,0.7833595745939477,0.7973456926943547,0.7775240144524636,0.8137189274066297,0.7783191784562681,0.8095256666017601,0.7882173289160078,0.7963875554049539,0.0020843892725259713,0.8038409935144952,True
6,16,loschmidt,p_dot_gt_0,SEED (theta and shot noise both fresh per seed),20,0.39549999999999996,0.018756753169823507,0.39954999999999996,0.382675,0.403525,0.359,0.4305,0.3620875,0.4286,0.38729975000000005,0.403355,0.004092011295940007,0.3763,True
6,16,loschmidt,mean_frac_component_signs_correct,SEED (theta and shot noise both fresh per seed),20,0.15633499999999997,0.009952067727200394,0.15633333333333332,0.1478875,0.16412083333333333,0.14168333333333333,0.17501666666666668,0.14193666666666666,0.17241208333333333,0.1520958125,0.160530125,0.0021567223807571942,0.1459166666666666,True
6,16,loschmidt,median_log10_norm_ratio,SEED (theta and shot noise both fresh per seed),20,0.298899635401644,0.021792514944041552,0.2992858870695133,0.2803745934912517,0.31332203936629066,0.2647641336525208,0.338283919265455,0.2652420003938924,0.33672732975983316,0.28983668744688124,0.3083296215341983,0.004742690138206907,0.3466383707197459,False
6,16,loschmidt,mean_frac_components_zero,SEED (theta and shot noise both fresh per seed),20,0.8197841666666665,0.01082245536856949,0.8201583333333333,0.8105583333333334,0.829125,0.8003166666666666,0.8369666666666667,0.8020741666666665,0.8362541666666667,0.815244125,0.8243850416666665,0.0023459124204268053,0.8312166666666668,True
6,16,swap,p_vector_zero,SEED (theta and shot noise both fresh per seed),20,1e-05,3.077935056255462e-05,0.0,0.0,0.0,0.0,0.0001,0.0,0.0001,0.0,2.5e-05,6.737409759620304e-06,0.0,True
6,16,swap,median_cos,SEED (theta and shot noise both fresh per seed),20,0.07351518404477697,0.008868402925437877,0.07253820914620032,0.06761972562296399,0.07567897043813804,0.05902994970273491,0.0951352997941036,0.0612029170374558,0.09116629095017939,0.06982027979839019,0.07736683433265833,0.0019308453613623832,0.0785775046852075,True
6,16,swap,median_cos_given_nonzero,SEED (theta and shot noise both fresh per seed),20,0.07352297201678971,0.008873354641783005,0.07253820914620032,0.06761972562296399,0.07567897043813804,0.05902994970273491,0.09517323353474903,0.0612029170374558,0.09118620616401825,0.06983669255776988,0.07738605745393755,0.0019320064306320062,0.0785775046852075,True
6,16,swap,p_dot_gt_0,SEED (theta and shot noise both fresh per seed),20,0.560495,0.006370034702045445,0.56155,0.55475,0.56425,0.5511,0.5777,0.5519075,0.5729025,0.5578598749999999,0.5632451250000001,0.0013927876547705142,0.5654,True
6,16,swap,mean_frac_component_signs_correct,SEED (theta and shot noise both fresh per seed),20,0.45126,0.002653489372119888,0.45134166666666664,0.4490958333333333,0.45239999999999997,0.44695,0.4570166666666666,0.44748041666666666,0.4561854166666666,0.4501316249999999,0.45242166666666667,0.0005788497973109964,0.4533,True
6,16,swap,median_log10_norm_ratio,SEED (theta and shot noise both fresh per seed),20,2.022384552129022,0.09513221584985204,2.0082925257211146,1.9540118311753,2.0642162416486824,1.8782323291244045,2.2498772664667968,1.8883611689725066,2.203034646016869,1.9837760852598008,2.0642612199051222,0.020829818898429754,2.088683028428229,True
6,16,swap,mean_frac_components_zero,SEED (theta and shot noise both fresh per seed),20,0.1388025,0.0018587573271327258,0.13895833333333335,0.13730416666666667,0.14045416666666666,0.13533333333333333,0.14141666666666666,0.13556291666666664,0.14129,0.138015,0.13958833333333334,0.00040344066029552315,0.1390333333333333,True
6,64,loschmidt,p_vector_zero,SEED (theta and shot noise both fresh per seed),20,0.36232,0.02052658353401626,0.3604,0.34785,0.376125,0.327,0.4061,0.3301825,0.400495,0.353749875,0.37121499999999996,0.004474030210505006,0.3647,True
6,64,loschmidt,median_cos,SEED (theta and shot noise both fresh per seed),20,0.41897120332063886,0.1499767832517657,0.4540868352472105,0.36591565872343973,0.5118022066962769,0.005751844769747494,0.6042613674230246,0.10268479732884862,0.5951576979540846,0.3511139296089854,0.4778593021730788,0.032583919564652945,0.3213911037614063,True
6,64,loschmidt,median_cos_given_nonzero,SEED (theta and shot noise both fresh per seed),20,0.8864574429771744,0.008724687090808437,0.8880414831303457,0.8788697493401406,0.8935647984219367,0.8709064099626246,0.9043061866396933,0.8727937688884863,0.9001327752027879,0.8827068982553306,0.8902268036961865,0.0019051801634260553,0.8808299228280051,True
6,64,loschmidt,p_dot_gt_0,SEED (theta and shot noise both fresh per seed),20,0.5458449999999999,0.02069326040806016,0.5498000000000001,0.5331250000000001,0.55865,0.5004,0.5802,0.5089975,0.5780150000000001,0.536849625,0.5543352500000002,0.00449957921602675,0.5345,True
6,64,loschmidt,mean_frac_component_signs_correct,SEED (theta and shot noise both fresh per seed),20,0.2779775000000001,0.015085484750123172,0.2806666666666666,0.2660458333333333,0.2880875,0.24878333333333336,0.30278333333333335,0.25221916666666666,0.30190458333333337,0.2714899375,0.2842243125000001,0.0032727370960121357,0.2601333333333333,True
6,64,loschmidt,median_log10_norm_ratio,SEED (theta and shot noise both fresh per seed),20,0.17059115732650063,0.017783700907091363,0.1657279084958145,0.15697543992187601,0.1805587889759217,0.14452720732755536,0.21591425550948107,0.1455939252332879,0.20664409143151335,0.16332604364961759,0.17879809467215754,0.003909476570620718,0.2110336042220684,False
6,64,loschmidt,mean_frac_components_zero,SEED (theta and shot noise both fresh per seed),20,0.6871558333333334,0.016315580465790125,0.6833416666666666,0.677725,0.6998541666666667,0.6609166666666667,0.7200333333333333,0.6612254166666667,0.7162412499999999,0.6804524166666668,0.6942960000000001,0.0035444291979846434,0.7055333333333333,True
6,64,swap,p_vector_zero,SEED (theta and shot noise both fresh per seed),20,0.0,0.0,0.0,0.0,0.0,0.0,0.0,0.0,0.0,0.0,0.0,0.0,0.0,True
6,64,swap,median_cos,SEED (theta and shot noise both fresh per seed),20,0.11985071750281413,0.012178934737771999,0.11906875084690194,0.11150639494139333,0.12962902195669823,0.10065292173524149,0.14864879576431744,0.10235890328120394,0.14196943760236522,0.11474056363950365,0.12509949431634845,0.002648654713387371,0.105123373048235,True
6,64,swap,median_cos_given_nonzero,SEED (theta and shot noise both fresh per seed),20,0.11985071750281413,0.012178934737771999,0.11906875084690194,0.11150639494139333,0.12962902195669823,0.10065292173524149,0.14864879576431744,0.10235890328120394,0.14196943760236522,0.11474056363950365,0.12509949431634845,0.002648654713387371,0.105123373048235,True
6,64,swap,p_dot_gt_0,SEED (theta and shot noise both fresh per seed),20,0.59256,0.00840165397250351,0.5926,0.588425,0.5977250000000001,0.5774,0.6103,0.57835,0.6074499999999999,0.5889750000000001,0.5960850000000001,0.0018249297025753944,0.5795,True
6,64,swap,mean_frac_component_signs_correct,SEED (theta and shot noise both fresh per seed),20,0.5014741666666667,0.003454882446523807,0.5014916666666667,0.4988125,0.5033791666666667,0.4955,0.5083833333333334,0.4957295833333333,0.5075520833333333,0.49999747916666665,0.5029533541666666,0.0007583580857735042,0.4965,True
6,64,swap,median_log10_norm_ratio,SEED (theta and shot noise both fresh per seed),20,1.7213201646783194,0.09352667767704967,1.7070308981068323,1.661042275749822,1.76287750298278,1.5851781281910786,1.943912656440884,1.5881083649626055,1.900973381945912,1.6829546715147026,1.7628083181633454,0.02047085201192627,1.7850113524663374,True
6,64,swap,mean_frac_components_zero,SEED (theta and shot noise both fresh per seed),20,0.06838333333333331,0.0008773798046669579,0.06853333333333333,0.06802083333333332,0.06887083333333333,0.06546666666666665,0.06943333333333332,0.06645625,0.0694175,0.06797666666666666,0.06872085416666666,0.00019233869373973004,0.0696833333333333,False
6,256,loschmidt,p_vector_zero,SEED (theta and shot noise both fresh per seed),20,0.23045,0.016336639479210047,0.22845,0.22064999999999999,0.244,0.2017,0.2641,0.2055,0.2593975,0.223749875,0.23754499999999998,0.0035663120735207102,0.2246,True
6,256,loschmidt,median_cos,SEED (theta and shot noise both fresh per seed),20,0.863582175418143,0.025493332602947,0.8727170050006248,0.850208650540341,0.8773217366951586,0.8051562227741358,0.9001933155659185,0.8134677193662515,0.8969965580617122,0.8522066177926986,0.8738597970043138,0.005545263649520376,0.8511705122038796,True
6,256,loschmidt,median_cos_given_nonzero,SEED (theta and shot noise both fresh per seed),20,0.945429387903151,0.006549870703011513,0.947594493892316,0.9408220487877454,0.9505007091243808,0.9314408983552069,0.9553000242544418,0.9334907984611359,0.9544697961518465,0.9425282875989361,0.9481804508858941,0.0014291269014800212,0.9390661217096524,True
6,256,loschmidt,p_dot_gt_0,SEED (theta and shot noise both fresh per seed),20,0.66893,0.01846544710647715,0.6690499999999999,0.652825,0.685075,0.6281,0.6995,0.63646,0.6956525,0.6609246249999999,0.67655,0.004012838128037061,0.6739,True
6,256,loschmidt,mean_frac_component_signs_correct,SEED (theta and shot noise both fresh per seed),20,0.41349583333333334,0.01861633477142151,0.41683333333333333,0.40221666666666667,0.4261583333333333,0.36945,0.4402666666666667,0.3760129166666667,0.4392216666666666,0.40524660416666664,0.4210151875,0.004055588878095984,0.3949166666666666,True
6,256,loschmidt,median_log10_norm_ratio,SEED (theta and shot noise both fresh per seed),20,0.08509549515246173,0.012106107003806292,0.08310674572488269,0.07676169050836985,0.09100803506938217,0.06398248615226515,0.10954667336608369,0.0673145009254448,0.10918045355797802,0.08015943361827804,0.090412017003812,0.0026374049246857224,0.1006521969430908,True
6,256,loschmidt,mean_frac_components_zero,SEED (theta and shot noise both fresh per seed),20,0.5450908333333333,0.019274679232166865,0.541675,0.5323166666666665,0.5561541666666667,0.5170166666666666,0.5899333333333333,0.5184733333333333,0.5837029166666666,0.5372624583333333,0.5536639583333333,0.004199741751988076,0.5637166666666666,True
6,256,swap,p_vector_zero,SEED (theta and shot noise both fresh per seed),20,0.0,0.0,0.0,0.0,0.0,0.0,0.0,0.0,0.0,0.0,0.0,0.0,0.0,True
6,256,swap,median_cos,SEED (theta and shot noise both fresh per seed),20,0.1852160046820779,0.017952153130171785,0.18875514939548282,0.17020645206233367,0.19810263381563809,0.15864323923527704,0.21640994970382277,0.15909322883148733,0.2137352195337357,0.17746993184711374,0.19274661650853228,0.0039013531108510325,0.1551628138250971,False
6,256,swap,median_cos_given_nonzero,SEED (theta and shot noise both fresh per seed),20,0.1852160046820779,0.017952153130171785,0.18875514939548282,0.17020645206233367,0.19810263381563809,0.15864323923527704,0.21640994970382277,0.15909322883148733,0.2137352195337357,0.17746993184711374,0.19274661650853228,0.0039013531108510325,0.1551628138250971,False
6,256,swap,p_dot_gt_0,SEED (theta and shot noise both fresh per seed),20,0.6324150000000001,0.010728235004686913,0.6332,0.622325,0.639975,0.6176,0.6528,0.6178375,0.650045,0.62779,0.6368349999999999,0.0023289757946691916,0.6132,False
6,256,swap,mean_frac_component_signs_correct,SEED (theta and shot noise both fresh per seed),20,0.54222,0.004808507324529987,0.5426666666666666,0.5382750000000001,0.545975,0.5334833333333333,0.5513833333333334,0.5346945833333333,0.5498870833333334,0.5401565833333333,0.5442233333333334,0.0010374699145287581,0.5384166666666667,True
6,256,swap,median_log10_norm_ratio,SEED (theta and shot noise both fresh per seed),20,1.4218140342364998,0.09174722567754123,1.4058909180932377,1.3577852246277593,1.461238020459024,1.2863924899658956,1.645696764811306,1.296734143236552,1.601984826253216,1.3847232084476044,1.4624658536662307,0.020081276689171913,1.481142839797269,True
6,256,swap,mean_frac_components_zero,SEED (theta and shot noise both fresh per seed),20,0.03335583333333333,0.0005701460518742874,0.03318333333333333,0.03303333333333333,0.0334625,0.03268333333333333,0.03505,0.03277041666666666,0.03474125,0.03313666666666666,0.03361916666666666,0.0001240034379013957,0.0324166666666666,False
6,1024,loschmidt,p_vector_zero,SEED (theta and shot noise both fresh per seed),20,0.13833,0.012100722031524007,0.13945000000000002,0.1333,0.1445,0.1105,0.1646,0.1164375,0.159185,0.133195,0.14342525,0.002643121524221537,0.1402,True
6,1024,loschmidt,median_cos,SEED (theta and shot noise both fresh per seed),20,0.9615658371725712,0.007172512898225152,0.96261528508645,0.9601239512145335,0.9667077157241873,0.945404837172124,0.9707224038371918,0.9464312579494039,0.9703211397717991,0.9582994203201998,0.9643922998658218,0.0015667862122460614,0.957375323268217,True
6,1024,loschmidt,median_cos_given_nonzero,SEED (theta and shot noise both fresh per seed),20,0.9774040711083829,0.0032536670482760416,0.9774207457225785,0.9759013763993479,0.9798598739916489,0.9693564499657776,0.9815484596798778,0.9706943591839325,0.9814536751274601,0.9759277423151179,0.9787233400218615,0.0007119950644840408,0.9753394469206152,True
6,1024,loschmidt,p_dot_gt_0,SEED (theta and shot noise both fresh per seed),20,0.7648600000000001,0.015983524412080678,0.7644,0.750625,0.77455,0.7342,0.7979,0.7398049999999999,0.7939575,0.7581498749999999,0.77168,0.0034846964636856726,0.7649,True
6,1024,loschmidt,mean_frac_component_signs_correct,SEED (theta and shot noise both fresh per seed),20,0.5432149999999999,0.020126912316975117,0.5428083333333333,0.5299083333333334,0.5577083333333334,0.49795,0.5776333333333334,0.5058033333333334,0.5761054166666667,0.5344824166666666,0.5514994583333334,0.004386108592358953,0.5338166666666666,True
6,1024,loschmidt,median_log10_norm_ratio,SEED (theta and shot noise both fresh per seed),20,0.03621642656042171,0.005711445889618311,0.035084335892367674,0.032767367886420457,0.037414977907526036,0.029134148573674242,0.05008583200379467,0.029720454893692336,0.04867370230147661,0.033956817406884,0.038804522682096915,0.0012351232742184297,0.0391285347063636,True
6,1024,loschmidt,mean_frac_components_zero,SEED (theta and shot noise both fresh per seed),20,0.4141041666666667,0.019983221671988034,0.4138583333333334,0.3987541666666667,0.4274916666666666,0.3811833333333333,0.4604166666666666,0.38284583333333333,0.45140749999999996,0.40587491666666664,0.42281602083333325,0.004355005403319778,0.4223166666666667,True
6,1024,swap,p_vector_zero,SEED (theta and shot noise both fresh per seed),20,0.0,0.0,0.0,0.0,0.0,0.0,0.0,0.0,0.0,0.0,0.0,0.0,0.0,True
6,1024,swap,median_cos,SEED (theta and shot noise both fresh per seed),20,0.26894115198902685,0.020121771634907838,0.2728113771000368,0.25556758486259423,0.2830723095317492,0.23259317220458095,0.3015534093137272,0.2342820096610594,0.2987253488405024,0.26015379986729936,0.27733766294086903,0.0043656044056129524,0.2403239526582931,True
6,1024,swap,median_cos_given_nonzero,SEED (theta and shot noise both fresh per seed),20,0.26894115198902685,0.020121771634907838,0.2728113771000368,0.25556758486259423,0.2830723095317492,0.23259317220458095,0.3015534093137272,0.2342820096610594,0.2987253488405024,0.26015379986729936,0.27733766294086903,0.0043656044056129524,0.2403239526582931,True
6,1024,swap,p_dot_gt_0,SEED (theta and shot noise both fresh per seed),20,0.6745099999999999,0.010160599857965294,0.67535,0.66755,0.682125,0.6554,0.6895,0.6567775,0.6889775,0.670145,0.6787000000000001,0.002206189595485414,0.6563,False
6,1024,swap,mean_frac_component_signs_correct,SEED (theta and shot noise both fresh per seed),20,0.5775341666666667,0.00609255483481311,0.5767583333333333,0.5724,0.5820583333333333,0.5680666666666667,0.5889166666666666,0.5692066666666667,0.5879508333333333,0.5749448333333332,0.5801217916666667,0.0013232531336679239,0.56875,False
6,1024,swap,median_log10_norm_ratio,SEED (theta and shot noise both fresh per seed),20,1.1207622969095297,0.08946993601419663,1.1099970476462953,1.0594457357781069,1.1622935608224765,0.9910109927981725,1.3410161910252223,0.9987946536876365,1.2922633573278908,1.0845154856699029,1.1603383281786066,0.019589788069203726,1.1857316120454793,True
6,1024,swap,mean_frac_components_zero,SEED (theta and shot noise both fresh per seed),20,0.015724166666666664,0.0005727096515942783,0.015475,0.015316666666666666,0.016191666666666667,0.014866666666666665,0.0169,0.015025,0.016725833333333332,0.015487499999999996,0.0159741875,0.0001247683136269773,0.0145333333333333,False
6,4096,loschmidt,p_vector_zero,SEED (theta and shot noise both fresh per seed),20,0.07919000000000001,0.008093265556524204,0.07894999999999999,0.07317499999999999,0.083375,0.0662,0.0943,0.0672925,0.093445,0.07583500000000001,0.08267500000000001,0.0017819877311382915,0.0828,True
6,4096,loschmidt,median_cos,SEED (theta and shot noise both fresh per seed),20,0.9890087295395722,0.0022717274581548793,0.9897762657593321,0.9884342633815775,0.9904118726814454,0.9842231258655085,0.9919398921649006,0.9843238667828292,0.9918577435709256,0.9879677498282465,0.9899080067850821,0.0004975093580397094,0.9879309351954272,True
6,4096,loschmidt,median_cos_given_nonzero,SEED (theta and shot noise both fresh per seed),20,0.9919538495116388,0.0013904584334044753,0.9922767558318137,0.9914771434522306,0.9928151676921962,0.9884654071521763,0.9935796423523398,0.9890127380525747,0.9935657053151428,0.9913114810945134,0.9925109874423005,0.0003044468187216966,0.9913419337522048,True
6,4096,loschmidt,p_dot_gt_0,SEED (theta and shot noise both fresh per seed),20,0.83766,0.012192076805946781,0.83945,0.8290500000000001,0.846225,0.8167,0.8574,0.8171275,0.8569725,0.8323750000000001,0.8427299999999999,0.0026695951077453095,0.8312,True
6,4096,loschmidt,mean_frac_component_signs_correct,SEED (theta and shot noise both fresh per seed),20,0.6563583333333333,0.019230235923779267,0.6590583333333333,0.6420666666666667,0.6676625,0.6187166666666667,0.6901666666666667,0.622865,0.6889000000000001,0.6481874583333332,0.6644291666666666,0.004178911422972668,0.6529833333333334,True
6,4096,loschmidt,median_log10_norm_ratio,SEED (theta and shot noise both fresh per seed),20,0.01350585532623549,0.00240954163637831,0.013056481822156282,0.0121640922887635,0.014564048093506868,0.010060226965973546,0.01827513201103938,0.010160207360418708,0.017942731132878132,0.012517223186214975,0.014552297572132533,0.0005214893017227518,0.0132221944794023,True
6,4096,loschmidt,mean_frac_components_zero,SEED (theta and shot noise both fresh per seed),20,0.3036858333333333,0.018550438808037945,0.30145,0.2915291666666667,0.3175541666666667,0.2714,0.34068333333333334,0.27278541666666667,0.33560875,0.29587749999999996,0.3115294583333333,0.004036054101203552,0.30445,True
6,4096,swap,p_vector_zero,SEED (theta and shot noise both fresh per seed),20,0.0,0.0,0.0,0.0,0.0,0.0,0.0,0.0,0.0,0.0,0.0,0.0,0.0,True
6,4096,swap,median_cos,SEED (theta and shot noise both fresh per seed),20,0.37263133743645505,0.02904128363090015,0.3764279584469242,0.3620728808585434,0.3899490338599202,0.3147487742114467,0.4228657981642093,0.31946219711312285,0.42006117243504276,0.359837290217012,0.3845452247969782,0.006329454009219956,0.3437465660414801,True
6,4096,swap,median_cos_given_nonzero,SEED (theta and shot noise both fresh per seed),20,0.37263133743645505,0.02904128363090015,0.3764279584469242,0.3620728808585434,0.3899490338599202,0.3147487742114467,0.4228657981642093,0.31946219711312285,0.42006117243504276,0.359837290217012,0.3845452247969782,0.006329454009219956,0.3437465660414801,True
6,4096,swap,p_dot_gt_0,SEED (theta and shot noise both fresh per seed),20,0.717785,0.011121211359616513,0.7185,0.7117249999999999,0.7224250000000001,0.6991,0.7376,0.69948,0.7370775,0.7129644999999999,0.72242525,0.0024174208342418895,0.7027,True
6,4096,swap,mean_frac_component_signs_correct,SEED (theta and shot noise both fresh per seed),20,0.6139375,0.007376428149955899,0.6150333333333333,0.6083416666666667,0.6190583333333333,0.6004833333333334,0.6252666666666667,0.601085,0.6249895833333333,0.6107524166666667,0.6169467083333333,0.0015991268656290313,0.6029666666666667,True
6,4096,swap,median_log10_norm_ratio,SEED (theta and shot noise both fresh per seed),20,0.8240870993140467,0.08977347344307839,0.8088008363938264,0.7604011701282395,0.8600888286493509,0.6962858530181268,1.0372961497352815,0.702178280949606,0.993838363607098,0.7875950650458627,0.863945667368128,0.019680235022734468,0.8832452398269698,True
6,4096,swap,mean_frac_components_zero,SEED (theta and shot noise both fresh per seed),20,0.007235,0.00037793297465732386,0.007299999999999999,0.006937499999999999,0.0074375,0.006716666666666666,0.007983333333333334,0.006716666666666666,0.007912083333333333,0.007074166666666666,0.0073999999999999995,8.305278520184505e-05,0.0070833333333333,True
8,16,loschmidt,p_vector_zero,SEED (theta and shot noise both fresh per seed),20,0.7517949999999999,0.015244135196682591,0.75225,0.741325,0.7656499999999999,0.717,0.773,0.7244575,0.7723825000000001,0.7451900000000001,0.757970125,0.003254044757575472,0.7615,True
8,16,loschmidt,median_cos,SEED (theta and shot noise both fresh per seed),20,0.0,0.0,0.0,0.0,0.0,0.0,0.0,0.0,0.0,0.0,0.0,0.0,0.0,True
8,16,loschmidt,median_cos_given_nonzero,SEED (theta and shot noise both fresh per seed),20,0.6646340926449823,0.02099347705781759,0.662134357627702,0.6476924970372268,0.6785681208597554,0.6371785924835257,0.7040337096491718,0.6371961964760314,0.7023323493102116,0.6559463969968328,0.6737505440314097,0.004548256392558051,0.6623827518803284,True
8,16,loschmidt,p_dot_gt_0,SEED (theta and shot noise both fresh per seed),20,0.20805,0.01395713362217932,0.20679999999999998,0.195425,0.216625,0.1887,0.2365,0.18903250000000002,0.2346,0.20233962500000002,0.21404525,0.0029855310503953967,0.2032,True
8,16,loschmidt,mean_frac_component_signs_correct,SEED (theta and shot noise both fresh per seed),20,0.058629999999999995,0.005811614109060545,0.059431250000000005,0.053878125,0.062209375,0.0469,0.0684375,0.0473571875,0.0680040625,0.056139953125,0.06104070312500001,0.0012608170633528588,0.056425,True
8,16,loschmidt,median_log10_norm_ratio,SEED (theta and shot noise both fresh per seed),20,0.4784339553671309,0.05496914960909847,0.47735816396003605,0.4419134828013662,0.5119697331951419,0.38895948903518635,0.5737627823976285,0.3977360409880509,0.5725184357446846,0.45489583702916453,0.5019469920206844,0.011947634471072471,0.4868651089731067,True
8,16,loschmidt,mean_frac_components_zero,SEED (theta and shot noise both fresh per seed),20,0.931258125,0.00641476282917812,0.93104375,0.927309375,0.9359531249999999,0.91985,0.944325,0.92082375,0.9437846875,0.92859246875,0.9340031406249999,0.0013901855375254867,0.9347125,True
8,16,swap,p_vector_zero,SEED (theta and shot noise both fresh per seed),20,0.0,0.0,0.0,0.0,0.0,0.0,0.0,0.0,0.0,0.0,0.0,0.0,0.0,True
8,16,swap,median_cos,SEED (theta and shot noise both fresh per seed),20,0.01794157441337193,0.006102205403037153,0.017487765398300163,0.01494727165853419,0.02147105983983335,0.002395882700997485,0.02934090449051744,0.0064823422947310385,0.028302575740187807,0.01523716563822442,0.020470591254354666,0.0013233269898156933,0.0167890059063689,True
8,16,swap,median_cos_given_nonzero,SEED (theta and shot noise both fresh per seed),20,0.01794157441337193,0.006102205403037153,0.017487765398300163,0.01494727165853419,0.02147105983983335,0.002395882700997485,0.02934090449051744,0.0064823422947310385,0.028302575740187807,0.01523716563822442,0.020470591254354666,0.0013233269898156933,0.0167890059063689,True
8,16,swap,p_dot_gt_0,SEED (theta and shot noise both fresh per seed),20,0.5204449999999999,0.0060509655601834605,0.5213,0.5172749999999999,0.5241250000000001,0.5032,0.5313,0.508045,0.52959,0.517729875,0.52287,0.001316635628140424,0.5195,True
8,16,swap,mean_frac_component_signs_correct,SEED (theta and shot noise both fresh per seed),20,0.4354425,0.001906189710004307,0.4356125,0.434878125,0.436778125,0.4306125,0.4386375,0.43151500000000004,0.438031875,0.43460060937499995,0.43621439062500006,0.0004131302083930038,0.433925,True
8,16,swap,median_log10_norm_ratio,SEED (theta and shot noise both fresh per seed),20,3.1264429126415445,0.08978929693086186,3.129741194561174,3.074656194316994,3.1979421086849804,2.961750850824653,3.272881058725657,2.9661808103213034,3.2584183145363474,3.0878919896179298,3.1637290837330445,0.019310831817623428,3.0095213521949016,True
8,16,swap,mean_frac_components_zero,SEED (theta and shot noise both fresh per seed),20,0.13982375000000002,0.0009877364806785034,0.139625,0.139165625,0.1405,0.1381875,0.141725,0.1382171875,0.1415171875,0.13941,0.14024937499999995,0.00021522800093110869,0.14115,True
8,64,loschmidt,p_vector_zero,SEED (theta and shot noise both fresh per seed),20,0.6020800000000001,0.017115600762862046,0.6004499999999999,0.590275,0.614825,0.5695,0.6375,0.5733475,0.6300899999999999,0.5949545000000002,0.609260125,0.0036533848371676616,0.5938,True
8,64,loschmidt,median_cos,SEED (theta and shot noise both fresh per seed),20,0.0,0.0,0.0,0.0,0.0,0.0,0.0,0.0,0.0,0.0,0.0,0.0,0.0,True
8,64,loschmidt,median_cos_given_nonzero,SEED (theta and shot noise both fresh per seed),20,0.7657580478364933,0.018715351083243077,0.7600751823530236,0.7524880164215394,0.7813822972443241,0.7412266197752122,0.797693643909835,0.7417337382869599,0.7966407128609289,0.7579752215068447,0.774043053951778,0.004098812147150126,0.7368046381876702,False
8,64,loschmidt,p_dot_gt_0,SEED (theta and shot noise both fresh per seed),20,0.33274499999999996,0.01577964961921725,0.33340000000000003,0.317625,0.34065,0.304,0.3651,0.30837,0.3605875,0.32619487499999994,0.339385375,0.0033634639609155382,0.3353,True
8,64,loschmidt,mean_frac_component_signs_correct,SEED (theta and shot noise both fresh per seed),20,0.12342687500000002,0.010321935695241981,0.12501875,0.115890625,0.12944375000000002,0.1042,0.1424125,0.1053578125,0.142258125,0.11909623437499998,0.12768821875,0.002220019743222299,0.120975,True
8,64,loschmidt,median_log10_norm_ratio,SEED (theta and shot noise both fresh per seed),20,0.3316383253403473,0.03712085354020095,0.3330332764856796,0.3083769166250758,0.3497819203444494,0.2677597635793226,0.4122259193750846,0.27435661131559336,0.3995713192685104,0.316103794165571,0.3474961359404123,0.00802072487237622,0.3644488455946195,True
8,64,loschmidt,mean_frac_components_zero,SEED (theta and shot noise both fresh per seed),20,0.8582181249999999,0.011393958662234577,0.8569625000000001,0.8513968749999999,0.865634375,0.8365625,0.879025,0.83734625,0.8778434374999999,0.853456109375,0.8629619375,0.002446218478010813,0.859875,True
8,64,swap,p_vector_zero,SEED (theta and shot noise both fresh per seed),20,0.0,0.0,0.0,0.0,0.0,0.0,0.0,0.0,0.0,0.0,0.0,0.0,0.0,True
8,64,swap,median_cos,SEED (theta and shot noise both fresh per seed),20,0.03612447144840518,0.006868898186812094,0.03701760513569587,0.03449997962837745,0.039728359524654644,0.023980857399281026,0.053203599761044426,0.024561086185231253,0.048044298019136344,0.03319240265249404,0.03909264613591193,0.0014954505957161936,0.0433999608081067,True
8,64,swap,median_cos_given_nonzero,SEED (theta and shot noise both fresh per seed),20,0.03612447144840518,0.006868898186812094,0.03701760513569587,0.03449997962837745,0.039728359524654644,0.023980857399281026,0.053203599761044426,0.024561086185231253,0.048044298019136344,0.03319240265249404,0.03909264613591193,0.0014954505957161936,0.0433999608081067,True
8,64,swap,p_dot_gt_0,SEED (theta and shot noise both fresh per seed),20,0.5352500000000001,0.006591980774116058,0.5365500000000001,0.532625,0.53865,0.5212,0.5497,0.52272,0.545995,0.5323798750000001,0.538000125,0.0014357160980762998,0.5429,True
8,64,swap,mean_frac_component_signs_correct,SEED (theta and shot noise both fresh per seed),20,0.475331875,0.00211914625234216,0.47533749999999997,0.47471562500000003,0.477034375,0.4707125,0.4786,0.470890625,0.478493125,0.474390625,0.47619689062500004,0.00046247157681307305,0.477375,True
8,64,swap,median_log10_norm_ratio,SEED (theta and shot noise both fresh per seed),20,2.8249105295798214,0.08784499004241776,2.8262570059226677,2.773769082773363,2.8954942439381735,2.658837592795458,2.9771837934840955,2.6641613333568483,2.955903383425956,2.7867728718492644,2.8611570613517867,0.01890966694156018,2.694882165668574,True
8,64,swap,mean_frac_components_zero,SEED (theta and shot noise both fresh per seed),20,0.06980812500000003,0.0009135608019260633,0.06988125,0.06956875,0.070290625,0.0679375,0.0713875,0.0681571875,0.071280625,0.06940623437499999,0.07019375000000001,0.00020040033477523742,0.0698625,True
8,256,loschmidt,p_vector_zero,SEED (theta and shot noise both fresh per seed),20,0.45161500000000004,0.01768922583174051,0.45495,0.4402,0.4594,0.4234,0.4931,0.4245875,0.48616499999999996,0.44429987499999996,0.45927525,0.0038066718121572145,0.4366,True
8,256,loschmidt,median_cos,SEED (theta and shot noise both fresh per seed),20,0.0,0.0,0.0,0.0,0.0,0.0,0.0,0.0,0.0,0.0,0.0,0.0,0.0,True
8,256,loschmidt,median_cos_given_nonzero,SEED (theta and shot noise both fresh per seed),20,0.8515127908606079,0.013809952902967652,0.8500609899152954,0.8433741729029123,0.8638143960605841,0.8253448077459874,0.8785670389549467,0.8280856853183054,0.8742752454267242,0.8456464461483151,0.8574444165578237,0.003007338403988777,0.8190910432614971,False
8,256,loschmidt,p_dot_gt_0,SEED (theta and shot noise both fresh per seed),20,0.46172499999999994,0.016495768995013302,0.45715,0.45137499999999997,0.474025,0.4266,0.4904,0.4351975,0.4901625,0.4548398749999999,0.46873499999999996,0.0035373888077133175,0.4703,True
8,256,loschmidt,mean_frac_component_signs_correct,SEED (theta and shot noise both fresh per seed),20,0.21484937499999995,0.01430846183839902,0.21570625,0.20395312499999999,0.22248437499999998,0.1920625,0.2441625,0.1933628125,0.2438715625,0.20907917187500002,0.2209306875,0.003045841809564602,0.2157875,True
8,256,loschmidt,median_log10_norm_ratio,SEED (theta and shot noise both fresh per seed),20,0.2123532630498933,0.02899825479569855,0.21388891115114694,0.19941097377220163,0.22624604558361486,0.15931501618155913,0.2657083005391331,0.1620657363876412,0.2616112380626509,0.19995621016206425,0.2247348713902319,0.006277110799271903,0.2138635429413323,True
8,256,loschmidt,mean_frac_components_zero,SEED (theta and shot noise both fresh per seed),20,0.758481875,0.015210943556043187,0.75790625,0.749653125,0.771371875,0.7270375,0.781625,0.7279578125,0.7806690625,0.7520668437499999,0.764661890625,0.0032365826264649377,0.7556875,True
8,256,swap,p_vector_zero,SEED (theta and shot noise both fresh per seed),20,0.0,0.0,0.0,0.0,0.0,0.0,0.0,0.0,0.0,0.0,0.0,0.0,0.0,True
8,256,swap,median_cos,SEED (theta and shot noise both fresh per seed),20,0.060486914988634365,0.006964177519491835,0.05984475721972672,0.05528578057988569,0.06475411701165476,0.05035455633047484,0.07871406265985217,0.0509885328496806,0.07325719411490633,0.05761383065565159,0.06347733498587682,0.0014999785442361756,0.0530107235757451,True
8,256,swap,median_cos_given_nonzero,SEED (theta and shot noise both fresh per seed),20,0.060486914988634365,0.006964177519491835,0.05984475721972672,0.05528578057988569,0.06475411701165476,0.05035455633047484,0.07871406265985217,0.0509885328496806,0.07325719411490633,0.05761383065565159,0.06347733498587682,0.0014999785442361756,0.0530107235757451,True
8,256,swap,p_dot_gt_0,SEED (theta and shot noise both fresh per seed),20,0.55847,0.006147836589959283,0.5569500000000001,0.553175,0.5630499999999999,0.5509,0.5746,0.55128,0.5701350000000001,0.555964875,0.5611550000000001,0.001319499390920768,0.5556,True
8,256,swap,mean_frac_component_signs_correct,SEED (theta and shot noise both fresh per seed),20,0.5027356249999999,0.0028184637793766116,0.50296875,0.501065625,0.50423125,0.4977875,0.509575,0.497799375,0.5081559375,0.50156625,0.5039399999999999,0.0006092683608535821,0.500775,True
8,256,swap,median_log10_norm_ratio,SEED (theta and shot noise both fresh per seed),20,2.524036619128222,0.09046646056939485,2.5354791937537673,2.4706956668503226,2.602122411933578,2.3522252246640134,2.681773326298128,2.3625429103203914,2.6615649369496177,2.4848831310308825,2.5615803238217056,0.019480815554283177,2.4163560229840777,True
8,256,swap,mean_frac_components_zero,SEED (theta and shot noise both fresh per seed),20,0.034679999999999996,0.0007451311258676844,0.0346625,0.034374999999999996,0.034996875000000004,0.0332875,0.03645,0.033346875,0.0360878125,0.03436625,0.035,0.00016078895017777485,0.0359625,True
8,1024,loschmidt,p_vector_zero,SEED (theta and shot noise both fresh per seed),20,0.32315000000000005,0.018245994513576773,0.32515000000000005,0.308775,0.332675,0.2929,0.3635,0.2931375,0.35723,0.315375,0.33099512500000006,0.0039499635553559035,0.3082,True
8,1024,loschmidt,median_cos,SEED (theta and shot noise both fresh per seed),20,0.6150167448900321,0.07586984293459348,0.6066931894657468,0.571383673252029,0.6865370162634541,0.4367701023257737,0.7159037995844779,0.45651366310585295,0.7133914998746438,0.5816830970079954,0.6459539208650925,0.016246607993570476,0.6708969182952574,True
8,1024,loschmidt,median_cos_given_nonzero,SEED (theta and shot noise both fresh per seed),20,0.9172535279192242,0.009696477081682796,0.9158125247544608,0.9114608477896193,0.924156309098672,0.9018590235856834,0.9365617522481127,0.9018849139265375,0.9338823154463097,0.9132013154511889,0.9214151835874503,0.0020942003009455866,0.9024116136450812,True
8,1024,loschmidt,p_dot_gt_0,SEED (theta and shot noise both fresh per seed),20,0.577435,0.01710907038601701,0.57515,0.568125,0.58855,0.5445,0.6032,0.5463525,0.6031525,0.570164875,0.5846401250000001,0.0036867802736868394,0.5973,True
8,1024,loschmidt,mean_frac_component_signs_correct,SEED (theta and shot noise both fresh per seed),20,0.3240537499999999,0.016155914419298104,0.32469375,0.312190625,0.33398125,0.2980125,0.3556,0.2994434375,0.3534625,0.31731293749999995,0.33092045312499996,0.0034445725680700445,0.333225,True
8,1024,loschmidt,median_log10_norm_ratio,SEED (theta and shot noise both fresh per seed),20,0.12390645433549033,0.018157092580732885,0.12646210880897724,0.11408753608101893,0.1368427475333642,0.08406007538877572,0.15039059986955167,0.08753053881092843,0.14811060421231415,0.11597760005830483,0.1313242106700263,0.003905244329799806,0.1141449601724146,True
8,1024,loschmidt,mean_frac_components_zero,SEED (theta and shot noise both fresh per seed),20,0.6428375,0.01669502417598854,0.6429,0.6337781250000001,0.654965625,0.6089875,0.6714,0.6129953125000001,0.6679028124999999,0.6357324843750001,0.6497800312500002,0.0035610824304985415,0.633175,True
8,1024,swap,p_vector_zero,SEED (theta and shot noise both fresh per seed),20,0.0,0.0,0.0,0.0,0.0,0.0,0.0,0.0,0.0,0.0,0.0,0.0,0.0,True
8,1024,swap,median_cos,SEED (theta and shot noise both fresh per seed),20,0.0893932198548216,0.010390666722296665,0.09094821675138849,0.0812707230372921,0.09624471989893169,0.07233589185247469,0.1081696247862702,0.07276767316223835,0.10708748076396887,0.08502785359627328,0.09375251267424259,0.0022349751425164766,0.0791225751553481,True
8,1024,swap,median_cos_given_nonzero,SEED (theta and shot noise both fresh per seed),20,0.0893932198548216,0.010390666722296665,0.09094821675138849,0.0812707230372921,0.09624471989893169,0.07233589185247469,0.1081696247862702,0.07276767316223835,0.10708748076396887,0.08502785359627328,0.09375251267424259,0.0022349751425164766,0.0791225751553481,True
8,1024,swap,p_dot_gt_0,SEED (theta and shot noise both fresh per seed),20,0.581885,0.008980814345914832,0.58145,0.5769,0.588525,0.5669,0.5963,0.5672325,0.5963,0.5780648749999999,0.585625,0.0019277047251740767,0.5767,True
8,1024,swap,mean_frac_component_signs_correct,SEED (theta and shot noise both fresh per seed),20,0.522863125,0.003932766526167302,0.5230625,0.521084375,0.526053125,0.515525,0.52845,0.5155665625,0.52833125,0.52119875,0.524478125,0.0008439311694596214,0.5217125,True
8,1024,swap,median_log10_norm_ratio,SEED (theta and shot noise both fresh per seed),20,2.2231869732774268,0.08855928400839438,2.228611468519491,2.1648452923836023,2.296072406960188,2.055418194439272,2.375405663003638,2.0650950482446637,2.357933984270121,2.18478186357738,2.2600208302112375,0.019079025580011767,2.1144683298776057,True
8,1024,swap,mean_frac_components_zero,SEED (theta and shot noise both fresh per seed),20,0.01701875,0.0003193460629078382,0.016993750000000002,0.01671875,0.0173,0.0165125,0.017475,0.01656,0.0174690625,0.016885624999999998,0.017153124999999998,6.891276958168694e-05,0.016925,True
8,4096,loschmidt,p_vector_zero,SEED (theta and shot noise both fresh per seed),20,0.21865500000000004,0.017026928362851714,0.21675,0.205725,0.23015,0.1867,0.2532,0.19197250000000002,0.250065,0.211399875,0.226025375,0.0037184732452496287,0.2093,True
8,4096,loschmidt,median_cos,SEED (theta and shot noise both fresh per seed),20,0.887989355402663,0.021035647063828055,0.8911888237595393,0.8760428600903853,0.9050097539533132,0.8321779551091038,0.9154748439060396,0.8442442603237252,0.9131641527528174,0.8787451093339318,0.8963692846440597,0.004502868819493413,0.9015516494560736,True
8,4096,loschmidt,median_cos_given_nonzero,SEED (theta and shot noise both fresh per seed),20,0.958948212237515,0.006394342136871697,0.9599198327632823,0.9558970638884776,0.9621660587784195,0.9458512921837751,0.9738370752584502,0.9479025304006903,0.9708194000276479,0.9562744148075512,0.9616542439467464,0.0013805995151414778,0.9576936784711224,True
8,4096,loschmidt,p_dot_gt_0,SEED (theta and shot noise both fresh per seed),20,0.6797900000000001,0.018197712406841284,0.6832,0.666975,0.6916,0.6479,0.7086,0.648945,0.707745,0.671925,0.687475,0.003961115393529938,0.7018,True
8,4096,loschmidt,mean_frac_component_signs_correct,SEED (theta and shot noise both fresh per seed),20,0.43833500000000003,0.01789631761593781,0.43574375,0.425078125,0.449628125,0.4099625,0.4733,0.4129846875,0.47192249999999997,0.4309511875,0.4459814218750001,0.0038410023064462634,0.455875,True
8,4096,loschmidt,median_log10_norm_ratio,SEED (theta and shot noise both fresh per seed),20,0.061476569383122036,0.010110735452582746,0.0620211635811855,0.056219422177985555,0.06707937011083435,0.041373828389446955,0.07679564710365262,0.04234363820517228,0.07674925455471783,0.057171774257106234,0.06570082843871143,0.0021659446732635664,0.0531505132065665,True
8,4096,loschmidt,mean_frac_components_zero,SEED (theta and shot noise both fresh per seed),20,0.5248587499999999,0.01785685134066561,0.5267124999999999,0.513553125,0.538965625,0.49,0.55385,0.4908253125,0.5514749999999999,0.5172793125,0.5321450625,0.0038381567155328145,0.50735,True
8,4096,swap,p_vector_zero,SEED (theta and shot noise both fresh per seed),20,0.0,0.0,0.0,0.0,0.0,0.0,0.0,0.0,0.0,0.0,0.0,0.0,0.0,True
8,4096,swap,median_cos,SEED (theta and shot noise both fresh per seed),20,0.1279398736407822,0.013370721055414352,0.12880575213780254,0.11729396556119268,0.1347791335532899,0.1029142430565177,0.15464569283286284,0.10717144117899287,0.15292632528686492,0.12236022362348661,0.13366434126127738,0.002874742256077586,0.1187414187678721,True
8,4096,swap,median_cos_given_nonzero,SEED (theta and shot noise both fresh per seed),20,0.1279398736407822,0.013370721055414352,0.12880575213780254,0.11729396556119268,0.1347791335532899,0.1029142430565177,0.15464569283286284,0.10717144117899287,0.15292632528686492,0.12236022362348661,0.13366434126127738,0.002874742256077586,0.1187414187678721,True
8,4096,swap,p_dot_gt_0,SEED (theta and shot noise both fresh per seed),20,0.611625,0.010368163568803965,0.6121,0.6036,0.61855,0.5928,0.6328,0.5947,0.629665,0.6072595,0.6160349999999999,0.0022277661977871312,0.6113,True
8,4096,swap,mean_frac_component_signs_correct,SEED (theta and shot noise both fresh per seed),20,0.54365875,0.005357156889079376,0.5438937500000001,0.5397624999999999,0.5463374999999999,0.53485,0.5547125,0.53523,0.5536140625,0.54146,0.5459581250000001,0.001159184381703098,0.5427125,True
8,4096,swap,median_log10_norm_ratio,SEED (theta and shot noise both fresh per seed),20,1.922888951361712,0.08854688826063288,1.9321790892395205,1.873846752718976,1.9901743984070843,1.7559728984343792,2.074157602231183,1.7652828340583,2.057112042301984,1.8845550841400314,1.9592823997459734,0.019056628702911346,1.8083818828331788,True
8,4096,swap,mean_frac_components_zero,SEED (theta and shot noise both fresh per seed),20,0.00817625,0.0003450996232973892,0.00825625,0.007925,0.0083625,0.00755,0.008775,0.00762125,0.008709687499999999,0.00803375,0.008321265625000003,7.441541999772747e-05,0.008125,True
10,16,loschmidt,p_vector_zero,SEED (theta and shot noise both fresh per seed),20,0.89387,0.011432092408745891,0.8924,0.88665,0.8978999999999999,0.8764,0.9161,0.8782525,0.91591,0.889244875,0.899055125,0.002501957497091171,0.8916,True
10,16,loschmidt,median_cos,SEED (theta and shot noise both fresh per seed),20,0.0,0.0,0.0,0.0,0.0,0.0,0.0,0.0,0.0,0.0,0.0,0.0,0.0,True
10,16,loschmidt,median_cos_given_nonzero,SEED (theta and shot noise both fresh per seed),20,0.5174031264511301,0.022746486088021444,0.5205681024200748,0.5011092391126205,0.5338404138054008,0.47465158320144846,0.5672652231090924,0.47906180125854414,0.5558719629995863,0.5076638548382432,0.5268137691394141,0.004897019312487684,0.5438411058022312,True
10,16,loschmidt,p_dot_gt_0,SEED (theta and shot noise both fresh per seed),20,0.08816,0.010035851522889012,0.0901,0.084975,0.09455,0.0689,0.1051,0.0692325,0.1024875,0.083679875,0.09220512500000001,0.0021957839167597777,0.0871,True
10,16,loschmidt,mean_frac_component_signs_correct,SEED (theta and shot noise both fresh per seed),20,0.016222,0.002875547728145388,0.016455,0.014952499999999999,0.018192499999999997,0.010819999999999998,0.02122,0.01098625,0.020863749999999997,0.014943499999999998,0.017404012499999996,0.0006300392616711394,0.01783,True
10,16,loschmidt,median_log10_norm_ratio,SEED (theta and shot noise both fresh per seed),20,0.7021106480609137,0.08155691553321084,0.7094368626451639,0.6417972052839989,0.7710972342275852,0.5318625482424317,0.8224555871831962,0.5670339844596319,0.8186915121851526,0.6668310539542887,0.7363607162563802,0.01780846493261767,0.6832898418969611,True
10,16,loschmidt,mean_frac_components_zero,SEED (theta and shot noise both fresh per seed),20,0.9807164999999998,0.003302787140391703,0.980375,0.9788375,0.9822599999999999,0.97495,0.98677,0.975387,0.9866845000000001,0.979369475,0.9821850375000001,0.0007240901052308408,0.9785,True
10,16,swap,p_vector_zero,SEED (theta and shot noise both fresh per seed),20,0.0,0.0,0.0,0.0,0.0,0.0,0.0,0.0,0.0,0.0,0.0,0.0,0.0,True
10,16,swap,median_cos,SEED (theta and shot noise both fresh per seed),20,0.002755639079356481,0.002524425941496599,0.0024381371636693914,0.0012245105475365329,0.0045168770323771815,-0.0009549934638705109,0.008319118062527053,-0.0008933516386687877,0.007201063907116531,0.0016962299173654861,0.0038642722071336507,0.0005545497572131352,0.0018921417729045,True
10,16,swap,median_cos_given_nonzero,SEED (theta and shot noise both fresh per seed),20,0.002755639079356481,0.002524425941496599,0.0024381371636693914,0.0012245105475365329,0.0045168770323771815,-0.0009549934638705109,0.008319118062527053,-0.0008933516386687877,0.007201063907116531,0.0016962299173654861,0.0038642722071336507,0.0005545497572131352,0.0018921417729045,True
10,16,swap,p_dot_gt_0,SEED (theta and shot noise both fresh per seed),20,0.5041100000000001,0.003654398935385596,0.50405,0.5017,0.506525,0.4981,0.5117,0.498575,0.5106075,0.5025649999999999,0.505695,0.00080189768422448,0.5029,True
10,16,swap,mean_frac_component_signs_correct,SEED (theta and shot noise both fresh per seed),20,0.43112949999999994,0.001315804636754728,0.43093000000000004,0.4304975,0.43174749999999995,0.42861000000000005,0.4336199999999999,0.42878574999999997,0.4334727499999999,0.4305674875,0.43168749999999995,0.0002874776913214126,0.42822,False
10,16,swap,median_log10_norm_ratio,SEED (theta and shot noise both fresh per seed),20,4.328381823684623,0.1311419476779135,4.330560023841199,4.2442441115441,4.41064946336542,4.10306535983548,4.61254665594714,4.117352964995679,4.559962321716149,4.271622781861019,4.384536287980108,0.028561265273751107,4.257448910752912,True
10,16,swap,mean_frac_components_zero,SEED (theta and shot noise both fresh per seed),20,0.14001550000000001,0.0009776312672663706,0.1402,0.13922,0.14068750000000002,0.13847,0.14173000000000002,0.138584,0.14155900000000002,0.13960500000000003,0.14042301250000003,0.00021167202367001925,0.1392,True
10,64,loschmidt,p_vector_zero,SEED (theta and shot noise both fresh per seed),20,0.7985099999999999,0.014612500056278416,0.7967500000000001,0.790225,0.802275,0.7729,0.8288,0.776605,0.8274225,0.7925348750000001,0.8051203749999999,0.003190112371318279,0.8016,True
10,64,loschmidt,median_cos,SEED (theta and shot noise both fresh per seed),20,0.0,0.0,0.0,0.0,0.0,0.0,0.0,0.0,0.0,0.0,0.0,0.0,0.0,True
10,64,loschmidt,median_cos_given_nonzero,SEED (theta and shot noise both fresh per seed),20,0.6168996466936967,0.02895391499453,0.6229724411489191,0.5961087660805835,0.6388171031845243,0.5693462317372107,0.6632186512571809,0.5696203389411862,0.6617117768273034,0.6043758115524385,0.6291602793632833,0.006340287170137157,0.6652829398980102,False
10,64,loschmidt,p_dot_gt_0,SEED (theta and shot noise both fresh per seed),20,0.165835,0.014057299096723269,0.16804999999999998,0.1586,0.174925,0.1386,0.1884,0.1402625,0.18478999999999998,0.15955474999999997,0.17157525,0.00307637965125724,0.1586,True
10,64,loschmidt,mean_frac_component_signs_correct,SEED (theta and shot noise both fresh per seed),20,0.042077500000000004,0.006076524175269245,0.04234500000000001,0.039825,0.04668,0.03073,0.05149,0.03075375,0.05027875,0.03936542500000001,0.0445695,0.0013330995738215317,0.04383,True
10,64,loschmidt,median_log10_norm_ratio,SEED (theta and shot noise both fresh per seed),20,0.511185456028165,0.06675151172786388,0.5062498136600849,0.4643243170732871,0.5889587892089728,0.3979011039189575,0.6147628929305655,0.4152254771541588,0.6089230379773207,0.48331576956476335,0.5405049251215247,0.014584940023400111,0.4867497973440923,True
10,64,loschmidt,mean_frac_components_zero,SEED (theta and shot noise both fresh per seed),20,0.9507825000000001,0.006607942489714062,0.9504649999999999,0.9458525000000001,0.953695,0.9401400000000002,0.9636100000000001,0.9416505000000002,0.9632110000000002,0.9480598749999999,0.9537095250000001,0.0014498061260474575,0.94801,True
10,64,swap,p_vector_zero,SEED (theta and shot noise both fresh per seed),20,0.0,0.0,0.0,0.0,0.0,0.0,0.0,0.0,0.0,0.0,0.0,0.0,0.0,True
10,64,swap,median_cos,SEED (theta and shot noise both fresh per seed),20,0.007251387863784849,0.005141062160900953,0.006941896944437966,0.0033351483618978338,0.010484118661983868,-0.001468555299991851,0.01875987096152585,-0.00038239565255221235,0.016524162584903048,0.0050957236713962,0.009393036887776046,0.0011090551723491376,0.0128057076963912,True
10,64,swap,median_cos_given_nonzero,SEED (theta and shot noise both fresh per seed),20,0.007251387863784849,0.005141062160900953,0.006941896944437966,0.0033351483618978338,0.010484118661983868,-0.001468555299991851,0.01875987096152585,-0.00038239565255221235,0.016524162584903048,0.0050957236713962,0.009393036887776046,0.0011090551723491376,0.0128057076963912,True
10,64,swap,p_dot_gt_0,SEED (theta and shot noise both fresh per seed),20,0.5087649999999999,0.006079497468844302,0.5078,0.5046,0.512775,0.4977,0.5212,0.49940999999999997,0.5196325,0.50621,0.5113100000000002,0.0013114440784016879,0.515,True
10,64,swap,mean_frac_component_signs_correct,SEED (theta and shot noise both fresh per seed),20,0.4674664999999999,0.0015135537651500854,0.46724,0.46641499999999997,0.4684775,0.46535999999999994,0.47146000000000005,0.46538375,0.47049575,0.46684347499999995,0.4681380125,0.00032993596275154695,0.4681799999999999,True
10,64,swap,median_log10_norm_ratio,SEED (theta and shot noise both fresh per seed),20,4.0227133965571,0.1311580300256955,4.022754347982511,3.9384667906223316,4.10969995304643,3.7984893586609436,4.2995928496587865,3.8105340914261827,4.2494488270727535,3.965849151256048,4.078654858224264,0.028563599539940285,3.954955902390732,True
10,64,swap,mean_frac_components_zero,SEED (theta and shot noise both fresh per seed),20,0.07015700000000001,0.0005711401339702734,0.07020499999999999,0.06969,0.07072,0.06932999999999999,0.07118,0.06934425,0.0710565,0.0699175,0.0703985125,0.00012457517323804533,0.0707899999999999,True
10,256,loschmidt,p_vector_zero,SEED (theta and shot noise both fresh per seed),20,0.67982,0.018339591914187933,0.67785,0.668875,0.68845,0.6469,0.7193,0.649085,0.717685,0.67215975,0.68776575,0.0040005912613504694,0.6889,True
10,256,loschmidt,median_cos,SEED (theta and shot noise both fresh per seed),20,0.0,0.0,0.0,0.0,0.0,0.0,0.0,0.0,0.0,0.0,0.0,0.0,0.0,True
10,256,loschmidt,median_cos_given_nonzero,SEED (theta and shot noise both fresh per seed),20,0.7282034573717143,0.02106554328129863,0.7329296774035403,0.7158321320304759,0.7418784161377409,0.6816987785196185,0.7604660809152929,0.6900076970894468,0.758814882048939,0.718952036546008,0.7368449303971365,0.004591707315432496,0.761383869923418,False
10,256,loschmidt,p_dot_gt_0,SEED (theta and shot noise both fresh per seed),20,0.2637550000000001,0.01657266217537024,0.26544999999999996,0.25529999999999997,0.273325,0.2314,0.2937,0.23154249999999998,0.2920375,0.256659875,0.27068037500000003,0.0036172226230687336,0.2505,True
10,256,loschmidt,mean_frac_component_signs_correct,SEED (theta and shot noise both fresh per seed),20,0.088844,0.00962141821256371,0.09128,0.0851725,0.0947325,0.0696,0.10434,0.07122925,0.102307,0.08457377500000002,0.09276922499999998,0.002108151256315067,0.08556,True
10,256,loschmidt,median_log10_norm_ratio,SEED (theta and shot noise both fresh per seed),20,0.37301181867682603,0.03903116580962788,0.3680376236880181,0.3430194234632975,0.4007810931012979,0.299267881822905,0.4434357604807397,0.30566980970600455,0.43830924196817794,0.35685254679001943,0.39016094766515486,0.00850900273913124,0.3742242852608269,True
10,256,loschmidt,mean_frac_components_zero,SEED (theta and shot noise both fresh per seed),20,0.8982205000000001,0.010585565382807085,0.8956000000000002,0.8924525000000001,0.9026449999999999,0.88065,0.9198400000000001,0.8831675,0.917579,0.8939129875,0.9029110125000002,0.00231930706956691,0.90079,True
10,256,swap,p_vector_zero,SEED (theta and shot noise both fresh per seed),20,0.0,0.0,0.0,0.0,0.0,0.0,0.0,0.0,0.0,0.0,0.0,0.0,0.0,True
10,256,swap,median_cos,SEED (theta and shot noise both fresh per seed),20,0.014782722355801641,0.006088344520603481,0.01517734073889999,0.01188436191748797,0.018183221367140342,0.00233149778066222,0.02537527567550965,0.003909768168640331,0.024455820165135613,0.012143211360248849,0.017389437357493688,0.0013451345061836414,0.0162792567523905,True
10,256,swap,median_cos_given_nonzero,SEED (theta and shot noise both fresh per seed),20,0.014782722355801641,0.006088344520603481,0.01517734073889999,0.01188436191748797,0.018183221367140342,0.00233149778066222,0.02537527567550965,0.003909768168640331,0.024455820165135613,0.012143211360248849,0.017389437357493688,0.0013451345061836414,0.0162792567523905,True
10,256,swap,p_dot_gt_0,SEED (theta and shot noise both fresh per seed),20,0.5169,0.006617679669682303,0.51725,0.514125,0.52125,0.5034,0.5282,0.5043025,0.527345,0.5139848749999999,0.5197351250000001,0.0014606152404788555,0.5197,True
10,256,swap,mean_frac_component_signs_correct,SEED (theta and shot noise both fresh per seed),20,0.48698499999999995,0.002114753936165218,0.48733,0.48524750000000005,0.48836749999999995,0.48355,0.49004,0.48376375,0.48994499999999996,0.48607848749999993,0.4878700124999999,0.0004610046744892303,0.4877200000000001,True
10,256,swap,median_log10_norm_ratio,SEED (theta and shot noise both fresh per seed),20,3.7254507337274765,0.12868684015369,3.7210195358910143,3.6421051339885975,3.81056343174535,3.5073301163952717,4.001178343399628,3.5208490684958265,3.9553252766581095,3.669966938991575,3.7803634252808274,0.028020552286787733,3.6587300371403697,True
10,256,swap,mean_frac_components_zero,SEED (theta and shot noise both fresh per seed),20,0.035384000000000006,0.0007224840191275771,0.035515000000000005,0.0347225,0.035737500000000005,0.03415,0.0368,0.03426875,0.03670025,0.0350794875,0.0356965,0.00015643895323827286,0.03556,True
10,1024,loschmidt,p_vector_zero,SEED (theta and shot noise both fresh per seed),20,0.5525649999999999,0.0208204675360822,0.55115,0.543075,0.5675,0.5154,0.5899,0.517775,0.5887125,0.54365425,0.5613852500000002,0.004541109455037648,0.5533,True
10,1024,loschmidt,median_cos,SEED (theta and shot noise both fresh per seed),20,0.0,0.0,0.0,0.0,0.0,0.0,0.0,0.0,0.0,0.0,0.0,0.0,0.0,True
10,1024,loschmidt,median_cos_given_nonzero,SEED (theta and shot noise both fresh per seed),20,0.814955945240462,0.017982471226649196,0.8139543470999948,0.8034293789886708,0.8261022336557694,0.7796410663063149,0.8435353109234452,0.7835785428677253,0.8422059054882605,0.8070938944586828,0.8225879025407168,0.00390468151049069,0.8224473870789073,True
10,1024,loschmidt,p_dot_gt_0,SEED (theta and shot noise both fresh per seed),20,0.36993,0.01966862583164526,0.3729,0.357225,0.376625,0.3285,0.4092,0.333155,0.40559,0.36153500000000005,0.37829512500000007,0.004287410429982097,0.363,True
10,1024,loschmidt,mean_frac_component_signs_correct,SEED (theta and shot noise both fresh per seed),20,0.15659050000000002,0.013570584471375465,0.16065000000000002,0.1518475,0.1648,0.12639,0.17823,0.13076949999999998,0.1743255,0.1505114625,0.16209501250000005,0.002975153351729088,0.14848,True
10,1024,loschmidt,median_log10_norm_ratio,SEED (theta and shot noise both fresh per seed),20,0.2724345264701601,0.030022964437458947,0.27441827535671914,0.24507706629108736,0.29014438804850007,0.23422175038514376,0.35401049633829895,0.23553788313389928,0.33094597147107163,0.2603281220813,0.28600867250692197,0.006584982678091592,0.2993520009414425,True
10,1024,loschmidt,mean_frac_components_zero,SEED (theta and shot noise both fresh per seed),20,0.8236380000000001,0.014517162474663873,0.820075,0.8142950000000001,0.8293275,0.8016300000000001,0.85588,0.8052257500000001,0.85125825,0.8177414625,0.8301306875000001,0.0031833793561204505,0.8316,True
10,1024,swap,p_vector_zero,SEED (theta and shot noise both fresh per seed),20,0.0,0.0,0.0,0.0,0.0,0.0,0.0,0.0,0.0,0.0,0.0,0.0,0.0,True
10,1024,swap,median_cos,SEED (theta and shot noise both fresh per seed),20,0.026588664021900087,0.006144929140450559,0.02709867891011178,0.02265042148739143,0.030424498734701343,0.015664741188396263,0.03677298595435978,0.01600012727394426,0.036333719268166725,0.023967329124770138,0.0291704647059594,0.0013365613719645893,0.0260637822333013,True
10,1024,swap,median_cos_given_nonzero,SEED (theta and shot noise both fresh per seed),20,0.026588664021900087,0.006144929140450559,0.02709867891011178,0.02265042148739143,0.030424498734701343,0.015664741188396263,0.03677298595435978,0.01600012727394426,0.036333719268166725,0.023967329124770138,0.0291704647059594,0.0013365613719645893,0.0260637822333013,True
10,1024,swap,p_dot_gt_0,SEED (theta and shot noise both fresh per seed),20,0.5302899999999999,0.0058868184598259475,0.5298499999999999,0.52785,0.534525,0.5194,0.5414,0.519875,0.5402125,0.5277700000000001,0.5327401250000001,0.0012810822097572715,0.5276,True
10,1024,swap,mean_frac_component_signs_correct,SEED (theta and shot noise both fresh per seed),20,0.49957799999999997,0.0018646788915041128,0.49983500000000003,0.4989825,0.5004774999999999,0.4947700000000001,0.5024,0.4953685,0.50217675,0.4987279375,0.5003110125000002,0.00040606311056848294,0.50067,True
10,1024,swap,median_log10_norm_ratio,SEED (theta and shot noise both fresh per seed),20,3.421374017208273,0.1329041761621469,3.417049300693968,3.3368030619430584,3.508460452830124,3.1936620543756424,3.7052455792331704,3.2091490969296963,3.6573680881601174,3.3639983567270213,3.478280194775194,0.028930359949490676,3.35707738379789,True
10,1024,swap,mean_frac_components_zero,SEED (theta and shot noise both fresh per seed),20,0.01751,0.0004720503987365846,0.017455000000000002,0.017287500000000004,0.01787,0.01645,0.01844,0.0166685,0.018307,0.017308500000000004,0.017711499999999998,0.0001020752084622695,0.01734,True
10,4096,loschmidt,p_vector_zero,SEED (theta and shot noise both fresh per seed),20,0.42726500000000006,0.02085562589755933,0.4264,0.41100000000000003,0.44020000000000004,0.3921,0.4618,0.3957575,0.4614675,0.41846487499999996,0.436155,0.004546641152342085,0.4153,True
10,4096,loschmidt,median_cos,SEED (theta and shot noise both fresh per seed),20,0.00974664652596053,0.03086969686522433,0.0,0.0,0.0,0.0,0.119897962937008,0.0,0.09858804014347537,0.0,0.025488191198771458,0.006710783359471334,0.0,True
10,4096,loschmidt,median_cos_given_nonzero,SEED (theta and shot noise both fresh per seed),20,0.8826513039761059,0.0123793522104061,0.8845919063139392,0.8724545181844586,0.8902858381932632,0.8636807212021897,0.9056910337251527,0.8640724285087418,0.9020305644392345,0.877286742183841,0.8879253642435323,0.0027069490142558683,0.8709800384567971,True
10,4096,loschmidt,p_dot_gt_0,SEED (theta and shot noise both fresh per seed),20,0.478055,0.020455046346870773,0.4806,0.4678,0.49045000000000005,0.4375,0.5118,0.44149,0.5097575,0.46915500000000004,0.48657012499999985,0.004461356858566347,0.4799,True
10,4096,loschmidt,mean_frac_component_signs_correct,SEED (theta and shot noise both fresh per seed),20,0.2408705,0.016727401558363355,0.24426499999999998,0.23657750000000002,0.250435,0.20277000000000003,0.27197,0.20833225000000002,0.26791349999999997,0.2334339,0.24769957499999995,0.003661444030530658,0.23037,True
10,4096,loschmidt,median_log10_norm_ratio,SEED (theta and shot noise both fresh per seed),20,0.1830327133645515,0.022227766457852172,0.18196849483446556,0.16979602835076155,0.19360757350149466,0.14673519553300085,0.24029458794461514,0.14951457402214222,0.22751655429031548,0.17412321445012685,0.19311909522024018,0.004860666926402041,0.214622400839277,True
10,4096,loschmidt,mean_frac_components_zero,SEED (theta and shot noise both fresh per seed),20,0.7334065,0.017409219056519872,0.7296849999999999,0.7237625,0.738685,0.70089,0.77325,0.7052315,0.76749775,0.726312175,0.7411296374999999,0.0038097099241083203,0.74215,True
10,4096,swap,p_vector_zero,SEED (theta and shot noise both fresh per seed),20,0.0,0.0,0.0,0.0,0.0,0.0,0.0,0.0,0.0,0.0,0.0,0.0,0.0,True
10,4096,swap,median_cos,SEED (theta and shot noise both fresh per seed),20,0.038208365649413226,0.007633250390978023,0.040449303918409334,0.03087442672936413,0.04336411497215208,0.024868001398423923,0.051191144494164315,0.025906422116524337,0.050757653742834176,0.034892219820049995,0.041375543019043816,0.0016618491005093267,0.0460953343768397,True
10,4096,swap,median_cos_given_nonzero,SEED (theta and shot noise both fresh per seed),20,0.038208365649413226,0.007633250390978023,0.040449303918409334,0.03087442672936413,0.04336411497215208,0.024868001398423923,0.051191144494164315,0.025906422116524337,0.050757653742834176,0.034892219820049995,0.041375543019043816,0.0016618491005093267,0.0460953343768397,True
10,4096,swap,p_dot_gt_0,SEED (theta and shot noise both fresh per seed),20,0.5421400000000001,0.007880916323960244,0.5418499999999999,0.5357000000000001,0.5483,0.5271,0.555,0.5284300000000001,0.553955,0.53871,0.5453599999999998,0.0017092839592403343,0.5512,True
10,4096,swap,mean_frac_component_signs_correct,SEED (theta and shot noise both fresh per seed),20,0.509613,0.0033139007068312843,0.5094700000000001,0.5079450000000001,0.5124500000000001,0.5031399999999999,0.51596,0.5036149999999999,0.515124,0.5081784874999999,0.5110090249999999,0.0007226012548453461,0.51065,True
10,4096,swap,median_log10_norm_ratio,SEED (theta and shot noise both fresh per seed),20,3.1214644125453352,0.1302925864711478,3.1134588350852033,3.040196396677552,3.199707412204625,2.8937243847541136,3.40853696092248,2.911158181588439,3.3573782046001552,3.065109795772598,3.177411490198856,0.028357095205474442,3.0631078388744712,True
10,4096,swap,mean_frac_components_zero,SEED (theta and shot noise both fresh per seed),20,0.008714000000000003,0.0003085347374454393,0.00865,0.008457500000000001,0.0089575,0.00824,0.00924,0.00828275,0.0091925,0.008584487499999998,0.008847012500000003,6.739217935587051e-05,0.00897,True
12,16,loschmidt,p_vector_zero,SEED (theta and shot noise both fresh per seed),20,0.9564000000000001,0.0058026309822174155,0.9559,0.95255,0.9600249999999999,0.9472,0.9689,0.9473900000000001,0.966715,0.9539900000000001,0.958855,0.0012544180328467613,0.9517,True
12,16,loschmidt,median_cos,SEED (theta and shot noise both fresh per seed),20,0.0,0.0,0.0,0.0,0.0,0.0,0.0,0.0,0.0,0.0,0.0,0.0,0.0,True
12,16,loschmidt,median_cos_given_nonzero,SEED (theta and shot noise both fresh per seed),20,0.4187531187356391,0.04810933978994505,0.41978051973093844,0.39474364297245107,0.44390562738633743,0.3332836138646657,0.5141652454533192,0.34066711690567064,0.5086385609276672,0.3982033802970491,0.43969266442396565,0.010603563835939564,0.3884675196297125,True
12,16,loschmidt,p_dot_gt_0,SEED (theta and shot noise both fresh per seed),20,0.036145000000000004,0.0051600158098493,0.03625,0.03245,0.0395,0.024,0.044,0.026660000000000003,0.0436675,0.033939875,0.038285,0.0011195077466277204,0.0407,True
12,16,loschmidt,mean_frac_component_signs_correct,SEED (theta and shot noise both fresh per seed),20,0.005107083333333333,0.0013443439969605037,0.004804166666666667,0.004385416666666666,0.0062187499999999995,0.0027,0.008008333333333334,0.0030087500000000006,0.007351249999999998,0.004541239583333334,0.0056929166666666664,0.00029435707756484374,0.0056583333333333,True
12,16,loschmidt,median_log10_norm_ratio,SEED (theta and shot noise both fresh per seed),20,0.8589090314404724,0.14321844238458994,0.846715571977573,0.7911504608103574,0.9601361790024268,0.6455233837392963,1.2317682232988125,0.6464045729174439,1.1145192179496073,0.7997454562078059,0.9213809812467072,0.03131093811681827,0.919857313761448,True
12,16,loschmidt,mean_frac_components_zero,SEED (theta and shot noise both fresh per seed),20,0.9938308333333332,0.0015712049330117717,0.9942124999999999,0.99268125,0.9947291666666666,0.9904416666666668,0.99655,0.9911422916666667,0.9961660416666668,0.9931453958333332,0.9944887708333331,0.0003434591727273425,0.993225,True
12,16,swap,p_vector_zero,SEED (theta and shot noise both fresh per seed),20,0.0,0.0,0.0,0.0,0.0,0.0,0.0,0.0,0.0,0.0,0.0,0.0,0.0,True
12,16,swap,median_cos,SEED (theta and shot noise both fresh per seed),20,0.0014397554922319308,0.0036570619607962955,0.0014141677093166436,8.334061925907476e-05,0.0031248674998541753,-0.007676807679689405,0.008570415929052052,-0.005926413818084385,0.008151207378221927,-0.00012392054402634076,0.002971578402509174,0.0007957049168258733,-0.0005411329408634,True
12,16,swap,median_cos_given_nonzero,SEED (theta and shot noise both fresh per seed),20,0.0014397554922319308,0.0036570619607962955,0.0014141677093166436,8.334061925907476e-05,0.0031248674998541753,-0.007676807679689405,0.008570415929052052,-0.005926413818084385,0.008151207378221927,-0.00012392054402634076,0.002971578402509174,0.0007957049168258733,-0.0005411329408634,True
12,16,swap,p_dot_gt_0,SEED (theta and shot noise both fresh per seed),20,0.50235,0.00568705825352153,0.50285,0.5002,0.5055999999999999,0.4879,0.5124,0.4907975,0.5114025,0.4998798749999999,0.504745,0.0012399252181677807,0.499,True
12,16,swap,mean_frac_component_signs_correct,SEED (theta and shot noise both fresh per seed),20,0.4302949999999999,0.0017254891670181755,0.430375,0.42871875000000004,0.43171666666666664,0.4273,0.4327166666666666,0.4275295833333333,0.4326058333333333,0.4295504166666667,0.43101086458333326,0.00037534655886087466,0.4320583333333333,True
12,16,swap,median_log10_norm_ratio,SEED (theta and shot noise both fresh per seed),20,5.483608559055495,0.14512814845557348,5.486502070840321,5.422136637691235,5.589390827952283,5.200334701685717,5.746612279824514,5.211923907449146,5.70329973411885,5.4199556506896505,5.5424485184845285,0.03126803094512261,5.442489909406001,True
12,16,swap,mean_frac_components_zero,SEED (theta and shot noise both fresh per seed),20,0.13983041666666665,0.0008158574356241185,0.13967083333333333,0.13936874999999999,0.14045416666666666,0.13813333333333333,0.1413,0.13853312499999998,0.141216875,0.13948541666666664,0.14017958333333333,0.00017611128247625526,0.1380166666666666,False
12,64,loschmidt,p_vector_zero,SEED (theta and shot noise both fresh per seed),20,0.9060499999999999,0.008867118442520338,0.9048,0.90085,0.913325,0.8925,0.9256,0.8925,0.9216099999999999,0.9023498749999999,0.9098702500000001,0.001923546481651661,0.8989,True
12,64,loschmidt,median_cos,SEED (theta and shot noise both fresh per seed),20,0.0,0.0,0.0,0.0,0.0,0.0,0.0,0.0,0.0,0.0,0.0,0.0,0.0,True
12,64,loschmidt,median_cos_given_nonzero,SEED (theta and shot noise both fresh per seed),20,0.5139945913859798,0.044419680745502094,0.5226043739275903,0.4814048452961005,0.5441882768068238,0.43247042450760115,0.5927335008987459,0.43516811004257194,0.5782161902733017,0.4950087892839167,0.5325835712064779,0.009572665082647168,0.5080861741385473,True
12,64,loschmidt,p_dot_gt_0,SEED (theta and shot noise both fresh per seed),20,0.077125,0.00818052083015694,0.07775,0.071525,0.0815,0.0573,0.0911,0.06238250000000001,0.0901025,0.07356,0.08051,0.0017821045892905578,0.0834,True
12,64,loschmidt,mean_frac_component_signs_correct,SEED (theta and shot noise both fresh per seed),20,0.014713333333333333,0.002842427870471019,0.015245833333333333,0.013029166666666666,0.017375,0.008983333333333333,0.018825,0.009577083333333333,0.018488541666666667,0.013484979166666664,0.01590292708333333,0.0006210833531129399,0.0168416666666666,True
12,64,loschmidt,median_log10_norm_ratio,SEED (theta and shot noise both fresh per seed),20,0.6726604118906647,0.08917476257564537,0.6754839495732188,0.609512617212144,0.7412768944706223,0.5183375467078905,0.8231338613689398,0.5351786620795529,0.8117981765547333,0.6347550987256678,0.7110240681077599,0.01959364010801093,0.6161508968073278,True
12,64,loschmidt,mean_frac_components_zero,SEED (theta and shot noise both fresh per seed),20,0.9825575000000001,0.003276784478794375,0.9820125,0.9796270833333334,0.9845520833333333,0.977675,0.9889166666666666,0.977995625,0.9882675,0.981185375,0.9839675312500001,0.0007154036768649126,0.980025,True
12,64,swap,p_vector_zero,SEED (theta and shot noise both fresh per seed),20,0.0,0.0,0.0,0.0,0.0,0.0,0.0,0.0,0.0,0.0,0.0,0.0,0.0,True
12,64,swap,median_cos,SEED (theta and shot noise both fresh per seed),20,0.001861888733939602,0.005217625774124776,0.0017837346610043497,0.0004032185356894576,0.005376160748875139,-0.013537488381759154,0.009539674692425105,-0.009464199759330558,0.008788125565355458,-0.0005300308248249694,0.003924555467264327,0.0011341828692726388,0.0061706768856654,True
12,64,swap,median_cos_given_nonzero,SEED (theta and shot noise both fresh per seed),20,0.001861888733939602,0.005217625774124776,0.0017837346610043497,0.0004032185356894576,0.005376160748875139,-0.013537488381759154,0.009539674692425105,-0.009464199759330558,0.008788125565355458,-0.0005300308248249694,0.003924555467264327,0.0011341828692726388,0.0061706768856654,True
12,64,swap,p_dot_gt_0,SEED (theta and shot noise both fresh per seed),20,0.5029750000000001,0.0071022513109724895,0.50345,0.50055,0.507325,0.4834,0.5125,0.4880075,0.5118825,0.4997649999999999,0.5058049999999998,0.0015425369472778048,0.5081,True
12,64,swap,mean_frac_component_signs_correct,SEED (theta and shot noise both fresh per seed),20,0.4657795833333333,0.0013931339439093731,0.4657208333333333,0.4644708333333334,0.4669375,0.4635583333333334,0.468175,0.463791875,0.4679295833333333,0.46518996875000007,0.4663775312499999,0.00030598323532857023,0.467675,True
12,64,swap,median_log10_norm_ratio,SEED (theta and shot noise both fresh per seed),20,5.178383512276456,0.14210836880903568,5.178075901769402,5.111219353490771,5.26707697432415,4.911943675516086,5.44238978343305,4.916464588691838,5.3986707800393745,5.116403746549925,5.236198355977404,0.030607437685413613,5.156538615883713,True
12,64,swap,mean_frac_components_zero,SEED (theta and shot noise both fresh per seed),20,0.07006875,0.0007225729439694837,0.07008333333333333,0.06955416666666667,0.07066875,0.06886666666666666,0.07131666666666667,0.06887854166666665,0.07122958333333333,0.06976121874999998,0.07037541666666666,0.00015793492546909883,0.0712166666666666,True
12,256,loschmidt,p_vector_zero,SEED (theta and shot noise both fresh per seed),20,0.8328749999999999,0.013159942209119624,0.8278,0.8236749999999999,0.844075,0.8118,0.8567,0.8158375,0.8555125,0.82743475,0.83859025,0.0028237187998612846,0.8249,True
12,256,loschmidt,median_cos,SEED (theta and shot noise both fresh per seed),20,0.0,0.0,0.0,0.0,0.0,0.0,0.0,0.0,0.0,0.0,0.0,0.0,0.0,True
12,256,loschmidt,median_cos_given_nonzero,SEED (theta and shot noise both fresh per seed),20,0.6189214557984316,0.0314722735177289,0.6167711700315226,0.5980956881953925,0.6319082008408501,0.550418019348066,0.6761778282767301,0.5670513881322056,0.6751567077724302,0.6051961422373738,0.6324386241178324,0.006926269604816105,0.6172784588017967,True
12,256,loschmidt,p_dot_gt_0,SEED (theta and shot noise both fresh per seed),20,0.13727499999999998,0.010642312520757589,0.13945000000000002,0.13055,0.14442500000000003,0.1179,0.1531,0.118565,0.15158,0.13266474999999997,0.14167512500000004,0.0022910237730900777,0.1445,True
12,256,loschmidt,mean_frac_component_signs_correct,SEED (theta and shot noise both fresh per seed),20,0.034835,0.004902065443671177,0.03483333333333333,0.03238958333333333,0.03837708333333333,0.02418333333333333,0.04249166666666667,0.026103125,0.04191770833333333,0.03269319791666667,0.03685594791666665,0.0010705685446645574,0.0393666666666666,True
12,256,loschmidt,median_log10_norm_ratio,SEED (theta and shot noise both fresh per seed),20,0.5148934808749179,0.06720585483542543,0.5021949652054508,0.4612481117795185,0.5512130605048707,0.429836983707308,0.6878938319558499,0.4361033398257426,0.6522308148361456,0.48789794112525725,0.5448111002700101,0.014627377179214328,0.4337557693694815,False
12,256,loschmidt,mean_frac_components_zero,SEED (theta and shot noise both fresh per seed),20,0.9595079166666667,0.00539670510467657,0.9594125,0.9554875,0.9624395833333333,0.9510583333333332,0.97115,0.9517272916666666,0.96908375,0.9572627604166665,0.9618571562499998,0.0011768064446946442,0.9544333333333334,True
12,256,swap,p_vector_zero,SEED (theta and shot noise both fresh per seed),20,0.0,0.0,0.0,0.0,0.0,0.0,0.0,0.0,0.0,0.0,0.0,0.0,0.0,True
12,256,swap,median_cos,SEED (theta and shot noise both fresh per seed),20,0.006018753215824768,0.0038994964365321756,0.005411498357777745,0.002407367130674763,0.00946445890244823,0.000832769346476683,0.01398720863603302,0.0011007520980452152,0.012970691841088455,0.004422938444917052,0.007739947425724894,0.0008560326287187466,0.0025575106528659,True
12,256,swap,median_cos_given_nonzero,SEED (theta and shot noise both fresh per seed),20,0.006018753215824768,0.0038994964365321756,0.005411498357777745,0.002407367130674763,0.00946445890244823,0.000832769346476683,0.01398720863603302,0.0011007520980452152,0.012970691841088455,0.004422938444917052,0.007739947425724894,0.0008560326287187466,0.0025575106528659,True
12,256,swap,p_dot_gt_0,SEED (theta and shot noise both fresh per seed),20,0.507815,0.00500160763628739,0.50705,0.5031749999999999,0.51245,0.501,0.5171,0.5011424999999999,0.5159125,0.5057348749999998,0.509985,0.0010980690682136523,0.504,True
12,256,swap,mean_frac_component_signs_correct,SEED (theta and shot noise both fresh per seed),20,0.48415541666666667,0.0011092423887052853,0.48394583333333335,0.4834104166666667,0.4849479166666667,0.4825916666666666,0.48674166666666663,0.482595625,0.48633791666666665,0.48368540625000006,0.4846391770833335,0.00024119617020575192,0.4835916666666666,True
12,256,swap,median_log10_norm_ratio,SEED (theta and shot noise both fresh per seed),20,4.879687839861252,0.14246909808379918,4.881780727794974,4.823530479969184,4.977668030044537,4.604253954327516,5.141094091716823,4.614048702574626,5.0960689075213335,4.817447185995446,4.937555650210011,0.030702676505461126,4.840715409970008,True
12,256,swap,mean_frac_components_zero,SEED (theta and shot noise both fresh per seed),20,0.03523541666666666,0.0005162340789496617,0.0351375,0.03490833333333333,0.0356,0.03406666666666666,0.036116666666666665,0.03438729166666666,0.03608895833333333,0.035007916666666666,0.03545499999999999,0.0001135178331154419,0.03605,True
12,1024,loschmidt,p_vector_zero,SEED (theta and shot noise both fresh per seed),20,0.738465,0.01829504606515971,0.73715,0.724675,0.7499750000000001,0.7131,0.769,0.71405,0.768715,0.730919875,0.7461651250000001,0.003939822168980479,0.7353,True
12,1024,loschmidt,median_cos,SEED (theta and shot noise both fresh per seed),20,0.0,0.0,0.0,0.0,0.0,0.0,0.0,0.0,0.0,0.0,0.0,0.0,0.0,True
12,1024,loschmidt,median_cos_given_nonzero,SEED (theta and shot noise both fresh per seed),20,0.7021546259450806,0.02866195113476822,0.7038388969957812,0.6776383421914562,0.7236785282500068,0.6553634602650297,0.7604476173200125,0.6568775762468716,0.7490742520369382,0.690072911498004,0.7144971335892325,0.006288287213778621,0.7421174325197685,True
12,1024,loschmidt,p_dot_gt_0,SEED (theta and shot noise both fresh per seed),20,0.21347500000000003,0.015385121828708753,0.21585,0.206675,0.22292499999999998,0.1862,0.2371,0.1869125,0.2350575,0.206929875,0.219835125,0.0033032283252697877,0.2176,True
12,1024,loschmidt,mean_frac_component_signs_correct,SEED (theta and shot noise both fresh per seed),20,0.06951583333333336,0.007430145400496187,0.07040416666666667,0.06536666666666667,0.07236875000000001,0.05335,0.08135833333333334,0.055915,0.081116875,0.06631416666666667,0.07262127083333333,0.001615663179874416,0.0781916666666666,True
12,1024,loschmidt,median_log10_norm_ratio,SEED (theta and shot noise both fresh per seed),20,0.40091734293391096,0.04416737636618636,0.4002780069812991,0.3655827995388175,0.4282744461191682,0.33355198060212254,0.4684699262590343,0.3345945025484375,0.4676969321183199,0.3823513389357983,0.4195082057745196,0.009566541942684947,0.3283371643238429,False
12,1024,loschmidt,mean_frac_components_zero,SEED (theta and shot noise both fresh per seed),20,0.9205125000000001,0.008096995372626049,0.9199958333333333,0.9170791666666667,0.9255145833333333,0.9077416666666668,0.9379666666666668,0.9079,0.9354412500000001,0.9171383958333335,0.9239759479166666,0.0017584956845803886,0.9110666666666668,True
12,1024,swap,p_vector_zero,SEED (theta and shot noise both fresh per seed),20,0.0,0.0,0.0,0.0,0.0,0.0,0.0,0.0,0.0,0.0,0.0,0.0,0.0,True
12,1024,swap,median_cos,SEED (theta and shot noise both fresh per seed),20,0.008814088236830426,0.004234417777971711,0.009084447647611729,0.006595938434577714,0.010637411380392483,0.0016085658874918007,0.020233595047339847,0.0021180234186320376,0.017238365534330783,0.007077391505169209,0.010707776446990598,0.000932506831623666,0.0093659906421922,True
12,1024,swap,median_cos_given_nonzero,SEED (theta and shot noise both fresh per seed),20,0.008814088236830426,0.004234417777971711,0.009084447647611729,0.006595938434577714,0.010637411380392483,0.0016085658874918007,0.020233595047339847,0.0021180234186320376,0.017238365534330783,0.007077391505169209,0.010707776446990598,0.000932506831623666,0.0093659906421922,True
12,1024,swap,p_dot_gt_0,SEED (theta and shot noise both fresh per seed),20,0.511155,0.005310909823927983,0.5113,0.50855,0.512775,0.5018,0.5252,0.503035,0.5222075,0.5090097499999999,0.5135249999999999,0.001169960269219823,0.5095,True
12,1024,swap,mean_frac_component_signs_correct,SEED (theta and shot noise both fresh per seed),20,0.4944358333333333,0.0017575008422548086,0.49411666666666665,0.49326666666666663,0.4958625,0.4917833333333333,0.4978166666666667,0.49189812499999996,0.497630625,0.4937100000000001,0.49520461458333326,0.0003842617554498013,0.4931416666666666,True
12,1024,swap,median_log10_norm_ratio,SEED (theta and shot noise both fresh per seed),20,4.577672544827856,0.14342195516591874,4.575215154440667,4.520411445671547,4.6740592231884035,4.304052857082205,4.838983395631402,4.310974012107928,4.795221348636104,4.5145150100753995,4.635481861799015,0.030895101357749144,4.548797127175069,True
12,1024,swap,mean_frac_components_zero,SEED (theta and shot noise both fresh per seed),20,0.01759166666666666,0.0003626978185795157,0.0175875,0.017347916666666668,0.017804166666666666,0.016858333333333333,0.018166666666666664,0.016937499999999998,0.018158749999999998,0.017435833333333334,0.017740416666666665,7.813799579105431e-05,0.0180916666666666,True
12,4096,loschmidt,p_vector_zero,SEED (theta and shot noise both fresh per seed),20,0.6285650000000002,0.02206021126491384,0.62875,0.6135999999999999,0.642875,0.589,0.6628,0.5909,0.662705,0.619104875,0.6379552500000001,0.004761740261071305,0.63,True
12,4096,loschmidt,median_cos,SEED (theta and shot noise both fresh per seed),20,0.0,0.0,0.0,0.0,0.0,0.0,0.0,0.0,0.0,0.0,0.0,0.0,0.0,True
12,4096,loschmidt,median_cos_given_nonzero,SEED (theta and shot noise both fresh per seed),20,0.7768818939289551,0.023559764192954767,0.7757959673538688,0.7612731260115928,0.7990925122477455,0.7365914862549171,0.8125721509532017,0.7371855842477719,0.8106887608276172,0.7669342146765699,0.7867521546761945,0.005062546773815904,0.8263750601814038,False
12,4096,loschmidt,p_dot_gt_0,SEED (theta and shot noise both fresh per seed),20,0.30312,0.019687682497065595,0.30495000000000005,0.29125,0.31429999999999997,0.2701,0.3414,0.2718575,0.33588999999999997,0.29474999999999996,0.311475125,0.004239977758217224,0.3018,True
12,4096,loschmidt,mean_frac_component_signs_correct,SEED (theta and shot noise both fresh per seed),20,0.12040124999999999,0.01024657027022367,0.12245833333333335,0.11531041666666667,0.12659375,0.09904166666666667,0.13783333333333334,0.09984520833333334,0.13738604166666665,0.11600541666666668,0.12460088541666667,0.00220880825910984,0.1303916666666666,True
12,4096,loschmidt,median_log10_norm_ratio,SEED (theta and shot noise both fresh per seed),20,0.31340668841245317,0.044067316943420094,0.30576342461834577,0.279008147923947,0.34052877095331757,0.255123627137183,0.41506924913497406,0.2585417077453226,0.40002245547672743,0.2954129881623499,0.3320243489157399,0.009408941439023686,0.2814293233623782,True
12,4096,loschmidt,mean_frac_components_zero,SEED (theta and shot noise both fresh per seed),20,0.8645341666666667,0.01094475992138897,0.8621000000000001,0.8579854166666667,0.8705791666666667,0.8459166666666667,0.8867,0.8462175,0.88596375,0.8600274791666667,0.86918259375,0.002357913665780708,0.85425,True
12,4096,swap,p_vector_zero,SEED (theta and shot noise both fresh per seed),20,0.0,0.0,0.0,0.0,0.0,0.0,0.0,0.0,0.0,0.0,0.0,0.0,0.0,True
12,4096,swap,median_cos,SEED (theta and shot noise both fresh per seed),20,0.013718980133704331,0.003872471753341874,0.014195450861558635,0.011377235187813516,0.01635342557146678,0.005871359009892468,0.020520603184396,0.006049250509003609,0.01954657649728551,0.012075421583648245,0.015348291154975753,0.0008374237491638194,0.0084614093202267,True
12,4096,swap,median_cos_given_nonzero,SEED (theta and shot noise both fresh per seed),20,0.013718980133704331,0.003872471753341874,0.014195450861558635,0.011377235187813516,0.01635342557146678,0.005871359009892468,0.020520603184396,0.006049250509003609,0.01954657649728551,0.012075421583648245,0.015348291154975753,0.0008374237491638194,0.0084614093202267,True
12,4096,swap,p_dot_gt_0,SEED (theta and shot noise both fresh per seed),20,0.5172100000000001,0.004737409907489399,0.51755,0.5145000000000001,0.5196999999999999,0.5079,0.5266,0.5082325000000001,0.5246999999999999,0.51522,0.5192301250000001,0.0010250489382855597,0.51,True
12,4096,swap,mean_frac_component_signs_correct,SEED (theta and shot noise both fresh per seed),20,0.5005441666666667,0.0014144360664112502,0.500825,0.4995520833333333,0.50146875,0.4981666666666666,0.5028833333333333,0.49824187499999995,0.5028477083333334,0.49994332291666665,0.5011416770833335,0.00030514350226046707,0.498375,True
12,4096,swap,median_log10_norm_ratio,SEED (theta and shot noise both fresh per seed),20,4.277139170227622,0.14349716300798265,4.277413131912377,4.2136768873844535,4.3759191541949205,4.004467893437192,4.543981832134019,4.013883449055417,4.494805113727032,4.214738463933434,4.335511039514592,0.03092054060525941,4.24325794894955,True
12,4096,swap,mean_frac_components_zero,SEED (theta and shot noise both fresh per seed),20,0.008730416666666666,0.00029753218657278704,0.008670833333333332,0.008529166666666666,0.008931249999999998,0.008216666666666666,0.009358333333333333,0.008244375,0.009287083333333333,0.008603749999999999,0.008858749999999999,6.547939721117603e-05,0.0088416666666666,True
