n,shots,scheme,n_theta,replicates,p_vector_zero,p_dot_gt_0,p_dot_le_0,p_dot_lt_0,median_cos,mean_cos,cos_q10,cos_q25,cos_q75,cos_q90,median_cos_given_nonzero,p_dot_gt_0_given_nonzero,median_log10_norm_ratio,mean_frac_components_zero,mean_frac_component_signs_correct,seed
4,16,loschmidt,400,25,0.2513,0.6627,0.3373,0.086,0.8398640457352342,0.5048196318623553,0.0,0.0,0.9636407640413281,0.9880371863470301,0.9276921606036281,0.8851342326699613,0.10812838296964801,0.564575,0.3888,10000
4,16,swap,400,25,0.0006,0.6592,0.3408,0.3402,0.288943943074357,0.21738300608162153,-0.5579239502488315,-0.18716647043932416,0.673351700903887,0.8602021376379128,0.28946501987632023,0.6595957574544726,0.8871994348521763,0.131625,0.5104,10000
4,64,loschmidt,400,25,0.1293,0.7848,0.2152,0.0859,0.9603172946695371,0.6503905717760321,0.0,0.5499844670206663,0.989067792055679,0.9962013831105406,0.9715053664639652,0.9013437464109337,0.04422897479759075,0.389825,0.5585,10000
4,64,swap,400,25,0.0,0.7269,0.2731,0.2731,0.46788741568931586,0.3414430264103262,-0.47743251434906053,-0.054471400944999054,0.8191422217543434,0.9399208913424693,0.46788741568931586,0.7269,0.5943720676967144,0.058975,0.58775,10000
4,256,loschmidt,400,25,0.0625,0.859,0.141,0.0785,0.9893124798283839,0.7527883416997926,0.0,0.9116990887544242,0.9970454741596323,0.9989477382679182,0.9912058537756548,0.9162666666666667,0.017065798964846265,0.260425,0.6929,10000
4,256,swap,400,25,0.0,0.7809,0.2191,0.2191,0.6404504982844341,0.45353570425749523,-0.3946720435569601,0.08242471275879283,0.9218887188057606,0.9824171141323416,0.6404504982844341,0.7809,0.33655776906598855,0.027575,0.6484,10000
4,1024,loschmidt,400,25,0.032,0.9068,0.0932,0.0612,0.9971156898534265,0.8278442109681918,0.2818890278811571,0.9770472032938161,0.9991906814131745,0.999680190657709,0.9974128643114046,0.9367768595041323,0.005763372355519692,0.171875,0.789575,10000
4,1024,swap,400,25,0.0,0.8263,0.1737,0.1737,0.8194215321740081,0.5602753873165002,-0.3130086262816595,0.25453759871115994,0.9782054143338786,0.995399455387543,0.8194215321740081,0.8263,0.15162824259712218,0.01215,0.7045,10000
4,4096,loschmidt,400,25,0.0139,0.9447,0.0553,0.0414,0.9992414098661382,0.8915960928423007,0.9037346656009567,0.9942729773596086,0.9997935542748743,0.999921518530949,0.9992696317551496,0.9580164283541223,0.002157947844659198,0.1118,0.8595,10000
4,4096,swap,400,25,0.0,0.8628,0.1372,0.1372,0.9322530752145901,0.6544028857313248,-0.1855731919563141,0.45973376301281454,0.99414970418765,0.9987420249637944,0.9322530752145901,0.8628,0.05370280301794682,0.00515,0.756975,10000
6,16,loschmidt,400,25,0.5543,0.3769,0.6231,0.0688,0.0,0.23069699458264326,0.0,0.0,0.7413203352830017,0.9375864779144533,0.7920868751095075,0.8456360780794256,0.31195701299522555,0.8354666666666668,0.14221666666666666,10000
6,16,swap,400,25,0.0,0.5528,0.4472,0.4472,0.05902994970273491,0.055259119854854155,-0.5159743309128042,-0.2638825123074537,0.38012126916564837,0.616368751175304,0.05902994970273491,0.5528,2.151261223414318,0.13748333333333332,0.4487333333333334,10000
6,64,loschmidt,400,25,0.3806,0.5278,0.4722,0.0916,0.2985087804949348,0.3634732518150771,0.0,0.0,0.9247960611765944,0.9799201631720876,0.8830277124329449,0.852114949951566,0.18275888091336906,0.7043666666666666,0.2619833333333333,10000
6,64,swap,400,25,0.0,0.5797,0.4203,0.4203,0.10609906347333198,0.09412641985979318,-0.4976840514010477,-0.23976056740053675,0.43637249660181665,0.6768259917570216,0.10609906347333198,0.5797,1.8535141838198905,0.06843333333333333,0.4959833333333333,10000
6,256,loschmidt,400,25,0.2434,0.6491,0.3509,0.1075,0.8374912875560179,0.4811812171517528,-0.2145118038131333,0.0,0.9771878699322754,0.9934132723572435,0.9424355234053223,0.8579169970922548,0.10014500379201424,0.5646,0.3950666666666667,10000
6,256,swap,400,25,0.0,0.6199,0.3801,0.3801,0.1652324338434526,0.15689475572483474,-0.474434331703577,-0.18938404680034684,0.5227148107977788,0.7814299482274817,0.1652324338434526,0.6199,1.5536716310048009,0.03335,0.5369333333333334,10000
6,1024,loschmidt,400,25,0.1415,0.748,0.252,0.1105,0.9579388938772012,0.5918180691046843,-0.338224769676406,0.0,0.993409283057704,0.9980328706232999,0.9760389148100881,0.8712871287128713,0.04629487205404871,0.4346666666666666,0.52195,10000
6,1024,swap,400,25,0.0,0.6676,0.3324,0.3324,0.25827897414840967,0.23430278700663684,-0.44135111622262774,-0.13137321982885694,0.6377329104144445,0.8932498314014014,0.25827897414840967,0.6676,1.2383786463992614,0.01555,0.5704666666666667,10000
6,4096,loschmidt,400,25,0.0791,0.8295,0.1705,0.0914,0.9881840248025404,0.7058907247536959,0.0,0.8068796206742221,0.9981657457883784,0.9994417557939133,0.9914976166751364,0.9007492670213921,0.016328853795258388,0.32488333333333336,0.6349,10000
6,4096,swap,400,25,0.0,0.7027,0.2973,0.2973,0.3404387388393706,0.3099411483475544,-0.4145179942552971,-0.08124299094077556,0.7739946361048224,0.9644813989989964,0.3404387388393706,0.7027,0.9458060736759479,0.007983333333333334,0.60175,10000
8,16,loschmidt,400,25,0.7327,0.2325,0.7675,0.0348,0.0,0.12537948212640748,0.0,0.0,0.0,0.751099983627114,0.6452861580260584,0.8698092031425365,0.4085978646985317,0.9219,0.067525,10000
8,16,swap,400,25,0.0,0.5213,0.4787,0.4787,0.017423811678206308,0.016552503838871947,-0.4649928800096547,-0.2504325062643594,0.2825004925318714,0.49560794101523586,0.017423811678206308,0.5213,3.020504479860837,0.141725,0.432925,10000
8,64,loschmidt,400,25,0.5839,0.3556,0.6444,0.0605,0.0,0.2161578922684012,0.0,0.0,0.6600940097784225,0.9216764369750285,0.7613365081734309,0.8546022590723383,0.28164786407673476,0.8382125,0.1424125,10000
8,64,swap,400,25,0.0,0.5358,0.4642,0.4642,0.03530814753287228,0.038110169406739225,-0.4447868131837295,-0.22763842744285856,0.3050836597729154,0.5303200484871613,0.03530814753287228,0.5358,2.726360494509639,0.0686375,0.4750625,10000
8,256,loschmidt,400,25,0.4417,0.479,0.521,0.0793,0.0,0.3292009454486713,0.0,0.0,0.89649273874634,0.9751194053898417,0.8672341627282903,0.8579616693533942,0.16510600608910037,0.728975,0.24355,10000
8,256,swap,400,25,0.0,0.5632,0.4368,0.4368,0.06722591835470307,0.07170477818792702,-0.43574542419734225,-0.21427370006436922,0.35456784441784295,0.5909233285877026,0.06722591835470307,0.5632,2.4195456400097637,0.0332875,0.5065875,10000
8,1024,loschmidt,400,25,0.3289,0.5779,0.4221,0.0932,0.6880053794479388,0.43086355296742657,0.0,0.0,0.9655324548546095,0.9917021148893285,0.9295045990749783,0.8611235285352407,0.08406007538877572,0.617425,0.3511,10000
8,1024,swap,400,25,0.0,0.5902,0.4098,0.4098,0.09660027899612722,0.10757604211542944,-0.42318186764478904,-0.19273780766133344,0.3966544415153934,0.654692075140053,0.09660027899612722,0.5902,2.119111636149888,0.016725,0.52845,10000
8,4096,loschmidt,400,25,0.2301,0.6747,0.3253,0.0952,0.9106102309518875,0.5353113719765284,0.0,0.0,0.9897048273979169,0.9975212022389879,0.9674840747725507,0.8763475776074815,0.041373828389446955,0.5092875,0.4570375,10000
8,4096,swap,400,25,0.0,0.6262,0.3738,0.3738,0.15102597168339357,0.16540198181769322,-0.4075291613137228,-0.15522512731797267,0.4800694213533071,0.7771741676738873,0.15102597168339357,0.6262,1.8165223797469106,0.00755,0.5547125,10000
10,16,loschmidt,400,25,0.8843,0.0943,0.9057,0.0214,0.0,0.0410323021450646,0.0,0.0,0.0,0.0,0.5203087487321255,0.8150388936905791,0.7649460072363528,0.98109,0.01549,10000
10,16,swap,400,25,0.0,0.5094,0.4906,0.4906,0.005965319840610171,0.004234184112322463,-0.42169386997892067,-0.22329507656155184,0.23269123710304362,0.4224936393212275,0.005965319840610171,0.5094,4.459731555234274,0.14038,0.43075,10000
10,64,loschmidt,400,25,0.7849,0.178,0.822,0.0371,0.0,0.08821867243596546,0.0,0.0,0.0,0.6708589200137208,0.6395317507352675,0.8275220827522083,0.4782639894060684,0.95083,0.04198,10000
10,64,swap,400,25,0.0,0.5122,0.4878,0.4878,0.009874657014644784,0.008811536178029437,-0.4186293348545805,-0.22301437163385973,0.24119661107359985,0.43714979025931944,0.009874657014644784,0.5122,4.153700503314882,0.06995,0.46881000000000006,10000
10,256,loschmidt,400,25,0.6788,0.2641,0.7359,0.0571,0.0,0.1510249683747719,0.0,0.0,0.16741606203828346,0.8866580658494957,0.746572146410531,0.8222291407222914,0.299267881822905,0.8955800000000002,0.09017,10000
10,256,swap,400,25,0.0,0.5214,0.4786,0.4786,0.019523936921471828,0.019060719648272238,-0.40407135593506494,-0.21110306887720146,0.25153625562240445,0.4384121500233777,0.019523936921471828,0.5214,3.850506732921727,0.035620000000000006,0.4868700000000001,10000
10,1024,loschmidt,400,25,0.5552,0.3699,0.6301,0.0749,0.0,0.2361509493204996,0.0,0.0,0.7865086832493787,0.9624236756429894,0.8407365626388457,0.8316097122302158,0.23422175038514376,0.81715,0.16221000000000002,10000
10,1024,swap,400,25,0.0,0.528,0.472,0.472,0.023361061085296606,0.027884349349844673,-0.4045147841545024,-0.20085651178900993,0.26134232250443534,0.45713843161937695,0.023361061085296606,0.528,3.5603145043261617,0.01728,0.4990699999999999,10000
10,4096,loschmidt,400,25,0.4374,0.4716,0.5284,0.091,0.0,0.3252968968702384,0.0,0.0,0.9361294575178483,0.9888790090713901,0.9056910337251527,0.8382509776039815,0.16527926187469513,0.72975,0.24511,10000
10,4096,swap,400,25,0.0,0.5528,0.4472,0.4472,0.0468983810471838,0.048020346901381905,-0.40332205138796134,-0.2005500227989731,0.2887711007547292,0.49755592307001045,0.0468983810471838,0.5528,3.2533240065636573,0.00924,0.50942,10000
12,16,loschmidt,400,25,0.9623,0.0315,0.9685,0.0062,0.0,0.01185547238410932,0.0,0.0,0.0,0.0,0.4084369817058465,0.8355437665782494,0.9344732721180463,0.995325,0.003916666666666666,10000
12,16,swap,400,25,0.0,0.5007,0.4993,0.4993,0.0005747388979292093,-3.782022706549455e-05,-0.37759778469138133,-0.2079808654126555,0.20923461829237103,0.3788693544359883,0.0005747388979292093,0.5007,5.746612279824514,0.13953333333333334,0.4298166666666667,10000
12,64,loschmidt,400,25,0.913,0.0733,0.9267,0.0137,0.0,0.032033199133768765,0.0,0.0,0.0,0.0,0.49884461262509616,0.8425287356321839,0.6615995731847589,0.9843833333333334,0.013183333333333335,10000
12,64,swap,400,25,0.0,0.5017,0.4983,0.4983,0.0011219042758680567,4.6249037194859264e-05,-0.3829906454221955,-0.20692905287394986,0.20412654032357325,0.38386733617774305,0.0011219042758680567,0.5017,5.44238978343305,0.06991666666666667,0.46525833333333333,10000
12,256,loschmidt,400,25,0.8507,0.1244,0.8756,0.0249,0.0,0.061784271995593554,0.0,0.0,0.0,0.38315045638585604,0.6168650355284376,0.8332217012726055,0.45694764668484883,0.961825,0.0333,10000
12,256,swap,400,25,0.0,0.5132,0.4868,0.4868,0.010347546661670308,0.008247756355200494,-0.3719828809874955,-0.1937102491797848,0.21690077108601427,0.38962236424710067,0.010347546661670308,0.5132,5.141094091716823,0.03546666666666666,0.4844666666666666,10000
12,1024,loschmidt,400,25,0.7646,0.1906,0.8094,0.0448,0.0,0.1037271165738785,0.0,0.0,0.0,0.7906621707212932,0.7253559039899888,0.8096856414613424,0.39563200400421505,0.9251333333333333,0.06589166666666667,10000
12,1024,swap,400,25,0.0,0.5157,0.4843,0.4843,0.012734318490630713,0.011378730989955942,-0.3772996188296344,-0.19715726335729716,0.22080453532825797,0.39002507406891446,0.012734318490630713,0.5157,4.838983395631402,0.0181,0.4937583333333333,10000
12,4096,loschmidt,400,25,0.6626,0.2738,0.7262,0.0636,0.0,0.16048882844237058,0.0,0.0,0.2702452157790121,0.9285288846147853,0.7806343390707189,0.8114997036158862,0.3483313344052694,0.8766333333333334,0.10996666666666667,10000
12,4096,swap,400,25,0.0,0.5079,0.4921,0.4921,0.006245867429073817,0.01027685201788171,-0.37248430564746254,-0.20402712154662142,0.21571599045989048,0.4024581404418506,0.006245867429073817,0.5079,4.543981832134019,0.00845,0.4989166666666666,10000
4,16,loschmidt,400,25,0.2554,0.6478,0.3522,0.0968,0.8174667320959992,0.4784071483518599,0.0,0.0,0.9611736530691716,0.9874570567574409,0.9180749452052797,0.8699973139940907,0.1442012492620973,0.588475,0.365025,10001
4,16,swap,400,25,0.0003,0.6588,0.3412,0.3409,0.28803685411109803,0.2073867225115846,-0.5610990483339253,-0.1861923725497204,0.6530607479527619,0.8416435608103282,0.2882383662630181,0.6589976993097929,1.0176207600986598,0.13115,0.499525,10001
4,64,loschmidt,400,25,0.1244,0.7843,0.2157,0.0913,0.9532871851927897,0.6391957331813913,0.0,0.4603049075720591,0.9888216705550147,0.9963035629860743,0.9685416600514611,0.8957286432160804,0.0544365751986344,0.408025,0.5415,10001
4,64,swap,400,25,0.0,0.699,0.301,0.301,0.4010463444712091,0.29848841006102467,-0.5219525926045283,-0.10785049342643616,0.7874168929342651,0.9276760340201811,0.4010463444712091,0.699,0.7089012186187089,0.06325,0.5728,10001
4,256,loschmidt,400,25,0.0588,0.8668,0.1332,0.0744,0.9876256250113122,0.7564146189373808,0.0,0.9020573646970425,0.9968873044926985,0.9989035356162793,0.9896902061037056,0.920951976200595,0.01763545185339855,0.2688,0.6863,10001
4,256,swap,400,25,0.0,0.7707,0.2293,0.2293,0.5958034926972451,0.4288549803579144,-0.42151686263544885,0.057198869924286445,0.907230044899574,0.977922251358321,0.5958034926972451,0.7707,0.43829216956136474,0.0288,0.6422,10001
4,1024,loschmidt,400,25,0.0273,0.9154,0.0846,0.0573,0.9968201611668577,0.8392025884151669,0.5248373969045681,0.9789630991455589,0.9991266075260639,0.9996864080933252,0.9970501392543891,0.9410918063123265,0.006290951000429587,0.1702,0.7917,10001
4,1024,swap,400,25,0.0,0.8139,0.1861,0.1861,0.7660920589192939,0.5358860204269993,-0.31378721529257764,0.20955549315624214,0.9699279065536395,0.9940109032261593,0.7660920589192939,0.8139,0.21412989998338366,0.01295,0.697775,10001
4,4096,loschmidt,400,25,0.0121,0.9462,0.0538,0.0417,0.9990946856253775,0.894549775907467,0.925116702950466,0.9946818393727305,0.9997651506388718,0.9999123641488457,0.9991278157051143,0.9577892499240814,0.001867974366263067,0.10745,0.86325,10001
4,4096,swap,400,25,0.0,0.8651,0.1349,0.1349,0.8982608493488581,0.638902880176968,-0.17896575995000163,0.4268301608715199,0.9918161930939284,0.9984873613218352,0.8982608493488581,0.8651,0.07502847781850516,0.005275,0.74575,10001
6,16,loschmidt,400,25,0.5563,0.3757,0.6243,0.068,0.0,0.2323833260021301,0.0,0.0,0.7418049202370601,0.9352894760278369,0.7941149271261362,0.8467432950191571,0.31135286892910796,0.8291166666666666,0.14715,10001
6,16,swap,400,25,0.0,0.5588,0.4412,0.4412,0.07192369172314558,0.06330438904580139,-0.5073837535610501,-0.2544972345875396,0.38773278841552516,0.6233611242575297,0.07192369172314558,0.5588,2.058674046107301,0.14041666666666666,0.4487333333333333,10001
6,64,loschmidt,400,25,0.3854,0.5195,0.4805,0.0951,0.23736960095120793,0.35496173588194824,0.0,0.0,0.9260159223929032,0.9798715512977839,0.8845038934237287,0.8452652131467622,0.17982542499677256,0.7039666666666667,0.2608666666666667,10001
6,64,swap,400,25,0.0,0.5873,0.4127,0.4127,0.11122803276303372,0.1075793777657882,-0.49820686306544404,-0.22472394476855878,0.45572046336405003,0.7101308834887056,0.11122803276303372,0.5873,1.755536159662125,0.06855,0.5025833333333334,10001
6,256,loschmidt,400,25,0.2459,0.6534,0.3466,0.1007,0.8355142957974375,0.49124507274272494,-0.008518181836326624,0.0,0.9778477046156564,0.9937348973953183,0.9399197007090646,0.8664633337753613,0.09440529196756481,0.5607166666666668,0.39901666666666663,10001
6,256,swap,400,25,0.0,0.6231,0.3769,0.3769,0.1732975997366995,0.16736373496911952,-0.47243293208435344,-0.19109462577356945,0.5341048335435074,0.8174007842082494,0.1732975997366995,0.6231,1.4552354155723572,0.03268333333333333,0.5388333333333333,10001
6,1024,loschmidt,400,25,0.1469,0.7587,0.2413,0.0944,0.9571919644480245,0.6172657454793152,0.0,0.13914183788158677,0.9933079538621996,0.9981539245371727,0.9754887611671276,0.8893447427030828,0.04041238069470128,0.4278666666666666,0.5294333333333334,10001
6,1024,swap,400,25,0.0,0.6648,0.3352,0.3352,0.2498305950113533,0.23836643948415046,-0.42894330042953266,-0.13234219359201282,0.6428905575991533,0.9217681733757938,0.2498305950113533,0.6648,1.155768663082973,0.01643333333333333,0.5717,10001
6,4096,loschmidt,400,25,0.0808,0.8323,0.1677,0.0869,0.9872387841707322,0.7123883828121652,0.0,0.7958588821153114,0.9980837489850093,0.9994934325119164,0.9908414557174352,0.9054612706701479,0.01699740386307022,0.31535,0.6416166666666666,10001
6,4096,swap,400,25,0.0,0.7046,0.2954,0.2954,0.3458512513421197,0.31280695539311726,-0.4033110499540171,-0.0817302716526421,0.7691492528888266,0.9761854062484541,0.3458512513421197,0.7046,0.8518386424209297,0.006983333333333333,0.6083833333333333,10001
8,16,loschmidt,400,25,0.7567,0.2054,0.7946,0.0379,0.0,0.10789529860591875,0.0,0.0,0.0,0.7353881923727448,0.6474297563860094,0.8442252363337444,0.5105330941149693,0.931625,0.05855,10001
8,16,swap,400,25,0.0,0.5255,0.4745,0.4745,0.022884804851037943,0.01878976473589159,-0.4547549915631127,-0.24750892217754114,0.283162800742048,0.4901128342184258,0.022884804851037943,0.5255,3.089643119188069,0.139025,0.4372375,10001
8,64,loschmidt,400,25,0.5976,0.3368,0.6632,0.0656,0.0,0.1963782201318129,0.0,0.0,0.5878268985067907,0.9201286705079322,0.7422942376946811,0.8369781312127237,0.34870435538185834,0.8601875,0.1229375,10001
8,64,swap,400,25,0.0,0.5328,0.4672,0.4672,0.03664456975825088,0.03532314385495388,-0.4573398337849746,-0.23760103293528956,0.3066680357375258,0.5240048888942959,0.03664456975825088,0.5328,2.786947763022433,0.0697375,0.4760875,10001
8,256,loschmidt,400,25,0.4425,0.4697,0.5303,0.0878,0.0,0.30818186767612227,0.0,0.0,0.8693155040433324,0.9741546290341672,0.8362957968057229,0.8425112107623318,0.21655567059198155,0.7573625,0.21715,10001
8,256,swap,400,25,0.0,0.5531,0.4469,0.4469,0.05694120356357926,0.06310789037735164,-0.442545719655941,-0.2178115438386498,0.3391678435975105,0.5754902233654164,0.05694120356357926,0.5531,2.4859022854326476,0.0338125,0.5024875,10001
8,1024,loschmidt,400,25,0.3141,0.5893,0.4107,0.0966,0.6719440584028806,0.4283055600725484,0.0,0.0,0.9590195923588778,0.9913359102753166,0.9124239745511545,0.859163143315352,0.12494063201253815,0.63725,0.3305625,10001
8,1024,swap,400,25,0.0,0.5874,0.4126,0.4126,0.09612620019986651,0.10028547630988435,-0.42622151050578044,-0.1919269799007307,0.3837899915896189,0.636255743704416,0.09612620019986651,0.5874,2.1759648016225173,0.0169125,0.5264,10001
8,4096,loschmidt,400,25,0.207,0.6915,0.3085,0.1015,0.898817146765762,0.5361311607980664,-0.03015208855071603,0.0,0.9871380649009427,0.9975439094651095,0.9573802951631982,0.8720050441361917,0.06100370569202397,0.516875,0.446775,10001
8,4096,swap,400,25,0.0,0.6027,0.3973,0.3973,0.1175376707315871,0.13476717920525935,-0.41565098766045855,-0.1761651436515047,0.42946563544462496,0.7267025495564499,0.1175376707315871,0.6027,1.88928497965656,0.008475,0.5411,10001
10,16,loschmidt,400,25,0.8926,0.0938,0.9062,0.0136,0.0,0.0445427503740108,0.0,0.0,0.0,0.0,0.5432794123522375,0.8733705772811918,0.5318625482424317,0.97906,0.018139999999999996,10001
10,16,swap,400,25,0.0,0.5026,0.4974,0.4974,0.0016494655964511575,0.003342663765395752,-0.41743002962871195,-0.22649840859576684,0.23897506957803968,0.4180899651938187,0.0016494655964511575,0.5026,4.2635640908426975,0.1394,0.4309200000000001,10001
10,64,loschmidt,400,25,0.7979,0.1713,0.8287,0.0308,0.0,0.08981022080710299,0.0,0.0,0.0,0.664464097849194,0.6600462840363862,0.8476001979218208,0.47752404943107507,0.9450599999999999,0.04773,10001
10,64,swap,400,25,0.0,0.5158,0.4842,0.4842,0.013725765473689507,0.011065097320108559,-0.4207280944549139,-0.2211769294240465,0.24771439353267494,0.4369050624029746,0.013725765473689507,0.5158,3.951689020911078,0.07019,0.4694299999999999,10001
10,256,loschmidt,400,25,0.6834,0.2616,0.7384,0.055,0.0,0.14943069476995718,0.0,0.0,0.1426633463364969,0.8870773214662505,0.739769272740403,0.8262792166771952,0.37089643520050186,0.89265,0.09498,10001
10,256,swap,400,25,0.0,0.5229,0.4771,0.4771,0.02146776777168103,0.0190021274259917,-0.4032164306554055,-0.2120264990106665,0.25140831077019216,0.43582784283194054,0.02146776777168103,0.5229,3.647034030690632,0.03558,0.48832,10001
10,1024,loschmidt,400,25,0.5548,0.3678,0.6322,0.0774,0.0,0.22724820338530777,0.0,0.0,0.7396996085879823,0.9632385472707415,0.7994507008721659,0.8261455525606469,0.29149026440039144,0.8208,0.16034,10001
10,1024,swap,400,25,0.0,0.5295,0.4705,0.4705,0.02804242993473355,0.032575515860977615,-0.3995553076110624,-0.21111729192106324,0.26791862927801063,0.46684335996687104,0.02804242993473355,0.5295,3.338766105480972,0.01793,0.49956999999999996,10001
10,4096,loschmidt,400,25,0.4224,0.4814,0.5186,0.0962,0.0,0.3201912263956679,0.0,0.0,0.9106304210967617,0.9894300970805868,0.8684646066843741,0.8334487534626038,0.19990744079475703,0.7336699999999999,0.24111,10001
10,4096,swap,400,25,0.0,0.5496,0.4504,0.4504,0.04061632645722481,0.053315353419332474,-0.38972123710829315,-0.19393176423853087,0.29177071351889483,0.5087709436233627,0.04061632645722481,0.5496,3.047127344570048,0.00888,0.51302,10001
12,16,loschmidt,400,25,0.9537,0.0394,0.9606,0.0069,0.0,0.017276693898325958,0.0,0.0,0.0,0.0,0.5141652454533192,0.8509719222462203,0.6769654070629969,0.9904416666666668,0.008008333333333334,10001
12,16,swap,400,25,0.0,0.5005,0.4995,0.4995,0.00023790325656223774,0.0002801156341161187,-0.3795834297498016,-0.20527987295160974,0.21222932314005882,0.37941437125140814,0.00023790325656223774,0.5005,5.431507531986371,0.13813333333333333,0.4321666666666667,10001
12,64,loschmidt,400,25,0.9044,0.0779,0.9221,0.0177,0.0,0.03625220470558993,0.0,0.0,0.0,0.0,0.5621707416872846,0.8148535564853556,0.6801597138213872,0.977675,0.018825,10001
12,64,swap,400,25,0.0,0.5112,0.4888,0.4888,0.005735618364348651,0.0065808776499940505,-0.3755009021502051,-0.19859184410465885,0.20778225624241042,0.389136253864878,0.005735618364348651,0.5112,5.117277652380265,0.07066666666666667,0.467525,10001
12,256,loschmidt,400,25,0.8309,0.1384,0.8616,0.0307,0.0,0.06978648082934906,0.0,0.0,0.0,0.5002040798454674,0.6406051340298691,0.8184506209343584,0.5672531550343356,0.9559833333333332,0.03785,10001
12,256,swap,400,25,0.0,0.5146,0.4854,0.4854,0.011847173278254993,0.010336710638588658,-0.37357375235775253,-0.19350226581705554,0.21606278945682805,0.3906945670293438,0.011847173278254993,0.5146,4.832397513138583,0.034833333333333334,0.4837583333333334,10001
12,1024,loschmidt,400,25,0.7368,0.2169,0.7831,0.0463,0.0,0.12204616457659852,0.0,0.0,0.0,0.8245657000344173,0.7058826157186697,0.8240881458966566,0.41375422524631417,0.9201333333333334,0.070275,10001
12,1024,swap,400,25,0.0,0.5117,0.4883,0.4883,0.010114737177780872,0.013075566873459957,-0.36761040467135647,-0.20111439894584449,0.2201531848463376,0.39413226876290314,0.010114737177780872,0.5117,4.52465442884392,0.01748333333333333,0.4964666666666667,10001
12,4096,loschmidt,400,25,0.6278,0.3062,0.6938,0.066,0.0,0.18427222694806084,0.0,0.0,0.518641910702716,0.928014255134423,0.7598826222384436,0.8226759806555616,0.2862819546532407,0.8644583333333332,0.1207,10001
12,4096,swap,400,25,0.0,0.52,0.48,0.48,0.016978809490881527,0.02286390919332336,-0.374907211288346,-0.19279914829792827,0.23430030091624499,0.4218758825084323,0.016978809490881527,0.52,4.22071738048208,0.008508333333333333,0.5003833333333333,10001
4,16,loschmidt,400,25,0.2362,0.6744,0.3256,0.0894,0.8458638693887176,0.5091243843153674,0.0,0.0,0.9621469238804741,0.9896995503379801,0.9242449271096582,0.8829536527886881,0.11529243717090873,0.55395,0.39955,10002
4,16,swap,400,25,0.0006,0.66,0.34,0.3394,0.29630797394610725,0.22058847622443095,-0.5578491580104945,-0.19289819142701228,0.6814064357344316,0.8648238813006444,0.2969768255605114,0.6603962377426456,0.8818399908761101,0.1289,0.50965,10002
4,64,loschmidt,400,25,0.122,0.7869,0.2131,0.0911,0.9618225301881702,0.6475928166567541,0.0,0.5542721145740653,0.9898788726130978,0.9963353510113411,0.9728333747838707,0.89624145785877,0.046071730736349154,0.38605,0.56195,10002
4,64,swap,400,25,0.0,0.7308,0.2692,0.2692,0.46054961694234486,0.34245135709278274,-0.4691793407384088,-0.04747304249202096,0.8191915487266732,0.9387324396391848,0.46054961694234486,0.7308,0.5963702660364476,0.059975,0.592825,10002
4,256,loschmidt,400,25,0.0586,0.8676,0.1324,0.0738,0.9894542010226526,0.7624038076122692,0.0,0.9224678305253862,0.9970739981159173,0.9989777965593752,0.990973410594532,0.9216061185468452,0.017549233824594855,0.258925,0.69535,10002
4,256,swap,400,25,0.0,0.787,0.213,0.213,0.6477818320835949,0.4636118846652481,-0.3915713115131137,0.09820109740338415,0.926648975417932,0.9821601631470046,0.6477818320835949,0.787,0.34129122344104923,0.02665,0.659025,10002
4,1024,loschmidt,400,25,0.0257,0.9143,0.0857,0.06,0.9973017133049571,0.8382930340281233,0.5002782865818611,0.980787435124358,0.9992355793252501,0.999721114654086,0.9974887566187346,0.9384173252591604,0.005584352100827032,0.167075,0.79655,10002
4,1024,swap,400,25,0.0,0.8315,0.1685,0.1685,0.8238148359320052,0.5716618981305581,-0.2816994740972003,0.28071413930781586,0.9777815204556047,0.9953783532195051,0.8238148359320052,0.8315,0.15371070095214118,0.01155,0.714775,10002
4,4096,loschmidt,400,25,0.0108,0.946,0.054,0.0432,0.9992737374274532,0.8929169255970782,0.9239302152864491,0.9949296504447459,0.9998033654637104,0.9999246263524194,0.9992940891490949,0.9563283461382935,0.0016576953111176313,0.1025,0.86885,10002
4,4096,swap,400,25,0.0,0.867,0.133,0.133,0.93300065127158,0.656355288550268,-0.16215717581175287,0.44942548852880615,0.9938643267792202,0.9987115830715881,0.93300065127158,0.867,0.056438934797326805,0.005,0.759675,10002
6,16,loschmidt,400,25,0.5184,0.4089,0.5911,0.0727,0.0,0.25838226051297436,0.0,0.0,0.7974330887886466,0.9414305477015679,0.8137189274066297,0.8490448504983389,0.27962512595425215,0.8065666666666667,0.16836666666666666,10002
6,16,swap,400,25,0.0,0.5645,0.4355,0.4355,0.0859563331759608,0.07194998936709153,-0.5001149774918803,-0.24757389589564816,0.4004573439197661,0.6359864393291254,0.0859563331759608,0.5645,1.9578601881824107,0.13721666666666668,0.4552666666666666,10002
6,64,loschmidt,400,25,0.3415,0.5647,0.4353,0.0938,0.5478519983646641,0.39603615935587905,0.0,0.0,0.9390113627028985,0.9817802278505656,0.8954308898858587,0.8575550493545938,0.1624280109216218,0.6705166666666666,0.29275,10002
6,64,swap,400,25,0.0,0.5974,0.4026,0.4026,0.13458698910757594,0.1229917174271923,-0.47385169936305604,-0.21519523088173098,0.47289165923032955,0.7164722071560073,0.13458698910757594,0.5974,1.6668887914947472,0.06546666666666665,0.5066333333333333,10002
6,256,loschmidt,400,25,0.2097,0.6873,0.3127,0.103,0.8934632997675893,0.5272384532787817,-0.09479715126733748,0.0,0.982768189533726,0.9946103804159973,0.9526416757130769,0.8696697456662027,0.08175499720382859,0.5282666666666666,0.4285333333333333,10002
6,256,swap,400,25,0.0,0.644,0.356,0.356,0.21077893881942897,0.19536827158827963,-0.44367868212331696,-0.16844695456946146,0.5794848765785007,0.8347399075797842,0.21077893881942897,0.644,1.3614597869884606,0.0332,0.54745,10002
6,1024,loschmidt,400,25,0.1237,0.7783,0.2217,0.098,0.9672825126911151,0.6362195696007599,0.0,0.4284361696749822,0.9950249157712099,0.9984582945365851,0.979618914433865,0.8881661531439005,0.03503750303100723,0.3972666666666667,0.5586333333333334,10002
6,1024,swap,400,25,0.0,0.6809,0.3191,0.3191,0.2726968714075812,0.26162261420678773,-0.4301404243063224,-0.10785099145122204,0.6917268085584367,0.9383269112585615,0.2726968714075812,0.6809,1.068301001975824,0.015433333333333332,0.5826333333333333,10002
6,4096,loschmidt,400,25,0.0662,0.8461,0.1539,0.0877,0.9906845944884304,0.7277809337721582,0.0,0.8732628921772086,0.9985886472065664,0.999557673875512,0.9927065270495934,0.9060826729492397,0.012740458949002288,0.29235,0.6664,10002
6,4096,swap,400,25,0.0,0.7225,0.2775,0.2775,0.3865761686132709,0.34468479845486943,-0.3831871583322652,-0.048261165137250414,0.8308845797758765,0.9820138866164662,0.3865761686132709,0.7225,0.7638259344645992,0.006716666666666666,0.6223166666666666,10002
8,16,loschmidt,400,25,0.7693,0.1896,0.8104,0.0411,0.0,0.09602359410074135,0.0,0.0,0.0,0.7223049742851699,0.6477800772542992,0.8218465539661899,0.5737627823976285,0.9431875,0.0478625,10002
8,16,swap,400,25,0.0,0.5169,0.4831,0.4831,0.013714554380201202,0.01597459644843586,-0.46756249206392436,-0.2490628524359264,0.28531026619955996,0.49630425359495245,0.013714554380201202,0.5169,3.215927944781795,0.1394625,0.4362625,10002
8,64,loschmidt,400,25,0.6186,0.3142,0.6858,0.0672,0.0,0.1790146736282023,0.0,0.0,0.5255951868326789,0.9223183118814796,0.7446564518298415,0.8238070267435763,0.38558465599282327,0.879025,0.1042,10002
8,64,swap,400,25,0.0,0.5277,0.4723,0.4723,0.02729469702378429,0.02551559557094798,-0.4586739722909715,-0.2369995736902135,0.289952324593304,0.5020026891989133,0.02729469702378429,0.5277,2.902934029527458,0.0713875,0.4751875,10002
8,256,loschmidt,400,25,0.4544,0.4516,0.5484,0.094,0.0,0.2871902590889572,0.0,0.0,0.8671526260086515,0.97514710705109,0.8371679323192558,0.8277126099706745,0.2657083005391331,0.781625,0.1920625,10002
8,256,swap,400,25,0.0,0.5509,0.4491,0.4491,0.05035455633047484,0.05013441423931212,-0.45150936372225015,-0.21839332730117694,0.32181090367647575,0.542402796109303,0.05035455633047484,0.5509,2.6072838411152954,0.0347125,0.4978125,10002
8,1024,loschmidt,400,25,0.3292,0.5635,0.4365,0.1073,0.5623220597382681,0.39407020766569256,-0.1721656057037986,0.0,0.9581798876548864,0.9915114463595291,0.9101896962340408,0.8400417412045319,0.14109212799196694,0.6640375,0.301025,10002
8,1024,swap,400,25,0.0,0.5669,0.4331,0.4331,0.07324490513618766,0.08183095983141571,-0.4303592973681744,-0.20525817008732755,0.3670580304616353,0.6143186051209518,0.07324490513618766,0.5669,2.298796255890024,0.016975,0.519075,10002
8,4096,loschmidt,400,25,0.2294,0.6622,0.3378,0.1084,0.8899205467681621,0.5063602892993254,-0.22504247261054863,0.0,0.9868367902648595,0.9975231140934016,0.9565898589317557,0.8593303919024137,0.07408767826516763,0.5444125,0.417275,10002
8,4096,swap,400,25,0.0,0.6025,0.3975,0.3975,0.1165628500500094,0.12853552257451056,-0.4170768966846945,-0.1762480587030363,0.42601632613974744,0.7064519662642222,0.1165628500500094,0.6025,1.9966795100243329,0.0083125,0.53565,10002
10,16,loschmidt,400,25,0.8923,0.0894,0.9106,0.0183,0.0,0.037654763322956884,0.0,0.0,0.0,0.0,0.4932612425883402,0.83008356545961,0.6351864431964938,0.9816099999999999,0.015369999999999998,10002
10,16,swap,400,25,0.0,0.5019,0.4981,0.4981,0.0013001229983464146,0.002653569481509011,-0.41625242901937437,-0.227670036555277,0.2343802630994586,0.42354345096557733,0.0013001229983464146,0.5019,4.410294767631964,0.13978000000000002,0.43256000000000006,10002
10,64,loschmidt,400,25,0.7966,0.1682,0.8318,0.0352,0.0,0.08349987360705705,0.0,0.0,0.0,0.6335191697957435,0.6280276621144123,0.8269419862340216,0.4440825292160175,0.9511799999999999,0.041819999999999996,10002
10,64,swap,400,25,0.0,0.504,0.496,0.496,0.0025895156212664802,0.004192307808596322,-0.4168463994978964,-0.2256871467293059,0.23610502928605098,0.42164870576304453,0.0025895156212664802,0.504,4.119062554517507,0.06975,0.46643999999999997,10002
10,256,loschmidt,400,25,0.6848,0.2615,0.7385,0.0537,0.0,0.1493869119707124,0.0,0.0,0.14052748461563005,0.8784456702694752,0.7328198460450834,0.8296319796954315,0.339438860071428,0.8956200000000001,0.09137,10002
10,256,swap,400,25,0.0,0.5147,0.4853,0.4853,0.012141568415357674,0.013737610795198108,-0.4023864165341758,-0.21578109617116387,0.24124024513707978,0.43828073045669214,0.012141568415357674,0.5147,3.8093577357361816,0.03415,0.48982,10002
10,1024,loschmidt,400,25,0.5616,0.3634,0.6366,0.075,0.0,0.22618912567708704,0.0,0.0,0.7349435513988153,0.9600762135112575,0.819722140751816,0.8289233576642335,0.2580629996266325,0.8221200000000001,0.15763,10002
10,1024,swap,400,25,0.0,0.5328,0.4672,0.4672,0.027116451576113015,0.025029793177493997,-0.4068846172392109,-0.21469431652462276,0.25769639921459775,0.4556877107217658,0.027116451576113015,0.5328,3.513176208049734,0.01738,0.4989,10002
10,4096,loschmidt,400,25,0.4365,0.4712,0.5288,0.0923,0.0,0.3200766850675154,0.0,0.0,0.919904250015025,0.9875332310364175,0.8928574103575776,0.8362023070097604,0.17389954669613883,0.7347800000000001,0.24042000000000002,10002
10,4096,swap,400,25,0.0,0.5476,0.4524,0.4524,0.04435495339360143,0.049184401468905625,-0.3926228587099025,-0.1922792905983592,0.2870083816040702,0.4900780296364368,0.04435495339360143,0.5476,3.2032537304925226,0.00841,0.51046,10002
12,16,loschmidt,400,25,0.953,0.0389,0.9611,0.0081,0.0,0.015442828918490236,0.0,0.0,0.0,0.0,0.44888186439551636,0.8276595744680851,0.812916301343631,0.993675,0.005216666666666667,10002
12,16,swap,400,25,0.0,0.5024,0.4976,0.4976,0.001375108160955134,0.003814832796544789,-0.3711452998561103,-0.20089033317169452,0.20820344792966514,0.38240926316790913,0.001375108160955134,0.5024,5.200334701685717,0.14008333333333334,0.4327166666666666,10002
12,64,loschmidt,400,25,0.9009,0.083,0.917,0.0161,0.0,0.03844731811651194,0.0,0.0,0.0,0.0,0.555166883342621,0.8375378405650857,0.69453087832492,0.981225,0.016,10002
12,64,swap,400,25,0.0,0.5068,0.4932,0.4932,0.004196894345408439,0.0032095480665556776,-0.38184578805235553,-0.2015401877289486,0.20691316704370438,0.37732752179469387,0.004196894345408439,0.5068,4.911943675516086,0.06944166666666668,0.4669,10002
12,256,loschmidt,400,25,0.824,0.1425,0.8575,0.0335,0.0,0.06880117665639456,0.0,0.0,0.0,0.5274471945349891,0.6047092263057718,0.8096590909090909,0.5505769498712769,0.9567416666666666,0.03778333333333333,10002
12,256,swap,400,25,0.0,0.5028,0.4972,0.4972,0.0020694894186261215,0.0017119067697759583,-0.3831567386488447,-0.20414389683327572,0.2106356939234391,0.3819770522716829,0.0020694894186261215,0.5028,4.604253954327516,0.035175,0.4833416666666666,10002
12,1024,loschmidt,400,25,0.7131,0.2303,0.7697,0.0566,0.0,0.12109864577412957,0.0,0.0,0.0,0.8406597769095356,0.6727119635668491,0.8027187173231091,0.4684699262590343,0.9171833333333332,0.072375,10002
12,1024,swap,400,25,0.0,0.513,0.487,0.487,0.010469884558789314,0.010347366178616844,-0.3642673778138107,-0.19678732896535917,0.21550236533253078,0.38861688827865565,0.010469884558789314,0.513,4.304052857082205,0.01735,0.494475,10002
12,4096,loschmidt,400,25,0.593,0.3298,0.6702,0.0772,0.0,0.1937307179299175,0.0,0.0,0.6191226762070451,0.949305742094749,0.7617366272693092,0.8103194103194103,0.3425747841190629,0.858175,0.12635833333333332,10002
12,4096,swap,400,25,0.0,0.5191,0.4809,0.4809,0.015168727033730733,0.017739987795925685,-0.3682036525659797,-0.19364118998999166,0.22613554059226387,0.41359140419533597,0.015168727033730733,0.5191,4.004467893437192,0.009058333333333333,0.501475,10002
4,16,loschmidt,400,25,0.2587,0.6495,0.3505,0.0918,0.8471248366523682,0.4899913349970438,0.0,0.0,0.9641932163690207,0.9887736345195511,0.9310841597880191,0.8761634965600972,0.11377623215696442,0.56855,0.3831,10003
4,16,swap,400,25,0.0002,0.6648,0.3352,0.335,0.3013045361806329,0.22682879107885032,-0.54446532232932,-0.17173866912387528,0.6804432428157277,0.8666681551638603,0.30145899204853216,0.6649329865973195,0.9476621148920292,0.130025,0.513225,10003
4,64,loschmidt,400,25,0.1358,0.7729,0.2271,0.0913,0.9607865474569891,0.6364692807456062,0.0,0.4257537727142416,0.989638272190021,0.9965097933272213,0.9743062391604286,0.8943531589909743,0.045023299334033456,0.40625,0.54285,10003
4,64,swap,400,25,0.0,0.7226,0.2774,0.2774,0.45794607392178616,0.3352402758482041,-0.4964441760887049,-0.07263616754235015,0.8193714073646774,0.9454249761421971,0.45794607392178616,0.7226,0.6457337553661281,0.0617,0.589775,10003
4,256,loschmidt,400,25,0.0689,0.8531,0.1469,0.078,0.9894298724558606,0.7431645516697825,0.0,0.8989926419384864,0.9971512460785215,0.9989756658110045,0.9913525200852633,0.9162281172806358,0.017636551710100472,0.27745,0.675325,10003
4,256,swap,400,25,0.0,0.7718,0.2282,0.2282,0.63712109241796,0.4478864880246807,-0.42637916745965215,0.06432920642283112,0.9290654028611502,0.9830550884432626,0.63712109241796,0.7718,0.3815887920377785,0.02775,0.647525,10003
4,1024,loschmidt,400,25,0.0328,0.9045,0.0955,0.0627,0.9971585990358327,0.8222372102991594,0.166222140960157,0.9762886578921208,0.9992387779405261,0.999716608281376,0.9974275774894031,0.9351736972704715,0.0055550227691964025,0.18345,0.777175,10003
4,1024,swap,400,25,0.0,0.8208,0.1792,0.1792,0.806248029752824,0.554617350371012,-0.3152029537758453,0.24059820202950977,0.9789050254070164,0.9955287989003365,0.806248029752824,0.8208,0.17649516811587096,0.012275,0.70375,10003
4,4096,loschmidt,400,25,0.0157,0.9392,0.0608,0.0451,0.9992735980942441,0.8828819502385441,0.8991798405400312,0.9934631313027643,0.9998018953831759,0.9999243763105365,0.999309478301268,0.9541806359849639,0.0018889697846412395,0.118975,0.851075,10003
4,4096,swap,400,25,0.0,0.8565,0.1435,0.1435,0.9181675607602892,0.6397689778590444,-0.1976665267519028,0.41053963873161486,0.994490682440108,0.9989007969984207,0.9181675607602892,0.8565,0.05930056396792635,0.005775,0.749325,10003
6,16,loschmidt,400,25,0.5345,0.3993,0.6007,0.0662,0.0,0.24696972306812123,0.0,0.0,0.7550569497828512,0.9359095604959303,0.7826477709939718,0.8577873254564984,0.3072326919212599,0.81945,0.15776666666666664,10003
6,16,swap,400,25,0.0,0.5624,0.4376,0.4376,0.07645547309910972,0.07075153578077456,-0.5103837035972449,-0.2456949839020394,0.3983546926137198,0.635862623389999,0.07645547309910972,0.5624,1.9385133046683742,0.14086666666666664,0.4514666666666666,10003
6,64,loschmidt,400,25,0.3607,0.549,0.451,0.0903,0.4324325257187642,0.38225405751434455,0.0,0.0,0.9275254517625944,0.9785913102582136,0.8805821704811041,0.8587517597372126,0.16566419719006614,0.6838833333333333,0.28178333333333333,10003
6,64,swap,400,25,0.0,0.5991,0.4009,0.4009,0.1333033946450018,0.11720251461998732,-0.4881803691219922,-0.21784680138919732,0.4650466466311929,0.7092661739014449,0.1333033946450018,0.5991,1.6435027285150463,0.06755,0.5028333333333334,10003
6,256,loschmidt,400,25,0.2293,0.6673,0.3327,0.1034,0.859637617559946,0.5049688942459972,-0.09306176038994059,0.0,0.9774673967407698,0.993778964161421,0.9409997393180276,0.8658362527572336,0.08229626419480054,0.5414166666666667,0.4172666666666667,10003
6,256,swap,400,25,0.0,0.6292,0.3708,0.3708,0.17887242393326097,0.17446603885310466,-0.4633518516729447,-0.1785545918357156,0.5470318897025115,0.8137511507778136,0.17887242393326097,0.6292,1.3467615375456554,0.03326666666666666,0.5430333333333334,10003
6,1024,loschmidt,400,25,0.1394,0.763,0.237,0.0976,0.961208648027214,0.6252121508324374,0.0,0.25693063053809,0.9938463278042395,0.9981138384376618,0.9769652111328573,0.886590750639089,0.03243814138114956,0.4063333333333333,0.55045,10003
6,1024,swap,400,25,0.0,0.6737,0.3263,0.3263,0.2675104860805029,0.24966459819378098,-0.42164398425098093,-0.12388756395994736,0.6665731686002978,0.9166211929129444,0.2675104860805029,0.6737,1.032762847282455,0.015716666666666667,0.5772833333333333,10003
6,4096,loschmidt,400,25,0.0764,0.8391,0.1609,0.0845,0.9898899806464408,0.7244641328304079,0.0,0.8613577245296973,0.9982451170152052,0.9994885307276481,0.9923463630249725,0.9085101775660459,0.012548700699164392,0.2987166666666667,0.6608333333333334,10003
6,4096,swap,400,25,0.0,0.7179,0.2821,0.2821,0.37145958871876467,0.332856188014451,-0.3762944955295208,-0.052437194493465275,0.8031618535704879,0.9737295390733625,0.37145958871876467,0.7179,0.7412686510975027,0.00745,0.6145,10003
8,16,loschmidt,400,25,0.7513,0.2051,0.7949,0.0436,0.0,0.10331788497125008,0.0,0.0,0.0,0.7453718566363465,0.6453497664898442,0.8246883795737837,0.5012952543324074,0.93595,0.0536625,10003
8,16,swap,400,25,0.0,0.5155,0.4845,0.4845,0.013212628039988177,0.01819076055784807,-0.45987681964814486,-0.24418507623359362,0.2893777150786729,0.49171185664812483,0.013212628039988177,0.5155,3.1326980370383937,0.1411125,0.4325125,10003
8,64,loschmidt,400,25,0.5986,0.334,0.666,0.0674,0.0,0.194980219550946,0.0,0.0,0.5979473419366861,0.9157267875157757,0.7574510728421122,0.8320876930742401,0.3296583293439193,0.8649125,0.1163875,10003
8,64,swap,400,25,0.0,0.5379,0.4621,0.4621,0.037390640513140866,0.03442964075383495,-0.4526667789432591,-0.22629896867786742,0.29625815036359204,0.5160256262669867,0.037390640513140866,0.5379,2.823046491713714,0.070175,0.474425,10003
8,256,loschmidt,400,25,0.4424,0.4684,0.5316,0.0892,0.0,0.30508912728492876,0.0,0.0,0.8755542891250987,0.9723514770796674,0.843571918292704,0.8400286944045912,0.21640172162340646,0.7604125,0.2115625,10003
8,256,swap,400,25,0.0,0.5537,0.4463,0.4463,0.052527784652704065,0.054739682116961536,-0.4382233381859343,-0.22197123538256266,0.3271268176758162,0.5454062922376172,0.052527784652704065,0.5537,2.5328916104184396,0.03645,0.4977875,10003
8,1024,loschmidt,400,25,0.3093,0.5867,0.4133,0.104,0.6522017021430868,0.4201035553022008,-0.06973063634431931,0.0,0.9610282032432359,0.9910776755103168,0.9116179365411764,0.8494281164036485,0.12645460009873788,0.635775,0.3289375,10003
8,1024,swap,400,25,0.0,0.5796,0.4204,0.4204,0.08879261883681738,0.09433699663889562,-0.43509689093056414,-0.19449405513446769,0.3786234163569478,0.6236341964753698,0.08879261883681738,0.5796,2.2241861712398947,0.0172375,0.520775,10003
8,4096,loschmidt,400,25,0.2058,0.6919,0.3081,0.1023,0.8973425127471492,0.532721185800022,-0.043393629307670586,0.0,0.9875607843032493,0.9973133915837509,0.9599512893046144,0.871191135734072,0.05988882958258415,0.514,0.4472625,10003
8,4096,swap,400,25,0.0,0.6123,0.3877,0.3877,0.1297384076851017,0.14341725148348897,-0.40599645568368475,-0.17208103397635877,0.4441801011394486,0.7372816355233411,0.1297384076851017,0.6123,1.9287399399547398,0.008775,0.54165,10003
10,16,loschmidt,400,25,0.9121,0.0696,0.9304,0.0183,0.0,0.027544920006261752,0.0,0.0,0.0,0.0,0.47465158320144846,0.7918088737201365,0.8121813463866493,0.98677,0.010819999999999998,10003
10,16,swap,400,25,0.0,0.5072,0.4928,0.4928,0.0052213287453425974,0.006601702565208714,-0.4049489872261094,-0.21741060667506057,0.23447762105307657,0.4212959806811578,0.0052213287453425974,0.5072,4.389910036233205,0.14106000000000002,0.42861000000000005,10003
10,64,loschmidt,400,25,0.81,0.152,0.848,0.038,0.0,0.066113001827531,0.0,0.0,0.0,0.5257510517821121,0.5693462317372107,0.8,0.6147628929305655,0.9627700000000001,0.03073,10003
10,64,swap,400,25,0.0,0.5056,0.4944,0.4944,0.004677533948620782,0.0049819322368183745,-0.41143249972647766,-0.21867921170631063,0.2342544444978982,0.4149595929125221,0.004677533948620782,0.5056,4.086541502157036,0.06936,0.46679,10003
10,256,loschmidt,400,25,0.6915,0.2489,0.7511,0.0596,0.0,0.13359099609606107,0.0,0.0,0.0,0.8622847318191678,0.7185975858037948,0.806807131280389,0.4196205419558328,0.9150799999999999,0.07303,10003
10,256,swap,400,25,0.0,0.5034,0.4966,0.4966,0.00233149778066222,0.004217152968326752,-0.4187423474473747,-0.22601229652451055,0.2313606869953102,0.4251563389587095,0.00233149778066222,0.5034,3.785178647077382,0.03488000000000001,0.48458999999999997,10003
10,1024,loschmidt,400,25,0.5693,0.3518,0.6482,0.0789,0.0,0.21362804965656823,0.0,0.0,0.7095054392543614,0.9505838194638436,0.8044740180169155,0.8168098444392848,0.2896957625978696,0.8438700000000001,0.13708,10003
10,1024,swap,400,25,0.0,0.5194,0.4806,0.4806,0.016370817157970993,0.016877993706398666,-0.40714467379146557,-0.20969365436918241,0.2474678688767237,0.44089770335113415,0.016370817157970993,0.5194,3.4787710717554208,0.017290000000000003,0.4960299999999999,10003
10,4096,loschmidt,400,25,0.4515,0.4551,0.5449,0.0934,0.0,0.3018395941084143,0.0,0.0,0.8978018117155251,0.9825290047161743,0.8682613211794015,0.8297174111212398,0.18633423341322491,0.7558400000000001,0.21836999999999998,10003
10,4096,swap,400,25,0.0,0.5387,0.4613,0.4613,0.03225607157300055,0.03258639080935773,-0.3986093757878329,-0.20453621304636044,0.2658143535409714,0.4601923177636595,0.03225607157300055,0.5387,3.1858529456422646,0.00834,0.50559,10003
12,16,loschmidt,400,25,0.9553,0.0374,0.9626,0.0073,0.0,0.014687100258816633,0.0,0.0,0.0,0.0,0.4220280309347694,0.8366890380313199,0.8584516097143811,0.994,0.0050083333333333325,10003
12,16,swap,400,25,0.0,0.4879,0.5121,0.5121,-0.007676807679689405,-0.003729520790835619,-0.3808469911763632,-0.20871377074201544,0.20245071894724231,0.3759309299269576,-0.007676807679689405,0.4879,5.484324798479658,0.139325,0.427875,10003
12,64,loschmidt,400,25,0.9016,0.081,0.919,0.0174,0.0,0.036040558245632556,0.0,0.0,0.0,0.0,0.5140604060757982,0.823170731707317,0.7351594706357868,0.9820333333333332,0.01505,10003
12,64,swap,400,25,0.0,0.4834,0.5166,0.5166,-0.013537488381759154,-0.007586763380636805,-0.3823352490462056,-0.21121612009969282,0.1952184976741801,0.3706221412820122,-0.013537488381759154,0.4834,5.186419458780522,0.07131666666666667,0.464325,10003
12,256,loschmidt,400,25,0.8247,0.1434,0.8566,0.0319,0.0,0.0688832765718481,0.0,0.0,0.0,0.4841141520918053,0.5872695105090274,0.8180262407301768,0.5531213924056521,0.9573916666666668,0.03641666666666666,10003
12,256,swap,400,25,0.0,0.5054,0.4946,0.4946,0.004288486001526552,0.004118279618149395,-0.3770412388980475,-0.2037458420257588,0.20907428325093946,0.3826306898587464,0.004288486001526552,0.5054,4.880240261692489,0.03478333333333333,0.482975,10003
12,1024,loschmidt,400,25,0.7295,0.2216,0.7784,0.0489,0.0,0.12364998004282914,0.0,0.0,0.0,0.8220330724787044,0.7107040702546695,0.8192236598890943,0.3548390635333212,0.9167666666666668,0.07236666666666668,10003
12,1024,swap,400,25,0.0,0.5044,0.4956,0.4956,0.002681108058313351,0.004302330747791109,-0.3773000890982909,-0.20006943211105416,0.2097768643251127,0.38916490436836815,0.002681108058313351,0.5044,4.569850319352813,0.01815,0.492025,10003
12,4096,loschmidt,400,25,0.6318,0.3029,0.6971,0.0653,0.0,0.1895917587199865,0.0,0.0,0.5637806274024058,0.9340407730290076,0.8063617661461393,0.8226507332971211,0.255123627137183,0.8574166666666668,0.1273,10003
12,4096,swap,400,25,0.0,0.5226,0.4774,0.4774,0.017121069533651,0.019878276597708334,-0.3673252232277218,-0.19429283767304723,0.2286785584032683,0.4093912011615142,0.017121069533651,0.5226,4.290718070046234,0.008808333333333333,0.5013666666666666,10003
4,16,loschmidt,400,25,0.2748,0.6298,0.3702,0.0954,0.824867708582645,0.46938786331399895,0.0,0.0,0.9636025505743666,0.988135876181008,0.9299917742828323,0.868450082735797,0.11911744409683216,0.581025,0.3712,10004
4,16,swap,400,25,0.0007,0.6716,0.3284,0.3277,0.31343999551485224,0.2303225876947675,-0.5502432305379624,-0.16659661915409182,0.6866299226109258,0.8695742126398708,0.31409191779783385,0.6720704493145202,0.9891996916347857,0.1337,0.511425,10004
4,64,loschmidt,400,25,0.1445,0.7554,0.2446,0.1001,0.9588228341025105,0.6111050095349491,-0.003779934896729089,0.1348512004937834,0.9896383974878444,0.9960116401626224,0.9743976214286467,0.8829924021040327,0.049077935527538266,0.420225,0.528025,10004
4,64,swap,400,25,0.0,0.7129,0.2871,0.2871,0.4424831088050122,0.3265673859784893,-0.5089723888720924,-0.08745569944204243,0.8250223022841866,0.9434759018756717,0.4424831088050122,0.7129,0.6960390979342329,0.059875,0.58255,10004
4,256,loschmidt,400,25,0.0677,0.8411,0.1589,0.0912,0.9887568110495282,0.7194077992867856,0.0,0.8718722612604569,0.9969800610427306,0.9989219978277804,0.9909793613056863,0.9021774107047088,0.018513558049070296,0.294575,0.657225,10004
4,256,swap,400,25,0.0,0.7637,0.2363,0.2363,0.6030710701676738,0.4310234407805921,-0.43528333463985236,0.03853005931769827,0.9294003159804448,0.9832160967307506,0.6030710701676738,0.7637,0.42340780144559553,0.028,0.6468,10004
4,1024,loschmidt,400,25,0.0284,0.9048,0.0952,0.0668,0.9969327525570979,0.8180263906522157,0.16893223441270155,0.9743707600157439,0.9991991377283415,0.9996816129070197,0.9971432956673604,0.9312474269246603,0.0070457921933823565,0.19405,0.7659,10004
4,1024,swap,400,25,0.0001,0.8131,0.1869,0.1868,0.7713073390789555,0.5364164153837049,-0.3302976369128173,0.2078422245005102,0.9777656717342061,0.9956942249202451,0.7713683992192585,0.8131813181318132,0.20298303649454416,0.012125,0.702575,10004
4,4096,loschmidt,400,25,0.0107,0.9375,0.0625,0.0518,0.9991696005629331,0.8748580142729193,0.8589785144292399,0.9927151451709988,0.9997871189807463,0.9999218780821331,0.9992001142590616,0.9476397452744365,0.0021181901207571207,0.1243,0.842475,10004
4,4096,swap,400,25,0.0,0.8487,0.1513,0.1513,0.9026175573218416,0.6221081031953613,-0.24136725908402445,0.3684996568402943,0.9942051771223626,0.9989383209945432,0.9026175573218416,0.8487,0.07563979807257526,0.005575,0.7427,10004
6,16,loschmidt,400,25,0.4969,0.4305,0.5695,0.0726,0.0,0.27266559042902966,0.0,0.0,0.8071365123697175,0.9464221511067119,0.8048910099226938,0.8556946929039952,0.2806244160035849,0.8040166666666666,0.1695333333333333,10004
6,16,swap,400,25,0.0,0.5676,0.4324,0.4324,0.08677949170163161,0.07098073756205248,-0.5117871410775979,-0.24354210502620718,0.39406218063393905,0.6268362730117218,0.08677949170163161,0.5676,1.8995562024888297,0.1388,0.4510166666666666,10004
6,64,loschmidt,400,25,0.3377,0.5756,0.4244,0.0867,0.6042613674230246,0.4100180466825188,0.0,0.0,0.9407325053927318,0.9837046541173641,0.8951894833909287,0.8690925562433942,0.1467729292343607,0.6615666666666666,0.30093333333333333,10004
6,64,swap,400,25,0.0,0.6103,0.3897,0.3897,0.14864879576431744,0.1290413035178874,-0.47625688591920734,-0.20832734773173173,0.477637920065332,0.7179249658256699,0.14864879576431744,0.6103,1.5913470477100826,0.06793333333333333,0.50335,10004
6,256,loschmidt,400,25,0.2117,0.6914,0.3086,0.0969,0.9001933155659185,0.5399214385537651,0.0,0.0,0.982874206147463,0.9948868836644651,0.953552175617399,0.8770772548522137,0.07160541166605676,0.5170166666666666,0.4402666666666667,10004
6,256,swap,400,25,0.0,0.647,0.353,0.353,0.20531996854251566,0.19388278855466456,-0.4445041320332866,-0.1554548495682073,0.5642399812322108,0.8358197138183019,0.20531996854251566,0.647,1.30816439158833,0.0337,0.54635,10004
6,1024,loschmidt,400,25,0.123,0.7787,0.2213,0.0983,0.9707224038371918,0.6412862115297516,0.0,0.4508232605704855,0.9948868843555008,0.9984673446887979,0.9813489132537353,0.8879133409350057,0.030422373542099763,0.39131666666666665,0.5662666666666667,10004
6,1024,swap,400,25,0.0,0.6817,0.3183,0.3183,0.29559959779114864,0.2691311095957271,-0.42004393689647057,-0.11333379189439219,0.6982009022447002,0.9374240702427108,0.29559959779114864,0.6817,1.0073976473023072,0.016116666666666665,0.5852666666666666,10004
6,4096,loschmidt,400,25,0.0707,0.8466,0.1534,0.0827,0.9919398921649006,0.7384129724101521,0.0,0.8873719757904073,0.9985728211858984,0.9995876469596496,0.9935796423523398,0.911008285806521,0.010373328514076399,0.28826666666666667,0.6733333333333333,10004
6,4096,swap,400,25,0.0,0.7376,0.2624,0.2624,0.4228657981642093,0.3638672255784759,-0.37187337869239045,-0.025089239146589656,0.847760982182581,0.9828894178065449,0.4228657981642093,0.7376,0.7086909644528199,0.006716666666666666,0.6223333333333333,10004
8,16,loschmidt,400,25,0.745,0.2162,0.7838,0.0388,0.0,0.11721437942964981,0.0,0.0,0.0,0.7737187519573823,0.6693632826217719,0.847843137254902,0.44586601650345375,0.9277875,0.061725,10004
8,16,swap,400,25,0.0,0.5248,0.4752,0.4752,0.024185643548133195,0.02082570544302085,-0.46004165108592177,-0.23860825106373704,0.2861037653080526,0.49485213558305563,0.024185643548133195,0.5248,3.126784352083954,0.1398375,0.4386375,10004
8,64,loschmidt,400,25,0.5992,0.3386,0.6614,0.0622,0.0,0.20333573992131018,0.0,0.0,0.6170026274139723,0.9240438613562547,0.7570344462162935,0.8448103792415169,0.28663644563887003,0.851775,0.1295,10004
8,64,swap,400,25,0.0,0.5346,0.4654,0.4654,0.0378937577930778,0.035099435161018815,-0.4541628218105326,-0.2322217450046426,0.307575309249586,0.5238013757723113,0.0378937577930778,0.5346,2.8294675201316215,0.0697,0.4756375,10004
8,256,loschmidt,400,25,0.4545,0.467,0.533,0.0785,0.0,0.3189556478909449,0.0,0.0,0.8873418626686961,0.9757039295884197,0.8630777202101063,0.8560953253895509,0.18329355529125269,0.7471875,0.2268125,10004
8,256,swap,400,25,0.0,0.5637,0.4363,0.4363,0.06694807863153535,0.06795257926180552,-0.43997332266125216,-0.21167143092178908,0.3451367772869358,0.5740776015138965,0.06694807863153535,0.5637,2.538066777089095,0.034575,0.5031625,10004
8,1024,loschmidt,400,25,0.3332,0.5805,0.4195,0.0863,0.6079422277293316,0.4292236655503658,0.0,0.0,0.9643698443721584,0.9921625334395124,0.9239175360346161,0.8705758848230354,0.10223579908637129,0.6339875,0.3346,10004
8,1024,swap,400,25,0.0,0.591,0.409,0.409,0.09742897949108106,0.10738762551383733,-0.41992229413579946,-0.19305995179948052,0.3898622124955593,0.6587907483132555,0.09742897949108106,0.591,2.2330367657990875,0.0166625,0.525575,10004
8,4096,loschmidt,400,25,0.2324,0.6832,0.3168,0.0844,0.8924571007509166,0.5430032926513051,0.0,0.0,0.9892991062547553,0.9977617380165311,0.9622977245415216,0.8900468994267848,0.05141139718736264,0.5166375,0.448975,10004
8,4096,swap,400,25,0.0,0.6205,0.3795,0.3795,0.13368479077214493,0.1525805728121428,-0.4041024287086968,-0.1623282632308371,0.4581674484297265,0.7620370814140951,0.13368479077214493,0.6205,1.9356182385243013,0.008275,0.5456625,10004
10,16,loschmidt,400,25,0.8764,0.1051,0.8949,0.0185,0.0,0.051856158892556854,0.0,0.0,0.0,0.09424797827821194,0.5672652231090924,0.8503236245954693,0.6576576007359836,0.97495,0.02122,10004
10,16,swap,400,25,0.0,0.503,0.497,0.497,0.0014765820713900006,0.0034737424527557224,-0.4170821501690584,-0.2287103024957078,0.23506995934476452,0.42933513631822334,0.0014765820713900006,0.503,4.133144528593795,0.14119,0.43191999999999997,10004
10,64,loschmidt,400,25,0.7729,0.1884,0.8116,0.0387,0.0,0.09555240048225666,0.0,0.0,0.0,0.6927427562350045,0.6294238872932426,0.8295904887714664,0.43437346862464443,0.9401400000000002,0.05149,10004
10,64,swap,400,25,0.0,0.5179,0.4821,0.4821,0.014053116484425228,0.01338665445378469,-0.41144747577239427,-0.21839223819083178,0.24669458151785434,0.4294869845865482,0.014053116484425228,0.5179,3.8280209536524374,0.07021999999999999,0.46845,10004
10,256,loschmidt,400,25,0.6469,0.2902,0.7098,0.0629,0.0,0.1650186053132328,0.0,0.0,0.38386366481492123,0.9068756525700534,0.7297751833777243,0.821863494760691,0.33795750811758013,0.88065,0.10434,10004
10,256,swap,400,25,0.0,0.5114,0.4886,0.4886,0.009463175341827241,0.018129484329420614,-0.40398164633197114,-0.21608430310937896,0.25162306009357227,0.44629346368537903,0.009463175341827241,0.5114,3.5357910681859135,0.03464,0.48845,10004
10,1024,loschmidt,400,25,0.5204,0.4016,0.5984,0.078,0.0,0.2585752182436144,0.0,0.0,0.8181458991279686,0.9719288133749168,0.8373986773465536,0.8373644703919934,0.25037431043517683,0.8016300000000001,0.17823,10004
10,1024,swap,400,25,0.0,0.5389,0.4611,0.4611,0.03584821398342704,0.03778360509892858,-0.40009105941346074,-0.19825264547682153,0.27194293195835945,0.47500810118791764,0.03584821398342704,0.5389,3.2309393094994103,0.01691,0.50193,10004
10,4096,loschmidt,400,25,0.4038,0.4999,0.5001,0.0963,0.0,0.34507526151618895,0.0,0.0,0.9392574001315924,0.9909364970218556,0.8973547210310655,0.8384770211338477,0.15691358564904107,0.71003,0.26343,10004
10,4096,swap,400,25,0.0,0.555,0.445,0.445,0.050278532386100874,0.05868549144638052,-0.40412798531554484,-0.19395583238654185,0.29775468778847214,0.5245806289894359,0.050278532386100874,0.555,2.9418568922726696,0.008420000000000002,0.51596,10004
12,16,loschmidt,400,25,0.963,0.0326,0.9674,0.0044,0.0,0.013580254814344456,0.0,0.0,0.0,0.0,0.396213196965327,0.8810810810810811,0.9704403680541456,0.9945583333333332,0.0045916666666666675,10004
12,16,swap,400,25,0.0,0.4973,0.5027,0.5027,-0.0015260160841964851,-0.0032285136730259138,-0.3830886178779397,-0.2121279991741829,0.2072557082313154,0.37378026268071163,-0.0015260160841964851,0.4973,5.62920424975,0.14049166666666665,0.4282166666666666,10004
12,64,loschmidt,400,25,0.9147,0.0716,0.9284,0.0137,0.0,0.029108912077998015,0.0,0.0,0.0,0.0,0.43814976247596077,0.839390386869871,0.6260760655257226,0.98455,0.013083333333333334,10004
12,64,swap,400,25,0.0,0.5064,0.4936,0.4936,0.0052563415437173015,0.004618555018676245,-0.3766977845984837,-0.20130994011634384,0.2133389121408247,0.38516727200348466,0.0052563415437173015,0.5064,5.3156260122226335,0.06894166666666666,0.4667416666666666,10004
12,256,loschmidt,400,25,0.8452,0.1304,0.8696,0.0244,0.0,0.06492464426830843,0.0,0.0,0.0,0.4009376520241234,0.5947443874189772,0.8423772609819121,0.4653050428006167,0.962375,0.032975,10004
12,256,swap,400,25,0.0,0.5054,0.4946,0.4946,0.00374424588797901,0.004581515035337402,-0.3827904132080359,-0.20181047428043836,0.2079295560365012,0.3917319900406577,0.00374424588797901,0.5054,5.009868013503352,0.035041666666666665,0.4838583333333334,10004
12,1024,loschmidt,400,25,0.7544,0.1994,0.8006,0.0462,0.0,0.10901505629001845,0.0,0.0,0.0,0.7911427583893433,0.7101202463489568,0.8118892508143323,0.36790554142878273,0.9225166666666667,0.06810833333333333,10004
12,1024,swap,400,25,0.0,0.5094,0.4906,0.4906,0.008305331000053203,0.010057809199649534,-0.36844073334207084,-0.19777001261477617,0.21581548984875337,0.394048962783091,0.008305331000053203,0.5094,4.7117183741555015,0.018166666666666664,0.4944416666666666,10004
12,4096,loschmidt,400,25,0.6552,0.2809,0.7191,0.0639,0.0,0.17052262062305162,0.0,0.0,0.36455198647196896,0.9327433266785164,0.8022107751967089,0.8146751740139211,0.32978718788842765,0.8703,0.11611666666666667,10004
12,4096,swap,400,25,0.0,0.5086,0.4914,0.4914,0.005871359009892468,0.011413451886515887,-0.3740991112383807,-0.197035011595454,0.2201107075086584,0.39444310521829046,0.005871359009892468,0.5086,4.411384423282,0.009,0.498325,10004
4,16,loschmidt,400,25,0.2365,0.677,0.323,0.0865,0.8724978382306973,0.521951191062661,0.0,0.0,0.9665354890186861,0.9897792486449629,0.9346300456188305,0.8867059593975115,0.10074503988429001,0.542225,0.407775,10005
4,16,swap,400,25,0.0003,0.6774,0.3226,0.3223,0.33202453886485506,0.24550219906757775,-0.5335686428245484,-0.13986328710524784,0.6943382631381044,0.8721062447322397,0.33225864759714246,0.6776032809842953,0.8379344134918405,0.128425,0.518675,10005
4,64,loschmidt,400,25,0.1203,0.7965,0.2035,0.0832,0.966338996945293,0.6678561123251183,0.0,0.6499179739088855,0.9904584277988077,0.9965499099346959,0.9759857330527991,0.9054223030578606,0.03934950649909196,0.383375,0.561975,10005
4,64,swap,400,25,0.0001,0.7431,0.2569,0.2568,0.5072898559000527,0.36787550500207233,-0.4720754416125855,-0.015733550837145397,0.8433207620048291,0.9474006617408512,0.5072917961662845,0.7431743174317432,0.5557345241817351,0.0606,0.59685,10005
4,256,loschmidt,400,25,0.0612,0.8692,0.1308,0.0696,0.9910163560769659,0.7710480916442972,0.0,0.9302777075166844,0.9972657649578979,0.9989881455530292,0.992312016573083,0.925862803579037,0.013601342210964732,0.2549,0.69635,10005
4,256,swap,400,25,0.0,0.7948,0.2052,0.2052,0.6897086539592017,0.48588762353536186,-0.3776855099450997,0.13237210992341786,0.9426012055422469,0.9836862960769949,0.6897086539592017,0.7948,0.29401553191434865,0.0269,0.660225,10005
4,1024,loschmidt,400,25,0.0256,0.9225,0.0775,0.0519,0.9976855764576702,0.8516025787605153,0.6452730384195791,0.9823675578650499,0.9993028964730849,0.9997274419158183,0.9978410438107452,0.9467364532019704,0.004504298682004938,0.15935,0.800575,10005
4,1024,swap,400,25,0.0,0.84,0.16,0.16,0.8445255691856586,0.5870827818871792,-0.2587992526768249,0.2918987340568673,0.9838496275668969,0.995901078500224,0.8445255691856586,0.84,0.1231531577171697,0.011325,0.715975,10005
4,4096,loschmidt,400,25,0.0112,0.9516,0.0484,0.0372,0.9993949182570985,0.9027664442109413,0.9449626684764256,0.9954568300351547,0.9998170496823713,0.9999261773780215,0.9994144879525502,0.962378640776699,0.0012793173439214294,0.0978,0.872525,10005
4,4096,swap,400,25,0.0,0.8767,0.1233,0.1233,0.9463997701020278,0.675218561917466,-0.13867905299575195,0.5039264742438838,0.9956431615128107,0.9989605967792345,0.9463997701020278,0.8767,0.04064790881972773,0.00505,0.7606,10005
6,16,loschmidt,400,25,0.5293,0.4028,0.5972,0.0679,0.0,0.24877632430044241,0.0,0.0,0.7575035472141438,0.9411639632767465,0.7853810780308774,0.8557467601444657,0.2924024122240288,0.8208666666666667,0.1549,10005
6,16,swap,400,25,0.0,0.562,0.438,0.438,0.07190450217290771,0.06385767411705306,-0.5058073846858627,-0.24940031462830353,0.38226784954729914,0.6198546833259647,0.07190450217290771,0.562,2.0539836033733003,0.1395,0.4492166666666666,10005
6,64,loschmidt,400,25,0.3648,0.5506,0.4494,0.0846,0.48274418940438785,0.38988762099264895,0.0,0.0,0.9327237124755506,0.9806164254039047,0.8889913882903226,0.8668136020151134,0.15360330902689068,0.6828,0.28021666666666667,10005
6,64,swap,400,25,0.0,0.5916,0.4084,0.4084,0.11940884442438636,0.10755153458667945,-0.49317205896575983,-0.22222673656555375,0.45368712521213095,0.6897273938726579,0.11940884442438636,0.5916,1.7588460989069046,0.06863333333333332,0.4981333333333333,10005
6,256,loschmidt,400,25,0.2302,0.6748,0.3252,0.095,0.8727847843571765,0.5145452752754384,0.0,0.0,0.979852878047194,0.9937349751893176,0.9493780849426376,0.8765913224214081,0.08385322777065901,0.5395,0.4187666666666666,10005
6,256,swap,400,25,0.0,0.6366,0.3634,0.3634,0.1878805638872716,0.1749440632044436,-0.4618117839716516,-0.1767117827339888,0.5469630892402,0.8001501237936965,0.1878805638872716,0.6366,1.4512478573575451,0.0344,0.538,10005
6,1024,loschmidt,400,25,0.1334,0.7733,0.2267,0.0933,0.9621304377160792,0.6293136354658687,0.0,0.29748644933086865,0.9938338850119653,0.998145131341746,0.977565100181985,0.8923378721440111,0.03513714910645995,0.4139333333333334,0.5423666666666666,10005
6,1024,swap,400,25,0.0,0.675,0.325,0.325,0.2729258827924923,0.2536576017333474,-0.4282219663202142,-0.12009759843852721,0.6760479361656446,0.9166986845493668,0.2729258827924923,0.675,1.1569967644811587,0.015283333333333331,0.5759,10005
6,4096,loschmidt,400,25,0.0696,0.8469,0.1531,0.0835,0.989547025892419,0.7261909654586829,0.0,0.8381756618848369,0.998302331500902,0.999494480221625,0.9919021140070079,0.9102536543422184,0.013372504695310278,0.30243333333333333,0.6557166666666666,10005
6,4096,swap,400,25,0.0,0.7205,0.2795,0.2795,0.38534997403796833,0.33776447297211554,-0.3924525367696126,-0.05343273841096659,0.8112384981390286,0.9744833568468525,0.38534997403796833,0.7205,0.8464449102948798,0.0073666666666666655,0.6148,10005
8,16,loschmidt,400,25,0.773,0.1956,0.8044,0.0314,0.0,0.10856382425291965,0.0,0.0,0.0,0.7511980928113261,0.7004518984092556,0.8616740088105727,0.38895948903518635,0.925875,0.063975,10005
8,16,swap,400,25,0.0,0.5239,0.4761,0.4761,0.02099981150276515,0.023122768172704707,-0.4604814880117705,-0.24328670035380726,0.28923347263246424,0.5081105196099178,0.02099981150276515,0.5239,3.272881058725657,0.13825,0.437275,10005
8,64,loschmidt,400,25,0.6375,0.304,0.696,0.0585,0.0,0.18615720638449984,0.0,0.0,0.5307797647968834,0.9218283171320975,0.7928792787589497,0.8386206896551724,0.31975572175827005,0.8594375,0.1239375,10005
8,64,swap,400,25,0.0,0.5373,0.4627,0.4627,0.03918590354346266,0.04199418854356217,-0.4526527968837952,-0.237505768727133,0.31550440117352174,0.5369328488031564,0.03918590354346266,0.5373,2.9771837934840955,0.068475,0.4786,10005
8,256,loschmidt,400,25,0.4931,0.4266,0.5734,0.0803,0.0,0.27980783644231044,0.0,0.0,0.854290894015871,0.9757211679185923,0.849825172682971,0.8415861116591044,0.2261075203953269,0.7747125,0.2014125,10005
8,256,swap,400,25,0.0,0.5532,0.4468,0.4468,0.0573527979030985,0.06942780913072441,-0.4411330630000313,-0.2161162356832055,0.3365616710145393,0.6014245303894267,0.0573527979030985,0.5532,2.681773326298128,0.034425,0.5049625,10005
8,1024,loschmidt,400,25,0.3503,0.5484,0.4516,0.1013,0.4367701023257737,0.38295867013085755,-0.024058399609659175,0.0,0.9542001004605885,0.9930546154081967,0.9019135295664288,0.8440818839464368,0.14559060901220955,0.6714,0.2980125,10005
8,1024,swap,400,25,0.0,0.5698,0.4302,0.4302,0.07727960952540312,0.09628909291759816,-0.4316427184144382,-0.2110399263391696,0.3883598188614239,0.6620631416467256,0.07727960952540312,0.5698,2.375405663003638,0.017475,0.52145,10005
8,4096,loschmidt,400,25,0.2383,0.6501,0.3499,0.1116,0.8321779551091038,0.48662087225336337,-0.22287673014056447,0.0,0.9854211884321492,0.9978413278643684,0.9458512921837751,0.8534856242615203,0.07679564710365262,0.55385,0.4099625,10005
8,4096,swap,400,25,0.0,0.6069,0.3931,0.3931,0.1225596210337473,0.1433902706710492,-0.4168484224726066,-0.1778769312740982,0.4399851163024593,0.7691776329388422,0.1225596210337473,0.6069,2.074157602231183,0.0083,0.5462625,10005
10,16,loschmidt,400,25,0.8954,0.0862,0.9138,0.0184,0.0,0.0343676607396938,0.0,0.0,0.0,0.0,0.5014112580278585,0.8240917782026769,0.8224555871831962,0.9813299999999999,0.015520000000000003,10005
10,16,swap,400,25,0.0,0.5052,0.4948,0.4948,0.004263733049240017,0.004261426271002906,-0.4150342829782287,-0.22396495072276423,0.2328974226038203,0.42000045788632273,0.004263733049240017,0.5052,4.10306535983548,0.1402,0.43078,10005
10,64,loschmidt,400,25,0.7921,0.1756,0.8244,0.0323,0.0,0.08362223966222547,0.0,0.0,0.0,0.5843266573198835,0.5735793157184637,0.8446368446368446,0.5893314335186798,0.9529299999999999,0.040639999999999996,10005
10,64,swap,400,25,0.0,0.508,0.492,0.492,0.0073303433553845825,0.007246950002875162,-0.41671463143515525,-0.22584302238158077,0.23943106141582343,0.426839317687642,0.0073303433553845825,0.508,3.7984893586609436,0.07076,0.46708,10005
10,256,loschmidt,400,25,0.6515,0.2937,0.7063,0.0548,0.0,0.16090771332129658,0.0,0.0,0.3486061811547434,0.839086348109074,0.6816987785196185,0.8427546628407461,0.36515914877596023,0.896,0.09119000000000001,10005
10,256,swap,400,25,0.0,0.5212,0.4788,0.4788,0.016280595449358087,0.015784837168193355,-0.40579209070907885,-0.2129249371765241,0.24239448392753318,0.4379723246587945,0.016280595449358087,0.5212,3.5073301163952717,0.03522,0.4873,10005
10,1024,loschmidt,400,25,0.5154,0.4092,0.5908,0.0754,0.0,0.2546762953820842,0.0,0.0,0.7746211994685165,0.9504684234112245,0.7879304906461264,0.8444077589764755,0.2452050465764098,0.8092,0.17001,10005
10,1024,swap,400,25,0.0,0.5274,0.4726,0.4726,0.020518502693675895,0.022805236197403114,-0.414158663076284,-0.21411594658928018,0.2553033689171313,0.45994421898458826,0.020518502693675895,0.5274,3.1936620543756424,0.01816,0.49837999999999993,10005
10,4096,loschmidt,400,25,0.3998,0.5118,0.4882,0.0884,0.119897962937008,0.3590666157511014,0.0,0.0,0.9268788689459901,0.9833308160765125,0.8873848745580676,0.8527157614128624,0.14673519553300085,0.70089,0.27197,10005
10,4096,swap,400,25,0.0,0.5299,0.4701,0.4701,0.027054150278635322,0.037338686623490915,-0.4034707104259082,-0.20790346859843015,0.272923653421608,0.4793394893710271,0.027054150278635322,0.5299,2.8937243847541136,0.008900000000000002,0.50864,10005
12,16,loschmidt,400,25,0.9509,0.0411,0.9589,0.008,0.0,0.017633270993606197,0.0,0.0,0.0,0.0,0.5025301201361573,0.8370672097759674,0.8301514314109207,0.9919833333333332,0.006608333333333333,10005
12,16,swap,400,25,0.0,0.5103,0.4897,0.4897,0.007687871611514947,0.004162202689851788,-0.379023805432544,-0.2059275041069986,0.21047746982066767,0.3855699831774996,0.007687871611514947,0.5103,5.4886793432009835,0.13965,0.430425,10005
12,64,loschmidt,400,25,0.9007,0.0797,0.9203,0.0196,0.0,0.03649364678722972,0.0,0.0,0.0,0.0,0.5927335008987459,0.8026183282980867,0.7136794717852601,0.97835,0.017916666666666668,10005
12,64,swap,400,25,0.0,0.5089,0.4911,0.4911,0.00610943864598372,0.006965825166264775,-0.37802657054676975,-0.20388021396454534,0.21646334139797946,0.3981708573197942,0.00610943864598372,0.5089,5.1859606431972525,0.06985,0.464575,10005
12,256,loschmidt,400,25,0.8223,0.1438,0.8562,0.0339,0.0,0.07343102381157122,0.0,0.0,0.0,0.5420338523538973,0.6594964958452909,0.8092290377039955,0.5051273240412468,0.955325,0.03820833333333333,10005
12,256,swap,400,25,0.0,0.5033,0.4967,0.4967,0.0025199930346909774,0.003087140761068571,-0.38242980922900405,-0.21163313798144487,0.2127510266701006,0.3887699511923138,0.0025199930346909774,0.5033,4.8833211938974594,0.036116666666666665,0.483575,10005
12,1024,loschmidt,400,25,0.7259,0.2245,0.7755,0.0496,0.0,0.12246111078236858,0.0,0.0,0.0,0.8397474485061325,0.7017951782728927,0.8190441444728201,0.3680795655651171,0.9177833333333332,0.071375,10005
12,1024,swap,400,25,0.0,0.5189,0.4811,0.4811,0.01392784870416289,0.011284690131846917,-0.37754640829951236,-0.19936689714941558,0.21860007034061743,0.3919451616416619,0.01392784870416289,0.5189,4.5907584821816085,0.017025,0.49365,10005
12,4096,loschmidt,400,25,0.6201,0.3132,0.6868,0.0667,0.0,0.19187350428871996,0.0,0.0,0.534381532737397,0.9458774161694249,0.7824259401843934,0.8244274809160306,0.27619160436122303,0.85835,0.12533333333333332,10005
12,4096,swap,400,25,0.0,0.5177,0.4823,0.4823,0.012605470580159329,0.01744745361900483,-0.37590887324702765,-0.1980855704610804,0.2228427256116976,0.4134718219224559,0.012605470580159329,0.5177,4.2805399038850656,0.009208333333333332,0.4998916666666666,10005
4,16,loschmidt,400,25,0.2223,0.6856,0.3144,0.0921,0.8536725473032265,0.5190772516185101,0.0,0.0,0.9658935423283864,0.9885841002823997,0.9273005656901963,0.8815738716728816,0.12476287606387032,0.5515,0.40205,10006
4,16,swap,400,25,0.0001,0.6623,0.3377,0.3376,0.3007799489342982,0.22270669376569907,-0.5606228354455247,-0.17885203356406335,0.6817725141640285,0.8620901787013934,0.3008142223294996,0.6623662366236623,0.9048657341108655,0.129575,0.50965,10006
4,64,loschmidt,400,25,0.112,0.8009,0.1991,0.0871,0.9605748498460014,0.6625125520505517,0.0,0.6383152619170332,0.9886434106964925,0.9962638898100076,0.9713529396952366,0.9019144144144144,0.04214280652128295,0.37875,0.571,10006
4,64,swap,400,25,0.0,0.725,0.275,0.275,0.4584343474553356,0.33571743357917694,-0.4901593556566568,-0.06694033006710207,0.8168681408061182,0.9427853156960516,0.4584343474553356,0.725,0.6155533729104069,0.0604,0.59055,10006
4,256,loschmidt,400,25,0.0564,0.8854,0.1146,0.0582,0.9894184458891119,0.7941127614506649,0.0,0.9336178896147524,0.9970180027960658,0.9988788874820976,0.9908508080012035,0.9383213225943197,0.013307301461804132,0.24295,0.71305,10006
4,256,swap,400,25,0.0,0.7792,0.2208,0.2208,0.6348054290558445,0.45355857927445375,-0.39484545491002726,0.08180727449878153,0.9282190024271386,0.9825216842357891,0.6348054290558445,0.7792,0.35302107690900153,0.027825,0.655125,10006
4,1024,loschmidt,400,25,0.0237,0.9342,0.0658,0.0421,0.9971922287354688,0.8731959213990654,0.7879023925045594,0.982521522793325,0.9991969240040864,0.9997078071431041,0.997377515084038,0.9568780088087678,0.0038397857071274487,0.144375,0.820725,10006
4,1024,swap,400,25,0.0,0.8413,0.1587,0.1587,0.8063146946689546,0.5755172377449942,-0.25367955816087195,0.30479962954112905,0.9783321365387941,0.9953315363962242,0.8063146946689546,0.8413,0.15428124083065997,0.0117,0.71465,10006
4,4096,loschmidt,400,25,0.0074,0.9601,0.0399,0.0325,0.9992693127079371,0.9173522611387878,0.9544892956035496,0.9959525192896372,0.9997982785332039,0.9999208780116449,0.9992855492838604,0.9672577070320371,0.0013994019870794763,0.078925,0.894,10006
4,4096,swap,400,25,0.0,0.8871,0.1129,0.1129,0.9271483223870309,0.6828487375074477,-0.07883932425339887,0.5283573005146809,0.9943473067564792,0.9987858098050619,0.9271483223870309,0.8871,0.05110484863828442,0.004725,0.7678,10006
6,16,loschmidt,400,25,0.5643,0.3655,0.6345,0.0702,0.0,0.21821876157879633,0.0,0.0,0.7058123336389575,0.9337096845932874,0.7791980439341573,0.8388799632774845,0.3206022169441704,0.8302166666666666,0.14621666666666666,10006
6,16,swap,400,25,0.0,0.5549,0.4451,0.4451,0.06820933946570507,0.06365815652982308,-0.5153376408183585,-0.2586120105969605,0.3917728179707336,0.6305696515456267,0.06820933946570507,0.5549,2.1456829522103695,0.14141666666666666,0.45045,10006
6,64,loschmidt,400,25,0.378,0.5234,0.4766,0.0986,0.24971526183183498,0.35259865025009884,0.0,0.0,0.9229022695347692,0.9803675091038504,0.8709064099626246,0.8414790996784566,0.21591425550948107,0.7056833333333333,0.2612666666666667,10006
6,64,swap,400,25,0.0,0.5794,0.4206,0.4206,0.10424446183200453,0.09564655973701601,-0.5032645477852183,-0.24159034746286495,0.4327002201457868,0.6970590319711581,0.10424446183200453,0.5794,1.8370914895306925,0.06856666666666665,0.4973333333333333,10006
6,256,loschmidt,400,25,0.2276,0.6668,0.3332,0.1056,0.827885110287181,0.4929411937797478,-0.12337600003736084,0.0,0.977284043061208,0.9940674696230903,0.9314408983552069,0.8632832729155878,0.10954667336608369,0.5684166666666667,0.3925833333333333,10006
6,256,swap,400,25,0.0,0.6176,0.3824,0.3824,0.15988077172215154,0.15580604317929206,-0.4788735872641715,-0.19895868761442634,0.5195729063832007,0.8091632233396114,0.15988077172215154,0.6176,1.530837260509124,0.033083333333333326,0.5373833333333334,10006
6,1024,loschmidt,400,25,0.1427,0.764,0.236,0.0933,0.947565723019029,0.6172889368275427,0.0,0.2052843386653704,0.9930393028202158,0.9982734680740473,0.9693564499657776,0.8911699521754345,0.03618645118041791,0.4269333333333334,0.53185,10006
6,1024,swap,400,25,0.0,0.6554,0.3446,0.3446,0.24273340141308763,0.23125397538830503,-0.4415799470535852,-0.15180166282856516,0.6417215980364848,0.9178043706465503,0.24273340141308763,0.6554,1.2316144963431883,0.0169,0.5680666666666667,10006
6,4096,loschmidt,400,25,0.0776,0.8428,0.1572,0.0796,0.9842231258655085,0.7272382611027671,0.0,0.845850981570925,0.9981344139427527,0.999517561830577,0.9884654071521763,0.9137033824804857,0.014980979424789095,0.2999666666666667,0.6617666666666666,10006
6,4096,swap,400,25,0.0,0.7041,0.2959,0.2959,0.3273190358712388,0.30595900676109045,-0.40037753295860096,-0.07600772702730792,0.7718284700878014,0.974680138860476,0.3273190358712388,0.7041,0.9430411030924022,0.007333333333333333,0.60655,10006
8,16,loschmidt,400,25,0.7523,0.2076,0.7924,0.0401,0.0,0.10755525957613049,0.0,0.0,0.0,0.7433752655519632,0.6549054326336321,0.8381106176826807,0.5162796504356598,0.93075,0.0593375,10006
8,16,swap,400,25,0.0,0.5174,0.4826,0.4826,0.01535817741797852,0.016716062653469664,-0.4685571648939833,-0.24693174330705292,0.2803569725005476,0.49585290919515645,0.01535817741797852,0.5174,3.0296954197037698,0.14095,0.4349875,10006
8,64,loschmidt,400,25,0.5915,0.3392,0.6608,0.0693,0.0,0.19430390064626457,0.0,0.0,0.6147526270365888,0.9252966680965558,0.7481371711012911,0.8303549571603427,0.35301461523222244,0.8565625,0.12485,10006
8,64,swap,400,25,0.0,0.5395,0.4605,0.4605,0.04113721334512031,0.04334746953189692,-0.4421879236503228,-0.22341740950484537,0.3114106593622308,0.5344208992550423,0.04113721334512031,0.5395,2.724709316597291,0.0679375,0.477575,10006
8,256,loschmidt,400,25,0.4293,0.4771,0.5229,0.0936,0.0,0.3144336946328792,0.0,0.0,0.8897836787058115,0.9778737328882546,0.8517907791659171,0.835990888382688,0.24171232127624853,0.75565,0.2178625,10006
8,256,swap,400,25,0.0,0.5554,0.4446,0.4446,0.05852426424006242,0.06145050235081148,-0.4495506462135215,-0.21535875649266464,0.330704997921548,0.5783928539600653,0.05852426424006242,0.5554,2.425075811103347,0.0341875,0.504275,10006
8,1024,loschmidt,400,25,0.2929,0.6031,0.3969,0.104,0.6891292605196802,0.431189086379143,-0.106865763345732,0.0,0.9641050813094687,0.9925260639531784,0.9132699061612791,0.8529203790128694,0.1363554512510579,0.6379625,0.3294875,10006
8,1024,swap,400,25,0.0,0.5751,0.4249,0.4249,0.0798161361405804,0.09201474849784581,-0.4344976731192253,-0.1979185911286582,0.37195035624789063,0.6325671371711439,0.0798161361405804,0.5751,2.129840407781721,0.0166125,0.52305,10006
8,4096,loschmidt,400,25,0.1867,0.7086,0.2914,0.1047,0.9066482259934368,0.5466902081967535,-0.14548567720653344,0.0,0.9893855426868949,0.9977318009706572,0.9579630371486678,0.8712652157875322,0.06562150684527368,0.5122125,0.4515875,10006
8,4096,swap,400,25,0.0,0.6153,0.3847,0.3847,0.1276877902339154,0.1460127649510614,-0.4059093546145275,-0.1693111060672989,0.4462546545898934,0.7374519215744785,0.1276877902339154,0.6153,1.8275320719062238,0.0078875,0.5465625,10006
10,16,loschmidt,400,25,0.9161,0.0689,0.9311,0.015,0.0,0.029402667078442177,0.0,0.0,0.0,0.0,0.5143997190360854,0.8212157330154947,0.8145312187662622,0.9865900000000002,0.011330000000000002,10006
10,16,swap,400,25,0.0,0.5117,0.4883,0.4883,0.008319118062527053,0.00826373300114713,-0.41606243067484866,-0.21963667600237718,0.2411732254996238,0.4254095217022381,0.008319118062527053,0.5117,4.61254665594714,0.13922,0.43331,10006
10,64,loschmidt,400,25,0.8288,0.1386,0.8614,0.0326,0.0,0.06371931155211312,0.0,0.0,0.0,0.473534893484995,0.5933713185935126,0.8095794392523364,0.6023781631060783,0.9636100000000001,0.030780000000000002,10006
10,64,swap,400,25,0.0,0.5048,0.4952,0.4952,0.0035836926087749518,0.003001862223754593,-0.41632963589154126,-0.2266736914198838,0.2302122371797244,0.42245471439874205,0.0035836926087749518,0.5048,4.2995928496587865,0.0703,0.46634,10006
10,256,loschmidt,400,25,0.7159,0.2314,0.7686,0.0527,0.0,0.12452577478520242,0.0,0.0,0.0,0.8425091262397593,0.7075357707105189,0.81450193593805,0.4434357604807397,0.9198400000000001,0.0696,10006
10,256,swap,400,25,0.0,0.5177,0.4823,0.4823,0.015593129733488129,0.01223481425042852,-0.4145000958977531,-0.21983098139449841,0.24344038104100135,0.43166595730009877,0.015593129733488129,0.5177,4.001178343399628,0.03545,0.48531,10006
10,1024,loschmidt,400,25,0.5899,0.3285,0.6715,0.0816,0.0,0.19153016890565716,0.0,0.0,0.6466754449318373,0.9515520609059896,0.7938356777777534,0.8010241404535479,0.35401049633829895,0.85588,0.12639,10006
10,1024,swap,400,25,0.0,0.5213,0.4787,0.4787,0.018188399859809745,0.020438027591895825,-0.41087422145774793,-0.21521647527999266,0.2577638832892246,0.44696842024018485,0.018188399859809745,0.5213,3.7052455792331704,0.01775,0.49756999999999996,10006
10,4096,loschmidt,400,25,0.4618,0.4375,0.5625,0.1007,0.0,0.28130595118990004,-0.01266542900578723,0.0,0.8966235747207274,0.985049469916893,0.8744625696889423,0.8128948346339651,0.24029458794461514,0.77325,0.20277000000000003,10006
10,4096,swap,400,25,0.0,0.5359,0.4641,0.4641,0.03083297460251319,0.03181165909999803,-0.3976739223101199,-0.20546098148762504,0.26459203119161745,0.46227121404724436,0.03083297460251319,0.5359,3.40853696092248,0.00824,0.5041399999999999,10006
12,16,loschmidt,400,25,0.96,0.032,0.968,0.008,0.0,0.012400416383299168,0.0,0.0,0.0,0.0,0.41551789144279655,0.8,0.9636392358668499,0.9952416666666666,0.0038,10006
12,16,swap,400,25,0.0,0.5076,0.4924,0.4924,0.0035710126283111845,0.004868358519995954,-0.37557411431519055,-0.2056459916504657,0.21154508905567632,0.3895506729308597,0.0035710126283111845,0.5076,5.253224563380273,0.13969166666666666,0.4306583333333334,10006
12,64,loschmidt,400,25,0.9143,0.0681,0.9319,0.0176,0.0,0.028894101163154603,0.0,0.0,0.0,0.0,0.54322268262422,0.79463243873979,0.799269261760084,0.9863333333333332,0.011258333333333332,10006
12,64,swap,400,25,0.0,0.5011,0.4989,0.4989,0.0005056356798713808,0.0008104322674817112,-0.3751427440952742,-0.20890437042807106,0.20360384946084742,0.3836050347602718,0.0005056356798713808,0.5011,4.959370745339325,0.06886666666666666,0.46425833333333333,10006
12,256,loschmidt,400,25,0.8346,0.1306,0.8694,0.0348,0.0,0.06070249204264351,0.0,0.0,0.0,0.4235664223026289,0.6216509269570188,0.7896009673518742,0.6878938319558499,0.9661333333333334,0.028391666666666662,10006
12,256,swap,400,25,0.0,0.5096,0.4904,0.4904,0.006564931513292064,0.006990235180338777,-0.3724707232761566,-0.19854389837718497,0.2101646771198346,0.3845673439050112,0.006564931513292064,0.5096,4.652959353173525,0.03503333333333333,0.48674166666666663,10006
12,1024,loschmidt,400,25,0.7222,0.22,0.78,0.0578,0.0,0.11023543144521859,0.0,0.0,0.0,0.8196573340319311,0.6553634602650297,0.7919366450683946,0.46582406282888017,0.9297416666666668,0.06004166666666666,10006
12,1024,swap,400,25,0.0,0.5127,0.4873,0.4873,0.0113235163366255,0.007234631986984094,-0.37476911111212813,-0.19849514590787742,0.2143876444322641,0.38499019575977206,0.0113235163366255,0.5127,4.343774669472557,0.0173,0.49463333333333337,10006
12,4096,loschmidt,400,25,0.6071,0.3161,0.6839,0.0768,0.0,0.18249316389233244,0.0,0.0,0.5587111930934843,0.9426865773934818,0.7566917006484453,0.804530414863833,0.31403408410049116,0.8714166666666668,0.11289166666666667,10006
12,4096,swap,400,25,0.0,0.5225,0.4775,0.4775,0.01774402222949594,0.015291388901569775,-0.3728527795165192,-0.19473056599025,0.2245896027083148,0.3956966250016403,0.01774402222949594,0.5225,4.050310783705524,0.008216666666666666,0.4995666666666666,10006
4,16,loschmidt,400,25,0.2345,0.6712,0.3288,0.0943,0.8535931076059791,0.508024959305888,0.0,0.0,0.9646652430314192,0.9884686655444161,0.9245504027002582,0.8768125408229915,0.11027217419308724,0.550125,0.3988,10007
4,16,swap,400,25,0.0002,0.6733,0.3267,0.3265,0.31951854979067285,0.23715053214982726,-0.5342208307515203,-0.15801107788349114,0.6887860067336813,0.8643051195150461,0.31967242655972644,0.6734346869373875,0.8947336811002867,0.127475,0.51565,10007
4,64,loschmidt,400,25,0.1109,0.8048,0.1952,0.0843,0.9644681039062628,0.6709533932417939,0.0,0.6758723313740602,0.9898224322034133,0.9965915891492185,0.9730700539300322,0.9051850185580924,0.04134436791354241,0.378175,0.571675,10007
4,64,swap,400,25,0.0001,0.7261,0.2739,0.2738,0.4759479956867129,0.3516901320303236,-0.47303989402220054,-0.04815208605820461,0.829576927187281,0.9473308541020384,0.47601566959842373,0.7261726172617262,0.5987428369767998,0.05945,0.592925,10007
4,256,loschmidt,400,25,0.05,0.8825,0.1175,0.0675,0.9899885036386731,0.7815308309258738,0.0,0.9286358284551901,0.9972979534991936,0.9990636253024814,0.99117960985566,0.9289473684210526,0.014200811038462947,0.243925,0.710675,10007
4,256,swap,400,25,0.0,0.7883,0.2117,0.2117,0.6578849656624215,0.46659824526139526,-0.40384834961470356,0.10969807711260146,0.9353428206313082,0.983922201914021,0.6578849656624215,0.7883,0.33679316524090575,0.02765,0.657075,10007
4,1024,loschmidt,400,25,0.0279,0.923,0.077,0.0491,0.9973744860735856,0.8566180385203573,0.7182034588199899,0.9826048371756417,0.999270745996475,0.9997185319909956,0.9975564745386148,0.949490793128279,0.00425015435125052,0.152125,0.8129,10007
4,1024,swap,400,25,0.0,0.8399,0.1601,0.1601,0.8195506826759442,0.579746355235031,-0.2669179715707779,0.2959164886498283,0.980051558625769,0.9957252525103726,0.8195506826759442,0.8399,0.14960748960076936,0.010775,0.714925,10007
4,4096,loschmidt,400,25,0.0158,0.9527,0.0473,0.0315,0.9993516517125225,0.9111106529393521,0.9526772828503666,0.9954962710136508,0.9998157212408161,0.9999276380655175,0.9993839221263472,0.9679943100995733,0.0014821981118022548,0.097275,0.8793,10007
4,4096,swap,400,25,0.0,0.8779,0.1221,0.1221,0.9331479753554733,0.6732720433368535,-0.13185161563980796,0.5112284448127681,0.9948983176510349,0.998930246444337,0.9331479753554733,0.8779,0.04667381977875172,0.00505,0.7665,10007
6,16,loschmidt,400,25,0.5307,0.3998,0.6002,0.0695,0.0,0.25045760353033686,0.0,0.0,0.7753486003352208,0.9388288636106159,0.7967830761106545,0.8519070956744087,0.26577016889751365,0.8108666666666667,0.16356666666666664,10007
6,16,swap,400,25,0.0,0.5608,0.4392,0.4392,0.07271044070705841,0.06798007033839377,-0.5122870858673327,-0.24934660438991246,0.39773037516980625,0.6339628338799855,0.07271044070705841,0.5608,2.080842828272826,0.13645,0.4549166666666667,10007
6,64,loschmidt,400,25,0.3755,0.5349,0.4651,0.0896,0.41875914226274313,0.3783895928227537,0.0,0.0,0.9389815903768305,0.9805156797361128,0.9043061866396933,0.856525220176141,0.1572837641472051,0.6813166666666666,0.2811166666666666,10007
6,64,swap,400,25,0.0,0.6043,0.3957,0.3957,0.12935637060457927,0.12132259823936592,-0.4722766444766648,-0.21085729409293413,0.4619159429239588,0.7136432340767586,0.12935637060457927,0.6043,1.7749717152104063,0.06856666666666666,0.5052333333333333,10007
6,256,loschmidt,400,25,0.2484,0.6496,0.3504,0.102,0.8731647339730144,0.4950667901368059,-0.06013157340347827,0.0,0.9807029823716396,0.9944255911080911,0.9553000242544418,0.8642895156998404,0.07329110205289552,0.5482166666666667,0.40905,10007
6,256,swap,400,25,0.0,0.6367,0.3633,0.3633,0.2015352740583632,0.18232231218993677,-0.46426982440461734,-0.17275215570063898,0.5586740862927456,0.8171711309631668,0.2015352740583632,0.6367,1.479245835119024,0.03289999999999999,0.54585,10007
6,1024,loschmidt,400,25,0.148,0.7504,0.2496,0.1016,0.9667037437318415,0.6082367902841302,-0.06155107860255753,0.008167007963117881,0.9945809566715991,0.9983157363701269,0.9815484596798778,0.8807511737089202,0.0337630178585325,0.4284833333333333,0.5291166666666667,10007
6,1024,swap,400,25,0.0,0.6815,0.3185,0.3185,0.2877636926084905,0.26296616703047776,-0.4338175787802683,-0.11563387587180082,0.6920160746404772,0.9309210069880308,0.2877636926084905,0.6815,1.1781839498464297,0.015516666666666666,0.5818666666666666,10007
6,4096,loschmidt,400,25,0.0918,0.8167,0.1833,0.0915,0.9905571525171413,0.6994066046246855,0.0,0.7978478387008541,0.998466295808202,0.9995318399352779,0.9933423809629476,0.8992512662409161,0.012190691417739104,0.32521666666666665,0.63625,10007
6,4096,swap,400,25,0.0,0.722,0.278,0.278,0.384368176390908,0.3446875916688001,-0.38773533369015817,-0.05017220340715496,0.8397903530321444,0.9779996923371342,0.384368176390908,0.722,0.8848393873346148,0.0078,0.6152666666666666,10007
8,16,loschmidt,400,25,0.7522,0.2074,0.7926,0.0404,0.0,0.10758142854531492,0.0,0.0,0.0,0.7372492040194073,0.6482411321545556,0.8369652945924132,0.4647838729488876,0.9323875,0.0572125,10007
8,16,swap,400,25,0.0,0.5226,0.4774,0.4774,0.019679329370090357,0.017733792918256715,-0.45571238629796595,-0.24093301229801578,0.27316775974120133,0.49382886757655015,0.019679329370090357,0.5226,3.1731718646089595,0.139375,0.4349125,10007
8,64,loschmidt,400,25,0.6136,0.3261,0.6739,0.0603,0.0,0.19701976009867325,0.0,0.0,0.5971854829379661,0.91971576916979,0.7858243200366238,0.843944099378882,0.3203511762467178,0.8579875,0.123875,10007
8,64,swap,400,25,0.0,0.5416,0.4584,0.4584,0.03886735495033507,0.032909856484745134,-0.44959527877312977,-0.22681739607643153,0.2942326295508333,0.5090134734485819,0.03886735495033507,0.5416,2.872466946763917,0.0711625,0.4741,10007
8,256,loschmidt,400,25,0.4638,0.4479,0.5521,0.0883,0.0,0.29261010764905443,0.0,0.0,0.8799320380465085,0.9749281617763437,0.8564098860979856,0.8353226408056695,0.2148251126307129,0.7628375,0.209775,10007
8,256,swap,400,25,0.0,0.5548,0.4452,0.4452,0.059438977630053194,0.06006355570672201,-0.4371339047240799,-0.21946453092983342,0.3331869146698916,0.5569396458198186,0.059438977630053194,0.5548,2.5634129994988752,0.034425,0.5024,10007
8,1024,loschmidt,400,25,0.336,0.5658,0.4342,0.0982,0.568675163977294,0.40615511900307666,0.0,0.0,0.9608316402300123,0.9921071193090657,0.9201250264523859,0.8521084337349397,0.12646961751921662,0.6513875,0.3158375,10007
8,1024,swap,400,25,0.0,0.5786,0.4214,0.4214,0.08859140163730223,0.09700014090399565,-0.4289443127408672,-0.19735596811021483,0.3850948361571162,0.6437240381816562,0.08859140163730223,0.5786,2.260269836550652,0.017125,0.5211875,10007
8,4096,loschmidt,400,25,0.2303,0.6666,0.3334,0.1031,0.87664089018977,0.5126882078897836,-0.10323343513831441,0.0,0.9878825839295852,0.997880645642208,0.9577666212595128,0.8660517084578407,0.06421819530234955,0.5363875,0.4265875,10007
8,4096,swap,400,25,0.0,0.6119,0.3881,0.3881,0.13158409831127252,0.14699371187829102,-0.4118157207722407,-0.17122983650581997,0.4527763818556015,0.7725055352258783,0.13158409831127252,0.6119,1.974021022484346,0.0078375,0.5440625,10007
10,16,loschmidt,400,25,0.8923,0.0894,0.9106,0.0183,0.0,0.03812238500800311,0.0,0.0,0.0,0.0,0.4839362527953341,0.83008356545961,0.7149191926417564,0.98213,0.014969999999999999,10007
10,16,swap,400,25,0.0,0.4999,0.5001,0.5001,-2.655354738193424e-05,-0.001634195257162466,-0.42751467614247196,-0.23531912943043318,0.2271667476128158,0.42118876924537385,-2.655354738193424e-05,0.4999,4.232908460606082,0.13847,0.43168999999999996,10007
10,64,loschmidt,400,25,0.7969,0.1675,0.8325,0.0356,0.0,0.08092674620004504,0.0,0.0,0.0,0.6149755973662532,0.6090585947429055,0.8247168882323979,0.5049028539777909,0.9524600000000001,0.04071,10007
10,64,swap,400,25,0.0,0.5023,0.4977,0.4977,0.002014075635233298,0.0040852280934705245,-0.4141615901067492,-0.22581332515076513,0.22805066659028683,0.42390236682557264,0.002014075635233298,0.5023,3.922618409663471,0.07092000000000001,0.46742000000000006,10007
10,256,loschmidt,400,25,0.669,0.2733,0.7267,0.0577,0.0,0.15390424697393826,0.0,0.0,0.24727432320768275,0.8828055209029237,0.7335671566844283,0.8256797583081571,0.3651788121755344,0.89602,0.09089000000000001,10007
10,256,swap,400,25,0.0,0.5155,0.4845,0.4845,0.013377391426736452,0.013771836279584672,-0.4081340850580876,-0.2104838846515001,0.2461138907581041,0.4285208667199851,0.013377391426736452,0.5155,3.6273184438824946,0.03659,0.48506000000000005,10007
10,1024,loschmidt,400,25,0.5437,0.3763,0.6237,0.08,0.0,0.23325269151522543,0.0,0.0,0.7663436099691854,0.9606831855282155,0.8125728398939289,0.8246767477536708,0.2798306985910468,0.8215300000000001,0.15819,10007
10,1024,swap,400,25,0.0,0.53,0.47,0.47,0.027080906244110546,0.02514522045308571,-0.40088822826351694,-0.2066252844154266,0.2526180821091428,0.44911370462902256,0.027080906244110546,0.53,3.330913931329317,0.01785,0.4996,10007
10,4096,loschmidt,400,25,0.4151,0.4897,0.5103,0.0952,0.0,0.3317879331280286,0.0,0.0,0.9279410227611922,0.988117065023178,0.8877704738235658,0.837237134552915,0.19173187129777225,0.7296199999999999,0.24341999999999997,10007
10,4096,swap,400,25,0.0,0.5412,0.4588,0.4588,0.04028228137959386,0.042454766419409866,-0.3926853159604627,-0.1988383571249418,0.2772669572526293,0.4840005480848665,0.04028228137959386,0.5412,3.019403553000063,0.008470000000000002,0.5081200000000001,10007
12,16,loschmidt,400,25,0.9472,0.0433,0.9567,0.0095,0.0,0.016648484143488525,0.0,0.0,0.0,0.0,0.4138612878914618,0.8200757575757576,0.8146310102841431,0.9927833333333332,0.006016666666666667,10007
12,16,swap,400,25,0.0,0.5033,0.4967,0.4967,0.0014532272576781532,0.0024117422918695564,-0.37744143753802745,-0.20057786680308487,0.2094372644879763,0.37812845556806407,0.0014532272576781532,0.5033,5.576119687353043,0.1400583333333333,0.4315666666666666,10007
12,64,loschmidt,400,25,0.8925,0.0911,0.9089,0.0164,0.0,0.041762338278873025,0.0,0.0,0.0,0.0,0.5423165398568809,0.8474418604651163,0.5183375467078905,0.9797083333333334,0.017625,10007
12,64,swap,400,25,0.0,0.5125,0.4875,0.4875,0.009539674692425105,0.005576688209787355,-0.3734362026021799,-0.201629788673461,0.21284158794803812,0.3824646008084203,0.009539674692425105,0.5125,5.250893961691322,0.06993333333333332,0.468175,10007
12,256,loschmidt,400,25,0.8236,0.1482,0.8518,0.0282,0.0,0.07910893872382095,0.0,0.0,0.0,0.5995546508852373,0.6761778282767301,0.8401360544217688,0.429836983707308,0.9524666666666666,0.04128333333333333,10007
12,256,swap,400,25,0.0,0.5069,0.4931,0.4931,0.006088306064609974,0.004905199803532907,-0.3789578493791355,-0.20007211006455333,0.21372451194373018,0.3811974933430332,0.006088306064609974,0.5069,4.966934702224933,0.03406666666666666,0.4849916666666667,10007
12,1024,loschmidt,400,25,0.7423,0.2115,0.7885,0.0462,0.0,0.1226529920417484,0.0,0.0,0.0,0.8539524324751745,0.7604476173200125,0.8207217694994179,0.33355198060212254,0.9096166666666666,0.07929166666666668,10007
12,1024,swap,400,25,0.0,0.5252,0.4748,0.4748,0.020233595047339847,0.017934293796642513,-0.37235598899755723,-0.19083300282497567,0.2274398919717115,0.4029388828497713,0.020233595047339847,0.5252,4.661506172866037,0.017216666666666665,0.4978166666666667,10007
12,4096,loschmidt,400,25,0.6403,0.2947,0.7053,0.065,0.0,0.1821580179984959,0.0,0.0,0.45225180030446177,0.9560256351379018,0.8125721509532017,0.8192938559911037,0.2799469957781883,0.856775,0.12771666666666665,10007
12,4096,swap,400,25,0.0,0.5147,0.4853,0.4853,0.012704203523029367,0.01402811777384487,-0.37986510129603535,-0.19946525376467128,0.22231429750089152,0.3980153193961143,0.012704203523029367,0.5147,4.364097397832561,0.008683333333333333,0.5014666666666667,10007
4,16,loschmidt,400,25,0.2579,0.6593,0.3407,0.0828,0.8497776125872945,0.506565225574756,0.0,0.0,0.9628560560881383,0.9881179723420941,0.9309107485101311,0.8884247406009972,0.10647829065929844,0.557375,0.3996,10008
4,16,swap,400,25,0.0003,0.6683,0.3317,0.3314,0.3126355614336928,0.23062289430090613,-0.5474865033705479,-0.1738628862411935,0.6862355332137755,0.8717779972557648,0.31291842802832853,0.6685005501650495,0.9160837444684384,0.128875,0.5175,10008
4,64,loschmidt,400,25,0.1365,0.7779,0.2221,0.0856,0.9598039946294872,0.6441811536761094,0.0,0.46428745204025845,0.9888783513843328,0.9962147686044998,0.9722143776381914,0.900868558193399,0.045430135042853065,0.395175,0.555625,10008
4,64,swap,400,25,0.0001,0.7177,0.2823,0.2822,0.46861292087855655,0.33963572034813877,-0.49916717734496246,-0.07313446003374106,0.8326128636308734,0.945096348715311,0.46866470730011445,0.7177717771777178,0.6229725923078466,0.0594,0.595925,10008
4,256,loschmidt,400,25,0.0649,0.8565,0.1435,0.0786,0.9890914297913482,0.7467397391854399,0.0,0.8896849451731844,0.9970303147592692,0.998921625881867,0.9910854572860147,0.9159448187359641,0.015121947049986399,0.2629,0.69055,10008
4,256,swap,400,25,0.0,0.7773,0.2227,0.2227,0.6494219236223013,0.46040519696087423,-0.39317731568063563,0.0786333930380019,0.9391544073688457,0.9846583353802976,0.6494219236223013,0.7773,0.35786678824297924,0.02595,0.65755,10008
4,1024,loschmidt,400,25,0.0307,0.9118,0.0882,0.0575,0.997031888840499,0.8327481630496187,0.40298348442557064,0.975076028764212,0.9992398742903222,0.9996997359797467,0.9973337104631649,0.9406788404002888,0.005231115797564501,0.17325,0.78875,10008
4,1024,swap,400,25,0.0,0.8241,0.1759,0.1759,0.8091212208413248,0.5554299498210135,-0.29973744140522907,0.22321232843958835,0.9811854699674096,0.9958152654079404,0.8091212208413248,0.8241,0.15292946913776762,0.012175,0.708175,10008
4,4096,loschmidt,400,25,0.0153,0.9442,0.0558,0.0405,0.9992653018017323,0.8935641237760504,0.9074164699247412,0.993730112652629,0.9998031087587711,0.9999231817155504,0.9992942577489963,0.958870722047324,0.002229986710846721,0.110575,0.859675,10008
4,4096,swap,400,25,0.0,0.8628,0.1372,0.1372,0.9280313330290115,0.648779936678679,-0.1836219334800511,0.4294422073393994,0.9949677070129581,0.998919915860747,0.9280313330290115,0.8628,0.056196081784205154,0.0051,0.757925,10008
6,16,loschmidt,400,25,0.5418,0.3846,0.6154,0.0736,0.0,0.22893940863954887,0.0,0.0,0.7387790391369744,0.9362180949746903,0.7775240144524636,0.8393714535137494,0.317417118479486,0.8308333333333332,0.1456,10008
6,16,swap,400,25,0.0,0.5628,0.4372,0.4372,0.07320886654515832,0.06436166644678812,-0.5051359814523956,-0.2488413794727338,0.3821725369030423,0.6198324135514269,0.07320886654515832,0.5628,2.0050857278419887,0.1398,0.45145,10008
6,64,loschmidt,400,25,0.3601,0.5442,0.4558,0.0957,0.4299668922284632,0.37057177829802335,0.0,0.0,0.9234444028340338,0.9794510250293547,0.874879797174965,0.8504453820909517,0.18573525608319943,0.6984833333333333,0.2674,10008
6,64,swap,400,25,0.0,0.5896,0.4104,0.4104,0.11164565232981256,0.10216152136032863,-0.4950423358089099,-0.23201463538156072,0.44146772435163695,0.688436083356162,0.11164565232981256,0.5896,1.6936618681182303,0.06768333333333333,0.4989833333333333,10008
6,256,loschmidt,400,25,0.2251,0.6708,0.3292,0.1041,0.8544477715351153,0.5035229695577964,-0.13245590633040225,0.0,0.9772988446726505,0.9932911825074273,0.9402889771968991,0.8656600851722803,0.08987561610332129,0.5465166666666667,0.41233333333333333,10008
6,256,swap,400,25,0.0,0.6193,0.3807,0.3807,0.17177143488759394,0.1589546918478551,-0.4708800971454697,-0.18886309745427549,0.5164328975214619,0.7912159661607031,0.17177143488759394,0.6193,1.401780266105737,0.03303333333333333,0.5360333333333334,10008
6,1024,loschmidt,400,25,0.1395,0.7648,0.2352,0.0957,0.9610345673336531,0.6266814745726037,0.0,0.2802921373408962,0.9935014946849043,0.9980638527451176,0.9771771749156539,0.8887855897733876,0.0376401117904014,0.4137833333333334,0.54325,10008
6,1024,swap,400,25,0.0,0.6674,0.3326,0.3326,0.2438016728671406,0.22946421249642876,-0.4352656873952772,-0.1378765472582734,0.617768331575366,0.8928565757460037,0.2438016728671406,0.6674,1.1015700855976103,0.015233333333333331,0.5713666666666666,10008
6,4096,loschmidt,400,25,0.0839,0.8338,0.1662,0.0823,0.9885176762412564,0.7216791355763698,0.0,0.8471670456594693,0.9981650692802504,0.9994623826655411,0.9918589782398828,0.910162645999345,0.012457390651495117,0.3024,0.6582833333333333,10008
6,4096,swap,400,25,0.0,0.7181,0.2819,0.2819,0.3720225334558659,0.32329573042020693,-0.3870509402724701,-0.05762934741826435,0.7708117350900722,0.9640608498681978,0.3720225334558659,0.7181,0.8013917766906355,0.00685,0.60945,10008
8,16,loschmidt,400,25,0.7327,0.2221,0.7779,0.0452,0.0,0.11702984285793688,0.0,0.0,0.0,0.7722727097517319,0.6734709080931103,0.8309016086793864,0.48002920798777854,0.9294625,0.0598875,10008
8,16,swap,400,25,0.0,0.5259,0.4741,0.4741,0.024400097199846246,0.024041464277996267,-0.45515025683848326,-0.23774811888677738,0.2918548152496153,0.49725381160276677,0.024400097199846246,0.5259,2.971077081343917,0.1392875,0.4372375,10008
8,64,loschmidt,400,25,0.5776,0.351,0.649,0.0714,0.0,0.20708799414806936,0.0,0.0,0.6546951359473951,0.9222747473779453,0.7593401930995511,0.8309659090909091,0.33062849503786595,0.8502625,0.129425,10008
8,64,swap,400,25,0.0,0.5388,0.4612,0.4612,0.03964566827299172,0.033834756603960535,-0.44731611251508224,-0.2344107177093338,0.29934559500820535,0.5148074698797528,0.03964566827299172,0.5388,2.670045467661543,0.0692875,0.47505,10008
8,256,loschmidt,400,25,0.4234,0.4899,0.5101,0.0867,0.0,0.3253446643660464,0.0,0.0,0.8897730428824352,0.9715285888323626,0.8451424678084948,0.8496357960457857,0.19208180577692763,0.745375,0.2259375,10008
8,256,swap,400,25,0.0,0.5624,0.4376,0.4376,0.06173287670147743,0.06186660772144487,-0.4370562926991786,-0.2140840354787945,0.3275701332892544,0.5613240981039346,0.06173287670147743,0.5624,2.3739466681511248,0.0351375,0.500775,10008
8,1024,loschmidt,400,25,0.3019,0.6031,0.3969,0.095,0.7106147475637745,0.44533469182354357,0.0,0.0,0.9640602674522849,0.991773362425847,0.919447658220926,0.8639163443632717,0.1003037172185548,0.61885,0.3450375,10008
8,1024,swap,400,25,0.0,0.5889,0.4111,0.4111,0.10088385339884043,0.10576517692989305,-0.4204858649653648,-0.18125635542084656,0.3963284292635639,0.6531701856277256,0.10088385339884043,0.5889,2.0757905182400966,0.0174,0.5232125,10008
8,4096,loschmidt,400,25,0.2055,0.7068,0.2932,0.0877,0.9067060556367041,0.5655916817711415,0.0,0.0,0.9901268178172655,0.9977173514405682,0.9621221701907189,0.8896161107614852,0.04980202524684972,0.4917375,0.4704,10008
8,4096,swap,400,25,0.0,0.6179,0.3821,0.3821,0.1396796721498872,0.15087212612479983,-0.40675118972547164,-0.16724714010662362,0.46403306807558375,0.7547533180020944,0.1396796721498872,0.6179,1.7755727629057914,0.00795,0.5444,10008
10,16,loschmidt,400,25,0.9054,0.0749,0.9251,0.0197,0.0,0.03128800375360911,0.0,0.0,0.0,0.0,0.520827456108024,0.7917547568710359,0.7895509152012828,0.9862299999999999,0.011170000000000001,10008
10,16,swap,400,25,0.0,0.5041,0.4959,0.4959,0.0026870412758843443,0.0028389809664421044,-0.4142622306379917,-0.22390124342900922,0.2308617599528645,0.41888693088008816,0.0026870412758843443,0.5041,4.405418027510738,0.13871,0.4316,10008
10,64,loschmidt,400,25,0.8097,0.1481,0.8519,0.0422,0.0,0.0656512401516963,0.0,0.0,0.0,0.5492478445814958,0.5953758980221772,0.7782448765107725,0.5949764750560784,0.9613200000000001,0.03168,10008
10,64,swap,400,25,0.0,0.5076,0.4924,0.4924,0.00642708012589599,0.007731703423347616,-0.4067544251650825,-0.2150444672283907,0.2378777625929329,0.4189533788894362,0.00642708012589599,0.5076,4.1011186936571224,0.06940999999999999,0.4674,10008
10,256,loschmidt,400,25,0.6904,0.2499,0.7501,0.0597,0.0,0.1343032444308302,0.0,0.0,0.0,0.8697808502743085,0.7197399131486245,0.8071705426356589,0.42017559108151525,0.91228,0.07499,10008
10,256,swap,400,25,0.0,0.5053,0.4947,0.4947,0.0060408265514474225,0.005060500489654805,-0.416023063311471,-0.22332964641336514,0.23086653064981488,0.43135528566176223,0.0060408265514474225,0.5053,3.802289010105408,0.03572,0.48413999999999996,10008
10,1024,loschmidt,400,25,0.5744,0.3543,0.6457,0.0713,0.0,0.22067805102384186,0.0,0.0,0.7098546426176355,0.959344523349458,0.8153358543060607,0.8324718045112782,0.28100625187081385,0.84195,0.13922,10008
10,1024,swap,400,25,0.0,0.5204,0.4796,0.4796,0.015664741188396263,0.017858567596034793,-0.4026252410088836,-0.2117385589141676,0.25162165681664417,0.43860592018580474,0.015664741188396263,0.5204,3.5030190505518286,0.01731,0.4947700000000001,10008
10,4096,loschmidt,400,25,0.4531,0.4506,0.5494,0.0963,0.0,0.2955282933276464,0.0,0.0,0.9060207313779514,0.9855399453225365,0.8737844886844868,0.8239166209544706,0.18740927247088857,0.7531200000000001,0.22166999999999998,10008
10,4096,swap,400,25,0.0,0.5271,0.4729,0.4729,0.024868001398423923,0.031397819099915694,-0.39854767255791373,-0.20345788030559717,0.25935034785393124,0.46757683924900817,0.024868001398423923,0.5271,3.1985253061086594,0.00886,0.5031399999999999,10008
12,16,loschmidt,400,25,0.9585,0.0349,0.9651,0.0066,0.0,0.013772792935510819,0.0,0.0,0.0,0.0,0.419067786315286,0.8409638554216867,0.6940169371609519,0.99425,0.004791666666666666,10008
12,16,swap,400,25,0.0,0.5003,0.4997,0.4997,0.00012863150460533818,0.0007435348798264755,-0.37827972323460846,-0.20385096181307297,0.2074002620441912,0.38153333139063184,0.00012863150460533818,0.5003,5.457310613660249,0.1408,0.428625,10008
12,64,loschmidt,400,25,0.9052,0.0792,0.9208,0.0156,0.0,0.033841846597135995,0.0,0.0,0.0,0.0,0.531447551974027,0.8354430379746836,0.7646268581337132,0.9819916666666666,0.015483333333333332,10008
12,64,swap,400,25,0.0,0.5007,0.4993,0.4993,0.000579375509594568,0.00429159569072726,-0.3737298935104195,-0.20187456335527423,0.20666060116303536,0.38822495599051304,0.000579375509594568,0.5007,5.151410970094693,0.07113333333333333,0.4676583333333333,10008
12,256,loschmidt,400,25,0.8238,0.1436,0.8564,0.0326,0.0,0.06694907451733786,0.0,0.0,0.0,0.49708388064097064,0.5987424690460035,0.8149829738933031,0.6128137959143675,0.9590416666666668,0.03521666666666666,10008
12,256,swap,400,25,0.0,0.5013,0.4987,0.4987,0.000832769346476683,0.0036314174373950374,-0.3721765523625008,-0.19929273797391459,0.21068820149790382,0.3772801298211159,0.000832769346476683,0.5013,4.861508262294786,0.035124999999999997,0.4828416666666666,10008
12,1024,loschmidt,400,25,0.7151,0.2298,0.7702,0.0551,0.0,0.12227060356272036,0.0,0.0,0.0,0.8329965266189516,0.6869640642763328,0.8065988065988066,0.4153060771118454,0.9193083333333332,0.0707,10008
12,1024,swap,400,25,0.0,0.5109,0.4891,0.4891,0.008118022108982593,0.009443722144962186,-0.3752431599913402,-0.1954131887375002,0.21418788581622977,0.3925328762506086,0.008118022108982593,0.5109,4.5585189744222845,0.01749166666666667,0.49276666666666663,10008
12,4096,loschmidt,400,25,0.6085,0.3161,0.6839,0.0754,0.0,0.1847167558897491,0.0,0.0,0.5557797103882154,0.9410498800782525,0.7737905768733077,0.8074074074074075,0.2855283207582553,0.8604416666666668,0.12411666666666668,10008
12,4096,swap,400,25,0.0,0.5226,0.4774,0.4774,0.018470020685216026,0.020752605513466686,-0.36573054991026815,-0.18554205726078954,0.2303814419410118,0.40561878468213436,0.018470020685216026,0.5226,4.262297190376154,0.00905,0.50155,10008
4,16,loschmidt,400,25,0.2541,0.6578,0.3422,0.0881,0.8464151140359351,0.49941821736837255,0.0,0.0,0.9641452496964252,0.9893474625420196,0.9313602541923679,0.8818876525003352,0.10037035618234064,0.5563,0.3972,10009
4,16,swap,400,25,0.0003,0.6738,0.3262,0.3259,0.31065510155306586,0.23241749417919427,-0.5453941539763509,-0.16306070725065558,0.6841707392919306,0.8658604838349342,0.31079443482538843,0.6740022006601981,0.8827547438261789,0.132775,0.513025,10009
4,64,loschmidt,400,25,0.1399,0.7776,0.2224,0.0825,0.9632815230643753,0.6490620562582369,0.0,0.528763753220779,0.9899701935045833,0.996627008135203,0.9748867477976717,0.90408092082316,0.041189500515008165,0.3926,0.560425,10009
4,64,swap,400,25,0.0,0.7406,0.2594,0.2594,0.4838532110297248,0.3607966051724461,-0.45051058891792073,-0.018313475940160556,0.8250208562447054,0.9406025809037033,0.4838532110297248,0.7406,0.5871156143738777,0.059875,0.5967,10009
4,256,loschmidt,400,25,0.0618,0.8586,0.1414,0.0796,0.9899793755476021,0.7488892986175592,0.0,0.9207895400469803,0.9971934403681527,0.9990062838371978,0.9915156547010542,0.9151566830100192,0.018412665549903943,0.265725,0.689025,10009
4,256,swap,400,25,0.0,0.7793,0.2207,0.2207,0.6505756869190938,0.4567070233464245,-0.41810285714716033,0.08666635637340327,0.9324123393349235,0.9820455470887763,0.6505756869190938,0.7793,0.326135353908951,0.02785,0.654925,10009
4,1024,loschmidt,400,25,0.0276,0.9053,0.0947,0.0671,0.9974544151333671,0.8225692496895012,0.17759130839931864,0.9779748613027395,0.9992583350609815,0.9997258926949993,0.9976656067127047,0.9309954751131222,0.007249820819391507,0.18005,0.780425,10009
4,1024,swap,400,25,0.0,0.8293,0.1707,0.1707,0.8272083824728118,0.5694393151692241,-0.2932896507136598,0.2770052686387213,0.9793507551960812,0.9954490130156719,0.8272083824728118,0.8293,0.1397156914712785,0.011275,0.710175,10009
4,4096,loschmidt,400,25,0.0085,0.9376,0.0624,0.0539,0.9993143536564726,0.872549995572459,0.8749453982531965,0.994405813640878,0.9998073511097031,0.9999282537572776,0.9993299163408111,0.9456379223398891,0.0021028755633626965,0.117075,0.851425,10009
4,4096,swap,400,25,0.0,0.8691,0.1309,0.1309,0.9326272395427048,0.6603045655142645,-0.16081523304053263,0.4687576582320529,0.9949741752865072,0.9988234415150764,0.9326272395427048,0.8691,0.04997477674734904,0.005,0.7639,10009
6,16,loschmidt,400,25,0.526,0.4013,0.5987,0.0727,0.0,0.24302277579552775,0.0,0.0,0.7530257970425571,0.9404154505276958,0.779593727300463,0.8466244725738397,0.287910513559825,0.81805,0.1584,10009
6,16,swap,400,25,0.0,0.5642,0.4358,0.4358,0.07542013621781415,0.06980258700285571,-0.49778109085453676,-0.24420836514943,0.3937325036413519,0.6317192262764477,0.07542013621781415,0.5642,1.9738924687700559,0.13883333333333334,0.4512333333333333,10009
6,64,loschmidt,400,25,0.3572,0.555,0.445,0.0878,0.5045052640908505,0.39333028836803446,0.0,0.0,0.9370389007919752,0.9809084206388997,0.8901503721509932,0.8634100808960796,0.16514273679013702,0.67965,0.2865333333333333,10009
6,64,swap,400,25,0.0,0.5945,0.4055,0.4055,0.12769408940501456,0.11646789336461252,-0.48503422255451273,-0.2086154248509699,0.45989175262098414,0.7072536735907647,0.12769408940501456,0.5945,1.670993903814779,0.06804999999999999,0.5032,10009
6,256,loschmidt,400,25,0.2231,0.6786,0.3214,0.0983,0.8746264262570027,0.5205517513110415,0.0,0.0,0.9797904889536998,0.9937974176092519,0.9490113765928039,0.873471489252156,0.08236026367910639,0.5336666666666666,0.4253666666666666,10009
6,256,swap,400,25,0.0,0.6338,0.3662,0.3662,0.199511947061007,0.1817193572134735,-0.46193535578419304,-0.17192227861304343,0.5610756322463313,0.8074918927959515,0.199511947061007,0.6338,1.3775267850871953,0.03306666666666666,0.54695,10009
6,1024,loschmidt,400,25,0.1383,0.7681,0.2319,0.0936,0.9643655630292101,0.6297744743901289,0.0,0.2774330254052951,0.9942085194669403,0.9982676208751364,0.978749669597664,0.8913775095740977,0.032767773790852106,0.4059666666666667,0.5519166666666666,10009
6,1024,swap,400,25,0.0,0.6834,0.3166,0.3166,0.28918937137641054,0.2656411521197617,-0.41407007101762716,-0.11435725745124999,0.6872712114372647,0.917421816514959,0.28918937137641054,0.6834,1.079267423858846,0.015316666666666666,0.58005,10009
6,4096,loschmidt,400,25,0.0832,0.8398,0.1602,0.077,0.9900555741361514,0.7300018356004904,0.0,0.8527358113024122,0.9984223985915246,0.9995200574460638,0.992768614281085,0.9160122164048866,0.012084294901836691,0.29545,0.66445,10009
6,4096,swap,400,25,0.0,0.7219,0.2781,0.2781,0.38935539472840336,0.34195367072587113,-0.38890045227174136,-0.05027496047719127,0.8238886119745948,0.9742020043056874,0.38935539472840336,0.7219,0.7706985229338013,0.0069,0.6189166666666666,10009
8,16,loschmidt,400,25,0.7597,0.2062,0.7938,0.0341,0.0,0.11340118259278271,0.0,0.0,0.0,0.7562448624208593,0.6810998141263395,0.8580940491052851,0.4074364405149011,0.9313375,0.059525,10009
8,16,swap,400,25,0.0,0.5225,0.4775,0.4775,0.019823587519549334,0.01887365544602734,-0.45294921145857453,-0.2382901809553656,0.27607325838694763,0.4898426724534696,0.019823587519549334,0.5225,3.1095543671583714,0.1391875,0.4357125,10009
8,64,loschmidt,400,25,0.6093,0.3326,0.6674,0.0581,0.0,0.2051000072277629,0.0,0.0,0.622149310551779,0.9210225240849793,0.7799016229802241,0.8512925518300486,0.3354380579334932,0.8573625,0.1251875,10009
8,64,swap,400,25,0.0,0.5419,0.4581,0.4581,0.04234191188334324,0.0372154130591888,-0.45157723309896125,-0.2377510239103403,0.31297639732640153,0.5223051447245651,0.04234191188334324,0.5419,2.806692704524061,0.0699875,0.4771,10009
8,256,loschmidt,400,25,0.4627,0.4593,0.5407,0.078,0.0,0.30810646175012846,0.0,0.0,0.8701850338333592,0.9736575141555855,0.8481061191571834,0.8548297040759353,0.20185402977062628,0.7609,0.2135875,10009
8,256,swap,400,25,0.0,0.5604,0.4396,0.4396,0.06407763140014683,0.06463987334797362,-0.43993257864828955,-0.221084403210099,0.34464459789958707,0.5756199794614545,0.06407763140014683,0.5604,2.508653999759605,0.034225,0.504225,10009
8,1024,loschmidt,400,25,0.3325,0.5775,0.4225,0.09,0.5926616599786247,0.4201601092025201,0.0,0.0,0.9573784406373054,0.9919298343945939,0.9109895815349484,0.8651685393258427,0.12200989428252801,0.6446,0.323225,10009
8,1024,swap,400,25,0.0,0.5884,0.4116,0.4116,0.09363411882326289,0.10404137306325342,-0.42501472453949657,-0.18694207315490377,0.38716143840677536,0.6481769804091805,0.09363411882326289,0.5884,2.201440031417035,0.0174125,0.5234375,10009
8,4096,loschmidt,400,25,0.2163,0.6871,0.3129,0.0966,0.8810895105547166,0.5358263931535305,0.0,0.0,0.9864147428130914,0.9977394384021233,0.9510621643348557,0.8767385479137425,0.06656782233133988,0.52225,0.441775,10009
8,4096,swap,400,25,0.0,0.6103,0.3897,0.3897,0.12887533337454862,0.14853354030524696,-0.40396601118879205,-0.17087608403964788,0.45530350791031693,0.7674894649763038,0.12887533337454862,0.6103,1.8988626500811896,0.0080875,0.5426875,10009
10,16,loschmidt,400,25,0.8803,0.0996,0.9004,0.0201,0.0,0.04426899129661323,0.0,0.0,0.0,0.0,0.536837592012392,0.8320802005012531,0.6059076771207479,0.9776,0.01892,10009
10,16,swap,400,25,0.0,0.5062,0.4938,0.4938,0.004382892227307744,0.005864254310821135,-0.40833476543886527,-0.21589368142912513,0.23236413859339702,0.423013526037206,0.004382892227307744,0.5062,4.296359473822027,0.14173000000000002,0.42982,10009
10,64,loschmidt,400,25,0.788,0.1782,0.8218,0.0338,0.0,0.09277694121282155,0.0,0.0,0.0,0.6938489442445697,0.6632186512571809,0.840566037735849,0.3979011039189575,0.94332,0.04894,10009
10,64,swap,400,25,0.0,0.513,0.487,0.487,0.011578766320563382,0.008172800666744051,-0.4188348524769031,-0.22778501628277967,0.23988334482137003,0.4336867407841367,0.011578766320563382,0.513,3.9989942842350765,0.0695,0.46892,10009
10,256,loschmidt,400,25,0.6769,0.2734,0.7266,0.0497,0.0,0.16441336788662697,0.0,0.0,0.25972299731027787,0.8920878854346717,0.7604660809152929,0.8461776539770969,0.3127456247346936,0.88595,0.10006,10009
10,256,swap,400,25,0.0,0.5264,0.4736,0.4736,0.02343957986419589,0.01859136936973025,-0.40681372440126323,-0.21599585968902396,0.2546451591362608,0.4464276105426106,0.02343957986419589,0.5264,3.708914232183265,0.03581,0.48983999999999994,10009
10,1024,loschmidt,400,25,0.5521,0.3762,0.6238,0.0717,0.0,0.24125777010073862,0.0,0.0,0.7586705998188048,0.9644353528513417,0.824062312631109,0.8399196249162759,0.24469312543512003,0.8116,0.16771,10009
10,1024,swap,400,25,0.0,0.5414,0.4586,0.4586,0.03677298595435978,0.039192891656512026,-0.39287075946799976,-0.19549947279452326,0.27088939678692314,0.4782142806953483,0.03677298595435978,0.5414,3.3900047953570684,0.01645,0.5002599999999999,10009
10,4096,loschmidt,400,25,0.4237,0.4865,0.5135,0.0898,0.0,0.3334011400504018,0.0,0.0,0.9256049684315064,0.988303139379246,0.8823363144158736,0.8441783793163283,0.17130161717611703,0.72302,0.25042000000000003,10009
10,4096,swap,400,25,0.0,0.5469,0.4531,0.4531,0.04211645647738495,0.051927488957778566,-0.4018390405175107,-0.1974039323680424,0.2936135938652219,0.5149035580939926,0.04211645647738495,0.5469,3.0966485484786945,0.00864,0.51243,10009
12,16,loschmidt,400,25,0.9598,0.0334,0.9666,0.0068,0.0,0.01323727570644363,0.0,0.0,0.0,0.0,0.430463386993649,0.8308457711442786,0.9727844334705528,0.994225,0.004816666666666666,10009
12,16,swap,400,25,0.0,0.5037,0.4963,0.4963,0.0018632036145080817,0.0035362204766695863,-0.37769177536523435,-0.20276683736086026,0.20881939766344107,0.3857750477820055,0.0018632036145080817,0.5037,5.655427973075747,0.13941666666666666,0.430275,10009
12,64,loschmidt,400,25,0.904,0.0769,0.9231,0.0191,0.0,0.031432114852219646,0.0,0.0,0.0,0.0,0.4461281188256824,0.8010416666666667,0.7596291659751289,0.9845583333333332,0.012866666666666665,10009
12,64,swap,400,25,0.0,0.5063,0.4937,0.4937,0.0034992884756392976,0.003340065176234888,-0.3782436356770202,-0.20076814500351914,0.2057254457784337,0.3791704103701997,0.0034992884756392976,0.5063,5.3503497762884695,0.07039166666666667,0.466325,10009
12,256,loschmidt,400,25,0.8203,0.1467,0.8533,0.033,0.0,0.07147144106857085,0.0,0.0,0.0,0.5408260858487985,0.6125392764590076,0.8163606010016694,0.5250987178478019,0.9620416666666668,0.032475,10009
12,256,swap,400,25,0.0,0.5171,0.4829,0.4829,0.01398720863603302,0.013019640764054588,-0.37031845911606165,-0.1942729186525398,0.22148061477972675,0.39187530144824284,0.01398720863603302,0.5171,5.046304230252634,0.03583333333333333,0.4836,10009
12,1024,loschmidt,400,25,0.7255,0.2224,0.7776,0.0521,0.0,0.12091174815681474,0.0,0.0,0.0,0.8423939449714096,0.7211999457004629,0.810200364298725,0.3812288749569971,0.9203416666666668,0.06928333333333334,10009
12,1024,swap,400,25,0.0,0.5047,0.4953,0.4953,0.0036497310189933926,0.004591604381877495,-0.3839562524257496,-0.207614507511868,0.21300843547922924,0.39129220369413237,0.0036497310189933926,0.5047,4.746852770378142,0.017766666666666667,0.4925,10009
12,4096,loschmidt,400,25,0.6355,0.2963,0.7037,0.0682,0.0,0.17971756449474,0.0,0.0,0.4869944861209093,0.9393955789951275,0.8086071191098659,0.8128943758573388,0.2623195863122137,0.8612833333333332,0.12310833333333335,10009
12,4096,swap,400,25,0.0,0.5122,0.4878,0.4878,0.009076244542463065,0.011310511115923875,-0.3676564517431588,-0.19524672296602774,0.21449821378197503,0.39299760425772956,0.009076244542463065,0.5122,4.433704890567265,0.008908333333333332,0.5011166666666667,10009
4,16,loschmidt,400,25,0.2486,0.6647,0.3353,0.0867,0.8509693687310513,0.5081293082304639,0.0,0.0,0.9671163514378859,0.9911950080950414,0.9346556345740886,0.8846153846153846,0.11038810025018604,0.562975,0.38905,10010
4,16,swap,400,25,0.0003,0.6743,0.3257,0.3254,0.30556882823374026,0.2281646465452376,-0.5398516148329364,-0.16147764969196673,0.6667153659661493,0.8607746473488439,0.30572882316662897,0.6745023507052116,0.8822154296531455,0.1291,0.515425,10010
4,64,loschmidt,400,25,0.1287,0.78,0.22,0.0913,0.9660916403658095,0.6455169043991796,0.0,0.5578207306560771,0.9902260319588373,0.996852262942361,0.9760493774841512,0.8952140479742913,0.04391099826768979,0.395525,0.550475,10010
4,64,swap,400,25,0.0,0.7315,0.2685,0.2685,0.46218257927880874,0.34280837702784345,-0.4916046436037799,-0.041363653536190655,0.8189109404034384,0.941071519289794,0.46218257927880874,0.7315,0.5803140700821291,0.058975,0.59165,10010
4,256,loschmidt,400,25,0.0619,0.8538,0.1462,0.0843,0.9907455688830733,0.7423792585066447,0.0,0.9180770433400869,0.9972793667038676,0.9990291465485202,0.9922274383723813,0.910137511992325,0.01867733101373388,0.2689,0.679325,10010
4,256,swap,400,25,0.0,0.7849,0.2151,0.2151,0.6482861678120835,0.46076389757087816,-0.4118201451618325,0.09914191395700203,0.9299983499781328,0.9812784077923687,0.6482861678120835,0.7849,0.32240828658187926,0.027025,0.6496,10010
4,1024,loschmidt,400,25,0.0232,0.9126,0.0874,0.0642,0.9975855455961731,0.8300584101118588,0.4421017789617492,0.9804297667659116,0.9992738113876755,0.9997152350429277,0.9977337288077597,0.9342751842751843,0.006673538474029576,0.18205,0.774275,10010
4,1024,swap,400,25,0.0,0.836,0.164,0.164,0.8258144092444117,0.5789746522056491,-0.26057388862918485,0.2972514675143253,0.9791525987235481,0.995115892500086,0.8258144092444117,0.836,0.13895549899712323,0.01225,0.70995,10010
4,4096,loschmidt,400,25,0.01,0.943,0.057,0.047,0.9993720284096823,0.882753071941105,0.8814119228436216,0.9951093629484276,0.9998046660341826,0.9999202199828937,0.9993882879834879,0.9525252525252526,0.0018641331025716682,0.11565,0.8491,10010
4,4096,swap,400,25,0.0,0.8644,0.1356,0.1356,0.9353167762260755,0.6595642086547169,-0.1909149695184061,0.4741575993847429,0.9943277614109913,0.9987167476464825,0.9353167762260755,0.8644,0.04771262371422398,0.005,0.75805,10010
6,16,loschmidt,400,25,0.5015,0.4265,0.5735,0.072,0.0,0.2682428261263847,0.0,0.0,0.799082830579566,0.9378762159622254,0.8007656993273882,0.8555667001003009,0.2794576737610955,0.8003166666666666,0.17501666666666668,10010
6,16,swap,400,25,0.0001,0.563,0.437,0.4369,0.07357806644957275,0.06568652326212482,-0.5051203928155046,-0.2529093115304643,0.38898744774973565,0.6152270367577648,0.07369589214918211,0.5630563056305631,1.8782323291244045,0.13836666666666664,0.4540333333333334,10010
6,64,loschmidt,400,25,0.3337,0.5691,0.4309,0.0972,0.585095747488414,0.39916261068226705,0.0,0.0,0.9378306608525458,0.9808138079897634,0.893023236765606,0.8541197658712292,0.1549357082269938,0.6609166666666667,0.30278333333333335,10010
6,64,swap,400,25,0.0,0.6017,0.3983,0.3983,0.13061697961486152,0.12179096370670636,-0.4830930035822547,-0.2063439484639046,0.4694378121898646,0.7169364707234386,0.13061697961486152,0.6017,1.5851781281910786,0.06943333333333332,0.50485,10010
6,256,loschmidt,400,25,0.2105,0.6889,0.3111,0.1006,0.8923464219013191,0.535015832776906,-0.012206434292288173,0.0,0.9809749496779637,0.9938632261470254,0.9511351811253898,0.8725775807473084,0.06398248615226515,0.5200833333333333,0.4380666666666666,10010
6,256,swap,400,25,0.0,0.6528,0.3472,0.3472,0.21640994970382277,0.1987900439043285,-0.44591675927323327,-0.15311600750964707,0.571189766781384,0.8268803459347674,0.21640994970382277,0.6528,1.2863924899658956,0.03393333333333333,0.5513833333333334,10010
6,1024,loschmidt,400,25,0.1234,0.7896,0.2104,0.087,0.9698776373837336,0.6610672435828912,0.0,0.5523393194571157,0.994728363267048,0.9982809384471999,0.9805827526650006,0.9007529089664613,0.029134148573674242,0.3846833333333333,0.5744166666666666,10010
6,1024,swap,400,25,0.0,0.6895,0.3105,0.3105,0.3015534093137272,0.27416472664511937,-0.4049997972257691,-0.1013867212846292,0.6948542165858753,0.9334182446509369,0.3015534093137272,0.6895,0.9910109927981725,0.015433333333333332,0.5889166666666666,10010
6,4096,loschmidt,400,25,0.069,0.8565,0.1435,0.0745,0.9917669477565321,0.7520834819837019,0.0,0.8920745218335919,0.9985322878846618,0.9995189127730203,0.9935503012213986,0.9199785177228786,0.010921621152633667,0.2743166666666667,0.6875,10010
6,4096,swap,400,25,0.0,0.7365,0.2635,0.2635,0.4169613229449114,0.3622871619459394,-0.36305737093789164,-0.027408251622428048,0.8397912907136089,0.9804381623268565,0.4169613229449114,0.7365,0.6962858530181268,0.006716666666666666,0.6252666666666667,10010
8,16,loschmidt,400,25,0.7405,0.2164,0.7836,0.0431,0.0,0.11489470723754844,0.0,0.0,0.0,0.793576701244377,0.6920319860633528,0.8339113680154142,0.451199024512567,0.9277875,0.0611875,10010
8,16,swap,400,25,0.0,0.5213,0.4787,0.4787,0.017972188989720556,0.019609102365584642,-0.45492820115627053,-0.245906851801033,0.28713622528438154,0.49567352395757686,0.017972188989720556,0.5213,3.1863318100918594,0.1404125,0.4336125,10010
8,64,loschmidt,400,25,0.6047,0.3309,0.6691,0.0644,0.0,0.2027922325187084,0.0,0.0,0.6402719819696807,0.9338900991405895,0.7954769469647696,0.8370857576524159,0.30531030813087395,0.854975,0.125725,10010
8,64,swap,400,25,0.0,0.5321,0.4679,0.4679,0.03484560548310134,0.03940890746258556,-0.4467831246316372,-0.22882944089269558,0.3078055679753051,0.5313069892804375,0.03484560548310134,0.5321,2.888079608960166,0.0709,0.4756,10010
8,256,loschmidt,400,25,0.4583,0.4507,0.5493,0.091,0.0,0.2939776174570823,0.0,0.0,0.8927377989344689,0.9788238088268526,0.8660244236120175,0.8320103378253646,0.21006699735180656,0.75845,0.2142625,10010
8,256,swap,400,25,0.0,0.5652,0.4348,0.4348,0.06696491384933256,0.06470041601196165,-0.44964760326984843,-0.2229541106547671,0.34336314098180293,0.5776625706045075,0.06696491384933256,0.5652,2.6017852110887096,0.0354875,0.504025,10010
8,1024,loschmidt,400,25,0.3249,0.5718,0.4282,0.1033,0.6054441512021619,0.4076128395481651,-0.06640987208490595,0.0,0.9691728684859371,0.9931194336555267,0.9248726282908395,0.846985631758258,0.1383046363802831,0.64965,0.3163375,10010
8,1024,swap,400,25,0.0,0.5861,0.4139,0.4139,0.0931038146659596,0.10175820880663614,-0.4274068356284619,-0.1898915324429539,0.38298559890394646,0.6388310863199989,0.0931038146659596,0.5861,2.295164457316909,0.01715,0.521275,10010
8,4096,loschmidt,400,25,0.2225,0.6671,0.3329,0.1104,0.8742487697922312,0.5080208480779448,-0.2514541674192643,0.0,0.9899695578932759,0.9980973084687587,0.9598883762219501,0.8580064308681672,0.06694249593503247,0.5395125,0.422225,10010
8,4096,swap,400,25,0.0,0.6152,0.3848,0.3848,0.133439639526439,0.1495003447520636,-0.4080774574232554,-0.16818953516193222,0.4558678698899079,0.7575611862386561,0.133439639526439,0.6152,1.9880060278680016,0.0079375,0.544575,10010
10,16,loschmidt,400,25,0.8865,0.0955,0.9045,0.018,0.0,0.044427446069680736,0.0,0.0,0.0,0.0,0.5338131446026111,0.8414096916299559,0.6237385642804154,0.9758700000000001,0.02047,10010
10,16,swap,400,25,0.0,0.503,0.497,0.497,0.001849218260844479,0.003568237707441267,-0.41731254852256694,-0.22076747612997455,0.23226725686980032,0.42566331877823127,0.001849218260844479,0.503,4.385331867746601,0.13886,0.43018999999999996,10010
10,64,loschmidt,400,25,0.7982,0.1671,0.8329,0.0347,0.0,0.08644350112888856,0.0,0.0,0.0,0.654650305531166,0.6461592444657992,0.8280475718533201,0.45104326350539387,0.9444800000000001,0.048,10010
10,64,swap,400,25,0.0,0.5013,0.4987,0.4987,0.0008180965893547548,0.006572085347696682,-0.4091817690810093,-0.22407448957642373,0.23614877616470636,0.4343204510606034,0.0008180965893547548,0.5013,4.074511904264767,0.07072,0.46619000000000005,10010
10,256,loschmidt,400,25,0.6878,0.2571,0.7429,0.0551,0.0,0.14878732968122166,0.0,0.0,0.08934283856050342,0.8868857948802795,0.7569898727756004,0.8235105701473414,0.3442129445939207,0.8944400000000001,0.09256000000000002,10010
10,256,swap,400,25,0.0,0.524,0.476,0.476,0.02297241407725379,0.023713919952400044,-0.40697152104964945,-0.21113793491946015,0.259622271154431,0.4514548690247422,0.02297241407725379,0.524,3.7688759343438347,0.034730000000000004,0.49004,10010
10,1024,loschmidt,400,25,0.5669,0.3582,0.6418,0.0749,0.0,0.23022301303555642,0.0,0.0,0.7616129935359849,0.9645877670667462,0.8382527548444194,0.8270607250057723,0.23791890068435748,0.82229,0.15775999999999998,10010
10,1024,swap,400,25,0.0,0.5292,0.4708,0.4708,0.02628052464375983,0.03467271851764667,-0.3934179113996462,-0.20534147704783423,0.26922483061779406,0.4672005259877502,0.02628052464375983,0.5292,3.4666202339269465,0.016919999999999998,0.5024,10010
10,4096,loschmidt,400,25,0.4291,0.4733,0.5267,0.0976,0.0,0.3185267882721112,0.0,0.0,0.9237447891410003,0.9887580741146339,0.8893729833999681,0.8290418637239446,0.20495206548263747,0.73305,0.24084,10010
10,4096,swap,400,25,0.0,0.5518,0.4482,0.4482,0.051191144494164315,0.06162554891280985,-0.3827418655633619,-0.18662906862568257,0.29653658550663886,0.5154022907080021,0.051191144494164315,0.5518,3.172788639887788,0.00894,0.5128299999999999,10010
12,16,loschmidt,400,25,0.949,0.044,0.956,0.007,0.0,0.018657601179964303,0.0,0.0,0.0,0.0,0.4496901504412676,0.8627450980392157,0.7258529392105365,0.992775,0.006141666666666666,10010
12,16,swap,400,25,0.0,0.5054,0.4946,0.4946,0.0035410786094425776,0.003148006930684026,-0.37716935808803387,-0.20873293681262609,0.2115957941575924,0.38350986639698376,0.0035410786094425776,0.5054,5.504846595778156,0.138975,0.4324,10010
12,64,loschmidt,400,25,0.8925,0.089,0.911,0.0185,0.0,0.039251810965757625,0.0,0.0,0.0,0.0,0.542838299539016,0.827906976744186,0.5537925264377062,0.9786083333333334,0.017991666666666666,10010
12,64,swap,400,25,0.0,0.4994,0.5006,0.5006,-0.00035607909441762067,0.0010722089001821513,-0.3835135181419402,-0.20737184647039908,0.20726062114777968,0.38392779033382907,-0.00035607909441762067,0.4994,5.209718076393779,0.07023333333333334,0.46438333333333337,10010
12,256,loschmidt,400,25,0.8241,0.1463,0.8537,0.0296,0.0,0.07738758986411666,0.0,0.0,0.0,0.5880725164024901,0.6586706590354059,0.831722569641842,0.4431765946335394,0.9510583333333332,0.04249166666666667,10010
12,256,swap,400,25,0.0,0.5122,0.4878,0.4878,0.009279963423165461,0.008849078496967025,-0.3724454280559619,-0.2005644512160022,0.21626186780426226,0.38589583671343375,0.009279963423165461,0.5122,4.909281697132018,0.03493333333333333,0.485025,10010
12,1024,loschmidt,400,25,0.7345,0.2197,0.7803,0.0458,0.0,0.12678282508240662,0.0,0.0,0.0,0.8553098254554244,0.7350328735030734,0.8274952919020716,0.3357467636469961,0.9102166666666668,0.07914166666666668,10010
12,1024,swap,400,25,0.0,0.5123,0.4877,0.4877,0.009584941534187437,0.01149381219886242,-0.3679593651917038,-0.19616322525419275,0.2164727172246646,0.3935272127459467,0.009584941534187437,0.5123,4.606330914080503,0.017499999999999998,0.49655,10010
12,4096,loschmidt,400,25,0.6343,0.3016,0.6984,0.0641,0.0,0.1848704610735384,0.0,0.0,0.4946929344898517,0.9497627668915274,0.7903801129240348,0.8247197156138911,0.2652918274565212,0.8573583333333332,0.12775,10010
12,4096,swap,400,25,0.0,0.5196,0.4804,0.4804,0.01547520158831171,0.020886178316604134,-0.3698874606979837,-0.19081566208008277,0.23633168504558238,0.41808384896282164,0.01547520158831171,0.5196,4.303135566370839,0.0088,0.5028083333333333,10010
4,16,loschmidt,400,25,0.233,0.6899,0.3101,0.0771,0.8768430354434671,0.5431715698368709,0.0,0.0,0.9673761067194295,0.9890947797162808,0.9395723786482049,0.8994784876140808,0.08716380043591355,0.52435,0.427675,10011
4,16,swap,400,25,0.0003,0.701,0.299,0.2987,0.3676392352610063,0.2738892350006884,-0.5194778764008471,-0.10587418264429671,0.7243274691345273,0.8877312033052309,0.3677722060452174,0.7012103631089327,0.765012782529987,0.128975,0.527475,10011
4,64,loschmidt,400,25,0.1189,0.8054,0.1946,0.0757,0.9710114102860865,0.6842595919808483,0.0,0.7084768481193721,0.9908256857324642,0.9965812145706531,0.9783411491286054,0.9140846668936556,0.03836735142013252,0.362875,0.587375,10011
4,64,swap,400,25,0.0,0.7519,0.2481,0.2481,0.5371129272049746,0.38960509295788953,-0.44393356646483456,0.003876733472131154,0.8615715447006328,0.9557187546967341,0.5371129272049746,0.7519,0.48826414322413353,0.057975,0.610475,10011
4,256,loschmidt,400,25,0.0574,0.8772,0.1228,0.0654,0.9916519023980834,0.7804944723581344,0.0,0.9329052590490517,0.9973732660321639,0.9989483648215215,0.9929223538335131,0.9306174411203055,0.011977854143953618,0.23985,0.715125,10011
4,256,swap,400,25,0.0,0.7998,0.2002,0.2002,0.7258344969682156,0.500937424223964,-0.37068442690664255,0.14555549286597042,0.9532081630449918,0.9864218879489406,0.7258344969682156,0.7998,0.2500051152391779,0.0257,0.6727,10011
4,1024,loschmidt,400,25,0.0235,0.9248,0.0752,0.0517,0.9977440465926921,0.8564130021094879,0.7181965956008619,0.9833520727973883,0.9993188868788713,0.9997408905121006,0.9979116183714756,0.9470558115719406,0.004588954606041156,0.151325,0.812675,10011
4,1024,swap,400,25,0.0,0.8366,0.1634,0.1634,0.8745155038939196,0.5951081998758072,-0.26465407725396134,0.29604179530874153,0.9870634413668129,0.9967514542897583,0.8745155038939196,0.8366,0.10098743305617927,0.011075,0.72725,10011
4,4096,loschmidt,400,25,0.0099,0.9518,0.0482,0.0383,0.9994299066252917,0.9027884244879589,0.938041650227521,0.9954830853986786,0.9998288507687111,0.9999326046270509,0.9994431022016451,0.9613170386829614,0.0015160301101712992,0.095375,0.876725,10011
4,4096,swap,400,25,0.0,0.8748,0.1252,0.1252,0.9577294609758145,0.6794907025824555,-0.1278655922512298,0.5020485618714199,0.996598827288242,0.9991443673281947,0.9577294609758145,0.8748,0.036693220599242474,0.004925,0.774675,10011
6,16,loschmidt,400,25,0.5608,0.3684,0.6316,0.0708,0.0,0.22429891916948527,0.0,0.0,0.7262610795830132,0.9329991196919003,0.7932552778215076,0.8387978142076503,0.338283919265455,0.82915,0.14813333333333334,10011
6,16,swap,400,25,0.0,0.5533,0.4467,0.4467,0.06370504322089729,0.06148721293323867,-0.5156515790945573,-0.254817596366743,0.38810464711772075,0.6262334793017263,0.06370504322089729,0.5533,2.1374360740157314,0.14003333333333332,0.4480666666666666,10011
6,64,loschmidt,400,25,0.3943,0.5185,0.4815,0.0872,0.20982121857838126,0.3568039954425182,0.0,0.0,0.9224433749668898,0.9805712967415253,0.8784755862804731,0.8560343404325573,0.19639812060849646,0.71205,0.25601666666666667,10011
6,64,swap,400,25,0.0,0.5888,0.4112,0.4112,0.11159918233417987,0.10581650722760105,-0.49402509620838825,-0.23047301619393762,0.44621988147714564,0.7025997199905526,0.11159918233417987,0.5888,1.8335990377402724,0.06881666666666665,0.5006833333333334,10011
6,256,loschmidt,400,25,0.2542,0.6457,0.3543,0.1001,0.8226541103364846,0.4823321097790863,-0.0007494836395550898,0.0,0.9751766832610984,0.9937933911793261,0.9373376205658921,0.8657817109144543,0.0948940796396899,0.5768166666666666,0.3832666666666667,10011
6,256,swap,400,25,0.0,0.6181,0.3819,0.3819,0.15959058575361448,0.15549500534579078,-0.47408240741076607,-0.19802797001625388,0.5234937859287511,0.7906237505063993,0.15959058575361448,0.6181,1.5335577310818245,0.033166666666666664,0.5391333333333334,10011
6,1024,loschmidt,400,25,0.1481,0.746,0.254,0.1059,0.948545766817957,0.5968097926450793,-0.14816386058606287,0.0,0.9929888691361775,0.9981925608305575,0.972173100951367,0.8756896349336777,0.04711292736733559,0.44145,0.5144833333333334,10011
6,1024,swap,400,25,0.0,0.6605,0.3395,0.3395,0.23614861948137766,0.22728473318637266,-0.4460465005307146,-0.13537847854728086,0.6292039193956168,0.9053060844164554,0.23614861948137766,0.6605,1.2246752290040084,0.0152,0.5726333333333334,10011
6,4096,loschmidt,400,25,0.0852,0.8176,0.1824,0.0972,0.9846154293188139,0.6879211840217111,0.0,0.7559237201919716,0.9980352189997013,0.9994872824406398,0.9896176827319624,0.8937472671622213,0.01827513201103938,0.33,0.62745,10011
6,4096,swap,400,25,0.0,0.6991,0.3009,0.3009,0.3246717697939228,0.30210973802536034,-0.39850898564319376,-0.08872797761628917,0.7550317759836642,0.9727892900454699,0.3246717697939228,0.6991,0.935549437544328,0.007433333333333333,0.6042,10011
8,16,loschmidt,400,25,0.7416,0.2173,0.7827,0.0411,0.0,0.1163180928324767,0.0,0.0,0.0,0.7748444042824331,0.6777242231042273,0.8409442724458205,0.42080236336264826,0.925325,0.0637,10011
8,16,swap,400,25,0.0,0.5134,0.4866,0.4866,0.010998955529910221,0.012949662281075865,-0.4635057761240669,-0.24875594365075118,0.2797444690800334,0.48996814110723147,0.010998955529910221,0.5134,3.2117623202772396,0.1390125,0.4360625,10011
8,64,loschmidt,400,25,0.6017,0.3328,0.6672,0.0655,0.0,0.20344293410657593,0.0,0.0,0.6486121422741591,0.9294806711057624,0.7907689917782643,0.8355510921416018,0.2828362397113433,0.84945,0.1313375,10011
8,64,swap,400,25,0.0,0.5384,0.4616,0.4616,0.040335185135612975,0.03769145658997015,-0.44574553315846754,-0.22737520033884684,0.30508532097904467,0.5200607701931852,0.040335185135612975,0.5384,2.8963526397797965,0.070525,0.4770125,10011
8,256,loschmidt,400,25,0.4554,0.455,0.545,0.0896,0.0,0.3001133605152099,0.0,0.0,0.8932465284590307,0.9787845701778879,0.8660758252820329,0.8354755784061697,0.20477928574958587,0.749725,0.2227375,10011
8,256,swap,400,25,0.0,0.5585,0.4415,0.4415,0.06025053680940025,0.06440290798371279,-0.4446277050722147,-0.21119583184615678,0.34184923183001364,0.576442575085809,0.06025053680940025,0.5585,2.603134014468183,0.03465,0.50345,10011
8,1024,loschmidt,400,25,0.3227,0.5716,0.4284,0.1057,0.6027111991450732,0.40943621492073096,-0.1030305070003519,0.0,0.9706319235745611,0.9940739629744522,0.928456158423191,0.8439391702347556,0.13250655344598183,0.6435125,0.3241125,10011
8,1024,swap,400,25,0.0,0.5963,0.4037,0.4037,0.1081696247862702,0.11209321477398614,-0.425996658642773,-0.18465356731931204,0.4010609585619956,0.6607862730831296,0.1081696247862702,0.5963,2.304276111516734,0.0166125,0.526875,10011
8,4096,loschmidt,400,25,0.2172,0.6774,0.3226,0.1054,0.889228380396508,0.5176208400377785,-0.11151391469147637,0.0,0.9906373779311083,0.9981602185333392,0.9620144634018417,0.8653551354113439,0.06303862147034703,0.534425,0.4297,10011
8,4096,swap,400,25,0.0,0.6238,0.3762,0.3762,0.14271492961326493,0.1622413672236059,-0.40220382607933547,-0.15590001612070112,0.47686505521775785,0.788323268238243,0.14271492961326493,0.6238,2.0012058813967335,0.0086375,0.5524,10011
10,16,loschmidt,400,25,0.8925,0.0908,0.9092,0.0167,0.0,0.04062372516358228,0.0,0.0,0.0,0.0,0.5316120336537061,0.8446511627906976,0.6619919203534901,0.97957,0.017410000000000002,10011
10,16,swap,400,25,0.0,0.5076,0.4924,0.4924,0.005917790019849701,0.0033115277042866514,-0.4213628927859655,-0.22689563425840192,0.2347783623758896,0.42318766616339504,0.005917790019849701,0.5076,4.323419415472429,0.14064000000000002,0.4314799999999999,10011
10,64,loschmidt,400,25,0.7952,0.1679,0.8321,0.0369,0.0,0.08102505041384463,0.0,0.0,0.0,0.6047324259093105,0.5963784119857185,0.81982421875,0.4687513349292515,0.94801,0.0442,10011
10,64,swap,400,25,0.0,0.5049,0.4951,0.4951,0.004075315570091512,0.007830397322687184,-0.41538257774379134,-0.22092897361431335,0.23979203069682806,0.4306995902928706,0.004075315570091512,0.5049,4.005419063746906,0.0708,0.46582000000000007,10011
10,256,loschmidt,400,25,0.6741,0.2668,0.7332,0.0591,0.0,0.14979275136853357,0.0,0.0,0.17992110757307986,0.8729030349649959,0.7330395087619973,0.8186560294568886,0.3638730430361404,0.8937799999999999,0.09242,10011
10,256,swap,400,25,0.0,0.5176,0.4824,0.4824,0.015753966922085607,0.0183569818571429,-0.4069109880943394,-0.21412598312631304,0.2510362246321912,0.44716156529861706,0.015753966922085607,0.5176,3.6997380574074343,0.0347,0.48954,10011
10,1024,loschmidt,400,25,0.5439,0.3758,0.6242,0.0803,0.0,0.23590061694204714,0.0,0.0,0.7805341025780823,0.9584352719008234,0.8252146513702003,0.8239421179565884,0.26899341583482766,0.8165,0.16252000000000003,10011
10,1024,swap,400,25,0.0,0.535,0.465,0.465,0.031251709706465236,0.034935207953938355,-0.3950532404909283,-0.19798252935149424,0.26816582304707715,0.46519216155817866,0.031251709706465236,0.535,3.4080965320788925,0.01798,0.50045,10011
10,4096,loschmidt,400,25,0.4074,0.4975,0.5025,0.0951,0.0,0.3399186848070327,0.0,0.0,0.9331977290132206,0.9881753939118431,0.8868474982120049,0.8395207559905501,0.19923468011266193,0.7275799999999999,0.24639,10011
10,4096,swap,400,25,0.0,0.5489,0.4511,0.4511,0.04353005430887173,0.05056799113011365,-0.38940078335963085,-0.19321607161317372,0.2836552276107211,0.49794765717784223,0.04353005430887173,0.5489,3.1033025435265515,0.008480000000000001,0.5142,10011
12,16,loschmidt,400,25,0.9601,0.0308,0.9692,0.0091,0.0,0.009832223957450347,0.0,0.0,0.0,0.0,0.3332836138646657,0.7719298245614035,1.2317682232988125,0.9957,0.00335,10011
12,16,swap,400,25,0.0,0.5044,0.4956,0.4956,0.0029861304633247076,0.0026414072601729705,-0.3768818217173718,-0.20326390481329445,0.2081629871963594,0.3858951208393961,0.0029861304633247076,0.5044,5.5488214121471096,0.13901666666666665,0.432425,10011
12,64,loschmidt,400,25,0.9091,0.0713,0.9287,0.0196,0.0,0.028732862552973932,0.0,0.0,0.0,0.0,0.4718501350734861,0.7843784378437844,0.8231338613689398,0.98755,0.010233333333333334,10011
12,64,swap,400,25,0.0,0.4933,0.5067,0.5067,-0.004962143913488433,-0.0038879991127795,-0.3790955425072991,-0.2108170148527796,0.19993419809056787,0.37632786821616077,-0.004962143913488433,0.4933,5.245615231017698,0.06889166666666666,0.4645,10011
12,256,loschmidt,400,25,0.8237,0.1405,0.8595,0.0358,0.0,0.06219040597641539,0.0,0.0,0.0,0.4588673378010713,0.550418019348066,0.7969370391378332,0.5482384035534231,0.9663166666666666,0.028225,10011
12,256,swap,400,25,0.0,0.5083,0.4917,0.4917,0.005711398748460432,0.004495295263142467,-0.3746911778394375,-0.1989855413874504,0.20820393204295243,0.38533866467944666,0.005711398748460432,0.5083,4.945865708726416,0.03551666666666666,0.4834333333333334,10011
12,1024,loschmidt,400,25,0.7378,0.2125,0.7875,0.0497,0.0,0.11355815555749746,0.0,0.0,0.0,0.7919118233556084,0.6773132450683337,0.8104500381388253,0.35861457386892187,0.9266583333333334,0.06379166666666668,10011
12,1024,swap,400,25,0.0,0.506,0.494,0.494,0.005492641201487716,0.005417121242730309,-0.37402684206012793,-0.20541392009797405,0.21527622722569822,0.39145899224676706,0.005492641201487716,0.506,4.6410501839741745,0.01781666666666666,0.493675,10011
12,4096,loschmidt,400,25,0.6297,0.3037,0.6963,0.0666,0.0,0.1846440483273334,0.0,0.0,0.5058921365319036,0.9344213920552661,0.7980530912647577,0.8201458277072644,0.2903109478128063,0.8645083333333332,0.120575,10011
12,4096,swap,400,25,0.0,0.5174,0.4826,0.4826,0.015361951388203903,0.012508191741012628,-0.3776806013408621,-0.19614155289541577,0.21848456659117738,0.4007678600061041,0.015361951388203903,0.5174,4.339406211427452,0.008516666666666665,0.4995083333333334,10011
4,16,loschmidt,400,25,0.2431,0.6667,0.3333,0.0902,0.8378855878727354,0.5026844400835327,0.0,0.0,0.9596254741288477,0.987036037952623,0.9197838027590044,0.8808297000924825,0.1092902485884563,0.550025,0.4005,10012
4,16,swap,400,25,0.0004,0.6641,0.3359,0.3355,0.30682936859789683,0.22197987429324256,-0.5482827843356494,-0.1777074056475659,0.6716188480554603,0.8600617191219346,0.30709825449113565,0.6643657462985194,0.9065112825221164,0.1272,0.5143,10012
4,64,loschmidt,400,25,0.1165,0.7976,0.2024,0.0859,0.9604083386956608,0.6573121501002932,0.0,0.5896205173466207,0.989187742885761,0.9963952684528127,0.9712462340458028,0.9027730616864742,0.04453188508951994,0.382875,0.564675,10012
4,64,swap,400,25,0.0,0.737,0.263,0.263,0.46471696530692475,0.343046151561423,-0.4940087788408888,-0.03340722014590984,0.8161821400560454,0.9390066080393541,0.46471696530692475,0.737,0.6110221802858067,0.0597,0.594175,10012
4,256,loschmidt,400,25,0.0554,0.8705,0.1295,0.0741,0.9896939751042828,0.765997823288543,0.0,0.91726052286729,0.9969742884471138,0.9988812094178894,0.9911969010212975,0.9215540969722634,0.015767978674163262,0.251825,0.700975,10012
4,256,swap,400,25,0.0,0.7811,0.2189,0.2189,0.6541692347551651,0.46092460997287443,-0.4018605051034951,0.09061218235612986,0.929372559985409,0.9815446032913925,0.6541692347551651,0.7811,0.3433891656660778,0.02545,0.6565,10012
4,1024,loschmidt,400,25,0.0255,0.9198,0.0802,0.0547,0.9972440098893552,0.8444240959819872,0.5891742885383566,0.9799723617482246,0.9991918364882687,0.9996893912883364,0.9974275665725636,0.9438686505900462,0.004896168013204942,0.16105,0.80245,10012
4,1024,swap,400,25,0.0,0.8326,0.1674,0.1674,0.823561075526593,0.5735725410412986,-0.2662700534248065,0.2717773697818602,0.9782873504308,0.9949942479867239,0.823561075526593,0.8326,0.15846723293932374,0.010825,0.71465,10012
4,4096,loschmidt,400,25,0.011,0.9477,0.0523,0.0413,0.9992697933594618,0.8969121340402664,0.9339666809364202,0.9949643140443604,0.9997872388065256,0.9999211716746931,0.9992953911735778,0.9582406471183014,0.00179581872890943,0.1012,0.8707,10012
4,4096,swap,400,25,0.0,0.8703,0.1297,0.1297,0.9301774189473766,0.6617751407185004,-0.1515626872706886,0.4641801718908003,0.9945588594281756,0.9987747543485255,0.9301774189473766,0.8703,0.05254698854381232,0.004825,0.757825,10012
6,16,loschmidt,400,25,0.5322,0.3987,0.6013,0.0691,0.0,0.24643432436754656,0.0,0.0,0.754021737800735,0.9373966818790119,0.7835717190896481,0.8522873022659256,0.30426631811037264,0.8211333333333332,0.15435,10012
6,16,swap,400,25,0.0,0.5511,0.4489,0.4489,0.06585088409474077,0.06047279221318273,-0.5178328695586598,-0.2592244852511353,0.39217827277022693,0.6261126716908357,0.06585088409474077,0.5511,1.992405063602908,0.14068333333333333,0.4482333333333334,10012
6,64,loschmidt,400,25,0.3485,0.5577,0.4423,0.0938,0.46499700813888,0.38109459943031176,0.0,0.0,0.9239225802092428,0.9801760676706759,0.8755028630901365,0.8560245587106677,0.17560378133759305,0.68645,0.2776166666666667,10012
6,64,swap,400,25,0.0,0.5916,0.4084,0.4084,0.11383689555375663,0.10734532691868824,-0.5017042520299889,-0.22796036273745884,0.4588972585622932,0.7055857129823317,0.11383689555375663,0.5916,1.6984648724567446,0.06928333333333332,0.4983,10012
6,256,loschmidt,400,25,0.2193,0.6844,0.3156,0.0963,0.8650690432054382,0.5230379510547777,0.0,0.0,0.9763743037884606,0.9941509639456034,0.9357564775255838,0.8766491610093505,0.07967925439962081,0.53575,0.4221333333333334,10012
6,256,swap,400,25,0.0,0.6423,0.3577,0.3577,0.19337806035050076,0.1800206439241222,-0.46474360130859266,-0.15800502567864722,0.543003205940965,0.8124474571838882,0.19337806035050076,0.6423,1.401855420850199,0.03286666666666666,0.5439833333333334,10012
6,1024,loschmidt,400,25,0.1335,0.7732,0.2268,0.0933,0.9608523036603109,0.6354184086526669,0.0,0.34262975000328466,0.9932677355660694,0.9983819876415424,0.9748372543449614,0.8923254472013848,0.0327661501731255,0.39925,0.5574,10012
6,1024,swap,400,25,0.0,0.6681,0.3319,0.3319,0.25747991481300786,0.24007515372050947,-0.4336774524769747,-0.12781090585324179,0.6490057608991493,0.9103240017992971,0.25747991481300786,0.6681,1.0876225563394013,0.015316666666666666,0.5762333333333333,10012
6,4096,loschmidt,400,25,0.0788,0.8457,0.1543,0.0755,0.9886136558533654,0.737078346624829,0.0,0.8647445819184848,0.998241114140148,0.9995302790594824,0.9914157237835133,0.9180416847590099,0.01228711951394431,0.2890666666666667,0.67145,10012
6,4096,swap,400,25,0.0,0.7171,0.2829,0.2829,0.3718671642298149,0.3307345514120386,-0.38587823080699496,-0.06055709275930761,0.7904228778063278,0.9752842459968608,0.3718671642298149,0.7171,0.803276213015454,0.007433333333333333,0.6154666666666667,10012
8,16,loschmidt,400,25,0.7484,0.2127,0.7873,0.0389,0.0,0.1137170471298528,0.0,0.0,0.0,0.763263197654491,0.6760193808098007,0.845389507154213,0.45012779561056515,0.9294,0.0608375,10012
8,16,swap,400,25,0.0,0.5198,0.4802,0.4802,0.017551719118394017,0.018275301051286944,-0.4614797531921365,-0.24791790706893327,0.2836075795037045,0.49208427246967473,0.017551719118394017,0.5198,3.110503057800882,0.1381875,0.4354625,10012
8,64,loschmidt,400,25,0.5944,0.339,0.661,0.0666,0.0,0.19766333730076974,0.0,0.0,0.6285207683726817,0.9198006027873065,0.7608101716064961,0.8357988165680473,0.3359587919338319,0.8555375,0.1261625,10012
8,64,swap,400,25,0.0,0.5374,0.4626,0.4626,0.03553454901322568,0.036305048075502,-0.4633022060244045,-0.23335860613273818,0.31139518371531233,0.5304419825383456,0.03553454901322568,0.5374,2.8171153715603765,0.0700125,0.47545,10012
8,256,loschmidt,400,25,0.4357,0.473,0.527,0.0913,0.0,0.3092966923231655,0.0,0.0,0.8897067003534438,0.9749877939445103,0.8502968071476199,0.8382066276803118,0.213785611306888,0.7494375,0.2224,10012
8,256,swap,400,25,0.0,0.5633,0.4367,0.4367,0.06470026623882538,0.06836043262337932,-0.43755080518268996,-0.2123027945004391,0.34302532318870127,0.5817432563007036,0.06470026623882538,0.5633,2.510325135531171,0.034675,0.5039,10012
8,1024,loschmidt,400,25,0.3072,0.5883,0.4117,0.1045,0.6860475618686259,0.42066493111308517,-0.1172742607631574,0.0,0.9655029803739941,0.9920056210599061,0.9204426601473195,0.8491628175519631,0.12600328169488606,0.63315,0.333775,10012
8,1024,swap,400,25,0.0,0.5817,0.4183,0.4183,0.09369791901468016,0.10167041724706505,-0.4243330923518183,-0.19384296972766837,0.38620650854305805,0.647974546873493,0.09369791901468016,0.5817,2.21187979249094,0.0165125,0.5282,10012
8,4096,loschmidt,400,25,0.2122,0.6843,0.3157,0.1035,0.9096369058998603,0.5335535521125676,-0.12255018752646318,0.0,0.9890347090652187,0.9975749379860954,0.9641500895539223,0.8686214775323686,0.059285624171550075,0.515275,0.447725,10012
8,4096,swap,400,25,0.0,0.6142,0.3858,0.3858,0.1287361709010565,0.14679315001221357,-0.41271474887803145,-0.17105614393515833,0.45638752870647536,0.7585952620061464,0.1287361709010565,0.6142,1.9147215584462445,0.00805,0.543725,10012
10,16,loschmidt,400,25,0.9157,0.0721,0.9279,0.0122,0.0,0.033370824510927204,0.0,0.0,0.0,0.0,0.5371923059022823,0.8552787663107948,0.728160853050674,0.98365,0.01407,10012
10,16,swap,400,25,0.0,0.5011,0.4989,0.4989,0.0009976731951068882,0.002021051228428547,-0.41083193855582617,-0.22659263375972905,0.23115847678684076,0.4163028343122801,0.0009976731951068882,0.5011,4.501842794408213,0.14055,0.43094,10012
10,64,loschmidt,400,25,0.8259,0.1429,0.8571,0.0312,0.0,0.06703683971768513,0.0,0.0,0.0,0.48121853226437455,0.5699232995350539,0.8207926479035037,0.5888345744390705,0.95731,0.03635,10012
10,64,swap,400,25,0.0,0.5071,0.4929,0.4929,0.006553450533491349,0.0039990663000222,-0.4184182188659675,-0.22818865120985557,0.23571948382791003,0.42116999700136787,0.006553450533491349,0.5071,4.19402648631977,0.07028,0.46541000000000005,10012
10,256,loschmidt,400,25,0.7193,0.2317,0.7683,0.049,0.0,0.12755857437505616,0.0,0.0,0.0,0.8370345316618955,0.7009414034043266,0.8254364089775561,0.4015188683703328,0.91494,0.0743,10012
10,256,swap,400,25,0.0,0.5071,0.4929,0.4929,0.005654172281668767,0.0086367161478749,-0.40915695604504415,-0.220974760236171,0.23695585352464443,0.4328869636692768,0.005654172281668767,0.5071,3.904645571312221,0.03563000000000001,0.48355,10012
10,1024,loschmidt,400,25,0.5874,0.3383,0.6617,0.0743,0.0,0.2030038605076828,0.0,0.0,0.6379971343168472,0.9454793750886789,0.7796410663063149,0.8199224430441105,0.30545360188097836,0.84615,0.13560999999999998,10012
10,1024,swap,400,25,0.0,0.5239,0.4761,0.4761,0.02017241114591059,0.023584094741330296,-0.40132823800401807,-0.21065407281808107,0.25665130191892044,0.4504179502827051,0.02017241114591059,0.5239,3.604450861184638,0.0175,0.5000899999999999,10012
10,4096,loschmidt,400,25,0.4611,0.4459,0.5541,0.093,0.0,0.29346307805447097,0.0,0.0,0.886359542166082,0.9822221864729211,0.8636807212021897,0.827426238634255,0.2133934644618791,0.7611399999999999,0.21448000000000003,10012
10,4096,swap,400,25,0.0,0.5351,0.4649,0.4649,0.030743202213516216,0.03863413463962443,-0.39887673878634283,-0.20648006256856277,0.2736832540834076,0.48705503144535806,0.030743202213516216,0.5351,3.3008343160333755,0.00833,0.50833,10012
12,16,loschmidt,400,25,0.9543,0.0365,0.9635,0.0092,0.0,0.01155744744101795,0.0,0.0,0.0,0.0,0.36339562206378395,0.7986870897155361,0.9589684933809525,0.9942,0.004691666666666666,10012
12,16,swap,400,25,0.0,0.4969,0.5031,0.5031,-0.0010816159978388,-0.002648879037884005,-0.3790594620412938,-0.2072533010886392,0.20284165069812854,0.37675416444412346,-0.0010816159978388,0.4969,5.391260595279499,0.13978333333333332,0.4277833333333333,10012
12,64,loschmidt,400,25,0.9012,0.0801,0.9199,0.0187,0.0,0.03279074779497948,0.0,0.0,0.0,0.0,0.47354744338739807,0.8107287449392713,0.6427004821134004,0.9832416666666668,0.014208333333333335,10012
12,64,swap,400,25,0.0,0.5032,0.4968,0.4968,0.0012815248010639808,0.0019052029078865658,-0.379725831860809,-0.19968365417045586,0.2088929264352789,0.37878777200021896,0.0012815248010639808,0.5032,5.077476779850759,0.06958333333333333,0.4658416666666666,10012
12,256,loschmidt,400,25,0.8333,0.1363,0.8637,0.0304,0.0,0.06750656652607957,0.0,0.0,0.0,0.47902265507654784,0.6199112513375962,0.8176364727054589,0.46246623990324315,0.9597833333333332,0.03431666666666667,10012
12,256,swap,400,25,0.0,0.5072,0.4928,0.4928,0.0051115979670950575,0.005047995395893268,-0.37181271449158126,-0.19975671703136494,0.20321749469819106,0.3834346602271212,0.0051115979670950575,0.5072,4.78040178998039,0.03515,0.4849333333333333,10012
12,1024,loschmidt,400,25,0.7409,0.2114,0.7886,0.0477,0.0,0.11807891634413537,0.0,0.0,0.0,0.8408686887422654,0.7231194030033461,0.8159011964492474,0.4029443348042269,0.9198583333333334,0.07053333333333334,10012
12,1024,swap,400,25,0.0,0.5111,0.4889,0.4889,0.007371575671568488,0.008448681698571417,-0.3793394612179853,-0.19432473153286955,0.21593801697410334,0.3914063213647647,0.007371575671568488,0.5111,4.482375198519009,0.017958333333333333,0.4931166666666667,10012
12,4096,loschmidt,400,25,0.6177,0.3104,0.6896,0.0719,0.0,0.18143927943480395,0.0,0.0,0.5096598088849547,0.9395277939363822,0.7688982645107377,0.8119278053884385,0.38339178880182334,0.8626416666666666,0.12180833333333335,10012
12,4096,swap,400,25,0.0,0.5154,0.4846,0.4846,0.011252457283039165,0.012847821354549894,-0.3688260717022157,-0.19723085277269914,0.22253584173541974,0.39683617374122143,0.011252457283039165,0.5154,4.168629907798239,0.009358333333333333,0.4984583333333334,10012
4,16,loschmidt,400,25,0.2588,0.6598,0.3402,0.0814,0.8527612600127391,0.5099122726313744,0.0,0.0,0.9627317688957572,0.9883006220168972,0.9324892266369047,0.8901780895844577,0.10246738850696964,0.5697,0.385875,10013
4,16,swap,400,25,0.0005,0.666,0.334,0.3335,0.2942931671450829,0.21771542915087094,-0.5584401899665661,-0.1814215152257027,0.6656430470775312,0.8557611502911386,0.2951790857829708,0.6663331665832917,0.9284029463975819,0.1296,0.5118,10013
4,64,loschmidt,400,25,0.1407,0.7775,0.2225,0.0818,0.9581877952847218,0.6457795132237137,0.0,0.4309727890658263,0.9891053460093832,0.9958692112829175,0.9716832709630986,0.9048062376352846,0.04582313973265889,0.40315,0.5478,10013
4,64,swap,400,25,0.0001,0.7232,0.2768,0.2767,0.46078835055360745,0.3361528115387032,-0.49885437656131415,-0.06535042411858863,0.823263715942819,0.9423721105849858,0.4608040025029543,0.7232723272327233,0.6389884630603435,0.0598,0.58765,10013
4,256,loschmidt,400,25,0.0685,0.8604,0.1396,0.0711,0.9888865702914189,0.7578065515885768,0.0,0.899611880952354,0.9969879742714687,0.9988428298771992,0.9909350490253535,0.923671497584541,0.016534354240032207,0.263425,0.69195,10013
4,256,swap,400,25,0.0,0.7777,0.2223,0.2223,0.6366670143649891,0.4502386925026916,-0.4186868126198804,0.07906991951224127,0.9282136501776643,0.9825795760291535,0.6366670143649891,0.7777,0.3609106236474035,0.028475,0.654975,10013
4,1024,loschmidt,400,25,0.0318,0.9089,0.0911,0.0593,0.9969068147514331,0.8287655674446485,0.31231022450046214,0.9730175744677592,0.9991980707085373,0.9996764689292116,0.9972171970713425,0.9387523239000206,0.006269698232960261,0.16925,0.791525,10013
4,1024,swap,400,25,0.0,0.8221,0.1779,0.1779,0.8095204981086929,0.5533458325358811,-0.3115348825525099,0.2231338696142508,0.9779590767468536,0.9954317858051647,0.8095204981086929,0.8221,0.1569297556087214,0.0113,0.70515,10013
4,4096,loschmidt,400,25,0.0152,0.9462,0.0538,0.0386,0.9992371683919843,0.8932841439542027,0.8856785033539132,0.9934722632729227,0.999794041433881,0.9999222460005177,0.999275251867275,0.960804224207961,0.0017005308858242295,0.10555,0.8641,10013
4,4096,swap,400,25,0.0,0.8612,0.1388,0.1388,0.9283364224314536,0.6468470864839729,-0.1988332204324993,0.43425788123332754,0.9944542269503075,0.9987944999447071,0.9283364224314536,0.8612,0.05623454508553305,0.0047,0.75255,10013
6,16,loschmidt,400,25,0.525,0.3972,0.6028,0.0778,0.0,0.238770943067105,0.0,0.0,0.7697842139470248,0.9412720415647531,0.7935762058393705,0.8362105263157895,0.3236130725050196,0.8248,0.15085,10013
6,16,swap,400,25,0.0,0.5646,0.4354,0.4354,0.07528988517060597,0.06389463520823449,-0.5162344639115533,-0.2548700577077838,0.3910348446269161,0.6181419577591575,0.07528988517060597,0.5646,1.9737759241108856,0.13908333333333334,0.4514666666666666,10013
6,64,loschmidt,400,25,0.3459,0.5551,0.4449,0.099,0.4899928212546181,0.3810081064704983,0.0,0.0,0.9367447373208667,0.9822262495296816,0.8900051106696901,0.8486469958721908,0.17514258891821147,0.6897,0.2745,10013
6,64,swap,400,25,0.0,0.5963,0.4037,0.4037,0.11872865726941752,0.10797105230761907,-0.498357253460479,-0.21899793091339892,0.45155878347498835,0.6929723674909135,0.11872865726941752,0.5963,1.6739156389971492,0.06851666666666666,0.5000833333333334,10013
6,256,loschmidt,400,25,0.2211,0.6745,0.3255,0.1044,0.8828170199546117,0.5132429707086652,-0.1307727516540104,0.0,0.9800914677306176,0.9941134386926493,0.9486758889134342,0.8659648221851329,0.088350860179173,0.54215,0.4150333333333333,10013
6,256,swap,400,25,0.0,0.6319,0.3681,0.3681,0.17978644064860755,0.16895684724407878,-0.46747445018788275,-0.1770582402566166,0.5350541608985206,0.799194008516004,0.17978644064860755,0.6319,1.3751324474888302,0.033299999999999996,0.5409666666666667,10013
6,1024,loschmidt,400,25,0.137,0.7673,0.2327,0.0957,0.9659609347380831,0.6307748548706633,0.0,0.30931573473206064,0.9941412879136102,0.9982091643212107,0.9788207303173482,0.8891077636152955,0.035131168753728126,0.4125833333333333,0.5448833333333334,10013
6,1024,swap,400,25,0.0,0.6705,0.3295,0.3295,0.2651236814147776,0.24114259798699067,-0.4369543671495322,-0.1383488763608396,0.6481560277889589,0.909070471293577,0.2651236814147776,0.6705,1.0643905942488256,0.016416666666666666,0.5734333333333334,10013
6,4096,loschmidt,400,25,0.074,0.844,0.156,0.082,0.99069579668785,0.7345290644954003,0.0,0.8871619768800167,0.9983795328081828,0.9995186636171777,0.9926539608579898,0.9114470842332614,0.01442507098307946,0.3005,0.6598333333333333,10013
6,4096,swap,400,25,0.0,0.7183,0.2817,0.2817,0.3674800906973513,0.3273487697921069,-0.39123915948744825,-0.05970701423128405,0.7874033192486276,0.9720913193702958,0.3674800906973513,0.7183,0.7733667417938213,0.007316666666666666,0.6121166666666666,10013
8,16,loschmidt,400,25,0.7664,0.1949,0.8051,0.0387,0.0,0.10240262267989447,0.0,0.0,0.0,0.7194621093828478,0.650722002292144,0.834332191780822,0.4896231279750441,0.937625,0.053225,10013
8,16,swap,400,25,0.0,0.5313,0.4687,0.4687,0.02934090449051744,0.02271647436674612,-0.4521768435266889,-0.2341743841460875,0.28237666677631024,0.48190781518935255,0.02934090449051744,0.5313,3.2115747763247127,0.1412875,0.436625,10013
8,64,loschmidt,400,25,0.617,0.3165,0.6835,0.0665,0.0,0.1860869229946557,0.0,0.0,0.5673986443963411,0.9168690271881295,0.7687061565138773,0.8263707571801566,0.33947320545292853,0.8678,0.1144,10013
8,64,swap,400,25,0.0,0.5212,0.4788,0.4788,0.023980857399281026,0.021116778570811144,-0.46491491969640625,-0.2447070767711947,0.2860534250386545,0.50698341927894,0.023980857399281026,0.5212,2.9104804972444454,0.0696625,0.4707125,10013
8,256,loschmidt,400,25,0.4687,0.446,0.554,0.0853,0.0,0.2950162642596464,0.0,0.0,0.867819397473864,0.9742242045559659,0.849412960218776,0.839450404667796,0.2062824941753588,0.7720375,0.2031375,10013
8,256,swap,400,25,0.0,0.5531,0.4469,0.4469,0.055312564299576636,0.05648099134235731,-0.4515849796212104,-0.22532548086663026,0.3360868197026299,0.5640808303431165,0.055312564299576636,0.5531,2.6035894021140167,0.0349375,0.5014,10013
8,1024,loschmidt,400,25,0.3254,0.5728,0.4272,0.1018,0.575864505942862,0.4060426151170166,-0.030225257057290875,0.0,0.9594533158237878,0.9914734948186712,0.9147528174662609,0.8490957604506374,0.1327612602907374,0.65355,0.3135875,10013
8,1024,swap,400,25,0.0,0.5812,0.4188,0.4188,0.08608833617978583,0.09634902630078591,-0.42260542295020165,-0.19303054097034106,0.3796709727607565,0.631805462607143,0.08608833617978583,0.5812,2.3049434889031923,0.0169125,0.523075,10013
8,4096,loschmidt,400,25,0.2045,0.6832,0.3168,0.1123,0.8775432118835542,0.5144581931124047,-0.2878975185643487,0.0,0.9877523178618604,0.9976137611924708,0.9538186787586431,0.8588309239472031,0.07669797857957938,0.531175,0.4297125,10013
8,4096,swap,400,25,0.0,0.5928,0.4072,0.4072,0.1029142430565177,0.1251298139818536,-0.4218867428804098,-0.18685506616224049,0.4219204223976797,0.7214049224713942,0.1029142430565177,0.5928,2.0016229081451464,0.0082625,0.53835,10013
10,16,loschmidt,400,25,0.9054,0.0813,0.9187,0.0133,0.0,0.03719453874087237,0.0,0.0,0.0,0.0,0.53392222141377,0.8594080338266384,0.7147130139550841,0.98265,0.0149,10013
10,16,swap,400,25,0.0,0.5045,0.4955,0.4955,0.0025240872108258016,0.0038545035007069607,-0.42383697037870877,-0.22595746786109477,0.2341352930990755,0.4255938964748601,0.0025240872108258016,0.5045,4.411713550565791,0.14042000000000002,0.4306,10013
10,64,loschmidt,400,25,0.8233,0.1421,0.8579,0.0346,0.0,0.06601117559063219,0.0,0.0,0.0,0.5122404358990178,0.6046592750588842,0.8041878890775326,0.6024684614500503,0.9559900000000001,0.037380000000000004,10013
10,64,swap,400,25,0.0,0.5102,0.4898,0.4898,0.007360483687072187,0.007455943057530122,-0.4109849394974435,-0.22700357294849038,0.2407419155033635,0.4339475024283778,0.007360483687072187,0.5102,4.106579085889404,0.07118,0.46535999999999994,10013
10,256,loschmidt,400,25,0.6969,0.2476,0.7524,0.0555,0.0,0.13359201462351664,0.0,0.0,0.0,0.8619148029364327,0.6991912386666254,0.8168921148135929,0.4326430899279781,0.9092599999999998,0.07902999999999999,10013
10,256,swap,400,25,0.0,0.5124,0.4876,0.4876,0.011112742423878857,0.012603488677771372,-0.4138539025921346,-0.21631579678401877,0.2425194358576166,0.4375607409650107,0.011112742423878857,0.5124,3.8141805197728536,0.0368,0.48577,10013
10,1024,loschmidt,400,25,0.575,0.3514,0.6486,0.0736,0.0,0.2139241952112994,0.0,0.0,0.7022082561098123,0.9521482832917433,0.8002954619039366,0.8268235294117647,0.28167283542780897,0.8423299999999999,0.14043999999999998,10013
10,1024,swap,400,25,0.0,0.531,0.469,0.469,0.030026490705033836,0.02695663572452002,-0.39618123246267856,-0.20706716879601023,0.25764792259006875,0.45331196391529766,0.030026490705033836,0.531,3.5068885344235876,0.01755,0.5011899999999999,10013
10,4096,loschmidt,400,25,0.4486,0.4576,0.5424,0.0938,0.0,0.3006700675203238,0.0,0.0,0.8954997951933122,0.9819986356295906,0.864505368163352,0.8298875589408777,0.1824139569008259,0.7504,0.22505,10013
10,4096,swap,400,25,0.0,0.5331,0.4669,0.4669,0.029679520569462,0.0403339233862451,-0.40136602299936397,-0.20658155114776153,0.2774209835164402,0.4898237241244207,0.029679520569462,0.5331,3.198123975319541,0.00914,0.5074200000000001,10013
12,16,loschmidt,400,25,0.9564,0.036,0.964,0.0076,0.0,0.013663198852919885,0.0,0.0,0.0,0.0,0.3903349809938233,0.8256880733944955,0.8373029228436123,0.9945083333333332,0.004541666666666666,10013
12,16,swap,400,25,0.0,0.5037,0.4963,0.4963,0.0021974832797005163,0.002322993537990234,-0.37890890745918043,-0.2016327155447601,0.2050657592482729,0.38497963614142494,0.0021974832797005163,0.5037,5.394023954805825,0.13938333333333333,0.43248333333333333,10013
12,64,loschmidt,400,25,0.9074,0.0768,0.9232,0.0158,0.0,0.03283259605345801,0.0,0.0,0.0,0.0,0.5062289622484537,0.8293736501079914,0.6226958620456482,0.9838083333333334,0.013691666666666666,10013
12,64,swap,400,25,0.0,0.5037,0.4963,0.4963,0.0022859445209447186,0.0022775945361860187,-0.38102361354167064,-0.20468527353071753,0.2049398225247474,0.3854044925089907,0.0022859445209447186,0.5037,5.093044456822289,0.06984166666666668,0.4671583333333334,10013
12,256,loschmidt,400,25,0.8349,0.1379,0.8621,0.0272,0.0,0.06820079524890507,0.0,0.0,0.0,0.45467324769824896,0.6100199665017785,0.8352513628104179,0.4887044032309146,0.9598833333333332,0.03445,10013
12,256,swap,400,25,0.0,0.5064,0.4936,0.4936,0.005017495633585372,0.006965805356963071,-0.37190742448762787,-0.20199402483127454,0.2136911509810383,0.39596314558327744,0.005017495633585372,0.5064,4.796929380460989,0.03575,0.4840333333333333,10013
12,1024,loschmidt,400,25,0.7375,0.2148,0.7852,0.0477,0.0,0.1146285283318016,0.0,0.0,0.0,0.7924562460977924,0.6777467078991638,0.8182857142857143,0.44186556441636893,0.919075,0.07096666666666668,10013
12,1024,swap,400,25,0.0,0.5056,0.4944,0.4944,0.004644728695861126,0.004377320323008422,-0.37883626648398805,-0.20476968453503736,0.21056445370418297,0.3874218645629053,0.004644728695861126,0.5056,4.507682496154426,0.01773333333333333,0.493975,10013
12,4096,loschmidt,400,25,0.6153,0.3137,0.6863,0.071,0.0,0.18567828974792078,0.0,0.0,0.5337020519706186,0.9384191353254542,0.7778013578344298,0.8154406030673252,0.3398457057429423,0.8615583333333334,0.12331666666666666,10013
12,4096,swap,400,25,0.0,0.5158,0.4842,0.4842,0.013222174689386539,0.01196383602108519,-0.37186633790891577,-0.1944806747294628,0.21775378495327455,0.39479796920494464,0.013222174689386539,0.5158,4.192555408091572,0.008658333333333332,0.5001333333333334,10013
4,16,loschmidt,400,25,0.2496,0.6637,0.3363,0.0867,0.8543791124029638,0.5106101334251398,0.0,0.0,0.9653483969694676,0.9897726129758034,0.9329945598470893,0.8844616204690832,0.10353457021496451,0.555825,0.397125,10014
4,16,swap,400,25,0.0003,0.6719,0.3281,0.3278,0.3157934879542609,0.23152008781712766,-0.5516009383212002,-0.16223151062027444,0.6743929603227855,0.8635910612936882,0.3160586494862544,0.6721016304891467,0.8733951706518498,0.129525,0.513775,10014
4,64,loschmidt,400,25,0.1274,0.7835,0.2165,0.0891,0.9650275114990258,0.6487650384004275,0.0,0.534370258430695,0.9903104032047436,0.9966309952418576,0.9762389714366875,0.8978913591565436,0.04223227289772611,0.392125,0.554725,10014
4,64,swap,400,25,0.0,0.7359,0.2641,0.2641,0.4943400509931664,0.3593528156313132,-0.47043748032753335,-0.033515361080338,0.8314247779955266,0.9440688289583345,0.4943400509931664,0.7359,0.5790268743569269,0.058325,0.5968,10014
4,256,loschmidt,400,25,0.0569,0.8645,0.1355,0.0786,0.9903051280915316,0.7556173461524041,0.0,0.920164957642673,0.997227793308249,0.9989636942959559,0.9917795777951494,0.9166578305587955,0.014879283808592882,0.2669,0.68425,10014
4,256,swap,400,25,0.0,0.7877,0.2123,0.2123,0.6624034208233878,0.47014510890367756,-0.3996790515018704,0.11002900210130453,0.9374044164523597,0.9828890771283219,0.6624034208233878,0.7877,0.31656173525005793,0.0268,0.6587,10014
4,1024,loschmidt,400,25,0.0215,0.9178,0.0822,0.0607,0.9974960532806059,0.839941816148637,0.5501508758785402,0.9797486925525148,0.9993087843040698,0.9997233579282414,0.9976625880601744,0.9379662749105774,0.005680585178321887,0.172275,0.786,10014
4,1024,swap,400,25,0.0,0.8308,0.1692,0.1692,0.8272353503044171,0.5714969064061677,-0.287735681403678,0.27085539137061526,0.9813095726644531,0.9952886899854109,0.8272353503044171,0.8308,0.1382280890273639,0.0116,0.713325,10014
4,4096,loschmidt,400,25,0.0072,0.9516,0.0484,0.0412,0.9993697356292519,0.8989148606903955,0.9259197000391183,0.9944600442230737,0.999812588743029,0.999924297590485,0.9993789605801682,0.9585012087026591,0.0017886329590568032,0.09605,0.871775,10014
4,4096,swap,400,25,0.0,0.8663,0.1337,0.1337,0.9406045649829154,0.6617156617307868,-0.16016088276233365,0.46092167955746105,0.9951918508673527,0.9988393975893239,0.9406045649829154,0.8663,0.048406693654897914,0.004675,0.760175,10014
6,16,loschmidt,400,25,0.5256,0.4057,0.5943,0.0687,0.0,0.25386178333093806,0.0,0.0,0.7727378479746364,0.9375129154726842,0.7948517275634976,0.855185497470489,0.2647641336525208,0.8096333333333334,0.16578333333333334,10014
6,16,swap,400,25,0.0,0.5644,0.4356,0.4356,0.08362145559916109,0.0680598962638936,-0.5169750935941256,-0.2594619238791842,0.4010508487410968,0.630720083310972,0.08362145559916109,0.5644,1.942466760153968,0.13733333333333334,0.4531,10014
6,64,loschmidt,400,25,0.3535,0.5615,0.4385,0.085,0.5118717342671839,0.4005775153674135,0.0,0.0,0.9348805595061915,0.9787824563139184,0.8888253272595591,0.868522815158546,0.14452720732755536,0.6713666666666667,0.2929,10014
6,64,swap,400,25,0.0,0.5937,0.4063,0.4063,0.12181753523384817,0.11883805686684243,-0.48481348046536693,-0.21747366779485805,0.46835562315900225,0.7253211800085523,0.12181753523384817,0.5937,1.6327210984437057,0.06775,0.5034666666666667,10014
6,256,loschmidt,400,25,0.2254,0.6871,0.3129,0.0875,0.8797662892645397,0.5365533952481777,0.0,0.0,0.9794484934032602,0.9934133128644773,0.9481662770516983,0.8870384714691454,0.07099725409580127,0.5280166666666666,0.43085,10014
6,256,swap,400,25,0.0,0.6444,0.3556,0.3556,0.19763286273384845,0.19082840562308143,-0.445829929941971,-0.1625735479295044,0.5626717432253504,0.8322776331475241,0.19763286273384845,0.6444,1.3422494222602979,0.03303333333333333,0.5482333333333334,10014
6,1024,loschmidt,400,25,0.133,0.7822,0.2178,0.0848,0.9621363913750847,0.6490576536896909,0.0,0.42964855610011354,0.9940459411287168,0.9982013794438264,0.9772703426389548,0.9021914648212226,0.030368477668449176,0.39388333333333336,0.5630333333333334,10014
6,1024,swap,400,25,0.0,0.687,0.313,0.313,0.2805954283971144,0.26589624015937435,-0.4165468822916698,-0.10524075121676002,0.6922110886118924,0.935528124762606,0.2805954283971144,0.687,1.0446111603659505,0.01653333333333333,0.5868833333333333,10014
6,4096,loschmidt,400,25,0.0821,0.8499,0.1501,0.068,0.9891587758533659,0.7483378798384352,0.0,0.8617921104498906,0.9983757226737653,0.999521334579146,0.9919122922627521,0.9259178559755965,0.010060226965973546,0.28305,0.67765,10014
6,4096,swap,400,25,0.0,0.7275,0.2725,0.2725,0.39172995125447074,0.34924172516291524,-0.37680077569578474,-0.046134130185977035,0.838588959796112,0.9785683587433791,0.39172995125447074,0.7275,0.7501268771191604,0.007033333333333333,0.6194833333333334,10014
8,16,loschmidt,400,25,0.7362,0.2214,0.7786,0.0424,0.0,0.12011761921202874,0.0,0.0,0.0,0.7999068409411653,0.7040337096491718,0.8392721758908264,0.49254780465808196,0.9255625,0.0636625,10014
8,16,swap,400,25,0.0,0.5207,0.4793,0.4793,0.016064944586400242,0.01960187315700311,-0.450336739422305,-0.24353582743007568,0.2825478169341644,0.4948414324419271,0.016064944586400242,0.5207,3.242433176221847,0.1402875,0.4373625,10014
8,64,loschmidt,400,25,0.5866,0.345,0.655,0.0684,0.0,0.20800326081889411,0.0,0.0,0.6785006149725116,0.9406282370880046,0.797693643909835,0.8345428156748912,0.30939911945647647,0.8495875,0.1306375,10014
8,64,swap,400,25,0.0,0.5497,0.4503,0.4503,0.053203599761044426,0.04802432640354939,-0.4388073458444305,-0.22150886263101335,0.3210132384901182,0.5331037439811905,0.053203599761044426,0.5497,2.9323829302038025,0.069975,0.4771,10014
8,256,loschmidt,400,25,0.4574,0.4538,0.5462,0.0888,0.0,0.30521824722903484,0.0,0.0,0.9029169656478111,0.982696861143074,0.8785670389549467,0.8363435311463324,0.17513331689185452,0.7547625,0.2180875,10014
8,256,swap,400,25,0.0,0.5623,0.4377,0.4377,0.06491566933014292,0.06803171697430405,-0.44043685620159045,-0.212032781463265,0.34674502866020557,0.5851445931126685,0.06491566933014292,0.5623,2.639229348722317,0.0353625,0.502775,10014
8,1024,loschmidt,400,25,0.3442,0.5606,0.4394,0.0952,0.6254305242337928,0.41161765509581183,0.0,0.0,0.9706867043321711,0.9945221060862017,0.9365617522481127,0.854833790789875,0.11095169157486039,0.6422875,0.325275,10014
8,1024,swap,400,25,0.0,0.5865,0.4135,0.4135,0.09447678234036475,0.11192623349085165,-0.4110714530821409,-0.18320378718939623,0.40334332220975144,0.6669651954226282,0.09447678234036475,0.5865,2.3386231814593916,0.016825,0.5259375,10014
8,4096,loschmidt,400,25,0.2466,0.6513,0.3487,0.1021,0.9019871446246932,0.5083757737289668,-0.04928595141507513,0.0,0.992127547436245,0.9983756777309556,0.9738370752584502,0.864481019378816,0.05472949393124194,0.5393875,0.425375,10014
8,4096,swap,400,25,0.0,0.6213,0.3787,0.3787,0.13806216189672488,0.15871853417145704,-0.3928513270398102,-0.1608298736041736,0.45854137640660797,0.79064169883647,0.13806216189672488,0.6213,2.038272212906554,0.008325,0.5471,10014
10,16,loschmidt,400,25,0.8882,0.0919,0.9081,0.0199,0.0,0.03973986654000951,0.0,0.0,0.0,0.0,0.5276889805093786,0.8220035778175313,0.6230165482082148,0.9790800000000001,0.0174,10014
10,16,swap,400,25,0.0,0.4981,0.5019,0.5019,-0.0009549934638705109,0.0021634783682742084,-0.4120824182456102,-0.22235302739260776,0.22965847149020271,0.42116003328863216,-0.0009549934638705109,0.4981,4.248022661856773,0.14137000000000002,0.4289799999999999,10014
10,64,loschmidt,400,25,0.7926,0.1744,0.8256,0.033,0.0,0.09080612943299861,0.0,0.0,0.0,0.6709050143121751,0.6507468389701052,0.840887174541948,0.507596773342379,0.9460800000000001,0.04647,10014
10,64,swap,400,25,0.0,0.5142,0.4858,0.4858,0.010756517180801103,0.010188377983156824,-0.4088448130660535,-0.2151052608341606,0.23947074556056064,0.42455202552804516,0.010756517180801103,0.5142,3.943749584275285,0.0699,0.46856000000000003,10014
10,256,loschmidt,400,25,0.6685,0.2735,0.7265,0.058,0.0,0.15586931193389333,0.0,0.0,0.2418751714425243,0.8862514864328978,0.7376506001042891,0.8250377073906485,0.37614655833135524,0.89186,0.09465,10014
10,256,swap,400,25,0.0,0.5282,0.4718,0.4718,0.02537527567550965,0.018615739328988655,-0.40708940117223286,-0.21464504119882996,0.252701387835984,0.4440111625325281,0.02537527567550965,0.5282,3.6515181707999584,0.03579,0.48545,10014
10,1024,loschmidt,400,25,0.5412,0.3765,0.6235,0.0823,0.0,0.2318664414917972,0.0,0.0,0.764131701538519,0.965096780605583,0.8061523371737862,0.8206190061028771,0.26900585212239153,0.8149200000000001,0.16412,10014
10,1024,swap,400,25,0.0,0.5344,0.4656,0.4656,0.029427245212284837,0.029682727525282587,-0.40745944397913486,-0.21119666477543547,0.26411169113906646,0.4687701912015733,0.029427245212284837,0.5344,3.344285131399338,0.017130000000000003,0.50169,10014
10,4096,loschmidt,400,25,0.415,0.4861,0.5139,0.0989,0.0,0.32821463366375947,0.0,0.0,0.928543662564683,0.9891129331773192,0.8894286474718252,0.8309401709401709,0.18152303276810522,0.72388,0.25048000000000004,10014
10,4096,swap,400,25,0.0,0.542,0.458,0.458,0.038948471377992816,0.048875172108385156,-0.3938756591941933,-0.19833626125036113,0.28452542134121805,0.508656617781137,0.038948471377992816,0.542,3.049916292844061,0.009100000000000002,0.5112800000000001,10014
12,16,loschmidt,400,25,0.9554,0.0386,0.9614,0.006,0.0,0.015346661907850095,0.0,0.0,0.0,0.0,0.4422468817166111,0.8654708520179372,0.647378518851186,0.9924,0.00645,10014
12,16,swap,400,25,0.0,0.5062,0.4938,0.4938,0.002924664796236934,-6.196922686137843e-05,-0.37302104634040223,-0.20842172645483073,0.2058926966198831,0.37750945792777263,0.002924664796236934,0.5062,5.450700625173727,0.14044166666666666,0.4302333333333334,10014
12,64,loschmidt,400,25,0.9075,0.0776,0.9224,0.0149,0.0,0.03573138774941569,0.0,0.0,0.0,0.0,0.5525463694469515,0.8389189189189189,0.5689886646862867,0.978675,0.018116666666666666,10014
12,64,swap,400,25,0.0,0.5095,0.4905,0.4905,0.007260008399706153,0.006608942653089965,-0.3738596256346977,-0.20007772966831744,0.2134220775387735,0.38599056369143536,0.007260008399706153,0.5095,5.147163953637886,0.070675,0.4656,10014
12,256,loschmidt,400,25,0.8437,0.1328,0.8672,0.0235,0.0,0.07145357877362464,0.0,0.0,0.0,0.43831975107321186,0.6740281008992566,0.8496481126039668,0.542855228100163,0.9555416666666667,0.03888333333333334,10014
12,256,swap,400,25,0.0,0.509,0.491,0.491,0.0065576576879043166,0.0056607911081918896,-0.37772237839445455,-0.2037422345454491,0.21516547377162495,0.38349191619285466,0.0065576576879043166,0.509,4.843689863774019,0.03555,0.48475,10014
12,1024,loschmidt,400,25,0.7485,0.2091,0.7909,0.0424,0.0,0.11515788925804418,0.0,0.0,0.0,0.797251481431791,0.6835019269925792,0.8314115308151093,0.42374407335343467,0.9208416666666668,0.069575,10014
12,1024,swap,400,25,0.0,0.5148,0.4852,0.4852,0.01113999184520199,0.014138653123391765,-0.375029729809077,-0.1966449462286109,0.22369678619073724,0.4061497847807325,0.01113999184520199,0.5148,4.538708440029678,0.017675,0.497425,10014
12,4096,loschmidt,400,25,0.6233,0.3096,0.6904,0.0671,0.0,0.18227697863176023,0.0,0.0,0.48693779518008123,0.9312230929938703,0.7365914862549171,0.8218741704273959,0.33984676656473584,0.867325,0.11786666666666665,10014
12,4096,swap,400,25,0.0,0.5151,0.4849,0.4849,0.012726656675025913,0.017432448530463263,-0.3761478140280735,-0.19856148628057907,0.22607416191434143,0.411369096133249,0.012726656675025913,0.5151,4.245288689675956,0.008575,0.500875,10014
4,16,loschmidt,400,25,0.2538,0.6602,0.3398,0.086,0.8404789771726131,0.502271475214736,0.0,0.0,0.9635116988586087,0.9885407398161548,0.9249692567631358,0.8847493969445189,0.10741658988983951,0.56635,0.3857,10015
4,16,swap,400,25,0.0003,0.6665,0.3335,0.3332,0.3136986911099009,0.23175023410396492,-0.5417712889891667,-0.16871843854573612,0.6819421929271223,0.8642830268319838,0.313768419763457,0.6667000100030009,0.9171194887042785,0.129975,0.512125,10015
4,64,loschmidt,400,25,0.1444,0.7711,0.2289,0.0845,0.9588553394493153,0.6380138826706183,0.0,0.3922429421852446,0.9896593937553073,0.9963635152712581,0.9739783068025376,0.9012388966806919,0.04135006508084524,0.399575,0.5479,10015
4,64,swap,400,25,0.0,0.7179,0.2821,0.2821,0.45204591300879515,0.3344008765344634,-0.48053172109452086,-0.0752057091013794,0.8209154909844196,0.9447729553289343,0.45204591300879515,0.7179,0.6287428419046739,0.062175,0.58195,10015
4,256,loschmidt,400,25,0.0732,0.8517,0.1483,0.0751,0.989079027804544,0.7457509014835978,0.0,0.9006870760398132,0.9971276506742125,0.9989565497381427,0.9913966185809582,0.9189684937419076,0.016242962087622635,0.269075,0.6812,10015
4,256,swap,400,25,0.0,0.7744,0.2256,0.2256,0.6348845009566797,0.44850487724127397,-0.4156723432135331,0.07496121288604608,0.9296821046785215,0.9837795149044093,0.6348845009566797,0.7744,0.35427083671879833,0.02525,0.647025,10015
4,1024,loschmidt,400,25,0.0346,0.9027,0.0973,0.0627,0.9970685188644537,0.8213425466099182,0.11880167932170597,0.9764169543640916,0.9992446250065993,0.999714513349046,0.9973583051884898,0.935052827843381,0.005838661767777616,0.178075,0.7821,10015
4,1024,swap,400,25,0.0,0.8195,0.1805,0.1805,0.8028735462513492,0.551794865686999,-0.30885588824217086,0.22362514799401484,0.9793789239212669,0.9956302608222974,0.8028735462513492,0.8195,0.16054785085468593,0.01195,0.704475,10015
4,4096,loschmidt,400,25,0.0199,0.9344,0.0656,0.0457,0.99926347760355,0.8771795303643394,0.854287389531289,0.9940047843568872,0.9998076129107294,0.9999275579343564,0.9993079076599958,0.9533721048872564,0.001970449558028985,0.119375,0.8515,10015
4,4096,swap,400,25,0.0,0.8616,0.1384,0.1384,0.9302774595550927,0.6527350475241221,-0.18948128016004553,0.46087960147282203,0.9945386170866706,0.9988688390740078,0.9302774595550927,0.8616,0.05585575431101818,0.00505,0.7529,10015
6,16,loschmidt,400,25,0.5723,0.359,0.641,0.0687,0.0,0.21880396631328666,0.0,0.0,0.7147245309265834,0.9367688030494004,0.8018006131995544,0.839373392564882,0.33500688872730383,0.8369666666666667,0.14168333333333333,10015
6,16,swap,400,25,0.0,0.5568,0.4432,0.4432,0.07045956979899745,0.059267106095286536,-0.5105217942040348,-0.26003586214197266,0.3811809980230568,0.6129454040782025,0.07045956979899745,0.5568,2.2498772664667968,0.13533333333333333,0.4521666666666666,10015
6,64,loschmidt,400,25,0.4061,0.5004,0.4996,0.0935,0.005751844769747494,0.33520116153384805,0.0,0.0,0.9165989089354563,0.9802283976181421,0.8790011370266965,0.8425660885670988,0.18974792823400977,0.7200333333333333,0.24878333333333336,10015
6,64,swap,400,25,0.0,0.5913,0.4087,0.4087,0.11423999135152542,0.10687114113241648,-0.48595817775632677,-0.2251878880858434,0.4415327675168955,0.6962659629020969,0.11423999135152542,0.5913,1.943912656440884,0.06906666666666667,0.5009666666666667,10015
6,256,loschmidt,400,25,0.2641,0.6281,0.3719,0.1078,0.8051562227741358,0.4625828094980945,-0.20002207740077035,0.0,0.977926691062946,0.9940029729098394,0.941336370210449,0.8535127055306427,0.10877568429638755,0.5899333333333333,0.36945,10015
6,256,swap,400,25,0.0,0.62,0.38,0.38,0.15864323923527704,0.15610864397350022,-0.4752138937364381,-0.18877561406803714,0.5118282762394446,0.7956177721504358,0.15864323923527704,0.62,1.645696764811306,0.033383333333333334,0.5383666666666667,10015
6,1024,loschmidt,400,25,0.1646,0.7342,0.2658,0.1012,0.945404837172124,0.5864863457220293,-0.04188743888266466,0.0,0.9930007086759574,0.9980895383875107,0.9730344423732722,0.878860426143165,0.05008583200379467,0.4604166666666666,0.49795,10015
6,1024,swap,400,25,0.0,0.6583,0.3417,0.3417,0.23259317220458095,0.22076918993718564,-0.4558482780204217,-0.1456118171700993,0.6181548378730417,0.902961322238174,0.23259317220458095,0.6583,1.3410161910252223,0.01533333333333333,0.5706833333333333,10015
6,4096,loschmidt,400,25,0.0943,0.8177,0.1823,0.088,0.9844352120072363,0.6948931729193136,0.0,0.7412504350161001,0.9980037407063954,0.9994667286841827,0.98966595818248,0.902837584189025,0.01757534068859465,0.34068333333333334,0.6187166666666667,10015
6,4096,swap,400,25,0.0,0.6999,0.3001,0.3001,0.3147487742114467,0.29494348215335864,-0.4203070090060176,-0.09143308013466653,0.7505610808048373,0.9694954478898806,0.3147487742114467,0.6999,1.0372961497352815,0.007833333333333333,0.6004833333333334,10015
8,16,loschmidt,400,25,0.7717,0.1894,0.8106,0.0389,0.0,0.09890345423654033,0.0,0.0,0.0,0.7458977290151263,0.6858376727413165,0.8296101620674551,0.5682515505598726,0.93735,0.0530125,10015
8,16,swap,400,25,0.0,0.5214,0.4786,0.4786,0.016938378631481916,0.018055730479337593,-0.4597581327562726,-0.24217608827904774,0.2776015180515984,0.4908319678942675,0.016938378631481916,0.5214,3.148968088302494,0.14015,0.4355125,10015
8,64,loschmidt,400,25,0.6219,0.3132,0.6868,0.0649,0.0,0.17979299221154546,0.0,0.0,0.5099101504415114,0.9169520783520431,0.7539382981949555,0.8283522877545623,0.3741434882529072,0.874025,0.108775,10015
8,64,swap,400,25,0.0,0.5244,0.4756,0.4756,0.025244694382188237,0.027205476804154125,-0.45744437091521134,-0.24287121834367129,0.29105052198055537,0.5184191743854069,0.025244694382188237,0.5244,2.8424313324077333,0.0704875,0.4710875,10015
8,256,loschmidt,400,25,0.4556,0.4527,0.5473,0.0917,0.0,0.287005892775644,0.0,0.0,0.8622001066039413,0.9737157177494693,0.8311150763192885,0.8315576781778105,0.2563197573604099,0.7788125,0.1948,10015
8,256,swap,400,25,0.0,0.563,0.437,0.437,0.0645296866245946,0.06550008632456725,-0.44036559661395097,-0.2078828985732794,0.33732743553661454,0.5662935793504651,0.0645296866245946,0.563,2.5419690915834448,0.034475,0.5011625,10015
8,1024,loschmidt,400,25,0.3206,0.5716,0.4284,0.1078,0.5722865096769407,0.4003876642659546,-0.15228580281750329,0.0,0.9546903206625434,0.9920878072097222,0.9018590235856834,0.8413305858110097,0.15039059986955167,0.6592125,0.3067875,10015
8,1024,swap,400,25,0.0,0.5676,0.4324,0.4324,0.0769160465054797,0.08030864924829272,-0.4324726608286997,-0.21421957149875162,0.35399424394859985,0.6083815241773702,0.0769160465054797,0.5676,2.245603674702508,0.0170125,0.5156125,10015
8,4096,loschmidt,400,25,0.2113,0.6832,0.3168,0.1055,0.8709140272929352,0.5212154564624403,-0.11851612376674774,0.0,0.9866844183168835,0.9973153488655397,0.9501696884299123,0.8662355775326487,0.07316268053361603,0.5329375,0.4282125,10015
8,4096,swap,400,25,0.0,0.6041,0.3959,0.3959,0.11309158842284595,0.12646302058876688,-0.4118093951196975,-0.1783588773329728,0.41408517108289317,0.70249482085569,0.11309158842284595,0.6041,1.9386541405756827,0.0077,0.53805,10015
10,16,loschmidt,400,25,0.882,0.0953,0.9047,0.0227,0.0,0.03989049471334982,0.0,0.0,0.0,0.0,0.505943469488653,0.8076271186440678,0.722265895071946,0.9778400000000002,0.01835,10015
10,16,swap,400,25,0.0,0.504,0.496,0.496,0.002352187116512981,0.0047481442154103356,-0.41412540554966193,-0.22172800894004402,0.23230183363153978,0.41885176446191336,0.002352187116512981,0.504,4.425321015721657,0.13874,0.4336199999999999,10015
10,64,loschmidt,400,25,0.7891,0.1747,0.8253,0.0362,0.0,0.08762778998340623,0.0,0.0,0.0,0.6496394290867591,0.6282694445421131,0.8283546704599336,0.4696909059119931,0.9477599999999998,0.04471,10015
10,64,swap,400,25,0.0,0.5212,0.4788,0.4788,0.01875987096152585,0.013970232615429694,-0.4138676797162472,-0.2151441633334912,0.2462561941461025,0.42992294747659815,0.01875987096152585,0.5212,4.119844130256734,0.06932999999999999,0.47146000000000005,10015
10,256,loschmidt,400,25,0.6737,0.2688,0.7312,0.0575,0.0,0.15547942511117144,0.0,0.0,0.18662214464423432,0.8854950219429911,0.7470761987684621,0.8237817958933497,0.3603275799899176,0.8937700000000001,0.09252,10015
10,256,swap,400,25,0.0,0.5177,0.4823,0.4823,0.014313967021889843,0.016322560564837142,-0.4102970208827092,-0.2107511044547487,0.24407825787274331,0.4431168034936073,0.014313967021889843,0.5177,3.824602657302022,0.03527,0.484,10015
10,1024,loschmidt,400,25,0.5502,0.3713,0.6287,0.0785,0.0,0.23713726678655836,0.0,0.0,0.7789791446386207,0.9632233367079521,0.8287649805124766,0.8254779902178746,0.24198440737160054,0.81588,0.16357,10015
10,1024,swap,400,25,0.0,0.5296,0.4704,0.4704,0.02479980234284007,0.03024394452675358,-0.4008971223231397,-0.2022948257121039,0.2624141268181574,0.4581456720752999,0.02479980234284007,0.5296,3.5245790306665503,0.01844,0.49901,10015
10,4096,loschmidt,400,25,0.4353,0.4774,0.5226,0.0873,0.0,0.3297094154141787,0.0,0.0,0.9268998263757743,0.9886006875889747,0.8964593310983401,0.8454046396316628,0.16203585436708645,0.72706,0.24765,10015
10,4096,swap,400,25,0.0,0.5417,0.4583,0.4583,0.04076353568816179,0.04577796642738805,-0.40070651492938664,-0.2000706571660113,0.28534186855259586,0.4924618627401122,0.04076353568816179,0.5417,3.214663666269299,0.009009999999999999,0.5095200000000001,10015
12,16,loschmidt,400,25,0.9689,0.024,0.976,0.0071,0.0,0.007424941489151749,0.0,0.0,0.0,0.0,0.351796819571921,0.7717041800643086,0.9849282120373284,0.99655,0.0027,10015
12,16,swap,400,25,0.0,0.4999,0.5001,0.5001,-5.253203677971548e-05,-0.002097129127750181,-0.3844906309646406,-0.20430606513101657,0.2023420827495087,0.37706240995085705,-5.253203677971548e-05,0.4999,5.631658345094389,0.1413,0.4308583333333333,10015
12,64,loschmidt,400,25,0.9256,0.0573,0.9427,0.0171,0.0,0.020937543109291,0.0,0.0,0.0,0.0,0.43247042450760115,0.7701612903225806,0.7770055832756306,0.9889166666666666,0.008983333333333333,10015
12,64,swap,400,25,0.0,0.5001,0.4999,0.4999,9.59671031436879e-05,-0.0015141613880642274,-0.3852093516341484,-0.20429602269048888,0.20246402354883633,0.3775866509407145,9.59671031436879e-05,0.5001,5.336130984038119,0.0705,0.46405,10015
12,256,loschmidt,400,25,0.8542,0.1179,0.8821,0.0279,0.0,0.05426506142388871,0.0,0.0,0.0,0.22619131662368466,0.5854356378409913,0.808641975308642,0.5925041964902327,0.97115,0.02418333333333333,10015
12,256,swap,400,25,0.0,0.501,0.499,0.499,0.001396943560305171,0.001976554615278376,-0.3802542821240382,-0.2022730677618574,0.20645294200298292,0.38495909027506514,0.001396943560305171,0.501,5.0326032740856625,0.034991666666666664,0.4825916666666666,10015
12,1024,loschmidt,400,25,0.769,0.1862,0.8138,0.0448,0.0,0.09807846511947084,0.0,0.0,0.0,0.7361436011589974,0.658551072858381,0.806060606060606,0.46684257017331987,0.9379666666666668,0.05335,10015
12,1024,swap,400,25,0.0,0.5018,0.4982,0.4982,0.0016085658874918007,0.0051900970864595,-0.37910991607213607,-0.2041793448313107,0.21917353940367418,0.39804367697132037,0.0016085658874918007,0.5018,4.742565537998772,0.0178,0.4917833333333333,10015
12,4096,loschmidt,400,25,0.6594,0.2701,0.7299,0.0705,0.0,0.14905458264102872,0.0,0.0,0.21318842893647955,0.9133851600539897,0.7378422188714535,0.7930123311802701,0.354014368321076,0.8867,0.09904166666666667,10015
12,4096,swap,400,25,0.0,0.5139,0.4861,0.4861,0.010970581157385476,0.009447217323229498,-0.37312431333039436,-0.2036625637291553,0.217851723017367,0.39477473506217475,0.010970581157385476,0.5139,4.435344733031223,0.008275,0.4981666666666666,10015
4,16,loschmidt,400,25,0.2572,0.6551,0.3449,0.0877,0.8380969502755912,0.49815657271820873,0.0,0.0,0.9665374291357204,0.9897071498009223,0.9312726004641125,0.881933225632741,0.10696707867321414,0.56545,0.384725,10016
4,16,swap,400,25,0.0005,0.6656,0.3344,0.3339,0.2936749206621312,0.22555019841224738,-0.5415711539374135,-0.18660329399407127,0.6800590811361376,0.8736241545995951,0.2940964086094456,0.6659329664832416,0.9157615448980091,0.130275,0.512325,10016
4,64,loschmidt,400,25,0.1306,0.777,0.223,0.0924,0.9636609257544018,0.6387239676557072,0.0,0.468310692109291,0.9899482219096302,0.9967214599416696,0.9753873960570243,0.893719806763285,0.04857018715640351,0.400475,0.545425,10016
4,64,swap,400,25,0.0,0.734,0.266,0.266,0.4802322371764689,0.35103331635441415,-0.4779352318785369,-0.03524098996194314,0.8282319091405346,0.9436572670724968,0.4802322371764689,0.734,0.627361627853164,0.058,0.593425,10016
4,256,loschmidt,400,25,0.0641,0.8564,0.1436,0.0795,0.9902605430592253,0.7458808620781865,0.0,0.9017255256274779,0.997376195588968,0.9989562457294016,0.9919229700402304,0.9150550272465007,0.016814332525142913,0.273175,0.675075,10016
4,256,swap,400,25,0.0,0.7772,0.2228,0.2228,0.6348919261248037,0.451553150191999,-0.4167184948098956,0.07685466616722475,0.92999260385502,0.9832023806914235,0.6348919261248037,0.7772,0.35801220796534583,0.02755,0.648225,10016
4,1024,loschmidt,400,25,0.0282,0.9053,0.0947,0.0665,0.9974638528897917,0.8226811873674961,0.2115154182542417,0.9755957894997974,0.9992743949647194,0.999730953851089,0.9976812617035722,0.9315702819510188,0.005880629396515234,0.179325,0.7782,10016
4,1024,swap,400,25,0.0,0.825,0.175,0.175,0.8121764321837315,0.5582070571434393,-0.30853466669799245,0.23554374361268315,0.9791832441987514,0.9956902332781143,0.8121764321837315,0.825,0.16554187458507397,0.012125,0.70555,10016
4,4096,loschmidt,400,25,0.0121,0.94,0.06,0.0479,0.9993243872901969,0.881236946003326,0.8881366964033153,0.9937502214913851,0.9998105055078368,0.9999288184174234,0.9993486424756937,0.9515133110638728,0.0018772944964943262,0.11475,0.85235,10016
4,4096,swap,400,25,0.0,0.8586,0.1414,0.1414,0.9277676611945846,0.6449863987153016,-0.2124497089315313,0.42959181667399615,0.9944413889169137,0.998896442176066,0.9277676611945846,0.8586,0.05962198035343165,0.004975,0.747825,10016
6,16,loschmidt,400,25,0.5294,0.3988,0.6012,0.0718,0.0,0.24416546416346155,0.0,0.0,0.7740458389456677,0.9432639964789344,0.7967508402710446,0.847428814279643,0.3041750400446266,0.8281,0.14833333333333332,10016
6,16,swap,400,25,0.0,0.5543,0.4457,0.4457,0.06509465689506036,0.06048604435001812,-0.5061708315291901,-0.24984185701778333,0.3832603558028938,0.6176688973207007,0.06509465689506036,0.5543,2.0348959389002386,0.14056666666666667,0.44956666666666667,10016
6,64,loschmidt,400,25,0.3712,0.5362,0.4638,0.0926,0.3883846181329414,0.37358649473560307,0.0,0.0,0.9303876612680145,0.9790079442590515,0.8955200572988398,0.852735368956743,0.16579161980156287,0.69325,0.27146666666666663,10016
6,64,swap,400,25,0.0,0.5774,0.4226,0.4226,0.10065292173524149,0.09436558203495042,-0.5003478270265255,-0.23247446123188154,0.42662996585748864,0.680991660027308,0.10065292173524149,0.5774,1.722644044704635,0.06841666666666667,0.4955,10016
6,256,loschmidt,400,25,0.2458,0.6511,0.3489,0.1031,0.8707689826467426,0.4950760020313235,-0.09284286533838561,0.0,0.9787452877120572,0.9933599140608809,0.9509630855809164,0.8632988597189074,0.08393604989464504,0.5546333333333333,0.4032833333333333,10016
6,256,swap,400,25,0.0,0.6235,0.3765,0.3765,0.1655115035865529,0.15846690979896544,-0.4654331600614545,-0.18575255288094544,0.5160160360732488,0.7736480335543151,0.1655115035865529,0.6235,1.4182225273006792,0.03505,0.5334833333333333,10016
6,1024,loschmidt,400,25,0.1532,0.7485,0.2515,0.0983,0.9648410474236074,0.6077951341848443,0.0,0.0,0.9938145268201446,0.9979740948893197,0.9808103708211118,0.8839159187529523,0.037339933279900914,0.4273666666666666,0.5300666666666667,10016
6,1024,swap,400,25,0.0,0.6757,0.3243,0.3243,0.2777560754037217,0.24373903986948459,-0.434342038531735,-0.12087870194208204,0.6427086589682204,0.8793028237064112,0.2777560754037217,0.6757,1.1281094565211176,0.014866666666666665,0.5734666666666666,10016
6,4096,loschmidt,400,25,0.0925,0.8276,0.1724,0.0799,0.9899430624737927,0.7141431289832102,0.0,0.7972233822572995,0.9982711609985272,0.9994213293524011,0.9932771684363613,0.9119559228650138,0.014009787696769102,0.3182166666666667,0.6422166666666667,10016
6,4096,swap,400,25,0.0,0.7141,0.2859,0.2859,0.37315563195457074,0.32927019516435974,-0.39085903771602754,-0.07000487664207235,0.8029794737930551,0.9581298914193843,0.37315563195457074,0.7141,0.8437590880850563,0.007466666666666666,0.6082166666666667,10016
8,16,loschmidt,400,25,0.7654,0.1924,0.8076,0.0422,0.0,0.09727435247180326,0.0,0.0,0.0,0.7203384510373219,0.6371785924835257,0.8201193520886616,0.5226976608335007,0.9359625,0.05395,10016
8,16,swap,400,25,0.0,0.5148,0.4852,0.4852,0.012895642296676302,0.013537396779191616,-0.46127400142695696,-0.24520926589333833,0.2758500663609756,0.4845088680014307,0.012895642296676302,0.5148,3.1933978861384027,0.1391,0.4359125,10016
8,64,loschmidt,400,25,0.6201,0.318,0.682,0.0619,0.0,0.18590815637123445,0.0,0.0,0.5404064152022195,0.9150720001767447,0.7479683633392594,0.8370623848381153,0.3433175274956492,0.8701375,0.11335,10016
8,64,swap,400,25,0.0,0.5269,0.4731,0.4731,0.02520239168549203,0.02785626221491643,-0.45378571722968253,-0.24082564537695908,0.2945597063364914,0.5181020648154966,0.02520239168549203,0.5269,2.8952081119909656,0.070225,0.4724375,10016
8,256,loschmidt,400,25,0.4785,0.4447,0.5553,0.0768,0.0,0.29881640533471115,0.0,0.0,0.865466254632948,0.9732551723570378,0.8524843017706343,0.8527325023969319,0.2139922109954059,0.77115,0.204225,10016
8,256,swap,400,25,0.0,0.5517,0.4483,0.4483,0.055205429420812836,0.06046783006590978,-0.4336921990389401,-0.21987274640424012,0.33174943037199817,0.5744923833862035,0.055205429420812836,0.5517,2.580401226714808,0.0356875,0.5000875,10016
8,1024,loschmidt,400,25,0.3635,0.5445,0.4555,0.092,0.47833549344173004,0.3930153444584917,0.0,0.0,0.9543353197128239,0.9903502886746025,0.9168722320426607,0.8554595443833464,0.11513281758307177,0.6608375,0.308,10016
8,1024,swap,400,25,0.0,0.5775,0.4225,0.4225,0.08175558533619601,0.08909718211380811,-0.4291362795431603,-0.20009696078531936,0.3716395001241782,0.6123394485863551,0.08175558533619601,0.5775,2.291618468093457,0.017275,0.517625,10016
8,4096,loschmidt,400,25,0.2532,0.6479,0.3521,0.0989,0.8575807029293595,0.5009515409705771,0.0,0.0,0.986803655051418,0.9973811748600107,0.9601207836855439,0.8675682913765399,0.056716064926900095,0.54885,0.416325,10016
8,4096,swap,400,25,0.0,0.6011,0.3989,0.3989,0.11516904800836222,0.12821750018687422,-0.4223846707379246,-0.17406121904056454,0.41583772674227365,0.7046070728309944,0.11516904800836222,0.6011,1.986613758687672,0.0086125,0.5395375,10016
10,16,loschmidt,400,25,0.8874,0.0939,0.9061,0.0187,0.0,0.03996551092928917,0.0,0.0,0.0,0.0,0.5002031823669068,0.8339253996447602,0.6653756217516805,0.9801300000000001,0.01675,10016
10,16,swap,400,25,0.0,0.4993,0.5007,0.5007,-0.00042554209714214285,0.0010593923257122906,-0.4131248375494534,-0.22733314881879066,0.2283709303192435,0.4274771860836136,-0.00042554209714214285,0.4993,4.133347958306278,0.14020000000000002,0.42985,10016
10,64,loschmidt,400,25,0.7807,0.1808,0.8192,0.0385,0.0,0.09129802994719512,0.0,0.0,0.0,0.6815792564519426,0.6385788873342766,0.8244414044687642,0.5163844012357547,0.9460200000000001,0.04618,10016
10,64,swap,400,25,0.0,0.5026,0.4974,0.4974,0.001929430025743084,-0.0002592932322659806,-0.41565895492159344,-0.22833979928801892,0.22536885620723396,0.4169135983049927,0.001929430025743084,0.5026,3.8238466907982893,0.07072,0.46671,10016
10,256,loschmidt,400,25,0.6593,0.2831,0.7169,0.0576,0.0,0.16217903473688075,0.0,0.0,0.3172676672130118,0.8974321536963453,0.7478324137065414,0.8309363076019959,0.39774480393445655,0.8898,0.0966,10016
10,256,swap,400,25,0.0,0.5164,0.4836,0.4836,0.012721441797357246,0.012798889359316024,-0.4131573634135045,-0.2182012361868282,0.24593185653637167,0.4322171109766439,0.012721441797357246,0.5164,3.537057378747228,0.03464,0.48815,10016
10,1024,loschmidt,400,25,0.5216,0.3947,0.6053,0.0837,0.0,0.2482010858378679,0.0,0.0,0.8043013396920914,0.9652059157477466,0.8234006815312738,0.8250418060200669,0.29474360770222496,0.8120700000000001,0.16684000000000002,10016
10,1024,swap,400,25,0.0,0.5349,0.4651,0.4651,0.031014762992991357,0.02887938706350327,-0.413764076944884,-0.20857274859811403,0.2701299142649499,0.46341590139027544,0.031014762992991357,0.5349,3.22626635448944,0.017410000000000002,0.50056,10016
10,4096,loschmidt,400,25,0.3921,0.5075,0.4925,0.1004,0.0750349675822026,0.34385381196933257,-0.005037739746776248,0.0,0.9283674459870306,0.988785703331243,0.8789625370739829,0.8348412567856556,0.17574845725141655,0.72077,0.25256000000000006,10016
10,4096,swap,400,25,0.0,0.5481,0.4519,0.4519,0.0433088018599122,0.04925052119247382,-0.39538151722973885,-0.20002905121015163,0.2889056192600641,0.5026886373321791,0.0433088018599122,0.5481,2.93042711493164,0.00907,0.5097200000000001,10016
12,16,loschmidt,400,25,0.9512,0.0398,0.9602,0.009,0.0,0.013944494668396973,0.0,0.0,0.0,0.0,0.34882783079309715,0.8155737704918032,0.8561282211115335,0.9943833333333332,0.0046166666666666665,10016
12,16,swap,400,25,0.0,0.494,0.506,0.506,-0.00399176797104726,-0.0008024904268927124,-0.38027727252857507,-0.206712286379908,0.2097440620174767,0.37659041613287625,-0.00399176797104726,0.494,5.472378477964071,0.140875,0.4273,10016
12,64,loschmidt,400,25,0.8928,0.0882,0.9118,0.019,0.0,0.038702990363741495,0.0,0.0,0.0,0.0,0.484023979265668,0.8227611940298507,0.5699628827116315,0.9819333333333334,0.015441666666666666,10016
12,64,swap,400,25,0.0,0.4931,0.5069,0.5069,-0.004298307935896359,-0.0038686929868983165,-0.38576445476643034,-0.20799169984560134,0.2028155030606031,0.37194714926554207,-0.004298307935896359,0.4931,5.170191160341551,0.07081666666666667,0.4635583333333334,10016
12,256,loschmidt,400,25,0.8118,0.1531,0.8469,0.0351,0.0,0.0733428752237832,0.0,0.0,0.0,0.5566057841692365,0.5961553456435598,0.8134962805526036,0.45759372740834464,0.95455,0.039175,10016
12,256,swap,400,25,0.0,0.5017,0.4983,0.4983,0.0019124221580332724,0.0018433330684713178,-0.38188980248121923,-0.20329719488313616,0.20807999306013264,0.3810678112778308,0.0019124221580332724,0.5017,4.860830202506715,0.03475833333333333,0.4826,10016
12,1024,loschmidt,400,25,0.7208,0.2328,0.7672,0.0464,0.0,0.1339500787175491,0.0,0.0,0.0,0.8514451673813356,0.7365036904082771,0.833810888252149,0.35256581592222597,0.9077416666666668,0.08135833333333334,10016
12,1024,swap,400,25,0.0,0.5111,0.4889,0.4889,0.009339658171446694,0.010142860130899795,-0.382210226131001,-0.20230462926842496,0.224700076561799,0.40070234079719447,0.009339658171446694,0.5111,4.562085818856902,0.016858333333333333,0.4933166666666666,10016
12,4096,loschmidt,400,25,0.6073,0.3278,0.6722,0.0649,0.0,0.20479718575983646,0.0,0.0,0.612215719468322,0.951053254808594,0.8049467112381863,0.834733893557423,0.26354912192360913,0.8459166666666667,0.13783333333333334,10016
12,4096,swap,400,25,0.0,0.5266,0.4734,0.4734,0.020520603184396,0.020446303323100306,-0.3755937886647563,-0.1949758283992526,0.23264884850054823,0.409287758483932,0.020520603184396,0.5266,4.257174748032407,0.008625,0.5028833333333333,10016
4,16,loschmidt,400,25,0.2399,0.6691,0.3309,0.091,0.8447908957981167,0.5045727911726867,0.0,0.0,0.9623709253683723,0.989519224878404,0.9247916601152042,0.8802789106696487,0.12011227255821577,0.570575,0.3833,10017
4,16,swap,400,25,0.0001,0.6586,0.3414,0.3413,0.2973664257603045,0.2166060979258943,-0.5575436993179643,-0.19085292532340714,0.6685472280634646,0.8591682429039625,0.2977246584883493,0.6586658665866587,0.9133962069028106,0.13255,0.5104,10017
4,64,loschmidt,400,25,0.1224,0.7915,0.2085,0.0861,0.96035442469394,0.6564112254360114,0.0,0.5955318734646182,0.9895102510871392,0.9960400516821091,0.9730712777751012,0.9018915223336372,0.042687992854358855,0.395375,0.5533,10017
4,64,swap,400,25,0.0002,0.7209,0.2791,0.2789,0.43424384161354945,0.3237937641447122,-0.5061148413223632,-0.07251003868108544,0.8058196356767738,0.9374653301642134,0.43429089254487796,0.7210442088417683,0.6301073571350713,0.0596,0.583075,10017
4,256,loschmidt,400,25,0.0639,0.8632,0.1368,0.0729,0.9888727557209595,0.7588060837809143,0.0,0.91911121599819,0.9969329703705901,0.9988002368893232,0.9906806787414534,0.9221237047324004,0.017484708307408003,0.257275,0.6939,10017
4,256,swap,400,25,0.0,0.7831,0.2169,0.2169,0.6310886707841186,0.4567297880993958,-0.39009573174161394,0.09102674956910381,0.9253004321689713,0.9808994274660203,0.6310886707841186,0.7831,0.36562730307795,0.025875,0.654275,10017
4,1024,loschmidt,400,25,0.0314,0.918,0.082,0.0506,0.9971836222904422,0.8492339765253968,0.6141056446515243,0.9810322906086437,0.9991941789793286,0.9996817933386574,0.9973942292845243,0.9477596531075779,0.004632925048193822,0.163025,0.7987,10017
4,1024,swap,400,25,0.0,0.8338,0.1662,0.1662,0.8080185057316978,0.565505390969599,-0.2823673080593869,0.26427889662123355,0.9753926106056408,0.9949308118853838,0.8080185057316978,0.8338,0.15827145001968995,0.011725,0.706325,10017
4,4096,loschmidt,400,25,0.0134,0.9456,0.0544,0.041,0.9992722964057493,0.8949084754470931,0.9306308293826527,0.9951108882907356,0.9997936903440034,0.9999217240400855,0.9992978685449982,0.9584431380498682,0.0018126072248200965,0.101575,0.867725,10017
4,4096,swap,400,25,0.0,0.877,0.123,0.123,0.9257169578788542,0.6697199604370503,-0.12361263712537061,0.4937307480881193,0.9934525527105214,0.9987445041923338,0.9257169578788542,0.877,0.05796032985868123,0.0054,0.757625,10017
6,16,loschmidt,400,25,0.5227,0.4096,0.5904,0.0677,0.0,0.25580770283219756,0.0,0.0,0.7781631726839985,0.9405956245815438,0.7990335424454555,0.8581604860674628,0.2943967340944,0.80655,0.16858333333333334,10017
6,16,swap,400,25,0.0001,0.5777,0.4223,0.4222,0.0951352997941036,0.08351231935275132,-0.5005871509847102,-0.233505063247998,0.4076829379981547,0.6462345319899133,0.09517323353474903,0.5777577757775778,1.9246004459535329,0.13581666666666664,0.4570166666666666,10017
6,64,loschmidt,400,25,0.327,0.5802,0.4198,0.0928,0.5624383578168861,0.40318118248100654,0.0,0.0,0.940537692491748,0.9830217740069166,0.8783793422554576,0.862109955423477,0.17621951975610223,0.67195,0.29378333333333334,10017
6,64,swap,400,25,0.0,0.5987,0.4013,0.4013,0.13044697601305505,0.12308143602438953,-0.4966363897529293,-0.215934201956678,0.4799071357410303,0.7420203858663666,0.13044697601305505,0.5987,1.6280349031221835,0.06903333333333332,0.5083833333333334,10017
6,256,loschmidt,400,25,0.2017,0.6995,0.3005,0.0988,0.8765068858386982,0.534793072158838,0.0,0.0,0.9805152483212023,0.9944882805714323,0.9428793866129764,0.8762370036327195,0.0769104526412172,0.5230833333333333,0.4355333333333334,10017
6,256,swap,400,25,0.0,0.6363,0.3637,0.3637,0.1932505496845173,0.18399452418728612,-0.4713202877952388,-0.17580842007311404,0.5632567861008119,0.8526300795969842,0.1932505496845173,0.6363,1.3191243321146942,0.033716666666666666,0.5452333333333333,10017
6,1024,loschmidt,400,25,0.1105,0.7979,0.2021,0.0916,0.9667196317012247,0.661619007660993,0.0,0.6074634756999886,0.9942616175626967,0.9983770898150166,0.9772763912631721,0.8970207982012367,0.03310529896624135,0.3811833333333333,0.5776333333333334,10017
6,1024,swap,400,25,0.0,0.6837,0.3163,0.3163,0.2820859846924174,0.26215546861382255,-0.42819237369350877,-0.10942962415717492,0.6769827966307338,0.9468305475336659,0.2820859846924174,0.6837,1.030128029669242,0.0165,0.58425,10017
6,4096,loschmidt,400,25,0.0685,0.8574,0.1426,0.0741,0.9903634460695467,0.7532511528963914,0.0,0.8998691064170529,0.9984110463335918,0.9995810659302575,0.9922071486386551,0.9204508856682769,0.01027071200691073,0.2714,0.6901666666666667,10017
6,4096,swap,400,25,0.0,0.7302,0.2698,0.2698,0.392267585542373,0.34767837543343233,-0.3656959982697639,-0.036548509678778394,0.8143017912096987,0.9852065123905932,0.392267585542373,0.7302,0.7311403026882555,0.00695,0.6246833333333333,10017
8,16,loschmidt,400,25,0.769,0.1887,0.8113,0.0423,0.0,0.09314985886231511,0.0,0.0,0.0,0.7090635151506305,0.6372156535203798,0.8168831168831169,0.5711431052335362,0.944325,0.0469,10017
8,16,swap,400,25,0.0,0.5032,0.4968,0.4968,0.002395882700997485,0.0038925963830934783,-0.475744609427379,-0.2602448258289073,0.2663160075805946,0.4826386516923804,0.002395882700997485,0.5032,3.094787630601896,0.139275,0.4306125,10017
8,64,loschmidt,400,25,0.6141,0.316,0.684,0.0699,0.0,0.17726909242187122,0.0,0.0,0.5295516147039491,0.9146911371811306,0.7412266197752122,0.8188649909302929,0.4122259193750846,0.8765375,0.1066375,10017
8,64,swap,400,25,0.0,0.5356,0.4644,0.4644,0.0349931461479296,0.03382535376916001,-0.44292442274250726,-0.22464341750914255,0.2939920701823184,0.5053142886969895,0.0349931461479296,0.5356,2.8032349366917524,0.0684,0.475225,10017
8,256,loschmidt,400,25,0.4554,0.4528,0.5472,0.0918,0.0,0.2895869938202024,0.0,0.0,0.8574997327186359,0.9716287905141692,0.8253448077459874,0.8314359162688212,0.2570829058518022,0.7796125,0.1950125,10017
8,256,swap,400,25,0.0,0.5529,0.4471,0.4471,0.05168924373932908,0.052123396460826,-0.44275736990017267,-0.21823942028715554,0.3227979211289883,0.5459012908323021,0.05168924373932908,0.5529,2.4911511329835987,0.03495,0.4996125,10017
8,1024,loschmidt,400,25,0.3266,0.5689,0.4311,0.1045,0.5599856885559447,0.40124358828554,-0.10192091078573613,0.0,0.953194039432141,0.9900964845493578,0.9044469259002521,0.8448173448173448,0.14145683416918103,0.662725,0.3048375,10017
8,1024,swap,400,25,0.0,0.5703,0.4297,0.4297,0.07233589185247469,0.07898322505723063,-0.43442556045875774,-0.20807928036435427,0.35621945227594476,0.5970314060453926,0.07233589185247469,0.5703,2.190883244264719,0.0174625,0.515525,10017
8,4096,loschmidt,400,25,0.2245,0.6772,0.3228,0.0983,0.8662993492538653,0.5225565390794966,0.0,0.0,0.9847358616610663,0.9969824751531415,0.9521517495917141,0.8732430689877498,0.06748999263823999,0.538825,0.4241875,10017
8,4096,swap,400,25,0.0,0.5968,0.4032,0.4032,0.11187676541962333,0.12210831645066897,-0.41472223317977003,-0.179839845593394,0.40978868723520484,0.6862629542687079,0.11187676541962333,0.5968,1.899309422334694,0.00825,0.53485,10017
10,16,loschmidt,400,25,0.8928,0.087,0.913,0.0202,0.0,0.03703876230570601,0.0,0.0,0.0,0.0,0.5215790813375951,0.8115671641791045,0.6440007926465006,0.9793899999999998,0.017310000000000002,10017
10,16,swap,400,25,0.0,0.5063,0.4937,0.4937,0.0035197007779872837,0.003903269819899109,-0.41420026294193113,-0.22643014617046334,0.23325818242694904,0.42290572876419397,0.0035197007779872837,0.5063,4.275093200736904,0.13934000000000002,0.43078999999999995,10017
10,64,loschmidt,400,25,0.7998,0.1608,0.8392,0.0394,0.0,0.07659067716856956,0.0,0.0,0.0,0.6191270636897404,0.6186542827389836,0.8031968031968032,0.5145131299336783,0.9501,0.042710000000000005,10017
10,64,swap,400,25,0.0,0.5127,0.4873,0.4873,0.010393319155711456,0.008225889148801497,-0.4180299672428422,-0.2248821426190189,0.2353366221963098,0.4294692005956315,0.010393319155711456,0.5127,3.9762145914551,0.06992999999999999,0.4678299999999999,10017
10,256,loschmidt,400,25,0.6876,0.2577,0.7423,0.0547,0.0,0.14570375151601364,0.0,0.0,0.09054326581775071,0.8852926804696737,0.7287164269589455,0.8249039692701664,0.3711361536349034,0.90044,0.08722,10017
10,256,swap,400,25,0.0,0.521,0.479,0.479,0.01773631618236318,0.017844561231210008,-0.41789373401682495,-0.21108711192848123,0.24584617102023976,0.4420249623898507,0.01773631618236318,0.521,3.6830577073554274,0.0357,0.48833999999999994,10017
10,1024,loschmidt,400,25,0.5467,0.377,0.623,0.0763,0.0,0.23388858375583577,0.0,0.0,0.7535033473524011,0.9608288226731162,0.8077146398811692,0.8316787999117582,0.28150634185641643,0.8251200000000001,0.15565,10017
10,1024,swap,400,25,0.0,0.5297,0.4703,0.4703,0.02510352182099298,0.02512140158827888,-0.40661365113022924,-0.2099280271138553,0.25599018529202827,0.45428944716985464,0.02510352182099298,0.5297,3.365097416474913,0.017360000000000004,0.4998,10017
10,4096,loschmidt,400,25,0.4065,0.488,0.512,0.1055,0.0,0.3221434886018564,-0.09914979884812963,0.0,0.9174263177995989,0.9875573904572585,0.8682040547122531,0.8222409435551812,0.19117184801133527,0.7301300000000001,0.24291999999999997,10017
10,4096,swap,400,25,0.0,0.535,0.465,0.465,0.030888244104981113,0.043256266152259484,-0.40629526265826155,-0.20516803980362577,0.2821143615704852,0.4920029729150673,0.030888244104981113,0.535,3.074285788640012,0.00866,0.50847,10017
12,16,loschmidt,400,25,0.9571,0.0359,0.9641,0.007,0.0,0.014875423130368685,0.0,0.0,0.0,0.0,0.4826377567369484,0.8368298368298368,0.6455233837392963,0.9919583333333332,0.006625,10017
12,16,swap,400,25,0.0,0.5015,0.4985,0.4985,0.0006505146649664084,0.0020436604938252442,-0.37994265409064065,-0.20348265048593775,0.20871192812475775,0.38511655514427207,0.0006505146649664084,0.5015,5.636791052288416,0.141125,0.42875,10017
12,64,loschmidt,400,25,0.9161,0.068,0.932,0.0159,0.0,0.030115770097519225,0.0,0.0,0.0,0.0,0.5470850593546354,0.8104886769964244,0.6708081853250505,0.9815583333333332,0.015575,10017
12,64,swap,400,25,0.0,0.5011,0.4989,0.4989,0.0010193798448632488,0.0030107874237021784,-0.37944994903263674,-0.2016464571506621,0.2135778725900941,0.38500408013793147,0.0010193798448632488,0.5011,5.3260618363208305,0.06946666666666666,0.4665083333333333,10017
12,256,loschmidt,400,25,0.8567,0.1193,0.8807,0.024,0.0,0.060913580348355416,0.0,0.0,0.0,0.2965660779824456,0.6253033173400583,0.8325191905094208,0.46606406516784443,0.9626333333333333,0.03213333333333334,10017
12,256,swap,400,25,0.0,0.5145,0.4855,0.4855,0.01001794534029653,0.012115190650115038,-0.3734458071010377,-0.1934980440672916,0.2158120531093,0.39775317504159907,0.01001794534029653,0.5145,5.031815125620442,0.03605833333333333,0.4851,10017
12,1024,loschmidt,400,25,0.7684,0.1912,0.8088,0.0404,0.0,0.10302239544978943,0.0,0.0,0.0,0.7562152687527257,0.6748622137280065,0.8255613126079447,0.4129640994008796,0.9286416666666666,0.062291666666666676,10017
12,1024,swap,400,25,0.0,0.5102,0.4898,0.4898,0.006963704178941047,0.009199915810755913,-0.38295581312201543,-0.2066045225551797,0.21725014323406755,0.40059651482194897,0.006963704178941047,0.5102,4.722778163260731,0.017741666666666666,0.4964,10017
12,4096,loschmidt,400,25,0.6628,0.2768,0.7232,0.0604,0.0,0.164255644510046,0.0,0.0,0.2959290833365039,0.9176176787112438,0.7665764054698092,0.8208778173190985,0.3392017478408196,0.877725,0.1086,10017
12,4096,swap,400,25,0.0,0.5193,0.4807,0.4807,0.016144964264995197,0.018320867532476484,-0.37041965502221075,-0.19442002429934377,0.22251841283260773,0.4059696945460333,0.016144964264995197,0.5193,4.440451898645626,0.008533333333333332,0.502325,10017
4,16,loschmidt,400,25,0.2347,0.675,0.325,0.0903,0.8767966827876125,0.5165741742995402,0.0,0.0,0.9654730801779449,0.9893573342660692,0.9322197930338352,0.8820070560564485,0.09142299863029091,0.5426,0.409175,10018
4,16,swap,400,25,0.0006,0.6804,0.3196,0.319,0.3347522572159376,0.24708079240449965,-0.5349481631730828,-0.14088623092402625,0.6970828070729175,0.8720412038608711,0.3350275332852629,0.6808084850910546,0.8182919242927797,0.127825,0.523375,10018
4,64,loschmidt,400,25,0.1239,0.7896,0.2104,0.0865,0.9668652855580717,0.6599850197269945,0.0,0.5989058824957723,0.9904623761093477,0.9965292069914522,0.9764309586828416,0.9012669786554046,0.03965482434396415,0.3802,0.5702,10018
4,64,swap,400,25,0.0,0.7351,0.2649,0.2649,0.4907403210857969,0.3584915963454459,-0.46821771551260494,-0.036768414069358046,0.8456860278656598,0.9475703985047013,0.4907403210857969,0.7351,0.5358330082828258,0.058475,0.60005,10018
4,256,loschmidt,400,25,0.0636,0.866,0.134,0.0704,0.9913896029780922,0.7654533260637835,0.0,0.9240574185013036,0.997311728554645,0.9990380114587366,0.9926855770718949,0.9248184536522853,0.015109046765672849,0.2564,0.6996,10018
4,256,swap,400,25,0.0,0.7825,0.2175,0.2175,0.6826188200081058,0.47267989376062397,-0.4042959999024111,0.09994816640282853,0.9403969380204479,0.9846920818742245,0.6826188200081058,0.7825,0.2859918695966051,0.02755,0.659625,10018
4,1024,loschmidt,400,25,0.0342,0.9144,0.0856,0.0514,0.9977654588961676,0.8465914051984575,0.5423865026617823,0.9826536076680485,0.99931390557966,0.9997322545677298,0.997985271391693,0.9467798716090288,0.004449021908386198,0.1667,0.79955,10018
4,1024,swap,400,25,0.0,0.8347,0.1653,0.1653,0.8530175447941807,0.5830259141862035,-0.2862653582677489,0.29558247544185,0.9829805036789877,0.9962160673717082,0.8530175447941807,0.8347,0.1232660353933851,0.010975,0.7196,10018
4,4096,loschmidt,400,25,0.0153,0.9467,0.0533,0.038,0.9994136818409238,0.900130172628798,0.9308764577323537,0.9952751470247034,0.9998210070747741,0.9999283279675151,0.9994402838272498,0.9614095663653904,0.0016014732518621767,0.10375,0.870975,10018
4,4096,swap,400,25,0.0,0.8723,0.1277,0.1277,0.9505274085993776,0.672518550736466,-0.14552269479400817,0.48646827926285513,0.9956120198627887,0.9989481414449979,0.9505274085993776,0.8723,0.04233549361494937,0.004675,0.76705,10018
6,16,loschmidt,400,25,0.5252,0.3998,0.6002,0.075,0.0,0.2427460346601154,0.0,0.0,0.7611466654106445,0.9357661787720969,0.7827231411068467,0.8420387531592249,0.2768112301649576,0.81705,0.15873333333333334,10018
6,16,swap,400,25,0.0,0.5528,0.4472,0.4472,0.06360461777583151,0.05669024116609735,-0.5198771653477681,-0.25879885898718213,0.38188001646611236,0.611260450515967,0.06360461777583151,0.5528,2.011499323600241,0.14115,0.44695,10018
6,64,loschmidt,400,25,0.3595,0.5508,0.4492,0.0897,0.5117790308393078,0.389187695971359,0.0,0.0,0.9367175954303969,0.9820257224222004,0.8951902560627363,0.8599531615925059,0.1560504672458887,0.6825666666666667,0.2833666666666667,10018
6,64,swap,400,25,0.0,0.5936,0.4064,0.4064,0.12025853579148488,0.10955589618618865,-0.48672801631061013,-0.2211965985466067,0.4477779039686126,0.6926152721429562,0.12025853579148488,0.5936,1.71559692375692,0.0694,0.5017333333333334,10018
6,256,loschmidt,400,25,0.2344,0.666,0.334,0.0996,0.8747006641404225,0.5094211479922708,0.0,0.0,0.980372379556781,0.9940736447908008,0.9503465836388689,0.8699059561128527,0.07631540410982784,0.5410833333333334,0.4164,10018
6,256,swap,400,25,0.0,0.6392,0.3608,0.3608,0.19640581054937756,0.18021794092563667,-0.45756305228608396,-0.17190474404663517,0.5507069185539312,0.8102680352224924,0.19640581054937756,0.6392,1.4099264153362765,0.03286666666666666,0.5445,10018
6,1024,loschmidt,400,25,0.1432,0.7603,0.2397,0.0965,0.9677395566709259,0.6216753856023596,0.0,0.17188750836168737,0.9942960736120157,0.9982289904001438,0.9810693161120649,0.8873716153127917,0.0362536516453448,0.4160833333333333,0.5400666666666667,10018
6,1024,swap,400,25,0.0,0.6884,0.3116,0.3116,0.28603128404974454,0.26364048811552204,-0.41470610475634134,-0.10572732278109678,0.6829469956822377,0.918198614420396,0.28603128404974454,0.6884,1.1184240096949805,0.016066666666666667,0.5807166666666667,10018
6,4096,loschmidt,400,25,0.0785,0.8355,0.1645,0.086,0.9900818829731985,0.7177598356724355,0.0,0.834441125601016,0.998394300092662,0.9995138295498097,0.9929548279255299,0.9066739012479653,0.013826967930983041,0.30411666666666665,0.6555833333333334,10018
6,4096,swap,400,25,0.0,0.7187,0.2813,0.2813,0.39443751299884167,0.3462535044948048,-0.3760223061358806,-0.05444700321122007,0.8316757391073653,0.9744266637679818,0.39443751299884167,0.7187,0.8143254597721987,0.007133333333333332,0.61695,10018
8,16,loschmidt,400,25,0.7548,0.2036,0.7964,0.0416,0.0,0.1064506245902939,0.0,0.0,0.0,0.7524502784565115,0.6697451322002022,0.8303425774877651,0.4746871199322935,0.9317125,0.058425,10018
8,16,swap,400,25,0.0,0.519,0.481,0.481,0.01583547718887841,0.017029280744964057,-0.458281224323598,-0.24560160708270612,0.2808087528742705,0.48811006168759624,0.01583547718887841,0.519,3.025410931753181,0.1397875,0.4352125,10018
8,64,loschmidt,400,25,0.5842,0.3463,0.6537,0.0695,0.0,0.19976477310463375,0.0,0.0,0.6403354287823757,0.9205515325017959,0.7552876572633611,0.8328523328523328,0.37092242677575366,0.854025,0.1267125,10018
8,64,swap,400,25,0.0,0.5328,0.4672,0.4672,0.033463102064205774,0.033906435838229956,-0.45466208675202185,-0.23160264305781092,0.2998791379280509,0.5193799395634745,0.033463102064205774,0.5328,2.734233042026153,0.0697875,0.4748125,10018
8,256,loschmidt,400,25,0.4259,0.4789,0.5211,0.0952,0.0,0.3091837834290753,0.0,0.0,0.8805386863173742,0.9750455691682026,0.8427809367335373,0.8341752307960286,0.22666162114847876,0.753575,0.21845,10018
8,256,swap,400,25,0.0,0.554,0.446,0.446,0.05233183739298596,0.06411144945962846,-0.4339574417452209,-0.21565078383218403,0.3434407735061261,0.5732617329254311,0.05233183739298596,0.554,2.4203696358178712,0.034725,0.50425,10018
8,1024,loschmidt,400,25,0.2934,0.5996,0.4004,0.107,0.6980591023223828,0.42773675919926335,-0.1822170183804813,0.0,0.960687336288179,0.9928300050372921,0.9124860832428652,0.8485706198697991,0.12974257366704128,0.6301625,0.3349375,10018
8,1024,swap,400,25,0.0,0.5783,0.4217,0.4217,0.08303086738516888,0.09682731995179789,-0.4241806560928386,-0.19069878548072255,0.3812148614335363,0.632071925141659,0.08303086738516888,0.5783,2.1314867646668576,0.0167,0.5223625,10018
8,4096,loschmidt,400,25,0.1978,0.6949,0.3051,0.1073,0.9044635966066054,0.536485523013616,-0.1639004184490408,0.0,0.9889139421747064,0.9978625184184258,0.9603227538715364,0.8662428322114186,0.0572822662652248,0.5091375,0.4523,10018
8,4096,swap,400,25,0.0,0.6039,0.3961,0.3961,0.11921102711233883,0.1408416235759854,-0.4079959537210879,-0.17959914926686754,0.4438816222838699,0.7499103497694656,0.11921102711233883,0.6039,1.81640906092355,0.0085875,0.5398375,10018
10,16,loschmidt,400,25,0.8867,0.0961,0.9039,0.0172,0.0,0.04230864831623066,0.0,0.0,0.0,0.0,0.5096444869762805,0.8481906443071492,0.7041607113352436,0.9781700000000001,0.01867,10018
10,16,swap,400,25,0.0,0.4991,0.5009,0.5009,-0.0008252212002879359,0.0010366278917243361,-0.4178464735087578,-0.22432441670333805,0.22772675116440674,0.4212944949035269,-0.0008252212002879359,0.4991,4.33770063220997,0.13922,0.43273,10018
10,64,loschmidt,400,25,0.7906,0.174,0.826,0.0354,0.0,0.08687989101719074,0.0,0.0,0.0,0.6497396772973081,0.6272905995588547,0.830945558739255,0.4390928627631902,0.94535,0.047310000000000005,10018
10,64,swap,400,25,0.0,0.5122,0.4878,0.4878,0.009995282283398556,0.010093208692746089,-0.41032759009923425,-0.2170195193088055,0.24103043237378696,0.4261306025091137,0.009995282283398556,0.5122,4.040089632218115,0.06950999999999999,0.46816,10018
10,256,loschmidt,400,25,0.6717,0.2723,0.7277,0.056,0.0,0.15740111828140343,0.0,0.0,0.22967026170753457,0.8863403265954274,0.7403138393801442,0.8294243070362474,0.33822199928920615,0.88851,0.09782,10018
10,256,swap,400,25,0.0,0.5169,0.4831,0.4831,0.015005792304381396,0.014600523074076147,-0.40518253300036283,-0.21463931553156557,0.24598649009082407,0.4354422714807745,0.015005792304381396,0.5169,3.733124839598764,0.0344,0.48735999999999996,10018
10,1024,loschmidt,400,25,0.5477,0.3745,0.6255,0.0778,0.0,0.2413484887080477,0.0,0.0,0.7920549489822375,0.962551937543753,0.8435353109234452,0.8279902719434004,0.23699255617199752,0.81242,0.16733,10018
10,1024,swap,400,25,0.0,0.5359,0.4641,0.4641,0.03450455820789153,0.033742598293732835,-0.39604798336951175,-0.20494996117779246,0.2664307306034673,0.4657406464586317,0.03450455820789153,0.5359,3.4260020693090434,0.017660000000000002,0.4998700000000001,10018
10,4096,loschmidt,400,25,0.4329,0.4798,0.5202,0.0873,0.0,0.33352064281310506,0.0,0.0,0.9323519561108513,0.9880110831364443,0.8979847825969038,0.8460588961382473,0.15258651866803533,0.72341,0.25048000000000004,10018
10,4096,swap,400,25,0.0,0.543,0.457,0.457,0.04078717136658013,0.049651501100931104,-0.39796237628510484,-0.19858241574891453,0.2899956692979305,0.5051567756503935,0.04078717136658013,0.543,3.123615126643855,0.008560000000000002,0.5125099999999999,10018
12,16,loschmidt,400,25,0.9476,0.0432,0.9568,0.0092,0.0,0.016181895544994565,0.0,0.0,0.0,0.0,0.4204932531465909,0.8244274809160306,0.8173133276830281,0.9919166666666666,0.006616666666666666,10018
12,16,swap,400,25,0.0,0.5124,0.4876,0.4876,0.008570415929052052,0.00517246292082175,-0.38306727529246504,-0.20674451572603214,0.21635895352245987,0.3845034983524061,0.008570415929052052,0.5124,5.224733029608725,0.13955,0.430325,10018
12,64,loschmidt,400,25,0.9003,0.0834,0.9166,0.0163,0.0,0.03807520878970258,0.0,0.0,0.0,0.0,0.5311483417793825,0.8365095285857572,0.5590459280987393,0.9793833333333332,0.017291666666666667,10018
12,64,swap,400,25,0.0,0.5111,0.4889,0.4889,0.007957466003857432,0.006674075635157485,-0.37529630471675607,-0.20428543642712413,0.21317330347094054,0.39063379057162073,0.007957466003857432,0.5111,4.921461387465037,0.07023333333333333,0.46705,10018
12,256,loschmidt,400,25,0.8227,0.1499,0.8501,0.0274,0.0,0.07789588001404255,0.0,0.0,0.0,0.5314779166143616,0.6290092231111771,0.8454596728708403,0.44302931237769666,0.9531166666666668,0.04044166666666666,10018
12,256,swap,400,25,0.0,0.5136,0.4864,0.4864,0.01111697466815242,0.008290379606423854,-0.37537408159257196,-0.19668011898536075,0.21598055062998534,0.38473315067379504,0.01111697466815242,0.5136,4.6248744769530115,0.03578333333333333,0.4858916666666667,10018
12,1024,loschmidt,400,25,0.7161,0.2371,0.7629,0.0468,0.0,0.13219734378018388,0.0,0.0,0.0,0.8350909596183864,0.6938370234187429,0.835153222965833,0.3976116791583713,0.908075,0.08085,10018
12,1024,swap,400,25,0.0,0.5115,0.4885,0.4885,0.009748627924973781,0.010105023898880771,-0.37234447976828006,-0.1973053116229182,0.21289834700088364,0.39662417980058023,0.009748627924973781,0.5115,4.318623709767937,0.01735833333333333,0.4956833333333333,10018
12,4096,loschmidt,400,25,0.589,0.3414,0.6586,0.0696,0.0,0.2052902562038841,0.0,0.0,0.6037293240592565,0.9436704322390334,0.7471217084618291,0.8306569343065694,0.2974927651362004,0.84655,0.13689166666666666,10018
12,4096,swap,400,25,0.0,0.5137,0.4863,0.4863,0.011418827822738299,0.018719036376218665,-0.373195115879193,-0.19801152214894255,0.2328619092202177,0.41483699140124797,0.011418827822738299,0.5137,4.02429011579135,0.008641666666666666,0.500775,10018
4,16,loschmidt,400,25,0.2665,0.6428,0.3572,0.0907,0.8126309207652782,0.4796379191023898,0.0,0.0,0.960257576701095,0.9896201177911674,0.9271213683747264,0.876346284935242,0.12794190051475846,0.585825,0.367175,10019
4,16,swap,400,25,0.0003,0.656,0.344,0.3437,0.28011661042521263,0.20970997612803322,-0.5589009076661461,-0.1910984114218405,0.6603051528525408,0.8557868985029078,0.2806386695918604,0.6561968590577173,0.9983667324276144,0.130075,0.506825,10019
4,64,loschmidt,400,25,0.1361,0.766,0.234,0.0979,0.9522152906146433,0.618501948842002,0.0,0.28385883920576643,0.988967460351037,0.9961639898886274,0.9696943115632235,0.8866766986919783,0.05576529158866079,0.416725,0.531325,10019
4,64,swap,400,25,0.0,0.7125,0.2875,0.2875,0.4234427467200499,0.3189833237163997,-0.4791914588972498,-0.0915253600624202,0.805813987964544,0.9399675888189556,0.4234427467200499,0.7125,0.6991242392200445,0.0605,0.5838,10019
4,256,loschmidt,400,25,0.0656,0.8562,0.1438,0.0782,0.9876889756355234,0.7479816660081516,0.0,0.9019657070554202,0.9969241271144424,0.9988949993291386,0.9900828731609284,0.9163099315068494,0.019970882529927757,0.280475,0.6716,10019
4,256,swap,400,25,0.0,0.7677,0.2323,0.2323,0.58667163546665,0.4275965541741211,-0.4209322607395164,0.04690161891568129,0.9142286821537502,0.9805241848785917,0.58667163546665,0.7677,0.4320591668678801,0.027825,0.640325,10019
4,1024,loschmidt,400,25,0.0237,0.9152,0.0848,0.0611,0.9967867240657426,0.8326997406929874,0.437730827819764,0.9748510958652388,0.9991802990782922,0.9997150994764666,0.9969867956546968,0.9374167776298269,0.007554008498546187,0.178725,0.779,10019
4,1024,swap,400,25,0.0,0.8137,0.1863,0.1863,0.7669946766040979,0.5331780025011407,-0.3271194365917823,0.20661229627215724,0.9724733430610115,0.9949066516383783,0.7669946766040979,0.8137,0.20053671694595807,0.01115,0.696275,10019
4,4096,loschmidt,400,25,0.0083,0.947,0.053,0.0447,0.999152586453435,0.8909577459884178,0.8992976822910042,0.9936556877368291,0.9997868210577413,0.9999188690164174,0.9991723830311683,0.9549258848442069,0.0025864908770033453,0.11095,0.855175,10019
4,4096,swap,400,25,0.0,0.8515,0.1485,0.1485,0.9010388723253723,0.6293571515078116,-0.23369480309150278,0.39453628073704466,0.9924411730169566,0.9987850889768046,0.9010388723253723,0.8515,0.07365349659124874,0.0052,0.740125,10019
6,16,loschmidt,400,25,0.5389,0.401,0.599,0.0601,0.0,0.25498069986028477,0.0,0.0,0.7534345902642741,0.9389696144660714,0.794284202462946,0.8696595098677077,0.28232315179867373,0.8165333333333333,0.16151666666666664,10019
6,16,swap,400,25,0.0,0.5611,0.4389,0.4389,0.07236597758534222,0.06845714420788775,-0.5009337358758709,-0.24911144073871153,0.39527466347449225,0.636898486571055,0.07236597758534222,0.5611,2.0371493713219584,0.1369,0.4521166666666667,10019
6,64,loschmidt,400,25,0.3652,0.5427,0.4573,0.0921,0.443176662355541,0.3769994007224001,0.0,0.0,0.932434636867628,0.9801712447989989,0.8872576390011323,0.8549149338374291,0.16227744026049534,0.6826,0.2834833333333333,10019
6,64,swap,400,25,0.0,0.5849,0.4151,0.4151,0.10860098080985409,0.10441401830621928,-0.49331913125727794,-0.2288234848222942,0.44341576523129433,0.6958181528279932,0.10860098080985409,0.5849,1.7459820029299042,0.06851666666666666,0.50125,10019
6,256,loschmidt,400,25,0.2381,0.6642,0.3358,0.0977,0.8726492256440729,0.5085402559797031,0.0,0.0,0.9785382978663603,0.993830932083321,0.9470227107329338,0.8717679485496784,0.08893452584427569,0.5419333333333334,0.41765,10019
6,256,swap,400,25,0.0,0.6326,0.3674,0.3674,0.18962973490369406,0.17453487250390576,-0.4540463927563763,-0.1754452434712933,0.5394309947356796,0.8062178771033377,0.18962973490369406,0.6326,1.438192366641767,0.03311666666666666,0.5423,10019
6,1024,loschmidt,400,25,0.1437,0.7507,0.2493,0.1056,0.9630941787978154,0.6061230083574026,-0.16095215178268932,0.0314057868708591,0.9943053290050673,0.9981907403188256,0.978349151541773,0.8766787340885204,0.03293116834716939,0.4186333333333333,0.5391333333333334,10019
6,1024,swap,400,25,0.0,0.6771,0.3229,0.3229,0.27912492451345033,0.2558470310621761,-0.41874493122327827,-0.12065514803754457,0.6684965082928196,0.9134784586568647,0.27912492451345033,0.6771,1.13501619235362,0.015316666666666666,0.5788666666666666,10019
6,4096,loschmidt,400,25,0.0816,0.8277,0.1723,0.0907,0.9896625508722233,0.7057213849767501,0.0,0.8182871066890987,0.9983361067255626,0.9994965828326382,0.9925128267295554,0.9012412891986062,0.014390520663039912,0.31733333333333336,0.64305,10019
6,4096,swap,400,25,0.0,0.7224,0.2776,0.2776,0.37970028493927765,0.3369312324034242,-0.38332038622538966,-0.05374223542583542,0.8063253820922174,0.9737580517675842,0.37970028493927765,0.7224,0.8387698970511178,0.007283333333333333,0.6176166666666666,10019
8,16,loschmidt,400,25,0.717,0.2365,0.7635,0.0465,0.0,0.1220410999675702,0.0,0.0,0.0,0.7911888038313244,0.6487952738406475,0.8356890459363958,0.4300558816951035,0.91985,0.0684375,10019
8,16,swap,400,25,0.0,0.5277,0.4723,0.4723,0.02715494922666559,0.024025826638361433,-0.46163569493952483,-0.23813352874763535,0.2885133725689848,0.5039068078685496,0.02715494922666559,0.5277,2.961750850824653,0.1407625,0.434775,10019
8,64,loschmidt,400,25,0.5695,0.3651,0.6349,0.0654,0.0,0.22254147651321188,0.0,0.0,0.6862024947719235,0.9274815724078966,0.7744288046508357,0.8480836236933798,0.2677597635793226,0.8365625,0.1420875,10019
8,64,swap,400,25,0.0,0.5386,0.4614,0.4614,0.039976433279643425,0.04074119610446166,-0.4595661496233185,-0.23243530189553765,0.31512972084076757,0.5356703388320363,0.039976433279643425,0.5386,2.658837592795458,0.0697,0.478375,10019
8,256,loschmidt,400,25,0.4336,0.4904,0.5096,0.076,0.0,0.34236503191020795,0.0,0.0,0.9016187350947253,0.977096546631073,0.8695316841586889,0.865819209039548,0.15931501618155913,0.7270375,0.2441625,10019
8,256,swap,400,25,0.0,0.5746,0.4254,0.4254,0.07871406265985217,0.07723985608772525,-0.4419134579077376,-0.20186661014858015,0.35653834465239465,0.5878144395270752,0.07871406265985217,0.5746,2.3522252246640134,0.0334125,0.509575,10019
8,1024,loschmidt,400,25,0.3062,0.6032,0.3968,0.0906,0.7159037995844779,0.44951093890475674,0.0,0.0,0.9694725001302639,0.993350158222415,0.9309208326653696,0.8694148169501297,0.0913663141722551,0.6089875,0.3556,10019
8,1024,swap,400,25,0.0,0.5963,0.4037,0.4037,0.1058914268445832,0.11367090948952405,-0.41817432822031847,-0.1878073711998556,0.40365380363168424,0.6624107669485552,0.1058914268445832,0.5963,2.055418194439272,0.017375,0.5281625,10019
8,4096,loschmidt,400,25,0.2015,0.7066,0.2934,0.0919,0.9154748439060396,0.5612018528067275,0.0,0.0,0.9905310684376059,0.9980487722403164,0.9640220581456173,0.884909204758923,0.04341553326465816,0.49,0.4733,10019
8,4096,swap,400,25,0.0,0.6328,0.3672,0.3672,0.15464569283286284,0.17048045540115686,-0.40203307191347404,-0.15468957996971452,0.49142091792040027,0.8015771221262837,0.15464569283286284,0.6328,1.7559728984343792,0.0077125,0.552,10019
10,16,loschmidt,400,25,0.893,0.0881,0.9119,0.0189,0.0,0.03745120523077542,0.0,0.0,0.0,0.0,0.4902851348084775,0.8233644859813084,0.8055905038538678,0.98062,0.01616,10019
10,16,swap,400,25,0.0,0.508,0.492,0.492,0.004918831447585493,0.007631529711328027,-0.4150184208607394,-0.21010158358237369,0.23034612718119069,0.4192105936512574,0.004918831447585493,0.508,4.218900420410433,0.14083,0.43145,10019
10,64,loschmidt,400,25,0.797,0.1661,0.8339,0.0369,0.0,0.07800855000851056,0.0,0.0,0.0,0.6009848939309077,0.5963530554333856,0.8182266009852217,0.5268364538665828,0.9509300000000002,0.04174,10019
10,64,swap,400,25,0.0,0.4977,0.5023,0.5023,-0.001468555299991851,-0.0005692817531089906,-0.415134174607684,-0.23058414499133195,0.22764973596172397,0.42084212412337185,-0.001468555299991851,0.4977,3.9101586314892645,0.07041,0.46675,10019
10,256,loschmidt,400,25,0.6684,0.2685,0.7315,0.0631,0.0,0.1469257640575282,0.0,0.0,0.215048203990307,0.8730490460713546,0.7017759105513355,0.8097104945717732,0.4005351680116196,0.8979400000000002,0.08914000000000001,10019
10,256,swap,400,25,0.0,0.5168,0.4832,0.4832,0.015348889173418588,0.01767771367548772,-0.41365037222254014,-0.2157141884419761,0.2520193965334848,0.4491944092390335,0.015348889173418588,0.5168,3.6173154773319003,0.03636,0.4878,10019
10,1024,loschmidt,400,25,0.5339,0.3819,0.6181,0.0842,0.0,0.23640364551606127,0.0,0.0,0.7717035410728701,0.9583700985056175,0.8106277454809462,0.819352070371165,0.3018283040936957,0.81935,0.16096000000000002,10019
10,1024,swap,400,25,0.0,0.5331,0.4669,0.4669,0.030227743981938004,0.02773272927085004,-0.4120657876368971,-0.2107302611161499,0.26174093032731427,0.463223586482824,0.030227743981938004,0.5331,3.310381570253379,0.01794,0.50042,10019
10,4096,loschmidt,400,25,0.4122,0.4927,0.5073,0.0951,0.0,0.33303296915160535,0.0,0.0,0.9211323612379254,0.9869949340495973,0.8792123414427901,0.8382102756039469,0.17778777641679616,0.7267399999999999,0.24786999999999998,10019
10,4096,swap,400,25,0.0,0.5394,0.4606,0.4606,0.03476903801095948,0.042325721795471734,-0.4030724236808738,-0.19935615176773436,0.275345928477885,0.4933134498710693,0.03476903801095948,0.5394,3.013077114005414,0.00859,0.50706,10019
12,16,loschmidt,400,25,0.9643,0.0296,0.9704,0.0061,0.0,0.011277269717936338,0.0,0.0,0.0,0.0,0.421189673149943,0.8291316526610645,0.9445463801665376,0.9957416666666667,0.003633333333333333,10019
12,16,swap,400,25,0.0,0.5086,0.4914,0.4914,0.0053618649394027995,0.006236592533045885,-0.3710796541447418,-0.19949201428128,0.21385799789115018,0.38687634926724845,0.0053618649394027995,0.5086,5.494211350573416,0.138975,0.431,10019
12,64,loschmidt,400,25,0.9172,0.069,0.931,0.0138,0.0,0.030646430175351486,0.0,0.0,0.0,0.0,0.5139120127306875,0.8333333333333334,0.7120062558956092,0.9866666666666666,0.011441666666666666,10019
12,64,swap,400,25,0.0,0.506,0.494,0.494,0.003947331797917859,0.001758643332123367,-0.3879182665390069,-0.207568295138538,0.21009901373510181,0.3904833405354614,0.003947331797917859,0.506,5.16916370069754,0.070675,0.4652,10019
12,256,loschmidt,400,25,0.8523,0.1195,0.8805,0.0282,0.0,0.05739550124284351,0.0,0.0,0.0,0.3245931702348515,0.6166773045346076,0.8090724441435342,0.49926260636965475,0.9668,0.0285,10019
12,256,swap,400,25,0.0,0.5028,0.4972,0.4972,0.0019625152863376166,0.0010622417185448976,-0.3791993833836591,-0.20593915453495312,0.20765324618392475,0.38043381663763653,0.0019625152863376166,0.5028,4.888583701763279,0.034741666666666664,0.4846,10019
12,1024,loschmidt,400,25,0.7664,0.1877,0.8123,0.0459,0.0,0.10078322352651041,0.0,0.0,0.0,0.7938191373095322,0.732079296307844,0.8035102739726028,0.46085606239684407,0.93265,0.05875,10019
12,1024,swap,400,25,0.0,0.5121,0.4879,0.4879,0.008829237123776763,0.011500897237054454,-0.3714464722731879,-0.19271573268796072,0.219323596439176,0.39909360575093317,0.008829237123776763,0.5121,4.5805799895285215,0.017341666666666665,0.4942583333333333,10019
12,4096,loschmidt,400,25,0.6506,0.2773,0.7227,0.0721,0.0,0.15533889132473827,0.0,0.0,0.25297487274160424,0.9384254758523293,0.764512904058414,0.7936462507155123,0.41506924913497406,0.88515,0.10073333333333333,10019
12,4096,swap,400,25,0.0,0.5195,0.4805,0.4805,0.015300390563011147,0.011730206266273994,-0.3761217660940377,-0.19803926307181408,0.22118917237743774,0.39350010833626925,0.015300390563011147,0.5195,4.274286359939689,0.00873333333333333,0.5008916666666667,10019
