n,variant,scheme,shots,seed,iters,eta,total_measurement_shots,total_state_copies,F0,F_final,F_best,log10_gain_best,frac_zero_iters,frac_wrong_iters,mean_cos_nonzero
6,exact,exact,0,0,500,0.3,0,0,0.0012222929467531592,1.0,1.0,2.9128246943298364,0.0,0.0,1.0
6,exact,exact,0,1,500,0.3,0,0,0.00012166084326484503,0.00032731327105799325,0.00032731327105799325,0.42981279197027744,0.0,0.0,1.0
6,exact,exact,0,2,500,0.3,0,0,4.774143799926011e-08,4.878868368570137e-08,4.878868368570137e-08,0.009423604979762246,0.0,0.0,1.0
6,exact,exact,0,3,500,0.3,0,0,0.0001992342583876116,0.0030661752269100944,0.0030661752269100944,1.1872329528794845,0.0,0.0,1.0
6,exact,exact,0,4,500,0.3,0,0,8.09279203716495e-08,1.1842750062820273e-07,1.1842750062820273e-07,0.1653541833963148,0.0,0.0,1.0
6,exact,exact,0,5,500,0.3,0,0,0.07898873017099364,1.0,1.0,1.102434867870221,0.0,0.0,1.0
6,exact,exact,0,6,500,0.3,0,0,4.4938584465412234e-05,0.004860611081416747,0.004860611081416747,2.0340714843585106,0.0,0.0,1.0
6,exact,exact,0,7,500,0.3,0,0,0.001660834437752471,1.0,1.0,2.779673658550563,0.0,0.0,1.0
6,exact,exact,0,8,500,0.3,0,0,0.040541273641311396,1.0,1.0,1.39210261166904,0.0,0.0,1.0
6,exact,exact,0,9,500,0.3,0,0,7.279169012586173e-09,7.2820154668655e-09,7.2820154668655e-09,0.00016979379720005738,0.0,0.0,1.0
6,exact,exact,0,10,500,0.3,0,0,7.808579220855442e-05,0.030357871430054504,0.030357871430054504,2.5896992966049983,0.0,0.0,1.0
6,exact,exact,0,11,500,0.3,0,0,1.0593261562445841e-07,1.210478263931094e-07,1.210478263931094e-07,0.0579272996439002,0.0,0.0,1.0
6,exact,exact,0,12,500,0.3,0,0,6.09484934758794e-07,7.185590823728801e-07,7.185590823728801e-07,0.07149950790716986,0.0,0.0,1.0
6,exact,exact,0,13,500,0.3,0,0,0.021156843606819145,1.0,1.0,1.6745491242734933,0.0,0.0,1.0
6,exact,exact,0,14,500,0.3,0,0,4.9206755182762945e-05,8.823030521195261e-05,8.823030521195261e-05,0.2535930540612661,0.0,0.0,1.0
6,exact,exact,0,15,500,0.3,0,0,0.0024111133013895473,1.0,1.0,2.617782381073346,0.0,0.0,1.0
6,exact,exact,0,16,500,0.3,0,0,3.230987758078052e-05,4.455014433168139e-05,4.455014433168139e-05,0.13951380286610515,0.0,0.0,1.0
6,exact,exact,0,17,500,0.3,0,0,0.01165482626582742,1.0,1.0,1.933494195961923,0.0,0.0,1.0
6,exact,exact,0,18,500,0.3,0,0,0.0006335848000349983,1.0,1.0,3.1981952502002993,0.0,0.0,1.0
6,exact,exact,0,19,500,0.3,0,0,0.023787667538136752,1.0,1.0,1.6236481399290086,0.0,0.0,1.0
6,exact,exact,0,20,500,0.3,0,0,4.007267725454743e-06,6.5660126093520335e-06,6.5660126093520335e-06,0.21445335380673836,0.0,0.0,1.0
6,exact,exact,0,21,500,0.3,0,0,1.7457767558294518e-08,1.7647207530863668e-08,1.7647207530863668e-08,0.004687286241590094,0.0,0.0,1.0
6,exact,exact,0,22,500,0.3,0,0,0.00031950782385663354,0.9999977403231907,0.9999977403231907,3.4955175213469376,0.0,0.0,1.0
6,exact,exact,0,23,500,0.3,0,0,0.014359818228053989,1.0,1.0,1.8428510575207908,0.0,0.0,1.0
6,exact,exact,0,24,500,0.3,0,0,2.2619312613199195e-07,2.309662503642629e-07,2.309662503642629e-07,0.009069120973896005,0.0,0.0,1.0
6,exact,exact,0,25,500,0.3,0,0,0.007663341243926706,1.0,1.0,2.1155818351434745,0.0,0.0,1.0
6,exact,exact,0,26,500,0.3,0,0,0.0003340235255756068,0.9999999998734608,0.9999999998734608,3.47622294430754,0.0,0.0,1.0
6,exact,exact,0,27,500,0.3,0,0,0.0003345677754147563,0.9999999996222078,0.9999999996222078,3.4755158911638486,0.0,0.0,1.0
6,exact,exact,0,28,500,0.3,0,0,0.009946204020385735,1.0,1.0,2.002342636595955,0.0,0.0,1.0
6,exact,exact,0,29,500,0.3,0,0,4.232036507674706e-08,4.741010155785915e-08,4.741010155785915e-08,0.04932148014255233,0.0,0.0,1.0
6,exact,exact,0,30,500,0.3,0,0,0.17398604417474292,1.0,1.0,0.7594855860908142,0.0,0.0,1.0
6,exact,exact,0,31,500,0.3,0,0,0.007481358315305383,1.0,1.0,2.1260195444768955,0.0,0.0,1.0
6,exact,exact,0,32,500,0.3,0,0,2.707583765849382e-05,0.00027883704108527276,0.00027883704108527276,1.0127685640308037,0.0,0.0,1.0
6,exact,exact,0,33,500,0.3,0,0,0.09936643112247881,1.0,1.0,1.0027603081636731,0.0,0.0,1.0
6,exact,exact,0,34,500,0.3,0,0,2.6773719567598226e-08,2.69761085071853e-08,2.69761085071853e-08,0.003270589626622744,0.0,0.0,1.0
6,exact,exact,0,35,500,0.3,0,0,0.001185010701500333,1.0,1.0,2.9262777276441243,0.0,0.0,1.0
6,exact,exact,0,36,500,0.3,0,0,5.869811800120247e-05,0.00036800346384388354,0.00036800346384388354,0.7972277295277612,0.0,0.0,1.0
6,exact,exact,0,37,500,0.3,0,0,0.0028694658463640846,1.0,1.0,2.542198940048888,0.0,0.0,1.0
6,exact,exact,0,38,500,0.3,0,0,0.009320364951590299,1.0,1.0,2.0305670819208346,0.0,0.0,1.0
6,exact,exact,0,39,500,0.3,0,0,0.0009044364432379531,1.0,1.0,3.0436219465718417,0.0,0.0,1.0
6,exact,exact,0,40,500,0.3,0,0,0.003343176244982164,1.0,1.0,2.4758407277431744,0.0,0.0,1.0
6,exact,exact,0,41,500,0.3,0,0,0.012926634175031109,1.0,1.0,1.8885145415929454,0.0,0.0,1.0
6,exact,exact,0,42,500,0.3,0,0,0.002888330601050572,1.0,1.0,2.539353098500386,0.0,0.0,1.0
6,exact,exact,0,43,500,0.3,0,0,0.004679626430975123,1.0,1.0,2.3297888147552808,0.0,0.0,1.0
6,exact,exact,0,44,500,0.3,0,0,0.00023919380656108603,0.011147498745097477,0.011147498745097477,1.6684275018455939,0.0,0.0,1.0
6,exact,exact,0,45,500,0.3,0,0,0.0005662746911442209,1.0,1.0,3.246972848124538,0.0,0.0,1.0
6,exact,exact,0,46,500,0.3,0,0,4.967604538278311e-05,1.0,1.0,4.30385298482817,0.0,0.0,1.0
6,exact,exact,0,47,500,0.3,0,0,0.05540172998430875,1.0,1.0,1.2564766737028252,0.0,0.0,1.0
6,exact,exact,0,48,500,0.3,0,0,0.00038584562673463365,0.7838800449121596,0.7838800449121596,3.3078360266164806,0.0,0.0,1.0
6,exact,exact,0,49,500,0.3,0,0,1.3504394698368702e-06,1.2806081913217624e-05,1.2806081913217624e-05,0.9769411526652991,0.0,0.0,1.0
6,LE M=64,loschmidt,64,0,500,0.3,384000,384000,0.0012222929467531592,0.9988496018966512,0.9999773281960862,2.912814847978884,0.002,0.184,0.43590903410848636
6,LE M=64,loschmidt,64,1,500,0.3,384000,384000,0.00012166084326484503,0.00040517047601286264,0.00040517047601286264,0.522486969292077,0.582,0.07,0.373028249214896
6,LE M=64,loschmidt,64,2,500,0.3,384000,384000,4.774143799926011e-08,4.193295248453104e-08,4.7741437999260115e-08,8.881784197001252e-16,0.986,0.008,-0.13788092848444558
6,LE M=64,loschmidt,64,3,500,0.3,384000,384000,0.0001992342583876116,0.0034081160210172965,0.0034081160210172965,1.2331503532762866,0.328,0.102,0.43491439279397603
6,LE M=64,loschmidt,64,4,500,0.3,384000,384000,8.09279203716495e-08,2.934630309759511e-07,7.001842686155772e-07,0.9371139686867496,0.844,0.08,-0.02558403766794633
6,LE M=64,loschmidt,64,5,500,0.3,384000,384000,0.07898873017099364,0.997933998684216,0.9999318137434188,1.1024052539456033,0.0,0.238,0.291093441125919
6,LE M=64,loschmidt,64,6,500,0.3,384000,384000,4.4938584465412234e-05,0.015333715380481873,0.015333715380481873,2.533028009439572,0.238,0.198,0.4061424129607141
6,LE M=64,loschmidt,64,7,500,0.3,384000,384000,0.001660834437752471,0.998753076374846,0.9999621139524003,2.7796572045374583,0.002,0.186,0.4030390551158137
6,LE M=64,loschmidt,64,8,500,0.3,384000,384000,0.040541273641311396,0.9988137342459604,0.9998968640315441,1.3920578179770937,0.0,0.246,0.3087328128833889
6,LE M=64,loschmidt,64,9,500,0.3,384000,384000,7.279169012586173e-09,7.279169012586212e-09,7.279169012586212e-09,1.7763568394002505e-15,1.0,0.0,
6,LE M=64,loschmidt,64,10,500,0.3,384000,384000,7.808579220855442e-05,0.011018838603119509,0.011018838603119509,2.149563801113742,0.222,0.19,0.3830620004543603
6,LE M=64,loschmidt,64,11,500,0.3,384000,384000,1.0593261562445841e-07,2.910780273441155e-07,4.158011763681148e-07,0.5938560179324277,0.958,0.014,0.29147568570433546
6,LE M=64,loschmidt,64,12,500,0.3,384000,384000,6.09484934758794e-07,8.782172183550221e-07,1.365625767642908e-06,0.3503687275740077,0.93,0.03,0.11574383453212524
6,LE M=64,loschmidt,64,13,500,0.3,384000,384000,0.021156843606819145,0.9986598920638396,0.999904329940593,1.674507573306986,0.0,0.238,0.32118595669177175
6,LE M=64,loschmidt,64,14,500,0.3,384000,384000,4.9206755182762945e-05,9.434355075676504e-05,9.566596535267373e-05,0.2887327307655738,0.754,0.064,0.2537144851691853
6,LE M=64,loschmidt,64,15,500,0.3,384000,384000,0.0024111133013895473,0.9993017334223147,0.999945761458155,2.617758824935085,0.0,0.202,0.3989241941203415
6,LE M=64,loschmidt,64,16,500,0.3,384000,384000,3.230987758078052e-05,4.01455917071165e-05,4.01455917071165e-05,0.09430255086046291,0.876,0.04,0.1867808277698465
6,LE M=64,loschmidt,64,17,500,0.3,384000,384000,0.01165482626582742,0.9987742646788424,0.9999410244270355,1.9334685824407238,0.0,0.21,0.35598061246280027
6,LE M=64,loschmidt,64,18,500,0.3,384000,384000,0.0006335848000349983,0.9994900369921923,0.9999596214381083,3.19817771365963,0.012,0.156,0.4775218186624373
6,LE M=64,loschmidt,64,19,500,0.3,384000,384000,0.023787667538136752,0.9985076223813414,0.9999512692749338,1.6236269759283404,0.0,0.224,0.33641162078465797
6,LE M=64,loschmidt,64,20,500,0.3,384000,384000,4.007267725454743e-06,1.060702613129704e-05,1.1071391295064651e-05,0.44135384165935854,0.81,0.072,0.17940163198308143
6,LE M=64,loschmidt,64,21,500,0.3,384000,384000,1.7457767558294518e-08,1.0557252091584996e-08,1.7457767558294558e-08,1.7763568394002505e-15,0.994,0.006,-0.9873150035108506
6,LE M=64,loschmidt,64,22,500,0.3,384000,384000,0.00031950782385663354,0.9970508407474797,0.9970508407474797,3.4942358067552006,0.178,0.094,0.5451020825567269
6,LE M=64,loschmidt,64,23,500,0.3,384000,384000,0.014359818228053989,0.9992126919734764,0.9998726449624744,1.8427957444084744,0.0,0.232,0.32654522488298987
6,LE M=64,loschmidt,64,24,500,0.3,384000,384000,2.2619312613199195e-07,2.483215767553984e-07,2.483215767553984e-07,0.04053505435375726,0.992,0.002,0.4118316704724505
6,LE M=64,loschmidt,64,25,500,0.3,384000,384000,0.007663341243926706,0.9990267067941287,0.9998821067654193,2.115530631743916,0.0,0.22,0.3441597595901223
6,LE M=64,loschmidt,64,26,500,0.3,384000,384000,0.0003340235255756068,0.9983999836131531,0.9986060517406832,3.475617137995887,0.156,0.104,0.529265618189161
6,LE M=64,loschmidt,64,27,500,0.3,384000,384000,0.0003345677754147563,0.998775404863847,0.9996980564160585,3.475384739094286,0.138,0.084,0.5705587985275916
6,LE M=64,loschmidt,64,28,500,0.3,384000,384000,0.009946204020385735,0.9978249262786993,0.9999303846948627,2.0023124020006704,0.0,0.198,0.34119989505833637
6,LE M=64,loschmidt,64,29,500,0.3,384000,384000,4.232036507674706e-08,3.491174391787518e-07,3.491174391787518e-07,0.9164221378282917,0.952,0.012,0.49307613418424073
6,LE M=64,loschmidt,64,30,500,0.3,384000,384000,0.17398604417474292,0.999555422076335,0.9999401391339265,0.7594595880688567,0.0,0.242,0.3003677339887655
6,LE M=64,loschmidt,64,31,500,0.3,384000,384000,0.007481358315305383,0.999104133766988,0.9999173536513543,2.1259836501404408,0.0,0.25,0.3213918060316821
6,LE M=64,loschmidt,64,32,500,0.3,384000,384000,2.707583765849382e-05,0.00011875535690525201,0.0001284867129867111,0.6762763174261726,0.45,0.23,0.12283172740926905
6,LE M=64,loschmidt,64,33,500,0.3,384000,384000,0.09936643112247881,0.999699694716557,0.9999541870321573,1.0027404113887708,0.0,0.258,0.296967159903765
6,LE M=64,loschmidt,64,34,500,0.3,384000,384000,2.6773719567598226e-08,2.9374639980193072e-08,2.9374639980193072e-08,0.04026384233356328,0.998,0.0,0.9353819731424242
6,LE M=64,loschmidt,64,35,500,0.3,384000,384000,0.001185010701500333,0.9992318636909185,0.9999245368442123,2.9262449531753307,0.022,0.124,0.5001654076098365
6,LE M=64,loschmidt,64,36,500,0.3,384000,384000,5.869811800120247e-05,0.0011903529338911701,0.001194207428323492,1.3084555913192015,0.378,0.13,0.4027202470742263
6,LE M=64,loschmidt,64,37,500,0.3,384000,384000,0.0028694658463640846,0.9990529495374085,0.9999503297243869,2.542177367986525,0.004,0.194,0.4109316074967027
6,LE M=64,loschmidt,64,38,500,0.3,384000,384000,0.009320364951590299,0.9978549358877309,0.9999299088309811,2.030536640646055,0.0,0.218,0.34721093850833046
6,LE M=64,loschmidt,64,39,500,0.3,384000,384000,0.0009044364432379531,0.9988984238983167,0.9999711140904188,3.0436094013995154,0.026,0.148,0.49154941272561054
6,LE M=64,loschmidt,64,40,500,0.3,384000,384000,0.003343176244982164,0.9986631503406883,0.9998931613640577,2.475794325834328,0.0,0.178,0.39213864967763906
6,LE M=64,loschmidt,64,41,500,0.3,384000,384000,0.012926634175031109,0.998896897009327,0.9999399964567023,1.888488481603343,0.0,0.212,0.3514017941741392
6,LE M=64,loschmidt,64,42,500,0.3,384000,384000,0.002888330601050572,0.9998035275485279,0.9998987806849023,2.5393091372854775,0.0,0.182,0.3960882608666867
6,LE M=64,loschmidt,64,43,500,0.3,384000,384000,0.004679626430975123,0.997977347762968,0.9999546890050681,2.329769135994377,0.0,0.23,0.3849071902228595
6,LE M=64,loschmidt,64,44,500,0.3,384000,384000,0.00023919380656108603,0.08798663528080163,0.08798663528080163,2.5656667797661035,0.22,0.088,0.5430618791842765
6,LE M=64,loschmidt,64,45,500,0.3,384000,384000,0.0005662746911442209,0.9984080215674392,0.9999483724579552,3.246950425989109,0.062,0.118,0.5189979418631407
6,LE M=64,loschmidt,64,46,500,0.3,384000,384000,4.967604538278311e-05,0.998487898914671,0.9998958689698504,4.303807758941631,0.014,0.196,0.4082368185085697
6,LE M=64,loschmidt,64,47,500,0.3,384000,384000,0.05540172998430875,0.9981798568154283,0.9999798423070679,1.2564679192397818,0.0,0.238,0.30377780439050495
6,LE M=64,loschmidt,64,48,500,0.3,384000,384000,0.00038584562673463365,0.17910823861813804,0.17910823861813804,2.6667019807619634,0.2,0.082,0.5504112964695148
6,LE M=64,loschmidt,64,49,500,0.3,384000,384000,1.3504394698368702e-06,1.3636880585606078e-06,1.7457047232612413e-05,1.111495664195985,0.49,0.266,-0.04094585420681807
6,SWAP M=64,swap,64,0,500,0.3,384000,768000,0.0012222929467531592,0.002087905539133767,0.003861475389710256,0.4995779656298014,0.0,0.496,0.002636579832265935
6,SWAP M=64,swap,64,1,500,0.3,384000,768000,0.00012166084326484503,8.542883976005307e-07,0.00034270800751039123,0.44977342966148814,0.0,0.504,0.0024551891715436916
6,SWAP M=64,swap,64,2,500,0.3,384000,768000,4.774143799926011e-08,2.0342715803314377e-05,3.8467760134200765e-05,2.9062014032738555,0.0,0.484,0.021688673379082257
6,SWAP M=64,swap,64,3,500,0.3,384000,768000,0.0001992342583876116,0.0015391046981368297,0.0023681693191201863,1.0750487327330962,0.0,0.504,0.0002093771190244934
6,SWAP M=64,swap,64,4,500,0.3,384000,768000,8.09279203716495e-08,1.8088496952759275e-05,0.0016321349729315861,4.304657690480336,0.0,0.472,0.01247681105681614
6,SWAP M=64,swap,64,5,500,0.3,384000,768000,0.07898873017099364,0.9991624858618715,0.999854881211754,1.1023718390078185,0.0,0.228,0.3070041052403396
6,SWAP M=64,swap,64,6,500,0.3,384000,768000,4.4938584465412234e-05,0.9962489581874031,0.9994234065190902,4.347130128092138,0.0,0.358,0.14461025746085088
6,SWAP M=64,swap,64,7,500,0.3,384000,768000,0.001660834437752471,0.9970156481366628,0.9999194711919609,2.779638683925346,0.0,0.264,0.24929568727086737
6,SWAP M=64,swap,64,8,500,0.3,384000,768000,0.040541273641311396,0.9950253248437503,0.9997608293607281,1.3919987287568045,0.0,0.23,0.28877893349508543
6,SWAP M=64,swap,64,9,500,0.3,384000,768000,7.279169012586173e-09,4.8649584484716304e-05,5.640862071253577e-05,3.8892636773756193,0.0,0.48,0.03612621517008424
6,SWAP M=64,swap,64,10,500,0.3,384000,768000,7.808579220855442e-05,0.9963733366291565,0.9998084123664316,4.107344765845571,0.0,0.26,0.26963433083241667
6,SWAP M=64,swap,64,11,500,0.3,384000,768000,1.0593261562445841e-07,1.4275649488460621e-05,5.83281272506222e-05,2.740848336946505,0.0,0.456,0.023360304527792506
6,SWAP M=64,swap,64,12,500,0.3,384000,768000,6.09484934758794e-07,1.9812987142522483e-06,2.147728911268617e-05,1.547016488152992,0.0,0.484,0.01780519800376272
6,SWAP M=64,swap,64,13,500,0.3,384000,768000,0.021156843606819145,0.9992551748904449,0.9997757625632946,1.674451728271773,0.0,0.224,0.3001508329829882
6,SWAP M=64,swap,64,14,500,0.3,384000,768000,4.9206755182762945e-05,0.0035075911441514616,0.006250821314607672,2.1039123568713824,0.0,0.49,0.01547538941500942
6,SWAP M=64,swap,64,15,500,0.3,384000,768000,0.0024111133013895473,0.9995492633764685,0.9997593631139803,2.6176778612254354,0.0,0.282,0.24800173440917395
6,SWAP M=64,swap,64,16,500,0.3,384000,768000,3.230987758078052e-05,1.5418219446602415e-07,0.00010208178400302793,0.499612938748355,0.0,0.528,-0.014264951389818712
6,SWAP M=64,swap,64,17,500,0.3,384000,768000,0.01165482626582742,0.993323180318437,0.9998612878515595,1.9334339498627529,0.0,0.244,0.28510146677074266
6,SWAP M=64,swap,64,18,500,0.3,384000,768000,0.0006335848000349983,0.00021450168459833375,0.001338463454802493,0.32480176797630245,0.0,0.486,0.003230998820612407
6,SWAP M=64,swap,64,19,500,0.3,384000,768000,0.023787667538136752,0.9963072762900528,0.9996860179275752,1.6235117578356513,0.0,0.244,0.29299157402166537
6,SWAP M=64,swap,64,20,500,0.3,384000,768000,4.007267725454743e-06,0.9925230311668454,0.993662018208022,5.394390331035774,0.0,0.43,0.09023000109167449
6,SWAP M=64,swap,64,21,500,0.3,384000,768000,1.7457767558294518e-08,7.103739478638326e-09,9.687068344583269e-06,2.7442036570240944,0.0,0.542,-0.042580228082685835
6,SWAP M=64,swap,64,22,500,0.3,384000,768000,0.00031950782385663354,0.997237718293446,0.9997994816902583,3.495431409985639,0.0,0.242,0.27854316112228245
6,SWAP M=64,swap,64,23,500,0.3,384000,768000,0.014359818228053989,0.9973699219852005,0.999736246380126,1.842736495670382,0.0,0.25,0.2834461110550969
6,SWAP M=64,swap,64,24,500,0.3,384000,768000,2.2619312613199195e-07,1.4252464873660908e-08,4.069895269421702e-05,2.255103830821449,0.0,0.502,0.00413752789984052
6,SWAP M=64,swap,64,25,500,0.3,384000,768000,0.007663341243926706,0.9987103872559506,0.999918855698275,2.1155465931911364,0.0,0.222,0.31066874337570394
6,SWAP M=64,swap,64,26,500,0.3,384000,768000,0.0003340235255756068,5.1397983581478305e-05,0.0003340235255756068,0.0,0.0,0.514,-0.002243164862184802
6,SWAP M=64,swap,64,27,500,0.3,384000,768000,0.0003345677754147563,0.9971770009091324,0.9995705437232724,3.4753293407762,0.0,0.322,0.20605302736509568
6,SWAP M=64,swap,64,28,500,0.3,384000,768000,0.009946204020385735,0.993690459090641,0.9997204703198544,2.0022212214279773,0.0,0.218,0.30359258967242836
6,SWAP M=64,swap,64,29,500,0.3,384000,768000,4.232036507674706e-08,0.00019762250389672778,0.00019762250389672778,3.6692869920617657,0.0,0.486,-0.004311452631875014
6,SWAP M=64,swap,64,30,500,0.3,384000,768000,0.17398604417474292,0.9974308891842211,0.999706000207333,0.7593578848301862,0.0,0.202,0.30776818903059117
6,SWAP M=64,swap,64,31,500,0.3,384000,768000,0.007481358315305383,0.9993983648217576,0.9996947013565136,2.1258869347168767,0.0,0.226,0.29718571195314286
6,SWAP M=64,swap,64,32,500,0.3,384000,768000,2.707583765849382e-05,0.0019494809811623477,0.003917519473450904,2.1604292624771917,0.0,0.496,-0.003977807713442871
6,SWAP M=64,swap,64,33,500,0.3,384000,768000,0.09936643112247881,0.9985569068732904,0.9997322590207673,1.0026440141647837,0.0,0.252,0.27914720000645354
6,SWAP M=64,swap,64,34,500,0.3,384000,768000,2.6773719567598226e-08,2.7976566616231254e-06,0.00012146297498180949,3.6567352038495162,0.0,0.446,0.031105569415980295
6,SWAP M=64,swap,64,35,500,0.3,384000,768000,0.001185010701500333,0.995621985177611,0.9995441799403858,2.9260797223766777,0.0,0.3,0.21324765552531816
6,SWAP M=64,swap,64,36,500,0.3,384000,768000,5.869811800120247e-05,2.7944958545214958e-05,0.0034746065930882112,1.7722814624192358,0.0,0.478,0.004721852029670126
6,SWAP M=64,swap,64,37,500,0.3,384000,768000,0.0028694658463640846,0.9985678201707522,0.9997206279523512,2.5420775933589703,0.0,0.216,0.3082076049794682
6,SWAP M=64,swap,64,38,500,0.3,384000,768000,0.009320364951590299,0.9960345167557502,0.9998336731555014,2.0304948410821146,0.0,0.238,0.28403766462564844
6,SWAP M=64,swap,64,39,500,0.3,384000,768000,0.0009044364432379531,0.001767262633789484,0.0035307027668404056,0.5914831044763442,0.0,0.484,0.01621233892225326
6,SWAP M=64,swap,64,40,500,0.3,384000,768000,0.003343176244982164,0.9983714386824,0.9998019483869602,2.4757547065018954,0.0,0.292,0.2359203309021539
6,SWAP M=64,swap,64,41,500,0.3,384000,768000,0.012926634175031109,0.9969607877554942,0.9998363735138063,1.8884434736984448,0.0,0.246,0.28609950909756693
6,SWAP M=64,swap,64,42,500,0.3,384000,768000,0.002888330601050572,0.9943918122226488,0.9997906213675172,2.5392621569947336,0.0,0.25,0.26820754655604656
6,SWAP M=64,swap,64,43,500,0.3,384000,768000,0.004679626430975123,0.9980454205471037,0.9996089897152902,2.329618967938173,0.0,0.23,0.2846031182919557
6,SWAP M=64,swap,64,44,500,0.3,384000,768000,0.00023919380656108603,3.7275442826146824e-07,0.0007732151856055957,0.5095504445061536,0.0,0.528,-0.023115946585154777
6,SWAP M=64,swap,64,45,500,0.3,384000,768000,0.0005662746911442209,0.00021996871951302185,0.0008482959853539957,0.1755202597887835,0.0,0.532,-0.008865683710383538
6,SWAP M=64,swap,64,46,500,0.3,384000,768000,4.967604538278311e-05,0.9963818802744916,0.9998378593412186,4.3037825623254395,0.0,0.286,0.23334896822217602
6,SWAP M=64,swap,64,47,500,0.3,384000,768000,0.05540172998430875,0.9989549101743149,0.9998619452077294,1.2564167131293242,0.0,0.202,0.320173533037249
6,SWAP M=64,swap,64,48,500,0.3,384000,768000,0.00038584562673463365,7.342727247861641e-05,0.0005386589958392632,0.14490033493110843,0.0,0.478,-0.00041174369545877065
6,SWAP M=64,swap,64,49,500,0.3,384000,768000,1.3504394698368702e-06,0.0002890488194185433,0.0005530727651433386,2.612307150349016,0.0,0.526,-0.01869291526401303
6,SWAP M=32 (state-copy matched to LE M=64),swap,32,0,500,0.3,192000,384000,0.0012222929467531592,0.9939370907392726,0.999536676869426,2.9126234290218522,0.0,0.248,0.2748577307494154
6,SWAP M=32 (state-copy matched to LE M=64),swap,32,1,500,0.3,192000,384000,0.00012166084326484503,2.9749689795899527e-05,0.00012166084326484503,0.0,0.0,0.532,-0.019421428518628086
6,SWAP M=32 (state-copy matched to LE M=64),swap,32,2,500,0.3,192000,384000,4.774143799926011e-08,0.0016454690640836935,0.002941634848411909,4.789693265745775,0.0,0.462,0.029918423008759996
6,SWAP M=32 (state-copy matched to LE M=64),swap,32,3,500,0.3,192000,384000,0.0001992342583876116,0.007617391298356312,0.008202147139784208,1.6145635383387744,0.0,0.484,0.017435938128245933
6,SWAP M=32 (state-copy matched to LE M=64),swap,32,4,500,0.3,192000,384000,8.09279203716495e-08,0.9938866087613673,0.9978426145569412,7.090963666935685,0.0,0.376,0.1178028287397099
6,SWAP M=32 (state-copy matched to LE M=64),swap,32,5,500,0.3,192000,384000,0.07898873017099364,0.9951769435082276,0.9994982534820527,1.1022169074411452,0.0,0.244,0.27930882970426674
6,SWAP M=32 (state-copy matched to LE M=64),swap,32,6,500,0.3,192000,384000,4.4938584465412234e-05,3.870059685496596e-11,0.0002036934796092793,0.6563577387897097,0.0,0.542,-0.04154690423594693
6,SWAP M=32 (state-copy matched to LE M=64),swap,32,7,500,0.3,192000,384000,0.001660834437752471,0.9930850354915037,0.9994254483745469,2.779424062240209,0.0,0.266,0.2670124521498552
6,SWAP M=32 (state-copy matched to LE M=64),swap,32,8,500,0.3,192000,384000,0.040541273641311396,0.9938499333096028,0.9996306265439081,1.3919421651811363,0.0,0.252,0.26734958470523507
6,SWAP M=32 (state-copy matched to LE M=64),swap,32,9,500,0.3,192000,384000,7.279169012586173e-09,3.0523547892803425e-05,0.00019835992939943749,4.435372141809246,0.0,0.518,-0.0246469650914478
6,SWAP M=32 (state-copy matched to LE M=64),swap,32,10,500,0.3,192000,384000,7.808579220855442e-05,0.9940070907986006,0.9991181589175295,4.107044831590662,0.0,0.302,0.24679015030886164
6,SWAP M=32 (state-copy matched to LE M=64),swap,32,11,500,0.3,192000,384000,1.0593261562445841e-07,8.064895580738044e-05,0.0014967456069619402,4.150118296385862,0.0,0.52,-0.015134848165135814
6,SWAP M=32 (state-copy matched to LE M=64),swap,32,12,500,0.3,192000,384000,6.09484934758794e-07,0.986261625252697,0.999580576789915,6.214854833402608,0.0,0.37,0.16178708923013363
6,SWAP M=32 (state-copy matched to LE M=64),swap,32,13,500,0.3,192000,384000,0.021156843606819145,0.9897584354771244,0.9993402627484516,1.6742625094700092,0.0,0.224,0.26726217653728535
6,SWAP M=32 (state-copy matched to LE M=64),swap,32,14,500,0.3,192000,384000,4.9206755182762945e-05,0.0002104785116528006,0.0012521480850899,1.405630966170658,0.0,0.492,0.0041863663421748765
6,SWAP M=32 (state-copy matched to LE M=64),swap,32,15,500,0.3,192000,384000,0.0024111133013895473,0.024213744434128753,0.024213744434128753,1.0018443353781934,0.0,0.448,0.027706199033575508
6,SWAP M=32 (state-copy matched to LE M=64),swap,32,16,500,0.3,192000,384000,3.230987758078052e-05,0.968180771570754,0.968180771570754,4.476621140622979,0.0,0.406,0.1038332776213551
6,SWAP M=32 (state-copy matched to LE M=64),swap,32,17,500,0.3,192000,384000,0.01165482626582742,0.9924321929083437,0.9993022117560999,1.9331910445980265,0.0,0.256,0.2697520536007652
6,SWAP M=32 (state-copy matched to LE M=64),swap,32,18,500,0.3,192000,384000,0.0006335848000349983,2.051602280196736e-05,0.0036810005463711395,0.7641611321093276,0.0,0.498,-0.011004587082950983
6,SWAP M=32 (state-copy matched to LE M=64),swap,32,19,500,0.3,192000,384000,0.023787667538136752,0.9971045075293687,0.9996060298093207,1.6234770071363387,0.0,0.256,0.2793983251154688
6,SWAP M=32 (state-copy matched to LE M=64),swap,32,20,500,0.3,192000,384000,4.007267725454743e-06,0.9902720529674027,0.9985922527114354,5.39653983377902,0.0,0.432,0.09155398507267151
6,SWAP M=32 (state-copy matched to LE M=64),swap,32,21,500,0.3,192000,384000,1.7457767558294518e-08,6.321686907227708e-09,8.009037741125928e-05,3.6615916334262684,0.0,0.506,-0.004046304225828018
6,SWAP M=32 (state-copy matched to LE M=64),swap,32,22,500,0.3,192000,384000,0.00031950782385663354,0.00023626229495680745,0.0013861865437521251,0.637340181380571,0.0,0.514,-0.003465595248349575
6,SWAP M=32 (state-copy matched to LE M=64),swap,32,23,500,0.3,192000,384000,0.014359818228053989,0.9906220922928697,0.9998390222392526,1.8427811401398664,0.0,0.226,0.2956737397698427
6,SWAP M=32 (state-copy matched to LE M=64),swap,32,24,500,0.3,192000,384000,2.2619312613199195e-07,0.13183152153591438,0.13183152153591438,5.765539861673119,0.0,0.462,0.03096005490396194
6,SWAP M=32 (state-copy matched to LE M=64),swap,32,25,500,0.3,192000,384000,0.007663341243926706,0.9986754709164526,0.9993775589404411,2.1153114282610916,0.0,0.244,0.26820189969394986
6,SWAP M=32 (state-copy matched to LE M=64),swap,32,26,500,0.3,192000,384000,0.0003340235255756068,0.07858008145161736,0.07858008145161736,2.3715354190033326,0.0,0.476,0.03196977195701547
6,SWAP M=32 (state-copy matched to LE M=64),swap,32,27,500,0.3,192000,384000,0.0003345677754147563,1.4766088614774173e-05,0.0007777028862312605,0.3663296020510596,0.0,0.532,-0.01699388618135362
6,SWAP M=32 (state-copy matched to LE M=64),swap,32,28,500,0.3,192000,384000,0.009946204020385735,0.9926982668710429,0.9996106103281425,2.0021734938768057,0.0,0.27,0.26100136259444484
6,SWAP M=32 (state-copy matched to LE M=64),swap,32,29,500,0.3,192000,384000,4.232036507674706e-08,8.95642936212721e-06,0.00042223430422845163,3.9990041089711315,0.0,0.496,0.00922994108363772
6,SWAP M=32 (state-copy matched to LE M=64),swap,32,30,500,0.3,192000,384000,0.17398604417474292,0.9982350845715271,0.9997351174247604,0.7593705338116905,0.0,0.232,0.28640065376935675
6,SWAP M=32 (state-copy matched to LE M=64),swap,32,31,500,0.3,192000,384000,0.007481358315305383,0.9930363704940492,0.9996497415071549,2.125867402500148,0.0,0.234,0.2857238050673693
6,SWAP M=32 (state-copy matched to LE M=64),swap,32,32,500,0.3,192000,384000,2.707583765849382e-05,0.995441195689795,0.9996414203222634,4.567262341410316,0.0,0.27,0.24703789816523022
6,SWAP M=32 (state-copy matched to LE M=64),swap,32,33,500,0.3,192000,384000,0.09936643112247881,0.9951960119259231,0.999633664346485,1.0026011814621552,0.0,0.254,0.27393637389191
6,SWAP M=32 (state-copy matched to LE M=64),swap,32,34,500,0.3,192000,384000,2.6773719567598226e-08,7.845778184484715e-06,0.0004150124179732972,4.190352381633118,0.0,0.504,0.012611381807172284
6,SWAP M=32 (state-copy matched to LE M=64),swap,32,35,500,0.3,192000,384000,0.001185010701500333,0.00855511831430085,0.00855511831430085,0.8585037477039061,0.0,0.476,0.016294937532444428
6,SWAP M=32 (state-copy matched to LE M=64),swap,32,36,500,0.3,192000,384000,5.869811800120247e-05,0.990455491551267,0.9997468417926875,4.231265863893282,0.0,0.342,0.16475774063214543
6,SWAP M=32 (state-copy matched to LE M=64),swap,32,37,500,0.3,192000,384000,0.0028694658463640846,0.994711020548771,0.9994158522373502,2.5419451737732337,0.0,0.246,0.27912538774506135
6,SWAP M=32 (state-copy matched to LE M=64),swap,32,38,500,0.3,192000,384000,0.009320364951590299,0.9891446826235532,0.9995865891264201,2.030387502737128,0.0,0.264,0.26085633610227377
6,SWAP M=32 (state-copy matched to LE M=64),swap,32,39,500,0.3,192000,384000,0.0009044364432379531,0.9954783366145553,0.9996039088027577,3.0434498922737028,0.0,0.344,0.18284472154950673
6,SWAP M=32 (state-copy matched to LE M=64),swap,32,40,500,0.3,192000,384000,0.003343176244982164,0.9970357398132018,0.9996109731491934,2.4756717426565573,0.0,0.31,0.1981528426138947
6,SWAP M=32 (state-copy matched to LE M=64),swap,32,41,500,0.3,192000,384000,0.012926634175031109,0.9906479313602089,0.9996561303783559,1.888365175231022,0.0,0.258,0.27775163714225465
6,SWAP M=32 (state-copy matched to LE M=64),swap,32,42,500,0.3,192000,384000,0.002888330601050572,0.9961865505755615,0.9992643970989298,2.5390335126610273,0.0,0.242,0.2664739092143474
6,SWAP M=32 (state-copy matched to LE M=64),swap,32,43,500,0.3,192000,384000,0.004679626430975123,0.9928005855098957,0.999369565245694,2.3295149340792634,0.0,0.232,0.2880309897958089
6,SWAP M=32 (state-copy matched to LE M=64),swap,32,44,500,0.3,192000,384000,0.00023919380656108603,0.9916560968753406,0.9990567473428003,3.6208402269664957,0.0,0.406,0.10520324751121572
6,SWAP M=32 (state-copy matched to LE M=64),swap,32,45,500,0.3,192000,384000,0.0005662746911442209,0.9929432996363767,0.9995306816699357,3.24676897791978,0.0,0.346,0.1511453300049792
6,SWAP M=32 (state-copy matched to LE M=64),swap,32,46,500,0.3,192000,384000,4.967604538278311e-05,0.9941975315740051,0.9994155773648749,4.303599099107126,0.0,0.246,0.26204173802035974
6,SWAP M=32 (state-copy matched to LE M=64),swap,32,47,500,0.3,192000,384000,0.05540172998430875,0.9945938378495598,0.9998186464992223,1.2563979057355243,0.0,0.24,0.28129130930089885
6,SWAP M=32 (state-copy matched to LE M=64),swap,32,48,500,0.3,192000,384000,0.00038584562673463365,0.9954925256882036,0.9992573978935899,3.4132637899783145,0.0,0.316,0.19525117922888457
6,SWAP M=32 (state-copy matched to LE M=64),swap,32,49,500,0.3,192000,384000,1.3504394698368702e-06,1.3380506002246936e-06,0.0011402681028947663,2.9265318530599167,0.0,0.518,-0.015001627409405704
6,LE M=1024,loschmidt,1024,0,500,0.3,6144000,6144000,0.0012222929467531592,0.9999012056946428,0.9999930771718418,2.912821687773361,0.0,0.178,0.5122007081676876
6,LE M=1024,loschmidt,1024,1,500,0.3,6144000,6144000,0.00012166084326484503,0.00031821681234754456,0.00031821681234754456,0.41757229864317713,0.0,0.058,0.6401295143317906
6,LE M=1024,loschmidt,1024,2,500,0.3,6144000,6144000,4.774143799926011e-08,4.722885239394315e-08,5.001668555413127e-08,0.020219412976447693,0.844,0.074,-0.004587675399449021
6,LE M=1024,loschmidt,1024,3,500,0.3,6144000,6144000,0.0001992342583876116,0.0031576132008092218,0.0031576132008092218,1.199994911446404,0.0,0.014,0.8138538480736873
6,LE M=1024,loschmidt,1024,4,500,0.3,6144000,6144000,8.09279203716495e-08,1.3181843155797518e-08,8.09279203716495e-08,0.0,0.276,0.384,-0.05994579848256386
6,LE M=1024,loschmidt,1024,5,500,0.3,6144000,6144000,0.07898873017099364,0.9999458915313744,0.9999951180193017,1.1024327476477676,0.0,0.252,0.3047688708924725
6,LE M=1024,loschmidt,1024,6,500,0.3,6144000,6144000,4.4938584465412234e-05,0.007987960133756565,0.007987960133756565,2.249816500410612,0.006,0.1,0.736226073331799
6,LE M=1024,loschmidt,1024,7,500,0.3,6144000,6144000,0.001660834437752471,0.9999724984285568,0.9999968193048144,2.779672277189998,0.0,0.17,0.4819964082425677
6,LE M=1024,loschmidt,1024,8,500,0.3,6144000,6144000,0.040541273641311396,0.9999523856063761,0.999995159296107,1.3921005093729626,0.0,0.232,0.3340632480693157
6,LE M=1024,loschmidt,1024,9,500,0.3,6144000,6144000,7.279169012586173e-09,7.2913160664891966e-09,7.2913160664891966e-09,0.000724121355602847,0.998,0.0,0.6018175203307826
6,LE M=1024,loschmidt,1024,10,500,0.3,6144000,6144000,7.808579220855442e-05,0.18398887237383502,0.18398887237383502,3.3722195369919232,0.002,0.068,0.8035864439112802
6,LE M=1024,loschmidt,1024,11,500,0.3,6144000,6144000,1.0593261562445841e-07,1.076318421394232e-07,1.1903651403093337e-07,0.050650504376351435,0.51,0.248,-0.016756080277809882
6,LE M=1024,loschmidt,1024,12,500,0.3,6144000,6144000,6.09484934758794e-07,7.153973253174058e-07,7.235825411621988e-07,0.0745251043125883,0.41,0.278,0.04456437192207094
6,LE M=1024,loschmidt,1024,13,500,0.3,6144000,6144000,0.021156843606819145,0.9999042666944161,0.9999970722733064,1.6745478527760844,0.0,0.238,0.3198269387049335
6,LE M=1024,loschmidt,1024,14,500,0.3,6144000,6144000,4.9206755182762945e-05,8.425748476114993e-05,8.425748476114993e-05,0.23358376299829064,0.074,0.248,0.3816644264251188
6,LE M=1024,loschmidt,1024,15,500,0.3,6144000,6144000,0.0024111133013895473,0.9999386840649378,0.9999925707134583,2.6177791545632108,0.0,0.184,0.4428439764126353
6,LE M=1024,loschmidt,1024,16,500,0.3,6144000,6144000,3.230987758078052e-05,4.446814298078796e-05,4.446814298078796e-05,0.13871368088330804,0.164,0.208,0.3544143845015178
6,LE M=1024,loschmidt,1024,17,500,0.3,6144000,6144000,0.01165482626582742,0.9999892921195971,0.9999963420338424,1.9334926073245,0.0,0.232,0.35999476764760263
6,LE M=1024,loschmidt,1024,18,500,0.3,6144000,6144000,0.0006335848000349983,0.9999685110391044,0.9999966209620581,3.1981937827002875,0.0,0.118,0.6318297483314417
6,LE M=1024,loschmidt,1024,19,500,0.3,6144000,6144000,0.023787667538136752,0.9999707650128539,0.9999952523733554,1.6236460780560602,0.0,0.222,0.34405485712239753
6,LE M=1024,loschmidt,1024,20,500,0.3,6144000,6144000,4.007267725454743e-06,6.154748855304832e-06,6.211768913995028e-06,0.1903669324236299,0.144,0.366,0.1225658142031493
6,LE M=1024,loschmidt,1024,21,500,0.3,6144000,6144000,1.7457767558294518e-08,1.7972329421021948e-08,1.813692770158242e-08,0.016575015020065642,0.932,0.03,0.0915125413390754
6,LE M=1024,loschmidt,1024,22,500,0.3,6144000,6144000,0.00031950782385663354,0.9999347799220439,0.9999790254940651,3.4955093935054964,0.0,0.012,0.8843878846453269
6,LE M=1024,loschmidt,1024,23,500,0.3,6144000,6144000,0.014359818228053989,0.9998854142293268,0.9999943570220311,1.8428486067996828,0.0,0.212,0.3515171913949777
6,LE M=1024,loschmidt,1024,24,500,0.3,6144000,6144000,2.2619312613199195e-07,2.338195828356017e-07,2.338195828356017e-07,0.014401478487888753,0.862,0.058,0.09281993143081115
6,LE M=1024,loschmidt,1024,25,500,0.3,6144000,6144000,0.007663341243926706,0.9999479031373941,0.9999970622960557,2.115580559312988,0.0,0.192,0.3898013755289817
6,LE M=1024,loschmidt,1024,26,500,0.3,6144000,6144000,0.0003340235255756068,0.9999442600742596,0.9999892461608706,3.47621827400439,0.0,0.028,0.8381316385296027
6,LE M=1024,loschmidt,1024,27,500,0.3,6144000,6144000,0.0003345677754147563,0.9999146544597046,0.9999756991715871,3.475505337484002,0.0,0.04,0.8508160605671375
6,LE M=1024,loschmidt,1024,28,500,0.3,6144000,6144000,0.009946204020385735,0.9999625682048172,0.9999949716668742,2.002340452813135,0.0,0.212,0.3225325232066351
6,LE M=1024,loschmidt,1024,29,500,0.3,6144000,6144000,4.232036507674706e-08,2.8139963195913785e-08,4.3149784930386955e-08,0.008429229935512872,0.48,0.266,-0.023858154414535652
6,LE M=1024,loschmidt,1024,30,500,0.3,6144000,6144000,0.17398604417474292,0.9999828620011612,0.9999944879300029,0.7594831922226329,0.0,0.244,0.3139659254489178
6,LE M=1024,loschmidt,1024,31,500,0.3,6144000,6144000,0.007481358315305383,0.9999607699145548,0.999996747141979,2.1260181317763087,0.0,0.21,0.35678055270978065
6,LE M=1024,loschmidt,1024,32,500,0.3,6144000,6144000,2.707583765849382e-05,0.00020175999023082323,0.00020175999023082323,0.8722531467135739,0.042,0.284,0.3789075713271883
6,LE M=1024,loschmidt,1024,33,500,0.3,6144000,6144000,0.09936643112247881,0.9999706959377576,0.99999498241476,1.002758129048624,0.0,0.244,0.3002979448217203
6,LE M=1024,loschmidt,1024,34,500,0.3,6144000,6144000,2.6773719567598226e-08,2.614231317620198e-08,2.6773719567598226e-08,0.0,0.946,0.03,-0.10384183755068722
6,LE M=1024,loschmidt,1024,35,500,0.3,6144000,6144000,0.001185010701500333,0.9999597511351503,0.999996153721387,2.926276057223334,0.0,0.104,0.6587758773945556
6,LE M=1024,loschmidt,1024,36,500,0.3,6144000,6144000,5.869811800120247e-05,0.0003572652733266537,0.0003572652733266537,0.7843666272610146,0.018,0.176,0.5541237537433189
6,LE M=1024,loschmidt,1024,37,500,0.3,6144000,6144000,0.0028694658463640846,0.9999108640802968,0.9999972662889326,2.5421977528116337,0.0,0.206,0.4400669188386107
6,LE M=1024,loschmidt,1024,38,500,0.3,6144000,6144000,0.009320364951590299,0.9999382500475686,0.9999925786866649,2.030563858873445,0.0,0.212,0.3534915203384915
6,LE M=1024,loschmidt,1024,39,500,0.3,6144000,6144000,0.0009044364432379531,0.9998858902076294,0.9999968192995731,3.0436205652090007,0.0,0.084,0.7085865061727015
6,LE M=1024,loschmidt,1024,40,500,0.3,6144000,6144000,0.003343176244982164,0.9999475349596664,0.9999969572594689,2.4758394062957416,0.0,0.206,0.4153454453905233
6,LE M=1024,loschmidt,1024,41,500,0.3,6144000,6144000,0.012926634175031109,0.999821747640098,0.9999943814396675,1.8885121014763417,0.0,0.222,0.342216899799731
6,LE M=1024,loschmidt,1024,42,500,0.3,6144000,6144000,0.002888330601050572,0.9999105172344099,0.9999971487347556,2.5393518602098584,0.0,0.188,0.42577591405497794
6,LE M=1024,loschmidt,1024,43,500,0.3,6144000,6144000,0.004679626430975123,0.9998952118991931,0.9999893376813771,2.3297841841444518,0.0,0.182,0.4086194384131773
6,LE M=1024,loschmidt,1024,44,500,0.3,6144000,6144000,0.00023919380656108603,0.00969936266826029,0.00969936266826029,1.6079932680260995,0.0,0.022,0.8581540989982253
6,LE M=1024,loschmidt,1024,45,500,0.3,6144000,6144000,0.0005662746911442209,0.9999707308082967,0.9999920570697183,3.2469693985400467,0.0,0.07,0.7581113120978171
6,LE M=1024,loschmidt,1024,46,500,0.3,6144000,6144000,4.967604538278311e-05,0.9999661339219946,0.9999937379618495,4.303850265251041,0.002,0.158,0.5334695555142294
6,LE M=1024,loschmidt,1024,47,500,0.3,6144000,6144000,0.05540172998430875,0.9999806814084269,0.9999960267331663,1.2564749481315363,0.0,0.24,0.3262965145902279
6,LE M=1024,loschmidt,1024,48,500,0.3,6144000,6144000,0.00038584562673463365,0.8940933367361368,0.8940933367361368,3.364969276078819,0.0,0.01,0.9048404216538394
6,LE M=1024,loschmidt,1024,49,500,0.3,6144000,6144000,1.3504394698368702e-06,1.8582924621658473e-05,1.8582924621658473e-05,1.1386389424937038,0.108,0.368,0.16124959514271262
6,SWAP M=1024,swap,1024,0,500,0.3,6144000,12288000,0.0012222929467531592,0.9998208378388032,0.9999815725360458,2.9128166913101876,0.0,0.208,0.3481601876787817
6,SWAP M=1024,swap,1024,1,500,0.3,6144000,12288000,0.00012166084326484503,0.0002633040033676914,0.0003136469943849171,0.41129030778586007,0.0,0.48,0.0018969151137747436
6,SWAP M=1024,swap,1024,2,500,0.3,6144000,12288000,4.774143799926011e-08,4.851646978150163e-09,5.398312187007814e-08,0.053362500342436725,0.0,0.542,-0.03548594970512893
6,SWAP M=1024,swap,1024,3,500,0.3,6144000,12288000,0.0001992342583876116,0.0010287593265842013,0.0010914393755356278,0.7386356000744239,0.0,0.466,0.036496147572945725
6,SWAP M=1024,swap,1024,4,500,0.3,6144000,12288000,8.09279203716495e-08,3.1394267290206306e-06,8.962393332665038e-06,2.044325619538382,0.0,0.504,-0.005787759038481766
6,SWAP M=1024,swap,1024,5,500,0.3,6144000,12288000,0.07898873017099364,0.9997728615792998,0.9999824591942815,1.1024272499282766,0.0,0.236,0.2948615429796559
6,SWAP M=1024,swap,1024,6,500,0.3,6144000,12288000,4.4938584465412234e-05,0.014234179691863602,0.014234179691863602,2.500713055725954,0.0,0.384,0.11992311813230555
6,SWAP M=1024,swap,1024,7,500,0.3,6144000,12288000,0.001660834437752471,0.9998093870566843,0.9999672364849196,2.7796594293036545,0.0,0.204,0.35478072785144316
6,SWAP M=1024,swap,1024,8,500,0.3,6144000,12288000,0.040541273641311396,0.9998080196848773,0.999991509364486,1.3920989242172341,0.0,0.248,0.31421981896818635
6,SWAP M=1024,swap,1024,9,500,0.3,6144000,12288000,7.279169012586173e-09,4.820577692912391e-09,9.708388215160646e-08,1.1250653311667573,0.0,0.508,0.015787277662826348
6,SWAP M=1024,swap,1024,10,500,0.3,6144000,12288000,7.808579220855442e-05,7.053513603519277e-05,7.808579220855442e-05,0.0,0.0,0.504,0.0038508022636325285
6,SWAP M=1024,swap,1024,11,500,0.3,6144000,12288000,1.0593261562445841e-07,2.719655706782535e-06,2.719655706782535e-06,1.409484232505581,0.0,0.532,-0.031182750385028903
6,SWAP M=1024,swap,1024,12,500,0.3,6144000,12288000,6.09484934758794e-07,1.2772128754515177e-06,9.929417951753672e-06,1.2119608163201914,0.0,0.486,0.011160656861944073
6,SWAP M=1024,swap,1024,13,500,0.3,6144000,12288000,0.021156843606819145,0.9999176930083087,0.9999815901779783,1.6745411289157797,0.0,0.246,0.3031952653109686
6,SWAP M=1024,swap,1024,14,500,0.3,6144000,12288000,4.9206755182762945e-05,0.00018173304781376478,0.00022242560295555926,0.65516004902815,0.0,0.47,0.028653674114973958
6,SWAP M=1024,swap,1024,15,500,0.3,6144000,12288000,0.0024111133013895473,0.9999358986310535,0.9999840283156872,2.6177754446035886,0.0,0.182,0.37684053847220034
6,SWAP M=1024,swap,1024,16,500,0.3,6144000,12288000,3.230987758078052e-05,7.760670127270062e-05,0.0001215340944999981,0.5753628170712206,0.0,0.464,0.017957743264459876
6,SWAP M=1024,swap,1024,17,500,0.3,6144000,12288000,0.01165482626582742,0.999924964577995,0.9999874389792937,1.9334887407456816,0.0,0.212,0.34766025498618763
6,SWAP M=1024,swap,1024,18,500,0.3,6144000,12288000,0.0006335848000349983,0.9997321060980245,0.9999916233714162,3.1981916122614917,0.0,0.214,0.3420606574472411
6,SWAP M=1024,swap,1024,19,500,0.3,6144000,12288000,0.023787667538136752,0.9999184948008819,0.9999791846409836,1.6236390998393622,0.0,0.228,0.3206332631055967
6,SWAP M=1024,swap,1024,20,500,0.3,6144000,12288000,4.007267725454743e-06,2.208239888315066e-06,0.00013669567096428103,1.5329064024431984,0.0,0.484,0.00185597907963543
6,SWAP M=1024,swap,1024,21,500,0.3,6144000,12288000,1.7457767558294518e-08,1.5424420034307112e-08,4.331989201379665e-07,1.3946986585866785,0.0,0.516,-0.010581253858463311
6,SWAP M=1024,swap,1024,22,500,0.3,6144000,12288000,0.00031950782385663354,0.00032752978743358363,0.00044758648235558444,0.14639546455740282,0.0,0.502,0.007988015490692611
6,SWAP M=1024,swap,1024,23,500,0.3,6144000,12288000,0.014359818228053989,0.9995091435207131,0.9999817060979863,1.842843112507421,0.0,0.23,0.3232050235926338
6,SWAP M=1024,swap,1024,24,500,0.3,6144000,12288000,2.2619312613199195e-07,6.052036775067892e-10,5.485065085379906e-07,0.3847023823961946,0.0,0.544,-0.030333725700078976
6,SWAP M=1024,swap,1024,25,500,0.3,6144000,12288000,0.007663341243926706,0.9999562252765903,0.9999918087566996,2.1155782777171392,0.0,0.19,0.36735792140108925
6,SWAP M=1024,swap,1024,26,500,0.3,6144000,12288000,0.0003340235255756068,0.0003836706436480179,0.0005376881876611219,0.20675344003629847,0.0,0.494,0.008791208043219378
6,SWAP M=1024,swap,1024,27,500,0.3,6144000,12288000,0.0003345677754147563,0.999861232811351,0.9999653504065715,3.475500842939984,0.0,0.276,0.2969956491096318
6,SWAP M=1024,swap,1024,28,500,0.3,6144000,12288000,0.009946204020385735,0.9996710086648021,0.9999980928172599,2.0023418083162254,0.0,0.208,0.33171771580427395
6,SWAP M=1024,swap,1024,29,500,0.3,6144000,12288000,4.232036507674706e-08,1.5039708942583406e-05,4.997387474594246e-05,3.0721936184722978,0.0,0.476,0.025769306841327964
6,SWAP M=1024,swap,1024,30,500,0.3,6144000,12288000,0.17398604417474292,0.9999071433789114,0.9999881117920145,0.7594804230769968,0.0,0.246,0.2874163703136625
6,SWAP M=1024,swap,1024,31,500,0.3,6144000,12288000,0.007481358315305383,0.9997315593312237,0.9999883183281881,2.1260144711616555,0.0,0.218,0.3448914612592064
6,SWAP M=1024,swap,1024,32,500,0.3,6144000,12288000,2.707583765849382e-05,0.0002652356223851139,0.00029549563257108433,1.0379691649001876,0.0,0.484,0.017114712978774448
6,SWAP M=1024,swap,1024,33,500,0.3,6144000,12288000,0.09936643112247881,0.9998548961790443,0.9999907013681553,1.002756269800398,0.0,0.234,0.30395082348350566
6,SWAP M=1024,swap,1024,34,500,0.3,6144000,12288000,2.6773719567598226e-08,1.998735306942629e-08,1.4803907013133961e-07,0.7426676383212616,0.0,0.492,-0.0029247062997294257
6,SWAP M=1024,swap,1024,35,500,0.3,6144000,12288000,0.001185010701500333,0.9998788538128336,0.9999830529689202,2.9262703675796757,0.0,0.28,0.3158274950949341
6,SWAP M=1024,swap,1024,36,500,0.3,6144000,12288000,5.869811800120247e-05,0.008374425155488556,0.008374425155488556,2.1543308285406324,0.0,0.392,0.09671012776463894
6,SWAP M=1024,swap,1024,37,500,0.3,6144000,12288000,0.0028694658463640846,0.999678262639546,0.9999686269220645,2.542185314680524,0.0,0.204,0.35060938790373675
6,SWAP M=1024,swap,1024,38,500,0.3,6144000,12288000,0.009320364951590299,0.999814779787055,0.9999914977448824,2.030563389422656,0.0,0.232,0.3518036543390269
6,SWAP M=1024,swap,1024,39,500,0.3,6144000,12288000,0.0009044364432379531,0.9997554422582823,0.9999749440417687,3.0436110647711154,0.0,0.208,0.36640593051395687
6,SWAP M=1024,swap,1024,40,500,0.3,6144000,12288000,0.003343176244982164,0.9997375824798665,0.9999846039102375,2.4758340412548745,0.0,0.202,0.35498319673463075
6,SWAP M=1024,swap,1024,41,500,0.3,6144000,12288000,0.012926634175031109,0.9997903169892758,0.9999924450795753,1.8885112605202996,0.0,0.212,0.3404970659595192
6,SWAP M=1024,swap,1024,42,500,0.3,6144000,12288000,0.002888330601050572,0.9997813945108569,0.9999940066614152,2.5393504956187103,0.0,0.202,0.3584267104593995
6,SWAP M=1024,swap,1024,43,500,0.3,6144000,12288000,0.004679626430975123,0.999892164776927,0.9999913642183351,2.3297850642667624,0.0,0.226,0.36316294405129323
6,SWAP M=1024,swap,1024,44,500,0.3,6144000,12288000,0.00023919380656108603,0.0007554776731515563,0.0007554776731515563,0.4994717037488501,0.0,0.472,0.022145751469337494
6,SWAP M=1024,swap,1024,45,500,0.3,6144000,12288000,0.0005662746911442209,0.0124901739659867,0.0124901739659867,1.3435413354932217,0.0,0.38,0.10531408684693407
6,SWAP M=1024,swap,1024,46,500,0.3,6144000,12288000,4.967604538278311e-05,0.9996211170470063,0.9999887728406817,4.303848108907459,0.0,0.204,0.3734357481453254
6,SWAP M=1024,swap,1024,47,500,0.3,6144000,12288000,0.05540172998430875,0.9997967347374878,0.9999992353643073,1.2564763416256364,0.0,0.22,0.32247581412944953
6,SWAP M=1024,swap,1024,48,500,0.3,6144000,12288000,0.00038584562673463365,0.9999166960567465,0.9999898577229481,3.4135820130249583,0.0,0.27,0.3154509047655947
6,SWAP M=1024,swap,1024,49,500,0.3,6144000,12288000,1.3504394698368702e-06,6.577457505765015e-05,8.411299130535209e-05,1.7943879552728736,0.0,0.508,-0.0083130098957851
6,SWAP M=512 (state-copy matched to LE M=1024),swap,512,0,500,0.3,3072000,6144000,0.0012222929467531592,0.999653130505879,0.9999744981618548,2.912813618881029,0.0,0.228,0.33103882422767855
6,SWAP M=512 (state-copy matched to LE M=1024),swap,512,1,500,0.3,3072000,6144000,0.00012166084326484503,4.324275965794282e-05,0.00015084141030093098,0.09336976186309087,0.0,0.504,-0.006682523860905923
6,SWAP M=512 (state-copy matched to LE M=1024),swap,512,2,500,0.3,3072000,6144000,4.774143799926011e-08,3.7558762026255765e-07,3.362249971598523e-06,1.847734502524438,0.0,0.502,0.01754330567913134
6,SWAP M=512 (state-copy matched to LE M=1024),swap,512,3,500,0.3,3072000,6144000,0.0001992342583876116,0.0010177684579573845,0.0010980232835662322,0.7412475318503411,0.0,0.462,0.026115719038578546
6,SWAP M=512 (state-copy matched to LE M=1024),swap,512,4,500,0.3,3072000,6144000,8.09279203716495e-08,1.4313344786473633e-07,9.25488978630543e-06,2.05827287089346,0.0,0.52,-0.011538066580857166
6,SWAP M=512 (state-copy matched to LE M=1024),swap,512,5,500,0.3,3072000,6144000,0.07898873017099364,0.9994622451700569,0.9999728950477622,1.1024230961794956,0.0,0.244,0.2940436427526779
6,SWAP M=512 (state-copy matched to LE M=1024),swap,512,6,500,0.3,3072000,6144000,4.4938584465412234e-05,0.9997025277335049,0.9999486997949647,4.347358331712286,0.0,0.326,0.22215915694669494
6,SWAP M=512 (state-copy matched to LE M=1024),swap,512,7,500,0.3,3072000,6144000,0.001660834437752471,0.9998057367422084,0.9999634041227781,2.7796577648722014,0.0,0.23,0.3450766402447658
6,SWAP M=512 (state-copy matched to LE M=1024),swap,512,8,500,0.3,3072000,6144000,0.040541273641311396,0.999653074290606,0.999982172285527,1.3920948691220032,0.0,0.208,0.3264207524341311
6,SWAP M=512 (state-copy matched to LE M=1024),swap,512,9,500,0.3,3072000,6144000,7.279169012586173e-09,2.9890717631592867e-07,4.765690870084051e-07,1.8160440648695726,0.0,0.478,0.028034856284454585
6,SWAP M=512 (state-copy matched to LE M=1024),swap,512,10,500,0.3,3072000,6144000,7.808579220855442e-05,0.9993305775968,0.9993871617409417,4.1071617454075255,0.0,0.328,0.21054372696664386
6,SWAP M=512 (state-copy matched to LE M=1024),swap,512,11,500,0.3,3072000,6144000,1.0593261562445841e-07,1.7717677802497952e-07,1.2570415688517418e-06,1.0743199437658362,0.0,0.514,-0.005843351709935715
6,SWAP M=512 (state-copy matched to LE M=1024),swap,512,12,500,0.3,3072000,6144000,6.09484934758794e-07,5.581923197968877e-08,1.0393999961382205e-05,1.2318197356719178,0.0,0.53,-0.005595573546314096
6,SWAP M=512 (state-copy matched to LE M=1024),swap,512,13,500,0.3,3072000,6144000,0.021156843606819145,0.9991366586771595,0.9999671796537524,1.674534870344313,0.0,0.214,0.3231497210123969
6,SWAP M=512 (state-copy matched to LE M=1024),swap,512,14,500,0.3,3072000,6144000,4.9206755182762945e-05,0.0004029791239774084,0.0004221064807552403,0.9333972925801786,0.0,0.462,0.030923737781171953
6,SWAP M=512 (state-copy matched to LE M=1024),swap,512,15,500,0.3,3072000,6144000,0.0024111133013895473,0.9996377283525328,0.9999520611077178,2.617761560977909,0.0,0.22,0.32874703421748047
6,SWAP M=512 (state-copy matched to LE M=1024),swap,512,16,500,0.3,3072000,6144000,3.230987758078052e-05,4.735444623199406e-05,0.00012842196749133703,0.5993040067307533,0.0,0.492,0.004406687319568709
6,SWAP M=512 (state-copy matched to LE M=1024),swap,512,17,500,0.3,3072000,6144000,0.01165482626582742,0.9997263138777529,0.9999589162852734,1.9334763531647945,0.0,0.246,0.32293361349270644
6,SWAP M=512 (state-copy matched to LE M=1024),swap,512,18,500,0.3,3072000,6144000,0.0006335848000349983,0.9996470993535983,0.9999488486837553,3.1981730348977364,0.0,0.298,0.2594657100042933
6,SWAP M=512 (state-copy matched to LE M=1024),swap,512,19,500,0.3,3072000,6144000,0.023787667538136752,0.9996945601613101,0.9999691528029231,1.6236347429549052,0.0,0.212,0.3346337773101051
6,SWAP M=512 (state-copy matched to LE M=1024),swap,512,20,500,0.3,3072000,6144000,4.007267725454743e-06,6.83701591992694e-08,2.288959872788675e-05,0.756789820622692,0.0,0.486,-0.0025509138450558726
6,SWAP M=512 (state-copy matched to LE M=1024),swap,512,21,500,0.3,3072000,6144000,1.7457767558294518e-08,1.8158929394510076e-08,5.08682148823228e-07,1.4644577904325882,0.0,0.504,-0.004492634171716259
6,SWAP M=512 (state-copy matched to LE M=1024),swap,512,22,500,0.3,3072000,6144000,0.00031950782385663354,0.9997938001760995,0.9999439117282365,3.4954941432031412,0.0,0.318,0.2248233638545233
6,SWAP M=512 (state-copy matched to LE M=1024),swap,512,23,500,0.3,3072000,6144000,0.014359818228053989,0.9995005315955154,0.9999723671699374,1.8428390565693644,0.0,0.206,0.3437744937459101
6,SWAP M=512 (state-copy matched to LE M=1024),swap,512,24,500,0.3,3072000,6144000,2.2619312613199195e-07,9.336944897971834e-07,5.885419279900209e-06,1.4152980047630157,0.0,0.476,0.018841993068871608
6,SWAP M=512 (state-copy matched to LE M=1024),swap,512,25,500,0.3,3072000,6144000,0.007663341243926706,0.9997378094823789,0.9999818886705758,2.115573969421816,0.0,0.228,0.3175943329277907
6,SWAP M=512 (state-copy matched to LE M=1024),swap,512,26,500,0.3,3072000,6144000,0.0003340235255756068,0.9997868499232672,0.9998678176593846,3.476165534506993,0.0,0.308,0.22903890421797543
6,SWAP M=512 (state-copy matched to LE M=1024),swap,512,27,500,0.3,3072000,6144000,0.0003345677754147563,0.9999361437870385,0.9999860294251333,3.4755098239419655,0.0,0.226,0.31860861940376634
6,SWAP M=512 (state-copy matched to LE M=1024),swap,512,28,500,0.3,3072000,6144000,0.009946204020385735,0.9995548172330586,0.9999777745303736,2.0023329840898727,0.0,0.242,0.31602450696024736
6,SWAP M=512 (state-copy matched to LE M=1024),swap,512,29,500,0.3,3072000,6144000,4.232036507674706e-08,8.065988854898179e-10,2.7971259894944254e-06,1.8201626230272288,0.0,0.518,-0.02261861287230284
6,SWAP M=512 (state-copy matched to LE M=1024),swap,512,30,500,0.3,3072000,6144000,0.17398604417474292,0.9997240074648533,0.9999644364691087,0.7594701407709444,0.0,0.226,0.30497731155341334
6,SWAP M=512 (state-copy matched to LE M=1024),swap,512,31,500,0.3,3072000,6144000,0.007481358315305383,0.9997242553175599,0.9999748511098668,2.126008622315344,0.0,0.22,0.33035680841595444
6,SWAP M=512 (state-copy matched to LE M=1024),swap,512,32,500,0.3,3072000,6144000,2.707583765849382e-05,0.0004056324330991448,0.0005468641106042457,1.3052975211051008,0.0,0.47,0.024755172557307237
6,SWAP M=512 (state-copy matched to LE M=1024),swap,512,33,500,0.3,3072000,6144000,0.09936643112247881,0.999574442527183,0.9999732551930138,1.0027486928862546,0.0,0.23,0.3140089853976185
6,SWAP M=512 (state-copy matched to LE M=1024),swap,512,34,500,0.3,3072000,6144000,2.6773719567598226e-08,1.0106106927227443e-09,2.6121632792754647e-07,0.989291609823959,0.0,0.486,-0.006672138788298009
6,SWAP M=512 (state-copy matched to LE M=1024),swap,512,35,500,0.3,3072000,6144000,0.001185010701500333,0.9994263612206645,0.9999806394695122,2.926269319391172,0.0,0.242,0.31402103973370343
6,SWAP M=512 (state-copy matched to LE M=1024),swap,512,36,500,0.3,3072000,6144000,5.869811800120247e-05,1.9621859245432605e-06,6.975429834084279e-05,0.07494679752525091,0.0,0.508,-0.029936194737627306
6,SWAP M=512 (state-copy matched to LE M=1024),swap,512,37,500,0.3,3072000,6144000,0.0028694658463640846,0.9996904502716326,0.9999553358169113,2.5421795422074362,0.0,0.22,0.34068129426481575
6,SWAP M=512 (state-copy matched to LE M=1024),swap,512,38,500,0.3,3072000,6144000,0.009320364951590299,0.9994405213749984,0.9999575479739943,2.0305486448488463,0.0,0.226,0.3040203230597903
6,SWAP M=512 (state-copy matched to LE M=1024),swap,512,39,500,0.3,3072000,6144000,0.0009044364432379531,0.9992550498198389,0.9999815610706858,3.0436139385727587,0.0,0.26,0.3074125893031143
6,SWAP M=512 (state-copy matched to LE M=1024),swap,512,40,500,0.3,3072000,6144000,0.003343176244982164,0.9998304624452972,0.9999490106669904,2.4758185827926296,0.0,0.212,0.3440367073000882
6,SWAP M=512 (state-copy matched to LE M=1024),swap,512,41,500,0.3,3072000,6144000,0.012926634175031109,0.9996891580036078,0.9999651454857331,1.888499404205925,0.0,0.23,0.33184006452636255
6,SWAP M=512 (state-copy matched to LE M=1024),swap,512,42,500,0.3,3072000,6144000,0.002888330601050572,0.9996740970032464,0.9999631384858011,2.539337089453114,0.0,0.234,0.3346658005136066
6,SWAP M=512 (state-copy matched to LE M=1024),swap,512,43,500,0.3,3072000,6144000,0.004679626430975123,0.9997413654230788,0.9999346029643245,2.3297604122548243,0.0,0.228,0.3292885033877076
6,SWAP M=512 (state-copy matched to LE M=1024),swap,512,44,500,0.3,3072000,6144000,0.00023919380656108603,0.9997451031917884,0.999956437724653,3.6212311504457015,0.0,0.348,0.21637357552239267
6,SWAP M=512 (state-copy matched to LE M=1024),swap,512,45,500,0.3,3072000,6144000,0.0005662746911442209,0.005780492393812543,0.005780492393812543,1.0089376821865255,0.0,0.458,0.044425649927080785
6,SWAP M=512 (state-copy matched to LE M=1024),swap,512,46,500,0.3,3072000,6144000,4.967604538278311e-05,0.9993625299240495,0.9999856287281585,4.303846743419263,0.0,0.248,0.3198579404182539
6,SWAP M=512 (state-copy matched to LE M=1024),swap,512,47,500,0.3,3072000,6144000,0.05540172998430875,0.999775247955499,0.9999595285895774,1.2564590968369211,0.0,0.26,0.3024297362142394
6,SWAP M=512 (state-copy matched to LE M=1024),swap,512,48,500,0.3,3072000,6144000,0.00038584562673463365,0.0012884997744278968,0.00136626237936546,0.5491205277927129,0.0,0.48,0.02373995142293272
6,SWAP M=512 (state-copy matched to LE M=1024),swap,512,49,500,0.3,3072000,6144000,1.3504394698368702e-06,0.00011929137967307253,0.00042296858209211536,2.4958329866163087,0.0,0.514,0.005014220399865921
6,SWAP-noise random walk M=64,swap_null,64,0,500,0.3,384000,768000,0.0012222929467531592,0.0009768435127709375,0.020301315816660784,1.2203488816713957,0.0,0.482,0.012752590113361677
6,SWAP-noise random walk M=64,swap_null,64,1,500,0.3,384000,768000,0.00012166084326484503,1.2924324747131752e-05,0.00016421355481294935,0.13025818023338287,0.0,0.482,-0.011242939361948262
6,SWAP-noise random walk M=64,swap_null,64,2,500,0.3,384000,768000,4.774143799926011e-08,9.073125116163466e-07,1.1064739508052982e-05,2.365045697928844,0.0,0.504,0.006984726344411442
6,SWAP-noise random walk M=64,swap_null,64,3,500,0.3,384000,768000,0.0001992342583876116,0.0004391836705051381,0.0006573398475709249,0.518425942196032,0.0,0.504,0.008420989793670444
6,SWAP-noise random walk M=64,swap_null,64,4,500,0.3,384000,768000,8.09279203716495e-08,1.0257389359836875e-05,9.682335235991764e-05,3.0778817350007337,0.0,0.5,-0.010950032709021607
6,SWAP-noise random walk M=64,swap_null,64,5,500,0.3,384000,768000,0.07898873017099364,0.04778526691519342,0.14682033882101894,0.2692210898391989,0.0,0.504,-0.0001155937394239946
6,SWAP-noise random walk M=64,swap_null,64,6,500,0.3,384000,768000,4.4938584465412234e-05,0.00020249979754955824,0.0032639833417201563,1.8611285452733681,0.0,0.514,9.669126179323028e-05
6,SWAP-noise random walk M=64,swap_null,64,7,500,0.3,384000,768000,0.001660834437752471,0.004556813004618199,0.006014015283761205,0.558838186013884,0.0,0.528,-0.02721289570439355
6,SWAP-noise random walk M=64,swap_null,64,8,500,0.3,384000,768000,0.040541273641311396,0.01507324060867798,0.06364113949977122,0.19584055879116913,0.0,0.506,0.00021804073616408216
6,SWAP-noise random walk M=64,swap_null,64,9,500,0.3,384000,768000,7.279169012586173e-09,3.511705203454579e-05,0.00010111515432268074,4.142734445783249,0.0,0.502,0.02111829624859812
6,SWAP-noise random walk M=64,swap_null,64,10,500,0.3,384000,768000,7.808579220855442e-05,0.000858636129438327,0.0011885232005086547,1.1824356430402254,0.0,0.492,-0.007211897549342317
6,SWAP-noise random walk M=64,swap_null,64,11,500,0.3,384000,768000,1.0593261562445841e-07,0.0003395984168195949,0.0003520741545011793,3.521604449255715,0.0,0.476,0.028654472141810775
6,SWAP-noise random walk M=64,swap_null,64,12,500,0.3,384000,768000,6.09484934758794e-07,3.664450720053669e-07,0.000488621945663471,2.9040099935075228,0.0,0.492,-0.007693830180053073
6,SWAP-noise random walk M=64,swap_null,64,13,500,0.3,384000,768000,0.021156843606819145,0.004365038230330315,0.06418327650755683,0.48197100800260273,0.0,0.534,-0.005884041751195271
6,SWAP-noise random walk M=64,swap_null,64,14,500,0.3,384000,768000,4.9206755182762945e-05,0.000191254670124771,0.00042151595737568884,0.9327892928981663,0.0,0.454,0.031052293408233574
6,SWAP-noise random walk M=64,swap_null,64,15,500,0.3,384000,768000,0.0024111133013895473,0.011974342678363179,0.028360391488537338,1.0704946026527102,0.0,0.474,0.020602019682303227
6,SWAP-noise random walk M=64,swap_null,64,16,500,0.3,384000,768000,3.230987758078052e-05,5.3682555790171284e-05,0.0012851022780161138,1.599602380916108,0.0,0.516,-0.00789218587459258
6,SWAP-noise random walk M=64,swap_null,64,17,500,0.3,384000,768000,0.01165482626582742,0.13091497442104785,0.16854906853454835,1.1602205527511384,0.0,0.482,0.04392826910229159
6,SWAP-noise random walk M=64,swap_null,64,18,500,0.3,384000,768000,0.0006335848000349983,0.0016096154935938258,0.00821847705231789,1.1129865970526631,0.0,0.496,0.002667714774847468
6,SWAP-noise random walk M=64,swap_null,64,19,500,0.3,384000,768000,0.023787667538136752,0.003111682720293291,0.03610016682943488,0.18115734884119217,0.0,0.526,-0.017830180111859936
6,SWAP-noise random walk M=64,swap_null,64,20,500,0.3,384000,768000,4.007267725454743e-06,0.0004708977266227134,0.001122074337589151,2.447173271340996,0.0,0.512,-0.014060905799608217
6,SWAP-noise random walk M=64,swap_null,64,21,500,0.3,384000,768000,1.7457767558294518e-08,0.0002606839811613676,0.0012292395007748214,4.847647800791256,0.0,0.478,0.02006252999914265
6,SWAP-noise random walk M=64,swap_null,64,22,500,0.3,384000,768000,0.00031950782385663354,0.005002144207305775,0.009875885446035503,1.490094546463674,0.0,0.494,0.009532362781392523
6,SWAP-noise random walk M=64,swap_null,64,23,500,0.3,384000,768000,0.014359818228053989,0.11420595995747797,0.1806337433427402,1.0996499395929298,0.0,0.46,0.03169588986909977
6,SWAP-noise random walk M=64,swap_null,64,24,500,0.3,384000,768000,2.2619312613199195e-07,9.124264158528936e-07,8.300138806109494e-05,2.564605952442977,0.0,0.518,-0.018940355707517592
6,SWAP-noise random walk M=64,swap_null,64,25,500,0.3,384000,768000,0.007663341243926706,0.01817074667299996,0.043835001639216505,0.7574028622743387,0.0,0.492,0.0212340562013511
6,SWAP-noise random walk M=64,swap_null,64,26,500,0.3,384000,768000,0.0003340235255756068,3.2185369749827384e-10,0.0016939310282548582,0.7051186675601744,0.0,0.572,-0.04154808802264781
6,SWAP-noise random walk M=64,swap_null,64,27,500,0.3,384000,768000,0.0003345677754147563,9.920436311005974e-08,0.0003345677754147563,0.0,0.0,0.54,-0.037129820636870425
6,SWAP-noise random walk M=64,swap_null,64,28,500,0.3,384000,768000,0.009946204020385735,0.03279939239267337,0.1511253072192812,1.1816798333332892,0.0,0.512,0.019479045172430723
6,SWAP-noise random walk M=64,swap_null,64,29,500,0.3,384000,768000,4.232036507674706e-08,0.00013553814063500512,0.0006867148749070557,4.210227049247937,0.0,0.508,-0.005186735254288978
6,SWAP-noise random walk M=64,swap_null,64,30,500,0.3,384000,768000,0.17398604417474292,0.029328863987827837,0.2133319922302693,0.08854157518867445,0.0,0.512,-0.01995016509046445
6,SWAP-noise random walk M=64,swap_null,64,31,500,0.3,384000,768000,0.007481358315305383,3.03325464759508e-06,0.018705924267729164,0.39799871621762195,0.0,0.512,-0.011314974040524305
6,SWAP-noise random walk M=64,swap_null,64,32,500,0.3,384000,768000,2.707583765849382e-05,0.0001169873556166261,0.0005644572857261086,1.3190491815759113,0.0,0.516,-0.010351838411211343
6,SWAP-noise random walk M=64,swap_null,64,33,500,0.3,384000,768000,0.09936643112247881,0.34474132614795355,0.420165719321179,0.6261809242560432,0.0,0.462,0.03317576548087635
6,SWAP-noise random walk M=64,swap_null,64,34,500,0.3,384000,768000,2.6773719567598226e-08,1.0270106409460193e-07,2.6480335709620622e-05,2.995214776452265,0.0,0.508,0.0015164646038512664
6,SWAP-noise random walk M=64,swap_null,64,35,500,0.3,384000,768000,0.001185010701500333,0.0010506406940079239,0.009102131708133086,0.8854208431148254,0.0,0.504,0.004290356265700368
6,SWAP-noise random walk M=64,swap_null,64,36,500,0.3,384000,768000,5.869811800120247e-05,2.2393424737174038e-05,0.0006362732039665828,1.0350194567522348,0.0,0.51,0.0024381059894428214
6,SWAP-noise random walk M=64,swap_null,64,37,500,0.3,384000,768000,0.0028694658463640846,0.0018364975343256812,0.004757994735640927,0.21962289723660877,0.0,0.516,0.00562382022688769
6,SWAP-noise random walk M=64,swap_null,64,38,500,0.3,384000,768000,0.009320364951590299,0.0014409438479508843,0.04723906787605633,0.7048684014237196,0.0,0.506,-0.011223075603450913
6,SWAP-noise random walk M=64,swap_null,64,39,500,0.3,384000,768000,0.0009044364432379531,0.0004095584416660593,0.004121161403916326,0.6586415704285193,0.0,0.528,-0.02073126487287275
6,SWAP-noise random walk M=64,swap_null,64,40,500,0.3,384000,768000,0.003343176244982164,0.0012665165519592364,0.013290000072223496,0.5993657110460469,0.0,0.498,0.00762124210856724
6,SWAP-noise random walk M=64,swap_null,64,41,500,0.3,384000,768000,0.012926634175031109,0.09450195286699861,0.16056883135983868,1.0941757881262424,0.0,0.484,0.02976058536075376
6,SWAP-noise random walk M=64,swap_null,64,42,500,0.3,384000,768000,0.002888330601050572,0.00024144091239642476,0.005006985517704912,0.23892943373993036,0.0,0.526,-0.009674963490513545
6,SWAP-noise random walk M=64,swap_null,64,43,500,0.3,384000,768000,0.004679626430975123,0.003787513607868528,0.03313587073777259,0.8500872021357306,0.0,0.476,0.020104490827566202
6,SWAP-noise random walk M=64,swap_null,64,44,500,0.3,384000,768000,0.00023919380656108603,7.353153279928108e-05,0.0006770201347489228,0.4518516546178182,0.0,0.518,-0.005870996903381176
6,SWAP-noise random walk M=64,swap_null,64,45,500,0.3,384000,768000,0.0005662746911442209,1.6816225071144208e-07,0.0006547535721496747,0.06305072461571459,0.0,0.562,-0.04892568771035183
6,SWAP-noise random walk M=64,swap_null,64,46,500,0.3,384000,768000,4.967604538278311e-05,0.00458686993488624,0.01827688552285809,2.5657551764735054,0.0,0.498,0.01245932699527512
6,SWAP-noise random walk M=64,swap_null,64,47,500,0.3,384000,768000,0.05540172998430875,0.05393908467580902,0.07093156282128393,0.10731620238235373,0.0,0.522,-0.000708428290992258
6,SWAP-noise random walk M=64,swap_null,64,48,500,0.3,384000,768000,0.00038584562673463365,5.596288196184659e-07,0.00045406203922939407,0.07070161304960054,0.0,0.546,-0.04561690607119903
6,SWAP-noise random walk M=64,swap_null,64,49,500,0.3,384000,768000,1.3504394698368702e-06,0.0007411548999414826,0.0013038156842495297,2.9847410783142845,0.0,0.5,0.018806120844105788
6,SWAP-noise random walk M=1024,swap_null,1024,0,500,0.3,6144000,12288000,0.0012222929467531592,4.806524168527661e-06,0.0013613743634554784,0.04680226231528639,0.0,0.514,-0.03318025961234681
6,SWAP-noise random walk M=1024,swap_null,1024,1,500,0.3,6144000,12288000,0.00012166084326484503,4.7095176466686894e-05,0.00017089342441698244,0.14757453004468246,0.0,0.522,-0.00025964774313884576
6,SWAP-noise random walk M=1024,swap_null,1024,2,500,0.3,6144000,12288000,4.774143799926011e-08,8.883348792256595e-06,1.3185771661287445e-05,2.4412100547075513,0.0,0.476,0.02950934531117157
6,SWAP-noise random walk M=1024,swap_null,1024,3,500,0.3,6144000,12288000,0.0001992342583876116,0.00034331668317938056,0.0005069072881254167,0.4055645178247054,0.0,0.5,0.014179051199503176
6,SWAP-noise random walk M=1024,swap_null,1024,4,500,0.3,6144000,12288000,8.09279203716495e-08,1.8400447664958895e-05,2.4899508350082478e-05,2.488092391532594,0.0,0.496,0.016635481071393916
6,SWAP-noise random walk M=1024,swap_null,1024,5,500,0.3,6144000,12288000,0.07898873017099364,0.08655745522815864,0.09311675005636207,0.07146267777462811,0.0,0.494,0.007391568753728053
6,SWAP-noise random walk M=1024,swap_null,1024,6,500,0.3,6144000,12288000,4.4938584465412234e-05,1.9340169101494347e-05,0.000174865894649252,0.5900857258470298,0.0,0.502,-0.01182687753804567
6,SWAP-noise random walk M=1024,swap_null,1024,7,500,0.3,6144000,12288000,0.001660834437752471,0.0004242922711848215,0.0025594679474748474,0.18782335374881498,0.0,0.498,-0.014726198019064662
6,SWAP-noise random walk M=1024,swap_null,1024,8,500,0.3,6144000,12288000,0.040541273641311396,0.03143066791568147,0.04762525684225192,0.06993994250225799,0.0,0.508,-0.014468452712499576
6,SWAP-noise random walk M=1024,swap_null,1024,9,500,0.3,6144000,12288000,7.279169012586173e-09,8.368805112620809e-07,9.685608257207223e-07,2.1240450964151414,0.0,0.424,0.05542668573551345
6,SWAP-noise random walk M=1024,swap_null,1024,10,500,0.3,6144000,12288000,7.808579220855442e-05,9.510355407369456e-05,0.00024000390551241177,0.48764628818369404,0.0,0.496,0.0024962810146941456
6,SWAP-noise random walk M=1024,swap_null,1024,11,500,0.3,6144000,12288000,1.0593261562445841e-07,2.9018300011148187e-07,2.0006930756326285e-05,2.276150773301124,0.0,0.492,0.006765881575159885
6,SWAP-noise random walk M=1024,swap_null,1024,12,500,0.3,6144000,12288000,6.09484934758794e-07,2.5421919014673782e-08,4.18470398029927e-06,0.8367017668723715,0.0,0.504,-0.012386846539550071
6,SWAP-noise random walk M=1024,swap_null,1024,13,500,0.3,6144000,12288000,0.021156843606819145,0.021334712260842197,0.025316618014532773,0.07795481314933439,0.0,0.496,0.003640139006287906
6,SWAP-noise random walk M=1024,swap_null,1024,14,500,0.3,6144000,12288000,4.9206755182762945e-05,6.0627945886767404e-05,0.0001055348523045415,0.3313711791778853,0.0,0.492,0.005078775488180065
6,SWAP-noise random walk M=1024,swap_null,1024,15,500,0.3,6144000,12288000,0.0024111133013895473,0.0022863947995815943,0.0028531874771765345,0.07311269027974276,0.0,0.514,0.0014886196054480108
6,SWAP-noise random walk M=1024,swap_null,1024,16,500,0.3,6144000,12288000,3.230987758078052e-05,2.020506820069685e-05,3.3540613514047034e-05,0.01623568979878609,0.0,0.506,0.007009365033694437
6,SWAP-noise random walk M=1024,swap_null,1024,17,500,0.3,6144000,12288000,0.01165482626582742,0.025590239271069834,0.028399432139815585,0.38680385217057345,0.0,0.478,0.04105802358840204
6,SWAP-noise random walk M=1024,swap_null,1024,18,500,0.3,6144000,12288000,0.0006335848000349983,0.001072949675440285,0.0016335878116680925,0.4113377346486695,0.0,0.476,0.016289185450247615
6,SWAP-noise random walk M=1024,swap_null,1024,19,500,0.3,6144000,12288000,0.023787667538136752,0.00976744036590423,0.024823226676390073,0.018506373041378366,0.0,0.53,-0.03605472441587366
6,SWAP-noise random walk M=1024,swap_null,1024,20,500,0.3,6144000,12288000,4.007267725454743e-06,4.221381946337506e-05,7.851498809417008e-05,1.2921042105637008,0.0,0.494,0.013644429415191511
6,SWAP-noise random walk M=1024,swap_null,1024,21,500,0.3,6144000,12288000,1.7457767558294518e-08,6.521825103482544e-07,1.3477204572281329e-06,1.887611113856745,0.0,0.49,0.012142048608129558
6,SWAP-noise random walk M=1024,swap_null,1024,22,500,0.3,6144000,12288000,0.00031950782385663354,0.0004184636403911558,0.000540537007455322,0.22834393566200806,0.0,0.478,0.01488285167254612
6,SWAP-noise random walk M=1024,swap_null,1024,23,500,0.3,6144000,12288000,0.014359818228053989,0.006782199475567911,0.01839889579831969,0.10764281731911352,0.0,0.508,-0.008824435422906495
6,SWAP-noise random walk M=1024,swap_null,1024,24,500,0.3,6144000,12288000,2.2619312613199195e-07,1.4358591963455375e-07,4.0438561202665925e-07,0.2523162922162827,0.0,0.51,-0.00039056501464154893
6,SWAP-noise random walk M=1024,swap_null,1024,25,500,0.3,6144000,12288000,0.007663341243926706,0.012420148194725826,0.01337614190714059,0.2419127026816863,0.0,0.484,0.012462961100580792
6,SWAP-noise random walk M=1024,swap_null,1024,26,500,0.3,6144000,12288000,0.0003340235255756068,9.18160314690641e-05,0.0003340235255756068,0.0,0.0,0.522,-0.026130617182548985
6,SWAP-noise random walk M=1024,swap_null,1024,27,500,0.3,6144000,12288000,0.0003345677754147563,0.00022512587395555437,0.0004884923489097954,0.1643736572286123,0.0,0.522,-0.008453046421897883
6,SWAP-noise random walk M=1024,swap_null,1024,28,500,0.3,6144000,12288000,0.009946204020385735,0.023905779127570765,0.041059437470284,0.6157556316737556,0.0,0.478,0.02146998422824106
6,SWAP-noise random walk M=1024,swap_null,1024,29,500,0.3,6144000,12288000,4.232036507674706e-08,9.300750259020202e-07,2.3664340286583886e-06,1.7475449962448586,0.0,0.524,-0.005666615857399659
6,SWAP-noise random walk M=1024,swap_null,1024,30,500,0.3,6144000,12288000,0.17398604417474292,0.19268728689621079,0.2047510834318112,0.07071179458047283,0.0,0.48,0.0011966022861105614
6,SWAP-noise random walk M=1024,swap_null,1024,31,500,0.3,6144000,12288000,0.007481358315305383,0.00483078967417854,0.01547141280592617,0.315549518538381,0.0,0.502,-0.004237099506216879
6,SWAP-noise random walk M=1024,swap_null,1024,32,500,0.3,6144000,12288000,2.707583765849382e-05,2.1557552359808067e-05,0.0001206100083041951,0.6488014458771829,0.0,0.476,0.004833267586843368
6,SWAP-noise random walk M=1024,swap_null,1024,33,500,0.3,6144000,12288000,0.09936643112247881,0.090427941615896,0.11638282796308717,0.0686492139841357,0.0,0.534,-0.011689444037136607
6,SWAP-noise random walk M=1024,swap_null,1024,34,500,0.3,6144000,12288000,2.6773719567598226e-08,3.983053475561995e-08,7.808770713323734e-07,1.4648739607495358,0.0,0.526,-0.016903386401818668
6,SWAP-noise random walk M=1024,swap_null,1024,35,500,0.3,6144000,12288000,0.001185010701500333,0.0004334540525722319,0.0013504626612545162,0.056760308588697406,0.0,0.542,-0.02257701342063564
6,SWAP-noise random walk M=1024,swap_null,1024,36,500,0.3,6144000,12288000,5.869811800120247e-05,4.316125403868538e-06,8.320056192923484e-05,0.1515020825120219,0.0,0.496,-0.011800097671349185
6,SWAP-noise random walk M=1024,swap_null,1024,37,500,0.3,6144000,12288000,0.0028694658463640846,0.005130205032636023,0.0067744563763695404,0.3730733905598411,0.0,0.462,0.018528163350929
6,SWAP-noise random walk M=1024,swap_null,1024,38,500,0.3,6144000,12288000,0.009320364951590299,0.012173944930913706,0.016227599715635473,0.24082136839244095,0.0,0.502,-0.005621462051335153
6,SWAP-noise random walk M=1024,swap_null,1024,39,500,0.3,6144000,12288000,0.0009044364432379531,0.0002542761969981449,0.0009044364432379531,0.0,0.0,0.524,-0.024505825877405702
6,SWAP-noise random walk M=1024,swap_null,1024,40,500,0.3,6144000,12288000,0.003343176244982164,0.0006033870469240167,0.003950505342291756,0.07249338117500859,0.0,0.532,-0.021635703292668843
6,SWAP-noise random walk M=1024,swap_null,1024,41,500,0.3,6144000,12288000,0.012926634175031109,0.011304626561585552,0.02059168752641832,0.20220648089578264,0.0,0.458,0.0028065372137669156
6,SWAP-noise random walk M=1024,swap_null,1024,42,500,0.3,6144000,12288000,0.002888330601050572,0.002380465007500179,0.006729108553599575,0.3673106328736089,0.0,0.504,0.00038453972992058414
6,SWAP-noise random walk M=1024,swap_null,1024,43,500,0.3,6144000,12288000,0.004679626430975123,0.0009691774645766352,0.005386507471096936,0.06109608130479227,0.0,0.5,-0.0199391211080127
6,SWAP-noise random walk M=1024,swap_null,1024,44,500,0.3,6144000,12288000,0.00023919380656108603,8.603382956034321e-05,0.00027788869962632915,0.06512095621851399,0.0,0.518,-0.020854846200454937
6,SWAP-noise random walk M=1024,swap_null,1024,45,500,0.3,6144000,12288000,0.0005662746911442209,3.270441934638807e-05,0.0005662746911442209,0.0,0.0,0.552,-0.037522414674609574
6,SWAP-noise random walk M=1024,swap_null,1024,46,500,0.3,6144000,12288000,4.967604538278311e-05,1.5375806269451595e-05,0.0004255173593984666,0.9327702670799844,0.0,0.478,0.0036907226521754885
6,SWAP-noise random walk M=1024,swap_null,1024,47,500,0.3,6144000,12288000,0.05540172998430875,0.05835800902448996,0.06135520886041235,0.04432811253936886,0.0,0.48,0.003721005921080616
6,SWAP-noise random walk M=1024,swap_null,1024,48,500,0.3,6144000,12288000,0.00038584562673463365,0.00034870623659593805,0.0007922269988124863,0.31243605670318964,0.0,0.502,0.0033061503751932184
6,SWAP-noise random walk M=1024,swap_null,1024,49,500,0.3,6144000,12288000,1.3504394698368702e-06,3.5467022137130275e-05,3.5467022137130275e-05,1.4193496032386204,0.0,0.518,-0.01969034467484834
8,exact,exact,0,0,500,0.3,0,0,0.0009216073716804334,1.0,1.0,3.035454060106485,0.0,0.0,1.0
8,exact,exact,0,1,500,0.3,0,0,0.07696876056170965,1.0,1.0,1.113685506886592,0.0,0.0,1.0
8,exact,exact,0,2,500,0.3,0,0,1.3910955549309587e-05,6.3309286683284e-05,6.3309286683284e-05,0.6581104573929029,0.0,0.0,1.0
8,exact,exact,0,3,500,0.3,0,0,0.0007580274566079217,1.0,1.0,3.1203150634479537,0.0,0.0,1.0
8,exact,exact,0,4,500,0.3,0,0,2.7283544925353927e-06,3.0449822882662904e-06,3.0449822882662904e-06,0.047683973693161796,0.0,0.0,1.0
8,exact,exact,0,5,500,0.3,0,0,0.0017959826874502176,1.0,1.0,2.745697854072432,0.0,0.0,1.0
8,exact,exact,0,6,500,0.3,0,0,4.5747892482347215e-07,6.259894563081592e-07,6.259894563081592e-07,0.136195926595434,0.0,0.0,1.0
8,exact,exact,0,7,500,0.3,0,0,6.491029639100393e-09,6.523329596697083e-09,6.523329596697083e-09,0.0021557299745538216,0.0,0.0,1.0
8,exact,exact,0,8,500,0.3,0,0,0.001540970950410429,1.0,1.0,2.812205548299989,0.0,0.0,1.0
8,exact,exact,0,9,500,0.3,0,0,0.0005574567407363002,1.0,1.0,3.2537888287075205,0.0,0.0,1.0
8,exact,exact,0,10,500,0.3,0,0,1.4425642864258397e-06,1.4813619682935223e-06,1.4813619682935223e-06,0.011526014455450095,0.0,0.0,1.0
8,exact,exact,0,11,500,0.3,0,0,0.0026360207167236173,1.0,1.0,2.579051180905268,0.0,0.0,1.0
8,exact,exact,0,12,500,0.3,0,0,0.016105636451783072,1.0,1.0,1.7930221083459432,0.0,0.0,1.0
8,exact,exact,0,13,500,0.3,0,0,1.9030354920806357e-07,2.3978330339001946e-07,2.3978330339001946e-07,0.10037205092626866,0.0,0.0,1.0
8,exact,exact,0,14,500,0.3,0,0,0.0026751390731438833,1.0,1.0,2.572653635276786,0.0,0.0,1.0
8,exact,exact,0,15,500,0.3,0,0,0.0010762192530459713,1.0,1.0,2.9680992429001614,0.0,0.0,1.0
8,exact,exact,0,16,500,0.3,0,0,1.9073675275858043e-05,3.9998984594142246e-05,3.9998984594142246e-05,0.32161458194326986,0.0,0.0,1.0
8,exact,exact,0,17,500,0.3,0,0,0.00016463644181232665,0.07520373661008666,0.07520373661008666,2.6597134483221048,0.0,0.0,1.0
8,exact,exact,0,18,500,0.3,0,0,0.3999222446032964,1.0,1.0,0.3980244387277355,0.0,0.0,1.0
8,exact,exact,0,19,500,0.3,0,0,9.904240197002547e-08,1.0038946004268002e-07,1.0038946004268002e-07,0.005866954045135486,0.0,0.0,1.0
8,exact,exact,0,20,500,0.3,0,0,1.8283616031706223e-08,1.8300240285566728e-08,1.8300240285566728e-08,0.0003946998999619922,0.0,0.0,1.0
8,exact,exact,0,21,500,0.3,0,0,0.0076187777913815655,1.0,1.0,2.1181146928378194,0.0,0.0,1.0
8,exact,exact,0,22,500,0.3,0,0,1.7717608436294027e-10,1.7718220543298165e-10,1.7718220543298165e-10,1.5003723738971075e-05,0.0,0.0,1.0
8,exact,exact,0,23,500,0.3,0,0,3.3271448420663515e-07,3.383339967406168e-07,3.383339967406168e-07,0.007273931483652518,0.0,0.0,1.0
8,exact,exact,0,24,500,0.3,0,0,4.169342600559087e-06,4.406050111693043e-06,4.406050111693043e-06,0.02398184907851597,0.0,0.0,1.0
8,exact,exact,0,25,500,0.3,0,0,7.255970556932137e-08,8.025485828236361e-08,8.025485828236361e-08,0.043775820396169784,0.0,0.0,1.0
8,exact,exact,0,26,500,0.3,0,0,8.009745291146442e-05,0.0022778643628639755,0.0022778643628639755,1.4539091543274134,0.0,0.0,1.0
8,exact,exact,0,27,500,0.3,0,0,2.5201757991044573e-05,3.407203530129557e-05,3.407203530129557e-05,0.13096724024824713,0.0,0.0,1.0
8,exact,exact,0,28,500,0.3,0,0,3.3556743330457337e-06,3.485147911412188e-06,3.485147911412188e-06,0.016441408416415726,0.0,0.0,1.0
8,exact,exact,0,29,500,0.3,0,0,1.8690220338487706e-05,0.033639811675749386,0.033639811675749386,3.2552391345467604,0.0,0.0,1.0
8,exact,exact,0,30,500,0.3,0,0,0.0005382139613478806,1.0,1.0,3.2690450407645684,0.0,0.0,1.0
8,exact,exact,0,31,500,0.3,0,0,1.0926925191466474e-08,1.4219921822423645e-08,1.4219921822423645e-08,0.1143992389623909,0.0,0.0,1.0
8,exact,exact,0,32,500,0.3,0,0,1.592247594031453e-05,2.4130784364816635e-05,2.4130784364816635e-05,0.1805608374496961,0.0,0.0,1.0
8,exact,exact,0,33,500,0.3,0,0,9.237051364388803e-05,0.00015748159367923474,0.00015748159367923474,0.231696442498452,0.0,0.0,1.0
8,exact,exact,0,34,500,0.3,0,0,4.638475555062181e-06,5.967867813519797e-06,5.967867813519797e-06,0.10944392288723748,0.0,0.0,1.0
8,exact,exact,0,35,500,0.3,0,0,4.542717178681196e-05,6.0316663259513944e-05,6.0316663259513944e-05,0.12312160892142732,0.0,0.0,1.0
8,exact,exact,0,36,500,0.3,0,0,2.0225452857666343e-10,2.1716638295020453e-10,2.1716638295020453e-10,0.030894343489842768,0.0,0.0,1.0
8,exact,exact,0,37,500,0.3,0,0,0.003894082659369788,1.0,1.0,2.409594833985179,0.0,0.0,1.0
8,exact,exact,0,38,500,0.3,0,0,0.0003050509105461394,1.0,1.0,3.5156276743445205,0.0,0.0,1.0
8,exact,exact,0,39,500,0.3,0,0,1.6066026873993668e-13,1.6066189856151462e-13,1.6066189856151462e-13,4.405687437980532e-06,0.0,0.0,1.0
8,exact,exact,0,40,500,0.3,0,0,1.3906615759409157e-06,1.5656340391264383e-06,1.5656340391264383e-06,0.051468799699153855,0.0,0.0,1.0
8,exact,exact,0,41,500,0.3,0,0,5.0842805623034035e-05,6.47668117082671e-05,6.47668117082671e-05,0.10512301054675266,0.0,0.0,1.0
8,exact,exact,0,42,500,0.3,0,0,0.0019278510690840358,1.0,1.0,2.714926519381973,0.0,0.0,1.0
8,exact,exact,0,43,500,0.3,0,0,1.6350536821270278e-06,1.7232148195173075e-06,1.7232148195173075e-06,0.022807404871070247,0.0,0.0,1.0
8,exact,exact,0,44,500,0.3,0,0,1.506437242627461e-09,1.5077255754934682e-09,1.5077255754934682e-09,0.00037125790635528233,0.0,0.0,1.0
8,exact,exact,0,45,500,0.3,0,0,9.815045313255306e-06,1.2080443057604083e-05,1.2080443057604083e-05,0.0901905536377523,0.0,0.0,1.0
8,exact,exact,0,46,500,0.3,0,0,0.003464044806380522,1.0,1.0,2.4604164991495048,0.0,0.0,1.0
8,exact,exact,0,47,500,0.3,0,0,2.2711810292946292e-07,2.527059716949801e-07,2.527059716949801e-07,0.04636375289338712,0.0,0.0,1.0
8,exact,exact,0,48,500,0.3,0,0,2.6834053383035525e-05,6.535349191264683e-05,6.535349191264683e-05,0.3865825179776081,0.0,0.0,1.0
8,exact,exact,0,49,500,0.3,0,0,8.43624633937025e-05,0.0011319437089262602,0.0011319437089262602,1.1276755774096965,0.0,0.0,1.0
8,LE M=64,loschmidt,64,0,500,0.3,512000,512000,0.0009216073716804334,0.9987796870160802,0.9998317434707846,3.0353809810761185,0.014,0.134,0.4731337959243171
8,LE M=64,loschmidt,64,1,500,0.3,512000,512000,0.07696876056170965,0.9993274394292048,0.9998438844727026,1.1136177014816713,0.0,0.194,0.2998378857139248
8,LE M=64,loschmidt,64,2,500,0.3,512000,512000,1.3910955549309587e-05,8.947490148945217e-05,9.633658370853435e-05,0.8404342783997691,0.538,0.192,0.14973494035854662
8,LE M=64,loschmidt,64,3,500,0.3,512000,512000,0.0007580274566079217,0.9989757329526063,0.9998879887763664,3.120266414866974,0.01,0.164,0.4297517244188641
8,LE M=64,loschmidt,64,4,500,0.3,512000,512000,2.7283544925353927e-06,2.952530218295618e-06,3.0917332883303573e-06,0.05430122486101219,0.952,0.02,0.08750179116567323
8,LE M=64,loschmidt,64,5,500,0.3,512000,512000,0.0017959826874502176,0.9983413462995445,0.9998384467216416,2.745627686707071,0.0,0.176,0.4066496925397084
8,LE M=64,loschmidt,64,6,500,0.3,512000,512000,4.5747892482347215e-07,1.1213219805172403e-06,1.4759561942903776e-06,0.5087023762657044,0.882,0.05,0.1208530116071146
8,LE M=64,loschmidt,64,7,500,0.3,512000,512000,6.491029639100393e-09,5.453437833388916e-09,6.4910296391003994e-09,0.0,0.998,0.002,-0.9967839757388597
8,LE M=64,loschmidt,64,8,500,0.3,512000,512000,0.001540970950410429,0.9991679969618047,0.9998434559216922,2.8121375567486293,0.006,0.176,0.41563841951236785
8,LE M=64,loschmidt,64,9,500,0.3,512000,512000,0.0005574567407363002,0.9992623731420632,0.9997293443256585,3.253671268531776,0.08,0.124,0.5068782835357785
8,LE M=64,loschmidt,64,10,500,0.3,512000,512000,1.4425642864258397e-06,1.497255567208275e-06,1.5031214579095659e-06,0.01785889848899913,0.98,0.006,0.14563360406641307
8,LE M=64,loschmidt,64,11,500,0.3,512000,512000,0.0026360207167236173,0.9989999025813302,0.999891198080725,2.5790039262613615,0.008,0.138,0.45308572408169645
8,LE M=64,loschmidt,64,12,500,0.3,512000,512000,0.016105636451783072,0.9975773924574498,0.9998486313158378,1.792956364785795,0.0,0.212,0.32907354394750465
8,LE M=64,loschmidt,64,13,500,0.3,512000,512000,1.9030354920806357e-07,5.715111339770307e-10,1.9030354920806357e-07,0.0,0.896,0.062,-0.19195814179587573
8,LE M=64,loschmidt,64,14,500,0.3,512000,512000,0.0026751390731438833,0.9981954544672119,0.9999312841970223,2.5726237913573473,0.002,0.158,0.4333852990160884
8,LE M=64,loschmidt,64,15,500,0.3,512000,512000,0.0010762192530459713,0.9990061988998034,0.999808624025314,2.9680161214164054,0.034,0.08,0.49835964811796707
8,LE M=64,loschmidt,64,16,500,0.3,512000,512000,1.9073675275858043e-05,5.76885956121061e-05,5.76885956121061e-05,0.4806555818803373,0.734,0.092,0.23876335328249768
8,LE M=64,loschmidt,64,17,500,0.3,512000,512000,0.00016463644181232665,0.03019445368052056,0.03019445368052056,2.2634012047875904,0.184,0.144,0.45225580455373204
8,LE M=64,loschmidt,64,18,500,0.3,512000,512000,0.3999222446032964,0.9981864805628374,0.9997792860174527,0.3979285732832251,0.0,0.22,0.2764077866005154
8,LE M=64,loschmidt,64,19,500,0.3,512000,512000,9.904240197002547e-08,1.1324455400362552e-07,1.1324455400362552e-07,0.058196161427297,0.996,0.0,0.9801064284976081
8,LE M=64,loschmidt,64,20,500,0.3,512000,512000,1.8283616031706223e-08,1.88360537486966e-08,1.88360537486966e-08,0.012927828796735596,0.998,0.0,0.7030440253741317
8,LE M=64,loschmidt,64,21,500,0.3,512000,512000,0.0076187777913815655,0.9975225857148383,0.9997644718889488,2.1180123922310496,0.0,0.212,0.348540008844924
8,LE M=64,loschmidt,64,22,500,0.3,512000,512000,1.7717608436294027e-10,1.771760843629403e-10,1.771760843629403e-10,0.0,1.0,0.0,
8,LE M=64,loschmidt,64,23,500,0.3,512000,512000,3.3271448420663515e-07,3.7331857053268236e-07,3.7331857053268236e-07,0.050007886596530327,0.992,0.0,0.6833876239293237
8,LE M=64,loschmidt,64,24,500,0.3,512000,512000,4.169342600559087e-06,4.501065563586812e-06,4.644164462704341e-06,0.046840007745687195,0.968,0.008,0.22218166918453666
8,LE M=64,loschmidt,64,25,500,0.3,512000,512000,7.255970556932137e-08,1.526729700251744e-07,1.526729700251744e-07,0.323066642439251,0.96,0.016,0.199814313830139
8,LE M=64,loschmidt,64,26,500,0.3,512000,512000,8.009745291146442e-05,0.006406354257638978,0.006406354257638978,1.902992244748405,0.224,0.152,0.4307654678085573
8,LE M=64,loschmidt,64,27,500,0.3,512000,512000,2.5201757991044573e-05,3.643834740640839e-05,3.7642251053016005e-05,0.17424475009644258,0.856,0.038,0.2582972931830577
8,LE M=64,loschmidt,64,28,500,0.3,512000,512000,3.3556743330457337e-06,3.432479131777868e-06,3.432479131777868e-06,0.009828099481908659,0.99,0.002,0.2251968270893995
8,LE M=64,loschmidt,64,29,500,0.3,512000,512000,1.8690220338487706e-05,0.00041641187155333774,0.00041641187155333774,1.347908681091981,0.284,0.306,0.12145055904079001
8,LE M=64,loschmidt,64,30,500,0.3,512000,512000,0.0005382139613478806,0.9987526322773819,0.999568220347094,3.268857480748699,0.086,0.132,0.4937991911660742
8,LE M=64,loschmidt,64,31,500,0.3,512000,512000,1.0926925191466474e-08,3.996930529860597e-11,6.34261039995695e-08,0.7637700655268036,0.892,0.064,-0.1851325126946404
8,LE M=64,loschmidt,64,32,500,0.3,512000,512000,1.592247594031453e-05,2.8160262656241684e-05,2.8160262656241684e-05,0.24762609992123874,0.792,0.064,0.1890103912621714
8,LE M=64,loschmidt,64,33,500,0.3,512000,512000,9.237051364388803e-05,0.00014708047798288752,0.00014848223721818907,0.20614114393826677,0.766,0.042,0.27693956174802864
8,LE M=64,loschmidt,64,34,500,0.3,512000,512000,4.638475555062181e-06,7.544626814916503e-06,7.806428270968717e-06,0.2260771013763465,0.898,0.032,0.2407216245944126
8,LE M=64,loschmidt,64,35,500,0.3,512000,512000,4.542717178681196e-05,6.292340036207176e-05,6.292340036207176e-05,0.14149648446082264,0.828,0.032,0.27349295568269777
8,LE M=64,loschmidt,64,36,500,0.3,512000,512000,2.0225452857666343e-10,4.259022317204052e-09,3.719417439937849e-08,2.264576668642322,0.966,0.014,0.1766130515440294
8,LE M=64,loschmidt,64,37,500,0.3,512000,512000,0.003894082659369788,0.9987934596075226,0.9998397422343123,2.4095252293443674,0.002,0.158,0.4084295181886084
8,LE M=64,loschmidt,64,38,500,0.3,512000,512000,0.0003050509105461394,0.9988240192322883,0.9998401677829132,3.5155582545467015,0.076,0.14,0.48525603972720616
8,LE M=64,loschmidt,64,39,500,0.3,512000,512000,1.6066026873993668e-13,1.6066026873989344e-13,1.6066026873993668e-13,0.0,1.0,0.0,
8,LE M=64,loschmidt,64,40,500,0.3,512000,512000,1.3906615759409157e-06,1.3922445830297487e-06,1.628093969773973e-06,0.06845801250028227,0.948,0.026,0.0012665434294765144
8,LE M=64,loschmidt,64,41,500,0.3,512000,512000,5.0842805623034035e-05,6.282698829430548e-05,6.282698829430548e-05,0.09191673374675435,0.878,0.026,0.2676410513925398
8,LE M=64,loschmidt,64,42,500,0.3,512000,512000,0.0019278510690840358,0.9987443640424681,0.9997832012061864,2.714832354654368,0.002,0.208,0.37558121609899336
8,LE M=64,loschmidt,64,43,500,0.3,512000,512000,1.6350536821270278e-06,1.4839672071173647e-06,1.6350536821270282e-06,0.0,0.986,0.01,-0.3958514096784767
8,LE M=64,loschmidt,64,44,500,0.3,512000,512000,1.506437242627461e-09,1.3056774378455717e-09,1.506437242627461e-09,0.0,0.998,0.002,-0.9575268702978006
8,LE M=64,loschmidt,64,45,500,0.3,512000,512000,9.815045313255306e-06,1.0801117854335229e-05,1.2662477052840161e-05,0.11062636237909285,0.916,0.032,0.07992312128126806
8,LE M=64,loschmidt,64,46,500,0.3,512000,512000,0.003464044806380522,0.9993050979228937,0.9998149214436349,2.4603361131146615,0.0,0.156,0.38487718626069434
8,LE M=64,loschmidt,64,47,500,0.3,512000,512000,2.2711810292946292e-07,1.256881054516983e-07,2.2711810292946835e-07,1.0658141036401503e-14,0.962,0.022,-0.20465024346040064
8,LE M=64,loschmidt,64,48,500,0.3,512000,512000,2.6834053383035525e-05,8.451515040252592e-05,8.906622826357851e-05,0.5210267819831831,0.67,0.12,0.19883530342166708
8,LE M=64,loschmidt,64,49,500,0.3,512000,512000,8.43624633937025e-05,0.0010086916903340802,0.0010086916903340802,1.077609190395806,0.328,0.194,0.2869903593555057
8,SWAP M=64,swap,64,0,500,0.3,512000,1024000,0.0009216073716804334,0.0002986683029155,0.002444560959358979,0.4236549317260292,0.0,0.5,0.012997147375568832
8,SWAP M=64,swap,64,1,500,0.3,512000,1024000,0.07696876056170965,0.9983701483398714,0.9993129182347915,1.1133870085092026,0.0,0.196,0.29566952758371257
8,SWAP M=64,swap,64,2,500,0.3,512000,1024000,1.3910955549309587e-05,8.472211220505533e-07,0.00033647059860235536,1.3835901579110175,0.0,0.518,-0.013727208626220073
8,SWAP M=64,swap,64,3,500,0.3,512000,1024000,0.0007580274566079217,0.9949997883488911,0.9991705752512159,3.1199546993883,0.0,0.214,0.28066103149861876
8,SWAP M=64,swap,64,4,500,0.3,512000,1024000,2.7283544925353927e-06,8.32159671566975e-05,0.0002656298296449351,1.9883760466240852,0.0,0.476,0.015704809900959994
8,SWAP M=64,swap,64,5,500,0.3,512000,1024000,0.0017959826874502176,0.9936704146389872,0.9992820568805397,2.7453859433568515,0.0,0.252,0.23402325111526498
8,SWAP M=64,swap,64,6,500,0.3,512000,1024000,4.5747892482347215e-07,0.4714622481198072,0.4714622481198072,6.013075831008481,0.0,0.424,0.08223589372021534
8,SWAP M=64,swap,64,7,500,0.3,512000,1024000,6.491029639100393e-09,4.2698652776265e-07,2.1093252064027926e-06,2.511829950303089,0.0,0.498,-0.00023846875124410583
8,SWAP M=64,swap,64,8,500,0.3,512000,1024000,0.001540970950410429,0.000758007429009201,0.004180272927018009,0.4334101857756001,0.0,0.51,-0.006104937242093008
8,SWAP M=64,swap,64,9,500,0.3,512000,1024000,0.0005574567407363002,0.9920858966919868,0.9994286701488087,3.253540632398068,0.0,0.338,0.1741171178714361
8,SWAP M=64,swap,64,10,500,0.3,512000,1024000,1.4425642864258397e-06,2.884051953293224e-11,3.4206098661353935e-06,0.37496836787848764,0.0,0.522,-0.010630236569621556
8,SWAP M=64,swap,64,11,500,0.3,512000,1024000,0.0026360207167236173,0.9945441079260533,0.9994637870333142,2.578818244115265,0.0,0.208,0.277150703676333
8,SWAP M=64,swap,64,12,500,0.3,512000,1024000,0.016105636451783072,0.9975608875257511,0.9993700676043343,1.7927484459790861,0.0,0.212,0.2881520309003907
8,SWAP M=64,swap,64,13,500,0.3,512000,1024000,1.9030354920806357e-07,5.441063225314739e-07,3.8135267336266785e-05,2.3018799071697114,0.0,0.504,-0.02013009809956825
8,SWAP M=64,swap,64,14,500,0.3,512000,1024000,0.0026751390731438833,0.9982728493832499,0.9993883464197768,2.572387916229769,0.0,0.212,0.2877397690505839
8,SWAP M=64,swap,64,15,500,0.3,512000,1024000,0.0010762192530459713,0.9965590735257682,0.9995934281305165,2.9679226350764276,0.0,0.206,0.3024235552789972
8,SWAP M=64,swap,64,16,500,0.3,512000,1024000,1.9073675275858043e-05,0.9966068553822718,0.9986745351808924,4.718989591493279,0.0,0.364,0.15882338310939254
8,SWAP M=64,swap,64,17,500,0.3,512000,1024000,0.00016463644181232665,0.00011028422318578824,0.002747091732939049,1.222347190572172,0.0,0.484,0.010383951213041994
8,SWAP M=64,swap,64,18,500,0.3,512000,1024000,0.3999222446032964,0.9974988896887887,0.9996726147466661,0.3978822338395941,0.0,0.23,0.2815272804378145
8,SWAP M=64,swap,64,19,500,0.3,512000,1024000,9.904240197002547e-08,5.807711040359684e-08,3.7522624374296995e-06,1.5784720415250106,0.0,0.508,-0.010262129701891543
8,SWAP M=64,swap,64,20,500,0.3,512000,1024000,1.8283616031706223e-08,3.1969544638538145e-12,7.475319778212475e-08,0.6115676833486896,0.0,0.506,-0.009386055438992914
8,SWAP M=64,swap,64,21,500,0.3,512000,1024000,0.0076187777913815655,0.9957478759662356,0.9994669264405835,2.1178831202044073,0.0,0.188,0.29226488557340663
8,SWAP M=64,swap,64,22,500,0.3,512000,1024000,1.7717608436294027e-10,1.3192312188527019e-14,2.994745247849321e-07,3.2279547850002386,0.0,0.532,-0.02956530132429491
8,SWAP M=64,swap,64,23,500,0.3,512000,1024000,3.3271448420663515e-07,1.536838824188839e-08,3.525532175457437e-05,2.0251529749673916,0.0,0.488,-0.0011063793349648866
8,SWAP M=64,swap,64,24,500,0.3,512000,1024000,4.169342600559087e-06,8.534480875765946e-09,2.7715585120337823e-05,0.8226564685149436,0.0,0.51,0.0014566151435594502
8,SWAP M=64,swap,64,25,500,0.3,512000,1024000,7.255970556932137e-08,7.324006915749386e-07,7.618063959160847e-05,3.0211491027687467,0.0,0.5,0.0018797171944897424
8,SWAP M=64,swap,64,26,500,0.3,512000,1024000,8.009745291146442e-05,0.007373077362126841,0.011016696791056817,2.1384326908555886,0.0,0.468,0.014047724580329527
8,SWAP M=64,swap,64,27,500,0.3,512000,1024000,2.5201757991044573e-05,5.9801105261686e-07,0.00021095452221153333,0.9227580029654159,0.0,0.496,-0.00690988418792271
8,SWAP M=64,swap,64,28,500,0.3,512000,1024000,3.3556743330457337e-06,4.5747942382319714e-07,0.0001139545335045135,1.5309518015102568,0.0,0.46,0.016339210455520937
8,SWAP M=64,swap,64,29,500,0.3,512000,1024000,1.8690220338487706e-05,0.9946400198801427,0.9994675047810846,4.728154257375988,0.0,0.238,0.270936223458521
8,SWAP M=64,swap,64,30,500,0.3,512000,1024000,0.0005382139613478806,1.6910774340153318e-06,0.0006304266470095746,0.06867960248692473,0.0,0.526,-0.013292293032759233
8,SWAP M=64,swap,64,31,500,0.3,512000,1024000,1.0926925191466474e-08,1.0461781263134761e-05,0.0002495933145407523,4.35873497861505,0.0,0.508,0.005508535283978102
8,SWAP M=64,swap,64,32,500,0.3,512000,1024000,1.592247594031453e-05,3.568939876961245e-05,8.842505570971914e-05,0.7445647407851492,0.0,0.526,-0.003603348117843875
8,SWAP M=64,swap,64,33,500,0.3,512000,1024000,9.237051364388803e-05,1.3410287525075143e-06,0.00010680807897676928,0.0630707454181989,0.0,0.494,-0.009918733939646698
8,SWAP M=64,swap,64,34,500,0.3,512000,1024000,4.638475555062181e-06,0.06736302174960945,0.06736302174960945,4.16204628818466,0.0,0.408,0.06503355391330846
8,SWAP M=64,swap,64,35,500,0.3,512000,1024000,4.542717178681196e-05,1.4117217873498633e-05,8.034036914222154e-05,0.24761812359486424,0.0,0.5,0.005233137953454712
8,SWAP M=64,swap,64,36,500,0.3,512000,1024000,2.0225452857666343e-10,7.03125784868638e-06,0.00012105381651447319,5.777080231721417,0.0,0.508,-0.0057402409671197755
8,SWAP M=64,swap,64,37,500,0.3,512000,1024000,0.003894082659369788,0.996403670487831,0.9996571162438274,2.409445895926259,0.0,0.26,0.24447121651299686
8,SWAP M=64,swap,64,38,500,0.3,512000,1024000,0.0003050509105461394,0.00010181940933445471,0.003415160085613727,1.0490387403911123,0.0,0.522,0.0064597362094244186
8,SWAP M=64,swap,64,39,500,0.3,512000,1024000,1.6066026873993668e-13,3.501000089658462e-08,4.6722828287374516e-06,7.46362063510003,0.0,0.502,0.007282174224960376
8,SWAP M=64,swap,64,40,500,0.3,512000,1024000,1.3906615759409157e-06,1.9589932869198645e-07,0.00011616105211982477,1.921839081725306,0.0,0.494,0.001971450173336328
8,SWAP M=64,swap,64,41,500,0.3,512000,1024000,5.0842805623034035e-05,1.441872171181701e-05,7.812223516062345e-05,0.18654515251044668,0.0,0.508,0.00027499835097271843
8,SWAP M=64,swap,64,42,500,0.3,512000,1024000,0.0019278510690840358,0.9946588060600053,0.9993714809978639,2.7146534712306067,0.0,0.322,0.19831550258634023
8,SWAP M=64,swap,64,43,500,0.3,512000,1024000,1.6350536821270278e-06,6.270397731963717e-10,5.662844409760253e-05,1.539502613275629,0.0,0.496,-0.00526424138519587
8,SWAP M=64,swap,64,44,500,0.3,512000,1024000,1.506437242627461e-09,0.00016830828821279466,0.0002302557637261294,5.184259466286635,0.0,0.5,0.016600588374166267
8,SWAP M=64,swap,64,45,500,0.3,512000,1024000,9.815045313255306e-06,0.00022664470727592123,0.001070260340501336,2.0375971235822354,0.0,0.464,0.0325235496445493
8,SWAP M=64,swap,64,46,500,0.3,512000,1024000,0.003464044806380522,0.991321220300857,0.9993325631886082,2.460126538249241,0.0,0.214,0.28174307289054823
8,SWAP M=64,swap,64,47,500,0.3,512000,1024000,2.2711810292946292e-07,3.3822911083696203e-06,0.0005227214422379625,3.362018563431648,0.0,0.482,0.006382812686619115
8,SWAP M=64,swap,64,48,500,0.3,512000,1024000,2.6834053383035525e-05,1.2688652065759823e-05,0.00029662241273901226,1.0435176837340152,0.0,0.48,0.011893410478757634
8,SWAP M=64,swap,64,49,500,0.3,512000,1024000,8.43624633937025e-05,0.000500205888475641,0.003095266153913236,1.564548746116753,0.0,0.5,0.013754022188840418
8,SWAP M=32 (state-copy matched to LE M=64),swap,32,0,500,0.3,256000,512000,0.0009216073716804334,0.979737599048582,0.9987168427468813,3.0348964341545894,0.0,0.3,0.20410864015872537
8,SWAP M=32 (state-copy matched to LE M=64),swap,32,1,500,0.3,256000,512000,0.07696876056170965,0.9951661630541917,0.9988959555176008,1.113205761581274,0.0,0.216,0.2798301830846259
8,SWAP M=32 (state-copy matched to LE M=64),swap,32,2,500,0.3,256000,512000,1.3910955549309587e-05,0.0015146679184303324,0.002739076190471853,2.2942471499245145,0.0,0.48,0.02054005768276034
8,SWAP M=32 (state-copy matched to LE M=64),swap,32,3,500,0.3,256000,512000,0.0007580274566079217,0.9891227025524657,0.999125961837587,3.1199353075122684,0.0,0.238,0.2508290789315247
8,SWAP M=32 (state-copy matched to LE M=64),swap,32,4,500,0.3,256000,512000,2.7283544925353927e-06,0.9963555096159571,0.9991917453873338,5.563748040423813,0.0,0.276,0.22366745652532274
8,SWAP M=32 (state-copy matched to LE M=64),swap,32,5,500,0.3,256000,512000,0.0017959826874502176,0.9931216851632029,0.9986796905096604,2.7451240720780596,0.0,0.332,0.1460095398295906
8,SWAP M=32 (state-copy matched to LE M=64),swap,32,6,500,0.3,256000,512000,4.5747892482347215e-07,0.9915969887909225,0.9986288218121887,6.339033004491197,0.0,0.326,0.16612948377660497
8,SWAP M=32 (state-copy matched to LE M=64),swap,32,7,500,0.3,256000,512000,6.491029639100393e-09,8.340671059468371e-07,0.00014161743121808467,4.3388031203105255,0.0,0.506,0.008625880166726628
8,SWAP M=32 (state-copy matched to LE M=64),swap,32,8,500,0.3,256000,512000,0.001540970950410429,1.4277990211449189e-05,0.005328880180547498,0.5388415035733525,0.0,0.52,-0.007844599320433656
8,SWAP M=32 (state-copy matched to LE M=64),swap,32,9,500,0.3,256000,512000,0.0005574567407363002,9.134715157444972e-06,0.0016133508977784702,0.4615176637934755,0.0,0.524,-0.01720371400560053
8,SWAP M=32 (state-copy matched to LE M=64),swap,32,10,500,0.3,256000,512000,1.4425642864258397e-06,2.9549716480069917e-08,2.016777358271794e-05,1.1455227808519304,0.0,0.516,-0.004593494823810642
8,SWAP M=32 (state-copy matched to LE M=64),swap,32,11,500,0.3,256000,512000,0.0026360207167236173,0.9908130966294413,0.9990473993319242,2.5786372745165993,0.0,0.26,0.24673315512378874
8,SWAP M=32 (state-copy matched to LE M=64),swap,32,12,500,0.3,256000,512000,0.016105636451783072,0.9894022924579006,0.9993334291567214,1.7927325237818703,0.0,0.22,0.2821162566490865
8,SWAP M=32 (state-copy matched to LE M=64),swap,32,13,500,0.3,256000,512000,1.9030354920806357e-07,0.009986500901830167,0.010827377831875084,4.755076404110136,0.0,0.51,0.0028238913397638688
8,SWAP M=32 (state-copy matched to LE M=64),swap,32,14,500,0.3,256000,512000,0.0026751390731438833,0.9956589969981157,0.9993931740398917,2.5723900141166616,0.0,0.206,0.2751769676277205
8,SWAP M=32 (state-copy matched to LE M=64),swap,32,15,500,0.3,256000,512000,0.0010762192530459713,6.358095787215178e-05,0.001327549396428483,0.09114993250089887,0.0,0.508,-0.0005686698411876641
8,SWAP M=32 (state-copy matched to LE M=64),swap,32,16,500,0.3,256000,512000,1.9073675275858043e-05,0.9926312969651562,0.9987632494971468,4.719028169053327,0.0,0.316,0.170233168059455
8,SWAP M=32 (state-copy matched to LE M=64),swap,32,17,500,0.3,256000,512000,0.00016463644181232665,0.002339150790878184,0.004093868983859075,1.3956079684408187,0.0,0.514,-0.012939430856408262
8,SWAP M=32 (state-copy matched to LE M=64),swap,32,18,500,0.3,256000,512000,0.3999222446032964,0.9882668004221691,0.9995455210782699,0.3978270161742933,0.0,0.234,0.26410995972381784
8,SWAP M=32 (state-copy matched to LE M=64),swap,32,19,500,0.3,256000,512000,9.904240197002547e-08,1.88977624685364e-08,1.341694071215189e-05,2.1318323363984595,0.0,0.504,-0.005748234689785999
8,SWAP M=32 (state-copy matched to LE M=64),swap,32,20,500,0.3,256000,512000,1.8283616031706223e-08,7.305230823283428e-05,0.00015781132380323368,3.9360760706989004,0.0,0.452,0.024652204464477558
8,SWAP M=32 (state-copy matched to LE M=64),swap,32,21,500,0.3,256000,512000,0.0076187777913815655,0.9926941314971258,0.9991196927325696,2.117732211874098,0.0,0.19,0.2883781036378507
8,SWAP M=32 (state-copy matched to LE M=64),swap,32,22,500,0.3,256000,512000,1.7717608436294027e-10,3.289906588045245e-08,3.645232840024172e-08,2.31332017475758,0.0,0.488,0.0006322339648235217
8,SWAP M=32 (state-copy matched to LE M=64),swap,32,23,500,0.3,256000,512000,3.3271448420663515e-07,3.5570395526400645e-07,5.4263954952265774e-05,2.2124397359095367,0.0,0.508,0.0006749135040759169
8,SWAP M=32 (state-copy matched to LE M=64),swap,32,24,500,0.3,256000,512000,4.169342600559087e-06,1.5834521678577502e-08,7.964571625685648e-06,0.2810948390843233,0.0,0.518,-0.012105280957809529
8,SWAP M=32 (state-copy matched to LE M=64),swap,32,25,500,0.3,256000,512000,7.255970556932137e-08,0.00021444333217216413,0.0004484686614699468,3.79103658859948,0.0,0.466,0.026007125190361833
8,SWAP M=32 (state-copy matched to LE M=64),swap,32,26,500,0.3,256000,512000,8.009745291146442e-05,6.99816900413215e-05,0.001656700979744836,1.3156254232837283,0.0,0.526,-0.01320281313454473
8,SWAP M=32 (state-copy matched to LE M=64),swap,32,27,500,0.3,256000,512000,2.5201757991044573e-05,0.9882968967260604,0.9958778724672095,4.596775246054958,0.0,0.386,0.12049629765283791
8,SWAP M=32 (state-copy matched to LE M=64),swap,32,28,500,0.3,256000,512000,3.3556743330457337e-06,1.1735085185891716e-06,3.315935625264109e-05,0.9948262845940619,0.0,0.528,-0.017988984291667308
8,SWAP M=32 (state-copy matched to LE M=64),swap,32,29,500,0.3,256000,512000,1.8690220338487706e-05,0.9876952929167516,0.9992914079987959,4.7280777320276455,0.0,0.24,0.2513233885695657
8,SWAP M=32 (state-copy matched to LE M=64),swap,32,30,500,0.3,256000,512000,0.0005382139613478806,4.808424938735416e-06,0.0016456952794444424,0.48539446416385434,0.0,0.51,-0.00029147547539136665
8,SWAP M=32 (state-copy matched to LE M=64),swap,32,31,500,0.3,256000,512000,1.0926925191466474e-08,0.0016606967228237103,0.0016606967228237103,5.181792358845021,0.0,0.486,0.0022511463383130923
8,SWAP M=32 (state-copy matched to LE M=64),swap,32,32,500,0.3,256000,512000,1.592247594031453e-05,0.013831627344211997,0.013831627344211997,2.938862678216572,0.0,0.462,0.03235462567892271
8,SWAP M=32 (state-copy matched to LE M=64),swap,32,33,500,0.3,256000,512000,9.237051364388803e-05,9.080045098740536e-07,0.00010082834836249752,0.03804929459890616,0.0,0.548,-0.019478685276978658
8,SWAP M=32 (state-copy matched to LE M=64),swap,32,34,500,0.3,256000,512000,4.638475555062181e-06,2.8530070664619758e-05,0.00018502214486181066,1.6008484389991713,0.0,0.492,-0.0022788480556139917
8,SWAP M=32 (state-copy matched to LE M=64),swap,32,35,500,0.3,256000,512000,4.542717178681196e-05,2.0898815773922633e-08,0.0001342377872914548,0.4705590855797923,0.0,0.542,-0.017721186380651354
8,SWAP M=32 (state-copy matched to LE M=64),swap,32,36,500,0.3,256000,512000,2.0225452857666343e-10,2.809887048665103e-06,0.0008198993197362667,6.607862271625347,0.0,0.474,0.012190453711491191
8,SWAP M=32 (state-copy matched to LE M=64),swap,32,37,500,0.3,256000,512000,0.003894082659369788,4.914143433234291e-05,0.003894082659369788,0.0,0.0,0.496,-0.002871751832671655
8,SWAP M=32 (state-copy matched to LE M=64),swap,32,38,500,0.3,256000,512000,0.0003050509105461394,0.9712408007740402,0.9712408007740402,3.502954592699702,0.0,0.426,0.07614597250926324
8,SWAP M=32 (state-copy matched to LE M=64),swap,32,39,500,0.3,256000,512000,1.6066026873993668e-13,2.8302213141062747e-06,2.3160166464897915e-05,8.158833187498887,0.0,0.548,-0.012179196846104034
8,SWAP M=32 (state-copy matched to LE M=64),swap,32,40,500,0.3,256000,512000,1.3906615759409157e-06,1.7805406055847705e-10,4.927010399153888e-05,1.549362023678441,0.0,0.542,-0.016711896055018497
8,SWAP M=32 (state-copy matched to LE M=64),swap,32,41,500,0.3,256000,512000,5.0842805623034035e-05,5.400253223495372e-09,0.00016003872225867332,0.49799556742260087,0.0,0.534,-0.014286405724438051
8,SWAP M=32 (state-copy matched to LE M=64),swap,32,42,500,0.3,256000,512000,0.0019278510690840358,9.897840972158259e-05,0.0052258900179443105,0.4330867848761297,0.0,0.49,0.0022481187857264656
8,SWAP M=32 (state-copy matched to LE M=64),swap,32,43,500,0.3,256000,512000,1.6350536821270278e-06,0.9917736887117964,0.9985366854946315,5.785832009157214,0.0,0.394,0.13520493555005642
8,SWAP M=32 (state-copy matched to LE M=64),swap,32,44,500,0.3,256000,512000,1.506437242627461e-09,1.714968832203001e-10,5.123109187312369e-07,2.5315825680553417,0.0,0.51,-0.007038100572701659
8,SWAP M=32 (state-copy matched to LE M=64),swap,32,45,500,0.3,256000,512000,9.815045313255306e-06,6.577599337573313e-07,0.0005503296883587847,1.7487306331550263,0.0,0.49,0.005319399773185002
8,SWAP M=32 (state-copy matched to LE M=64),swap,32,46,500,0.3,256000,512000,0.003464044806380522,0.9929175856580176,0.9994929670612284,2.460196241698442,0.0,0.198,0.27766478108033804
8,SWAP M=32 (state-copy matched to LE M=64),swap,32,47,500,0.3,256000,512000,2.2711810292946292e-07,6.732887135773991e-06,0.00017392870316498263,2.8841195068532284,0.0,0.512,-0.011665277947748083
8,SWAP M=32 (state-copy matched to LE M=64),swap,32,48,500,0.3,256000,512000,2.6834053383035525e-05,3.002751032565632e-08,0.001535024977617725,1.7574291672078792,0.0,0.532,-0.009983672421756329
8,SWAP M=32 (state-copy matched to LE M=64),swap,32,49,500,0.3,256000,512000,8.43624633937025e-05,0.9955786479876801,0.9990284069264339,4.073428584669349,0.0,0.364,0.12072603871360157
8,LE M=1024,loschmidt,1024,0,500,0.3,8192000,8192000,0.0009216073716804334,0.9999653664774569,0.9999863139156954,3.0354481162749187,0.0,0.11,0.6253824003556022
8,LE M=1024,loschmidt,1024,1,500,0.3,8192000,8192000,0.07696876056170965,0.9999373766244359,0.9999914934561668,1.113681812525832,0.0,0.186,0.3186948900692189
8,LE M=1024,loschmidt,1024,2,500,0.3,8192000,8192000,1.3910955549309587e-05,6.601378224712011e-05,6.601378224712011e-05,0.6762776533994588,0.06,0.302,0.31483254604355804
8,LE M=1024,loschmidt,1024,3,500,0.3,8192000,8192000,0.0007580274566079217,0.9999598830743506,0.9999871198039679,3.1203094696138662,0.0,0.142,0.5640530530291844
8,LE M=1024,loschmidt,1024,4,500,0.3,8192000,8192000,2.7283544925353927e-06,2.9773934218255977e-06,2.9773934218256354e-06,0.03793542739090139,0.532,0.19,0.12492846239333126
8,LE M=1024,loschmidt,1024,5,500,0.3,8192000,8192000,0.0017959826874502176,0.9999286479024124,0.9999874330637285,2.745692396287061,0.0,0.154,0.4833263464687552
8,LE M=1024,loschmidt,1024,6,500,0.3,8192000,8192000,4.5747892482347215e-07,5.333823588098575e-07,5.630131423522687e-07,0.0901474409071854,0.286,0.338,0.05389782852954481
8,LE M=1024,loschmidt,1024,7,500,0.3,8192000,8192000,6.491029639100393e-09,6.627076892415677e-09,6.764534835869672e-09,0.017924345447955403,0.968,0.014,0.12461068249748726
8,LE M=1024,loschmidt,1024,8,500,0.3,8192000,8192000,0.001540970950410429,0.9999675790729278,0.9999839804094104,2.812198591024467,0.0,0.128,0.511029475780537
8,LE M=1024,loschmidt,1024,9,500,0.3,8192000,8192000,0.0005574567407363002,0.9998675253944065,0.9999756528903272,3.253778254763416,0.0,0.034,0.8040070813268888
8,LE M=1024,loschmidt,1024,10,500,0.3,8192000,8192000,1.4425642864258397e-06,1.4706587408672935e-06,1.4735799122140943e-06,0.009238516451492096,0.826,0.066,0.11972471781582393
8,LE M=1024,loschmidt,1024,11,500,0.3,8192000,8192000,0.0026360207167236173,0.9999225106649927,0.9999876706398587,2.5790458262991836,0.0,0.162,0.5178191720047624
8,LE M=1024,loschmidt,1024,12,500,0.3,8192000,8192000,0.016105636451783072,0.9999561645339808,0.9999860574408076,1.7930160531272097,0.0,0.19,0.3705568611176155
8,LE M=1024,loschmidt,1024,13,500,0.3,8192000,8192000,1.9030354920806357e-07,1.9728235816051122e-07,2.268844554085485e-07,0.07635785391610561,0.342,0.322,0.023522031666241297
8,LE M=1024,loschmidt,1024,14,500,0.3,8192000,8192000,0.0026751390731438833,0.9999166045527482,0.9999836976435331,2.5726465551956195,0.0,0.156,0.49444408688271063
8,LE M=1024,loschmidt,1024,15,500,0.3,8192000,8192000,0.0010762192530459713,0.9999735005613496,0.999986805789748,2.968093512689653,0.0,0.086,0.7043442278668491
8,LE M=1024,loschmidt,1024,16,500,0.3,8192000,8192000,1.9073675275858043e-05,4.0838598039319486e-05,4.0838598039319486e-05,0.330636440027388,0.068,0.312,0.28715929349084257
8,LE M=1024,loschmidt,1024,17,500,0.3,8192000,8192000,0.00016463644181232665,0.05888924022256431,0.05888924022256431,2.5535099797972647,0.0,0.04,0.8384160906401658
8,LE M=1024,loschmidt,1024,18,500,0.3,8192000,8192000,0.3999222446032964,0.9999194377541915,0.9999964073465375,0.3980228784553586,0.0,0.198,0.30119166607295483
8,LE M=1024,loschmidt,1024,19,500,0.3,8192000,8192000,9.904240197002547e-08,9.609876328821988e-08,9.947183807599651e-08,0.0018789787778654699,0.908,0.052,-0.14738961899330386
8,LE M=1024,loschmidt,1024,20,500,0.3,8192000,8192000,1.8283616031706223e-08,1.8346054854884306e-08,1.8346054854884306e-08,0.0014805954828691625,0.996,0.0,0.6397447850123259
8,LE M=1024,loschmidt,1024,21,500,0.3,8192000,8192000,0.0076187777913815655,0.9999698977836259,0.9999912979801459,2.118110913582172,0.0,0.196,0.38600434892658103
8,LE M=1024,loschmidt,1024,22,500,0.3,8192000,8192000,1.7717608436294027e-10,1.771760843629403e-10,1.771760843629403e-10,0.0,1.0,0.0,
8,LE M=1024,loschmidt,1024,23,500,0.3,8192000,8192000,3.3271448420663515e-07,3.352167404987759e-07,3.377056720281992e-07,0.006466647394788971,0.91,0.036,0.062292167621963115
8,LE M=1024,loschmidt,1024,24,500,0.3,8192000,8192000,4.169342600559087e-06,4.371171562644222e-06,4.371171562644222e-06,0.020530269140828672,0.672,0.112,0.18943686390318254
8,LE M=1024,loschmidt,1024,25,500,0.3,8192000,8192000,7.255970556932137e-08,6.558434481110541e-08,8.644886489628232e-08,0.07606378342150588,0.608,0.2,-0.020375879257987898
8,LE M=1024,loschmidt,1024,26,500,0.3,8192000,8192000,8.009745291146442e-05,0.002838833287144788,0.002838833287144788,1.5495211831725761,0.006,0.088,0.7446325292720092
8,LE M=1024,loschmidt,1024,27,500,0.3,8192000,8192000,2.5201757991044573e-05,3.306471488047235e-05,3.306471488047235e-05,0.11793394532135171,0.16,0.242,0.27711693727850734
8,LE M=1024,loschmidt,1024,28,500,0.3,8192000,8192000,3.3556743330457337e-06,3.484388463608224e-06,3.484388463608224e-06,0.01634676109007671,0.786,0.056,0.22730585232033917
8,LE M=1024,loschmidt,1024,29,500,0.3,8192000,8192000,1.8690220338487706e-05,0.1944584145302976,0.1944584145302976,4.017212319220576,0.012,0.14,0.6765015749664804
8,LE M=1024,loschmidt,1024,30,500,0.3,8192000,8192000,0.0005382139613478806,0.9998773889160237,0.999991897238892,3.269041521765874,0.0,0.048,0.7699339500731792
8,LE M=1024,loschmidt,1024,31,500,0.3,8192000,8192000,1.0926925191466474e-08,6.976011581780867e-08,1.0004199926184961e-07,0.961684392388551,0.35,0.29,0.10765999560242254
8,LE M=1024,loschmidt,1024,32,500,0.3,8192000,8192000,1.592247594031453e-05,2.488429320026673e-05,2.4896131085828004e-05,0.19412126069359648,0.104,0.288,0.2896828392162115
8,LE M=1024,loschmidt,1024,33,500,0.3,8192000,8192000,9.237051364388803e-05,0.000151004207164402,0.000151004207164402,0.21345568883735488,0.02,0.14,0.49883602727511456
8,LE M=1024,loschmidt,1024,34,500,0.3,8192000,8192000,4.638475555062181e-06,6.114626592562264e-06,6.12916435828368e-06,0.12102599525922297,0.334,0.256,0.19549105406525577
8,LE M=1024,loschmidt,1024,35,500,0.3,8192000,8192000,4.542717178681196e-05,6.010123617940043e-05,6.012230018895632e-05,0.12171988841687309,0.112,0.158,0.38216111888664805
8,LE M=1024,loschmidt,1024,36,500,0.3,8192000,8192000,2.0225452857666343e-10,9.34339779856085e-12,4.2442498847012854e-10,0.32190269107248426,0.67,0.188,-0.13939145392429936
8,LE M=1024,loschmidt,1024,37,500,0.3,8192000,8192000,0.003894082659369788,0.9999248477529445,0.9999874731396835,2.4095893936047923,0.0,0.172,0.4599600845168695
8,LE M=1024,loschmidt,1024,38,500,0.3,8192000,8192000,0.0003050509105461394,0.9999538290226795,0.9999880930225988,3.5156225031791526,0.0,0.058,0.7522594882671497
8,LE M=1024,loschmidt,1024,39,500,0.3,8192000,8192000,1.6066026873993668e-13,1.6066026873989344e-13,1.6066026873993668e-13,0.0,1.0,0.0,
8,LE M=1024,loschmidt,1024,40,500,0.3,8192000,8192000,1.3906615759409157e-06,1.6158070010676243e-06,1.6260761594400262e-06,0.06791942725668676,0.498,0.21,0.1505707395100857
8,LE M=1024,loschmidt,1024,41,500,0.3,8192000,8192000,5.0842805623034035e-05,6.558386374620071e-05,6.558386374620071e-05,0.11056749079226691,0.134,0.08,0.4339491081182336
8,LE M=1024,loschmidt,1024,42,500,0.3,8192000,8192000,0.0019278510690840358,0.9999003766458198,0.9999924143288377,2.7149232249543505,0.0,0.156,0.45121522379254275
8,LE M=1024,loschmidt,1024,43,500,0.3,8192000,8192000,1.6350536821270278e-06,1.651633483297191e-06,1.6648738106809262e-06,0.007849305686455033,0.662,0.152,0.038706748584187
8,LE M=1024,loschmidt,1024,44,500,0.3,8192000,8192000,1.506437242627461e-09,1.502628606986059e-09,1.506437242627461e-09,0.0,0.994,0.004,-0.09348425511961528
8,LE M=1024,loschmidt,1024,45,500,0.3,8192000,8192000,9.815045313255306e-06,1.196467883920931e-05,1.208339619683729e-05,0.09029670664317102,0.282,0.254,0.20865576459144342
8,LE M=1024,loschmidt,1024,46,500,0.3,8192000,8192000,0.003464044806380522,0.9999657793874139,0.9999865858652968,2.4604106734257503,0.0,0.17,0.4162969444026456
8,LE M=1024,loschmidt,1024,47,500,0.3,8192000,8192000,2.2711810292946292e-07,3.271134387350384e-07,3.3830978226361536e-07,0.17306280368005833,0.544,0.2,0.11822357893423681
8,LE M=1024,loschmidt,1024,48,500,0.3,8192000,8192000,2.6834053383035525e-05,6.804263663486262e-05,6.831640219323857e-05,0.4058387072357039,0.082,0.256,0.3668160622352088
8,LE M=1024,loschmidt,1024,49,500,0.3,8192000,8192000,8.43624633937025e-05,0.0011842619777652288,0.0011842619777652288,1.1472985332260102,0.008,0.1,0.6659132447769963
8,SWAP M=1024,swap,1024,0,500,0.3,8192000,16384000,0.0009216073716804334,0.9999096716281966,0.9999756154577131,3.035443469905207,0.0,0.21,0.32690463429637073
8,SWAP M=1024,swap,1024,1,500,0.3,8192000,16384000,0.07696876056170965,0.9996963727939426,0.9999920170222829,1.113682039909582,0.0,0.208,0.31200402156924095
8,SWAP M=1024,swap,1024,2,500,0.3,8192000,16384000,1.3910955549309587e-05,9.894579574247983e-08,4.7609549449566036e-05,0.5343371086864082,0.0,0.536,-0.02744041094843069
8,SWAP M=1024,swap,1024,3,500,0.3,8192000,16384000,0.0007580274566079217,0.9996391261023422,0.9999329140145834,3.120285927397353,0.0,0.212,0.3175553815576864
8,SWAP M=1024,swap,1024,4,500,0.3,8192000,16384000,2.7283544925353927e-06,3.371247150129533e-08,1.1426069751005485e-05,0.6219960737802017,0.0,0.516,-0.0004042479037912354
8,SWAP M=1024,swap,1024,5,500,0.3,8192000,16384000,0.0017959826874502176,0.9998004336766672,0.9999613228307004,2.7456810564663856,0.0,0.158,0.35856299437380784
8,SWAP M=1024,swap,1024,6,500,0.3,8192000,16384000,4.5747892482347215e-07,1.0609555426088778e-05,2.174099267140776e-05,1.6769082778936335,0.0,0.484,0.013796655866687376
8,SWAP M=1024,swap,1024,7,500,0.3,8192000,16384000,6.491029639100393e-09,1.0374637404392942e-07,3.0606770877099097e-07,1.673503920210675,0.0,0.494,0.00943350022318448
8,SWAP M=1024,swap,1024,8,500,0.3,8192000,16384000,0.001540970950410429,0.9998510534215401,0.9999620209157039,2.812189053880028,0.0,0.202,0.3563881366408003
8,SWAP M=1024,swap,1024,9,500,0.3,8192000,16384000,0.0005574567407363002,0.9998750983987893,0.9999536116401059,3.2537686820315046,0.0,0.25,0.2978054926860334
8,SWAP M=1024,swap,1024,10,500,0.3,8192000,16384000,1.4425642864258397e-06,1.7614472250844983e-07,3.1794465644804116e-06,0.343216354234543,0.0,0.492,-0.0018756135662884544
8,SWAP M=1024,swap,1024,11,500,0.3,8192000,16384000,0.0026360207167236173,0.9997666249089441,0.9999568201797964,2.579032427742742,0.0,0.18,0.355638837954143
8,SWAP M=1024,swap,1024,12,500,0.3,8192000,16384000,0.016105636451783072,0.9997336106222424,0.9999593137453461,1.7930044381705887,0.0,0.186,0.346554822408828
8,SWAP M=1024,swap,1024,13,500,0.3,8192000,16384000,1.9030354920806357e-07,2.9446330380658192e-08,1.565532940578753e-05,1.9152153220331867,0.0,0.522,-0.02001439306955645
8,SWAP M=1024,swap,1024,14,500,0.3,8192000,16384000,0.0026751390731438833,0.9997449405720822,0.9999660443916699,2.5726388882930857,0.0,0.148,0.37675228915384923
8,SWAP M=1024,swap,1024,15,500,0.3,8192000,16384000,0.0010762192530459713,0.999946895320576,0.9999523311461253,2.9680785400865215,0.0,0.244,0.28705572585082334
8,SWAP M=1024,swap,1024,16,500,0.3,8192000,16384000,1.9073675275858043e-05,8.064682752394317e-05,8.342331756210848e-05,0.64085307217516,0.0,0.506,0.006231118135782641
8,SWAP M=1024,swap,1024,17,500,0.3,8192000,16384000,0.00016463644181232665,0.9997006834465612,0.9999303011993703,3.7834437577642968,0.0,0.252,0.2919498167043357
8,SWAP M=1024,swap,1024,18,500,0.3,8192000,16384000,0.3999222446032964,0.9998936654741138,0.999979596257342,0.39801557740448656,0.0,0.164,0.3120405597771145
8,SWAP M=1024,swap,1024,19,500,0.3,8192000,16384000,9.904240197002547e-08,2.7384105206177176e-07,8.877435501686039e-07,0.9524663613666124,0.0,0.486,0.002918498551654096
8,SWAP M=1024,swap,1024,20,500,0.3,8192000,16384000,1.8283616031706223e-08,5.53947074263522e-09,3.9325426922282666e-08,0.33261135384655915,0.0,0.516,-0.010373206264329714
8,SWAP M=1024,swap,1024,21,500,0.3,8192000,16384000,0.0076187777913815655,0.9999330760341488,0.9999722517819132,2.118102641772623,0.0,0.176,0.36016614712660705
8,SWAP M=1024,swap,1024,22,500,0.3,8192000,16384000,1.7717608436294027e-10,6.8910221515377816e-12,3.676656837681652e-09,1.3170479972666147,0.0,0.522,-0.01897008276022881
8,SWAP M=1024,swap,1024,23,500,0.3,8192000,16384000,3.3271448420663515e-07,5.099906600650148e-06,1.1940624040555104e-05,1.554955316858453,0.0,0.454,0.030093663246603702
8,SWAP M=1024,swap,1024,24,500,0.3,8192000,16384000,4.169342600559087e-06,4.660707341808475e-06,8.763769960713487e-06,0.3226233861260166,0.0,0.482,0.004783120577510833
8,SWAP M=1024,swap,1024,25,500,0.3,8192000,16384000,7.255970556932137e-08,4.344934791529652e-06,4.772440799041614e-06,1.818045037994513,0.0,0.508,-0.017038813536837543
8,SWAP M=1024,swap,1024,26,500,0.3,8192000,16384000,8.009745291146442e-05,0.0006339355476414995,0.000661948090537196,0.9172052279379539,0.0,0.486,0.0072972045404275255
8,SWAP M=1024,swap,1024,27,500,0.3,8192000,16384000,2.5201757991044573e-05,5.613814445449277e-07,4.0122218698090995e-05,0.20195410406053327,0.0,0.516,-0.016873547542052458
8,SWAP M=1024,swap,1024,28,500,0.3,8192000,16384000,3.3556743330457337e-06,6.264698230654081e-07,3.7293961882239864e-06,0.04585871651689288,0.0,0.508,-0.0165618935101613
8,SWAP M=1024,swap,1024,29,500,0.3,8192000,16384000,1.8690220338487706e-05,0.999363089520097,0.9999263841866739,4.728353606587072,0.0,0.258,0.2669643387080389
8,SWAP M=1024,swap,1024,30,500,0.3,8192000,16384000,0.0005382139613478806,0.999638804043387,0.9999564261133351,3.2690261164537286,0.0,0.26,0.28123305615355987
8,SWAP M=1024,swap,1024,31,500,0.3,8192000,16384000,1.0926925191466474e-08,1.3955824635332666e-06,5.724236460521923e-06,2.7192195957847893,0.0,0.518,-0.011972996838576465
8,SWAP M=1024,swap,1024,32,500,0.3,8192000,16384000,1.592247594031453e-05,5.1073231190342665e-05,7.977338071872069e-05,0.6998473961045919,0.0,0.488,0.012704635708359072
8,SWAP M=1024,swap,1024,33,500,0.3,8192000,16384000,9.237051364388803e-05,0.00017645928002185711,0.00019309773967630503,0.320243831527363,0.0,0.48,0.01261900930476513
8,SWAP M=1024,swap,1024,34,500,0.3,8192000,16384000,4.638475555062181e-06,5.097417347497473e-06,9.417200356966129e-06,0.30754653821958833,0.0,0.492,0.003445484423304929
8,SWAP M=1024,swap,1024,35,500,0.3,8192000,16384000,4.542717178681196e-05,7.870986378092762e-08,5.782064668773464e-05,0.10476724540288274,0.0,0.506,-0.021608742345545974
8,SWAP M=1024,swap,1024,36,500,0.3,8192000,16384000,2.0225452857666343e-10,4.642258884033289e-07,1.923646208829379e-05,4.978226946466824,0.0,0.514,-0.0012747963819591417
8,SWAP M=1024,swap,1024,37,500,0.3,8192000,16384000,0.003894082659369788,0.9996907158979836,0.9999623495566473,2.4095784822975634,0.0,0.184,0.34868653149855827
8,SWAP M=1024,swap,1024,38,500,0.3,8192000,16384000,0.0003050509105461394,0.9998628242834675,0.9999754162324966,3.5156169976187117,0.0,0.234,0.308542669619216
8,SWAP M=1024,swap,1024,39,500,0.3,8192000,16384000,1.6066026873993668e-13,1.982824501612612e-08,2.8687246996286013e-07,6.2517803836085895,0.0,0.454,0.027123279874835843
8,SWAP M=1024,swap,1024,40,500,0.3,8192000,16384000,1.3906615759409157e-06,3.242043194867767e-07,1.8070495233752622e-05,1.1137485996111325,0.0,0.518,-0.008446776590100015
8,SWAP M=1024,swap,1024,41,500,0.3,8192000,16384000,5.0842805623034035e-05,7.861884691488147e-05,0.00011662105461231565,0.3605474565457074,0.0,0.492,0.013342829846931496
8,SWAP M=1024,swap,1024,42,500,0.3,8192000,16384000,0.0019278510690840358,0.9996733579954907,0.9999790980949954,2.7149174417050976,0.0,0.198,0.34303181809889105
8,SWAP M=1024,swap,1024,43,500,0.3,8192000,16384000,1.6350536821270278e-06,2.490439806188839e-08,1.6350536821270278e-06,0.0,0.0,0.504,-0.025237611152368795
8,SWAP M=1024,swap,1024,44,500,0.3,8192000,16384000,1.506437242627461e-09,7.988233186624725e-08,2.9254609817992435e-07,2.2882432661931595,0.0,0.51,0.01747700910079445
8,SWAP M=1024,swap,1024,45,500,0.3,8192000,16384000,9.815045313255306e-06,1.7333839401145418e-09,2.3693968511514567e-05,0.3827454980038558,0.0,0.512,-0.02055558170603117
8,SWAP M=1024,swap,1024,46,500,0.3,8192000,16384000,0.003464044806380522,0.9996652337191773,0.9999582294678572,2.4603983580590048,0.0,0.206,0.3494231395402763
8,SWAP M=1024,swap,1024,47,500,0.3,8192000,16384000,2.2711810292946292e-07,1.1208084613641818e-06,1.0399685099994908e-05,1.660768437202706,0.0,0.492,0.0037918577571321734
8,SWAP M=1024,swap,1024,48,500,0.3,8192000,16384000,2.6834053383035525e-05,1.613239119104301e-05,7.379733836140492e-05,0.43935441905003003,0.0,0.496,-0.0005387953946845845
8,SWAP M=1024,swap,1024,49,500,0.3,8192000,16384000,8.43624633937025e-05,0.02299388904590029,0.02299388904590029,2.435463178695101,0.0,0.368,0.11812684452868316
8,SWAP M=512 (state-copy matched to LE M=1024),swap,512,0,500,0.3,4096000,8192000,0.0009216073716804334,0.9996830345108162,0.999898341166741,3.0354099079919,0.0,0.22,0.29510293706893287
8,SWAP M=512 (state-copy matched to LE M=1024),swap,512,1,500,0.3,4096000,8192000,0.07696876056170965,0.9995976356219801,0.9999417907903803,1.113660226212267,0.0,0.184,0.31464182261695933
8,SWAP M=512 (state-copy matched to LE M=1024),swap,512,2,500,0.3,4096000,8192000,1.3910955549309587e-05,7.3637184218689805e-06,9.776660484041469e-05,0.8468335707342733,0.0,0.51,-0.0030922736332009352
8,SWAP M=512 (state-copy matched to LE M=1024),swap,512,3,500,0.3,4096000,8192000,0.0007580274566079217,0.9993367663242114,0.9999062598449792,3.1202743507076565,0.0,0.204,0.30905414603962045
8,SWAP M=512 (state-copy matched to LE M=1024),swap,512,4,500,0.3,4096000,8192000,2.7283544925353927e-06,3.8480049281697014e-05,3.9900687248607714e-05,1.165079578905825,0.0,0.464,0.029982044497523275
8,SWAP M=512 (state-copy matched to LE M=1024),swap,512,5,500,0.3,4096000,8192000,0.0017959826874502176,0.9999270835160892,0.9999280166686169,2.7456665909835993,0.0,0.198,0.33681699969380796
8,SWAP M=512 (state-copy matched to LE M=1024),swap,512,6,500,0.3,4096000,8192000,4.5747892482347215e-07,2.1218784829488232e-05,9.014074513423138e-05,2.29455005202695,0.0,0.512,0.0015612389026216193
8,SWAP M=512 (state-copy matched to LE M=1024),swap,512,7,500,0.3,4096000,8192000,6.491029639100393e-09,1.0760966876887281e-06,2.5887412762319245e-06,2.600775056185112,0.0,0.488,0.013545819509372628
8,SWAP M=512 (state-copy matched to LE M=1024),swap,512,8,500,0.3,4096000,8192000,0.001540970950410429,0.99956803863495,0.9999482855213505,2.8121830884065213,0.0,0.218,0.31860149630005635
8,SWAP M=512 (state-copy matched to LE M=1024),swap,512,9,500,0.3,4096000,8192000,0.0005574567407363002,0.0001231158239216395,0.0006208369222336204,0.04676636596134687,0.0,0.512,-0.015524983193795062
8,SWAP M=512 (state-copy matched to LE M=1024),swap,512,10,500,0.3,4096000,8192000,1.4425642864258397e-06,1.828573567167703e-06,2.8486322998537568e-06,0.2955012181697194,0.0,0.486,0.013723396076501585
8,SWAP M=512 (state-copy matched to LE M=1024),swap,512,11,500,0.3,4096000,8192000,0.0026360207167236173,0.9995862575742771,0.9999008081090102,2.5790081002777017,0.0,0.234,0.3036034615844796
8,SWAP M=512 (state-copy matched to LE M=1024),swap,512,12,500,0.3,4096000,8192000,0.016105636451783072,0.9995421663333137,0.9998959480868517,1.7929769168230585,0.0,0.188,0.3256517116985276
8,SWAP M=512 (state-copy matched to LE M=1024),swap,512,13,500,0.3,4096000,8192000,1.9030354920806357e-07,2.2641970894112355e-05,5.342519896142004e-05,2.4482992601387696,0.0,0.492,0.008298697793545471
8,SWAP M=512 (state-copy matched to LE M=1024),swap,512,14,500,0.3,4096000,8192000,0.0026751390731438833,0.9991225422720329,0.999888665407098,2.572605280585619,0.0,0.212,0.3196230357316457
8,SWAP M=512 (state-copy matched to LE M=1024),swap,512,15,500,0.3,4096000,8192000,0.0010762192530459713,0.07930454196451707,0.07930454196451707,1.8673973040341498,0.0,0.432,0.10742881558358443
8,SWAP M=512 (state-copy matched to LE M=1024),swap,512,16,500,0.3,4096000,8192000,1.9073675275858043e-05,3.4495879858070453e-06,5.014833369545861e-05,0.41982212245375816,0.0,0.506,0.0009459786607481305
8,SWAP M=512 (state-copy matched to LE M=1024),swap,512,17,500,0.3,4096000,8192000,0.00016463644181232665,0.0008022313035948898,0.00113333421330808,0.8378320281534153,0.0,0.48,0.02392555220684285
8,SWAP M=512 (state-copy matched to LE M=1024),swap,512,18,500,0.3,4096000,8192000,0.3999222446032964,0.999562987024258,0.9999628389316045,0.39800829958091394,0.0,0.216,0.28511593990206563
8,SWAP M=512 (state-copy matched to LE M=1024),swap,512,19,500,0.3,4096000,8192000,9.904240197002547e-08,3.9614557442792956e-07,1.0781173454644928e-06,1.0368448690269467,0.0,0.524,-0.01759108016261002
8,SWAP M=512 (state-copy matched to LE M=1024),swap,512,20,500,0.3,4096000,8192000,1.8283616031706223e-08,1.7944280946758677e-09,7.427070425470813e-08,0.6087554497962886,0.0,0.506,-0.01114570466289842
8,SWAP M=512 (state-copy matched to LE M=1024),swap,512,21,500,0.3,4096000,8192000,0.0076187777913815655,0.9997079765856334,0.9999352375277881,2.11808656594271,0.0,0.174,0.34636420397689865
8,SWAP M=512 (state-copy matched to LE M=1024),swap,512,22,500,0.3,4096000,8192000,1.7717608436294027e-10,1.0199335294086376e-09,1.6237432862239486e-09,0.9621122689497845,0.0,0.494,-0.009642907906715069
8,SWAP M=512 (state-copy matched to LE M=1024),swap,512,23,500,0.3,4096000,8192000,3.3271448420663515e-07,2.9568371604784555e-07,6.247381126675381e-06,1.273626293635938,0.0,0.474,0.00630034346490012
8,SWAP M=512 (state-copy matched to LE M=1024),swap,512,24,500,0.3,4096000,8192000,4.169342600559087e-06,1.2797476287548518e-06,5.2656425912547994e-06,0.10138379460249425,0.0,0.502,-0.007926308152121855
8,SWAP M=512 (state-copy matched to LE M=1024),swap,512,25,500,0.3,4096000,8192000,7.255970556932137e-08,1.3062024808962598e-05,1.3421434949563195e-05,2.2671034390197677,0.0,0.468,0.010315413760983381
8,SWAP M=512 (state-copy matched to LE M=1024),swap,512,26,500,0.3,4096000,8192000,8.009745291146442e-05,0.0002188243598661026,0.00046882294283252915,0.7673901508440197,0.0,0.472,0.004663361445697943
8,SWAP M=512 (state-copy matched to LE M=1024),swap,512,27,500,0.3,4096000,8192000,2.5201757991044573e-05,4.237912778648897e-05,5.76016282795216e-05,0.35900392342746024,0.0,0.494,0.007739044294020832
8,SWAP M=512 (state-copy matched to LE M=1024),swap,512,28,500,0.3,4096000,8192000,3.3556743330457337e-06,9.56996738943328e-07,4.159326008236987e-06,0.09324315564539631,0.0,0.504,-0.005701175211347586
8,SWAP M=512 (state-copy matched to LE M=1024),swap,512,29,500,0.3,4096000,8192000,1.8690220338487706e-05,0.9995313513653831,0.9997647662231572,4.72828340595647,0.0,0.318,0.19876185220799747
8,SWAP M=512 (state-copy matched to LE M=1024),swap,512,30,500,0.3,4096000,8192000,0.0005382139613478806,0.9997026756826372,0.9999554376175178,3.269025687136531,0.0,0.286,0.23788333346665078
8,SWAP M=512 (state-copy matched to LE M=1024),swap,512,31,500,0.3,4096000,8192000,1.0926925191466474e-08,1.1152580297676994e-05,3.327566566574459e-05,3.4836287823172976,0.0,0.486,0.01692055407724297
8,SWAP M=512 (state-copy matched to LE M=1024),swap,512,32,500,0.3,4096000,8192000,1.592247594031453e-05,2.4491731344849535e-05,5.3143506738161295e-05,0.5234396071463836,0.0,0.518,0.004670877418568972
8,SWAP M=512 (state-copy matched to LE M=1024),swap,512,33,500,0.3,4096000,8192000,9.237051364388803e-05,0.0011672030065479587,0.00145340520071399,1.19685335128721,0.0,0.458,0.04457463793035363
8,SWAP M=512 (state-copy matched to LE M=1024),swap,512,34,500,0.3,4096000,8192000,4.638475555062181e-06,1.5249229451778735e-05,4.005673117548576e-05,0.9363002336653832,0.0,0.46,0.010364431477443571
8,SWAP M=512 (state-copy matched to LE M=1024),swap,512,35,500,0.3,4096000,8192000,4.542717178681196e-05,6.3445572191402e-05,9.110226412680513e-05,0.30221347117703967,0.0,0.502,0.004869997840532136
8,SWAP M=512 (state-copy matched to LE M=1024),swap,512,36,500,0.3,4096000,8192000,2.0225452857666343e-10,1.6490336415872816e-06,1.4232441203666841e-05,4.84738114389558,0.0,0.496,-0.005206790566690499
8,SWAP M=512 (state-copy matched to LE M=1024),swap,512,37,500,0.3,4096000,8192000,0.003894082659369788,0.9994983560383635,0.9999663653519466,2.4095802263974666,0.0,0.192,0.33068012523805707
8,SWAP M=512 (state-copy matched to LE M=1024),swap,512,38,500,0.3,4096000,8192000,0.0003050509105461394,0.999706932816431,0.9999634940076809,3.5156118197041035,0.0,0.226,0.287735189150138
8,SWAP M=512 (state-copy matched to LE M=1024),swap,512,39,500,0.3,4096000,8192000,1.6066026873993668e-13,1.4392097691998976e-09,4.350830499331378e-08,5.43266367519479,0.0,0.506,-0.0017473231705747547
8,SWAP M=512 (state-copy matched to LE M=1024),swap,512,40,500,0.3,4096000,8192000,1.3906615759409157e-06,4.252790509276137e-06,5.046190641379836e-05,1.5597421985808548,0.0,0.508,0.010928628571551833
8,SWAP M=512 (state-copy matched to LE M=1024),swap,512,41,500,0.3,4096000,8192000,5.0842805623034035e-05,0.0003176857982575537,0.00042466363982226075,0.9218155698889263,0.0,0.466,0.029999614564250047
8,SWAP M=512 (state-copy matched to LE M=1024),swap,512,42,500,0.3,4096000,8192000,0.0019278510690840358,0.9996949114386555,0.9999589229024405,2.714908679458762,0.0,0.144,0.3583888603724029
8,SWAP M=512 (state-copy matched to LE M=1024),swap,512,43,500,0.3,4096000,8192000,1.6350536821270278e-06,6.523649322734904e-07,2.440182684111843e-06,0.1738903249842636,0.0,0.526,-0.01708272756029164
8,SWAP M=512 (state-copy matched to LE M=1024),swap,512,44,500,0.3,4096000,8192000,1.506437242627461e-09,7.536333475381935e-09,1.6339379338020594e-07,2.035284511640998,0.0,0.496,-0.008270077028882314
8,SWAP M=512 (state-copy matched to LE M=1024),swap,512,45,500,0.3,4096000,8192000,9.815045313255306e-06,0.0001276068247204844,0.00018531507875515658,1.2760184495647282,0.0,0.468,0.034265710006774336
8,SWAP M=512 (state-copy matched to LE M=1024),swap,512,46,500,0.3,4096000,8192000,0.003464044806380522,0.9994727679364501,0.9999062255957195,2.460375771533548,0.0,0.192,0.3287563855405721
8,SWAP M=512 (state-copy matched to LE M=1024),swap,512,47,500,0.3,4096000,8192000,2.2711810292946292e-07,5.981415080671935e-09,2.8836070636808588e-06,1.103684328739166,0.0,0.516,-0.019061273359818498
8,SWAP M=512 (state-copy matched to LE M=1024),swap,512,48,500,0.3,4096000,8192000,2.6834053383035525e-05,3.1996088598069504e-06,8.166356509561666e-05,0.48334205609768777,0.0,0.506,-0.007343920439152171
8,SWAP M=512 (state-copy matched to LE M=1024),swap,512,49,500,0.3,4096000,8192000,8.43624633937025e-05,0.004942042200070677,0.005124121614976074,1.783470175959914,0.0,0.442,0.052559788557851476
8,SWAP-noise random walk M=64,swap_null,64,0,500,0.3,512000,1024000,0.0009216073716804334,3.4190011043759667e-05,0.0009216073716804334,0.0,0.0,0.528,-0.012429343482731482
8,SWAP-noise random walk M=64,swap_null,64,1,500,0.3,512000,1024000,0.07696876056170965,0.0031147410659711,0.09310553624340531,0.08266101266359449,0.0,0.56,-0.04662864565361796
8,SWAP-noise random walk M=64,swap_null,64,2,500,0.3,512000,1024000,1.3910955549309587e-05,0.0013517331303210592,0.009128407650907479,2.817038063418645,0.0,0.474,0.01758498875581311
8,SWAP-noise random walk M=64,swap_null,64,3,500,0.3,512000,1024000,0.0007580274566079217,0.0005798401102709878,0.004589611938942167,0.7820910300525892,0.0,0.476,0.010179710333266955
8,SWAP-noise random walk M=64,swap_null,64,4,500,0.3,512000,1024000,2.7283544925353927e-06,5.846005366545581e-07,4.727709710499539e-05,1.2387500051398819,0.0,0.498,-0.0013216357778356497
8,SWAP-noise random walk M=64,swap_null,64,5,500,0.3,512000,1024000,0.0017959826874502176,0.00022571710013047984,0.006074180217022214,0.5291855270839196,0.0,0.536,-0.022990912198923578
8,SWAP-noise random walk M=64,swap_null,64,6,500,0.3,512000,1024000,4.5747892482347215e-07,1.1201782810488369e-05,0.0009368110504195619,3.3112809131882655,0.0,0.486,0.011240359675200805
8,SWAP-noise random walk M=64,swap_null,64,7,500,0.3,512000,1024000,6.491029639100393e-09,1.4094993233500151e-11,1.2017487316888102e-07,1.267500080256628,0.0,0.534,-0.012830969503682788
8,SWAP-noise random walk M=64,swap_null,64,8,500,0.3,512000,1024000,0.001540970950410429,0.003621953769619427,0.005933782332619715,0.5855371594624823,0.0,0.496,0.0027909788623922574
8,SWAP-noise random walk M=64,swap_null,64,9,500,0.3,512000,1024000,0.0005574567407363002,8.172693381157662e-05,0.0010692450346783864,0.28286607087996574,0.0,0.516,-0.008118977553159303
8,SWAP-noise random walk M=64,swap_null,64,10,500,0.3,512000,1024000,1.4425642864258397e-06,3.6964864879388487e-06,8.291818137452454e-05,1.759514592089304,0.0,0.528,-0.013064228831431648
8,SWAP-noise random walk M=64,swap_null,64,11,500,0.3,512000,1024000,0.0026360207167236173,0.00030654174645387556,0.003373211315000494,0.10709472934737096,0.0,0.5,-0.0032037102811499556
8,SWAP-noise random walk M=64,swap_null,64,12,500,0.3,512000,1024000,0.016105636451783072,0.019124431049945396,0.06677806033972718,0.6176559085691284,0.0,0.482,0.016399591922778938
8,SWAP-noise random walk M=64,swap_null,64,13,500,0.3,512000,1024000,1.9030354920806357e-07,1.908143604813567e-05,0.0002598731726972988,3.135314560539509,0.0,0.494,0.009395427557052723
8,SWAP-noise random walk M=64,swap_null,64,14,500,0.3,512000,1024000,0.0026751390731438833,6.641232716589771e-05,0.0028213380450400026,0.02310876053172839,0.0,0.504,-0.01016938143341438
8,SWAP-noise random walk M=64,swap_null,64,15,500,0.3,512000,1024000,0.0010762192530459713,0.00029412334069443493,0.0017964039305997396,0.22250323954462958,0.0,0.518,-0.0017255203059656013
8,SWAP-noise random walk M=64,swap_null,64,16,500,0.3,512000,1024000,1.9073675275858043e-05,0.002655919168650382,0.0036934336498722774,2.2869959169941003,0.0,0.48,0.015340782051410567
8,SWAP-noise random walk M=64,swap_null,64,17,500,0.3,512000,1024000,0.00016463644181232665,0.004492354973034447,0.010967902813749616,1.823597622152163,0.0,0.49,0.006946457483062
8,SWAP-noise random walk M=64,swap_null,64,18,500,0.3,512000,1024000,0.3999222446032964,0.06055412268833801,0.5011066738309237,0.09795462552258188,0.0,0.516,-0.009927771673233379
8,SWAP-noise random walk M=64,swap_null,64,19,500,0.3,512000,1024000,9.904240197002547e-08,4.607266678894351e-07,8.136639860850571e-06,1.9146239296491894,0.0,0.512,-0.007970619738246185
8,SWAP-noise random walk M=64,swap_null,64,20,500,0.3,512000,1024000,1.8283616031706223e-08,5.700037291440042e-06,6.242212206976762e-06,2.5332764363925966,0.0,0.528,-0.023294224224918825
8,SWAP-noise random walk M=64,swap_null,64,21,500,0.3,512000,1024000,0.0076187777913815655,0.01672492821456763,0.021461307203675926,0.44977086405830335,0.0,0.456,0.006450404111016695
8,SWAP-noise random walk M=64,swap_null,64,22,500,0.3,512000,1024000,1.7717608436294027e-10,1.0440500968501258e-05,2.1919131668750858e-05,5.092418246046181,0.0,0.47,0.0201240117453299
8,SWAP-noise random walk M=64,swap_null,64,23,500,0.3,512000,1024000,3.3271448420663515e-07,6.071001940973219e-05,0.00038614379725575917,3.0646773554132976,0.0,0.484,0.014820559593375771
8,SWAP-noise random walk M=64,swap_null,64,24,500,0.3,512000,1024000,4.169342600559087e-06,1.0293146166133636e-08,4.169342600559087e-06,0.0,0.0,0.546,-0.03339849211121763
8,SWAP-noise random walk M=64,swap_null,64,25,500,0.3,512000,1024000,7.255970556932137e-08,2.6779178891052927e-08,3.242304866516658e-05,2.6501583363620584,0.0,0.486,0.007663058088065523
8,SWAP-noise random walk M=64,swap_null,64,26,500,0.3,512000,1024000,8.009745291146442e-05,0.005094639518808874,0.007121388051263269,1.9489459457412859,0.0,0.46,0.028666347304919047
8,SWAP-noise random walk M=64,swap_null,64,27,500,0.3,512000,1024000,2.5201757991044573e-05,2.0899131651967144e-05,0.0005356135969242451,1.32742075656709,0.0,0.538,-0.006874119621150077
8,SWAP-noise random walk M=64,swap_null,64,28,500,0.3,512000,1024000,3.3556743330457337e-06,0.001528583376555132,0.0018816354548144996,2.7487556816068963,0.0,0.44,0.03560445337027468
8,SWAP-noise random walk M=64,swap_null,64,29,500,0.3,512000,1024000,1.8690220338487706e-05,0.0002374110844184351,0.0018468122146226618,1.9948083169722652,0.0,0.476,-0.000464075055471566
8,SWAP-noise random walk M=64,swap_null,64,30,500,0.3,512000,1024000,0.0005382139613478806,7.166093132881572e-06,0.0019482169380556095,0.5586823556042657,0.0,0.5,0.001266544869233111
8,SWAP-noise random walk M=64,swap_null,64,31,500,0.3,512000,1024000,1.0926925191466474e-08,2.0704176502697444e-06,0.00013863929712153934,4.103388378114369,0.0,0.49,-0.00259230744488934
8,SWAP-noise random walk M=64,swap_null,64,32,500,0.3,512000,1024000,1.592247594031453e-05,3.49132224974845e-06,0.0008533945762595626,1.72913927706121,0.0,0.516,-0.005636499667226512
8,SWAP-noise random walk M=64,swap_null,64,33,500,0.3,512000,1024000,9.237051364388803e-05,0.0004566837767553944,0.0007744754500079002,0.9234742970646068,0.0,0.468,0.011143290847838723
8,SWAP-noise random walk M=64,swap_null,64,34,500,0.3,512000,1024000,4.638475555062181e-06,2.8176679919495034e-06,1.9286317548033778e-05,0.6188740409247195,0.0,0.514,-0.00617997959419211
8,SWAP-noise random walk M=64,swap_null,64,35,500,0.3,512000,1024000,4.542717178681196e-05,9.842938451888938e-09,0.00021163728624113917,0.6682764848023321,0.0,0.552,-0.02666989629606646
8,SWAP-noise random walk M=64,swap_null,64,36,500,0.3,512000,1024000,2.0225452857666343e-10,0.002117867369367693,0.002832096215403433,7.146209749190048,0.0,0.432,0.040426624151136355
8,SWAP-noise random walk M=64,swap_null,64,37,500,0.3,512000,1024000,0.003894082659369788,0.0024200584176750184,0.007710755081415433,0.29669174272813414,0.0,0.49,0.001113809349299395
8,SWAP-noise random walk M=64,swap_null,64,38,500,0.3,512000,1024000,0.0003050509105461394,0.0010681296149595589,0.005123252733607729,1.225173454797066,0.0,0.47,0.015942920958076885
8,SWAP-noise random walk M=64,swap_null,64,39,500,0.3,512000,1024000,1.6066026873993668e-13,8.480311255113157e-06,9.339983126656733e-05,8.76443760256511,0.0,0.478,0.011586728799595072
8,SWAP-noise random walk M=64,swap_null,64,40,500,0.3,512000,1024000,1.3906615759409157e-06,1.1066054713911084e-07,4.357035419457744e-05,1.495969635203764,0.0,0.496,-0.000616254307384516
8,SWAP-noise random walk M=64,swap_null,64,41,500,0.3,512000,1024000,5.0842805623034035e-05,3.7899311024864775e-09,0.00021402489682989404,0.6242347884598738,0.0,0.492,-0.013641769211799111
8,SWAP-noise random walk M=64,swap_null,64,42,500,0.3,512000,1024000,0.0019278510690840358,0.0022429791987987275,0.0061826553902705585,0.5061015597875649,0.0,0.502,-0.008968061752007058
8,SWAP-noise random walk M=64,swap_null,64,43,500,0.3,512000,1024000,1.6350536821270278e-06,1.736462826344872e-08,2.331638599280529e-05,1.1541292202678184,0.0,0.498,-0.0041998091661958545
8,SWAP-noise random walk M=64,swap_null,64,44,500,0.3,512000,1024000,1.506437242627461e-09,7.442728027232858e-08,2.3325683707915533e-06,3.1898833384649086,0.0,0.476,0.015148950271132122
8,SWAP-noise random walk M=64,swap_null,64,45,500,0.3,512000,1024000,9.815045313255306e-06,3.866417763327186e-05,4.223508247608676e-05,0.6337810376497801,0.0,0.492,0.005976600662789627
8,SWAP-noise random walk M=64,swap_null,64,46,500,0.3,512000,1024000,0.003464044806380522,0.0012631624669137156,0.0052449343574525464,0.18015655633598682,0.0,0.518,-0.022101041780381508
8,SWAP-noise random walk M=64,swap_null,64,47,500,0.3,512000,1024000,2.2711810292946292e-07,9.502949326036647e-05,0.0002342651439704069,3.013455923288045,0.0,0.476,0.014861747370619825
8,SWAP-noise random walk M=64,swap_null,64,48,500,0.3,512000,1024000,2.6834053383035525e-05,3.059710108259795e-06,8.025682630933865e-05,0.47579570250142744,0.0,0.516,-0.013828618489822102
8,SWAP-noise random walk M=64,swap_null,64,49,500,0.3,512000,1024000,8.43624633937025e-05,0.0009660323629422369,0.0012757929140691047,1.1796309329875414,0.0,0.53,-0.013841157428496478
8,SWAP-noise random walk M=1024,swap_null,1024,0,500,0.3,8192000,16384000,0.0009216073716804334,0.001214003356642459,0.002095485191018149,0.35673865608912525,0.0,0.504,0.006619053855068282
8,SWAP-noise random walk M=1024,swap_null,1024,1,500,0.3,8192000,16384000,0.07696876056170965,0.07706440644066324,0.08756185104918365,0.05600044082347444,0.0,0.486,0.0024261020356856223
8,SWAP-noise random walk M=1024,swap_null,1024,2,500,0.3,8192000,16384000,1.3910955549309587e-05,0.00027606176684952146,0.0003314286048260059,1.3770330257548147,0.0,0.436,0.025802586486014856
8,SWAP-noise random walk M=1024,swap_null,1024,3,500,0.3,8192000,16384000,0.0007580274566079217,1.7436181163551734e-05,0.0018527866214437085,0.3881404695636519,0.0,0.54,-0.022211701857716534
8,SWAP-noise random walk M=1024,swap_null,1024,4,500,0.3,8192000,16384000,2.7283544925353927e-06,2.8107978288290737e-06,1.0139361059674482e-05,0.5701097913047448,0.0,0.48,-0.0015501404768227475
8,SWAP-noise random walk M=1024,swap_null,1024,5,500,0.3,8192000,16384000,0.0017959826874502176,0.002804319409866837,0.003283563439520024,0.26204326548859225,0.0,0.48,0.013409619181918818
8,SWAP-noise random walk M=1024,swap_null,1024,6,500,0.3,8192000,16384000,4.5747892482347215e-07,8.122003947587196e-05,0.00011001175697423533,2.3810680090103298,0.0,0.484,0.02499099756199082
8,SWAP-noise random walk M=1024,swap_null,1024,7,500,0.3,8192000,16384000,6.491029639100393e-09,1.1985381961242757e-07,6.482279236668354e-07,1.9994141429756507,0.0,0.506,0.0109657348879241
8,SWAP-noise random walk M=1024,swap_null,1024,8,500,0.3,8192000,16384000,0.001540970950410429,0.0009148994630602423,0.0023519839079735277,0.18363989431709715,0.0,0.49,0.0030599867325391905
8,SWAP-noise random walk M=1024,swap_null,1024,9,500,0.3,8192000,16384000,0.0005574567407363002,0.0002730071519985407,0.0007578049425743521,0.13334626222206536,0.0,0.526,-0.010325061325319778
8,SWAP-noise random walk M=1024,swap_null,1024,10,500,0.3,8192000,16384000,1.4425642864258397e-06,9.516093485137927e-07,3.964638932161266e-06,0.4390684652054029,0.0,0.51,-0.007636840072072118
8,SWAP-noise random walk M=1024,swap_null,1024,11,500,0.3,8192000,16384000,0.0026360207167236173,0.003378815889417015,0.0037653072167945514,0.15485159759481748,0.0,0.506,0.007993179602599123
8,SWAP-noise random walk M=1024,swap_null,1024,12,500,0.3,8192000,16384000,0.016105636451783072,0.00969221694022659,0.020114517518611718,0.09653172807611132,0.0,0.528,-0.017374501624235757
8,SWAP-noise random walk M=1024,swap_null,1024,13,500,0.3,8192000,16384000,1.9030354920806357e-07,2.220358462638263e-08,3.145113798640275e-06,1.2181894759414318,0.0,0.538,-0.024646059666435835
8,SWAP-noise random walk M=1024,swap_null,1024,14,500,0.3,8192000,16384000,0.0026751390731438833,0.0012391267466828303,0.004049947583154671,0.1801030376287387,0.0,0.534,-0.017637721580616432
8,SWAP-noise random walk M=1024,swap_null,1024,15,500,0.3,8192000,16384000,0.0010762192530459713,0.0003130253396985578,0.0012040357904941324,0.04873863960858138,0.0,0.536,-0.019392818281673736
8,SWAP-noise random walk M=1024,swap_null,1024,16,500,0.3,8192000,16384000,1.9073675275858043e-05,2.4760431038787243e-08,2.3695835013970667e-05,0.0942376327273502,0.0,0.528,-0.023331173537537702
8,SWAP-noise random walk M=1024,swap_null,1024,17,500,0.3,8192000,16384000,0.00016463644181232665,0.0003978980489212948,0.0003978980489212948,0.38324583822804925,0.0,0.466,0.011355091812215242
8,SWAP-noise random walk M=1024,swap_null,1024,18,500,0.3,8192000,16384000,0.3999222446032964,0.33674265864152764,0.411869166237273,0.012783719311880992,0.0,0.498,-0.013339855989971545
8,SWAP-noise random walk M=1024,swap_null,1024,19,500,0.3,8192000,16384000,9.904240197002547e-08,1.4339769706230852e-07,4.816156795473184e-07,0.6868794531458473,0.0,0.498,-0.013058626010226978
8,SWAP-noise random walk M=1024,swap_null,1024,20,500,0.3,8192000,16384000,1.8283616031706223e-08,7.3913322178726175e-09,7.119857023355691e-08,0.5904091802509983,0.0,0.488,0.0030712293563491047
8,SWAP-noise random walk M=1024,swap_null,1024,21,500,0.3,8192000,16384000,0.0076187777913815655,0.01247148473841252,0.013160086301923352,0.2373734301648589,0.0,0.504,0.018470966596435327
8,SWAP-noise random walk M=1024,swap_null,1024,22,500,0.3,8192000,16384000,1.7717608436294027e-10,5.5728082318854536e-12,1.195668242588524e-09,0.8292055949331427,0.0,0.508,-0.0036807125543979295
8,SWAP-noise random walk M=1024,swap_null,1024,23,500,0.3,8192000,16384000,3.3271448420663515e-07,2.8135952618624467e-08,5.077423682171373e-07,0.18357169671089757,0.0,0.502,-0.0016971703548432392
8,SWAP-noise random walk M=1024,swap_null,1024,24,500,0.3,8192000,16384000,4.169342600559087e-06,2.5582975316055724e-06,6.504693806732338e-06,0.19315927481885353,0.0,0.508,-0.0001597552203664942
8,SWAP-noise random walk M=1024,swap_null,1024,25,500,0.3,8192000,16384000,7.255970556932137e-08,1.2587663531567154e-05,1.3526402743824671e-05,2.27048680245737,0.0,0.472,0.01954368819607826
8,SWAP-noise random walk M=1024,swap_null,1024,26,500,0.3,8192000,16384000,8.009745291146442e-05,4.2146387542405066e-06,0.0002345438898090792,0.46660541766591823,0.0,0.52,-0.013849753759810318
8,SWAP-noise random walk M=1024,swap_null,1024,27,500,0.3,8192000,16384000,2.5201757991044573e-05,3.3917627966176272e-06,2.5961605853331582e-05,0.012900715433514343,0.0,0.49,-0.013063462718444852
8,SWAP-noise random walk M=1024,swap_null,1024,28,500,0.3,8192000,16384000,3.3556743330457337e-06,2.581637369020691e-07,4.821655928735908e-06,0.15741640999958495,0.0,0.532,-0.01785523254316793
8,SWAP-noise random walk M=1024,swap_null,1024,29,500,0.3,8192000,16384000,1.8690220338487706e-05,1.0314450230614096e-05,0.0002990555247141947,1.2041374086293577,0.0,0.508,-0.014029798373781212
8,SWAP-noise random walk M=1024,swap_null,1024,30,500,0.3,8192000,16384000,0.0005382139613478806,0.0011770588815287364,0.0012953671475352166,0.3814379192589632,0.0,0.48,0.009314563153986018
8,SWAP-noise random walk M=1024,swap_null,1024,31,500,0.3,8192000,16384000,1.0926925191466474e-08,2.3123313942746022e-05,3.403569325091175e-05,3.4934366310973095,0.0,0.488,0.010796708804174897
8,SWAP-noise random walk M=1024,swap_null,1024,32,500,0.3,8192000,16384000,1.592247594031453e-05,6.431647943571042e-05,7.769677271583454e-05,0.6883923786062622,0.0,0.468,0.014818378514252063
8,SWAP-noise random walk M=1024,swap_null,1024,33,500,0.3,8192000,16384000,9.237051364388803e-05,0.0003649972332004472,0.0003649972332004472,0.5967562137663602,0.0,0.474,0.02695429535004934
8,SWAP-noise random walk M=1024,swap_null,1024,34,500,0.3,8192000,16384000,4.638475555062181e-06,1.3195859225814352e-05,1.5931807903531195e-05,0.535889789107185,0.0,0.514,0.0049930145262909445
8,SWAP-noise random walk M=1024,swap_null,1024,35,500,0.3,8192000,16384000,4.542717178681196e-05,0.00010457247267716157,0.00011754916902650955,0.41290386410527313,0.0,0.46,0.026078705202928557
8,SWAP-noise random walk M=1024,swap_null,1024,36,500,0.3,8192000,16384000,2.0225452857666343e-10,1.051936792569108e-05,2.675342519400674e-05,5.1214811374195195,0.0,0.464,0.021966824418225343
8,SWAP-noise random walk M=1024,swap_null,1024,37,500,0.3,8192000,16384000,0.003894082659369788,0.00432391949343834,0.00521815417722531,0.1271117407403719,0.0,0.468,0.012225933853671716
8,SWAP-noise random walk M=1024,swap_null,1024,38,500,0.3,8192000,16384000,0.0003050509105461394,3.4209541687737567e-06,0.00030648202401909017,0.0020326814264968185,0.0,0.508,-0.026389531721370606
8,SWAP-noise random walk M=1024,swap_null,1024,39,500,0.3,8192000,16384000,1.6066026873993668e-13,1.3328844513655347e-08,4.9867939324778165e-08,5.491912933310002,0.0,0.536,-0.020518832513147813
8,SWAP-noise random walk M=1024,swap_null,1024,40,500,0.3,8192000,16384000,1.3906615759409157e-06,8.205165995852864e-08,3.2595242356628793e-06,0.36993275927676716,0.0,0.518,-0.019251795263514226
8,SWAP-noise random walk M=1024,swap_null,1024,41,500,0.3,8192000,16384000,5.0842805623034035e-05,1.931388409901024e-05,5.7111545481171946e-05,0.05049440474525202,0.0,0.524,-0.010940579271176917
8,SWAP-noise random walk M=1024,swap_null,1024,42,500,0.3,8192000,16384000,0.0019278510690840358,4.04446566211348e-05,0.002060669250240361,0.028934809888672586,0.0,0.538,-0.043916633729359875
8,SWAP-noise random walk M=1024,swap_null,1024,43,500,0.3,8192000,16384000,1.6350536821270278e-06,6.795608656562855e-07,1.9622957765686862e-06,0.07923245312593785,0.0,0.484,0.0012790437522674583
8,SWAP-noise random walk M=1024,swap_null,1024,44,500,0.3,8192000,16384000,1.506437242627461e-09,5.97005062050835e-10,9.197899234011332e-08,1.7857376035166537,0.0,0.528,-0.012592393682510878
8,SWAP-noise random walk M=1024,swap_null,1024,45,500,0.3,8192000,16384000,9.815045313255306e-06,2.1119322142305404e-05,6.585090040754903e-05,0.8266694086787654,0.0,0.498,0.010337609823625152
8,SWAP-noise random walk M=1024,swap_null,1024,46,500,0.3,8192000,16384000,0.003464044806380522,0.004915966793353107,0.004983936632204704,0.1579890110392257,0.0,0.492,0.007394444782618604
8,SWAP-noise random walk M=1024,swap_null,1024,47,500,0.3,8192000,16384000,2.2711810292946292e-07,5.6886374033967964e-08,9.851853144534485e-07,0.6372661774958157,0.0,0.492,-0.006803461965417734
8,SWAP-noise random walk M=1024,swap_null,1024,48,500,0.3,8192000,16384000,2.6834053383035525e-05,4.5575921683205647e-07,2.6834053383035525e-05,0.0,0.0,0.546,-0.02793044309598259
8,SWAP-noise random walk M=1024,swap_null,1024,49,500,0.3,8192000,16384000,8.43624633937025e-05,0.00021873798619303995,0.00047646534911595124,0.7518820694080794,0.0,0.49,0.012780101102723509
10,exact,exact,0,0,500,0.3,0,0,1.9642950281469157e-08,1.9682425183508954e-08,1.9682425183508954e-08,0.0008718918858354741,0.0,0.0,1.0
10,exact,exact,0,1,500,0.3,0,0,5.6645537523350065e-06,1.1900088927891783e-05,1.1900088927891783e-05,0.3223845045550844,0.0,0.0,1.0
10,exact,exact,0,2,500,0.3,0,0,2.4310194652828526e-06,4.006950303649321e-06,4.006950303649321e-06,0.21702551983975749,0.0,0.0,1.0
10,exact,exact,0,3,500,0.3,0,0,5.121744046628164e-05,7.398431118243773e-05,7.398431118243773e-05,0.15972176344214883,0.0,0.0,1.0
10,exact,exact,0,4,500,0.3,0,0,1.69232907307165e-08,1.7002575194631916e-08,1.7002575194631916e-08,0.0020298888134711035,0.0,0.0,1.0
10,exact,exact,0,5,500,0.3,0,0,5.240742743643737e-07,5.313982068249738e-07,5.313982068249738e-07,0.0060272428933858535,0.0,0.0,1.0
10,exact,exact,0,6,500,0.3,0,0,3.639498201238425e-07,3.673612924008092e-07,3.673612924008092e-07,0.004051885187424276,0.0,0.0,1.0
10,exact,exact,0,7,500,0.3,0,0,3.1794300411733216e-08,3.2077833399958476e-08,3.2077833399958476e-08,0.0038557541044328403,0.0,0.0,1.0
10,exact,exact,0,8,500,0.3,0,0,6.528403246843035e-06,7.2099260559954725e-06,7.2099260559954725e-06,0.04312383857355506,0.0,0.0,1.0
10,exact,exact,0,9,500,0.3,0,0,1.3140758309207585e-05,1.433080032634991e-05,1.433080032634991e-05,0.03765001731230022,0.0,0.0,1.0
10,exact,exact,0,10,500,0.3,0,0,0.00013664567300899976,0.0003809914742263298,0.0003809914742263298,0.4453193732279752,0.0,0.0,1.0
10,exact,exact,0,11,500,0.3,0,0,4.153210502766528e-07,5.370748700657643e-07,5.370748700657643e-07,0.11165088844910631,0.0,0.0,1.0
10,exact,exact,0,12,500,0.3,0,0,1.1164156403272082e-09,1.1165847799969304e-09,1.1165847799969304e-09,6.57916807398351e-05,0.0,0.0,1.0
10,exact,exact,0,13,500,0.3,0,0,4.4481202851297726e-07,4.4778663169308997e-07,4.4778663169308997e-07,0.002894601094333815,0.0,0.0,1.0
10,exact,exact,0,14,500,0.3,0,0,6.614304161981339e-06,6.974413576378833e-06,6.974413576378833e-06,0.023023534792113054,0.0,0.0,1.0
10,exact,exact,0,15,500,0.3,0,0,1.400238358298134e-07,1.4100873241177487e-07,1.4100873241177487e-07,0.0030440379534919515,0.0,0.0,1.0
10,exact,exact,0,16,500,0.3,0,0,0.0004456767981500866,0.9999841475910017,0.9999841475910017,3.3509730899456844,0.0,0.0,1.0
10,exact,exact,0,17,500,0.3,0,0,5.289879703867258e-05,7.400364144213239e-05,7.400364144213239e-05,0.14580729432171768,0.0,0.0,1.0
10,exact,exact,0,18,500,0.3,0,0,1.3523934451486037e-09,1.3524377184638583e-09,1.3524377184638583e-09,1.4217269285410339e-05,0.0,0.0,1.0
10,exact,exact,0,19,500,0.3,0,0,1.3418446796745698e-05,2.699575701633472e-05,2.699575701633472e-05,0.3035932619129662,0.0,0.0,1.0
10,exact,exact,0,20,500,0.3,0,0,7.378820094209135e-08,7.39187473745965e-08,7.39187473745965e-08,0.0007676769532869443,0.0,0.0,1.0
10,exact,exact,0,21,500,0.3,0,0,8.104037659468365e-06,8.926869670673994e-06,8.926869670673994e-06,0.041997743741601035,0.0,0.0,1.0
10,exact,exact,0,22,500,0.3,0,0,2.222431193961649e-08,2.5303748107127938e-08,2.5303748107127938e-08,0.056356531452043335,0.0,0.0,1.0
10,exact,exact,0,23,500,0.3,0,0,3.668297758234641e-05,4.816257011736825e-05,4.816257011736825e-05,0.11824507387963923,0.0,0.0,1.0
10,exact,exact,0,24,500,0.3,0,0,4.154114593939998e-10,4.160065391921304e-10,4.160065391921304e-10,0.0006216846813309473,0.0,0.0,1.0
10,exact,exact,0,25,500,0.3,0,0,7.362730144861579e-08,7.412107262579906e-08,7.412107262579906e-08,0.0029028122613885543,0.0,0.0,1.0
10,exact,exact,0,26,500,0.3,0,0,4.152683209110085e-10,4.152838927895866e-10,4.152838927895866e-10,1.6285022972795105e-05,0.0,0.0,1.0
10,exact,exact,0,27,500,0.3,0,0,7.053175618164191e-07,7.125221050540941e-07,7.125221050540941e-07,0.004413644752331081,0.0,0.0,1.0
10,exact,exact,0,28,500,0.3,0,0,1.0559392475502003e-05,1.183246457458022e-05,1.183246457458022e-05,0.04943628069931716,0.0,0.0,1.0
10,exact,exact,0,29,500,0.3,0,0,1.0609148129531991e-05,1.1372897509122302e-05,1.1372897509122302e-05,0.030190612105034376,0.0,0.0,1.0
10,exact,exact,0,30,500,0.3,0,0,5.4474814335367095e-06,5.962854965270534e-06,5.962854965270534e-06,0.03925848738446547,0.0,0.0,1.0
10,exact,exact,0,31,500,0.3,0,0,7.455425558682546e-05,0.00012805179170780173,0.00012805179170780173,0.2349132213197005,0.0,0.0,1.0
10,exact,exact,0,32,500,0.3,0,0,3.0962892423738525e-08,3.099704813332577e-08,3.099704813332577e-08,0.0004788138131974762,0.0,0.0,1.0
10,exact,exact,0,33,500,0.3,0,0,9.750460854895787e-05,0.0003333009864783443,0.0003333009864783443,0.5338114559694818,0.0,0.0,1.0
10,exact,exact,0,34,500,0.3,0,0,1.927180939552652e-05,2.3987940035323107e-05,2.3987940035323107e-05,0.0950704628269401,0.0,0.0,1.0
10,exact,exact,0,35,500,0.3,0,0,8.012630327856217e-06,8.49939646116144e-06,8.49939646116144e-06,0.0256129812113981,0.0,0.0,1.0
10,exact,exact,0,36,500,0.3,0,0,1.0963741208764915e-07,1.1026601410368716e-07,1.1026601410368716e-07,0.0024829002002215717,0.0,0.0,1.0
10,exact,exact,0,37,500,0.3,0,0,1.6178482616276756e-05,4.0599991913434184e-05,4.0599991913434184e-05,0.39958816047214096,0.0,0.0,1.0
10,exact,exact,0,38,500,0.3,0,0,0.0008864041390513745,0.9999999999999982,0.9999999999999982,3.052368224679075,0.0,0.0,1.0
10,exact,exact,0,39,500,0.3,0,0,0.0015850927447663818,1.0,1.0,2.799945321861447,0.0,0.0,1.0
10,exact,exact,0,40,500,0.3,0,0,1.5588794578663906e-05,1.9476175405533093e-05,1.9476175405533093e-05,0.09669114304605131,0.0,0.0,1.0
10,exact,exact,0,41,500,0.3,0,0,2.415789054887436e-06,2.4625522264062417e-06,2.4625522264062417e-06,0.008326440594325746,0.0,0.0,1.0
10,exact,exact,0,42,500,0.3,0,0,2.6865448709325904e-06,2.7891583753958166e-06,2.7891583753958166e-06,0.016279076700465467,0.0,0.0,1.0
10,exact,exact,0,43,500,0.3,0,0,4.5741595886172236e-08,4.604610601143295e-08,4.604610601143295e-08,0.0028815963256407784,0.0,0.0,1.0
10,exact,exact,0,44,500,0.3,0,0,2.4612267769992276e-07,2.4817850238415947e-07,2.4817850238415947e-07,0.003612528151438532,0.0,0.0,1.0
10,exact,exact,0,45,500,0.3,0,0,5.877784617920775e-07,5.92422252434518e-07,5.92422252434518e-07,0.0034176950326454403,0.0,0.0,1.0
10,exact,exact,0,46,500,0.3,0,0,0.012827245207329122,1.0,1.0,1.891866603150845,0.0,0.0,1.0
10,exact,exact,0,47,500,0.3,0,0,4.45020136000106e-12,4.4502246719941455e-12,4.4502246719941455e-12,2.275007942031948e-06,0.0,0.0,1.0
10,exact,exact,0,48,500,0.3,0,0,1.4964263392005606e-06,1.6678158474820938e-06,1.6678158474820938e-06,0.04709275237441535,0.0,0.0,1.0
10,exact,exact,0,49,500,0.3,0,0,3.003698882026328e-10,3.003861092896977e-10,3.003861092896977e-10,2.345287815330721e-05,0.0,0.0,1.0
10,LE M=64,loschmidt,64,0,500,0.3,640000,640000,1.9642950281469157e-08,1.94795118461937e-08,1.9642950281469157e-08,0.0,0.998,0.002,-0.1363004377865529
10,LE M=64,loschmidt,64,1,500,0.3,640000,640000,5.6645537523350065e-06,9.30128630298186e-06,1.085915013883611e-05,0.2826301354553369,0.742,0.116,0.07411125506702479
10,LE M=64,loschmidt,64,2,500,0.3,640000,640000,2.4310194652828526e-06,3.9094809723965194e-06,5.017222912585999e-06,0.31467496065993217,0.824,0.082,0.04422663824459403
10,LE M=64,loschmidt,64,3,500,0.3,640000,640000,5.121744046628164e-05,8.082538329494561e-05,8.082538329494561e-05,0.19812990152697463,0.794,0.044,0.28834102805310374
10,LE M=64,loschmidt,64,4,500,0.3,640000,640000,1.69232907307165e-08,1.5286126178363052e-08,1.69232907307165e-08,0.0,0.998,0.002,-0.9864311933968064
10,LE M=64,loschmidt,64,5,500,0.3,640000,640000,5.240742743643737e-07,5.382958977694957e-07,5.382958977694957e-07,0.011628228489229286,0.998,0.0,0.8668062106793877
10,LE M=64,loschmidt,64,6,500,0.3,640000,640000,3.639498201238425e-07,3.665578391364477e-07,3.665578391364477e-07,0.00310100260763857,0.998,0.0,0.2338175941079009
10,LE M=64,loschmidt,64,7,500,0.3,640000,640000,3.1794300411733216e-08,2.578797314483148e-08,3.179430041173331e-08,8.881784197001252e-16,0.996,0.004,-0.9838295988213683
10,LE M=64,loschmidt,64,8,500,0.3,640000,640000,6.528403246843035e-06,6.3546306823245155e-06,6.893321025944126e-06,0.023621532205606144,0.96,0.018,-0.05567786873048188
10,LE M=64,loschmidt,64,9,500,0.3,640000,640000,1.3140758309207585e-05,1.4497569736408972e-05,1.4497569736408972e-05,0.042674778845771755,0.952,0.006,0.2823002929427377
10,LE M=64,loschmidt,64,10,500,0.3,640000,640000,0.00013664567300899976,0.00030252040765423754,0.00030252040765423754,0.3451587929722497,0.594,0.096,0.25980387578591374
10,LE M=64,loschmidt,64,11,500,0.3,640000,640000,4.153210502766528e-07,9.663549050871897e-07,1.5002252238583857e-06,0.557772519546166,0.894,0.048,0.09425331024006765
10,LE M=64,loschmidt,64,12,500,0.3,640000,640000,1.1164156403272082e-09,1.1164156403272028e-09,1.1164156403272082e-09,0.0,1.0,0.0,
10,LE M=64,loschmidt,64,13,500,0.3,640000,640000,4.4481202851297726e-07,4.448120285129776e-07,4.448120285129776e-07,0.0,1.0,0.0,
10,LE M=64,loschmidt,64,14,500,0.3,640000,640000,6.614304161981339e-06,7.434216039777791e-06,7.434216039777791e-06,0.05075101534696014,0.962,0.004,0.3671056116734793
10,LE M=64,loschmidt,64,15,500,0.3,640000,640000,1.400238358298134e-07,1.400238358298146e-07,1.400238358298146e-07,4.440892098500626e-15,1.0,0.0,
10,LE M=64,loschmidt,64,16,500,0.3,640000,640000,0.0004456767981500866,0.44121640947121094,0.44121640947121094,2.9956316307173205,0.168,0.072,0.5174902472287993
10,LE M=64,loschmidt,64,17,500,0.3,640000,640000,5.289879703867258e-05,6.37121319300071e-05,6.476333372299931e-05,0.08788340022848296,0.842,0.046,0.14962043098449265
10,LE M=64,loschmidt,64,18,500,0.3,640000,640000,1.3523934451486037e-09,1.3523934451486062e-09,1.3523934451486062e-09,1.7763568394002505e-15,1.0,0.0,
10,LE M=64,loschmidt,64,19,500,0.3,640000,640000,1.3418446796745698e-05,2.4626293771895717e-05,2.945743518046973e-05,0.3414926821402213,0.75,0.11,0.09100011095280766
10,LE M=64,loschmidt,64,20,500,0.3,640000,640000,7.378820094209135e-08,7.584833693529937e-08,7.584833693529937e-08,0.01195914102904272,0.996,0.0,0.4669668791702259
10,LE M=64,loschmidt,64,21,500,0.3,640000,640000,8.104037659468365e-06,8.051093302776115e-06,8.466253027059679e-06,0.01898979337026141,0.956,0.018,0.013871649050174491
10,LE M=64,loschmidt,64,22,500,0.3,640000,640000,2.222431193961649e-08,3.368573857971734e-08,8.231773589428042e-08,0.5686650927014494,0.936,0.032,7.196307466892163e-05
10,LE M=64,loschmidt,64,23,500,0.3,640000,640000,3.668297758234641e-05,4.4345502251525305e-05,4.442153957928703e-05,0.08312902601470018,0.892,0.024,0.22873627326280116
10,LE M=64,loschmidt,64,24,500,0.3,640000,640000,4.154114593939998e-10,5.758361416764326e-10,5.758361416764326e-10,0.14182044671983896,0.998,0.0,0.9985621994276006
10,LE M=64,loschmidt,64,25,500,0.3,640000,640000,7.362730144861579e-08,7.74614144132201e-08,7.74614144132201e-08,0.02204653953697644,0.994,0.002,0.29895794691679095
10,LE M=64,loschmidt,64,26,500,0.3,640000,640000,4.152683209110085e-10,4.1526832091101073e-10,4.1526832091101073e-10,1.7763568394002505e-15,1.0,0.0,
10,LE M=64,loschmidt,64,27,500,0.3,640000,640000,7.053175618164191e-07,6.810830057507289e-07,7.053175618164217e-07,1.7763568394002505e-15,0.994,0.004,-0.5045238415826043
10,LE M=64,loschmidt,64,28,500,0.3,640000,640000,1.0559392475502003e-05,1.2445356555105147e-05,1.2445356555105147e-05,0.07136841130668348,0.934,0.016,0.25971496044269027
10,LE M=64,loschmidt,64,29,500,0.3,640000,640000,1.0609148129531991e-05,1.0877030249922458e-05,1.0877030249922458e-05,0.01082982308257563,0.974,0.008,0.1204139852741571
10,LE M=64,loschmidt,64,30,500,0.3,640000,640000,5.4474814335367095e-06,6.277805455234392e-06,6.277805455234392e-06,0.061612094362813785,0.944,0.014,0.2119518823129193
10,LE M=64,loschmidt,64,31,500,0.3,640000,640000,7.455425558682546e-05,0.00013926291530017213,0.00013926291530017213,0.27136304416295465,0.762,0.052,0.30465854139897974
10,LE M=64,loschmidt,64,32,500,0.3,640000,640000,3.0962892423738525e-08,3.177992842627045e-08,3.177992842627045e-08,0.01131139089084332,0.998,0.0,0.7261469272047468
10,LE M=64,loschmidt,64,33,500,0.3,640000,640000,9.750460854895787e-05,0.00040659741822282716,0.00040659741822282716,0.6201394735811894,0.542,0.108,0.31705374093046723
10,LE M=64,loschmidt,64,34,500,0.3,640000,640000,1.927180939552652e-05,2.1380848076526894e-05,2.1759513525004247e-05,0.05272668996419405,0.912,0.03,0.12114722649966068
10,LE M=64,loschmidt,64,35,500,0.3,640000,640000,8.012630327856217e-06,8.722917272204948e-06,8.786292422113986e-06,0.04003054668167749,0.966,0.006,0.310414745858217
10,LE M=64,loschmidt,64,36,500,0.3,640000,640000,1.0963741208764915e-07,1.0963741208764915e-07,1.0963741208764915e-07,0.0,1.0,0.0,
10,LE M=64,loschmidt,64,37,500,0.3,640000,640000,1.6178482616276756e-05,2.237371972440285e-05,3.0223178546521126e-05,0.271402350190181,0.676,0.148,0.05808073433397828
10,LE M=64,loschmidt,64,38,500,0.3,640000,640000,0.0008864041390513745,0.9983054952440178,0.9996044360213168,3.0521963994397154,0.078,0.048,0.5345520105535064
10,LE M=64,loschmidt,64,39,500,0.3,640000,640000,0.0015850927447663818,0.9970615724057935,0.9996506436655219,2.7997935718242033,0.0,0.162,0.3888459572048001
10,LE M=64,loschmidt,64,40,500,0.3,640000,640000,1.5588794578663906e-05,1.776358649314688e-05,1.776358649314688e-05,0.056718120792952575,0.896,0.036,0.11997946854924466
10,LE M=64,loschmidt,64,41,500,0.3,640000,640000,2.415789054887436e-06,2.452492393807451e-06,2.452492393807451e-06,0.006548659831447701,0.996,0.0,0.44491924008332406
10,LE M=64,loschmidt,64,42,500,0.3,640000,640000,2.6865448709325904e-06,2.847216678344918e-06,2.847216678344918e-06,0.025226420407329364,0.984,0.004,0.3269032952691041
10,LE M=64,loschmidt,64,43,500,0.3,640000,640000,4.5741595886172236e-08,4.0363223348959115e-08,4.9912808302484766e-08,0.037900693062261404,0.99,0.006,-0.329412262797432
10,LE M=64,loschmidt,64,44,500,0.3,640000,640000,2.4612267769992276e-07,2.5359887947854636e-07,2.5359887947854636e-07,0.012995698929595179,0.996,0.0,0.4275732675029964
10,LE M=64,loschmidt,64,45,500,0.3,640000,640000,5.877784617920775e-07,5.827175918847853e-07,5.877784617920775e-07,0.0,0.996,0.002,-0.19451893492164857
10,LE M=64,loschmidt,64,46,500,0.3,640000,640000,0.012827245207329122,0.9988618575711675,0.9997525098303373,1.8917591062330712,0.0,0.186,0.3354687459319306
10,LE M=64,loschmidt,64,47,500,0.3,640000,640000,4.45020136000106e-12,4.450201360001104e-12,4.450201360001104e-12,3.552713678800501e-15,1.0,0.0,
10,LE M=64,loschmidt,64,48,500,0.3,640000,640000,1.4964263392005606e-06,1.6715844660986988e-06,1.6715844660986988e-06,0.04807298284139705,0.958,0.016,0.10601064622484638
10,LE M=64,loschmidt,64,49,500,0.3,640000,640000,3.003698882026328e-10,3.003698882026326e-10,3.003698882026328e-10,0.0,1.0,0.0,
10,SWAP M=64,swap,64,0,500,0.3,640000,1280000,1.9642950281469157e-08,7.76513963874816e-10,3.7587179103595187e-07,1.2818330159843043,0.0,0.53,-0.01887983768615822
10,SWAP M=64,swap,64,1,500,0.3,640000,1280000,5.6645537523350065e-06,1.65824443876683e-07,0.00017531917928441065,1.4906637266605078,0.0,0.516,-0.02556382169628758
10,SWAP M=64,swap,64,2,500,0.3,640000,1280000,2.4310194652828526e-06,1.2188387978280839e-06,0.0007374216550538767,2.4819274506348026,0.0,0.496,-0.008977001521733911
10,SWAP M=64,swap,64,3,500,0.3,640000,1280000,5.121744046628164e-05,0.00015430743255282444,0.00036675278937105385,0.8549555542946465,0.0,0.508,0.010699400288907502
10,SWAP M=64,swap,64,4,500,0.3,640000,1280000,1.69232907307165e-08,2.1781657774915548e-07,1.501188696993743e-06,1.9479504703938675,0.0,0.476,0.008936650803531329
10,SWAP M=64,swap,64,5,500,0.3,640000,1280000,5.240742743643737e-07,4.652715520413995e-07,4.081669458949863e-06,0.8914449901637411,0.0,0.522,-0.012443208889495835
10,SWAP M=64,swap,64,6,500,0.3,640000,1280000,3.639498201238425e-07,2.2035265857143248e-05,2.366781274013051e-05,1.8131166154049208,0.0,0.486,0.012716208698028376
10,SWAP M=64,swap,64,7,500,0.3,640000,1280000,3.1794300411733216e-08,1.4237415674641164e-09,1.2350398334038689e-05,2.5893316916097353,0.0,0.506,-0.0006019443286661472
10,SWAP M=64,swap,64,8,500,0.3,640000,1280000,6.528403246843035e-06,3.7165488051916173e-07,3.867278714698796e-05,0.7725985006909637,0.0,0.518,-0.009516189624202004
10,SWAP M=64,swap,64,9,500,0.3,640000,1280000,1.3140758309207585e-05,0.0006467796897409967,0.0010737174308842726,1.9122695759376267,0.0,0.478,0.02077783197113586
10,SWAP M=64,swap,64,10,500,0.3,640000,1280000,0.00013664567300899976,0.9964388381310463,0.9979077473725517,3.8634945103590668,0.0,0.368,0.13038714595444723
10,SWAP M=64,swap,64,11,500,0.3,640000,1280000,4.153210502766528e-07,0.0009030173009190015,0.0010323434880951821,3.3954402790438474,0.0,0.452,0.013945217714062135
10,SWAP M=64,swap,64,12,500,0.3,640000,1280000,1.1164156403272082e-09,4.570548777976195e-09,5.96816133733442e-08,1.728014642838394,0.0,0.494,0.011600829064538106
10,SWAP M=64,swap,64,13,500,0.3,640000,1280000,4.4481202851297726e-07,6.579405205065255e-08,5.022576013547597e-06,1.0527499954129684,0.0,0.482,0.010970210905580077
10,SWAP M=64,swap,64,14,500,0.3,640000,1280000,6.614304161981339e-06,1.210794050321085e-07,2.684351885671815e-05,0.6083552836398702,0.0,0.484,-0.0006733379866596186
10,SWAP M=64,swap,64,15,500,0.3,640000,1280000,1.400238358298134e-07,6.278442343924715e-08,9.571485669472484e-06,1.8347773828541634,0.0,0.498,0.0050475511439957476
10,SWAP M=64,swap,64,16,500,0.3,640000,1280000,0.0004456767981500866,9.073950541798004e-06,0.0005778667656501422,0.11280769259692258,0.0,0.522,-0.021501848852547877
10,SWAP M=64,swap,64,17,500,0.3,640000,1280000,5.289879703867258e-05,6.077529651641132e-08,0.0002486153511492053,0.6720821453946786,0.0,0.488,-0.0016153098433791802
10,SWAP M=64,swap,64,18,500,0.3,640000,1280000,1.3523934451486037e-09,6.468829366942984e-09,1.561559464568915e-07,2.062455469784333,0.0,0.488,0.004785308178408182
10,SWAP M=64,swap,64,19,500,0.3,640000,1280000,1.3418446796745698e-05,1.2141772224783689e-05,0.0001313755688931453,0.9908123610854713,0.0,0.478,0.0013260635427672566
10,SWAP M=64,swap,64,20,500,0.3,640000,1280000,7.378820094209135e-08,2.2025983517244802e-07,6.201912185637233e-05,2.9245386908883084,0.0,0.46,0.015170955378691175
10,SWAP M=64,swap,64,21,500,0.3,640000,1280000,8.104037659468365e-06,0.00018030188969484778,0.0005294219616979725,1.8151005023963624,0.0,0.5,-0.0018736470046946368
10,SWAP M=64,swap,64,22,500,0.3,640000,1280000,2.222431193961649e-08,2.1810560681567956e-05,0.00030795993612274015,4.141665896697723,0.0,0.518,-0.0011090663574528752
10,SWAP M=64,swap,64,23,500,0.3,640000,1280000,3.668297758234641e-05,3.959431571914137e-11,3.668297758234641e-05,0.0,0.0,0.538,-0.01973450643733867
10,SWAP M=64,swap,64,24,500,0.3,640000,1280000,4.154114593939998e-10,5.192700480758878e-08,1.2891216290394811e-06,3.4918154224516087,0.0,0.532,-0.019415367614611483
10,SWAP M=64,swap,64,25,500,0.3,640000,1280000,7.362730144861579e-08,4.6907366637766233e-08,3.4456532418640943e-06,1.670232686255959,0.0,0.492,0.005808615044211259
10,SWAP M=64,swap,64,26,500,0.3,640000,1280000,4.152683209110085e-10,2.188830435707451e-09,2.208539342391788e-07,2.7257763382233673,0.0,0.522,-0.005032149518372189
10,SWAP M=64,swap,64,27,500,0.3,640000,1280000,7.053175618164191e-07,0.0001327943447469319,0.0002872704037231217,2.609906187191484,0.0,0.456,0.023560403161692625
10,SWAP M=64,swap,64,28,500,0.3,640000,1280000,1.0559392475502003e-05,4.707509527392634e-10,1.9334477067091098e-05,0.26269349815448084,0.0,0.488,-0.004414715070425051
10,SWAP M=64,swap,64,29,500,0.3,640000,1280000,1.0609148129531991e-05,1.3598516953413008e-06,2.921230492146404e-05,0.4398853119490207,0.0,0.5,-0.003367038347240728
10,SWAP M=64,swap,64,30,500,0.3,640000,1280000,5.4474814335367095e-06,1.9983857421214984e-11,2.2985139518872357e-05,0.6252513855144706,0.0,0.514,-0.021069398440259072
10,SWAP M=64,swap,64,31,500,0.3,640000,1280000,7.455425558682546e-05,0.00024754644956106293,0.0004490267256850108,0.7797997524072784,0.0,0.462,0.02086652881773869
10,SWAP M=64,swap,64,32,500,0.3,640000,1280000,3.0962892423738525e-08,7.849232726584003e-06,2.7620915079859055e-05,2.9503965387629165,0.0,0.5,0.004765754496950679
10,SWAP M=64,swap,64,33,500,0.3,640000,1280000,9.750460854895787e-05,1.808886453918254e-05,0.00040683970988414245,0.6203981928626097,0.0,0.508,-0.005289505189230338
10,SWAP M=64,swap,64,34,500,0.3,640000,1280000,1.927180939552652e-05,9.62904891068806e-05,0.0008802152614119188,1.6596664025105938,0.0,0.484,0.01875406721873175
10,SWAP M=64,swap,64,35,500,0.3,640000,1280000,8.012630327856217e-06,2.6100780128451338e-05,8.594000703691747e-05,1.0304202783932235,0.0,0.472,0.007797760315127805
10,SWAP M=64,swap,64,36,500,0.3,640000,1280000,1.0963741208764915e-07,8.378946595483717e-05,0.00037526519945040303,3.534379515819009,0.0,0.49,0.02062772534695912
10,SWAP M=64,swap,64,37,500,0.3,640000,1280000,1.6178482616276756e-05,6.704106480630892e-05,0.00012654982980602326,0.8933237788181421,0.0,0.476,0.021599844198058448
10,SWAP M=64,swap,64,38,500,0.3,640000,1280000,0.0008864041390513745,3.0626465226938632e-06,0.0013327873240599939,0.17712907825185953,0.0,0.506,-0.012797641111704589
10,SWAP M=64,swap,64,39,500,0.3,640000,1280000,0.0015850927447663818,0.9961579771371841,0.9989082253765055,2.799470911145041,0.0,0.24,0.2372221602127815
10,SWAP M=64,swap,64,40,500,0.3,640000,1280000,1.5588794578663906e-05,3.5646281132785573e-06,5.504575843195421e-05,0.5479113257299781,0.0,0.536,-0.03148107590376792
10,SWAP M=64,swap,64,41,500,0.3,640000,1280000,2.415789054887436e-06,2.8365051489930328e-09,2.737818158740735e-06,0.05434559035373265,0.0,0.532,-0.02398080895494384
10,SWAP M=64,swap,64,42,500,0.3,640000,1280000,2.6865448709325904e-06,1.1554262493673705e-06,5.903669549701185e-05,1.341927941827282,0.0,0.48,0.010520792318922133
10,SWAP M=64,swap,64,43,500,0.3,640000,1280000,4.5741595886172236e-08,1.9415880010320525e-08,6.004736362135356e-07,1.118182631756727,0.0,0.526,-0.019622659372027864
10,SWAP M=64,swap,64,44,500,0.3,640000,1280000,2.4612267769992276e-07,2.795595681184198e-05,4.2225640769641384e-05,2.234424617302902,0.0,0.514,-0.0033575197644083203
10,SWAP M=64,swap,64,45,500,0.3,640000,1280000,5.877784617920775e-07,8.851771064310417e-06,3.1373047253019707e-05,1.727343035619568,0.0,0.486,-0.006950142304805233
10,SWAP M=64,swap,64,46,500,0.3,640000,1280000,0.012827245207329122,0.9952377398897501,0.9992445006053281,1.8915383699270385,0.0,0.206,0.2803323956107424
10,SWAP M=64,swap,64,47,500,0.3,640000,1280000,4.45020136000106e-12,3.395119288587526e-09,2.8257625613661917e-08,3.8027560047292965,0.0,0.49,-0.009006906038162255
10,SWAP M=64,swap,64,48,500,0.3,640000,1280000,1.4964263392005606e-06,0.0006378692212564682,0.0006693248410756394,2.650581599763147,0.0,0.516,0.002736242280688096
10,SWAP M=64,swap,64,49,500,0.3,640000,1280000,3.003698882026328e-10,3.649283928177164e-09,1.3549158665610876e-08,1.6542559356486315,0.0,0.496,0.009457192776013887
10,SWAP M=32 (state-copy matched to LE M=64),swap,32,0,500,0.3,320000,640000,1.9642950281469157e-08,5.05942177798672e-06,5.820007478739257e-06,2.4717168253221136,0.0,0.51,0.0013066635935883811
10,SWAP M=32 (state-copy matched to LE M=64),swap,32,1,500,0.3,320000,640000,5.6645537523350065e-06,7.653820111044618e-06,6.9392492881956e-05,1.0881467872499941,0.0,0.474,0.01447961838791146
10,SWAP M=32 (state-copy matched to LE M=64),swap,32,2,500,0.3,320000,640000,2.4310194652828526e-06,7.399314221905635e-07,3.868504853581224e-05,1.2017547098043977,0.0,0.52,-0.008203473905744179
10,SWAP M=32 (state-copy matched to LE M=64),swap,32,3,500,0.3,320000,640000,5.121744046628164e-05,8.486436005327689e-07,0.0008334148838998912,1.211443380927561,0.0,0.514,-0.005814910660759157
10,SWAP M=32 (state-copy matched to LE M=64),swap,32,4,500,0.3,320000,640000,1.69232907307165e-08,8.850698817186915e-07,9.412351886327188e-06,2.7452133397675498,0.0,0.508,0.008205932806664661
10,SWAP M=32 (state-copy matched to LE M=64),swap,32,5,500,0.3,320000,640000,5.240742743643737e-07,2.5999939434537847e-09,3.414339459619091e-06,0.8139138555649117,0.0,0.494,0.0033715496336567696
10,SWAP M=32 (state-copy matched to LE M=64),swap,32,6,500,0.3,320000,640000,3.639498201238425e-07,0.00025665292960778345,0.0004935476132223182,3.132287546944102,0.0,0.5,0.013974145762000525
10,SWAP M=32 (state-copy matched to LE M=64),swap,32,7,500,0.3,320000,640000,3.1794300411733216e-08,1.6992051015056805e-09,6.533409609960266e-05,3.312790613598996,0.0,0.496,-0.0098333463032946
10,SWAP M=32 (state-copy matched to LE M=64),swap,32,8,500,0.3,320000,640000,6.528403246843035e-06,5.323793008709653e-05,0.000267018052615783,1.6117336521303556,0.0,0.53,-0.021532056828093588
10,SWAP M=32 (state-copy matched to LE M=64),swap,32,9,500,0.3,320000,640000,1.3140758309207585e-05,0.00033168367293226676,0.0009859299269669968,1.8752256217820036,0.0,0.476,0.019103716849975798
10,SWAP M=32 (state-copy matched to LE M=64),swap,32,10,500,0.3,320000,640000,0.00013664567300899976,0.9963856562079609,0.9977852440648199,3.863441193029339,0.0,0.366,0.13491138311316578
10,SWAP M=32 (state-copy matched to LE M=64),swap,32,11,500,0.3,320000,640000,4.153210502766528e-07,0.995696056549685,0.9975100493055211,6.38053333603253,0.0,0.364,0.13682085072576256
10,SWAP M=32 (state-copy matched to LE M=64),swap,32,12,500,0.3,320000,640000,1.1164156403272082e-09,2.8266709689160158e-08,7.911654212130097e-05,4.850441385598557,0.0,0.49,0.001410992055876839
10,SWAP M=32 (state-copy matched to LE M=64),swap,32,13,500,0.3,320000,640000,4.4481202851297726e-07,0.00029781170742936323,0.00042638529769595626,2.981625698421479,0.0,0.494,0.005261165272350759
10,SWAP M=32 (state-copy matched to LE M=64),swap,32,14,500,0.3,320000,640000,6.614304161981339e-06,1.2533410398750353e-05,0.0001032783409402847,1.1935250905437385,0.0,0.466,0.015203321769289135
10,SWAP M=32 (state-copy matched to LE M=64),swap,32,15,500,0.3,320000,640000,1.400238358298134e-07,4.301329287358654e-09,9.589984590626598e-06,1.8356159387442217,0.0,0.498,-0.01358936664256463
10,SWAP M=32 (state-copy matched to LE M=64),swap,32,16,500,0.3,320000,640000,0.0004456767981500866,0.9831440107170925,0.9989399476617541,3.3505193555496633,0.0,0.238,0.22174696241804068
10,SWAP M=32 (state-copy matched to LE M=64),swap,32,17,500,0.3,320000,640000,5.289879703867258e-05,0.0001093728527847318,0.0011052272901916908,1.3200058040040208,0.0,0.508,0.01597795051003023
10,SWAP M=32 (state-copy matched to LE M=64),swap,32,18,500,0.3,320000,640000,1.3523934451486037e-09,5.9010308481227915e-08,1.837114011415763e-07,2.133033052348554,0.0,0.502,0.005496676795325396
10,SWAP M=32 (state-copy matched to LE M=64),swap,32,19,500,0.3,320000,640000,1.3418446796745698e-05,0.9897577708053215,0.9983363585253074,4.871574639449124,0.0,0.254,0.2182879402102022
10,SWAP M=32 (state-copy matched to LE M=64),swap,32,20,500,0.3,320000,640000,7.378820094209135e-08,1.4470407018540903e-10,1.335156235830597e-07,0.25754516668714356,0.0,0.57,-0.04402037586993896
10,SWAP M=32 (state-copy matched to LE M=64),swap,32,21,500,0.3,320000,640000,8.104037659468365e-06,1.035680581721816e-05,1.5440018980295893e-05,0.2799463793512347,0.0,0.526,-0.019575120248211467
10,SWAP M=32 (state-copy matched to LE M=64),swap,32,22,500,0.3,320000,640000,2.222431193961649e-08,6.213450384053355e-08,0.00043003573141446984,4.28667621817282,0.0,0.502,-0.01105870399347205
10,SWAP M=32 (state-copy matched to LE M=64),swap,32,23,500,0.3,320000,640000,3.668297758234641e-05,7.048193168008734e-13,0.0002389307222474502,0.813807415489118,0.0,0.528,-0.012775025036550758
10,SWAP M=32 (state-copy matched to LE M=64),swap,32,24,500,0.3,320000,640000,4.154114593939998e-10,5.141807318872952e-08,2.3651717073787844e-06,3.7553842025885347,0.0,0.534,-0.03233916481645895
10,SWAP M=32 (state-copy matched to LE M=64),swap,32,25,500,0.3,320000,640000,7.362730144861579e-08,1.3482528514670292e-07,5.321179855480481e-06,1.8589690550716025,0.0,0.54,-0.03142842054801689
10,SWAP M=32 (state-copy matched to LE M=64),swap,32,26,500,0.3,320000,640000,4.152683209110085e-10,1.508779057106236e-06,4.094661992093074e-06,3.993889255391661,0.0,0.504,0.003456824245187142
10,SWAP M=32 (state-copy matched to LE M=64),swap,32,27,500,0.3,320000,640000,7.053175618164191e-07,1.0507917060495884e-08,1.3140320197409087e-05,1.2702212504971886,0.0,0.512,-0.011601683403530929
10,SWAP M=32 (state-copy matched to LE M=64),swap,32,28,500,0.3,320000,640000,1.0559392475502003e-05,2.2468496569988197e-07,5.82573305746759e-05,0.741711648618562,0.0,0.534,-0.01913332547473287
10,SWAP M=32 (state-copy matched to LE M=64),swap,32,29,500,0.3,320000,640000,1.0609148129531991e-05,0.0006590990945586288,0.0012245436364749515,2.0622937525107914,0.0,0.47,0.022724733118934384
10,SWAP M=32 (state-copy matched to LE M=64),swap,32,30,500,0.3,320000,640000,5.4474814335367095e-06,0.00026759995382903825,0.0014792191113705976,2.433836750500977,0.0,0.51,-0.004349398593870193
10,SWAP M=32 (state-copy matched to LE M=64),swap,32,31,500,0.3,320000,640000,7.455425558682546e-05,2.4794808558966885e-07,0.000526096402241462,0.8485928936447942,0.0,0.528,-0.013949962289690948
10,SWAP M=32 (state-copy matched to LE M=64),swap,32,32,500,0.3,320000,640000,3.0962892423738525e-08,1.6089719256274721e-06,0.0007751658494801329,4.398553107413522,0.0,0.502,0.0013906281655937474
10,SWAP M=32 (state-copy matched to LE M=64),swap,32,33,500,0.3,320000,640000,9.750460854895787e-05,6.076966670150333e-05,0.0004869419097319533,0.6984520115852177,0.0,0.494,-0.00504797433118379
10,SWAP M=32 (state-copy matched to LE M=64),swap,32,34,500,0.3,320000,640000,1.927180939552652e-05,1.0501638324559818e-06,0.00013632878077601436,0.8496650590213553,0.0,0.514,-0.0020887139562788793
10,SWAP M=32 (state-copy matched to LE M=64),swap,32,35,500,0.3,320000,640000,8.012630327856217e-06,2.992534610716511e-07,1.3439799711874833e-05,0.22461769012827126,0.0,0.486,0.004945501531227853
10,SWAP M=32 (state-copy matched to LE M=64),swap,32,36,500,0.3,320000,640000,1.0963741208764915e-07,2.134545988250885e-06,4.7633752653426565e-06,1.6379560214048077,0.0,0.512,-0.0019972988806618566
10,SWAP M=32 (state-copy matched to LE M=64),swap,32,37,500,0.3,320000,640000,1.6178482616276756e-05,6.177905944635309e-08,0.00017688108434594425,1.0387436053595431,0.0,0.53,-0.02837051343525633
10,SWAP M=32 (state-copy matched to LE M=64),swap,32,38,500,0.3,320000,640000,0.0008864041390513745,0.00010024939210923688,0.0016796534600932137,0.2775879136111592,0.0,0.486,0.006528752619710418
10,SWAP M=32 (state-copy matched to LE M=64),swap,32,39,500,0.3,320000,640000,0.0015850927447663818,0.9896016369140973,0.9977757962739919,2.798978286615804,0.0,0.248,0.21833893768889712
10,SWAP M=32 (state-copy matched to LE M=64),swap,32,40,500,0.3,320000,640000,1.5588794578663906e-05,1.048757248408072e-11,0.00028128642134538426,1.2563362336252313,0.0,0.508,-0.005498654183710976
10,SWAP M=32 (state-copy matched to LE M=64),swap,32,41,500,0.3,320000,640000,2.415789054887436e-06,7.212314942028258e-07,2.009426478163551e-05,0.9200131113530388,0.0,0.526,-0.010912746272846113
10,SWAP M=32 (state-copy matched to LE M=64),swap,32,42,500,0.3,320000,640000,2.6865448709325904e-06,1.1123938713447447e-08,1.0204031398161456e-05,0.5795776876853358,0.0,0.518,-0.010837532740877827
10,SWAP M=32 (state-copy matched to LE M=64),swap,32,43,500,0.3,320000,640000,4.5741595886172236e-08,0.0011437787713555075,0.0012616467206404494,4.440626450476671,0.0,0.476,0.008653998559157251
10,SWAP M=32 (state-copy matched to LE M=64),swap,32,44,500,0.3,320000,640000,2.4612267769992276e-07,1.0491918167112216e-06,1.7213653362160384e-05,1.844721421802607,0.0,0.494,-0.00253831350147024
10,SWAP M=32 (state-copy matched to LE M=64),swap,32,45,500,0.3,320000,640000,5.877784617920775e-07,1.3362002949492223e-07,0.0001271489910149781,2.3350992502045007,0.0,0.522,0.0054373731554838095
10,SWAP M=32 (state-copy matched to LE M=64),swap,32,46,500,0.3,320000,640000,0.012827245207329122,0.9860763879057931,0.9987567635015604,1.8913263364906252,0.0,0.194,0.2775800935791616
10,SWAP M=32 (state-copy matched to LE M=64),swap,32,47,500,0.3,320000,640000,4.45020136000106e-12,1.4369272705734493e-07,4.703918871056242e-05,7.02408016069598,0.0,0.498,0.011262294540705015
10,SWAP M=32 (state-copy matched to LE M=64),swap,32,48,500,0.3,320000,640000,1.4964263392005606e-06,0.9859515647081116,0.9979157081689012,5.82403851511453,0.0,0.38,0.10225548832424489
10,SWAP M=32 (state-copy matched to LE M=64),swap,32,49,500,0.3,320000,640000,3.003698882026328e-10,3.0600704056996115e-08,6.9961577656797795e-06,4.367203201498788,0.0,0.472,0.011244076285803338
10,LE M=1024,loschmidt,1024,0,500,0.3,10240000,10240000,1.9642950281469157e-08,1.9799006912522196e-08,1.9851877603941346e-08,0.004594871507310749,0.974,0.01,0.15962834649099172
10,LE M=1024,loschmidt,1024,1,500,0.3,10240000,10240000,5.6645537523350065e-06,1.0776384205047022e-05,1.0892603669758385e-05,0.28396599972290115,0.16,0.346,0.15175922348317805
10,LE M=1024,loschmidt,1024,2,500,0.3,10240000,10240000,2.4310194652828526e-06,3.872151148065739e-06,4.091727142841981e-06,0.22611822876996346,0.202,0.362,0.10100368475838457
10,LE M=1024,loschmidt,1024,3,500,0.3,10240000,10240000,5.121744046628164e-05,7.294850626045377e-05,7.294850626045377e-05,0.1535985321345965,0.054,0.176,0.39116227870148396
10,LE M=1024,loschmidt,1024,4,500,0.3,10240000,10240000,1.69232907307165e-08,1.6735699969469573e-08,1.705038914071328e-08,0.003249479941165312,0.98,0.01,-0.17673054737583271
10,LE M=1024,loschmidt,1024,5,500,0.3,10240000,10240000,5.240742743643737e-07,5.368084606764496e-07,5.377006227773068e-07,0.011147697807650125,0.904,0.026,0.25585220349002763
10,LE M=1024,loschmidt,1024,6,500,0.3,10240000,10240000,3.639498201238425e-07,3.691666073766305e-07,3.691666073766305e-07,0.006180901352318635,0.926,0.028,0.2017166305086243
10,LE M=1024,loschmidt,1024,7,500,0.3,10240000,10240000,3.1794300411733216e-08,3.0233853095625984e-08,3.179430041173331e-08,8.881784197001252e-16,0.952,0.032,-0.3277604179232056
10,LE M=1024,loschmidt,1024,8,500,0.3,10240000,10240000,6.528403246843035e-06,7.2823582373227364e-06,7.289918104679032e-06,0.04791567735390423,0.546,0.142,0.25545363330814796
10,LE M=1024,loschmidt,1024,9,500,0.3,10240000,10240000,1.3140758309207585e-05,1.4098187877625928e-05,1.4098187877625928e-05,0.03054286620929414,0.508,0.114,0.24426548459192352
10,LE M=1024,loschmidt,1024,10,500,0.3,10240000,10240000,0.00013664567300899976,0.0003747798810339651,0.00037487993679114043,0.4382963140505942,0.0,0.082,0.6270901191475517
10,LE M=1024,loschmidt,1024,11,500,0.3,10240000,10240000,4.153210502766528e-07,4.860529606372188e-07,5.243871004816193e-07,0.10126805623962998,0.318,0.32,0.0587056590026945
10,LE M=1024,loschmidt,1024,12,500,0.3,10240000,10240000,1.1164156403272082e-09,1.1120951386026744e-09,1.1164156403272082e-09,0.0,0.998,0.002,-0.8792423087975976
10,LE M=1024,loschmidt,1024,13,500,0.3,10240000,10240000,4.4481202851297726e-07,4.4647912189131625e-07,4.4697850203347005e-07,0.002110112888352056,0.948,0.016,0.085834513585718
10,LE M=1024,loschmidt,1024,14,500,0.3,10240000,10240000,6.614304161981339e-06,6.942554764963987e-06,6.942554764963987e-06,0.021035152002500723,0.66,0.078,0.23672208313020665
10,LE M=1024,loschmidt,1024,15,500,0.3,10240000,10240000,1.400238358298134e-07,1.4221829946271714e-07,1.4221829946271714e-07,0.006753510780971084,0.952,0.014,0.24291733996556297
10,LE M=1024,loschmidt,1024,16,500,0.3,10240000,10240000,0.0004456767981500866,0.9998930800346328,0.9998947517420094,3.35093426347078,0.0,0.006,0.8815949370881467
10,LE M=1024,loschmidt,1024,17,500,0.3,10240000,10240000,5.289879703867258e-05,7.272069544729515e-05,7.272069544729515e-05,0.1382122275665303,0.08,0.192,0.3800224188546606
10,LE M=1024,loschmidt,1024,18,500,0.3,10240000,10240000,1.3523934451486037e-09,1.3523934451486062e-09,1.3523934451486062e-09,1.7763568394002505e-15,1.0,0.0,
10,LE M=1024,loschmidt,1024,19,500,0.3,10240000,10240000,1.3418446796745698e-05,2.5361889899723714e-05,2.5407826832116672e-05,0.2772652722366038,0.11,0.308,0.2539002105361577
10,LE M=1024,loschmidt,1024,20,500,0.3,10240000,10240000,7.378820094209135e-08,7.413354632766698e-08,7.413354632766698e-08,0.0020278541941438633,0.978,0.004,0.22951427550594472
10,LE M=1024,loschmidt,1024,21,500,0.3,10240000,10240000,8.104037659468365e-06,8.985345058724554e-06,8.997210935829527e-06,0.045406451926513824,0.466,0.146,0.24944917226335192
10,LE M=1024,loschmidt,1024,22,500,0.3,10240000,10240000,2.222431193961649e-08,2.4192443109118233e-08,2.9848947774472126e-08,0.12810070194799383,0.512,0.25,-0.024577140268546252
10,LE M=1024,loschmidt,1024,23,500,0.3,10240000,10240000,3.668297758234641e-05,4.751627623534965e-05,4.751627623534965e-05,0.11237781802491842,0.124,0.2,0.3352608564239662
10,LE M=1024,loschmidt,1024,24,500,0.3,10240000,10240000,4.154114593939998e-10,4.2467234669193543e-10,4.2467234669193543e-10,0.009575509381857472,0.998,0.0,0.9985621994276006
10,LE M=1024,loschmidt,1024,25,500,0.3,10240000,10240000,7.362730144861579e-08,7.302619471838894e-08,7.410125500465866e-08,0.0027866801820373155,0.944,0.032,-0.04924956832732129
10,LE M=1024,loschmidt,1024,26,500,0.3,10240000,10240000,4.152683209110085e-10,4.1526832091101073e-10,4.1526832091101073e-10,1.7763568394002505e-15,1.0,0.0,
10,LE M=1024,loschmidt,1024,27,500,0.3,10240000,10240000,7.053175618164191e-07,7.112610405536613e-07,7.120366323318221e-07,0.004117639923571836,0.908,0.028,0.10730284189670485
10,LE M=1024,loschmidt,1024,28,500,0.3,10240000,10240000,1.0559392475502003e-05,1.176219333188226e-05,1.1772009962035383e-05,0.0472116887474785,0.468,0.142,0.2522757944190986
10,LE M=1024,loschmidt,1024,29,500,0.3,10240000,10240000,1.0609148129531991e-05,1.1298009206419999e-05,1.1316923679724834e-05,0.028047873795327583,0.576,0.086,0.26133223624059104
10,LE M=1024,loschmidt,1024,30,500,0.3,10240000,10240000,5.4474814335367095e-06,6.113829592450168e-06,6.121987180719086e-06,0.05069665713109561,0.54,0.142,0.22578226266778337
10,LE M=1024,loschmidt,1024,31,500,0.3,10240000,10240000,7.455425558682546e-05,0.00013098517656458312,0.00013098517656458312,0.24474971165083836,0.016,0.132,0.49366861060327666
10,LE M=1024,loschmidt,1024,32,500,0.3,10240000,10240000,3.0962892423738525e-08,3.098122455588308e-08,3.098122455588308e-08,0.0002570556964096582,0.992,0.004,0.06573144598877342
10,LE M=1024,loschmidt,1024,33,500,0.3,10240000,10240000,9.750460854895787e-05,0.0003330401004608465,0.0003330401004608465,0.533471385798769,0.006,0.14,0.5607116860882313
10,LE M=1024,loschmidt,1024,34,500,0.3,10240000,10240000,1.927180939552652e-05,2.4022724942750278e-05,2.4022724942750278e-05,0.09569977700117249,0.218,0.214,0.2709936520389932
10,LE M=1024,loschmidt,1024,35,500,0.3,10240000,10240000,8.012630327856217e-06,8.62225539624288e-06,8.62225539624288e-06,0.03184577624925744,0.584,0.08,0.29593504139424914
10,LE M=1024,loschmidt,1024,36,500,0.3,10240000,10240000,1.0963741208764915e-07,1.112297200688433e-07,1.112297200688433e-07,0.006262068457554726,0.96,0.01,0.2648288104005923
10,LE M=1024,loschmidt,1024,37,500,0.3,10240000,10240000,1.6178482616276756e-05,3.9469151716957334e-05,3.961190448237055e-05,0.38888793654529064,0.098,0.318,0.22495359267796933
10,LE M=1024,loschmidt,1024,38,500,0.3,10240000,10240000,0.0008864041390513745,0.9999126279328653,0.9999799253951903,3.0523595063014715,0.0,0.038,0.810085015903785
10,LE M=1024,loschmidt,1024,39,500,0.3,10240000,10240000,0.0015850927447663818,0.9999195985989499,0.999987629178606,2.799939949248747,0.0,0.126,0.46721574981454483
10,LE M=1024,loschmidt,1024,40,500,0.3,10240000,10240000,1.5588794578663906e-05,1.999329448730549e-05,1.999329448730549e-05,0.10807182872038812,0.23,0.236,0.26925403289468913
10,LE M=1024,loschmidt,1024,41,500,0.3,10240000,10240000,2.415789054887436e-06,2.462941247231012e-06,2.462941247231012e-06,0.008395042694317567,0.854,0.032,0.22440047126382762
10,LE M=1024,loschmidt,1024,42,500,0.3,10240000,10240000,2.6865448709325904e-06,2.7760819987676606e-06,2.778517099858652e-06,0.014618975319195648,0.768,0.072,0.17374423713703022
10,LE M=1024,loschmidt,1024,43,500,0.3,10240000,10240000,4.5741595886172236e-08,4.6364589355983844e-08,4.656486657326548e-08,0.007747050159785829,0.942,0.028,0.03705632376412781
10,LE M=1024,loschmidt,1024,44,500,0.3,10240000,10240000,2.4612267769992276e-07,2.4894520119639324e-07,2.4894520119639324e-07,0.004952127631566938,0.928,0.026,0.1205400140284543
10,LE M=1024,loschmidt,1024,45,500,0.3,10240000,10240000,5.877784617920775e-07,5.923340837725938e-07,5.923340837725938e-07,0.00335305530504737,0.952,0.01,0.2329807326733291
10,LE M=1024,loschmidt,1024,46,500,0.3,10240000,10240000,0.012827245207329122,0.9999049580334476,0.9999841962977924,1.891859739635948,0.0,0.148,0.3604283953238647
10,LE M=1024,loschmidt,1024,47,500,0.3,10240000,10240000,4.45020136000106e-12,4.450201360001104e-12,4.450201360001104e-12,3.552713678800501e-15,1.0,0.0,
10,LE M=1024,loschmidt,1024,48,500,0.3,10240000,10240000,1.4964263392005606e-06,1.7825877665699223e-06,1.7876435276174367e-06,0.07722557703777433,0.552,0.174,0.18824509254559457
10,LE M=1024,loschmidt,1024,49,500,0.3,10240000,10240000,3.003698882026328e-10,3.003698882026326e-10,3.003698882026328e-10,0.0,1.0,0.0,
10,SWAP M=1024,swap,1024,0,500,0.3,10240000,20480000,1.9642950281469157e-08,7.333083463178189e-11,8.478299205490784e-08,0.6351020216794812,0.0,0.51,-0.024174851627519787
10,SWAP M=1024,swap,1024,1,500,0.3,10240000,20480000,5.6645537523350065e-06,5.481553252739969e-05,6.181973885256036e-05,1.0379614638462185,0.0,0.488,0.0189471963398578
10,SWAP M=1024,swap,1024,2,500,0.3,10240000,20480000,2.4310194652828526e-06,2.7062099323573376e-05,3.5000132325844276e-05,1.1582812500281747,0.0,0.478,0.018782481189983862
10,SWAP M=1024,swap,1024,3,500,0.3,10240000,20480000,5.121744046628164e-05,2.9133734626384546e-05,0.00011114167967708498,0.33645908466498486,0.0,0.516,-0.00901509773527153
10,SWAP M=1024,swap,1024,4,500,0.3,10240000,20480000,1.69232907307165e-08,3.246256322191796e-08,7.154823543454084e-08,0.626114112001777,0.0,0.49,0.005940574175874409
10,SWAP M=1024,swap,1024,5,500,0.3,10240000,20480000,5.240742743643737e-07,6.320857520317753e-08,7.862399038042713e-07,0.17616223998477842,0.0,0.522,-0.010996131528994523
10,SWAP M=1024,swap,1024,6,500,0.3,10240000,20480000,3.639498201238425e-07,1.1265496020168433e-07,5.259501619282321e-07,0.15990308408238096,0.0,0.496,-0.005137309699746563
10,SWAP M=1024,swap,1024,7,500,0.3,10240000,20480000,3.1794300411733216e-08,2.0044147846955115e-07,6.642411718462595e-07,1.3199765176993,0.0,0.486,0.004433974816688815
10,SWAP M=1024,swap,1024,8,500,0.3,10240000,20480000,6.528403246843035e-06,1.1202659869552202e-06,1.321065660462417e-05,0.30611743163246885,0.0,0.522,-0.017728257127204116
10,SWAP M=1024,swap,1024,9,500,0.3,10240000,20480000,1.3140758309207585e-05,1.541513163392229e-05,4.2728476622276147e-05,0.512096981773178,0.0,0.476,0.0033589657076517642
10,SWAP M=1024,swap,1024,10,500,0.3,10240000,20480000,0.00013664567300899976,0.000762388900545603,0.000762388900545603,0.7465806809017734,0.0,0.45,0.03362562383449735
10,SWAP M=1024,swap,1024,11,500,0.3,10240000,20480000,4.153210502766528e-07,1.8234213589984972e-06,8.650951125779964e-06,1.3186799148435728,0.0,0.514,0.004726541823263653
10,SWAP M=1024,swap,1024,12,500,0.3,10240000,20480000,1.1164156403272082e-09,9.78893837285913e-09,4.984718335907616e-08,1.6498147112364965,0.0,0.478,0.01831218451062077
10,SWAP M=1024,swap,1024,13,500,0.3,10240000,20480000,4.4481202851297726e-07,5.88994148050786e-08,6.745410269433208e-07,0.1808318466435157,0.0,0.524,-0.012297996872730019
10,SWAP M=1024,swap,1024,14,500,0.3,10240000,20480000,6.614304161981339e-06,2.098280224841973e-08,1.0752335822624708e-05,0.2110186577568962,0.0,0.554,-0.036201999207518196
10,SWAP M=1024,swap,1024,15,500,0.3,10240000,20480000,1.400238358298134e-07,3.4816425857914483e-09,5.978941055146989e-07,0.6304223012486663,0.0,0.516,-0.01051391928769466
10,SWAP M=1024,swap,1024,16,500,0.3,10240000,20480000,0.0004456767981500866,0.0047698541341422394,0.00478474670349047,1.0308389265099263,0.0,0.432,0.061442169627941794
10,SWAP M=1024,swap,1024,17,500,0.3,10240000,20480000,5.289879703867258e-05,0.0001017743611721535,0.00013022964424450674,0.39126405823328225,0.0,0.49,0.009064056264684492
10,SWAP M=1024,swap,1024,18,500,0.3,10240000,20480000,1.3523934451486037e-09,2.3735352797277097e-12,1.666935740789909e-09,0.09081580126375144,0.0,0.542,-0.022657267839764253
10,SWAP M=1024,swap,1024,19,500,0.3,10240000,20480000,1.3418446796745698e-05,7.606900310982074e-05,7.606900310982074e-05,0.7535054762573861,0.0,0.472,0.015975897183567785
10,SWAP M=1024,swap,1024,20,500,0.3,10240000,20480000,7.378820094209135e-08,1.2658213855216907e-08,8.546270456745833e-08,0.06378971067981798,0.0,0.514,-0.008560537456314727
10,SWAP M=1024,swap,1024,21,500,0.3,10240000,20480000,8.104037659468365e-06,3.6066439074430245e-06,1.0761199937058753e-05,0.12315924989480287,0.0,0.512,-0.006529586481981825
10,SWAP M=1024,swap,1024,22,500,0.3,10240000,20480000,2.222431193961649e-08,8.395306462873879e-06,1.0118144892320988e-05,2.6582725700573953,0.0,0.458,0.015454571959322498
10,SWAP M=1024,swap,1024,23,500,0.3,10240000,20480000,3.668297758234641e-05,2.2721985763555873e-06,3.744403067086625e-05,0.008918011898362721,0.0,0.516,-0.024784287642310714
10,SWAP M=1024,swap,1024,24,500,0.3,10240000,20480000,4.154114593939998e-10,1.0532421679660085e-08,1.9093044565799317e-07,2.6623967136028925,0.0,0.492,0.006321703093404604
10,SWAP M=1024,swap,1024,25,500,0.3,10240000,20480000,7.362730144861579e-08,1.2992375455189937e-09,1.972025027186375e-07,0.42787353909701675,0.0,0.498,-0.0010950652385461068
10,SWAP M=1024,swap,1024,26,500,0.3,10240000,20480000,4.152683209110085e-10,3.78298120003373e-12,5.326946080395229e-10,0.10814949899940274,0.0,0.534,-0.01363383886271863
10,SWAP M=1024,swap,1024,27,500,0.3,10240000,20480000,7.053175618164191e-07,2.9043081726846586e-07,2.3253274371165245e-06,0.518099418439383,0.0,0.504,-0.009640259973229577
10,SWAP M=1024,swap,1024,28,500,0.3,10240000,20480000,1.0559392475502003e-05,3.0014800438120114e-05,3.665455386017232e-05,0.5404890056707989,0.0,0.486,0.018686990513790837
10,SWAP M=1024,swap,1024,29,500,0.3,10240000,20480000,1.0609148129531991e-05,2.0249155475527315e-05,5.3809864895902645e-05,0.7051813883743137,0.0,0.49,0.012518348073054191
10,SWAP M=1024,swap,1024,30,500,0.3,10240000,20480000,5.4474814335367095e-06,6.485225687602196e-06,8.643498688451722e-06,0.20049381170335234,0.0,0.492,0.004767592295821892
10,SWAP M=1024,swap,1024,31,500,0.3,10240000,20480000,7.455425558682546e-05,4.9801825286250376e-05,8.993571143439393e-05,0.08145973628420844,0.0,0.508,-0.002593476572154942
10,SWAP M=1024,swap,1024,32,500,0.3,10240000,20480000,3.0962892423738525e-08,5.907054246110923e-08,3.2591378701364603e-07,1.0222612087793248,0.0,0.492,0.009408245976659107
10,SWAP M=1024,swap,1024,33,500,0.3,10240000,20480000,9.750460854895787e-05,0.001227580428812293,0.001227580428812293,1.1000248128190182,0.0,0.442,0.03734495074904216
10,SWAP M=1024,swap,1024,34,500,0.3,10240000,20480000,1.927180939552652e-05,0.00010941092735298009,0.000137484714270111,0.8533319237256283,0.0,0.468,0.03177817012419938
10,SWAP M=1024,swap,1024,35,500,0.3,10240000,20480000,8.012630327856217e-06,2.1784248138175907e-05,4.167543664644118e-05,0.7161050522460561,0.0,0.452,0.02378013256662848
10,SWAP M=1024,swap,1024,36,500,0.3,10240000,20480000,1.0963741208764915e-07,1.774295656091525e-07,1.8308643679421096e-07,0.222697396793345,0.0,0.472,0.010545674685443061
10,SWAP M=1024,swap,1024,37,500,0.3,10240000,20480000,1.6178482616276756e-05,1.5173290118559284e-06,5.700710894094419e-05,0.54699123014439,0.0,0.522,-0.021042426799392933
10,SWAP M=1024,swap,1024,38,500,0.3,10240000,20480000,0.0008864041390513745,0.022372881748279925,0.022372881748279925,1.4020901518588968,0.0,0.378,0.10499494945049358
10,SWAP M=1024,swap,1024,39,500,0.3,10240000,20480000,0.0015850927447663818,0.999785797050586,0.9999423975822057,2.799920304728724,0.0,0.15,0.36171713963658064
10,SWAP M=1024,swap,1024,40,500,0.3,10240000,20480000,1.5588794578663906e-05,8.66722036431111e-06,2.58690071388671e-05,0.21996722649856615,0.0,0.496,0.0018182500851611203
10,SWAP M=1024,swap,1024,41,500,0.3,10240000,20480000,2.415789054887436e-06,3.42423933435343e-06,1.186800500520231e-05,0.6913187115078863,0.0,0.494,0.00777782907917477
10,SWAP M=1024,swap,1024,42,500,0.3,10240000,20480000,2.6865448709325904e-06,9.727111949717227e-07,6.131180403521547e-06,0.35834999637887055,0.0,0.49,-0.006199131665182465
10,SWAP M=1024,swap,1024,43,500,0.3,10240000,20480000,4.5741595886172236e-08,1.0422980514795297e-06,1.0422980514795297e-06,1.357680613169169,0.0,0.488,0.011211607597938128
10,SWAP M=1024,swap,1024,44,500,0.3,10240000,20480000,2.4612267769992276e-07,7.823761253493012e-08,8.224353869931945e-07,0.523950157113573,0.0,0.524,-0.0013204611448788038
10,SWAP M=1024,swap,1024,45,500,0.3,10240000,20480000,5.877784617920775e-07,7.356421225834713e-07,1.3709119286788943e-06,0.36779588736353297,0.0,0.482,0.004821750438662417
10,SWAP M=1024,swap,1024,46,500,0.3,10240000,20480000,0.012827245207329122,0.9997232498128917,0.9999393804362304,1.8918402756108146,0.0,0.178,0.34433283744343945
10,SWAP M=1024,swap,1024,47,500,0.3,10240000,20480000,4.45020136000106e-12,3.893290345320713e-12,8.899222565445379e-11,1.3009724062929333,0.0,0.512,-0.011690025478122642
10,SWAP M=1024,swap,1024,48,500,0.3,10240000,20480000,1.4964263392005606e-06,9.513664712339726e-08,2.0328121892032992e-05,1.1330419123934963,0.0,0.518,-0.007738773892674566
10,SWAP M=1024,swap,1024,49,500,0.3,10240000,20480000,3.003698882026328e-10,2.5868528013139428e-11,3.003698882026328e-10,0.0,0.0,0.56,-0.021126569064244472
10,SWAP M=512 (state-copy matched to LE M=1024),swap,512,0,500,0.3,5120000,10240000,1.9642950281469157e-08,1.2414501017737984e-09,7.191438482881186e-08,0.5636090523572079,0.0,0.52,-0.016022366004486942
10,SWAP M=512 (state-copy matched to LE M=1024),swap,512,1,500,0.3,5120000,10240000,5.6645537523350065e-06,0.00019252447853478899,0.00022938542402648713,1.6074001155326876,0.0,0.478,0.021075933654359974
10,SWAP M=512 (state-copy matched to LE M=1024),swap,512,2,500,0.3,5120000,10240000,2.4310194652828526e-06,2.8347130839488407e-06,5.497545077243013e-05,1.354380362781857,0.0,0.494,0.003528508620231769
10,SWAP M=512 (state-copy matched to LE M=1024),swap,512,3,500,0.3,5120000,10240000,5.121744046628164e-05,2.8813197793559784e-06,6.171993343645524e-05,0.08100757771598399,0.0,0.504,-0.010896898400431908
10,SWAP M=512 (state-copy matched to LE M=1024),swap,512,4,500,0.3,5120000,10240000,1.69232907307165e-08,1.768078471593343e-07,2.623622803907715e-07,1.190416581635807,0.0,0.512,0.005179138818715209
10,SWAP M=512 (state-copy matched to LE M=1024),swap,512,5,500,0.3,5120000,10240000,5.240742743643737e-07,1.92303585062472e-07,1.695523414732782e-06,0.5099109499685008,0.0,0.494,-0.002340317160685919
10,SWAP M=512 (state-copy matched to LE M=1024),swap,512,6,500,0.3,5120000,10240000,3.639498201238425e-07,7.352656398177842e-06,1.982092002988725e-05,1.7360823002399934,0.0,0.508,0.022413861502127368
10,SWAP M=512 (state-copy matched to LE M=1024),swap,512,7,500,0.3,5120000,10240000,3.1794300411733216e-08,1.703297404707874e-08,1.1201437011460127e-06,1.5469244676796015,0.0,0.51,-0.014538332503190499
10,SWAP M=512 (state-copy matched to LE M=1024),swap,512,8,500,0.3,5120000,10240000,6.528403246843035e-06,1.4171613743921767e-05,8.341233967623809e-05,1.1064233310137581,0.0,0.502,0.004605566276766762
10,SWAP M=512 (state-copy matched to LE M=1024),swap,512,9,500,0.3,5120000,10240000,1.3140758309207585e-05,1.7291048422194058e-05,2.6935453881671453e-05,0.3117038704876256,0.0,0.496,0.011534662075327603
10,SWAP M=512 (state-copy matched to LE M=1024),swap,512,10,500,0.3,5120000,10240000,0.00013664567300899976,0.00020633570062257494,0.00028154518700394707,0.3139522235300025,0.0,0.47,0.008174756459313471
10,SWAP M=512 (state-copy matched to LE M=1024),swap,512,11,500,0.3,5120000,10240000,4.153210502766528e-07,1.1514343573061932e-06,5.314878243299412e-05,2.1071093762713637,0.0,0.518,-0.003427258035305968
10,SWAP M=512 (state-copy matched to LE M=1024),swap,512,12,500,0.3,5120000,10240000,1.1164156403272082e-09,1.2679169507328282e-09,7.511681430374696e-09,0.8279112491952159,0.0,0.532,-0.017860697075855116
10,SWAP M=512 (state-copy matched to LE M=1024),swap,512,13,500,0.3,5120000,10240000,4.4481202851297726e-07,9.536047435342846e-07,2.6803750801117186e-06,0.7800190487428713,0.0,0.496,0.003910803330148004
10,SWAP M=512 (state-copy matched to LE M=1024),swap,512,14,500,0.3,5120000,10240000,6.614304161981339e-06,1.932935755101194e-07,7.807879714346884e-06,0.07204895183171711,0.0,0.512,-0.007186626322352603
10,SWAP M=512 (state-copy matched to LE M=1024),swap,512,15,500,0.3,5120000,10240000,1.400238358298134e-07,9.54059344616355e-07,7.100286233629855e-06,1.7050738861784405,0.0,0.476,0.01120295799220619
10,SWAP M=512 (state-copy matched to LE M=1024),swap,512,16,500,0.3,5120000,10240000,0.0004456767981500866,0.8107653613525753,0.8107653613525753,3.259875160497355,0.0,0.392,0.1474550311272105
10,SWAP M=512 (state-copy matched to LE M=1024),swap,512,17,500,0.3,5120000,10240000,5.289879703867258e-05,1.1748330986405616e-05,8.820191078403398e-05,0.22203219773972904,0.0,0.504,-0.004476393530999936
10,SWAP M=512 (state-copy matched to LE M=1024),swap,512,18,500,0.3,5120000,10240000,1.3523934451486037e-09,3.0871521668476154e-10,2.3975710233783074e-09,0.24866842402499678,0.0,0.462,0.0058173325668833716
10,SWAP M=512 (state-copy matched to LE M=1024),swap,512,19,500,0.3,5120000,10240000,1.3418446796745698e-05,6.848374890452309e-05,0.00011633682080380643,0.9380149428635298,0.0,0.484,0.01204572884793258
10,SWAP M=512 (state-copy matched to LE M=1024),swap,512,20,500,0.3,5120000,10240000,7.378820094209135e-08,1.7335912115129153e-06,5.788244724432034e-06,1.894559962837417,0.0,0.484,0.01841720814744482
10,SWAP M=512 (state-copy matched to LE M=1024),swap,512,21,500,0.3,5120000,10240000,8.104037659468365e-06,0.00028079896090474614,0.0002907447530231975,1.5548104353750785,0.0,0.442,0.03834365642875177
10,SWAP M=512 (state-copy matched to LE M=1024),swap,512,22,500,0.3,5120000,10240000,2.222431193961649e-08,3.535277440790736e-08,2.2446482384848124e-06,2.004319967685375,0.0,0.52,-0.019888796573502388
10,SWAP M=512 (state-copy matched to LE M=1024),swap,512,23,500,0.3,5120000,10240000,3.668297758234641e-05,0.00013864546101893834,0.00016178261794123046,0.6444672784145582,0.0,0.478,0.020017082711540447
10,SWAP M=512 (state-copy matched to LE M=1024),swap,512,24,500,0.3,5120000,10240000,4.154114593939998e-10,7.672714236821963e-11,3.974090365071373e-08,1.9807592654562054,0.0,0.52,-0.012443508284598294
10,SWAP M=512 (state-copy matched to LE M=1024),swap,512,25,500,0.3,5120000,10240000,7.362730144861579e-08,2.6095220639704407e-07,1.115615042905349e-06,1.1804754784194893,0.0,0.518,-0.007781683671908844
10,SWAP M=512 (state-copy matched to LE M=1024),swap,512,26,500,0.3,5120000,10240000,4.152683209110085e-10,1.0996588881644545e-09,5.81343630217921e-09,1.1461041164051462,0.0,0.46,0.008017591787938191
10,SWAP M=512 (state-copy matched to LE M=1024),swap,512,27,500,0.3,5120000,10240000,7.053175618164191e-07,2.6833027524631873e-06,2.7967914778071787e-06,0.598275390055707,0.0,0.484,0.013416594877493457
10,SWAP M=512 (state-copy matched to LE M=1024),swap,512,28,500,0.3,5120000,10240000,1.0559392475502003e-05,4.72095710224848e-07,1.1758332417500307e-05,0.046706801679473386,0.0,0.508,-0.01342829442699303
10,SWAP M=512 (state-copy matched to LE M=1024),swap,512,29,500,0.3,5120000,10240000,1.0609148129531991e-05,1.3699489081692456e-06,1.3298760220609376e-05,0.09813064240969815,0.0,0.53,-0.0077876499354028175
10,SWAP M=512 (state-copy matched to LE M=1024),swap,512,30,500,0.3,5120000,10240000,5.4474814335367095e-06,1.5146546648324345e-06,6.768823914765976e-06,0.09431745771037381,0.0,0.53,-0.006163512844377186
10,SWAP M=512 (state-copy matched to LE M=1024),swap,512,31,500,0.3,5120000,10240000,7.455425558682546e-05,0.00018902850760132886,0.00022649748681333642,0.4825909493006417,0.0,0.478,0.013374786958610042
10,SWAP M=512 (state-copy matched to LE M=1024),swap,512,32,500,0.3,5120000,10240000,3.0962892423738525e-08,3.744065261055941e-07,5.108580750005259e-07,1.217458738673443,0.0,0.492,0.016463360656294737
10,SWAP M=512 (state-copy matched to LE M=1024),swap,512,33,500,0.3,5120000,10240000,9.750460854895787e-05,8.282271512462195e-06,0.00019003069882733204,0.2897986223654514,0.0,0.524,-0.023349802798092678
10,SWAP M=512 (state-copy matched to LE M=1024),swap,512,34,500,0.3,5120000,10240000,1.927180939552652e-05,1.3223928272039815e-05,9.148235593156024e-05,0.6764148487025707,0.0,0.488,0.0017098903648861202
10,SWAP M=512 (state-copy matched to LE M=1024),swap,512,35,500,0.3,5120000,10240000,8.012630327856217e-06,2.3879113317678225e-05,3.4900935744835e-05,0.6390619646663742,0.0,0.498,0.016291079607579917
10,SWAP M=512 (state-copy matched to LE M=1024),swap,512,36,500,0.3,5120000,10240000,1.0963741208764915e-07,1.385229834377707e-07,5.715540473717361e-07,0.717098528707961,0.0,0.51,-0.0023490782521211756
10,SWAP M=512 (state-copy matched to LE M=1024),swap,512,37,500,0.3,5120000,10240000,1.6178482616276756e-05,0.0016568944683682887,0.0016568944683682887,2.0103570614263746,0.0,0.44,0.047458256944869694
10,SWAP M=512 (state-copy matched to LE M=1024),swap,512,38,500,0.3,5120000,10240000,0.0008864041390513745,0.33556576328309945,0.33556576328309945,2.5781458693991715,0.0,0.382,0.1385160273325324
10,SWAP M=512 (state-copy matched to LE M=1024),swap,512,39,500,0.3,5120000,10240000,0.0015850927447663818,0.9993804319531958,0.9998819459826646,2.7998940486265864,0.0,0.184,0.3279973253526868
10,SWAP M=512 (state-copy matched to LE M=1024),swap,512,40,500,0.3,5120000,10240000,1.5588794578663906e-05,1.5834328495550922e-05,2.4014791067105238e-05,0.18766627838265393,0.0,0.508,0.003159247321217817
10,SWAP M=512 (state-copy matched to LE M=1024),swap,512,41,500,0.3,5120000,10240000,2.415789054887436e-06,4.474733081928763e-07,2.9952859901614976e-06,0.0933792858832545,0.0,0.51,-0.006235970441392968
10,SWAP M=512 (state-copy matched to LE M=1024),swap,512,42,500,0.3,5120000,10240000,2.6865448709325904e-06,8.358814585370057e-07,4.535435788744094e-06,0.22742492412624937,0.0,0.52,-0.005955164265848868
10,SWAP M=512 (state-copy matched to LE M=1024),swap,512,43,500,0.3,5120000,10240000,4.5741595886172236e-08,3.198222939168679e-07,3.50162916775626e-07,0.8839588384843999,0.0,0.488,0.007264214770760253
10,SWAP M=512 (state-copy matched to LE M=1024),swap,512,44,500,0.3,5120000,10240000,2.4612267769992276e-07,1.4292220362290965e-09,5.893591674879236e-07,0.3792284120121012,0.0,0.524,-0.011644875160856803
10,SWAP M=512 (state-copy matched to LE M=1024),swap,512,45,500,0.3,5120000,10240000,5.877784617920775e-07,7.908647081783915e-07,1.5689522811770654e-06,0.4263960669625426,0.0,0.49,0.007033709816060153
10,SWAP M=512 (state-copy matched to LE M=1024),swap,512,46,500,0.3,5120000,10240000,0.012827245207329122,0.9993052897452569,0.9998753875027093,1.8918124812586934,0.0,0.17,0.3311286651491762
10,SWAP M=512 (state-copy matched to LE M=1024),swap,512,47,500,0.3,5120000,10240000,4.45020136000106e-12,2.171110717652394e-09,6.211275293415421e-09,3.1448011161636433,0.0,0.524,-0.015843316436899398
10,SWAP M=512 (state-copy matched to LE M=1024),swap,512,48,500,0.3,5120000,10240000,1.4964263392005606e-06,7.012416555563468e-06,1.199015669117065e-05,0.9037695148490572,0.0,0.5,0.00977294357466286
10,SWAP M=512 (state-copy matched to LE M=1024),swap,512,49,500,0.3,5120000,10240000,3.003698882026328e-10,8.680030245611246e-11,1.8133352685423255e-09,0.7808217155590569,0.0,0.51,-0.0074200887815053795
10,SWAP-noise random walk M=64,swap_null,64,0,500,0.3,640000,1280000,1.9642950281469157e-08,1.4582633811306658e-06,9.578864134645364e-06,2.6881072959279733,0.0,0.498,0.0052818967646925535
10,SWAP-noise random walk M=64,swap_null,64,1,500,0.3,640000,1280000,5.6645537523350065e-06,3.833378710936569e-07,3.22099567305059e-05,0.7548244391287504,0.0,0.52,-0.018794030617140002
10,SWAP-noise random walk M=64,swap_null,64,2,500,0.3,640000,1280000,2.4310194652828526e-06,0.002669424991022632,0.003133357073154925,3.1102214530437418,0.0,0.488,0.013243746146984483
10,SWAP-noise random walk M=64,swap_null,64,3,500,0.3,640000,1280000,5.121744046628164e-05,8.828402026123968e-05,0.00019827646970524721,0.5878533064290123,0.0,0.476,0.01399554489639393
10,SWAP-noise random walk M=64,swap_null,64,4,500,0.3,640000,1280000,1.69232907307165e-08,8.90743396164969e-07,1.388126842447995e-06,1.9139443369326834,0.0,0.492,0.0061419624690656005
10,SWAP-noise random walk M=64,swap_null,64,5,500,0.3,640000,1280000,5.240742743643737e-07,4.501751244300026e-07,6.6231076583931366e-06,1.1016689728668387,0.0,0.492,-0.000623949861118003
10,SWAP-noise random walk M=64,swap_null,64,6,500,0.3,640000,1280000,3.639498201238425e-07,0.00041161893793848175,0.0005605502021104221,3.1875730044201305,0.0,0.438,0.028094410193968553
10,SWAP-noise random walk M=64,swap_null,64,7,500,0.3,640000,1280000,3.1794300411733216e-08,3.3431782899760208e-06,4.284567275724321e-06,2.129557693062792,0.0,0.502,0.007907110755595824
10,SWAP-noise random walk M=64,swap_null,64,8,500,0.3,640000,1280000,6.528403246843035e-06,2.8195258966714995e-06,3.101841104629383e-05,0.6768125747095359,0.0,0.528,-0.011698136166854686
10,SWAP-noise random walk M=64,swap_null,64,9,500,0.3,640000,1280000,1.3140758309207585e-05,1.932157133254001e-05,0.0002411611879532103,1.2636869868921687,0.0,0.474,0.0005449713746406717
10,SWAP-noise random walk M=64,swap_null,64,10,500,0.3,640000,1280000,0.00013664567300899976,5.712569076233019e-05,0.0010619192964237095,0.8904956285800774,0.0,0.512,0.0018795672172564673
10,SWAP-noise random walk M=64,swap_null,64,11,500,0.3,640000,1280000,4.153210502766528e-07,0.0024307804024602288,0.004568927715632856,4.041430343597334,0.0,0.474,0.03308989260824699
10,SWAP-noise random walk M=64,swap_null,64,12,500,0.3,640000,1280000,1.1164156403272082e-09,3.382428969788176e-09,5.474665834293276e-07,2.690531703542585,0.0,0.536,-0.02144359866772515
10,SWAP-noise random walk M=64,swap_null,64,13,500,0.3,640000,1280000,4.4481202851297726e-07,2.2324258846430774e-09,2.981408361993851e-06,0.8262449423696303,0.0,0.506,0.0015524309702572917
10,SWAP-noise random walk M=64,swap_null,64,14,500,0.3,640000,1280000,6.614304161981339e-06,2.5503049638233604e-06,1.187973776659157e-05,0.25432269185272727,0.0,0.514,-0.007994959685940738
10,SWAP-noise random walk M=64,swap_null,64,15,500,0.3,640000,1280000,1.400238358298134e-07,8.087699512937225e-06,0.00010038337931537557,2.855459841127581,0.0,0.52,-0.008833077549953284
10,SWAP-noise random walk M=64,swap_null,64,16,500,0.3,640000,1280000,0.0004456767981500866,6.508889086514284e-05,0.001023978519733212,0.3612708210397746,0.0,0.512,-0.0052164270136577
10,SWAP-noise random walk M=64,swap_null,64,17,500,0.3,640000,1280000,5.289879703867258e-05,1.9375941519330203e-06,0.0001014233154505829,0.28269200725769394,0.0,0.504,-0.000988789021906111
10,SWAP-noise random walk M=64,swap_null,64,18,500,0.3,640000,1280000,1.3523934451486037e-09,5.7772694794057665e-12,3.835247801758851e-09,0.4526903725449838,0.0,0.516,-0.00453712535564163
10,SWAP-noise random walk M=64,swap_null,64,19,500,0.3,640000,1280000,1.3418446796745698e-05,5.762596448331381e-06,5.8551784209036944e-05,0.6398378850008157,0.0,0.494,0.001646617835905105
10,SWAP-noise random walk M=64,swap_null,64,20,500,0.3,640000,1280000,7.378820094209135e-08,6.189472397582854e-08,2.2172741167934688e-06,1.4778324655423827,0.0,0.54,-0.028075271006153108
10,SWAP-noise random walk M=64,swap_null,64,21,500,0.3,640000,1280000,8.104037659468365e-06,3.680931853811104e-06,7.333928939604526e-05,0.9566352471261306,0.0,0.498,0.003735230808901965
10,SWAP-noise random walk M=64,swap_null,64,22,500,0.3,640000,1280000,2.222431193961649e-08,9.92308148165119e-06,4.530145530907357e-05,3.309283829767929,0.0,0.474,0.005223016462613208
10,SWAP-noise random walk M=64,swap_null,64,23,500,0.3,640000,1280000,3.668297758234641e-05,2.7810287786968657e-07,8.917114319354908e-05,0.38575975401923834,0.0,0.516,-0.02322849514399723
10,SWAP-noise random walk M=64,swap_null,64,24,500,0.3,640000,1280000,4.154114593939998e-10,9.864779346056793e-05,0.0001621870586671148,5.591537725097512,0.0,0.488,0.02843573687438653
10,SWAP-noise random walk M=64,swap_null,64,25,500,0.3,640000,1280000,7.362730144861579e-08,3.724023050355039e-05,0.00011845300943634824,3.2065072157327603,0.0,0.5,-0.0011872322511448353
10,SWAP-noise random walk M=64,swap_null,64,26,500,0.3,640000,1280000,4.152683209110085e-10,3.9786343829050267e-10,2.2178293621493933e-09,0.7275993270030465,0.0,0.506,0.00365338950817199
10,SWAP-noise random walk M=64,swap_null,64,27,500,0.3,640000,1280000,7.053175618164191e-07,4.7761984996133175e-09,7.210597094443226e-07,0.009586531676961663,0.0,0.542,-0.021215135323233825
10,SWAP-noise random walk M=64,swap_null,64,28,500,0.3,640000,1280000,1.0559392475502003e-05,0.00014989164758392437,0.00033611410164058466,1.5028478014414763,0.0,0.496,0.008069297157959837
10,SWAP-noise random walk M=64,swap_null,64,29,500,0.3,640000,1280000,1.0609148129531991e-05,6.603525952072207e-09,2.8148453844539785e-05,0.4237740313892484,0.0,0.486,0.002651981121766593
10,SWAP-noise random walk M=64,swap_null,64,30,500,0.3,640000,1280000,5.4474814335367095e-06,1.6749182542379556e-05,7.093172082689514e-05,1.114644737373526,0.0,0.502,0.006500523861376597
10,SWAP-noise random walk M=64,swap_null,64,31,500,0.3,640000,1280000,7.455425558682546e-05,0.0012661759966855497,0.004224004572636863,1.7532519414655652,0.0,0.472,0.01743700972241387
10,SWAP-noise random walk M=64,swap_null,64,32,500,0.3,640000,1280000,3.0962892423738525e-08,2.669351340468213e-09,6.8919781248613775e-06,2.3475023664498913,0.0,0.522,-0.007235408375028563
10,SWAP-noise random walk M=64,swap_null,64,33,500,0.3,640000,1280000,9.750460854895787e-05,0.0006013031134808204,0.0036592268053445994,1.5743641855764223,0.0,0.51,0.016245371944375957
10,SWAP-noise random walk M=64,swap_null,64,34,500,0.3,640000,1280000,1.927180939552652e-05,7.902045804924336e-07,5.2149504049817616e-05,0.43232769087410805,0.0,0.53,-0.027334060552643487
10,SWAP-noise random walk M=64,swap_null,64,35,500,0.3,640000,1280000,8.012630327856217e-06,1.9256714001179029e-07,0.00015244145814828007,1.2793279877615555,0.0,0.504,0.008167599826129404
10,SWAP-noise random walk M=64,swap_null,64,36,500,0.3,640000,1280000,1.0963741208764915e-07,4.863253886290874e-07,0.0002582817271566166,3.372134906136431,0.0,0.484,-0.004969495201870713
10,SWAP-noise random walk M=64,swap_null,64,37,500,0.3,640000,1280000,1.6178482616276756e-05,0.00023953269511968158,0.000369935998895896,1.3591888084616182,0.0,0.506,0.0029263701393501024
10,SWAP-noise random walk M=64,swap_null,64,38,500,0.3,640000,1280000,0.0008864041390513745,0.00012275301079739571,0.0013371592818774982,0.17855136800705695,0.0,0.49,-0.0012477782614139326
10,SWAP-noise random walk M=64,swap_null,64,39,500,0.3,640000,1280000,0.0015850927447663818,0.004883452218973004,0.005674912429758422,0.5539044861290519,0.0,0.494,0.00814288552279202
10,SWAP-noise random walk M=64,swap_null,64,40,500,0.3,640000,1280000,1.5588794578663906e-05,3.034032344949324e-05,0.00010848745836194303,0.8425670005206376,0.0,0.52,-0.0212717823513067
10,SWAP-noise random walk M=64,swap_null,64,41,500,0.3,640000,1280000,2.415789054887436e-06,3.731545154846611e-06,0.00011131093286889443,1.6634788131829548,0.0,0.5,0.008911745324622904
10,SWAP-noise random walk M=64,swap_null,64,42,500,0.3,640000,1280000,2.6865448709325904e-06,0.0006207267906695453,0.001174267696329196,2.6405730151712006,0.0,0.456,0.031632320645526964
10,SWAP-noise random walk M=64,swap_null,64,43,500,0.3,640000,1280000,4.5741595886172236e-08,2.310666572429301e-06,5.308602740482137e-06,2.064668914220989,0.0,0.498,2.782988943701903e-05
10,SWAP-noise random walk M=64,swap_null,64,44,500,0.3,640000,1280000,2.4612267769992276e-07,1.126339708280778e-05,1.4667614383450253e-05,1.7752078523265666,0.0,0.45,0.016403871247493852
10,SWAP-noise random walk M=64,swap_null,64,45,500,0.3,640000,1280000,5.877784617920775e-07,1.2090554079290534e-06,2.6346735984479924e-06,0.6515131514859531,0.0,0.472,0.0009107099792083226
10,SWAP-noise random walk M=64,swap_null,64,46,500,0.3,640000,1280000,0.012827245207329122,0.03128016092300197,0.07999238375508656,0.794915242010289,0.0,0.49,0.014015082927484357
10,SWAP-noise random walk M=64,swap_null,64,47,500,0.3,640000,1280000,4.45020136000106e-12,1.8071833290474088e-08,1.606772716039123e-07,4.557574786424663,0.0,0.466,0.015075797160033632
10,SWAP-noise random walk M=64,swap_null,64,48,500,0.3,640000,1280000,1.4964263392005606e-06,3.910788505265892e-08,4.320624753478132e-06,0.4604912056620565,0.0,0.516,-0.014297862281371946
10,SWAP-noise random walk M=64,swap_null,64,49,500,0.3,640000,1280000,3.003698882026328e-10,6.453872189634731e-09,1.2407117032823187e-07,2.616014485921153,0.0,0.5,0.007221165163731356
10,SWAP-noise random walk M=1024,swap_null,1024,0,500,0.3,10240000,20480000,1.9642950281469157e-08,2.7765949200630446e-09,4.686881588828917e-08,0.3776772640779713,0.0,0.5,-0.0034393220353603356
10,SWAP-noise random walk M=1024,swap_null,1024,1,500,0.3,10240000,20480000,5.6645537523350065e-06,5.410670888192926e-06,2.0231951641736896e-05,0.5528720760116022,0.0,0.496,0.004678438663402365
10,SWAP-noise random walk M=1024,swap_null,1024,2,500,0.3,10240000,20480000,2.4310194652828526e-06,3.662601994477271e-06,1.3013155124696256e-05,0.728594170597634,0.0,0.512,0.000859135591637693
10,SWAP-noise random walk M=1024,swap_null,1024,3,500,0.3,10240000,20480000,5.121744046628164e-05,2.1974432857316708e-05,5.679636332469963e-05,0.0449026573951361,0.0,0.502,-0.007029888404058453
10,SWAP-noise random walk M=1024,swap_null,1024,4,500,0.3,10240000,20480000,1.69232907307165e-08,1.0235038535931659e-06,1.035754487400862e-06,1.7867720081576417,0.0,0.482,0.02795040658076222
10,SWAP-noise random walk M=1024,swap_null,1024,5,500,0.3,10240000,20480000,5.240742743643737e-07,4.804426908720431e-08,8.721254810915443e-07,0.2211861338779304,0.0,0.53,-0.013788571606054916
10,SWAP-noise random walk M=1024,swap_null,1024,6,500,0.3,10240000,20480000,3.639498201238425e-07,2.5051562225424357e-08,4.7028471751890394e-07,0.11131935696809148,0.0,0.502,-0.011678201225841425
10,SWAP-noise random walk M=1024,swap_null,1024,7,500,0.3,10240000,20480000,3.1794300411733216e-08,5.9167758425978335e-08,2.988370551777571e-07,0.9730851747076859,0.0,0.532,-0.00555166805389608
10,SWAP-noise random walk M=1024,swap_null,1024,8,500,0.3,10240000,20480000,6.528403246843035e-06,6.109322070214263e-06,2.1196182087559825e-05,0.511450669596508,0.0,0.492,0.0018148616535337539
10,SWAP-noise random walk M=1024,swap_null,1024,9,500,0.3,10240000,20480000,1.3140758309207585e-05,4.666991826018878e-05,5.0688966075545726e-05,0.5862930051952349,0.0,0.474,0.02366115841538937
10,SWAP-noise random walk M=1024,swap_null,1024,10,500,0.3,10240000,20480000,0.00013664567300899976,0.00021476686344972266,0.000589944394832988,0.6352151952001299,0.0,0.484,0.009175152642035654
10,SWAP-noise random walk M=1024,swap_null,1024,11,500,0.3,10240000,20480000,4.153210502766528e-07,7.846711907938954e-08,6.27192378477895e-06,1.1790168286443814,0.0,0.504,-0.005937338407743543
10,SWAP-noise random walk M=1024,swap_null,1024,12,500,0.3,10240000,20480000,1.1164156403272082e-09,1.0417926996324093e-10,2.3962309199578908e-09,0.3317027557506478,0.0,0.504,-0.001437455976559475
10,SWAP-noise random walk M=1024,swap_null,1024,13,500,0.3,10240000,20480000,4.4481202851297726e-07,1.677698587152343e-07,7.946479671200821e-07,0.25199825387831254,0.0,0.51,-0.010039757919660839
10,SWAP-noise random walk M=1024,swap_null,1024,14,500,0.3,10240000,20480000,6.614304161981339e-06,1.4852287795154376e-06,1.0701051939718002e-05,0.20894230972011396,0.0,0.514,-0.005523098947638771
10,SWAP-noise random walk M=1024,swap_null,1024,15,500,0.3,10240000,20480000,1.400238358298134e-07,4.79943715678355e-09,1.4975333385265523e-07,0.029174528965948632,0.0,0.52,-0.012709656379507939
10,SWAP-noise random walk M=1024,swap_null,1024,16,500,0.3,10240000,20480000,0.0004456767981500866,0.0007165331124223084,0.0009418206186128743,0.32494816852680186,0.0,0.49,0.009484544636580675
10,SWAP-noise random walk M=1024,swap_null,1024,17,500,0.3,10240000,20480000,5.289879703867258e-05,0.00015848495827504926,0.00018657857807612052,0.5474159830337348,0.0,0.498,0.019596365401254194
10,SWAP-noise random walk M=1024,swap_null,1024,18,500,0.3,10240000,20480000,1.3523934451486037e-09,1.995207351083444e-09,2.788008441111684e-09,0.3141910271817405,0.0,0.482,0.01001515260191995
10,SWAP-noise random walk M=1024,swap_null,1024,19,500,0.3,10240000,20480000,1.3418446796745698e-05,6.844549701122246e-08,5.605488241539447e-05,0.620911197327982,0.0,0.526,-0.015241813292918365
10,SWAP-noise random walk M=1024,swap_null,1024,20,500,0.3,10240000,20480000,7.378820094209135e-08,8.761656435596295e-08,2.2618340741697468e-07,0.4864738205829857,0.0,0.478,0.011623618301284593
10,SWAP-noise random walk M=1024,swap_null,1024,21,500,0.3,10240000,20480000,8.104037659468365e-06,7.438532123519215e-05,9.181011801053536e-05,1.0541890951002575,0.0,0.454,0.03443855264842604
10,SWAP-noise random walk M=1024,swap_null,1024,22,500,0.3,10240000,20480000,2.222431193961649e-08,1.3187777002839398e-05,2.2564767431982593e-05,3.0066025375639827,0.0,0.492,0.005237617754511586
10,SWAP-noise random walk M=1024,swap_null,1024,23,500,0.3,10240000,20480000,3.668297758234641e-05,9.154063844827051e-05,0.00022711160150335814,0.7917747393691199,0.0,0.496,0.013967823769994739
10,SWAP-noise random walk M=1024,swap_null,1024,24,500,0.3,10240000,20480000,4.154114593939998e-10,1.0597970942987349e-09,2.4690213116118453e-08,1.7740463659469548,0.0,0.544,-0.037372525934023126
10,SWAP-noise random walk M=1024,swap_null,1024,25,500,0.3,10240000,20480000,7.362730144861579e-08,3.7199039504227366e-07,3.7199039504227366e-07,0.7034928431275036,0.0,0.484,0.005457846205033803
10,SWAP-noise random walk M=1024,swap_null,1024,26,500,0.3,10240000,20480000,4.152683209110085e-10,9.204910988845159e-11,2.9450259030238407e-09,0.8507603171261753,0.0,0.54,-0.008842529126529455
10,SWAP-noise random walk M=1024,swap_null,1024,27,500,0.3,10240000,20480000,7.053175618164191e-07,3.2086194041138296e-07,9.183776741505106e-07,0.11463661989364393,0.0,0.492,-0.0006805492691150221
10,SWAP-noise random walk M=1024,swap_null,1024,28,500,0.3,10240000,20480000,1.0559392475502003e-05,1.2675919478054265e-06,1.893411769982882e-05,0.2536061402861147,0.0,0.51,-0.013891747785430678
10,SWAP-noise random walk M=1024,swap_null,1024,29,500,0.3,10240000,20480000,1.0609148129531991e-05,9.143666283708142e-06,1.3330636093873745e-05,0.09917035974410471,0.0,0.534,0.0005887024562571224
10,SWAP-noise random walk M=1024,swap_null,1024,30,500,0.3,10240000,20480000,5.4474814335367095e-06,2.027585194359757e-08,7.634961591403138e-06,0.14661109789717042,0.0,0.54,-0.017523447612279787
10,SWAP-noise random walk M=1024,swap_null,1024,31,500,0.3,10240000,20480000,7.455425558682546e-05,5.680211941112524e-05,0.00011892106824020355,0.20278636351656099,0.0,0.504,0.0004032053159572415
10,SWAP-noise random walk M=1024,swap_null,1024,32,500,0.3,10240000,20480000,3.0962892423738525e-08,1.0192397992076433e-09,4.8018825261305524e-08,0.19057000733751295,0.0,0.498,-0.008523637869339856
10,SWAP-noise random walk M=1024,swap_null,1024,33,500,0.3,10240000,20480000,9.750460854895787e-05,0.00011824321706338263,0.000317788660294572,0.513113253061888,0.0,0.502,0.0013035650759438892
10,SWAP-noise random walk M=1024,swap_null,1024,34,500,0.3,10240000,20480000,1.927180939552652e-05,1.2627338671954248e-05,2.1939802766242787e-05,0.05631022735158897,0.0,0.496,-0.0011283635224986369
10,SWAP-noise random walk M=1024,swap_null,1024,35,500,0.3,10240000,20480000,8.012630327856217e-06,3.431033922135699e-06,2.2759844263515374e-05,0.4533941795148184,0.0,0.5,-0.004667173037196882
10,SWAP-noise random walk M=1024,swap_null,1024,36,500,0.3,10240000,20480000,1.0963741208764915e-07,1.770280515689337e-08,1.6207607782072486e-07,0.16976014260333727,0.0,0.494,0.0009787276954044324
10,SWAP-noise random walk M=1024,swap_null,1024,37,500,0.3,10240000,20480000,1.6178482616276756e-05,1.88675047531258e-06,5.716164748157285e-05,0.5481669506922806,0.0,0.512,-0.0021702867245114625
10,SWAP-noise random walk M=1024,swap_null,1024,38,500,0.3,10240000,20480000,0.0008864041390513745,0.0006391113312161405,0.0009113317056419048,0.012044704516706695,0.0,0.498,-0.0011808532160740258
10,SWAP-noise random walk M=1024,swap_null,1024,39,500,0.3,10240000,20480000,0.0015850927447663818,0.0017894061348377394,0.0024107355769650974,0.18209489899015496,0.0,0.512,0.004689407205502983
10,SWAP-noise random walk M=1024,swap_null,1024,40,500,0.3,10240000,20480000,1.5588794578663906e-05,9.819488525885753e-05,9.839845996970329e-05,0.8001757671886605,0.0,0.464,0.029908256841063276
10,SWAP-noise random walk M=1024,swap_null,1024,41,500,0.3,10240000,20480000,2.415789054887436e-06,5.41976064735667e-06,6.488522305942354e-06,0.42908679267452055,0.0,0.476,0.012946264500291882
10,SWAP-noise random walk M=1024,swap_null,1024,42,500,0.3,10240000,20480000,2.6865448709325904e-06,5.232855288891276e-08,5.240003704285579e-06,0.29013749540334643,0.0,0.512,-0.017636578142876197
10,SWAP-noise random walk M=1024,swap_null,1024,43,500,0.3,10240000,20480000,4.5741595886172236e-08,3.8852756418401663e-10,1.2924474620016164e-07,0.4511015853433449,0.0,0.508,-0.007871393333117743
10,SWAP-noise random walk M=1024,swap_null,1024,44,500,0.3,10240000,20480000,2.4612267769992276e-07,8.771033427724017e-07,1.8137632405214713e-06,0.8674289644559421,0.0,0.468,0.0086196106383575
10,SWAP-noise random walk M=1024,swap_null,1024,45,500,0.3,10240000,20480000,5.877784617920775e-07,8.20684662157764e-07,1.1902921346218206e-06,0.30643989581900133,0.0,0.49,0.007024139726861729
10,SWAP-noise random walk M=1024,swap_null,1024,46,500,0.3,10240000,20480000,0.012827245207329122,0.022532114672533212,0.02761744677132572,0.33305012879174334,0.0,0.466,0.017073264654487566
10,SWAP-noise random walk M=1024,swap_null,1024,47,500,0.3,10240000,20480000,4.45020136000106e-12,2.6919741457167766e-11,1.0991065694617631e-10,1.3926601415753694,0.0,0.524,-0.01180257773430281
10,SWAP-noise random walk M=1024,swap_null,1024,48,500,0.3,10240000,20480000,1.4964263392005606e-06,3.688199048546961e-06,2.2359721227355077e-05,1.1744110408419886,0.0,0.494,0.010008911788921491
10,SWAP-noise random walk M=1024,swap_null,1024,49,500,0.3,10240000,20480000,3.003698882026328e-10,1.4775460037608134e-09,3.253493625282167e-09,1.034693567234811,0.0,0.496,0.01315509442894274
12,exact,exact,0,0,500,0.3,0,0,7.213195511240243e-08,7.219255645100241e-08,7.219255645100241e-08,0.00036471737491616807,0.0,0.0,1.0
12,exact,exact,0,1,500,0.3,0,0,4.960758179778626e-09,4.962219830795301e-09,4.962219830795301e-09,0.0001279428362988,0.0,0.0,1.0
12,exact,exact,0,2,500,0.3,0,0,2.608970161752762e-08,2.6106377197588838e-08,2.6106377197588838e-08,0.0002774964255527479,0.0,0.0,1.0
12,exact,exact,0,3,500,0.3,0,0,1.1872361095313842e-07,1.19500368828657e-07,1.19500368828657e-07,0.0028321485933355817,0.0,0.0,1.0
12,exact,exact,0,4,500,0.3,0,0,0.00010521349795038772,0.00035114629240686916,0.00035114629240686916,0.5234166277715353,0.0,0.0,1.0
12,exact,exact,0,5,500,0.3,0,0,0.0002781735105924383,0.0025440930856907395,0.0025440930856907395,0.9612172262355729,0.0,0.0,1.0
12,exact,exact,0,6,500,0.3,0,0,9.262777944375345e-11,9.262833228677726e-11,9.262833228677726e-11,2.592051322025668e-06,0.0,0.0,1.0
12,exact,exact,0,7,500,0.3,0,0,4.533345626634296e-07,4.550488479792829e-07,4.550488479792829e-07,0.0016391878764023815,0.0,0.0,1.0
12,exact,exact,0,8,500,0.3,0,0,4.208192739938845e-08,4.211856142397153e-08,4.211856142397153e-08,0.00037790649324165315,0.0,0.0,1.0
12,exact,exact,0,9,500,0.3,0,0,1.6031762989418374e-11,1.6031775769710106e-11,1.6031775769710106e-11,3.462132003306806e-07,0.0,0.0,1.0
12,exact,exact,0,10,500,0.3,0,0,3.2461770579648107e-10,3.246273643841455e-10,3.246273643841455e-10,1.2921688645306517e-05,0.0,0.0,1.0
12,exact,exact,0,11,500,0.3,0,0,6.59040167551911e-11,6.590487929068465e-11,6.590487929068465e-11,5.683901717290496e-06,0.0,0.0,1.0
12,exact,exact,0,12,500,0.3,0,0,2.8749073335826973e-08,2.875756022795402e-08,2.875756022795402e-08,0.0001281873139715728,0.0,0.0,1.0
12,exact,exact,0,13,500,0.3,0,0,6.030391117928161e-08,6.14698130147248e-08,6.14698130147248e-08,0.00831641160047969,0.0,0.0,1.0
12,exact,exact,0,14,500,0.3,0,0,5.291059128875512e-10,5.291290019309066e-10,5.291290019309066e-10,1.8951263056621315e-05,0.0,0.0,1.0
12,exact,exact,0,15,500,0.3,0,0,5.93380322696321e-10,5.941793119594526e-10,5.941793119594526e-10,0.0005843861146992424,0.0,0.0,1.0
12,exact,exact,0,16,500,0.3,0,0,4.7292187351054016e-07,5.03772626836008e-07,5.03772626836008e-07,0.02744516442547784,0.0,0.0,1.0
12,exact,exact,0,17,500,0.3,0,0,2.769539081665145e-06,2.8188686260321937e-06,2.8188686260321937e-06,0.007667337992153911,0.0,0.0,1.0
12,exact,exact,0,18,500,0.3,0,0,2.8597782039883128e-08,2.8661060856887283e-08,2.8661060856887283e-08,0.0009599094513257356,0.0,0.0,1.0
12,exact,exact,0,19,500,0.3,0,0,9.959058797065804e-07,1.0019836004060635e-06,1.0019836004060635e-06,0.00264231703591733,0.0,0.0,1.0
12,exact,exact,0,20,500,0.3,0,0,2.718448210755823e-08,2.733545818946321e-08,2.733545818946321e-08,0.0024052941553245333,0.0,0.0,1.0
12,exact,exact,0,21,500,0.3,0,0,4.6515619379977415e-07,4.7131996249841545e-07,4.7131996249841545e-07,0.005717026262355596,0.0,0.0,1.0
12,exact,exact,0,22,500,0.3,0,0,0.00014651257281820876,0.00028242083725634484,0.00028242083725634484,0.285021841387306,0.0,0.0,1.0
12,exact,exact,0,23,500,0.3,0,0,1.0818857776910989e-05,1.2048556792327407e-05,1.2048556792327407e-05,0.04675361743576545,0.0,0.0,1.0
12,exact,exact,0,24,500,0.3,0,0,9.06259797133254e-05,0.00022258780712159555,0.00022258780712159555,0.3902486563877754,0.0,0.0,1.0
12,exact,exact,0,25,500,0.3,0,0,7.2963178837779485e-09,7.308733796871067e-09,7.308733796871067e-09,0.000738397091771148,0.0,0.0,1.0
12,exact,exact,0,26,500,0.3,0,0,5.574150699431095e-06,5.886032568833502e-06,5.886032568833502e-06,0.023643954962090596,0.0,0.0,1.0
12,exact,exact,0,27,500,0.3,0,0,1.6357842977784574e-10,1.6358881598953137e-10,1.6358881598953137e-10,2.7574119860318547e-05,0.0,0.0,1.0
12,exact,exact,0,28,500,0.3,0,0,2.5297287673846516e-07,2.542720204139867e-07,2.542720204139867e-07,0.002224614446872941,0.0,0.0,1.0
12,exact,exact,0,29,500,0.3,0,0,3.408834978703594e-05,4.247519909542569e-05,4.247519909542569e-05,0.09552944563546806,0.0,0.0,1.0
12,exact,exact,0,30,500,0.3,0,0,2.3780188565876187e-06,2.4641793723958407e-06,2.4641793723958407e-06,0.015457023730368391,0.0,0.0,1.0
12,exact,exact,0,31,500,0.3,0,0,1.317166330754992e-12,1.317168965614174e-12,1.317168965614174e-12,8.687616990243896e-07,0.0,0.0,1.0
12,exact,exact,0,32,500,0.3,0,0,7.922578358853029e-07,8.028369770538012e-07,8.028369770538012e-07,0.005760823699436202,0.0,0.0,1.0
12,exact,exact,0,33,500,0.3,0,0,3.362851524653966e-07,3.3877423019515496e-07,3.3877423019515496e-07,0.0032026741638508938,0.0,0.0,1.0
12,exact,exact,0,34,500,0.3,0,0,2.490705057174647e-07,2.5003165706549825e-07,2.5003165706549825e-07,0.0016726965894520163,0.0,0.0,1.0
12,exact,exact,0,35,500,0.3,0,0,1.5710895994157136e-10,1.5713740723396291e-10,1.5713740723396291e-10,7.86294031360768e-05,0.0,0.0,1.0
12,exact,exact,0,36,500,0.3,0,0,1.0945815233184676e-16,1.0945821576207031e-16,1.0945821576207031e-16,2.5167050132779423e-07,0.0,0.0,1.0
12,exact,exact,0,37,500,0.3,0,0,8.84044239174836e-05,0.00013728749434812772,0.00013728749434812772,0.19115698029084927,0.0,0.0,1.0
12,exact,exact,0,38,500,0.3,0,0,8.326467343705065e-12,8.326481594071697e-12,8.326481594071697e-12,7.432744322244389e-07,0.0,0.0,1.0
12,exact,exact,0,39,500,0.3,0,0,4.197657994915022e-11,4.1977618615103816e-11,4.1977618615103816e-11,1.0746023423990891e-05,0.0,0.0,1.0
12,exact,exact,0,40,500,0.3,0,0,3.622430595316115e-07,3.6773664819050644e-07,3.6773664819050644e-07,0.0065368400186738285,0.0,0.0,1.0
12,exact,exact,0,41,500,0.3,0,0,3.8789850594511e-05,6.863314093700866e-05,6.863314093700866e-05,0.2478157676144237,0.0,0.0,1.0
12,exact,exact,0,42,500,0.3,0,0,3.777587029812602e-07,4.3441459125902444e-07,4.3441459125902444e-07,0.06068992544529461,0.0,0.0,1.0
12,exact,exact,0,43,500,0.3,0,0,0.00014267370495798005,0.0002577907983890642,0.0002577907983890642,0.2569234723729088,0.0,0.0,1.0
12,exact,exact,0,44,500,0.3,0,0,9.141162189866654e-06,1.0080578894491957e-05,1.0080578894491957e-05,0.04248405831599289,0.0,0.0,1.0
12,exact,exact,0,45,500,0.3,0,0,3.9052153001845554e-10,3.905528972393956e-10,3.905528972393956e-10,3.4881723172119905e-05,0.0,0.0,1.0
12,exact,exact,0,46,500,0.3,0,0,6.20931639271872e-08,6.225770891100837e-08,6.225770891100837e-08,0.0011493448911998883,0.0,0.0,1.0
12,exact,exact,0,47,500,0.3,0,0,9.361512909269756e-08,9.39645362766041e-08,9.39645362766041e-08,0.0016179343012856506,0.0,0.0,1.0
12,exact,exact,0,48,500,0.3,0,0,3.1961716137098067e-10,3.1963564288059265e-10,3.1963564288059265e-10,2.5111873082295233e-05,0.0,0.0,1.0
12,exact,exact,0,49,500,0.3,0,0,6.904323172568323e-07,6.95933351669799e-07,6.95933351669799e-07,0.00344653864753397,0.0,0.0,1.0
12,LE M=64,loschmidt,64,0,500,0.3,768000,768000,7.213195511240243e-08,7.311185839114801e-08,7.311185839114801e-08,0.005860119387805618,0.998,0.0,0.6558589774316507
12,LE M=64,loschmidt,64,1,500,0.3,768000,768000,4.960758179778626e-09,4.96075817977867e-09,4.96075817977867e-09,3.552713678800501e-15,1.0,0.0,
12,LE M=64,loschmidt,64,2,500,0.3,768000,768000,2.608970161752762e-08,2.6089701617527578e-08,2.608970161752762e-08,0.0,1.0,0.0,
12,LE M=64,loschmidt,64,3,500,0.3,768000,768000,1.1872361095313842e-07,1.1184145239180866e-07,1.1872361095313842e-07,0.0,0.996,0.004,-0.6591927563472533
12,LE M=64,loschmidt,64,4,500,0.3,768000,768000,0.00010521349795038772,0.0003906033570189697,0.0003906033570189697,0.5696645119996671,0.514,0.114,0.30762495093122066
12,LE M=64,loschmidt,64,5,500,0.3,768000,768000,0.0002781735105924383,0.002611156946656384,0.002611156946656384,0.9725172049776827,0.26,0.112,0.3562508971786294
12,LE M=64,loschmidt,64,6,500,0.3,768000,768000,9.262777944375345e-11,9.262777944375456e-11,9.262777944375456e-11,5.329070518200751e-15,1.0,0.0,
12,LE M=64,loschmidt,64,7,500,0.3,768000,768000,4.533345626634296e-07,4.5613034474988756e-07,4.5613034474988756e-07,0.002670133938340591,0.996,0.0,0.17641259368693502
12,LE M=64,loschmidt,64,8,500,0.3,768000,768000,4.208192739938845e-08,4.208192739938835e-08,4.208192739938845e-08,0.0,1.0,0.0,
12,LE M=64,loschmidt,64,9,500,0.3,768000,768000,1.6031762989418374e-11,1.6031762989418323e-11,1.6031762989418374e-11,0.0,1.0,0.0,
12,LE M=64,loschmidt,64,10,500,0.3,768000,768000,3.2461770579648107e-10,3.246177057964806e-10,3.2461770579648107e-10,0.0,1.0,0.0,
12,LE M=64,loschmidt,64,11,500,0.3,768000,768000,6.59040167551911e-11,6.590401675519101e-11,6.59040167551911e-11,0.0,1.0,0.0,
12,LE M=64,loschmidt,64,12,500,0.3,768000,768000,2.8749073335826973e-08,2.8749073335827e-08,2.8749073335827e-08,8.881784197001252e-16,1.0,0.0,
12,LE M=64,loschmidt,64,13,500,0.3,768000,768000,6.030391117928161e-08,6.030391117928281e-08,6.030391117928281e-08,7.993605777301127e-15,0.996,0.002,0.000358607056374749
12,LE M=64,loschmidt,64,14,500,0.3,768000,768000,5.291059128875512e-10,5.291059128875509e-10,5.291059128875512e-10,0.0,1.0,0.0,
12,LE M=64,loschmidt,64,15,500,0.3,768000,768000,5.93380322696321e-10,5.933803226963216e-10,5.933803226963216e-10,1.7763568394002505e-15,1.0,0.0,
12,LE M=64,loschmidt,64,16,500,0.3,768000,768000,4.7292187351054016e-07,5.726865820277042e-07,6.490631810201119e-07,0.13749757249033667,0.962,0.018,0.15157803752291563
12,LE M=64,loschmidt,64,17,500,0.3,768000,768000,2.769539081665145e-06,2.8558178745628454e-06,2.8558178745628454e-06,0.013323009552837384,0.992,0.0,0.5056878671700755
12,LE M=64,loschmidt,64,18,500,0.3,768000,768000,2.8597782039883128e-08,2.8597782039883144e-08,2.8597782039883144e-08,8.881784197001252e-16,1.0,0.0,
12,LE M=64,loschmidt,64,19,500,0.3,768000,768000,9.959058797065804e-07,1.0017250732818429e-06,1.0017250732818429e-06,0.00253024794566592,0.996,0.0,0.19534374479429872
12,LE M=64,loschmidt,64,20,500,0.3,768000,768000,2.718448210755823e-08,2.718448210755823e-08,2.718448210755823e-08,0.0,1.0,0.0,
12,LE M=64,loschmidt,64,21,500,0.3,768000,768000,4.6515619379977415e-07,4.6515619379977653e-07,4.6515619379977653e-07,1.7763568394002505e-15,1.0,0.0,
12,LE M=64,loschmidt,64,22,500,0.3,768000,768000,0.00014651257281820876,0.00034586589279897304,0.00034586589279897304,0.3730328418313955,0.604,0.034,0.34396695195336857
12,LE M=64,loschmidt,64,23,500,0.3,768000,768000,1.0818857776910989e-05,1.1889745462157016e-05,1.1889745462157016e-05,0.04099114560203976,0.952,0.016,0.21940756543767903
12,LE M=64,loschmidt,64,24,500,0.3,768000,768000,9.06259797133254e-05,0.0003581949555232366,0.0003582537272247982,0.5969380028851852,0.574,0.076,0.3722541987504647
12,LE M=64,loschmidt,64,25,500,0.3,768000,768000,7.2963178837779485e-09,7.296317883777947e-09,7.2963178837779485e-09,0.0,1.0,0.0,
12,LE M=64,loschmidt,64,26,500,0.3,768000,768000,5.574150699431095e-06,6.1594236623487196e-06,6.1594236623487196e-06,0.043361371240155044,0.958,0.01,0.2569870820126317
12,LE M=64,loschmidt,64,27,500,0.3,768000,768000,1.6357842977784574e-10,1.6357842977784915e-10,1.6357842977784915e-10,8.881784197001252e-15,1.0,0.0,
12,LE M=64,loschmidt,64,28,500,0.3,768000,768000,2.5297287673846516e-07,2.5297287673846505e-07,2.5297287673846516e-07,0.0,1.0,0.0,
12,LE M=64,loschmidt,64,29,500,0.3,768000,768000,3.408834978703594e-05,4.331801569819016e-05,4.446447337759809e-05,0.11540717544957513,0.884,0.016,0.2749354355956436
12,LE M=64,loschmidt,64,30,500,0.3,768000,768000,2.3780188565876187e-06,2.5091806419713723e-06,2.5091806419713723e-06,0.023316634297895433,0.988,0.002,0.3882318602405868
12,LE M=64,loschmidt,64,31,500,0.3,768000,768000,1.317166330754992e-12,1.317166330754999e-12,1.317166330754999e-12,1.7763568394002505e-15,1.0,0.0,
12,LE M=64,loschmidt,64,32,500,0.3,768000,768000,7.922578358853029e-07,8.101026793404286e-07,8.101026793404286e-07,0.009673525257970716,0.996,0.0,0.4526551940831678
12,LE M=64,loschmidt,64,33,500,0.3,768000,768000,3.362851524653966e-07,3.4519323126149157e-07,3.4519323126149157e-07,0.011354578309334507,0.998,0.0,0.9291179336371758
12,LE M=64,loschmidt,64,34,500,0.3,768000,768000,2.490705057174647e-07,2.490705057174647e-07,2.490705057174647e-07,0.0,1.0,0.0,
12,LE M=64,loschmidt,64,35,500,0.3,768000,768000,1.5710895994157136e-10,1.5710895994156513e-10,1.5710895994157136e-10,0.0,1.0,0.0,
12,LE M=64,loschmidt,64,36,500,0.3,768000,768000,1.0945815233184676e-16,1.0945815233213508e-16,1.0945815233213508e-16,1.1439738045737613e-12,1.0,0.0,
12,LE M=64,loschmidt,64,37,500,0.3,768000,768000,8.84044239174836e-05,0.00013382713690087962,0.00013382713690087962,0.18007018832082844,0.762,0.04,0.2550022980893428
12,LE M=64,loschmidt,64,38,500,0.3,768000,768000,8.326467343705065e-12,8.326467343705044e-12,8.326467343705065e-12,0.0,1.0,0.0,
12,LE M=64,loschmidt,64,39,500,0.3,768000,768000,4.197657994915022e-11,4.197657994915064e-11,4.197657994915064e-11,3.552713678800501e-15,1.0,0.0,
12,LE M=64,loschmidt,64,40,500,0.3,768000,768000,3.622430595316115e-07,4.0364972846723736e-07,4.0364972846723736e-07,0.04700459140133795,0.994,0.0,0.9493710690166721
12,LE M=64,loschmidt,64,41,500,0.3,768000,768000,3.8789850594511e-05,9.10770035563422e-05,9.10770035563422e-05,0.3706906269942012,0.784,0.044,0.3523703488489734
12,LE M=64,loschmidt,64,42,500,0.3,768000,768000,3.777587029812602e-07,1.9144711683786856e-07,5.754859353711411e-07,0.1828202355198405,0.94,0.032,-0.09822846427094341
12,LE M=64,loschmidt,64,43,500,0.3,768000,768000,0.00014267370495798005,0.0002872736714861501,0.0002872736714861501,0.3039518857353434,0.66,0.026,0.3305182128770357
12,LE M=64,loschmidt,64,44,500,0.3,768000,768000,9.141162189866654e-06,1.0174700050884123e-05,1.0174700050884123e-05,0.04652020051570016,0.952,0.01,0.21797929203992705
12,LE M=64,loschmidt,64,45,500,0.3,768000,768000,3.9052153001845554e-10,3.905215300184616e-10,3.905215300184616e-10,7.105427357601002e-15,1.0,0.0,
12,LE M=64,loschmidt,64,46,500,0.3,768000,768000,6.20931639271872e-08,6.209316392718722e-08,6.209316392718722e-08,0.0,1.0,0.0,
12,LE M=64,loschmidt,64,47,500,0.3,768000,768000,9.361512909269756e-08,9.361512909269787e-08,9.361512909269787e-08,1.7763568394002505e-15,1.0,0.0,
12,LE M=64,loschmidt,64,48,500,0.3,768000,768000,3.1961716137098067e-10,3.196171613709804e-10,3.1961716137098067e-10,0.0,1.0,0.0,
12,LE M=64,loschmidt,64,49,500,0.3,768000,768000,6.904323172568323e-07,7.055413930040907e-07,7.055413930040907e-07,0.00940138688705261,0.996,0.0,0.5307037640490763
12,SWAP M=64,swap,64,0,500,0.3,768000,1536000,7.213195511240243e-08,7.592615876900553e-09,1.4944477846363252e-07,0.31635304182214785,0.0,0.532,-0.02350823730778346
12,SWAP M=64,swap,64,1,500,0.3,768000,1536000,4.960758179778626e-09,2.1830737055850212e-07,4.546511590949734e-06,2.9621302454603695,0.0,0.476,0.015288509991637778
12,SWAP M=64,swap,64,2,500,0.3,768000,1536000,2.608970161752762e-08,2.716243514713941e-11,9.035403844758412e-08,0.5394784562842556,0.0,0.5,-0.02017320996828411
12,SWAP M=64,swap,64,3,500,0.3,768000,1536000,1.1872361095313842e-07,1.792479990761041e-05,4.109864605841169e-05,2.5392904177340583,0.0,0.484,0.0024340759872282214
12,SWAP M=64,swap,64,4,500,0.3,768000,1536000,0.00010521349795038772,1.3848236567465982e-06,0.00038470626131227207,0.5630577952648461,0.0,0.538,-0.01053260067666638
12,SWAP M=64,swap,64,5,500,0.3,768000,1536000,0.0002781735105924383,2.2686323360892527e-07,0.0006354812516999122,0.3587869708862712,0.0,0.486,-0.0009152150305449025
12,SWAP M=64,swap,64,6,500,0.3,768000,1536000,9.262777944375345e-11,1.8143678236138524e-10,1.0167201548092528e-08,2.040460179938921,0.0,0.49,0.013874296699417504
12,SWAP M=64,swap,64,7,500,0.3,768000,1536000,4.533345626634296e-07,3.748470576408631e-09,2.185517338604734e-06,0.683135424925144,0.0,0.492,-0.0025311568063762693
12,SWAP M=64,swap,64,8,500,0.3,768000,1536000,4.208192739938845e-08,1.0186862524705714e-11,6.850155466043284e-08,0.2116048052547308,0.0,0.504,-0.008862126550244884
12,SWAP M=64,swap,64,9,500,0.3,768000,1536000,1.6031762989418374e-11,2.909930225259014e-11,2.4184851952130543e-10,1.1785621494872611,0.0,0.514,-0.0013668872438588814
12,SWAP M=64,swap,64,10,500,0.3,768000,1536000,3.2461770579648107e-10,2.3732869778995106e-07,6.941631880782432e-07,3.3300893749378853,0.0,0.462,0.022681177220973285
12,SWAP M=64,swap,64,11,500,0.3,768000,1536000,6.59040167551911e-11,2.9111362750608775e-06,3.6172422792576645e-06,4.739465713318611,0.0,0.468,0.019338691168977008
12,SWAP M=64,swap,64,12,500,0.3,768000,1536000,2.8749073335826973e-08,1.8622889290812962e-07,2.4927930364689456e-06,1.93806237209923,0.0,0.506,0.008868882106232679
12,SWAP M=64,swap,64,13,500,0.3,768000,1536000,6.030391117928161e-08,3.4113218953327825e-06,3.229739983970466e-05,2.7288220796393974,0.0,0.48,-0.005480799854466078
12,SWAP M=64,swap,64,14,500,0.3,768000,1536000,5.291059128875512e-10,3.092997388002881e-09,3.9898380597797784e-08,1.8774126539208993,0.0,0.5,0.005467567279527756
12,SWAP M=64,swap,64,15,500,0.3,768000,1536000,5.93380322696321e-10,8.245765656102494e-07,8.245765656102494e-07,3.1428978476115486,0.0,0.532,-0.016959062830685104
12,SWAP M=64,swap,64,16,500,0.3,768000,1536000,4.7292187351054016e-07,2.202539203807222e-05,8.456807855041267e-05,2.252417061807738,0.0,0.502,-0.008294080767465475
12,SWAP M=64,swap,64,17,500,0.3,768000,1536000,2.769539081665145e-06,5.33144016229742e-08,5.649797619461464e-06,0.3096253933366713,0.0,0.494,-0.001728687958220771
12,SWAP M=64,swap,64,18,500,0.3,768000,1536000,2.8597782039883128e-08,2.0939960798031207e-05,2.9934229575423157e-05,3.0198357332537853,0.0,0.49,0.014810344241048518
12,SWAP M=64,swap,64,19,500,0.3,768000,1536000,9.959058797065804e-07,2.0796556074476773e-08,5.529953053491047e-06,0.7445031479794402,0.0,0.5,-0.0009352005405154959
12,SWAP M=64,swap,64,20,500,0.3,768000,1536000,2.718448210755823e-08,8.457715994778974e-06,4.9109682344790114e-05,3.256846061343662,0.0,0.474,0.012515073821667265
12,SWAP M=64,swap,64,21,500,0.3,768000,1536000,4.6515619379977415e-07,9.688929968544368e-08,4.937254325829338e-06,1.0258866908044721,0.0,0.504,-0.01589407645971902
12,SWAP M=64,swap,64,22,500,0.3,768000,1536000,0.00014651257281820876,1.1446437884654654e-06,0.000615423442579427,0.6232991404787027,0.0,0.536,-0.0029686242538062763
12,SWAP M=64,swap,64,23,500,0.3,768000,1536000,1.0818857776910989e-05,4.945503441375012e-06,1.6744697536899038e-05,0.18969589553081523,0.0,0.542,-0.015500007734849396
12,SWAP M=64,swap,64,24,500,0.3,768000,1536000,9.06259797133254e-05,0.9944302803009999,0.997890862834887,4.041830331485955,0.0,0.33,0.14188814798310667
12,SWAP M=64,swap,64,25,500,0.3,768000,1536000,7.2963178837779485e-09,8.410945797937992e-06,2.435637216784309e-05,3.5235088545534143,0.0,0.496,0.0041529988699909644
12,SWAP M=64,swap,64,26,500,0.3,768000,1536000,5.574150699431095e-06,9.330445476967947e-05,0.0007517773240472884,2.1299105160330605,0.0,0.456,0.013022703795801532
12,SWAP M=64,swap,64,27,500,0.3,768000,1536000,1.6357842977784574e-10,6.681432025021886e-11,2.5730488907999172e-08,2.196722003373468,0.0,0.5,0.002761981684631132
12,SWAP M=64,swap,64,28,500,0.3,768000,1536000,2.5297287673846516e-07,2.0769738319953691e-10,4.815789590294386e-07,0.2795935441703872,0.0,0.554,-0.023173676071056155
12,SWAP M=64,swap,64,29,500,0.3,768000,1536000,3.408834978703594e-05,9.55502382197732e-06,5.098023910296349e-05,0.174795890433729,0.0,0.502,-0.0017338592958433196
12,SWAP M=64,swap,64,30,500,0.3,768000,1536000,2.3780188565876187e-06,8.200625991773949e-09,2.3780188565876187e-06,0.0,0.0,0.506,-0.01485809669415449
12,SWAP M=64,swap,64,31,500,0.3,768000,1536000,1.317166330754992e-12,1.3023805601763386e-08,1.3023805601763386e-08,3.995097284350992,0.0,0.508,0.0009482274697916511
12,SWAP M=64,swap,64,32,500,0.3,768000,1536000,7.922578358853029e-07,3.2693100041253247e-07,4.380422557309292e-06,0.7426494634213547,0.0,0.51,-0.004751897296345349
12,SWAP M=64,swap,64,33,500,0.3,768000,1536000,3.362851524653966e-07,4.828708494123503e-07,5.047776703739155e-06,1.1763924420359295,0.0,0.478,0.010234645760490808
12,SWAP M=64,swap,64,34,500,0.3,768000,1536000,2.490705057174647e-07,2.7881008065351662e-09,5.863206297290964e-06,1.3718128725765082,0.0,0.536,-0.009838665873300364
12,SWAP M=64,swap,64,35,500,0.3,768000,1536000,1.5710895994157136e-10,6.505412511602206e-12,1.4401525305109832e-07,2.962207538243799,0.0,0.506,-0.013268352928529493
12,SWAP M=64,swap,64,36,500,0.3,768000,1536000,1.0945815233184676e-16,1.536882393274494e-12,5.041435015283221e-10,6.663306060532198,0.0,0.53,-0.013178119623684084
12,SWAP M=64,swap,64,37,500,0.3,768000,1536000,8.84044239174836e-05,1.0985863216047146e-05,0.00014663858118096383,0.2197742514672658,0.0,0.504,0.0036488486747285934
12,SWAP M=64,swap,64,38,500,0.3,768000,1536000,8.326467343705065e-12,3.558341707348383e-12,1.90862131183631e-08,3.360258985795457,0.0,0.488,0.008068987618831045
12,SWAP M=64,swap,64,39,500,0.3,768000,1536000,4.197657994915022e-11,5.547577619127445e-09,7.397494453347058e-08,3.246077596746348,0.0,0.516,-0.0021941216995028157
12,SWAP M=64,swap,64,40,500,0.3,768000,1536000,3.622430595316115e-07,1.0703371421515234e-06,0.0006044482610075572,3.2223590591871556,0.0,0.45,0.018762377596984212
12,SWAP M=64,swap,64,41,500,0.3,768000,1536000,3.8789850594511e-05,0.0006796995209823296,0.0006796995209823296,1.2435988570070395,0.0,0.494,0.018211562616368988
12,SWAP M=64,swap,64,42,500,0.3,768000,1536000,3.777587029812602e-07,1.5441208659541158e-07,4.509482728700846e-05,2.0769122493137946,0.0,0.53,-0.017501255291475972
12,SWAP M=64,swap,64,43,500,0.3,768000,1536000,0.00014267370495798005,5.63196975316387e-07,0.0002789109645824543,0.291121648470428,0.0,0.492,-0.0005337505326276419
12,SWAP M=64,swap,64,44,500,0.3,768000,1536000,9.141162189866654e-06,8.13944556736719e-05,0.0001989586027269106,1.337761307637805,0.0,0.478,0.01869774282679837
12,SWAP M=64,swap,64,45,500,0.3,768000,1536000,3.9052153001845554e-10,3.544512112147319e-07,5.110716783830727e-06,4.11683683254244,0.0,0.482,0.005213288647714854
12,SWAP M=64,swap,64,46,500,0.3,768000,1536000,6.20931639271872e-08,6.54081405711611e-10,1.880616839835712e-07,0.4812565309703034,0.0,0.526,-0.01128038741418148
12,SWAP M=64,swap,64,47,500,0.3,768000,1536000,9.361512909269756e-08,2.3019057765104874e-06,2.680493316748634e-05,2.456868688222743,0.0,0.498,-0.005362558060089069
12,SWAP M=64,swap,64,48,500,0.3,768000,1536000,3.1961716137098067e-10,1.429142893014404e-07,9.38550386833015e-07,3.4678275029639076,0.0,0.512,-0.013171407106363555
12,SWAP M=64,swap,64,49,500,0.3,768000,1536000,6.904323172568323e-07,7.996202571661057e-07,1.3796757530260263e-06,0.3006559205705903,0.0,0.524,-0.015354776656230005
12,SWAP M=32 (state-copy matched to LE M=64),swap,32,0,500,0.3,384000,768000,7.213195511240243e-08,1.0258919124729032e-12,2.001364180138516e-07,0.44319841888048384,0.0,0.47,0.0039765774312996716
12,SWAP M=32 (state-copy matched to LE M=64),swap,32,1,500,0.3,384000,768000,4.960758179778626e-09,1.8888938734031613e-08,1.051902092771971e-06,2.3264272619833797,0.0,0.506,-0.010994464945419958
12,SWAP M=32 (state-copy matched to LE M=64),swap,32,2,500,0.3,384000,768000,2.608970161752762e-08,1.870613817465781e-05,8.629711566262876e-05,3.51952716819473,0.0,0.494,-0.005408791863474292
12,SWAP M=32 (state-copy matched to LE M=64),swap,32,3,500,0.3,384000,768000,1.1872361095313842e-07,5.251910530319329e-05,0.00014992343689485257,3.1013324324600613,0.0,0.486,0.021418746501009566
12,SWAP M=32 (state-copy matched to LE M=64),swap,32,4,500,0.3,384000,768000,0.00010521349795038772,1.6046502778175477e-06,0.0005531563086406252,0.7207764103120509,0.0,0.52,0.0004344938701385258
12,SWAP M=32 (state-copy matched to LE M=64),swap,32,5,500,0.3,384000,768000,0.0002781735105924383,2.489688111628427e-06,0.0010548385859208754,0.5788702364634788,0.0,0.524,-0.007270329954480561
12,SWAP M=32 (state-copy matched to LE M=64),swap,32,6,500,0.3,384000,768000,9.262777944375345e-11,1.1141434418510648e-12,6.376276812870786e-10,0.8378259099149261,0.0,0.49,0.006703183072710238
12,SWAP M=32 (state-copy matched to LE M=64),swap,32,7,500,0.3,384000,768000,4.533345626634296e-07,3.45640160425167e-08,1.530272005189341e-06,0.5283498019858213,0.0,0.488,0.009511306896410486
12,SWAP M=32 (state-copy matched to LE M=64),swap,32,8,500,0.3,384000,768000,4.208192739938845e-08,3.6668482724009316e-06,9.970755151832856e-05,3.3746324288021885,0.0,0.482,0.018341581960640216
12,SWAP M=32 (state-copy matched to LE M=64),swap,32,9,500,0.3,384000,768000,1.6031762989418374e-11,2.674205317259352e-14,8.648634836098121e-11,0.7319662769446715,0.0,0.526,-0.00997729150689871
12,SWAP M=32 (state-copy matched to LE M=64),swap,32,10,500,0.3,384000,768000,3.2461770579648107e-10,9.229397464425039e-08,5.03579753700436e-07,3.1906960569929206,0.0,0.522,-0.012404340035115029
12,SWAP M=32 (state-copy matched to LE M=64),swap,32,11,500,0.3,384000,768000,6.59040167551911e-11,2.0279187432867315e-10,1.848537288675782e-07,3.447916330555688,0.0,0.528,-0.019214955764991815
12,SWAP M=32 (state-copy matched to LE M=64),swap,32,12,500,0.3,384000,768000,2.8749073335826973e-08,4.874738397064011e-16,4.3061601362786594e-07,1.1754663255011568,0.0,0.496,-0.003364203808918259
12,SWAP M=32 (state-copy matched to LE M=64),swap,32,13,500,0.3,384000,768000,6.030391117928161e-08,1.5111901144871313e-11,1.6027665478739942e-05,2.4245247890420805,0.0,0.512,-0.001227178672719222
12,SWAP M=32 (state-copy matched to LE M=64),swap,32,14,500,0.3,384000,768000,5.291059128875512e-10,2.9313123918032588e-08,2.2548803524459295e-07,2.6295808875603974,0.0,0.464,0.020738268411507103
12,SWAP M=32 (state-copy matched to LE M=64),swap,32,15,500,0.3,384000,768000,5.93380322696321e-10,3.7038387898992254e-06,0.00022737477058148571,5.583409133453494,0.0,0.466,0.011569700847255827
12,SWAP M=32 (state-copy matched to LE M=64),swap,32,16,500,0.3,384000,768000,4.7292187351054016e-07,1.0523852326403314e-08,6.341048504914986e-06,1.1273716738689608,0.0,0.536,-0.017440581881551388
12,SWAP M=32 (state-copy matched to LE M=64),swap,32,17,500,0.3,384000,768000,2.769539081665145e-06,3.67133296608777e-12,7.210242807597195e-06,0.41554239202821197,0.0,0.51,0.00026876814556014186
12,SWAP M=32 (state-copy matched to LE M=64),swap,32,18,500,0.3,384000,768000,2.8597782039883128e-08,4.2535075067662276e-14,1.0442495375503127e-07,0.5624719397797024,0.0,0.52,-0.004714389385028461
12,SWAP M=32 (state-copy matched to LE M=64),swap,32,19,500,0.3,384000,768000,9.959058797065804e-07,9.871595955227222e-06,9.934227517120845e-05,1.9989158057357495,0.0,0.474,0.00819141622924995
12,SWAP M=32 (state-copy matched to LE M=64),swap,32,20,500,0.3,384000,768000,2.718448210755823e-08,3.647351901318975e-10,6.33912337063653e-05,3.367708140340298,0.0,0.49,-0.0025974072041449955
12,SWAP M=32 (state-copy matched to LE M=64),swap,32,21,500,0.3,384000,768000,4.6515619379977415e-07,1.7027140536919817e-06,0.000300909868553111,2.810837622778663,0.0,0.484,0.0024511404347779845
12,SWAP M=32 (state-copy matched to LE M=64),swap,32,22,500,0.3,384000,768000,0.00014651257281820876,0.9931200188931744,0.9969506328418434,3.8327987585804255,0.0,0.322,0.1597179172555699
12,SWAP M=32 (state-copy matched to LE M=64),swap,32,23,500,0.3,384000,768000,1.0818857776910989e-05,7.127256536188012e-06,3.947665186206334e-05,0.562158900029762,0.0,0.526,-0.016460038455442947
12,SWAP M=32 (state-copy matched to LE M=64),swap,32,24,500,0.3,384000,768000,9.06259797133254e-05,2.6556696700378316e-06,0.00012314423304831486,0.13316136371196752,0.0,0.526,-0.013567529676649336
12,SWAP M=32 (state-copy matched to LE M=64),swap,32,25,500,0.3,384000,768000,7.2963178837779485e-09,3.114271349658128e-08,3.928106581908375e-05,3.7310795161088537,0.0,0.52,-0.011563161364764922
12,SWAP M=32 (state-copy matched to LE M=64),swap,32,26,500,0.3,384000,768000,5.574150699431095e-06,8.690458907400526e-08,3.410630041330156e-05,0.7866559072043433,0.0,0.516,-0.0015729438765330422
12,SWAP M=32 (state-copy matched to LE M=64),swap,32,27,500,0.3,384000,768000,1.6357842977784574e-10,8.769266765465676e-12,5.95270316157285e-08,2.560988191500104,0.0,0.482,0.0016467690586641148
12,SWAP M=32 (state-copy matched to LE M=64),swap,32,28,500,0.3,384000,768000,2.5297287673846516e-07,2.4172229589664973e-10,1.1478138566035412e-05,1.656797503859929,0.0,0.484,0.0040083220155099075
12,SWAP M=32 (state-copy matched to LE M=64),swap,32,29,500,0.3,384000,768000,3.408834978703594e-05,3.529760340141697e-05,0.00047135224834943663,1.1407396054128545,0.0,0.48,0.016289969468624214
12,SWAP M=32 (state-copy matched to LE M=64),swap,32,30,500,0.3,384000,768000,2.3780188565876187e-06,1.281630853411095e-10,3.4137699252601957e-06,0.15701895396536525,0.0,0.494,-0.014853770316190416
12,SWAP M=32 (state-copy matched to LE M=64),swap,32,31,500,0.3,384000,768000,1.317166330754992e-12,9.216956919430401e-07,9.216956919430401e-07,5.844946936778863,0.0,0.524,-0.006184745251237615
12,SWAP M=32 (state-copy matched to LE M=64),swap,32,32,500,0.3,384000,768000,7.922578358853029e-07,3.799617266553794e-05,4.270990868601136e-05,1.731662099598548,0.0,0.488,0.010492648381424177
12,SWAP M=32 (state-copy matched to LE M=64),swap,32,33,500,0.3,384000,768000,3.362851524653966e-07,5.7098338122384794e-08,8.59233671219585e-06,1.40740359467146,0.0,0.492,0.00943044030453334
12,SWAP M=32 (state-copy matched to LE M=64),swap,32,34,500,0.3,384000,768000,2.490705057174647e-07,8.411468950484149e-09,1.4302920737889246e-06,0.7591024293720077,0.0,0.486,0.008320839402121267
12,SWAP M=32 (state-copy matched to LE M=64),swap,32,35,500,0.3,384000,768000,1.5710895994157136e-10,0.0001373217128996409,0.0002128105319546456,6.131792163700876,0.0,0.432,0.023655864594595052
12,SWAP M=32 (state-copy matched to LE M=64),swap,32,36,500,0.3,384000,768000,1.0945815233184676e-16,2.7117062690307686e-11,1.3716275890663641e-08,8.097988099057352,0.0,0.478,0.020805628012037856
12,SWAP M=32 (state-copy matched to LE M=64),swap,32,37,500,0.3,384000,768000,8.84044239174836e-05,5.653644200631938e-05,0.0007408273383273603,0.9232430020510534,0.0,0.504,0.0033336953608964714
12,SWAP M=32 (state-copy matched to LE M=64),swap,32,38,500,0.3,384000,768000,8.326467343705065e-12,3.231382730714687e-08,6.344191716065146e-08,3.881915515423189,0.0,0.526,-0.014498451331538645
12,SWAP M=32 (state-copy matched to LE M=64),swap,32,39,500,0.3,384000,768000,4.197657994915022e-11,2.1047676142273408e-08,1.7810413574790416e-06,4.627666952860664,0.0,0.542,-0.007941932779269035
12,SWAP M=32 (state-copy matched to LE M=64),swap,32,40,500,0.3,384000,768000,3.622430595316115e-07,2.1950339475686552e-09,4.542273268816379e-06,1.098273185095656,0.0,0.508,-0.00297682963496694
12,SWAP M=32 (state-copy matched to LE M=64),swap,32,41,500,0.3,384000,768000,3.8789850594511e-05,0.9907629037252311,0.9972175597514861,4.410071810433967,0.0,0.38,0.09442149160697154
12,SWAP M=32 (state-copy matched to LE M=64),swap,32,42,500,0.3,384000,768000,3.777587029812602e-07,2.372928915126247e-08,3.991818898078953e-05,2.0239563512673415,0.0,0.57,-0.0386222992833423
12,SWAP M=32 (state-copy matched to LE M=64),swap,32,43,500,0.3,384000,768000,0.00014267370495798005,9.835516562982049e-06,0.0004461578609809582,0.495144610176379,0.0,0.53,-0.018475587784826605
12,SWAP M=32 (state-copy matched to LE M=64),swap,32,44,500,0.3,384000,768000,9.141162189866654e-06,3.0709415289233063e-07,5.22214607040875e-05,0.7568476008408274,0.0,0.51,-0.010535344001650578
12,SWAP M=32 (state-copy matched to LE M=64),swap,32,45,500,0.3,384000,768000,3.9052153001845554e-10,2.7328398870473047e-16,3.4838857225608354e-07,2.9504189188057195,0.0,0.516,-0.006802414733155945
12,SWAP M=32 (state-copy matched to LE M=64),swap,32,46,500,0.3,384000,768000,6.20931639271872e-08,5.820510816196123e-12,5.100900784602683e-07,0.9146030866652808,0.0,0.51,-0.00913681800206421
12,SWAP M=32 (state-copy matched to LE M=64),swap,32,47,500,0.3,384000,768000,9.361512909269756e-08,4.010536888546906e-05,0.00013519263270841356,3.1596069849548636,0.0,0.476,0.01919804574570921
12,SWAP M=32 (state-copy matched to LE M=64),swap,32,48,500,0.3,384000,768000,3.1961716137098067e-10,4.290784382620068e-09,1.1698165201716519e-06,3.563487660117544,0.0,0.49,0.0007270494613324536
12,SWAP M=32 (state-copy matched to LE M=64),swap,32,49,500,0.3,384000,768000,6.904323172568323e-07,6.394538827070585e-08,1.4761858566082464e-05,1.3300199286943988,0.0,0.482,0.01210976486861472
12,LE M=1024,loschmidt,1024,0,500,0.3,12288000,12288000,7.213195511240243e-08,7.210741051265989e-08,7.216847244502363e-08,0.0002198091392831003,0.996,0.002,-0.13179288561577732
12,LE M=1024,loschmidt,1024,1,500,0.3,12288000,12288000,4.960758179778626e-09,4.96075817977867e-09,4.96075817977867e-09,3.552713678800501e-15,1.0,0.0,
12,LE M=1024,loschmidt,1024,2,500,0.3,12288000,12288000,2.608970161752762e-08,2.6117656803085704e-08,2.6117656803085704e-08,0.00046509857445720115,0.998,0.0,0.5723685576002185
12,LE M=1024,loschmidt,1024,3,500,0.3,12288000,12288000,1.1872361095313842e-07,1.1822958259708349e-07,1.1894196839941531e-07,0.0007980243579392976,0.96,0.022,-0.07423406340517234
12,LE M=1024,loschmidt,1024,4,500,0.3,12288000,12288000,0.00010521349795038772,0.00036153025197163327,0.00036153025197163327,0.5360731843682576,0.008,0.112,0.6096364654709917
12,LE M=1024,loschmidt,1024,5,500,0.3,12288000,12288000,0.0002781735105924383,0.00263270611480721,0.00263270611480721,0.9760866107341233,0.0,0.012,0.7877290928885964
12,LE M=1024,loschmidt,1024,6,500,0.3,12288000,12288000,9.262777944375345e-11,9.262777944375456e-11,9.262777944375456e-11,5.329070518200751e-15,1.0,0.0,
12,LE M=1024,loschmidt,1024,7,500,0.3,12288000,12288000,4.533345626634296e-07,4.552133374250488e-07,4.554868055271118e-07,0.0020569695640615393,0.972,0.006,0.2710216560392645
12,LE M=1024,loschmidt,1024,8,500,0.3,12288000,12288000,4.208192739938845e-08,4.2068207942038703e-08,4.208192739938845e-08,0.0,0.996,0.002,-0.09476878119784687
12,LE M=1024,loschmidt,1024,9,500,0.3,12288000,12288000,1.6031762989418374e-11,1.6031762989418323e-11,1.6031762989418374e-11,0.0,1.0,0.0,
12,LE M=1024,loschmidt,1024,10,500,0.3,12288000,12288000,3.2461770579648107e-10,3.246177057964806e-10,3.2461770579648107e-10,0.0,1.0,0.0,
12,LE M=1024,loschmidt,1024,11,500,0.3,12288000,12288000,6.59040167551911e-11,6.590401675519101e-11,6.59040167551911e-11,0.0,1.0,0.0,
12,LE M=1024,loschmidt,1024,12,500,0.3,12288000,12288000,2.8749073335826973e-08,2.877504278506156e-08,2.877504278506156e-08,0.00039212733814686374,0.996,0.0,0.372594551535182
12,LE M=1024,loschmidt,1024,13,500,0.3,12288000,12288000,6.030391117928161e-08,6.321680116625843e-08,6.321680116625843e-08,0.020487035881581406,0.882,0.052,0.08638394989061034
12,LE M=1024,loschmidt,1024,14,500,0.3,12288000,12288000,5.291059128875512e-10,5.291059128875509e-10,5.291059128875512e-10,0.0,1.0,0.0,
12,LE M=1024,loschmidt,1024,15,500,0.3,12288000,12288000,5.93380322696321e-10,5.933803226963216e-10,6.040067719467726e-10,0.007708667410623704,0.996,0.002,8.903178544805712e-05
12,LE M=1024,loschmidt,1024,16,500,0.3,12288000,12288000,4.7292187351054016e-07,4.609756779108004e-07,4.890467304706735e-07,0.014560958367348498,0.702,0.154,-0.02899164952560857
12,LE M=1024,loschmidt,1024,17,500,0.3,12288000,12288000,2.769539081665145e-06,2.85106853374154e-06,2.85106853374154e-06,0.01260015900352851,0.846,0.016,0.36154036459861594
12,LE M=1024,loschmidt,1024,18,500,0.3,12288000,12288000,2.8597782039883128e-08,2.8304872448137117e-08,2.8597782039883144e-08,8.881784197001252e-16,0.988,0.01,-0.5150374559197156
12,LE M=1024,loschmidt,1024,19,500,0.3,12288000,12288000,9.959058797065804e-07,1.004144839618824e-06,1.004144839618824e-06,0.00357806432763752,0.952,0.004,0.3563364912828777
12,LE M=1024,loschmidt,1024,20,500,0.3,12288000,12288000,2.718448210755823e-08,2.718448210755823e-08,2.7459533294166647e-08,0.004372087979007233,0.972,0.014,0.00014837790341155305
12,LE M=1024,loschmidt,1024,21,500,0.3,12288000,12288000,4.6515619379977415e-07,4.6304689412358773e-07,4.657519778656192e-07,0.0005558996588614917,0.926,0.038,-0.04607383136325469
12,LE M=1024,loschmidt,1024,22,500,0.3,12288000,12288000,0.00014651257281820876,0.0002825279050045575,0.0002825279050045575,0.2851864543134597,0.004,0.046,0.5894156497131842
12,LE M=1024,loschmidt,1024,23,500,0.3,12288000,12288000,1.0818857776910989e-05,1.2126035413840316e-05,1.2143286084622228e-05,0.05015481505429964,0.454,0.146,0.24358744655858844
12,LE M=1024,loschmidt,1024,24,500,0.3,12288000,12288000,9.06259797133254e-05,0.0002303106408135994,0.0002303106408135994,0.4050612891534753,0.006,0.126,0.5587903569429531
12,LE M=1024,loschmidt,1024,25,500,0.3,12288000,12288000,7.2963178837779485e-09,7.21648973226893e-09,7.2963178837779485e-09,0.0,0.996,0.004,-0.950293878925048
12,LE M=1024,loschmidt,1024,26,500,0.3,12288000,12288000,5.574150699431095e-06,5.986701383913828e-06,5.997482183815896e-06,0.03179026065805157,0.634,0.078,0.29734694250685234
12,LE M=1024,loschmidt,1024,27,500,0.3,12288000,12288000,1.6357842977784574e-10,1.6357842977784915e-10,1.6357842977784915e-10,8.881784197001252e-15,1.0,0.0,
12,LE M=1024,loschmidt,1024,28,500,0.3,12288000,12288000,2.5297287673846516e-07,2.539581896240779e-07,2.547525768049439e-07,0.0030446261004559716,0.968,0.014,0.14302872344172296
12,LE M=1024,loschmidt,1024,29,500,0.3,12288000,12288000,3.408834978703594e-05,4.27969803052843e-05,4.2821014121503794e-05,0.09905097079599301,0.17,0.154,0.35522096487578475
12,LE M=1024,loschmidt,1024,30,500,0.3,12288000,12288000,2.3780188565876187e-06,2.4366425649955385e-06,2.4453169136607212e-06,0.012119857726291983,0.758,0.086,0.12360325088537705
12,LE M=1024,loschmidt,1024,31,500,0.3,12288000,12288000,1.317166330754992e-12,1.317166330754999e-12,1.317166330754999e-12,1.7763568394002505e-15,1.0,0.0,
12,LE M=1024,loschmidt,1024,32,500,0.3,12288000,12288000,7.922578358853029e-07,8.123853749394939e-07,8.123853749394939e-07,0.010895553061534002,0.902,0.024,0.2947022181608481
12,LE M=1024,loschmidt,1024,33,500,0.3,12288000,12288000,3.362851524653966e-07,3.407187882587928e-07,3.407187882587928e-07,0.005688389599638022,0.95,0.01,0.2862124519172735
12,LE M=1024,loschmidt,1024,34,500,0.3,12288000,12288000,2.490705057174647e-07,2.501744570411431e-07,2.501744570411431e-07,0.0019206633430535192,0.978,0.004,0.27064937206344086
12,LE M=1024,loschmidt,1024,35,500,0.3,12288000,12288000,1.5710895994157136e-10,1.5511768873663436e-10,1.5710895994157136e-10,0.0,0.998,0.002,-0.9903008969585095
12,LE M=1024,loschmidt,1024,36,500,0.3,12288000,12288000,1.0945815233184676e-16,1.0945815233213508e-16,1.0945815233213508e-16,1.1439738045737613e-12,1.0,0.0,
12,LE M=1024,loschmidt,1024,37,500,0.3,12288000,12288000,8.84044239174836e-05,0.0001372185171091343,0.0001372185171091343,0.1909387232498232,0.024,0.086,0.4888902479998128
12,LE M=1024,loschmidt,1024,38,500,0.3,12288000,12288000,8.326467343705065e-12,8.326467343705044e-12,8.326467343705065e-12,0.0,1.0,0.0,
12,LE M=1024,loschmidt,1024,39,500,0.3,12288000,12288000,4.197657994915022e-11,4.197657994915064e-11,4.197657994915064e-11,3.552713678800501e-15,1.0,0.0,
12,LE M=1024,loschmidt,1024,40,500,0.3,12288000,12288000,3.622430595316115e-07,3.641388473526694e-07,3.666687069259666e-07,0.0052737737246459915,0.908,0.042,0.04667103350586576
12,LE M=1024,loschmidt,1024,41,500,0.3,12288000,12288000,3.8789850594511e-05,7.01042174849953e-05,7.01042174849953e-05,0.25702603915658173,0.058,0.238,0.36740652495947046
12,LE M=1024,loschmidt,1024,42,500,0.3,12288000,12288000,3.777587029812602e-07,5.730798264006688e-07,5.79836106617801e-07,0.1860907769405351,0.49,0.214,0.16604874712267975
12,LE M=1024,loschmidt,1024,43,500,0.3,12288000,12288000,0.00014267370495798005,0.00025832088621736504,0.00025832088621736504,0.25781558276905736,0.006,0.068,0.5658794675781575
12,LE M=1024,loschmidt,1024,44,500,0.3,12288000,12288000,9.141162189866654e-06,1.0075050040808966e-05,1.0094218089829585e-05,0.04307126900066649,0.462,0.158,0.22029778391614616
12,LE M=1024,loschmidt,1024,45,500,0.3,12288000,12288000,3.9052153001845554e-10,3.905215300184616e-10,3.905215300184616e-10,7.105427357601002e-15,1.0,0.0,
12,LE M=1024,loschmidt,1024,46,500,0.3,12288000,12288000,6.20931639271872e-08,6.231166872474689e-08,6.237046294345177e-08,0.0019351779293401705,0.988,0.004,0.2373983283453481
12,LE M=1024,loschmidt,1024,47,500,0.3,12288000,12288000,9.361512909269756e-08,9.324512860582065e-08,9.38910892562018e-08,0.0012783369407296519,0.976,0.012,-0.13813559071649353
12,LE M=1024,loschmidt,1024,48,500,0.3,12288000,12288000,3.1961716137098067e-10,3.196171613709804e-10,3.1961716137098067e-10,0.0,1.0,0.0,
12,LE M=1024,loschmidt,1024,49,500,0.3,12288000,12288000,6.904323172568323e-07,7.022037526639205e-07,7.022037526639205e-07,0.0073420347339911984,0.93,0.008,0.3779135749869413
12,SWAP M=1024,swap,1024,0,500,0.3,12288000,24576000,7.213195511240243e-08,1.302759807430054e-07,1.3530558589861226e-07,0.2731880224419516,0.0,0.492,0.010405481730712063
12,SWAP M=1024,swap,1024,1,500,0.3,12288000,24576000,4.960758179778626e-09,3.686463404417e-10,5.197771255143682e-09,0.020269105880425187,0.0,0.5,-0.007880948375444858
12,SWAP M=1024,swap,1024,2,500,0.3,12288000,24576000,2.608970161752762e-08,4.048348644651914e-08,1.1860259599197296e-07,0.6576250828438264,0.0,0.514,0.009575812060090371
12,SWAP M=1024,swap,1024,3,500,0.3,12288000,24576000,1.1872361095313842e-07,5.405844912829903e-08,2.418467099349173e-07,0.30900308654480213,0.0,0.508,-0.013430757403651204
12,SWAP M=1024,swap,1024,4,500,0.3,12288000,24576000,0.00010521349795038772,0.0030125818534458225,0.0030877734860076745,1.467573974214059,0.0,0.414,0.061972479081969414
12,SWAP M=1024,swap,1024,5,500,0.3,12288000,24576000,0.0002781735105924383,0.9574211790432755,0.9574211790432755,3.536787258838464,0.0,0.336,0.18912184685336872
12,SWAP M=1024,swap,1024,6,500,0.3,12288000,24576000,9.262777944375345e-11,3.530812597073282e-11,1.9428149727073136e-10,0.321690188915424,0.0,0.508,-0.005526718155646631
12,SWAP M=1024,swap,1024,7,500,0.3,12288000,24576000,4.533345626634296e-07,1.8564871667873186e-06,2.5047892306975636e-06,0.7423523560201808,0.0,0.486,0.014333246597218961
12,SWAP M=1024,swap,1024,8,500,0.3,12288000,24576000,4.208192739938845e-08,2.715463242592895e-07,2.7666033586971695e-07,0.8178512770685513,0.0,0.462,0.02312175576227604
12,SWAP M=1024,swap,1024,9,500,0.3,12288000,24576000,1.6031762989418374e-11,3.2804498332317864e-11,4.985026385791313e-11,0.4926861776721907,0.0,0.492,0.015404196199348553
12,SWAP M=1024,swap,1024,10,500,0.3,12288000,24576000,3.2461770579648107e-10,8.185721421982397e-13,1.3666013701513965e-09,0.6242696477179717,0.0,0.504,-0.014565714515943502
12,SWAP M=1024,swap,1024,11,500,0.3,12288000,24576000,6.59040167551911e-11,1.3817687530759522e-10,4.789496177496379e-09,1.8613779459584663,0.0,0.458,0.0024288490129465434
12,SWAP M=1024,swap,1024,12,500,0.3,12288000,24576000,2.8749073335826973e-08,1.2235945537099588e-07,1.302769424993891e-07,0.6562437067434104,0.0,0.488,0.020988560954914515
12,SWAP M=1024,swap,1024,13,500,0.3,12288000,24576000,6.030391117928161e-08,1.0601409395063906e-07,1.5375718880041123e-07,0.4064899495900818,0.0,0.488,-0.004508503674130163
12,SWAP M=1024,swap,1024,14,500,0.3,12288000,24576000,5.291059128875512e-10,8.17805424637327e-10,1.2802141567175352e-08,1.3837400104459405,0.0,0.518,-0.001095329962468917
12,SWAP M=1024,swap,1024,15,500,0.3,12288000,24576000,5.93380322696321e-10,1.1938990087502516e-12,4.286317512771411e-08,1.8587511982261855,0.0,0.49,0.0005771087522014295
12,SWAP M=1024,swap,1024,16,500,0.3,12288000,24576000,4.7292187351054016e-07,9.13959660441246e-06,1.5311804714602652e-05,1.5102369801125706,0.0,0.476,0.0145898308162975
12,SWAP M=1024,swap,1024,17,500,0.3,12288000,24576000,2.769539081665145e-06,1.0321766471273676e-06,3.182386942657988e-06,0.06034548590759847,0.0,0.48,-0.006282276395510959
12,SWAP M=1024,swap,1024,18,500,0.3,12288000,24576000,2.8597782039883128e-08,1.2089668448203755e-10,3.2853343930160486e-08,0.06024722835352936,0.0,0.526,-0.011638182214928317
12,SWAP M=1024,swap,1024,19,500,0.3,12288000,24576000,9.959058797065804e-07,1.6569594515495196e-06,1.8775885393842796e-06,0.27538212930777295,0.0,0.5,0.008145746161471677
12,SWAP M=1024,swap,1024,20,500,0.3,12288000,24576000,2.718448210755823e-08,9.140065617560746e-08,1.8574611886435417e-07,0.834598684354793,0.0,0.542,-0.020383548527519283
12,SWAP M=1024,swap,1024,21,500,0.3,12288000,24576000,4.6515619379977415e-07,2.0890072617823986e-07,1.536979797251338e-06,0.5190693507853652,0.0,0.516,-0.001966560200360606
12,SWAP M=1024,swap,1024,22,500,0.3,12288000,24576000,0.00014651257281820876,0.0006655592412619308,0.0006689665489456887,0.6595295070151383,0.0,0.448,0.03291688623520322
12,SWAP M=1024,swap,1024,23,500,0.3,12288000,24576000,1.0818857776910989e-05,7.297441567433523e-06,1.6314072312961564e-05,0.17838097134739517,0.0,0.506,-0.0019652750544416164
12,SWAP M=1024,swap,1024,24,500,0.3,12288000,24576000,9.06259797133254e-05,3.376860883892083e-05,0.0001028339978874788,0.05488400569159424,0.0,0.504,-0.0019142157734854271
12,SWAP M=1024,swap,1024,25,500,0.3,12288000,24576000,7.2963178837779485e-09,7.033269880628432e-08,2.844671425208989e-07,1.5909283633447684,0.0,0.498,0.007915795356306224
12,SWAP M=1024,swap,1024,26,500,0.3,12288000,24576000,5.574150699431095e-06,6.339230845030665e-06,8.0405061960628e-06,0.1591046850781197,0.0,0.472,0.007317241049932788
12,SWAP M=1024,swap,1024,27,500,0.3,12288000,24576000,1.6357842977784574e-10,1.1303383996844064e-07,1.2287293351704385e-07,2.8757301919209297,0.0,0.476,0.024321480801267083
12,SWAP M=1024,swap,1024,28,500,0.3,12288000,24576000,2.5297287673846516e-07,1.3758211340731758e-06,2.815274648231095e-06,1.0464468100274855,0.0,0.462,0.026453343750166492
12,SWAP M=1024,swap,1024,29,500,0.3,12288000,24576000,3.408834978703594e-05,1.217881262145603e-05,7.356578013702953e-05,0.33406986726560284,0.0,0.5,-0.00609256452314156
12,SWAP M=1024,swap,1024,30,500,0.3,12288000,24576000,2.3780188565876187e-06,6.077164639430012e-06,6.7463524189821486e-06,0.45285373026528664,0.0,0.478,0.01332268213189835
12,SWAP M=1024,swap,1024,31,500,0.3,12288000,24576000,1.317166330754992e-12,1.165907622064922e-12,7.952110158820013e-10,2.7808417668169483,0.0,0.518,-0.005589742856384657
12,SWAP M=1024,swap,1024,32,500,0.3,12288000,24576000,7.922578358853029e-07,1.1400168160779181e-07,1.00577841805729e-06,0.1036357690101477,0.0,0.54,-0.013862968712061769
12,SWAP M=1024,swap,1024,33,500,0.3,12288000,24576000,3.362851524653966e-07,2.0044439361501505e-07,3.9995121032346073e-07,0.07529932244626014,0.0,0.51,-0.005510438014530495
12,SWAP M=1024,swap,1024,34,500,0.3,12288000,24576000,2.490705057174647e-07,7.653631605191725e-10,3.351484281801232e-07,0.12891488437099685,0.0,0.552,-0.01991972205925008
12,SWAP M=1024,swap,1024,35,500,0.3,12288000,24576000,1.5710895994157136e-10,4.92466196391272e-10,2.579923992517275e-09,1.2154059577352285,0.0,0.514,-0.009315957751624441
12,SWAP M=1024,swap,1024,36,500,0.3,12288000,24576000,1.0945815233184676e-16,8.116667913614718e-13,5.916979840028018e-11,5.732851976658116,0.0,0.494,0.002052368579883268
12,SWAP M=1024,swap,1024,37,500,0.3,12288000,24576000,8.84044239174836e-05,0.00020958233283351564,0.00020958233283351564,0.37488067168392947,0.0,0.494,0.014567175965218485
12,SWAP M=1024,swap,1024,38,500,0.3,12288000,24576000,8.326467343705065e-12,1.3162024791183053e-12,2.0044737915552693e-11,0.3815395991405044,0.0,0.52,-0.011979228056641896
12,SWAP M=1024,swap,1024,39,500,0.3,12288000,24576000,4.197657994915022e-11,5.79876268448508e-09,5.79876268448508e-09,2.140328284072183,0.0,0.46,0.021895994878947514
12,SWAP M=1024,swap,1024,40,500,0.3,12288000,24576000,3.622430595316115e-07,5.343043570644791e-06,1.1420920105706326e-05,1.4987010201953481,0.0,0.476,0.027781812982030703
12,SWAP M=1024,swap,1024,41,500,0.3,12288000,24576000,3.8789850594511e-05,6.850823200191443e-05,0.0001100010521246726,0.4526787322184269,0.0,0.492,0.006092506620284758
12,SWAP M=1024,swap,1024,42,500,0.3,12288000,24576000,3.777587029812602e-07,8.835532699877907e-07,1.6025762474985127e-05,1.6276042229741412,0.0,0.488,0.002082325075110638
12,SWAP M=1024,swap,1024,43,500,0.3,12288000,24576000,0.00014267370495798005,3.709555946342866e-05,0.00015490193007352347,0.03571288991968524,0.0,0.542,-0.014570022740296359
12,SWAP M=1024,swap,1024,44,500,0.3,12288000,24576000,9.141162189866654e-06,8.43356445478117e-06,1.6862053180926855e-05,0.26590904006781013,0.0,0.508,0.0013136820759984983
12,SWAP M=1024,swap,1024,45,500,0.3,12288000,24576000,3.9052153001845554e-10,8.542694844161844e-08,9.010549518313343e-08,2.3631062955571833,0.0,0.468,0.018730107812543494
12,SWAP M=1024,swap,1024,46,500,0.3,12288000,24576000,6.20931639271872e-08,1.6543581183778454e-09,1.4520492464176335e-07,0.36893755608585543,0.0,0.536,-0.02730791377929363
12,SWAP M=1024,swap,1024,47,500,0.3,12288000,24576000,9.361512909269756e-08,4.986531213316305e-09,9.361512909269756e-08,0.0,0.0,0.53,-0.010815596950490801
12,SWAP M=1024,swap,1024,48,500,0.3,12288000,24576000,3.1961716137098067e-10,6.853595260729112e-09,6.853595260729112e-09,1.3312883635094543,0.0,0.46,0.022788951839316608
12,SWAP M=1024,swap,1024,49,500,0.3,12288000,24576000,6.904323172568323e-07,5.74933106757053e-07,1.1505684470388575e-06,0.22179134852185367,0.0,0.494,0.003866016109318416
12,SWAP M=512 (state-copy matched to LE M=1024),swap,512,0,500,0.3,6144000,12288000,7.213195511240243e-08,1.138360295679952e-07,2.6611121610858344e-07,0.5669354759119711,0.0,0.51,0.006703390063838989
12,SWAP M=512 (state-copy matched to LE M=1024),swap,512,1,500,0.3,6144000,12288000,4.960758179778626e-09,7.830599189693679e-08,2.2045851510717216e-07,1.6477788207461321,0.0,0.468,0.007792148645260071
12,SWAP M=512 (state-copy matched to LE M=1024),swap,512,2,500,0.3,6144000,12288000,2.608970161752762e-08,4.4474594148573786e-11,3.0461384330945706e-08,0.06728052395808337,0.0,0.514,-0.017463270977083667
12,SWAP M=512 (state-copy matched to LE M=1024),swap,512,3,500,0.3,6144000,12288000,1.1872361095313842e-07,2.7145215523535698e-11,1.6306013778771888e-07,0.1378107078628119,0.0,0.518,-0.02301425516919485
12,SWAP M=512 (state-copy matched to LE M=1024),swap,512,4,500,0.3,6144000,12288000,0.00010521349795038772,0.00023430941295749544,0.00043339921350684366,0.6148166593785707,0.0,0.49,0.010856335033385235
12,SWAP M=512 (state-copy matched to LE M=1024),swap,512,5,500,0.3,6144000,12288000,0.0002781735105924383,0.00020143473262286077,0.0003946381042821254,0.15188324483447824,0.0,0.516,-0.0016124915630733783
12,SWAP M=512 (state-copy matched to LE M=1024),swap,512,6,500,0.3,6144000,12288000,9.262777944375345e-11,3.373422148219715e-11,1.6530535149471789e-10,0.25154566050479943,0.0,0.514,-0.015407258289508225
12,SWAP M=512 (state-copy matched to LE M=1024),swap,512,7,500,0.3,6144000,12288000,4.533345626634296e-07,3.6297106116842267e-06,5.457988629394581e-06,1.0806137952205948,0.0,0.45,0.021945159470326853
12,SWAP M=512 (state-copy matched to LE M=1024),swap,512,8,500,0.3,6144000,12288000,4.208192739938845e-08,1.3191840307140372e-07,1.9563910607624134e-07,0.6673600469795113,0.0,0.494,0.0030175321674879548
12,SWAP M=512 (state-copy matched to LE M=1024),swap,512,9,500,0.3,6144000,12288000,1.6031762989418374e-11,6.804848664035344e-13,2.4992271974704137e-10,1.1928244546620785,0.0,0.5,-0.0032795109569955915
12,SWAP M=512 (state-copy matched to LE M=1024),swap,512,10,500,0.3,6144000,12288000,3.2461770579648107e-10,2.6638955818706715e-09,2.1535894779958365e-08,1.8217907165821892,0.0,0.5,0.008718706061550445
12,SWAP M=512 (state-copy matched to LE M=1024),swap,512,11,500,0.3,6144000,12288000,6.59040167551911e-11,1.086766436544671e-08,3.5431226974589817e-08,2.730474307077867,0.0,0.48,0.02204409314554193
12,SWAP M=512 (state-copy matched to LE M=1024),swap,512,12,500,0.3,6144000,12288000,2.8749073335826973e-08,1.0985017870000256e-08,2.2199303343196622e-07,0.8877154949606476,0.0,0.492,-0.0002053180920132527
12,SWAP M=512 (state-copy matched to LE M=1024),swap,512,13,500,0.3,6144000,12288000,6.030391117928161e-08,6.090624516763201e-07,1.4684309077673913e-06,1.386508036587279,0.0,0.486,0.005407171172117651
12,SWAP M=512 (state-copy matched to LE M=1024),swap,512,14,500,0.3,6144000,12288000,5.291059128875512e-10,6.141286730031433e-10,2.0506460959584664e-09,0.5883481006383189,0.0,0.524,-0.00931667095958722
12,SWAP M=512 (state-copy matched to LE M=1024),swap,512,15,500,0.3,6144000,12288000,5.93380322696321e-10,1.5436349951496567e-07,4.790089054265772e-07,2.9070104471941347,0.0,0.492,0.0007256740581716529
12,SWAP M=512 (state-copy matched to LE M=1024),swap,512,16,500,0.3,6144000,12288000,4.7292187351054016e-07,1.3091661338215823e-05,2.422412131985471e-05,1.7094586314677214,0.0,0.492,0.00835671608979404
12,SWAP M=512 (state-copy matched to LE M=1024),swap,512,17,500,0.3,6144000,12288000,2.769539081665145e-06,3.923148488437421e-06,4.319730621995619e-06,0.19304916713033915,0.0,0.486,0.003679659947184576
12,SWAP M=512 (state-copy matched to LE M=1024),swap,512,18,500,0.3,6144000,12288000,2.8597782039883128e-08,2.58201790903124e-08,4.008463856422866e-07,1.1466456201694353,0.0,0.496,-0.003303163497884627
12,SWAP M=512 (state-copy matched to LE M=1024),swap,512,19,500,0.3,6144000,12288000,9.959058797065804e-07,3.546592785065112e-06,4.908795038870152e-06,0.6927566026083412,0.0,0.464,0.020186250396448238
12,SWAP M=512 (state-copy matched to LE M=1024),swap,512,20,500,0.3,6144000,12288000,2.718448210755823e-08,8.312526436751842e-11,1.7751538840222468e-07,0.8149149433580023,0.0,0.498,-0.0040893646022437885
12,SWAP M=512 (state-copy matched to LE M=1024),swap,512,21,500,0.3,6144000,12288000,4.6515619379977415e-07,2.601030838622513e-07,7.326096492069378e-07,0.19727382627059775,0.0,0.522,-0.0070219316452643545
12,SWAP M=512 (state-copy matched to LE M=1024),swap,512,22,500,0.3,6144000,12288000,0.00014651257281820876,0.00024289094568933338,0.0003978557702271032,0.4338507663507074,0.0,0.484,0.015854426869704917
12,SWAP M=512 (state-copy matched to LE M=1024),swap,512,23,500,0.3,6144000,12288000,1.0818857776910989e-05,8.717380607320544e-06,1.8457613643647035e-05,0.23199413939611713,0.0,0.49,-0.000558720758076207
12,SWAP M=512 (state-copy matched to LE M=1024),swap,512,24,500,0.3,6144000,12288000,9.06259797133254e-05,7.301665792392812e-07,0.00014846417421658783,0.21436895245519638,0.0,0.524,-0.02237496277241732
12,SWAP M=512 (state-copy matched to LE M=1024),swap,512,25,500,0.3,6144000,12288000,7.2963178837779485e-09,1.542421548770669e-09,5.59880111001989e-08,0.8849912930902093,0.0,0.52,-0.008186534631996123
12,SWAP M=512 (state-copy matched to LE M=1024),swap,512,26,500,0.3,6144000,12288000,5.574150699431095e-06,1.1645737049770577e-05,1.9836978127584937e-05,0.5512968086038672,0.0,0.476,0.009422402995289443
12,SWAP M=512 (state-copy matched to LE M=1024),swap,512,27,500,0.3,6144000,12288000,1.6357842977784574e-10,5.732682039041643e-09,2.4450877193556328e-08,2.1745684093843503,0.0,0.528,-0.003999246157422614
12,SWAP M=512 (state-copy matched to LE M=1024),swap,512,28,500,0.3,6144000,12288000,2.5297287673846516e-07,7.575231735014207e-08,3.7975776027539474e-07,0.17643269788881621,0.0,0.492,0.003917663647969172
12,SWAP M=512 (state-copy matched to LE M=1024),swap,512,29,500,0.3,6144000,12288000,3.408834978703594e-05,7.78402009923354e-07,3.652753780807703e-05,0.03001442135251331,0.0,0.522,-0.019208260112295848
12,SWAP M=512 (state-copy matched to LE M=1024),swap,512,30,500,0.3,6144000,12288000,2.3780188565876187e-06,2.2526153002637575e-05,2.9376393201867355e-05,1.091783178524281,0.0,0.46,0.02651403513277195
12,SWAP M=512 (state-copy matched to LE M=1024),swap,512,31,500,0.3,6144000,12288000,1.317166330754992e-12,3.140223865138631e-11,1.5779658736534403e-10,2.0784569857774517,0.0,0.498,-0.002834613089219857
12,SWAP M=512 (state-copy matched to LE M=1024),swap,512,32,500,0.3,6144000,12288000,7.922578358853029e-07,1.6477222882803032e-06,4.9106252856254375e-06,0.7922702524440197,0.0,0.48,0.009669534578415318
12,SWAP M=512 (state-copy matched to LE M=1024),swap,512,33,500,0.3,6144000,12288000,3.362851524653966e-07,2.346066193792594e-06,4.062902241148863e-06,1.0821286798146392,0.0,0.49,0.0129419660301841
12,SWAP M=512 (state-copy matched to LE M=1024),swap,512,34,500,0.3,6144000,12288000,2.490705057174647e-07,9.479911927725957e-12,3.400447129462608e-07,0.13521372421844102,0.0,0.492,-0.015377407223579345
12,SWAP M=512 (state-copy matched to LE M=1024),swap,512,35,500,0.3,6144000,12288000,1.5710895994157136e-10,6.437945788126744e-08,1.0858278339916804e-07,2.8395600165103234,0.0,0.49,0.01965528226350925
12,SWAP M=512 (state-copy matched to LE M=1024),swap,512,36,500,0.3,6144000,12288000,1.0945815233184676e-16,1.3200725232185317e-11,9.961673650495762e-11,5.959084197001106,0.0,0.512,-0.004404346153059922
12,SWAP M=512 (state-copy matched to LE M=1024),swap,512,37,500,0.3,6144000,12288000,8.84044239174836e-05,1.927489574750114e-05,0.00012542568768110344,0.1519124924069093,0.0,0.524,-0.010915979548671734
12,SWAP M=512 (state-copy matched to LE M=1024),swap,512,38,500,0.3,6144000,12288000,8.326467343705065e-12,5.934363351689752e-16,1.2039619383138123e-10,1.160151974391626,0.0,0.506,-0.00917736917094031
12,SWAP M=512 (state-copy matched to LE M=1024),swap,512,39,500,0.3,6144000,12288000,4.197657994915022e-11,1.0851383485538612e-11,2.2263747372095522e-10,0.7245912139400108,0.0,0.518,-0.02067463209206673
12,SWAP M=512 (state-copy matched to LE M=1024),swap,512,40,500,0.3,6144000,12288000,3.622430595316115e-07,1.5118258609459976e-06,1.8737488467775251e-06,0.7137113052934847,0.0,0.526,-0.012932979082772335
12,SWAP M=512 (state-copy matched to LE M=1024),swap,512,41,500,0.3,6144000,12288000,3.8789850594511e-05,0.0002564083464315104,0.0002996879910640093,0.887951233632764,0.0,0.472,0.014319839083596183
12,SWAP M=512 (state-copy matched to LE M=1024),swap,512,42,500,0.3,6144000,12288000,3.777587029812602e-07,1.4396489431290313e-05,4.216071428927584e-05,2.0476934815039796,0.0,0.48,0.01730547336878636
12,SWAP M=512 (state-copy matched to LE M=1024),swap,512,43,500,0.3,6144000,12288000,0.00014267370495798005,0.0003518860959815636,0.00035948426132655797,0.4013359420062641,0.0,0.462,0.015146860445779625
12,SWAP M=512 (state-copy matched to LE M=1024),swap,512,44,500,0.3,6144000,12288000,9.141162189866654e-06,4.352460857062811e-05,5.437583416868893e-05,0.7744045178243217,0.0,0.492,0.014012386435834844
12,SWAP M=512 (state-copy matched to LE M=1024),swap,512,45,500,0.3,6144000,12288000,3.9052153001845554e-10,2.146105250356088e-12,1.9110616776513785e-09,0.6896297215537945,0.0,0.502,-0.010716665245546679
12,SWAP M=512 (state-copy matched to LE M=1024),swap,512,46,500,0.3,6144000,12288000,6.20931639271872e-08,3.185661765915989e-09,7.152558093372073e-08,0.061417604173904294,0.0,0.512,-0.004276368233604506
12,SWAP M=512 (state-copy matched to LE M=1024),swap,512,47,500,0.3,6144000,12288000,9.361512909269756e-08,2.000044641176026e-07,4.0257137187039976e-07,0.6334968470727809,0.0,0.504,0.011197875374649587
12,SWAP M=512 (state-copy matched to LE M=1024),swap,512,48,500,0.3,6144000,12288000,3.1961716137098067e-10,2.3107815430890198e-11,3.886975085515951e-09,1.0849816668590364,0.0,0.508,-0.011504479297855263
12,SWAP M=512 (state-copy matched to LE M=1024),swap,512,49,500,0.3,6144000,12288000,6.904323172568323e-07,1.14414337308157e-07,1.119601105760649e-06,0.20994220739498815,0.0,0.542,-0.009488456841604155
12,SWAP-noise random walk M=64,swap_null,64,0,500,0.3,768000,1536000,7.213195511240243e-08,1.950928788480057e-10,1.1616675764886763e-07,0.20695416409983824,0.0,0.496,-0.006432334366982359
12,SWAP-noise random walk M=64,swap_null,64,1,500,0.3,768000,1536000,4.960758179778626e-09,1.8322093086081212e-07,2.498310826300283e-07,1.7020984128049106,0.0,0.492,0.003448874138415056
12,SWAP-noise random walk M=64,swap_null,64,2,500,0.3,768000,1536000,2.608970161752762e-08,2.8377742844830633e-07,4.5102035714367285e-06,2.237727032335772,0.0,0.478,0.02005225594443706
12,SWAP-noise random walk M=64,swap_null,64,3,500,0.3,768000,1536000,1.1872361095313842e-07,6.004706408140212e-09,1.089405090462227e-06,0.9626523031600467,0.0,0.518,-0.007629542889964181
12,SWAP-noise random walk M=64,swap_null,64,4,500,0.3,768000,1536000,0.00010521349795038772,5.654931370782531e-06,0.0003439786456542238,0.514460022727584,0.0,0.482,0.0022738575503142614
12,SWAP-noise random walk M=64,swap_null,64,5,500,0.3,768000,1536000,0.0002781735105924383,0.00094754013295954,0.005228332205832477,1.274047403247669,0.0,0.468,0.013754589859151572
12,SWAP-noise random walk M=64,swap_null,64,6,500,0.3,768000,1536000,9.262777944375345e-11,1.67313262543354e-11,7.213626532289653e-08,2.8914124011602667,0.0,0.462,0.01586067919973025
12,SWAP-noise random walk M=64,swap_null,64,7,500,0.3,768000,1536000,4.533345626634296e-07,3.468102651379122e-09,5.26169637634509e-07,0.06470695236852553,0.0,0.508,-0.011428893878156186
12,SWAP-noise random walk M=64,swap_null,64,8,500,0.3,768000,1536000,4.208192739938845e-08,3.917326315955888e-14,1.6775445518294116e-07,0.6005784401090883,0.0,0.508,-0.010102462676036407
12,SWAP-noise random walk M=64,swap_null,64,9,500,0.3,768000,1536000,1.6031762989418374e-11,3.803827440677152e-10,1.765021966423284e-09,2.0417688310243474,0.0,0.508,-0.010229743912582322
12,SWAP-noise random walk M=64,swap_null,64,10,500,0.3,768000,1536000,3.2461770579648107e-10,4.210992862689346e-07,3.881670940366104e-06,4.077646512215693,0.0,0.472,0.0031678022142354713
12,SWAP-noise random walk M=64,swap_null,64,11,500,0.3,768000,1536000,6.59040167551911e-11,1.0604258989008803e-08,5.62421142036844e-07,3.931149752905914,0.0,0.514,-0.004475104058455232
12,SWAP-noise random walk M=64,swap_null,64,12,500,0.3,768000,1536000,2.8749073335826973e-08,5.075674538380796e-11,3.400887694975933e-08,0.07296844007251035,0.0,0.486,0.008165327169037007
12,SWAP-noise random walk M=64,swap_null,64,13,500,0.3,768000,1536000,6.030391117928161e-08,1.4882663003720634e-07,0.00010365316635943424,3.2352370928630343,0.0,0.516,-0.005312260682998465
12,SWAP-noise random walk M=64,swap_null,64,14,500,0.3,768000,1536000,5.291059128875512e-10,3.5719798756236766e-10,1.135049130236201e-08,1.331472045326957,0.0,0.472,0.0057689002237814166
12,SWAP-noise random walk M=64,swap_null,64,15,500,0.3,768000,1536000,5.93380322696321e-10,3.2031902942359445e-08,8.516601775121529e-07,3.1569332002725163,0.0,0.504,-0.004216335741919354
12,SWAP-noise random walk M=64,swap_null,64,16,500,0.3,768000,1536000,4.7292187351054016e-07,2.0188439369310134e-05,0.00029146436086536034,2.7897960570898026,0.0,0.498,0.003679206988183513
12,SWAP-noise random walk M=64,swap_null,64,17,500,0.3,768000,1536000,2.769539081665145e-06,1.1496153374372625e-08,7.265735108288578e-06,0.4188720624890685,0.0,0.516,-0.013547977778990365
12,SWAP-noise random walk M=64,swap_null,64,18,500,0.3,768000,1536000,2.8597782039883128e-08,2.97927611236451e-06,4.005874939787659e-05,3.146365035014134,0.0,0.502,-0.003981056452300021
12,SWAP-noise random walk M=64,swap_null,64,19,500,0.3,768000,1536000,9.959058797065804e-07,9.073061931066639e-11,4.588292807940966e-06,0.6634328287871734,0.0,0.528,-0.0053165035260131005
12,SWAP-noise random walk M=64,swap_null,64,20,500,0.3,768000,1536000,2.718448210755823e-08,1.839981027383437e-05,7.240100282661249e-05,3.425423517995193,0.0,0.512,0.005753175590421233
12,SWAP-noise random walk M=64,swap_null,64,21,500,0.3,768000,1536000,4.6515619379977415e-07,6.266172622667184e-06,7.69705413475024e-05,2.2187257328491974,0.0,0.496,-0.004560641991176114
12,SWAP-noise random walk M=64,swap_null,64,22,500,0.3,768000,1536000,0.00014651257281820876,4.464420442149501e-06,0.00021689695896776092,0.17037856817293573,0.0,0.506,-0.003988118020175857
12,SWAP-noise random walk M=64,swap_null,64,23,500,0.3,768000,1536000,1.0818857776910989e-05,4.032090855968824e-09,1.3736476471160228e-05,0.10369393493659107,0.0,0.512,-0.006192761878930714
12,SWAP-noise random walk M=64,swap_null,64,24,500,0.3,768000,1536000,9.06259797133254e-05,5.707325402199862e-07,0.00023917824842564954,0.4214689665423794,0.0,0.518,-0.01417382998938017
12,SWAP-noise random walk M=64,swap_null,64,25,500,0.3,768000,1536000,7.2963178837779485e-09,1.0664534941316542e-07,2.750554671010833e-06,2.5763165346208003,0.0,0.496,-0.002387400407738693
12,SWAP-noise random walk M=64,swap_null,64,26,500,0.3,768000,1536000,5.574150699431095e-06,0.0002899031091866804,0.0002899031091866804,1.7160741672881468,0.0,0.442,0.02572106599340904
12,SWAP-noise random walk M=64,swap_null,64,27,500,0.3,768000,1536000,1.6357842977784574e-10,4.322520431357295e-05,0.00024173197143936815,6.169608058943622,0.0,0.466,0.021863301141643775
12,SWAP-noise random walk M=64,swap_null,64,28,500,0.3,768000,1536000,2.5297287673846516e-07,2.423008581416279e-09,2.4501689236942476e-06,0.9861220678028975,0.0,0.518,-0.00762489036073838
12,SWAP-noise random walk M=64,swap_null,64,29,500,0.3,768000,1536000,3.408834978703594e-05,2.2093078100524207e-05,0.0003641896520610146,1.0287216241711699,0.0,0.472,0.009896365080172394
12,SWAP-noise random walk M=64,swap_null,64,30,500,0.3,768000,1536000,2.3780188565876187e-06,4.2742247634491896e-09,2.8431994425850355e-06,0.07759203126660186,0.0,0.542,-0.02201511854164378
12,SWAP-noise random walk M=64,swap_null,64,31,500,0.3,768000,1536000,1.317166330754992e-12,1.763911801126501e-13,1.453546153349193e-07,5.042788205349654,0.0,0.474,0.009508936429422885
12,SWAP-noise random walk M=64,swap_null,64,32,500,0.3,768000,1536000,7.922578358853029e-07,1.517853961156078e-11,1.764695079748397e-05,1.3478031315044499,0.0,0.506,-0.008631978703831903
12,SWAP-noise random walk M=64,swap_null,64,33,500,0.3,768000,1536000,3.362851524653966e-07,4.019411223137889e-13,8.003119208349388e-07,0.37655159292839,0.0,0.52,-0.017265990537490714
12,SWAP-noise random walk M=64,swap_null,64,34,500,0.3,768000,1536000,2.490705057174647e-07,3.28502757436098e-07,1.597228442336921e-06,0.8070447326498229,0.0,0.49,0.005321896164491775
12,SWAP-noise random walk M=64,swap_null,64,35,500,0.3,768000,1536000,1.5710895994157136e-10,8.873599756352658e-08,1.1156958085921655e-07,2.8513448479298784,0.0,0.546,-0.00940016860314382
12,SWAP-noise random walk M=64,swap_null,64,36,500,0.3,768000,1536000,1.0945815233184676e-16,1.4896134345038437e-12,3.5864681843831125e-11,5.515418869635409,0.0,0.512,-0.011530929432220812
12,SWAP-noise random walk M=64,swap_null,64,37,500,0.3,768000,1536000,8.84044239174836e-05,1.552074320453238e-05,9.087853920037571e-05,0.011987339048299184,0.0,0.488,0.007080791711809655
12,SWAP-noise random walk M=64,swap_null,64,38,500,0.3,768000,1536000,8.326467343705065e-12,1.4989557833099967e-09,3.877776552758839e-08,3.6681219972293038,0.0,0.502,-0.004067748508348973
12,SWAP-noise random walk M=64,swap_null,64,39,500,0.3,768000,1536000,4.197657994915022e-11,0.00010660288627779175,0.00011979053913518313,6.45541546807371,0.0,0.458,0.03692197306725645
12,SWAP-noise random walk M=64,swap_null,64,40,500,0.3,768000,1536000,3.622430595316115e-07,1.6319412393282242e-07,6.103928096604926e-06,1.2266093357795311,0.0,0.488,0.009792400804987984
12,SWAP-noise random walk M=64,swap_null,64,41,500,0.3,768000,1536000,3.8789850594511e-05,3.5730614629780974e-08,0.0001648027915598899,0.6282464569998054,0.0,0.536,-0.02295761018749236
12,SWAP-noise random walk M=64,swap_null,64,42,500,0.3,768000,1536000,3.777587029812602e-07,6.24964588204272e-07,1.662471588897957e-05,1.6435397534810212,0.0,0.502,-0.004584551656650934
12,SWAP-noise random walk M=64,swap_null,64,43,500,0.3,768000,1536000,0.00014267370495798005,0.00040073133655681495,0.0012038325999266704,0.9262221607232517,0.0,0.478,0.017970769042600275
12,SWAP-noise random walk M=64,swap_null,64,44,500,0.3,768000,1536000,9.141162189866654e-06,8.77241039382712e-07,9.141162189866654e-06,0.0,0.0,0.482,0.003998667863796789
12,SWAP-noise random walk M=64,swap_null,64,45,500,0.3,768000,1536000,3.9052153001845554e-10,2.311780288994381e-07,2.311780288994381e-07,2.7723015743154624,0.0,0.484,0.011002187962414601
12,SWAP-noise random walk M=64,swap_null,64,46,500,0.3,768000,1536000,6.20931639271872e-08,5.8422866963070785e-09,1.6879263237599845e-06,1.4343096965225026,0.0,0.508,-0.006378473943953731
12,SWAP-noise random walk M=64,swap_null,64,47,500,0.3,768000,1536000,9.361512909269756e-08,4.2297942009123293e-10,2.0883793823363828e-06,1.3484633564416715,0.0,0.56,-0.031887397953858254
12,SWAP-noise random walk M=64,swap_null,64,48,500,0.3,768000,1536000,3.1961716137098067e-10,1.1154671006922464e-06,1.3976456099519961e-06,3.640766974650867,0.0,0.442,0.021462424505235493
12,SWAP-noise random walk M=64,swap_null,64,49,500,0.3,768000,1536000,6.904323172568323e-07,2.480813935186144e-07,1.0403862456402942e-06,0.17807349067431133,0.0,0.474,-0.004841604037105464
12,SWAP-noise random walk M=1024,swap_null,1024,0,500,0.3,12288000,24576000,7.213195511240243e-08,2.8916854729495826e-08,1.1451279564981963e-07,0.20072631365939753,0.0,0.482,-0.001277696170088484
12,SWAP-noise random walk M=1024,swap_null,1024,1,500,0.3,12288000,24576000,4.960758179778626e-09,1.3151739440386464e-10,6.914827889227141e-08,1.1442333177841357,0.0,0.496,-0.0026977720506614553
12,SWAP-noise random walk M=1024,swap_null,1024,2,500,0.3,12288000,24576000,2.608970161752762e-08,2.840573231331294e-07,3.839852558701078e-07,1.1678454366086672,0.0,0.472,0.01775093396988195
12,SWAP-noise random walk M=1024,swap_null,1024,3,500,0.3,12288000,24576000,1.1872361095313842e-07,1.5281461073138483e-06,2.5390116574524655e-06,1.3301275977603897,0.0,0.502,-0.0034870658208068705
12,SWAP-noise random walk M=1024,swap_null,1024,4,500,0.3,12288000,24576000,0.00010521349795038772,0.00022998287033653537,0.00022998287033653537,0.33962403046266676,0.0,0.49,0.009759170950556022
12,SWAP-noise random walk M=1024,swap_null,1024,5,500,0.3,12288000,24576000,0.0002781735105924383,3.010416578616112e-05,0.0002781735105924383,0.0,0.0,0.524,-0.021239899069600846
12,SWAP-noise random walk M=1024,swap_null,1024,6,500,0.3,12288000,24576000,9.262777944375345e-11,7.23976229932725e-10,9.17927044840375e-10,0.9960669127640234,0.0,0.474,0.017219034238414647
12,SWAP-noise random walk M=1024,swap_null,1024,7,500,0.3,12288000,24576000,4.533345626634296e-07,8.955621403812373e-08,5.042520292737053e-07,0.04622882327986044,0.0,0.524,-0.01006886960734836
12,SWAP-noise random walk M=1024,swap_null,1024,8,500,0.3,12288000,24576000,4.208192739938845e-08,4.904212816941159e-08,1.1432531457164102e-07,0.4340467822619596,0.0,0.498,0.0030823625939085685
12,SWAP-noise random walk M=1024,swap_null,1024,9,500,0.3,12288000,24576000,1.6031762989418374e-11,4.160458719473245e-15,1.6145576609947208e-11,0.003072275962534121,0.0,0.538,-0.015718116344223015
12,SWAP-noise random walk M=1024,swap_null,1024,10,500,0.3,12288000,24576000,3.2461770579648107e-10,5.910470464221834e-09,9.518719153506971e-09,1.467206309210125,0.0,0.502,-0.005843729079048649
12,SWAP-noise random walk M=1024,swap_null,1024,11,500,0.3,12288000,24576000,6.59040167551911e-11,3.9779646631614453e-10,5.231144383084666e-10,0.8996848219853462,0.0,0.502,0.010278394660867203
12,SWAP-noise random walk M=1024,swap_null,1024,12,500,0.3,12288000,24576000,2.8749073335826973e-08,1.1833281853839244e-07,1.2314329081677873e-07,0.6317869045603777,0.0,0.468,0.017332157402857283
12,SWAP-noise random walk M=1024,swap_null,1024,13,500,0.3,12288000,24576000,6.030391117928161e-08,2.5314039616190224e-08,4.4031820481903566e-07,0.8634211611605824,0.0,0.484,0.005174175262620541
12,SWAP-noise random walk M=1024,swap_null,1024,14,500,0.3,12288000,24576000,5.291059128875512e-10,3.239448408329895e-10,9.354101666563659e-10,0.24745947089193265,0.0,0.466,0.0054529576771084115
12,SWAP-noise random walk M=1024,swap_null,1024,15,500,0.3,12288000,24576000,5.93380322696321e-10,4.2289236182530347e-07,4.2289236182530347e-07,2.852896700680682,0.0,0.464,0.023503544665145634
12,SWAP-noise random walk M=1024,swap_null,1024,16,500,0.3,12288000,24576000,4.7292187351054016e-07,5.225347455414258e-06,9.602764542728989e-06,1.3076068788051485,0.0,0.494,0.007955637886456632
12,SWAP-noise random walk M=1024,swap_null,1024,17,500,0.3,12288000,24576000,2.769539081665145e-06,6.569465946088183e-07,3.513196418553982e-06,0.10329493338393991,0.0,0.514,-0.010554691438213835
12,SWAP-noise random walk M=1024,swap_null,1024,18,500,0.3,12288000,24576000,2.8597782039883128e-08,5.2285709564404e-10,6.69702180988208e-08,0.36954936145667716,0.0,0.5,-0.010412830041715676
12,SWAP-noise random walk M=1024,swap_null,1024,19,500,0.3,12288000,24576000,9.959058797065804e-07,6.541305914142099e-07,2.2267225685982207e-06,0.34944781446763873,0.0,0.502,-0.0015909731086877679
12,SWAP-noise random walk M=1024,swap_null,1024,20,500,0.3,12288000,24576000,2.718448210755823e-08,4.604297493242278e-06,4.8556972358730675e-06,2.25193053597203,0.0,0.48,0.024746289210091556
12,SWAP-noise random walk M=1024,swap_null,1024,21,500,0.3,12288000,24576000,4.6515619379977415e-07,4.457678752426922e-06,9.872717019679754e-06,1.3268378808785304,0.0,0.488,0.018245943272804585
12,SWAP-noise random walk M=1024,swap_null,1024,22,500,0.3,12288000,24576000,0.00014651257281820876,0.00019228893582728292,0.00028455688370149164,0.2882942012664982,0.0,0.482,0.00828267173221345
12,SWAP-noise random walk M=1024,swap_null,1024,23,500,0.3,12288000,24576000,1.0818857776910989e-05,8.331580750447366e-08,2.7121541408304863e-05,0.39913295665017046,0.0,0.528,-0.023114381804282522
12,SWAP-noise random walk M=1024,swap_null,1024,24,500,0.3,12288000,24576000,9.06259797133254e-05,2.6456088186421058e-06,9.06259797133254e-05,0.0,0.0,0.538,-0.029374561648472616
12,SWAP-noise random walk M=1024,swap_null,1024,25,500,0.3,12288000,24576000,7.2963178837779485e-09,3.2775172178811286e-07,4.658849635063847e-07,1.8051749468238087,0.0,0.47,0.016646687565096435
12,SWAP-noise random walk M=1024,swap_null,1024,26,500,0.3,12288000,24576000,5.574150699431095e-06,1.2176875694770252e-07,7.498467802150149e-06,0.12879382512088977,0.0,0.526,-0.02684341072891288
12,SWAP-noise random walk M=1024,swap_null,1024,27,500,0.3,12288000,24576000,1.6357842977784574e-10,2.4601355548212155e-08,9.676048192947239e-08,2.771971987766231,0.0,0.496,0.010541622046810863
12,SWAP-noise random walk M=1024,swap_null,1024,28,500,0.3,12288000,24576000,2.5297287673846516e-07,4.000433566866946e-06,4.000433566866946e-06,1.199033103242101,0.0,0.442,0.027231120018603783
12,SWAP-noise random walk M=1024,swap_null,1024,29,500,0.3,12288000,24576000,3.408834978703594e-05,7.250519859319968e-05,0.00010839389748734799,0.5023988547733342,0.0,0.468,0.01589791166726467
12,SWAP-noise random walk M=1024,swap_null,1024,30,500,0.3,12288000,24576000,2.3780188565876187e-06,2.6264070529426025e-06,3.6269067615786525e-06,0.18332109708225186,0.0,0.504,0.005183025116864077
12,SWAP-noise random walk M=1024,swap_null,1024,31,500,0.3,12288000,24576000,1.317166330754992e-12,2.336294788819679e-15,1.0848099601883746e-10,1.9157130432191654,0.0,0.5,-0.00493953382868987
12,SWAP-noise random walk M=1024,swap_null,1024,32,500,0.3,12288000,24576000,7.922578358853029e-07,1.2352838326880787e-07,1.4893166898243023e-06,0.2741205130894082,0.0,0.522,-0.010520297673189781
12,SWAP-noise random walk M=1024,swap_null,1024,33,500,0.3,12288000,24576000,3.362851524653966e-07,2.323576920313614e-08,5.982115475965559e-07,0.2501470992616772,0.0,0.492,-0.006031898489823638
12,SWAP-noise random walk M=1024,swap_null,1024,34,500,0.3,12288000,24576000,2.490705057174647e-07,5.28772106697363e-09,3.751563398120616e-07,0.17788998748640594,0.0,0.538,-0.02033594411760947
12,SWAP-noise random walk M=1024,swap_null,1024,35,500,0.3,12288000,24576000,1.5710895994157136e-10,9.927040102287842e-09,1.7267974815015914e-08,2.0410404529660005,0.0,0.482,0.007041677802648464
12,SWAP-noise random walk M=1024,swap_null,1024,36,500,0.3,12288000,24576000,1.0945815233184676e-16,7.996309479636814e-14,2.461134908024679e-12,4.351887307448921,0.0,0.526,-0.014290253038719869
12,SWAP-noise random walk M=1024,swap_null,1024,37,500,0.3,12288000,24576000,8.84044239174836e-05,3.5795355943614845e-05,0.00013941107756305392,0.19782328560507834,0.0,0.518,-0.008948525393735553
12,SWAP-noise random walk M=1024,swap_null,1024,38,500,0.3,12288000,24576000,8.326467343705065e-12,2.950522144312767e-11,3.847237435480205e-11,0.6646882068879201,0.0,0.512,0.0015247163225253731
12,SWAP-noise random walk M=1024,swap_null,1024,39,500,0.3,12288000,24576000,4.197657994915022e-11,3.6924198261210143e-10,3.3504611868140913e-09,1.902097539794923,0.0,0.522,-0.013768003003487912
12,SWAP-noise random walk M=1024,swap_null,1024,40,500,0.3,12288000,24576000,3.622430595316115e-07,1.7553492842029333e-09,4.944605077636994e-07,0.13513153723214533,0.0,0.518,-0.010628057589237365
12,SWAP-noise random walk M=1024,swap_null,1024,41,500,0.3,12288000,24576000,3.8789850594511e-05,3.606799004972359e-05,6.445789117076455e-05,0.2205579860162592,0.0,0.508,-0.0006669841697665683
12,SWAP-noise random walk M=1024,swap_null,1024,42,500,0.3,12288000,24576000,3.777587029812602e-07,2.414713689750738e-07,1.951693223613618e-06,0.7131970756259518,0.0,0.532,-0.013792449128305781
12,SWAP-noise random walk M=1024,swap_null,1024,43,500,0.3,12288000,24576000,0.00014267370495798005,0.00019851361508974394,0.0002149687388239152,0.17803136938121789,0.0,0.492,0.009775323252864794
12,SWAP-noise random walk M=1024,swap_null,1024,44,500,0.3,12288000,24576000,9.141162189866654e-06,6.426365528685791e-06,1.3711080331201548e-05,0.17607026070090548,0.0,0.508,-0.0037729450228577302
12,SWAP-noise random walk M=1024,swap_null,1024,45,500,0.3,12288000,24576000,3.9052153001845554e-10,4.179112034251555e-09,3.642447895694178e-08,1.9697483658544073,0.0,0.486,0.007957386502160333
12,SWAP-noise random walk M=1024,swap_null,1024,46,500,0.3,12288000,24576000,6.20931639271872e-08,1.0554689645206219e-08,1.554151899177012e-07,0.39844967379232976,0.0,0.486,-0.0019779933032206933
12,SWAP-noise random walk M=1024,swap_null,1024,47,500,0.3,12288000,24576000,9.361512909269756e-08,1.1805204082594164e-07,3.587309726879502e-07,0.5834228345885784,0.0,0.492,0.005474933183759259
12,SWAP-noise random walk M=1024,swap_null,1024,48,500,0.3,12288000,24576000,3.1961716137098067e-10,2.8729693177415338e-12,2.4073875963215542e-09,0.87691592849602,0.0,0.528,-0.02093132332774383
12,SWAP-noise random walk M=1024,swap_null,1024,49,500,0.3,12288000,24576000,6.904323172568323e-07,3.1833085197000856e-07,9.403156231253418e-07,0.1341525405451618,0.0,0.528,-0.008252373367343373
