n,variant,iter,median_log10_F,q25_log10_F,q75_log10_F
6,exact,1,-3.3282567204160376,-4.453949008414734,-2.094367603139372
6,exact,6,-3.3180811445165705,-4.44947149672051,-1.9447689723263735
6,exact,11,-3.3078016242767347,-4.4449868270697,-1.7860283389669864
6,exact,16,-3.2974149756915576,-4.440494804146061,-1.6710565289248611
6,exact,21,-3.2869178727874253,-4.438475707817131,-1.5484727420187363
6,exact,26,-3.276306838952469,-4.436918184966165,-1.4075160456625777
6,exact,31,-3.265578237585262,-4.435358353471343,-1.2429637895873316
6,exact,36,-3.2547282619957776,-4.433796202553247,-1.0461140003490117
6,exact,41,-3.243752924485067,-4.432231721359083,-0.7927187326034395
6,exact,46,-3.232648044521349,-4.430664898961997,-0.5076135531574584
6,exact,51,-3.221409235920455,-4.425273535196437,-0.24016234691357066
6,exact,56,-3.2100318929273213,-4.417658581435185,-0.07543900535006681
6,exact,61,-3.198511175082452,-4.410036261268149,-0.01739461264028758
6,exact,66,-3.186841990742639,-4.402406426069406,-0.003555868583061266
6,exact,71,-3.155786962564476,-4.3947689238180425,-0.000705512580596263
6,exact,76,-3.110773089727186,-4.387123599011117,-0.00013911176370974933
6,exact,81,-3.0654584622424226,-4.379470292574322,-2.739587906135353e-05
6,exact,86,-3.0198037027052087,-4.371808841769761,-5.393870552824772e-06
6,exact,91,-2.9737623899642687,-4.364139080101064,-1.0619275797712347e-06
6,exact,96,-2.9272796071799494,-4.356460837215604,-2.090668452818696e-07
6,exact,101,-2.880290142750286,-4.348773938803731,-4.115992948972404e-08
6,exact,106,-2.8372575230317656,-4.341078206495002,-8.103337336508964e-09
6,exact,111,-2.8193710420065927,-4.333373457751124,-1.5953397039661829e-09
6,exact,116,-2.8010616189565942,-4.325659505755634,-3.140815765223955e-10
6,exact,121,-2.7823062343799023,-4.317936159300207,-6.183470224792368e-11
6,exact,126,-2.7630799689717316,-4.310203222667287,-1.2173597613396575e-11
6,exact,131,-2.743355788600211,-4.302460495509126,-2.396715377192158e-12
6,exact,136,-2.723104297933234,-4.294707772722969,-4.718454293848056e-13
6,exact,141,-2.702293457060785,-4.286944844322234,-9.288884321575632e-14
6,exact,146,-2.6808882542292976,-4.279171495303604,-1.8274005491185214e-14
6,exact,151,-2.6588503262623817,-4.271387505509786,-3.640336186238676e-15
6,exact,156,-2.636137516292272,-4.26359264948788,-6.991374132511338e-16
6,exact,161,-2.612703355943572,-4.255786696343069,-1.9286549331065747e-16
6,exact,166,-2.588496455925873,-4.247969409587501,0.0
6,exact,171,-2.5634597848739213,-4.240140546984181,0.0
6,exact,176,-2.537529810905024,-4.232299860385696,0.0
6,exact,181,-2.5106354733008955,-4.2244470955674505,0.0
6,exact,186,-2.4826969423428893,-4.218238255659296,0.0
6,exact,191,-2.4536241127505267,-4.213967911245943,0.0
6,exact,196,-2.4233147591199193,-4.209690366925009,0.0
6,exact,201,-2.3916522583755695,-4.2054055099310546,0.0
6,exact,206,-2.358502751797125,-4.201113224992994,0.0
6,exact,211,-2.3237115735641902,-4.196813394264004,0.0
6,exact,216,-2.287098707760815,-4.192505897249012,0.0
6,exact,221,-2.2484529418328822,-4.1881906107296745,0.0
6,exact,226,-2.207524246680032,-4.183867408686697,0.0
6,exact,231,-2.1640137083295947,-4.179536162219403,0.0
6,exact,236,-2.1175600259018834,-4.17519673946245,0.0
6,exact,241,-2.067721115128959,-4.17084900549953,0.0
6,exact,246,-2.013948620332289,-4.166492822273963,0.0
6,exact,251,-1.9555519936889139,-4.162128048496006,0.0
6,exact,256,-1.8916470475361056,-4.157754539546768,0.0
6,exact,261,-1.8210813494872893,-4.153372147378536,0.0
6,exact,266,-1.7423258436096005,-4.148980720411408,0.0
6,exact,271,-1.653321659566593,-4.144580103425969,0.0
6,exact,276,-1.5512882855727508,-4.140170137451967,0.0
6,exact,281,-1.4326011567904546,-4.135750659652644,0.0
6,exact,286,-1.2933134759899407,-4.1313215032046395,0.0
6,exact,291,-1.1326744233802153,-4.1268824971732005,0.0
6,exact,296,-0.9652032805490705,-4.122433466382489,0.0
6,exact,301,-0.8298963685541249,-4.117974231280746,0.0
6,exact,306,-0.7423728088929147,-4.113504607800049,0.0
6,exact,311,-0.6735163028142267,-4.109024407210456,0.0
6,exact,316,-0.6015549818096778,-4.104533435968153,0.0
6,exact,321,-0.5179343659901503,-4.100031495557429,0.0
6,exact,326,-0.4178926014369956,-4.095518382326066,0.0
6,exact,331,-0.29926817684072554,-4.090993887313871,0.0
6,exact,336,-0.1707633119998757,-4.08645779607397,0.0
6,exact,341,-0.06650530675471998,-4.0819098884865115,0.0
6,exact,346,-0.017320900950503725,-4.077349938564367,0.0
6,exact,351,-0.0036709231797445356,-4.0727777142504,0.0
6,exact,356,-0.0007341138269314143,-4.068192977205903,0.0
6,exact,361,-0.0001449815731946769,-4.063595482589657,0.0
6,exact,366,-2.8560822005476698e-05,-4.058984978827182,0.0
6,exact,371,-5.623580044321609e-06,-4.054361207369571,0.0
6,exact,376,-1.1071655357430893e-06,-4.049723902441416,0.0
6,exact,381,-2.1797358497521385e-07,-4.04507279077713,0.0
6,exact,386,-4.2913459536630384e-08,-4.040407591345097,0.0
6,exact,391,-8.448563408094561e-09,-4.035728015058911,0.0
6,exact,396,-1.6633059167918424e-09,-4.031033764474958,0.0
6,exact,401,-3.274623193800882e-10,-4.026324533475605,0.0
6,exact,406,-6.446885916028357e-11,-4.02160000693711,0.0
6,exact,411,-1.2692237033278656e-11,-4.016859860381365,0.0
6,exact,416,-2.4987653313472545e-12,-4.012103759610526,0.0
6,exact,421,-4.919516570627167e-13,-4.007331360323475,0.0
6,exact,426,-9.691491038862699e-14,-4.002542307713046,0.0
6,exact,431,-1.9141900211083593e-14,-3.997736236042797,0.0
6,exact,436,-3.8090934928855174e-15,-3.9929127682020997,0.0
6,exact,441,-7.232455999149666e-16,-3.9880715152381594,0.0
6,exact,446,-1.4464911998299312e-16,-3.983212075863513,0.0
6,exact,451,0.0,-3.9783340359374555,0.0
6,exact,456,0.0,-3.973436967919705,0.0
6,exact,461,0.0,-3.9685204302944483,0.0
6,exact,466,0.0,-3.9635839669628936,0.0
6,exact,471,0.0,-3.958627106602136,0.0
6,exact,476,0.0,-3.95364936198815,0.0
6,exact,481,0.0,-3.9486502292803918,0.0
6,exact,486,0.0,-3.9436291872653824,0.0
6,exact,491,0.0,-3.938585696556414,0.0
6,exact,496,0.0,-3.9335191987462865,0.0
6,exact,500,0.0,-3.9294490474439794,0.0
6,LE M=64,1,-3.329608459873085,-4.45401173644557,-2.0836343854396153
6,LE M=64,6,-3.3233154481331297,-4.444670248188572,-1.9516022095106398
6,LE M=64,11,-3.3042520012154606,-4.4422509093369795,-1.793032392854627
6,LE M=64,16,-3.2850067481909564,-4.4422509093369795,-1.6915673976585848
6,LE M=64,21,-3.2220056304654534,-4.4422509093369795,-1.5716849184666313
6,LE M=64,26,-3.18803769306839,-4.464230853134116,-1.458293836311486
6,LE M=64,31,-3.1771358185434533,-4.4872830379800845,-1.324956874448153
6,LE M=64,36,-3.2054212706427956,-4.469160533379192,-1.1564049917104826
6,LE M=64,41,-3.1268503236687586,-4.468409640046959,-0.9440006135463519
6,LE M=64,46,-3.0856104711883976,-4.462696098216081,-0.6665300834201447
6,LE M=64,51,-3.0969285388015626,-4.457263790918815,-0.3747945138422014
6,LE M=64,56,-3.06515741218779,-4.447259593255233,-0.1463992477494056
6,LE M=64,61,-2.9996716733393396,-4.464389207305986,-0.040912909286179064
6,LE M=64,66,-2.9642190734507134,-4.46414628398631,-0.008680448155123175
6,LE M=64,71,-2.9306465869604685,-4.41270533244043,-0.0017942803332331627
6,LE M=64,76,-2.909978057063179,-4.455181437264662,-0.0008257704623366108
6,LE M=64,81,-2.881878023205566,-4.447532945262591,-0.0007483874245145016
6,LE M=64,86,-2.877747592545945,-4.427458577692509,-0.0008843126131214166
6,LE M=64,91,-2.844298715128869,-4.39681444174235,-0.0006146879065619059
6,LE M=64,96,-2.822670691452351,-4.35339879086832,-0.0007498150783904745
6,LE M=64,101,-2.786426709791436,-4.427458577692509,-0.0007837456391271223
6,LE M=64,106,-2.7633053345292176,-4.408095108315165,-0.0007360947313727114
6,LE M=64,111,-2.7314418623056786,-4.353294176884413,-0.0006521091334292763
6,LE M=64,116,-2.7121893378663646,-4.349433395565885,-0.0007937141192093725
6,LE M=64,121,-2.696297150468773,-4.361680806474588,-0.0004691403270244871
6,LE M=64,126,-2.676412224851825,-4.358655200385655,-0.0005054234502107059
6,LE M=64,131,-2.658982419695499,-4.3426156258973485,-0.0005779937723636496
6,LE M=64,136,-2.633958950105737,-4.313553795281001,-0.0006358625941172845
6,LE M=64,141,-2.617200611074373,-4.353589373983125,-0.000501194359441183
6,LE M=64,146,-2.592138761912161,-4.355460465031232,-0.0004207330526166329
6,LE M=64,151,-2.566995572195707,-4.329346066872027,-0.00040096262381661055
6,LE M=64,156,-2.5416592907426203,-4.302501665595915,-0.00033847658082589014
6,LE M=64,161,-2.5176963591362145,-4.277932876616555,-0.00035351284427456026
6,LE M=64,166,-2.498758548126437,-4.265417688315494,-0.00040328208275856447
6,LE M=64,171,-2.4568556136287047,-4.270188572652655,-0.00045548355009082577
6,LE M=64,176,-2.4294892112142215,-4.260031595137831,-0.000271472704481111
6,LE M=64,181,-2.400337590843311,-4.261171087357987,-0.00036039885797821674
6,LE M=64,186,-2.3499204841749943,-4.251082135988057,-0.00038492833092952536
6,LE M=64,191,-2.315275440119108,-4.220985930252937,-0.0004277801446081568
6,LE M=64,196,-2.27587609548009,-4.217372043862299,-0.00044842950313531816
6,LE M=64,201,-2.2277447112591533,-4.220985930252937,-0.00040630964699158383
6,LE M=64,206,-2.191171746265387,-4.216643259205046,-0.0004704615191567613
6,LE M=64,211,-2.132714741016235,-4.202739056690615,-0.00038533165174106367
6,LE M=64,216,-2.0825758311842093,-4.2175246991955415,-0.0003301660708402208
6,LE M=64,221,-2.034973096493847,-4.213183736167258,-0.00042650110762698293
6,LE M=64,226,-1.9651309490643591,-4.2075781005348425,-0.0004214010673331514
6,LE M=64,231,-1.898139931134345,-4.194626433843574,-0.00043035263434806355
6,LE M=64,236,-1.822521043776859,-4.176265356924891,-0.00046629497949152377
6,LE M=64,241,-1.7407189537729033,-4.162904869768317,-0.00031050012289568854
6,LE M=64,246,-1.6392320607644764,-4.159669948802026,-0.00048645122753168083
6,LE M=64,251,-1.5341777201094373,-4.147964931381252,-0.00048453888330354675
6,LE M=64,256,-1.404331108058658,-4.142847024991853,-0.00035024769897453633
6,LE M=64,261,-1.255077908444407,-4.138525238166081,-0.00035265632795386667
6,LE M=64,266,-1.108394867065014,-4.136056523206774,-0.00029310281561390926
6,LE M=64,271,-0.976854028478501,-4.141260471730045,-0.0003241582568204273
6,LE M=64,276,-0.8921407658444037,-4.116740433067522,-0.00041902917158863817
6,LE M=64,281,-0.834381783538278,-4.108071166958285,-0.0003970080577326592
6,LE M=64,286,-0.7862127723229285,-4.109230097571951,-0.0004056494391447353
6,LE M=64,291,-0.7223125040505434,-4.0949044877827845,-0.00043592840818166195
6,LE M=64,296,-0.6697042214966341,-4.097956352442608,-0.00044534227179934734
6,LE M=64,301,-0.603811295634713,-4.104342260589474,-0.0003291836084161335
6,LE M=64,306,-0.5232281774996553,-4.104342260589474,-0.00033615480546834525
6,LE M=64,311,-0.42917279162094524,-4.104833727444337,-0.00024844050469410194
6,LE M=64,316,-0.31501865521746025,-4.111056426121824,-0.0002354942918608117
6,LE M=64,321,-0.18821533428516637,-4.1045373599316015,-0.0003497533778688486
6,LE M=64,326,-0.07412819326612927,-4.093211684895338,-0.00040555033133217184
6,LE M=64,331,-0.020595382078138533,-4.088252835337174,-0.0003475786854396708
6,LE M=64,336,-0.006236824406971063,-4.081558405874653,-0.0003439574939852767
6,LE M=64,341,-0.0018451420801469675,-4.077612604881993,-0.0003228970297219718
6,LE M=64,346,-0.000875454315277542,-4.06976545979057,-0.0003703469468413417
6,LE M=64,351,-0.00085314239418733,-4.077067382739478,-0.00036332101713730763
6,LE M=64,356,-0.0006634128875916926,-4.07417908720622,-0.00033375882461775003
6,LE M=64,361,-0.0009243926859546366,-4.0594170142315695,-0.00033149726048016217
6,LE M=64,366,-0.000641840479600644,-4.073807754044399,-0.00037200541317396944
6,LE M=64,371,-0.0007684799408007941,-4.05993326165761,-0.0003628713348335882
6,LE M=64,376,-0.0007058858480693332,-4.056578366633893,-0.000383591181928342
6,LE M=64,381,-0.0008917795032261306,-4.049558141484072,-0.0003901947350639542
6,LE M=64,386,-0.0007329040643825515,-4.047201329291896,-0.0003000190727489672
6,LE M=64,391,-0.0007874433356771066,-4.047559373773406,-0.00036018273609377406
6,LE M=64,396,-0.0007170100622378198,-4.053327968564823,-0.00025312820658803436
6,LE M=64,401,-0.0009709257746142793,-4.061188680487468,-0.000268512410653005
6,LE M=64,406,-0.0007957145642762302,-4.053736526941783,-0.00041211952438817054
6,LE M=64,411,-0.0009766797334354203,-4.058110628789488,-0.0003854679772098116
6,LE M=64,416,-0.0010657895069548597,-4.071658031251328,-0.0003383232234492178
6,LE M=64,421,-0.0009590772371553956,-4.071658031251328,-0.0004164683508161474
6,LE M=64,426,-0.0010941159053027203,-4.052061808484885,-0.0003795684008498523
6,LE M=64,431,-0.001139142466211425,-4.050718692870388,-0.00036060312841801724
6,LE M=64,436,-0.0008769314750966558,-4.058715588470957,-0.0003049762371755431
6,LE M=64,441,-0.0011128786314539194,-4.050743547392294,-0.0004102850098200025
6,LE M=64,446,-0.001054392982472422,-4.055185701560095,-0.0003860334648893203
6,LE M=64,451,-0.0007717410415737807,-4.046252248506246,-0.0003322268968123512
6,LE M=64,456,-0.0008738415120817136,-4.039654361414613,-0.0003891538216982339
6,LE M=64,461,-0.0009828270147369295,-4.028305355227306,-0.0003161204595639199
6,LE M=64,466,-0.0007840376605867806,-4.029920939970996,-0.000397030940088611
6,LE M=64,471,-0.0007431700175577773,-4.0353498826008725,-0.0003843807271570966
6,LE M=64,476,-0.0007127672268265543,-4.015630246697243,-0.000337217187618659
6,LE M=64,481,-0.0009536649941459476,-4.005258506149991,-0.00045437735369881444
6,LE M=64,486,-0.0007243850530394551,-4.004718248155518,-0.0002934468976459173
6,LE M=64,491,-0.000672736853608526,-4.009468889967467,-0.00036349979071399963
6,LE M=64,496,-0.0007792635649952301,-3.9917512821303363,-0.00042953964031282224
6,LE M=64,500,-0.000888748696750177,-4.000302534554045,-0.0005037979807816662
6,SWAP M=64,1,-3.324835860954831,-4.37436336691021,-2.0967414014233077
6,SWAP M=64,6,-3.3302987334600793,-4.18502850202853,-2.05484015258393
6,SWAP M=64,11,-3.1744437886119528,-4.307074471620673,-1.8954324737249544
6,SWAP M=64,16,-3.1267757721375142,-4.3543627887858385,-1.8590107047426867
6,SWAP M=64,21,-3.072687094688346,-4.142815348685852,-1.7152851598275336
6,SWAP M=64,26,-3.0938538224582866,-4.126964457684592,-1.4776306005728932
6,SWAP M=64,31,-3.0298929977401645,-4.245815385848421,-1.2952087673616717
6,SWAP M=64,36,-2.970883851370074,-4.450311870385323,-1.096922328540824
6,SWAP M=64,41,-2.9985904346883223,-4.169169470761345,-0.9555392510409729
6,SWAP M=64,46,-3.0557470895358367,-4.309444991315974,-0.6883112763580352
6,SWAP M=64,51,-3.0520479473834357,-4.4204697568663915,-0.4146422577405526
6,SWAP M=64,56,-2.946691770504639,-4.426763698340512,-0.18893020602780486
6,SWAP M=64,61,-3.002583079351342,-4.530300345868941,-0.052832871977783386
6,SWAP M=64,66,-2.96687201592713,-4.302435288237863,-0.013884263212208668
6,SWAP M=64,71,-2.9291806518109023,-4.448044130852299,-0.002709676875520833
6,SWAP M=64,76,-2.933395443186574,-4.375196434582957,-0.002428892228999905
6,SWAP M=64,81,-2.9104205031414634,-4.502604021392982,-0.0023061958178831735
6,SWAP M=64,86,-2.8167796445461515,-4.431996281595167,-0.002328109335663733
6,SWAP M=64,91,-2.7417382632133465,-4.617157533844479,-0.0021208150431222634
6,SWAP M=64,96,-2.794380966703696,-4.772572765769315,-0.0019759586440182665
6,SWAP M=64,101,-2.913137030122984,-5.0115014125430175,-0.0019238895388319858
6,SWAP M=64,106,-2.815218925198854,-4.469185243355216,-0.0015291497072284018
6,SWAP M=64,111,-2.80601091733597,-4.526404320878271,-0.0015820882349477556
6,SWAP M=64,116,-2.6699411364029606,-4.902942302471292,-0.002674124904792455
6,SWAP M=64,121,-2.758170323566577,-4.724277166942812,-0.002195353829475712
6,SWAP M=64,126,-2.833402154388187,-4.722805007192792,-0.00122852487886403
6,SWAP M=64,131,-2.8134930899013106,-4.513178920909251,-0.001849774283620627
6,SWAP M=64,136,-2.780981918311511,-4.690826028267933,-0.0014119236182540242
6,SWAP M=64,141,-2.8294287882857785,-4.861218065520525,-0.0018374121867723353
6,SWAP M=64,146,-2.771681415351369,-4.599438804407196,-0.0020148605988653235
6,SWAP M=64,151,-2.7395500151144336,-4.853607613842496,-0.0012997186724874842
6,SWAP M=64,156,-2.7135441851527107,-4.843555320985114,-0.0015782042745943754
6,SWAP M=64,161,-2.716173305705382,-5.072566504994364,-0.0014510954821946337
6,SWAP M=64,166,-2.731360945504856,-4.802825173709245,-0.0013478493159032312
6,SWAP M=64,171,-2.640749853729292,-4.655758198875907,-0.0013596743729153238
6,SWAP M=64,176,-2.6704462910575195,-4.677072204500144,-0.0015241257563550388
6,SWAP M=64,181,-2.766584806922808,-4.98220480329738,-0.0016291605520985946
6,SWAP M=64,186,-2.7974711089466897,-4.791714642372851,-0.0011435219634572716
6,SWAP M=64,191,-2.633959936436659,-5.049794877538406,-0.001329021076333044
6,SWAP M=64,196,-2.6457733355008974,-5.132825588441992,-0.001405268772379261
6,SWAP M=64,201,-2.577551699168026,-5.010009037988475,-0.0009340737231786944
6,SWAP M=64,206,-2.434546496678105,-4.728637487417451,-0.0011441295000135063
6,SWAP M=64,211,-2.423877436349482,-4.892990709150426,-0.001376814004990962
6,SWAP M=64,216,-2.401664597122825,-4.850958512982616,-0.0011325033060527949
6,SWAP M=64,221,-2.465324697712924,-4.702840240569474,-0.0014906358011807987
6,SWAP M=64,226,-2.4774133041879702,-4.651015308353875,-0.0013398626571374194
6,SWAP M=64,231,-2.5116972345794313,-4.727762664853333,-0.0014841661568603935
6,SWAP M=64,236,-2.4917325864059396,-4.663612957163217,-0.0015251575167562325
6,SWAP M=64,241,-2.414144066969426,-4.898734053587024,-0.0010489715181848276
6,SWAP M=64,246,-2.4912163215579524,-4.724877042080035,-0.0009465616239019057
6,SWAP M=64,251,-2.470300933841629,-4.924605350758064,-0.0013400176059979456
6,SWAP M=64,256,-2.346568866869707,-4.919177113386379,-0.0012494282195624155
6,SWAP M=64,261,-2.272250618652155,-4.993136477483568,-0.001034022038326874
6,SWAP M=64,266,-2.281823208639548,-4.982946726447532,-0.0011051643693446524
6,SWAP M=64,271,-2.1716444326848885,-5.111062644981859,-0.0010564227764027871
6,SWAP M=64,276,-2.1286126701130983,-4.624756879050793,-0.0010197428214827231
6,SWAP M=64,281,-2.069362346345856,-4.517047444237621,-0.001141292888317357
6,SWAP M=64,286,-2.0102457264773586,-4.463836440349603,-0.001021599998858512
6,SWAP M=64,291,-1.8922170105623741,-4.515110719477104,-0.0010192076544543157
6,SWAP M=64,296,-2.0088391734464706,-4.675205730068271,-0.0010969009049806352
6,SWAP M=64,301,-1.8921157406298819,-4.8190101483348595,-0.000823845103977807
6,SWAP M=64,306,-1.6884722913257115,-5.018847543860393,-0.0010400542201730622
6,SWAP M=64,311,-1.5614916156241,-4.808353925800894,-0.001044576291454583
6,SWAP M=64,316,-1.3289005887542218,-5.259719953284597,-0.0011317968219228716
6,SWAP M=64,321,-1.2522893389094425,-4.85674976607522,-0.0008110743900234884
6,SWAP M=64,326,-1.1988888470966452,-4.942624388064482,-0.000827968361321191
6,SWAP M=64,331,-1.1337109142278297,-4.856183071451603,-0.001161967036680419
6,SWAP M=64,336,-1.0004317534657146,-4.985658799087865,-0.001305785653719871
6,SWAP M=64,341,-0.9417512370666409,-4.5941738171271,-0.001081599261255463
6,SWAP M=64,346,-0.8374618585965095,-4.708184643716259,-0.0010159637111475006
6,SWAP M=64,351,-0.7083661643285085,-4.852425772017382,-0.0009586738101191427
6,SWAP M=64,356,-0.5980121481827809,-4.766192646810891,-0.0007554622529563113
6,SWAP M=64,361,-0.44476413172946844,-4.405663745245586,-0.0014539615029984662
6,SWAP M=64,366,-0.35305445577392913,-5.197440877550794,-0.0011650093657588423
6,SWAP M=64,371,-0.21561735223556358,-4.886331965551808,-0.0012239848789850805
6,SWAP M=64,376,-0.09026714621035145,-4.912388812233822,-0.0014380277285265409
6,SWAP M=64,381,-0.028367227362956358,-4.969621945616686,-0.0011825847054121714
6,SWAP M=64,386,-0.010115917262764488,-4.625527468555078,-0.0011341474580123206
6,SWAP M=64,391,-0.002767587625547337,-4.564403667720899,-0.0011459376739606265
6,SWAP M=64,396,-0.0031049673182729273,-4.626007176706462,-0.001154051713066582
6,SWAP M=64,401,-0.002953343791167874,-4.277940382655169,-0.0013579028120920985
6,SWAP M=64,406,-0.00273007358615721,-4.476809367878688,-0.0014573520373215366
6,SWAP M=64,411,-0.002412580370771551,-4.389116942370298,-0.0009196998236078699
6,SWAP M=64,416,-0.0028116475277137516,-4.491804713341061,-0.0012880725485037755
6,SWAP M=64,421,-0.0022460534762555693,-4.5234551150200035,-0.0011304657395011801
6,SWAP M=64,426,-0.0032507269733546194,-4.781671843637013,-0.0011096731726927987
6,SWAP M=64,431,-0.0032412813426957046,-4.89087578274616,-0.0017955383515298189
6,SWAP M=64,436,-0.0028740592124769093,-4.621946937833222,-0.0008605794669055833
6,SWAP M=64,441,-0.0036732317799525608,-4.654958067682214,-0.0008349705504665497
6,SWAP M=64,446,-0.0025845308016680816,-4.633493783769963,-0.0009722343282752977
6,SWAP M=64,451,-0.0029453137005428197,-4.473220754055125,-0.0011388095919776851
6,SWAP M=64,456,-0.002852399285558781,-4.535950906746981,-0.0010194026887665976
6,SWAP M=64,461,-0.0021668838483999632,-4.517639261881576,-0.001116829383953916
6,SWAP M=64,466,-0.002743565932712656,-4.486558633640941,-0.0010413373673170843
6,SWAP M=64,471,-0.002777716554070596,-4.43262287764395,-0.0009060871884846364
6,SWAP M=64,476,-0.0030552609249520843,-4.570517491319033,-0.0011926411439764082
6,SWAP M=64,481,-0.002762623906542869,-4.637156604459729,-0.0011900818022451002
6,SWAP M=64,486,-0.0022810566177223334,-4.581943037701388,-0.0011718617802704036
6,SWAP M=64,491,-0.0024325778534656983,-4.293713796183954,-0.001016419171523076
6,SWAP M=64,496,-0.002790863616072791,-4.227002707500359,-0.001113318007852384
6,SWAP M=64,500,-0.002829154845936258,-4.250326089948443,-0.0012079144047946445
6,SWAP M=32 (state-copy matched to LE M=64),1,-3.352391931354984,-4.388423451866062,-2.093690558313888
6,SWAP M=32 (state-copy matched to LE M=64),6,-3.239169997684324,-4.7029195104606645,-2.014829848821811
6,SWAP M=32 (state-copy matched to LE M=64),11,-3.19940477424558,-4.696647860512853,-1.7760512095569756
6,SWAP M=32 (state-copy matched to LE M=64),16,-3.0625776181166504,-4.606578372372458,-1.6188771725152766
6,SWAP M=32 (state-copy matched to LE M=64),21,-3.2164329783938057,-4.382514634750729,-1.6623831528056232
6,SWAP M=32 (state-copy matched to LE M=64),26,-3.211490451574023,-4.946310553488178,-1.5546740961855052
6,SWAP M=32 (state-copy matched to LE M=64),31,-3.2028693997991744,-4.31499115912564,-1.3290638223441198
6,SWAP M=32 (state-copy matched to LE M=64),36,-3.1981964731857646,-4.542202664447585,-1.097705689942557
6,SWAP M=32 (state-copy matched to LE M=64),41,-3.2094340865515205,-4.633653999589343,-0.9206611732591061
6,SWAP M=32 (state-copy matched to LE M=64),46,-3.134998867998031,-4.558959520813606,-0.5737858561245661
6,SWAP M=32 (state-copy matched to LE M=64),51,-3.0666341429228767,-4.767061278503336,-0.3352916255535261
6,SWAP M=32 (state-copy matched to LE M=64),56,-3.0805822605546744,-4.776549826849685,-0.12438869208468663
6,SWAP M=32 (state-copy matched to LE M=64),61,-3.0516728206366004,-4.577239255042977,-0.03368361503956257
6,SWAP M=32 (state-copy matched to LE M=64),66,-3.0426142340801086,-4.305752605152873,-0.009680756167827992
6,SWAP M=32 (state-copy matched to LE M=64),71,-3.086039363454724,-4.2679241571324535,-0.009201893250200615
6,SWAP M=32 (state-copy matched to LE M=64),76,-3.0695915479265743,-4.208205784383935,-0.003366283094438518
6,SWAP M=32 (state-copy matched to LE M=64),81,-2.981113459295571,-4.264521132584656,-0.00364224769600082
6,SWAP M=32 (state-copy matched to LE M=64),86,-2.9648209394641345,-4.200450893416191,-0.004108858427315858
6,SWAP M=32 (state-copy matched to LE M=64),91,-3.035015969746447,-4.240357991658969,-0.0026901265969534976
6,SWAP M=32 (state-copy matched to LE M=64),96,-3.0115933010831526,-4.3580628439715365,-0.0034670018199223565
6,SWAP M=32 (state-copy matched to LE M=64),101,-2.96053490476094,-4.360943473137852,-0.002794774715801051
6,SWAP M=32 (state-copy matched to LE M=64),106,-3.0001771139461564,-4.468753244059453,-0.003394180082056791
6,SWAP M=32 (state-copy matched to LE M=64),111,-2.889428810266417,-4.4502315133591805,-0.003226944984434126
6,SWAP M=32 (state-copy matched to LE M=64),116,-2.8274015911099903,-4.5134775338838296,-0.0032715459606161394
6,SWAP M=32 (state-copy matched to LE M=64),121,-2.8277459887844003,-4.441366135940829,-0.0038508389953928876
6,SWAP M=32 (state-copy matched to LE M=64),126,-2.8728202420011297,-4.0840809497277455,-0.003480433246939439
6,SWAP M=32 (state-copy matched to LE M=64),131,-2.7847945729033796,-4.000796906089615,-0.0026213264546494745
6,SWAP M=32 (state-copy matched to LE M=64),136,-2.6937524443117953,-4.1929715595768124,-0.002982653772585625
6,SWAP M=32 (state-copy matched to LE M=64),141,-2.6346107406836436,-4.132417776204242,-0.002452265185060038
6,SWAP M=32 (state-copy matched to LE M=64),146,-2.588851218118812,-4.009171747838931,-0.002491561333388238
6,SWAP M=32 (state-copy matched to LE M=64),151,-2.8300474742637522,-4.17641313007093,-0.0027820534222978634
6,SWAP M=32 (state-copy matched to LE M=64),156,-2.9690738674883748,-4.2667039084725005,-0.0025091027193555613
6,SWAP M=32 (state-copy matched to LE M=64),161,-2.781286137245216,-4.390302501523145,-0.002977190720768778
6,SWAP M=32 (state-copy matched to LE M=64),166,-2.6958476861079887,-4.014079900293271,-0.002629055752569695
6,SWAP M=32 (state-copy matched to LE M=64),171,-2.6616036831725696,-4.226114719675657,-0.002549294921904131
6,SWAP M=32 (state-copy matched to LE M=64),176,-2.5584631888362197,-4.322252116078202,-0.0031910849190373374
6,SWAP M=32 (state-copy matched to LE M=64),181,-2.471616797445339,-4.413654338798399,-0.0033570182289589297
6,SWAP M=32 (state-copy matched to LE M=64),186,-2.4532535968186866,-4.012575142786301,-0.003465312286123224
6,SWAP M=32 (state-copy matched to LE M=64),191,-2.3107019258755366,-4.03674736367933,-0.0031735640493771155
6,SWAP M=32 (state-copy matched to LE M=64),196,-2.373237088182219,-4.153027093187893,-0.002643508898846193
6,SWAP M=32 (state-copy matched to LE M=64),201,-2.3902120300785397,-4.062443491496459,-0.0023464648406272756
6,SWAP M=32 (state-copy matched to LE M=64),206,-2.363302028615897,-4.151306858942245,-0.004000071330836829
6,SWAP M=32 (state-copy matched to LE M=64),211,-2.3142794118908503,-4.18511626109588,-0.0029984399572796382
6,SWAP M=32 (state-copy matched to LE M=64),216,-2.304579111500252,-4.148618895559264,-0.0026803365423659345
6,SWAP M=32 (state-copy matched to LE M=64),221,-2.17338720032053,-4.161239346466406,-0.002204602629629504
6,SWAP M=32 (state-copy matched to LE M=64),226,-2.0828481187786427,-4.542322558738474,-0.002304919528682096
6,SWAP M=32 (state-copy matched to LE M=64),231,-2.0789216775821258,-4.633487983258125,-0.002702520997203685
6,SWAP M=32 (state-copy matched to LE M=64),236,-2.0959962436780786,-4.741784613443049,-0.0026999892396745973
6,SWAP M=32 (state-copy matched to LE M=64),241,-2.080625169026262,-4.881405175906151,-0.0027007831202184194
6,SWAP M=32 (state-copy matched to LE M=64),246,-2.1267394526374472,-4.512087013859087,-0.0029780941970508888
6,SWAP M=32 (state-copy matched to LE M=64),251,-2.0115911227281593,-4.639870767351477,-0.002437409823378067
6,SWAP M=32 (state-copy matched to LE M=64),256,-1.8809846082433834,-4.36064973531869,-0.002747474712625209
6,SWAP M=32 (state-copy matched to LE M=64),261,-1.8071600297274824,-4.34603890050856,-0.002057720876589937
6,SWAP M=32 (state-copy matched to LE M=64),266,-1.7608582784918876,-4.099722339459396,-0.002950340006522729
6,SWAP M=32 (state-copy matched to LE M=64),271,-1.5602033024017967,-4.1217276580791795,-0.002023278436382836
6,SWAP M=32 (state-copy matched to LE M=64),276,-1.2885880343197431,-4.075468761016742,-0.0027564575554227776
6,SWAP M=32 (state-copy matched to LE M=64),281,-1.141123080234646,-4.02583435986687,-0.0022932034658766057
6,SWAP M=32 (state-copy matched to LE M=64),286,-0.9185088596933427,-3.803349325359525,-0.0028955132880175644
6,SWAP M=32 (state-copy matched to LE M=64),291,-0.7504767460131174,-3.9967067897834236,-0.0026995850142422337
6,SWAP M=32 (state-copy matched to LE M=64),296,-0.6492771012489279,-4.14475998729188,-0.002047716672760064
6,SWAP M=32 (state-copy matched to LE M=64),301,-0.6038959972535896,-4.128426205471099,-0.002108778548366983
6,SWAP M=32 (state-copy matched to LE M=64),306,-0.5178626257849984,-4.114363171088432,-0.0029350373878832877
6,SWAP M=32 (state-copy matched to LE M=64),311,-0.4296967408030331,-3.836413572179044,-0.0027551858750950757
6,SWAP M=32 (state-copy matched to LE M=64),316,-0.35529196943676195,-4.132908993396137,-0.0021884986304997905
6,SWAP M=32 (state-copy matched to LE M=64),321,-0.2116607191418144,-3.919989322558353,-0.00216389065709324
6,SWAP M=32 (state-copy matched to LE M=64),326,-0.11294093820509339,-3.8325341960405,-0.0025532129275836063
6,SWAP M=32 (state-copy matched to LE M=64),331,-0.03676656559692921,-3.866204900969291,-0.0020876017031980333
6,SWAP M=32 (state-copy matched to LE M=64),336,-0.011281841808780405,-3.8527427587492005,-0.0028755706173157394
6,SWAP M=32 (state-copy matched to LE M=64),341,-0.006908183098751521,-3.658699743760961,-0.0024777276851481217
6,SWAP M=32 (state-copy matched to LE M=64),346,-0.007589696464023057,-3.499842204817428,-0.0029320442323790786
6,SWAP M=32 (state-copy matched to LE M=64),351,-0.004355088461805175,-3.4928246259975744,-0.0020741013452330514
6,SWAP M=32 (state-copy matched to LE M=64),356,-0.004154304039110322,-3.434038225087134,-0.0022237387744735047
6,SWAP M=32 (state-copy matched to LE M=64),361,-0.004763833593920864,-3.4041631408647226,-0.002089297001747301
6,SWAP M=32 (state-copy matched to LE M=64),366,-0.005132990968905251,-3.357130404966564,-0.0021156480490963064
6,SWAP M=32 (state-copy matched to LE M=64),371,-0.0053741727696535666,-3.2820980320065547,-0.0020071255860398436
6,SWAP M=32 (state-copy matched to LE M=64),376,-0.005555150659659041,-3.2063571843495464,-0.0024560362232032527
6,SWAP M=32 (state-copy matched to LE M=64),381,-0.004982476387608109,-3.2716617714076737,-0.0022414618534415134
6,SWAP M=32 (state-copy matched to LE M=64),386,-0.004876663896824278,-3.2445316856755846,-0.002000581179253712
6,SWAP M=32 (state-copy matched to LE M=64),391,-0.004293667885161764,-3.2887902763552694,-0.0020462487986197225
6,SWAP M=32 (state-copy matched to LE M=64),396,-0.004434762749105962,-3.4066136322872778,-0.0017804649263830955
6,SWAP M=32 (state-copy matched to LE M=64),401,-0.005363060338526921,-3.234957579072399,-0.0022717777929282088
6,SWAP M=32 (state-copy matched to LE M=64),406,-0.005443979235302213,-3.1455823621887915,-0.0017007800498340057
6,SWAP M=32 (state-copy matched to LE M=64),411,-0.004317334455135434,-2.9874892267100344,-0.0017652686256781833
6,SWAP M=32 (state-copy matched to LE M=64),416,-0.0047034144775599755,-2.939679993786757,-0.002339406620696414
6,SWAP M=32 (state-copy matched to LE M=64),421,-0.003842627671784306,-3.0344746924173926,-0.0018895657455755444
6,SWAP M=32 (state-copy matched to LE M=64),426,-0.003928843496780826,-3.062006496351408,-0.002145792751574324
6,SWAP M=32 (state-copy matched to LE M=64),431,-0.003937474209801378,-2.9627567669446577,-0.0026075888460201217
6,SWAP M=32 (state-copy matched to LE M=64),436,-0.003530524928404587,-3.0826316630257877,-0.0022083735221999313
6,SWAP M=32 (state-copy matched to LE M=64),441,-0.003683481704674238,-3.118454754574704,-0.0018986142237187214
6,SWAP M=32 (state-copy matched to LE M=64),446,-0.003249360704187273,-3.145008536542646,-0.0017440213210196036
6,SWAP M=32 (state-copy matched to LE M=64),451,-0.0032515486025348483,-3.028961517513874,-0.002214204160158488
6,SWAP M=32 (state-copy matched to LE M=64),456,-0.004130529062075422,-3.0329192050522304,-0.0019136510614114672
6,SWAP M=32 (state-copy matched to LE M=64),461,-0.003935669301885178,-2.928696941165342,-0.001713497520031164
6,SWAP M=32 (state-copy matched to LE M=64),466,-0.00470571899431361,-3.1208807979604467,-0.0016207104009568986
6,SWAP M=32 (state-copy matched to LE M=64),471,-0.0038226052729811153,-3.0090956401346007,-0.0026333220939799224
6,SWAP M=32 (state-copy matched to LE M=64),476,-0.004170152447935259,-2.7968538178888336,-0.002317200519627813
6,SWAP M=32 (state-copy matched to LE M=64),481,-0.004790889654886977,-2.934164840874791,-0.0015853639229599854
6,SWAP M=32 (state-copy matched to LE M=64),486,-0.0036171813983172825,-2.621400975253898,-0.0017381880922563327
6,SWAP M=32 (state-copy matched to LE M=64),491,-0.004172715399916616,-2.7078572329136446,-0.0021800430784913354
6,SWAP M=32 (state-copy matched to LE M=64),496,-0.0036517456563214326,-2.605149562611018,-0.0016395063826564285
6,SWAP M=32 (state-copy matched to LE M=64),500,-0.004086326931216371,-2.617331142370948,-0.002548118989751786
6,LE M=1024,1,-3.3273061079015056,-4.453165929848556,-2.091431801900452
6,LE M=1024,6,-3.3174480506296584,-4.4480548346203195,-1.9546124447970727
6,LE M=1024,11,-3.308152132614966,-4.442676178814669,-1.7964505446373469
6,LE M=1024,16,-3.2991433921590154,-4.438973278429129,-1.6677065461400173
6,LE M=1024,21,-3.2908377134092355,-4.436604332973873,-1.543571508573753
6,LE M=1024,26,-3.279753299102917,-4.4362393282402275,-1.4055034301891522
6,LE M=1024,31,-3.268204866396987,-4.434893238558432,-1.239107496988002
6,LE M=1024,36,-3.2553850101180766,-4.432410196498794,-1.0436213155028846
6,LE M=1024,41,-3.2448517204091436,-4.4317411999206575,-0.7958026577459743
6,LE M=1024,46,-3.2322291699594254,-4.430846715594927,-0.5110097038878937
6,LE M=1024,51,-3.2213954334870794,-4.4305563619485255,-0.2424307330882895
6,LE M=1024,56,-3.2096169133351506,-4.428143308360561,-0.07618124471035748
6,LE M=1024,61,-3.199042911594195,-4.426753825823778,-0.018562824964599278
6,LE M=1024,66,-3.1858046307365067,-4.425127537139077,-0.004048649201181983
6,LE M=1024,71,-3.174075587448006,-4.423085328066945,-0.0008153529574046674
6,LE M=1024,76,-3.150628432993405,-4.403303925824023,-0.00021291934289821695
6,LE M=1024,81,-3.1020072308976148,-4.405676758850516,-5.732607232589813e-05
6,LE M=1024,86,-3.056289845058612,-4.401478190898556,-4.159666800041227e-05
6,LE M=1024,91,-3.026019255356383,-4.391784870336467,-4.6159695897687135e-05
6,LE M=1024,96,-2.982474389148486,-4.386702310854595,-4.8194572817455056e-05
6,LE M=1024,101,-2.938092429303938,-4.385259610953987,-3.895130923039272e-05
6,LE M=1024,106,-2.888441413043158,-4.374362725300582,-4.722355696498271e-05
6,LE M=1024,111,-2.832326899252594,-4.36370079570722,-4.17977482036332e-05
6,LE M=1024,116,-2.791391188903412,-4.370324510671586,-3.675031222884445e-05
6,LE M=1024,121,-2.7737406548265713,-4.361411580156114,-4.896083038911236e-05
6,LE M=1024,126,-2.7552575408989535,-4.370297049296399,-3.613841232392698e-05
6,LE M=1024,131,-2.7342155437907847,-4.3584911690563946,-2.719459035765576e-05
6,LE M=1024,136,-2.712616521191391,-4.368196811432417,-3.497741307213882e-05
6,LE M=1024,141,-2.695216531525781,-4.360444118100773,-2.6612207983606973e-05
6,LE M=1024,146,-2.6715998288325675,-4.344018132428349,-3.5699862892379686e-05
6,LE M=1024,151,-2.6468350716522466,-4.347884233850335,-2.9774840713759893e-05
6,LE M=1024,156,-2.6230715411404715,-4.35031639017832,-3.280064553652875e-05
6,LE M=1024,161,-2.6016398114857306,-4.3551073385592876,-3.397921544834962e-05
6,LE M=1024,166,-2.5767091018673915,-4.3423971555037255,-3.100784742192929e-05
6,LE M=1024,171,-2.553649928660725,-4.343367885437484,-3.332047346690765e-05
6,LE M=1024,176,-2.527716404757257,-4.343555813916036,-2.3346176243051027e-05
6,LE M=1024,181,-2.5006487378598106,-4.332114993415922,-3.258673084952845e-05
6,LE M=1024,186,-2.472331902474468,-4.3217600996160535,-2.6309724582462012e-05
6,LE M=1024,191,-2.4465823848030954,-4.308432929458263,-3.0656782818153107e-05
6,LE M=1024,196,-2.4171042193154237,-4.303728780177261,-2.4754551695777614e-05
6,LE M=1024,201,-2.38720721909852,-4.294626323410565,-2.5021163903016525e-05
6,LE M=1024,206,-2.3562986131324086,-4.3038437843512565,-2.1772934269746068e-05
6,LE M=1024,211,-2.322378327073219,-4.301435605851546,-2.981986229826662e-05
6,LE M=1024,216,-2.283615095048651,-4.288516109357585,-2.168742569869183e-05
6,LE M=1024,221,-2.24620401537351,-4.279126633088132,-2.609299319455875e-05
6,LE M=1024,226,-2.203673749302874,-4.272189784783247,-3.095642850310072e-05
6,LE M=1024,231,-2.1601329059822154,-4.252481879931241,-3.0511794783198036e-05
6,LE M=1024,236,-2.11431834192438,-4.242281579464805,-3.0373024796180627e-05
6,LE M=1024,241,-2.064089774850742,-4.226798897285726,-3.4960704985273505e-05
6,LE M=1024,246,-2.0062276320225823,-4.22478741518667,-3.112682464190946e-05
6,LE M=1024,251,-1.9455348440124391,-4.22282566321167,-2.792137868869277e-05
6,LE M=1024,256,-1.881725874198752,-4.216816401005158,-3.272263698828932e-05
6,LE M=1024,261,-1.8106771894227118,-4.196652127729324,-2.503097639564043e-05
6,LE M=1024,266,-1.7304589120744813,-4.189489310665415,-2.0558268838508616e-05
6,LE M=1024,271,-1.6404579679064573,-4.1864514623846425,-2.0933734915537366e-05
6,LE M=1024,276,-1.5365254287125125,-4.182447672572762,-2.1741229511063018e-05
6,LE M=1024,281,-1.4165282415592935,-4.1802598279276735,-3.535759841502026e-05
6,LE M=1024,286,-1.2739128553136196,-4.1736226411126705,-2.6505846548649226e-05
6,LE M=1024,291,-1.1122745750947574,-4.170287072676221,-2.521331459148936e-05
6,LE M=1024,296,-0.947283528688362,-4.166691633274981,-2.2799956838601512e-05
6,LE M=1024,301,-0.8268705486576743,-4.162699674085698,-2.7012559496155482e-05
6,LE M=1024,306,-0.7490934978148731,-4.157943049330108,-2.610881996274655e-05
6,LE M=1024,311,-0.6828979348701055,-4.156078026707752,-2.4054198426997805e-05
6,LE M=1024,316,-0.6123855443596424,-4.153050488219602,-2.06826885668656e-05
6,LE M=1024,321,-0.5303116034505,-4.150338752780823,-2.5732161003810216e-05
6,LE M=1024,326,-0.4332249067154505,-4.144220708057152,-2.3339320757486786e-05
6,LE M=1024,331,-0.31621957739559436,-4.13923366920296,-2.070437296594655e-05
6,LE M=1024,336,-0.18661090903855906,-4.133199461105292,-1.8995314742416446e-05
6,LE M=1024,341,-0.07647911262780678,-4.1316779355494155,-2.0876146094648228e-05
6,LE M=1024,346,-0.02145594330251826,-4.12997360609689,-2.71148303732629e-05
6,LE M=1024,351,-0.004791560887097706,-4.124085583094937,-2.4104489155550766e-05
6,LE M=1024,356,-0.0010992386119921416,-4.120179287105906,-2.5617931799463125e-05
6,LE M=1024,361,-0.0002092681376464912,-4.116862364241853,-2.6254524014755012e-05
6,LE M=1024,366,-8.945527410386435e-05,-4.111140856665202,-2.5984585613090376e-05
6,LE M=1024,371,-4.714973085590736e-05,-4.102933698467573,-2.4528412176466684e-05
6,LE M=1024,376,-5.3784413539721095e-05,-4.096519784647083,-2.2151829234551852e-05
6,LE M=1024,381,-4.330984330170951e-05,-4.091833360820334,-1.990020495551385e-05
6,LE M=1024,386,-5.875255079102107e-05,-4.08764246490901,-1.70039917780312e-05
6,LE M=1024,391,-6.503270731370119e-05,-4.0860503641290915,-2.0689534177605278e-05
6,LE M=1024,396,-5.7160412373721435e-05,-4.079942081869137,-2.4264469522093043e-05
6,LE M=1024,401,-6.754232564012432e-05,-4.077895376882547,-1.9057025337992647e-05
6,LE M=1024,406,-6.697080679844884e-05,-4.071432656834259,-2.7468273005703183e-05
6,LE M=1024,411,-4.1561381158355127e-05,-4.065369572163684,-2.1382207633900595e-05
6,LE M=1024,416,-5.019263230084738e-05,-4.063237927160629,-2.2502740950945533e-05
6,LE M=1024,421,-4.632590477243204e-05,-4.063266935042674,-2.44618572903973e-05
6,LE M=1024,426,-5.488189306667801e-05,-4.0566680757012605,-1.9459426658033337e-05
6,LE M=1024,431,-5.2821895002369554e-05,-4.052693242521503,-2.75813003744869e-05
6,LE M=1024,436,-7.663907544248898e-05,-4.048323976537493,-2.4418186170914983e-05
6,LE M=1024,441,-6.195470259128471e-05,-4.044875879958429,-2.0562333996124293e-05
6,LE M=1024,446,-4.7073353863657385e-05,-4.041087176434752,-2.1156609604935235e-05
6,LE M=1024,451,-4.3130388193567815e-05,-4.036522793558774,-1.7898270353745044e-05
6,LE M=1024,456,-4.9080918778625566e-05,-4.031001379887351,-2.0168861493304903e-05
6,LE M=1024,461,-5.6695691063784314e-05,-4.025772184815673,-2.632117016759135e-05
6,LE M=1024,466,-4.260819134202707e-05,-4.021099619037206,-1.764193801270824e-05
6,LE M=1024,471,-4.6834393814704574e-05,-4.015147429531951,-2.2291176371357542e-05
6,LE M=1024,476,-4.469276726773484e-05,-4.008563363630875,-2.0784079861786126e-05
6,LE M=1024,481,-4.416942663632517e-05,-4.002156671930192,-1.9710554320234397e-05
6,LE M=1024,486,-4.748136211361004e-05,-3.997955348171884,-1.580407275449832e-05
6,LE M=1024,491,-4.6011847408829025e-05,-3.993248044162264,-2.4311448876302798e-05
6,LE M=1024,496,-4.134099849881818e-05,-3.9840954625129603,-2.194755438207927e-05
6,LE M=1024,500,-4.420960986828203e-05,-3.9795848700705183,-2.116586287766654e-05
6,SWAP M=1024,1,-3.3230034660240717,-4.470760271524298,-2.089423900164812
6,SWAP M=1024,6,-3.3157612196292288,-4.416206537278388,-1.9511637035746632
6,SWAP M=1024,11,-3.303012467734802,-4.391989403773469,-1.7954308639042824
6,SWAP M=1024,16,-3.3370018510707746,-4.422758405740149,-1.669732110943352
6,SWAP M=1024,21,-3.288928587617716,-4.491415898736492,-1.5227624008474057
6,SWAP M=1024,26,-3.154901048885624,-4.434633557479564,-1.3347706740053267
6,SWAP M=1024,31,-3.1215455453648557,-4.4070042245391665,-1.1196115347336124
6,SWAP M=1024,36,-3.1322929003307607,-4.3353939725953206,-0.8858811363794188
6,SWAP M=1024,41,-3.1090531486003874,-4.346427239962379,-0.6216898220110889
6,SWAP M=1024,46,-3.0735585091041617,-4.348917835247743,-0.34226894135513175
6,SWAP M=1024,51,-3.063309019364525,-4.569088125598253,-0.1386717287578862
6,SWAP M=1024,56,-2.9905938611157277,-4.517088368799549,-0.042466378075963235
6,SWAP M=1024,61,-2.9681601254913423,-4.424300866601792,-0.00933114698703035
6,SWAP M=1024,66,-2.982359819812303,-4.4288906067964255,-0.0020569614247895897
6,SWAP M=1024,71,-3.014855482927513,-4.391961356561507,-0.0005088964274206756
6,SWAP M=1024,76,-3.0273406317672227,-4.450533311515852,-0.00023576880961409153
6,SWAP M=1024,81,-3.0123887570088854,-4.428646397848747,-0.00016539757812109005
6,SWAP M=1024,86,-2.9749165244870888,-4.395596051347936,-0.00011115284430729974
6,SWAP M=1024,91,-2.9627374496531425,-4.456434205168813,-0.00014214527730526018
6,SWAP M=1024,96,-2.930579167889485,-4.538120262389164,-0.00011683141459706335
6,SWAP M=1024,101,-2.863094064126651,-4.544428064362623,-0.00012493228789467247
6,SWAP M=1024,106,-2.8027629439641517,-4.49817816371962,-0.00010286979949251709
6,SWAP M=1024,111,-2.800250513048004,-4.552617346774404,-0.00011026097332042444
6,SWAP M=1024,116,-2.7725059419844116,-4.572082836521716,-0.00010436898532041607
6,SWAP M=1024,121,-2.745524860845575,-4.520881067084625,-0.00013503946547951956
6,SWAP M=1024,126,-2.7426984322243513,-4.498514918450425,-9.805746284617922e-05
6,SWAP M=1024,131,-2.706856792601217,-4.551321879537522,-8.897116272901294e-05
6,SWAP M=1024,136,-2.685713464727275,-4.514393690104436,-0.00010538111224576299
6,SWAP M=1024,141,-2.6940644882230105,-4.474434329376876,-9.263123074579831e-05
6,SWAP M=1024,146,-2.6569179697004666,-4.690510411430922,-7.50755901546511e-05
6,SWAP M=1024,151,-2.6397129970089717,-4.517955338576607,-7.484488083117605e-05
6,SWAP M=1024,156,-2.625748383664127,-4.479039493227444,-9.13820968665486e-05
6,SWAP M=1024,161,-2.600423089434959,-4.4264953118905375,-9.565239295855998e-05
6,SWAP M=1024,166,-2.560152556054331,-4.5134860185773995,-7.041618977222827e-05
6,SWAP M=1024,171,-2.5142725287242653,-4.420728054880312,-5.9991360116399214e-05
6,SWAP M=1024,176,-2.484209480742723,-4.436069553002633,-8.083767160438781e-05
6,SWAP M=1024,181,-2.4082697589424606,-4.431950683686464,-0.00010086019490317279
6,SWAP M=1024,186,-2.3780913746363685,-4.4697147431758415,-8.756801996577637e-05
6,SWAP M=1024,191,-2.3330167143900202,-4.5739848205341955,-9.63102131024433e-05
6,SWAP M=1024,196,-2.281893607319433,-4.654313903778931,-8.254168018419939e-05
6,SWAP M=1024,201,-2.2267512160249563,-4.541230040216779,-8.6188010727417e-05
6,SWAP M=1024,206,-2.225485150486113,-4.493174513162033,-0.00011014188285386016
6,SWAP M=1024,211,-2.187085119126136,-4.450144906073463,-0.00011764382529859468
6,SWAP M=1024,216,-2.1436873759196446,-4.408141656388558,-8.534043413447176e-05
6,SWAP M=1024,221,-2.1018236787005136,-4.415789370317015,-8.284169705783351e-05
6,SWAP M=1024,226,-2.0259872543908077,-4.412480655103552,-6.790175940164857e-05
6,SWAP M=1024,231,-1.970403789473571,-4.37614112638679,-7.216095000800672e-05
6,SWAP M=1024,236,-1.9026497273278604,-4.391924153997621,-6.942339696832165e-05
6,SWAP M=1024,241,-1.8175606286235415,-4.503531257315616,-6.442263132563776e-05
6,SWAP M=1024,246,-1.7381702940441515,-4.483516989337897,-6.715359886917718e-05
6,SWAP M=1024,251,-1.6430714639517268,-4.382985688527056,-6.444209927067904e-05
6,SWAP M=1024,256,-1.5289538862881578,-4.300740837584316,-6.64268152979099e-05
6,SWAP M=1024,261,-1.382051804084002,-4.251993635149194,-7.119001349861594e-05
6,SWAP M=1024,266,-1.2321221667550033,-4.166549886706934,-9.18402453794955e-05
6,SWAP M=1024,271,-1.070920059405403,-4.121158675108973,-8.50446152378201e-05
6,SWAP M=1024,276,-0.964304806296805,-4.05772565926371,-6.940427058915285e-05
6,SWAP M=1024,281,-0.9123024304930436,-4.027284500992926,-8.562669783214307e-05
6,SWAP M=1024,286,-0.875697092001418,-4.032934501268216,-8.414055927085534e-05
6,SWAP M=1024,291,-0.8161885711984574,-4.01355546408492,-8.39787003726921e-05
6,SWAP M=1024,296,-0.7776099119131753,-4.0084222490246235,-9.114105923566793e-05
6,SWAP M=1024,301,-0.7325281355947579,-3.9803188067672663,-5.8711465567721156e-05
6,SWAP M=1024,306,-0.6740439483139343,-3.998195674440122,-5.759008257461466e-05
6,SWAP M=1024,311,-0.6000900972509975,-4.002234787821466,-6.596447952941704e-05
6,SWAP M=1024,316,-0.509949993337754,-4.0168798264044465,-4.269975672853671e-05
6,SWAP M=1024,321,-0.41009672848388345,-4.017205963160517,-8.14135843249314e-05
6,SWAP M=1024,326,-0.29141634480345,-3.9686352260949085,-7.174847030271385e-05
6,SWAP M=1024,331,-0.16464975030911913,-3.947150227946099,-5.4167618715699346e-05
6,SWAP M=1024,336,-0.06195592775128383,-3.9500556699975773,-6.167558965503888e-05
6,SWAP M=1024,341,-0.016734130504245073,-3.972253765898201,-5.5673443127844986e-05
6,SWAP M=1024,346,-0.003619041754584168,-3.9992435888805193,-6.80482675496375e-05
6,SWAP M=1024,351,-0.0008995547053701549,-4.029545124559009,-6.696190475412852e-05
6,SWAP M=1024,356,-0.00034163066492085383,-4.0902186285695485,-5.360856538377459e-05
6,SWAP M=1024,361,-0.0002123971159539844,-4.082998513953106,-8.647393882571271e-05
6,SWAP M=1024,366,-0.00018257154580448984,-4.085663182951719,-6.125692737318646e-05
6,SWAP M=1024,371,-0.00020880798843431913,-4.118168787809566,-8.116804412818274e-05
6,SWAP M=1024,376,-0.00019936811556415206,-4.1817588119550235,-7.53206546052454e-05
6,SWAP M=1024,381,-0.0001451165255637425,-4.135761363797163,-8.238955490570682e-05
6,SWAP M=1024,386,-0.0001371591439626032,-4.077966995621897,-6.694028491499819e-05
6,SWAP M=1024,391,-0.00015628587717472634,-4.078699967656491,-5.964580390493279e-05
6,SWAP M=1024,396,-0.00014912261934077041,-4.138738576078945,-8.504796341018678e-05
6,SWAP M=1024,401,-0.00014461409086712166,-4.078139832329459,-8.082842327741578e-05
6,SWAP M=1024,406,-0.0001654007991213199,-4.090078492421921,-5.5779322038751605e-05
6,SWAP M=1024,411,-0.00014443337501784926,-4.046979281079052,-8.576803632742857e-05
6,SWAP M=1024,416,-0.00013593662949867695,-4.06249432154873,-7.757239990210767e-05
6,SWAP M=1024,421,-0.00015057880858153846,-4.10016341918678,-8.039515429732869e-05
6,SWAP M=1024,426,-0.00011417232195109602,-4.119648706343657,-7.033607804436536e-05
6,SWAP M=1024,431,-0.00014683692319334817,-4.087703545153336,-8.031493832705437e-05
6,SWAP M=1024,436,-0.00014795812665892874,-4.065985774134966,-7.168141795759195e-05
6,SWAP M=1024,441,-0.00018124358772153725,-4.096434689142946,-8.759632677596174e-05
6,SWAP M=1024,446,-0.00017662592113426492,-4.137076707436181,-6.040796575976462e-05
6,SWAP M=1024,451,-0.00016331837170051382,-4.092844708256468,-6.698964385843433e-05
6,SWAP M=1024,456,-0.00014290653165814887,-4.139601918670139,-6.455899286853427e-05
6,SWAP M=1024,461,-0.0001608971812054458,-4.113785616359669,-6.548905556519079e-05
6,SWAP M=1024,466,-0.000202782769007203,-4.043808023564618,-6.387495255147024e-05
6,SWAP M=1024,471,-0.000185963977174061,-4.023849145537162,-9.104889983874278e-05
6,SWAP M=1024,476,-0.00016209529413416208,-3.9673437048083002,-7.153008695152907e-05
6,SWAP M=1024,481,-0.00017230148677528206,-3.9779039568159704,-7.681314429268495e-05
6,SWAP M=1024,486,-0.0001664133276884818,-4.019912651938044,-6.589340536645349e-05
6,SWAP M=1024,491,-0.0001531598167506243,-3.964517300674059,-5.7302446005984655e-05
6,SWAP M=1024,496,-0.00016207927411770068,-3.9919720188068855,-7.903314641752562e-05
6,SWAP M=1024,500,-0.00015374029262775024,-4.01771710459081,-8.103318521468504e-05
6,SWAP M=512 (state-copy matched to LE M=1024),1,-3.340115519362149,-4.4673293921205515,-2.0784872368582077
6,SWAP M=512 (state-copy matched to LE M=1024),6,-3.34245002797414,-4.586813758876692,-1.9269166746030122
6,SWAP M=512 (state-copy matched to LE M=1024),11,-3.2847971072125346,-4.557239797525333,-1.8007809286585361
6,SWAP M=512 (state-copy matched to LE M=1024),16,-3.276204928357552,-4.76899448132629,-1.7182672686516283
6,SWAP M=512 (state-copy matched to LE M=1024),21,-3.2573057898970985,-4.626133763678332,-1.6004069654023105
6,SWAP M=512 (state-copy matched to LE M=1024),26,-3.256601807903567,-4.511964293487511,-1.4106129129671032
6,SWAP M=512 (state-copy matched to LE M=1024),31,-3.327711097287973,-4.506846866239465,-1.22412076693811
6,SWAP M=512 (state-copy matched to LE M=1024),36,-3.3545004850338374,-4.586900929105946,-1.0013966600700797
6,SWAP M=512 (state-copy matched to LE M=1024),41,-3.32813103522305,-4.474421172016923,-0.7493710865813308
6,SWAP M=512 (state-copy matched to LE M=1024),46,-3.2102988081024444,-4.52525444656876,-0.4694928720341175
6,SWAP M=512 (state-copy matched to LE M=1024),51,-3.227943083606897,-4.556044815907828,-0.24169056685059906
6,SWAP M=512 (state-copy matched to LE M=1024),56,-3.183451810104213,-4.61810402256172,-0.1038791548704334
6,SWAP M=512 (state-copy matched to LE M=1024),61,-3.1333235069813066,-4.456730084769662,-0.03437045436807822
6,SWAP M=512 (state-copy matched to LE M=1024),66,-3.1058893991509455,-4.454580663709819,-0.008917931077725422
6,SWAP M=512 (state-copy matched to LE M=1024),71,-3.0222199833279144,-4.3616509909956145,-0.0018991925699304375
6,SWAP M=512 (state-copy matched to LE M=1024),76,-3.046569742120202,-4.377307209768972,-0.0005153184382796727
6,SWAP M=512 (state-copy matched to LE M=1024),81,-3.05082925599475,-4.40245267460343,-0.0003341686804858744
6,SWAP M=512 (state-copy matched to LE M=1024),86,-2.978701819374427,-4.4467041314496285,-0.00031642598805615345
6,SWAP M=512 (state-copy matched to LE M=1024),91,-2.985112128895043,-4.4363672208606015,-0.00028740535025877345
6,SWAP M=512 (state-copy matched to LE M=1024),96,-2.8967710949285337,-4.494893440116467,-0.00030779893663981277
6,SWAP M=512 (state-copy matched to LE M=1024),101,-2.9016615518328837,-4.411118370314203,-0.0003038108456557918
6,SWAP M=512 (state-copy matched to LE M=1024),106,-2.8741486933268297,-4.386139173655469,-0.00030559516395421346
6,SWAP M=512 (state-copy matched to LE M=1024),111,-2.7967046275172605,-4.474275473212557,-0.00018271784040110569
6,SWAP M=512 (state-copy matched to LE M=1024),116,-2.7954974487455795,-4.39390452330216,-0.000248970180516891
6,SWAP M=512 (state-copy matched to LE M=1024),121,-2.745635219481236,-4.339039014759654,-0.0002355375905619172
6,SWAP M=512 (state-copy matched to LE M=1024),126,-2.678435153628606,-4.350272377722707,-0.00016118521476537724
6,SWAP M=512 (state-copy matched to LE M=1024),131,-2.671783537368952,-4.367325846474859,-0.0001560061557524721
6,SWAP M=512 (state-copy matched to LE M=1024),136,-2.6547707128141305,-4.369978361679756,-0.0001801513018967934
6,SWAP M=512 (state-copy matched to LE M=1024),141,-2.634411595014941,-4.360022656679405,-0.0002064689567273131
6,SWAP M=512 (state-copy matched to LE M=1024),146,-2.6708890257330613,-4.393898665944951,-0.00012251829812162142
6,SWAP M=512 (state-copy matched to LE M=1024),151,-2.5937904909816405,-4.392831438601417,-0.00017291879184595031
6,SWAP M=512 (state-copy matched to LE M=1024),156,-2.5462180622795154,-4.303614308335828,-0.00021787705541641015
6,SWAP M=512 (state-copy matched to LE M=1024),161,-2.483386029143565,-4.273420773018431,-0.00020948156449779635
6,SWAP M=512 (state-copy matched to LE M=1024),166,-2.426913905655325,-4.353373143682416,-0.0001644410496858967
6,SWAP M=512 (state-copy matched to LE M=1024),171,-2.348745215557945,-4.36838535496585,-0.000176201050915736
6,SWAP M=512 (state-copy matched to LE M=1024),176,-2.3384381901182265,-4.440195796397166,-0.00012784913052493543
6,SWAP M=512 (state-copy matched to LE M=1024),181,-2.282501309171243,-4.391757004460626,-0.00013387847929114015
6,SWAP M=512 (state-copy matched to LE M=1024),186,-2.233882644544092,-4.376674568543402,-0.00014214943566167714
6,SWAP M=512 (state-copy matched to LE M=1024),191,-2.1809143978684924,-4.452014237201202,-0.00018057511592447758
6,SWAP M=512 (state-copy matched to LE M=1024),196,-2.112296061704125,-4.491452197025757,-0.00019259398475521793
6,SWAP M=512 (state-copy matched to LE M=1024),201,-2.0321047679928776,-4.371741141767507,-0.0001447374736984235
6,SWAP M=512 (state-copy matched to LE M=1024),206,-1.9672396569477009,-4.391624284723639,-0.00010956090612624385
6,SWAP M=512 (state-copy matched to LE M=1024),211,-1.882295476960771,-4.458425453904411,-0.000173604265757764
6,SWAP M=512 (state-copy matched to LE M=1024),216,-1.7857141035431492,-4.349048546381047,-0.00017910308036205876
6,SWAP M=512 (state-copy matched to LE M=1024),221,-1.7176481523353435,-4.413229377173453,-0.00014932822501962257
6,SWAP M=512 (state-copy matched to LE M=1024),226,-1.6313988793258614,-4.417872110805359,-0.00014825054400122747
6,SWAP M=512 (state-copy matched to LE M=1024),231,-1.5296935721216844,-4.426001888982613,-0.00016582727166490618
6,SWAP M=512 (state-copy matched to LE M=1024),236,-1.3881743901090384,-4.392953400620322,-0.00014871859821808135
6,SWAP M=512 (state-copy matched to LE M=1024),241,-1.2390829276881088,-4.329723360096528,-0.00013962431252861071
6,SWAP M=512 (state-copy matched to LE M=1024),246,-1.0825705390341014,-4.334068912602194,-0.00019241199598246534
6,SWAP M=512 (state-copy matched to LE M=1024),251,-0.924750060812535,-4.275036251729942,-0.00020527961657219727
6,SWAP M=512 (state-copy matched to LE M=1024),256,-0.8325274263040775,-4.3016380446919875,-0.00013035402477988594
6,SWAP M=512 (state-copy matched to LE M=1024),261,-0.749078328143899,-4.315246590693651,-0.0001903083884156485
6,SWAP M=512 (state-copy matched to LE M=1024),266,-0.673106782339364,-4.344299853408457,-0.00011461832262279502
6,SWAP M=512 (state-copy matched to LE M=1024),271,-0.5929610341710175,-4.275501528165849,-0.00012256617188664604
6,SWAP M=512 (state-copy matched to LE M=1024),276,-0.5059095106721692,-4.254036798912455,-0.00014626918148381024
6,SWAP M=512 (state-copy matched to LE M=1024),281,-0.4190464041282334,-4.284097817322973,-0.00013398005137009848
6,SWAP M=512 (state-copy matched to LE M=1024),286,-0.3064089055780396,-4.268253190820182,-0.0001275009802324457
6,SWAP M=512 (state-copy matched to LE M=1024),291,-0.18165072094914628,-4.275783904760484,-0.0001285145464569942
6,SWAP M=512 (state-copy matched to LE M=1024),296,-0.07126383974670072,-4.240425060728755,-0.00012704506167081331
6,SWAP M=512 (state-copy matched to LE M=1024),301,-0.019728684226048964,-4.24430052404742,-0.00012672188629053152
6,SWAP M=512 (state-copy matched to LE M=1024),306,-0.004333276021181365,-4.22935041240116,-0.00012160457172007616
6,SWAP M=512 (state-copy matched to LE M=1024),311,-0.0011616412113990822,-4.189412936706262,-0.00011833456062913754
6,SWAP M=512 (state-copy matched to LE M=1024),316,-0.00037107534599617947,-4.137323224961034,-0.00012873950151802527
6,SWAP M=512 (state-copy matched to LE M=1024),321,-0.0002859883700109865,-4.15193663763681,-0.00010775282557145923
6,SWAP M=512 (state-copy matched to LE M=1024),326,-0.000232407170402384,-4.10766154183819,-0.0001168489678009057
6,SWAP M=512 (state-copy matched to LE M=1024),331,-0.0003295122123377084,-4.116050580695416,-0.00011269397741539336
6,SWAP M=512 (state-copy matched to LE M=1024),336,-0.00028521360955093,-4.121623289024062,-0.00014904046606675542
6,SWAP M=512 (state-copy matched to LE M=1024),341,-0.0003205028742896635,-4.150942858584235,-0.00012993885783160852
6,SWAP M=512 (state-copy matched to LE M=1024),346,-0.0002878325789202208,-4.133854142245297,-0.0001188070360074311
6,SWAP M=512 (state-copy matched to LE M=1024),351,-0.00032093969090989723,-4.1875799494836246,-0.00010083619978709356
6,SWAP M=512 (state-copy matched to LE M=1024),356,-0.00029646833329461785,-4.088181968235722,-0.00011693793022609598
6,SWAP M=512 (state-copy matched to LE M=1024),361,-0.0003788298321015321,-4.115371658702092,-0.0001929613314806024
6,SWAP M=512 (state-copy matched to LE M=1024),366,-0.00027713015771694746,-4.081988800044997,-0.00014431880884499174
6,SWAP M=512 (state-copy matched to LE M=1024),371,-0.0003319192991306106,-4.101210697251424,-0.00011118342755576817
6,SWAP M=512 (state-copy matched to LE M=1024),376,-0.00033189474190896005,-4.013536427127329,-0.00014064487436048448
6,SWAP M=512 (state-copy matched to LE M=1024),381,-0.0003102040066498997,-4.047042481025848,-0.00011698168980500059
6,SWAP M=512 (state-copy matched to LE M=1024),386,-0.0003138681021045348,-3.994445178290455,-0.00015071078206090494
6,SWAP M=512 (state-copy matched to LE M=1024),391,-0.00035308862079961505,-4.04806690467965,-0.00014662637278800981
6,SWAP M=512 (state-copy matched to LE M=1024),396,-0.0002309877827255298,-4.052415827775733,-0.00010552213400100986
6,SWAP M=512 (state-copy matched to LE M=1024),401,-0.0003636221115878522,-3.969945962785853,-0.00015926285759741164
6,SWAP M=512 (state-copy matched to LE M=1024),406,-0.00025093828774735397,-4.0853093748033915,-0.00013382681725393307
6,SWAP M=512 (state-copy matched to LE M=1024),411,-0.00024008614243367616,-4.074707470137554,-0.00013188094436555133
6,SWAP M=512 (state-copy matched to LE M=1024),416,-0.00021148837249549644,-4.097819721631178,-0.0001219470187650669
6,SWAP M=512 (state-copy matched to LE M=1024),421,-0.0002534727275064594,-4.2130410795811315,-0.00011537377981306645
6,SWAP M=512 (state-copy matched to LE M=1024),426,-0.0002923217255512753,-4.068058465658385,-0.00013637958555001421
6,SWAP M=512 (state-copy matched to LE M=1024),431,-0.0002830053169731551,-4.018396426438036,-0.0001350550039366646
6,SWAP M=512 (state-copy matched to LE M=1024),436,-0.00030555762884193255,-4.1944791208197065,-0.00016211500545032395
6,SWAP M=512 (state-copy matched to LE M=1024),441,-0.0002472332553958625,-4.173572790634111,-0.00014014734488957488
6,SWAP M=512 (state-copy matched to LE M=1024),446,-0.00028564186423219655,-4.192121280678191,-0.0001335366664468038
6,SWAP M=512 (state-copy matched to LE M=1024),451,-0.0003118134078952072,-4.055347534125658,-0.00012092885978221559
6,SWAP M=512 (state-copy matched to LE M=1024),456,-0.00021546098169789726,-4.118097652481915,-0.0001026874960100636
6,SWAP M=512 (state-copy matched to LE M=1024),461,-0.00022002148500317612,-4.183407776318082,-0.00013150894234569365
6,SWAP M=512 (state-copy matched to LE M=1024),466,-0.00024416994915339957,-4.232285402753076,-0.0001217247377533059
6,SWAP M=512 (state-copy matched to LE M=1024),471,-0.0002051086247594742,-4.225639065892725,-0.00010755107804852435
6,SWAP M=512 (state-copy matched to LE M=1024),476,-0.00018297368516356213,-4.148079863670102,-0.00012841886569651574
6,SWAP M=512 (state-copy matched to LE M=1024),481,-0.00023892861924651682,-4.120863152609088,-0.00013379299768629413
6,SWAP M=512 (state-copy matched to LE M=1024),486,-0.0002969331554030281,-4.1983530476712865,-0.0001155575247780072
6,SWAP M=512 (state-copy matched to LE M=1024),491,-0.00028833945510919304,-4.179710514162563,-0.00013092863053360454
6,SWAP M=512 (state-copy matched to LE M=1024),496,-0.0002554555055904762,-4.242417543615403,-0.00013392975011169262
6,SWAP M=512 (state-copy matched to LE M=1024),500,-0.00023832662402692055,-4.2243271629125,-0.0001300751119928024
6,SWAP-noise random walk M=64,1,-3.3460767395036966,-4.54013871336894,-2.0889540836279794
6,SWAP-noise random walk M=64,6,-3.436282390074386,-4.527925075410923,-2.1571285689056845
6,SWAP-noise random walk M=64,11,-3.6003010194659426,-4.811366756083818,-2.1791076378803895
6,SWAP-noise random walk M=64,16,-3.6770339039494653,-4.964034299084792,-2.164164862618338
6,SWAP-noise random walk M=64,21,-3.4136689525700135,-4.599257765338214,-2.099272934477907
6,SWAP-noise random walk M=64,26,-3.4873484875560488,-4.692602695844572,-2.0592870542929917
6,SWAP-noise random walk M=64,31,-3.5418092979496345,-4.6833599163797714,-2.0136515241887376
6,SWAP-noise random walk M=64,36,-3.447105276174659,-5.015389727751648,-2.0031500346842694
6,SWAP-noise random walk M=64,41,-3.4904379398707155,-4.965150922273863,-2.064820805867211
6,SWAP-noise random walk M=64,46,-3.550687084328052,-5.077850392375462,-2.1237909348855997
6,SWAP-noise random walk M=64,51,-3.584585818453916,-5.2741652519776725,-2.0670464747490573
6,SWAP-noise random walk M=64,56,-3.5784944047257117,-4.8135864357555995,-2.019811336820248
6,SWAP-noise random walk M=64,61,-3.6677324621577676,-4.796547020578217,-1.9535025594284325
6,SWAP-noise random walk M=64,66,-3.6385013926942813,-4.917403110146413,-2.043153472767223
6,SWAP-noise random walk M=64,71,-3.5894649652220805,-5.060787383459675,-1.9340244176895023
6,SWAP-noise random walk M=64,76,-3.5244884551211646,-4.708174261001107,-2.0834378044868718
6,SWAP-noise random walk M=64,81,-3.5408727125824475,-4.86387847723461,-2.033872732232279
6,SWAP-noise random walk M=64,86,-3.592593934206346,-4.956806758147688,-1.9808294158674682
6,SWAP-noise random walk M=64,91,-3.564033517679822,-4.895787416554722,-1.9652576730032774
6,SWAP-noise random walk M=64,96,-3.398274421556919,-4.730535777641064,-1.9358669830323578
6,SWAP-noise random walk M=64,101,-3.5374454165283424,-4.715149445818392,-1.9737744273329416
6,SWAP-noise random walk M=64,106,-3.6534488541907537,-4.936300322293178,-1.9588348951765022
6,SWAP-noise random walk M=64,111,-3.5269262051769203,-4.956400049327319,-1.9074328824279791
6,SWAP-noise random walk M=64,116,-3.4875305602869684,-4.889782199954126,-1.8515187667808743
6,SWAP-noise random walk M=64,121,-3.5757955207762535,-5.238681813148187,-1.9078401191018473
6,SWAP-noise random walk M=64,126,-3.464916609477873,-5.207727495626774,-1.8709128425904986
6,SWAP-noise random walk M=64,131,-3.3308181638365886,-5.051198650117631,-1.875510687953952
6,SWAP-noise random walk M=64,136,-3.5843435496281195,-5.058785246612047,-1.8844674602064015
6,SWAP-noise random walk M=64,141,-3.6797317438650685,-5.005502777957999,-1.9320058905758042
6,SWAP-noise random walk M=64,146,-3.6377913519661926,-5.133544073952776,-1.956974230400672
6,SWAP-noise random walk M=64,151,-3.5239622857471726,-4.6972324705148525,-1.9147802285168793
6,SWAP-noise random walk M=64,156,-3.555836195649327,-4.677503195848052,-1.8552458642747867
6,SWAP-noise random walk M=64,161,-3.333660956962343,-5.162897806352091,-1.8518776649316138
6,SWAP-noise random walk M=64,166,-3.306799017528241,-4.766566910072416,-1.8278453321097163
6,SWAP-noise random walk M=64,171,-3.3029897007126063,-5.502225760893026,-1.8997564254702004
6,SWAP-noise random walk M=64,176,-3.3524160021864633,-5.28430590489543,-1.9621209717613608
6,SWAP-noise random walk M=64,181,-3.4913531245604625,-4.9148724909252595,-1.8971349303493066
6,SWAP-noise random walk M=64,186,-3.6893683886834054,-4.922748622307764,-2.03984740839213
6,SWAP-noise random walk M=64,191,-3.5880512435427407,-4.788463584586132,-1.9394486857359052
6,SWAP-noise random walk M=64,196,-3.5645991935063694,-4.71275556549454,-1.8690774474963818
6,SWAP-noise random walk M=64,201,-3.434110714800528,-4.589312815410368,-1.8900640211621287
6,SWAP-noise random walk M=64,206,-3.438734013583989,-4.793956730622346,-1.9056335538540505
6,SWAP-noise random walk M=64,211,-3.338476821254133,-4.582607546505182,-1.9489923245439644
6,SWAP-noise random walk M=64,216,-3.312095051227476,-4.833436669617874,-1.9424718444166253
6,SWAP-noise random walk M=64,221,-3.3233299704653074,-5.059234957946348,-1.985893961793766
6,SWAP-noise random walk M=64,226,-3.269740116756248,-5.151675628055072,-2.00242379547624
6,SWAP-noise random walk M=64,231,-3.210363934309105,-4.919698196702722,-2.0085963921892693
6,SWAP-noise random walk M=64,236,-3.345133648223576,-4.591337758510578,-2.0134307306617023
6,SWAP-noise random walk M=64,241,-3.3776495538782165,-5.158829415851227,-2.008691754523955
6,SWAP-noise random walk M=64,246,-3.484537385471832,-5.009258940251948,-2.0443383857652266
6,SWAP-noise random walk M=64,251,-3.7411150124163077,-5.314725622953444,-2.149094786883877
6,SWAP-noise random walk M=64,256,-3.61948589400071,-5.369789782081275,-2.134653078397798
6,SWAP-noise random walk M=64,261,-3.685836771296419,-5.369335892086913,-2.0284807979917505
6,SWAP-noise random walk M=64,266,-3.628958660243672,-5.323440354006047,-2.1193030054555497
6,SWAP-noise random walk M=64,271,-3.58882317552683,-5.203252428922596,-2.164287218871697
6,SWAP-noise random walk M=64,276,-3.210533714371718,-5.362597472344349,-2.2353165091499165
6,SWAP-noise random walk M=64,281,-3.2775847450087334,-5.232480629635603,-2.1819782512583665
6,SWAP-noise random walk M=64,286,-3.4443901482475474,-5.35180147343651,-2.122895423533434
6,SWAP-noise random walk M=64,291,-3.3974430346432847,-5.375024798856705,-2.1387809303501855
6,SWAP-noise random walk M=64,296,-3.4609606822950427,-5.068247016625085,-2.1561799864129094
6,SWAP-noise random walk M=64,301,-3.4122119254836836,-4.89183539257788,-2.0976168399604993
6,SWAP-noise random walk M=64,306,-3.428520146012449,-4.689181743133267,-2.067974273379059
6,SWAP-noise random walk M=64,311,-3.412063677286465,-5.294146109160507,-2.0805478122336662
6,SWAP-noise random walk M=64,316,-3.3413471443196423,-5.492106760619086,-2.1184570603190944
6,SWAP-noise random walk M=64,321,-3.1793609741614013,-5.376065291615479,-2.1484457785530284
6,SWAP-noise random walk M=64,326,-3.264286982184256,-5.3741180205111245,-2.1508038412531625
6,SWAP-noise random walk M=64,331,-3.2876992831522127,-5.441548729667604,-2.1323651229935603
6,SWAP-noise random walk M=64,336,-3.3946782248287892,-5.157630963420063,-2.207653698668837
6,SWAP-noise random walk M=64,341,-3.3057905332362205,-5.526608817578023,-2.1154363566922894
6,SWAP-noise random walk M=64,346,-3.351288407787676,-4.840025181451384,-2.1348073142506734
6,SWAP-noise random walk M=64,351,-3.3952892633030642,-4.852141592761498,-2.103350129767249
6,SWAP-noise random walk M=64,356,-3.333732066052691,-4.80765049963057,-2.1004094445091708
6,SWAP-noise random walk M=64,361,-3.1260201192060593,-4.710857339909029,-2.1163760410191044
6,SWAP-noise random walk M=64,366,-3.176521660012144,-4.63720336265941,-2.0936071531576728
6,SWAP-noise random walk M=64,371,-3.225117726613592,-4.9168767013745,-2.1201313081989364
6,SWAP-noise random walk M=64,376,-3.3740834353195193,-4.861696944914515,-2.11220053583732
6,SWAP-noise random walk M=64,381,-3.4401069507777198,-4.642494617530774,-2.127725711843005
6,SWAP-noise random walk M=64,386,-3.4453387006482794,-4.703753205839906,-2.112428538970546
6,SWAP-noise random walk M=64,391,-3.5561563922147092,-4.640412039733688,-2.1591811469457234
6,SWAP-noise random walk M=64,396,-3.5299401744655206,-4.536752118501584,-2.1135244926466985
6,SWAP-noise random walk M=64,401,-3.341490901379053,-4.452798778813307,-2.129608783427906
6,SWAP-noise random walk M=64,406,-3.3326067814123803,-4.527123403348723,-2.1584252512452844
6,SWAP-noise random walk M=64,411,-3.216963365342762,-4.383450450386178,-2.1439590678274465
6,SWAP-noise random walk M=64,416,-3.2285147240741843,-4.253023714101435,-2.2523047006020374
6,SWAP-noise random walk M=64,421,-3.3718725181555875,-4.471243016147212,-2.171417514483851
6,SWAP-noise random walk M=64,426,-3.327112135409716,-4.328221908113806,-2.1260518154033683
6,SWAP-noise random walk M=64,431,-3.3967399796085145,-4.390916124470077,-2.2297030466011964
6,SWAP-noise random walk M=64,436,-3.4369912976302346,-4.308600147988088,-2.134558800852457
6,SWAP-noise random walk M=64,441,-3.4038954265381713,-4.364976011709798,-2.1817226240469796
6,SWAP-noise random walk M=64,446,-3.5245827403953838,-4.442291755449011,-2.096400094434315
6,SWAP-noise random walk M=64,451,-3.3293859808487345,-4.5249566814522035,-2.1116936457679514
6,SWAP-noise random walk M=64,456,-3.3339450657398393,-4.37583342843162,-2.1941077340961006
6,SWAP-noise random walk M=64,461,-3.3729673444075043,-4.2406058158879105,-2.2210930362657697
6,SWAP-noise random walk M=64,466,-3.3805863918545374,-4.076862575474004,-2.3950192918421553
6,SWAP-noise random walk M=64,471,-3.434959249725539,-4.455501733278244,-2.39799113078802
6,SWAP-noise random walk M=64,476,-3.1122207395084436,-4.198353411703547,-2.322982662646648
6,SWAP-noise random walk M=64,481,-3.328130888778393,-4.215494446495154,-2.3332624465529697
6,SWAP-noise random walk M=64,486,-3.229641079114675,-4.342445608573783,-2.3428244974525727
6,SWAP-noise random walk M=64,491,-3.0987248641626355,-4.215694053924647,-2.329162257601337
6,SWAP-noise random walk M=64,496,-3.1221804160623527,-4.518778191553205,-2.284274558647133
6,SWAP-noise random walk M=64,500,-3.228582211022595,-4.408403165633071,-2.339197379136527
6,SWAP-noise random walk M=1024,1,-3.350591289862396,-4.471406305866862,-2.104918136760526
6,SWAP-noise random walk M=1024,6,-3.372161661749108,-4.50512367353243,-2.0696336221443223
6,SWAP-noise random walk M=1024,11,-3.349771751048687,-4.508783948071323,-2.089766684673739
6,SWAP-noise random walk M=1024,16,-3.361881189349349,-4.55754225820114,-2.05079762902121
6,SWAP-noise random walk M=1024,21,-3.4173946505405515,-4.567913204811073,-2.0099740819874707
6,SWAP-noise random walk M=1024,26,-3.4355975211256293,-4.560922359868025,-2.051242461896577
6,SWAP-noise random walk M=1024,31,-3.438242650599959,-4.561148500863461,-2.0428139140395953
6,SWAP-noise random walk M=1024,36,-3.437742653301818,-4.489794380880029,-2.0270987724357896
6,SWAP-noise random walk M=1024,41,-3.445449745858511,-4.410945228685655,-2.025884186249417
6,SWAP-noise random walk M=1024,46,-3.3694917093896364,-4.478503369824378,-2.069050213076978
6,SWAP-noise random walk M=1024,51,-3.368030491565054,-4.472454276273064,-2.078975351032234
6,SWAP-noise random walk M=1024,56,-3.3939954526459424,-4.356531310760622,-2.0809744284369818
6,SWAP-noise random walk M=1024,61,-3.4413533316293874,-4.44475083141671,-2.0561455566737004
6,SWAP-noise random walk M=1024,66,-3.421112850755429,-4.449812157486645,-2.053776400783374
6,SWAP-noise random walk M=1024,71,-3.4312097850944463,-4.4093443259890615,-2.0288026159805295
6,SWAP-noise random walk M=1024,76,-3.424962107396725,-4.320105978471576,-2.0377777695690167
6,SWAP-noise random walk M=1024,81,-3.4051422691409474,-4.3491026229586325,-2.0303095448730826
6,SWAP-noise random walk M=1024,86,-3.3844891050620713,-4.457758196347617,-2.0440300385441197
6,SWAP-noise random walk M=1024,91,-3.3783230421595554,-4.509193701320574,-2.0273489969216065
6,SWAP-noise random walk M=1024,96,-3.3449507483284595,-4.510727367567909,-2.035313611477839
6,SWAP-noise random walk M=1024,101,-3.3437523401167772,-4.659297203184806,-2.025181818329232
6,SWAP-noise random walk M=1024,106,-3.3525940406549775,-4.6002095080538075,-2.0483563218494782
6,SWAP-noise random walk M=1024,111,-3.3602379706692314,-4.5571097228416715,-2.0346503393760518
6,SWAP-noise random walk M=1024,116,-3.383704456793808,-4.581246455942299,-2.020607416379457
6,SWAP-noise random walk M=1024,121,-3.369268115477637,-4.784401188311987,-2.0285839634437237
6,SWAP-noise random walk M=1024,126,-3.385297301580004,-4.865565487798725,-2.0415614141586085
6,SWAP-noise random walk M=1024,131,-3.3789504272428488,-4.828782494690277,-2.0147521339379515
6,SWAP-noise random walk M=1024,136,-3.356080658969234,-4.793221165730257,-2.018499804555161
6,SWAP-noise random walk M=1024,141,-3.3705082620694413,-4.717134655351145,-1.9982616959891328
6,SWAP-noise random walk M=1024,146,-3.38963614956933,-4.752192941890875,-2.021876264556079
6,SWAP-noise random walk M=1024,151,-3.3673788662424453,-4.746686302330889,-1.994256053615493
6,SWAP-noise random walk M=1024,156,-3.3563101196480716,-4.783239582564981,-1.991037477138508
6,SWAP-noise random walk M=1024,161,-3.3602057867049115,-4.753897879125217,-1.954540224722088
6,SWAP-noise random walk M=1024,166,-3.360018432607114,-4.8042113834225715,-1.9490678495266267
6,SWAP-noise random walk M=1024,171,-3.3830278756902947,-4.739345701732779,-1.9676872327773731
6,SWAP-noise random walk M=1024,176,-3.4057996110191806,-4.7535941251041915,-1.9784420109876275
6,SWAP-noise random walk M=1024,181,-3.414208017069619,-4.839452909276227,-1.9638405449991112
6,SWAP-noise random walk M=1024,186,-3.4258254111270077,-4.74219850372661,-1.944795476583882
6,SWAP-noise random walk M=1024,191,-3.41683968351562,-4.774244700398978,-1.9263376660475753
6,SWAP-noise random walk M=1024,196,-3.3931072604787795,-4.820839875119634,-1.9350069067799833
6,SWAP-noise random walk M=1024,201,-3.397825488290798,-4.78272764426111,-1.9305210547545661
6,SWAP-noise random walk M=1024,206,-3.3933769495113504,-4.7016419234138365,-1.9581788316838513
6,SWAP-noise random walk M=1024,211,-3.417526971994678,-4.4970844375328,-1.9433494825519193
6,SWAP-noise random walk M=1024,216,-3.4091738564508205,-4.438990166650203,-1.9688809645317913
6,SWAP-noise random walk M=1024,221,-3.432742156280426,-4.635043586345807,-1.96788017409649
6,SWAP-noise random walk M=1024,226,-3.390901417036151,-4.578008574119445,-1.9361590706053797
6,SWAP-noise random walk M=1024,231,-3.4218710139226083,-4.519838385489241,-1.9700236834936178
6,SWAP-noise random walk M=1024,236,-3.437516407476641,-4.5908667830484156,-2.006863667126361
6,SWAP-noise random walk M=1024,241,-3.4526286466458553,-4.5909367268889945,-2.01208318147578
6,SWAP-noise random walk M=1024,246,-3.463067872543756,-4.7068642606075555,-1.9768063057922203
6,SWAP-noise random walk M=1024,251,-3.4877673268092577,-4.698354524925693,-1.9903855009797398
6,SWAP-noise random walk M=1024,256,-3.4667945682922947,-4.689539440799699,-2.0416718038232533
6,SWAP-noise random walk M=1024,261,-3.451535948254529,-4.670266605252927,-2.018243744541791
6,SWAP-noise random walk M=1024,266,-3.4568187306533513,-4.675050943675237,-2.023959596031967
6,SWAP-noise random walk M=1024,271,-3.46866997551097,-4.833929971638072,-2.0081729663496977
6,SWAP-noise random walk M=1024,276,-3.4671462446794785,-4.91625353153055,-2.0530616036544167
6,SWAP-noise random walk M=1024,281,-3.46456573030091,-4.834518227294804,-2.0740600135256164
6,SWAP-noise random walk M=1024,286,-3.4900890293043227,-4.825652422694141,-2.0492108612063715
6,SWAP-noise random walk M=1024,291,-3.505103461558134,-4.973929208943015,-2.022368273483205
6,SWAP-noise random walk M=1024,296,-3.4662501042658143,-5.024689355321163,-2.025219340715203
6,SWAP-noise random walk M=1024,301,-3.4869611475779854,-5.047806905222664,-2.0086698556670233
6,SWAP-noise random walk M=1024,306,-3.50097768762242,-5.114379017356987,-1.9825623527873937
6,SWAP-noise random walk M=1024,311,-3.4945499040457126,-5.139929076387721,-1.972766045616309
6,SWAP-noise random walk M=1024,316,-3.4860355033870865,-4.93728780028618,-2.0040726980902974
6,SWAP-noise random walk M=1024,321,-3.497008050813409,-4.9549930580462185,-2.008515409674062
6,SWAP-noise random walk M=1024,326,-3.502189544403472,-4.920613951956261,-2.0223661998685847
6,SWAP-noise random walk M=1024,331,-3.5065556526720503,-4.96857681332461,-2.0271696026327426
6,SWAP-noise random walk M=1024,336,-3.500488743014918,-4.945843483881986,-2.015860119919346
6,SWAP-noise random walk M=1024,341,-3.541509007172132,-5.070930514283067,-2.021038243543521
6,SWAP-noise random walk M=1024,346,-3.581539134039171,-5.020134525579185,-2.0539026709035957
6,SWAP-noise random walk M=1024,351,-3.5391662252514697,-4.898856416084856,-2.03603025197114
6,SWAP-noise random walk M=1024,356,-3.5256903168596105,-4.937452651336373,-2.0619520098065007
6,SWAP-noise random walk M=1024,361,-3.5096982599999373,-4.8799507600124326,-2.064857767964017
6,SWAP-noise random walk M=1024,366,-3.5200569266278148,-4.900495013868659,-2.0629782098111162
6,SWAP-noise random walk M=1024,371,-3.4559305485821747,-4.8443734199730795,-2.0863899871739817
6,SWAP-noise random walk M=1024,376,-3.4718281336905936,-4.734560675224611,-2.1062569636277217
6,SWAP-noise random walk M=1024,381,-3.4536683718808927,-4.8139121709175985,-2.1041637969535674
6,SWAP-noise random walk M=1024,386,-3.45022944082577,-4.710537542586977,-2.1232666744298987
6,SWAP-noise random walk M=1024,391,-3.4545115454784563,-4.9251620724064615,-2.1384446576518963
6,SWAP-noise random walk M=1024,396,-3.4615951900218134,-4.99958907560029,-2.1181450288379784
6,SWAP-noise random walk M=1024,401,-3.4570684386851918,-4.983154836504332,-2.120957243886687
6,SWAP-noise random walk M=1024,406,-3.518971499043887,-4.878512335903615,-2.0937235134214682
6,SWAP-noise random walk M=1024,411,-3.561166054693931,-4.892894987220692,-2.122666819327102
6,SWAP-noise random walk M=1024,416,-3.555262904246872,-4.8484831363278245,-2.146354357549032
6,SWAP-noise random walk M=1024,421,-3.609282242878865,-4.876932070173268,-2.113631377002797
6,SWAP-noise random walk M=1024,426,-3.6272143471458915,-4.678079663973713,-2.1065479126155076
6,SWAP-noise random walk M=1024,431,-3.687372928386658,-4.500044362194789,-2.129113392144972
6,SWAP-noise random walk M=1024,436,-3.710222339850003,-4.519809279600449,-2.1710283279214737
6,SWAP-noise random walk M=1024,441,-3.7102694783149,-4.751805323475992,-2.129592898205605
6,SWAP-noise random walk M=1024,446,-3.6809006658107757,-4.740638274443856,-2.106902939548757
6,SWAP-noise random walk M=1024,451,-3.667739841012926,-4.782965138793851,-2.1177303960365146
6,SWAP-noise random walk M=1024,456,-3.6356333261689073,-4.6414707659019685,-2.092688915318533
6,SWAP-noise random walk M=1024,461,-3.621325721057217,-4.559602104725799,-2.110408339144524
6,SWAP-noise random walk M=1024,466,-3.625773184370564,-4.698716967804173,-2.1197942458580465
6,SWAP-noise random walk M=1024,471,-3.620787409768689,-4.658537684588886,-2.1261505203663766
6,SWAP-noise random walk M=1024,476,-3.5778398779905043,-4.638555425806464,-2.1152288187466914
6,SWAP-noise random walk M=1024,481,-3.5031186453065226,-4.6731474569537035,-2.115754701627851
6,SWAP-noise random walk M=1024,486,-3.509979193822634,-4.663659555277767,-2.0920119939882396
6,SWAP-noise random walk M=1024,491,-3.52482942699498,-4.673388014257309,-2.1252665255236227
6,SWAP-noise random walk M=1024,496,-3.5310416332245778,-4.663228831625803,-2.14850751153027
6,SWAP-noise random walk M=1024,500,-3.5294996922378647,-4.708789719547314,-2.198938400200948
8,exact,1,-4.658660300497667,-6.218686920347128,-3.0522483309052513
8,exact,6,-4.65077943011719,-6.2175399006551455,-3.029978435709313
8,exact,11,-4.640187669344471,-6.216392823286725,-3.0074215756729203
8,exact,16,-4.629586270351783,-6.215245688081332,-2.9845603766839304
8,exact,21,-4.618974822705942,-6.214098494877955,-2.9613760394207698
8,exact,26,-4.608352896394241,-6.212951243515145,-2.9369561958650854
8,exact,31,-4.597720040846886,-6.211803933830889,-2.904507963484421
8,exact,36,-4.587075783907011,-6.21065656566273,-2.88794523528001
8,exact,41,-4.5764196307451925,-6.209509138847681,-2.87344096461046
8,exact,46,-4.565751062715035,-6.208361653222241,-2.858032757699324
8,exact,51,-4.560143653614292,-6.207214108622495,-2.8389456540883167
8,exact,56,-4.557696992446008,-6.206066504883952,-2.8194736939426677
8,exact,61,-4.555247484015444,-6.204918841841632,-2.7995953863031167
8,exact,66,-4.552795108441243,-6.2037711193300416,-2.779287499139815
8,exact,71,-4.550339845655676,-6.202623337183207,-2.758524867479257
8,exact,76,-4.547881675402419,-6.201475495234624,-2.7372801744087565
8,exact,81,-4.545420577234311,-6.200327593317263,-2.7155237002368082
8,exact,86,-4.542956530511054,-6.199179631263616,-2.6932230341032333
8,exact,91,-4.540489514396885,-6.198031608905641,-2.6703427411077243
8,exact,96,-4.538019507858246,-6.196883526074843,-2.6468439764910805
8,exact,101,-4.53554648966136,-6.195735382602086,-2.622684036470166
8,exact,106,-4.533070438369824,-6.194587178317792,-2.5978158328752565
8,exact,111,-4.530591332342132,-6.193438913051896,-2.5721872756057556
8,exact,116,-4.528109149729174,-6.192290586633778,-2.5457405428886966
8,exact,121,-4.525623868471704,-6.191142198892262,-2.5184112140950865
8,exact,126,-4.523135466297733,-6.18999374965569,-2.490127233029585
8,exact,131,-4.520643920719934,-6.188845238751841,-2.460807660583965
8,exact,136,-4.518149209032959,-6.187696666007981,-2.430361163624103
8,exact,141,-4.515651308310757,-6.186548031250878,-2.3986841708094695
8,exact,146,-4.513150195403803,-6.185399334306723,-2.3656586040595133
8,exact,151,-4.510645846936328,-6.184250575001189,-2.3311490641557544
8,exact,156,-4.508138239303483,-6.183101753159438,-2.294999306914661
8,exact,161,-4.505627348668445,-6.181952868606087,-2.257027787113184
8,exact,166,-4.503113150959512,-6.180803921165161,-2.217021962741327
8,exact,171,-4.500595621867129,-6.179654910660159,-2.174730929641967
8,exact,176,-4.498074736840852,-6.178505836914068,-2.1298557765906483
8,exact,181,-4.495550471086316,-6.177356699749325,-2.0820367824161243
8,exact,186,-4.4930227995620875,-6.176207498987818,-2.030836170451167
8,exact,191,-4.490491696976514,-6.175058234450901,-1.975714512122933
8,exact,196,-4.487957137784513,-6.1739089059593715,-1.915997904231991
8,exact,201,-4.485419096184287,-6.172785100664176,-1.8508315371361372
8,exact,206,-4.482877546114008,-6.171735416225236,-1.779112946258039
8,exact,211,-4.480332461248442,-6.170685675727372,-1.6993948194660853
8,exact,216,-4.477783814995522,-6.169635879002197,-1.6097429645092232
8,exact,221,-4.475231580492839,-6.168586025880712,-1.5075331281886468
8,exact,226,-4.472675730604127,-6.167536116193512,-1.3891874780084044
8,exact,231,-4.470116237915619,-6.16648614977054,-1.2499627155924902
8,exact,236,-4.46755307473242,-6.165436126441215,-1.0844252968595365
8,exact,241,-4.464986213074751,-6.164386046034435,-0.8903404543563112
8,exact,246,-4.46241562467417,-6.163335908378508,-0.6836743842941303
8,exact,251,-4.458785435560779,-6.162285713301259,-0.5185630277670588
8,exact,256,-4.453587286515495,-6.161235460629882,-0.4338514203373183
8,exact,261,-4.448383652072049,-6.1601851501910625,-0.3947461394351083
8,exact,266,-4.443174462837913,-6.159134781810913,-0.36644591124238063
8,exact,271,-4.43795964839474,-6.15808435531499,-0.33741675497210827
8,exact,276,-4.43273913728034,-6.157033870528313,-0.3042308214145948
8,exact,281,-4.427512856970328,-6.155983327275234,-0.2649743323621412
8,exact,286,-4.422280733859296,-6.154932725379692,-0.21777588992971764
8,exact,291,-4.417042693241659,-6.1538820646649555,-0.16124477027009596
8,exact,296,-4.41179865929204,-6.152831344953751,-0.09788733407081042
8,exact,301,-4.40654855504525,-6.151780566068238,-0.04182085624343287
8,exact,306,-4.401292302375847,-6.150729727830045,-0.01172109639084992
8,exact,311,-4.396029821977217,-6.149678830060109,-0.002551770153493418
8,exact,316,-4.390761033340228,-6.148627872578923,-0.0005135320010975699
8,exact,321,-4.385485854731385,-6.147576855206325,-0.00010154930445186137
8,exact,326,-4.380204203170534,-6.146525777761595,-2.0009947875678587e-05
8,exact,331,-4.374915994408024,-6.145474640063406,-3.940125397286456e-06
8,exact,336,-4.369621142901433,-6.144423441929889,-7.757361590098404e-07
8,exact,341,-4.364319561791685,-6.143372183178572,-1.5272361436968476e-07
8,exact,346,-4.359011162878717,-6.142320863626387,-3.006741008629159e-08
8,exact,351,-4.3536958565965,-6.1412694830896974,-5.919505040309711e-09
8,exact,356,-4.348373551987574,-6.140218041384189,-1.1653990553442326e-09
8,exact,361,-4.343044156676973,-6.139166538325131,-2.294372028829403e-10
8,exact,366,-4.337707576845533,-6.138114973726989,-4.5170328060272024e-11
8,exact,371,-4.332363717202598,-6.137063347403776,-8.892883247798623e-12
8,exact,376,-4.327012480958086,-6.136011659168834,-1.7507606237282723e-12
8,exact,381,-4.321653769793949,-6.134959908834918,-3.4467474473335573e-13
8,exact,386,-4.316287483834872,-6.133908096214221,-6.786454545870879e-14
8,exact,391,-4.310913521618374,-6.132856221118258,-1.3355935411763848e-14
8,exact,396,-4.305531780064152,-6.131804283357991,-2.6036841596939064e-15
8,exact,401,-4.3001421544427085,-6.130752282743733,-5.303801066043092e-16
8,exact,406,-4.294744538343217,-6.129700219085227,-1.2054093331916097e-16
8,exact,411,-4.289338823640646,-6.128648092191589,0.0
8,exact,416,-4.283924900462056,-6.127595901871269,0.0
8,exact,421,-4.278502657152085,-6.1265436479321504,0.0
8,exact,426,-4.27307198023761,-6.12549133018148,0.0
8,exact,431,-4.267632754391515,-6.124438948425899,0.0
8,exact,436,-4.2621848623956,-6.123386502471376,0.0
8,exact,441,-4.257650664375131,-6.122333992123307,0.0
8,exact,446,-4.253568717309993,-6.121281417186441,0.0
8,exact,451,-4.249480237977495,-6.120228777464907,0.0
8,exact,456,-4.2453851348745975,-6.119176072762134,0.0
8,exact,461,-4.241283314872113,-6.118123302880987,0.0
8,exact,466,-4.237174683179476,-6.117070467623679,0.0
8,exact,471,-4.233059143308557,-6.116017566791767,0.0
8,exact,476,-4.228936597036496,-6.114964600186175,0.0
8,exact,481,-4.224806944367582,-6.113911567607155,0.0
8,exact,486,-4.22067008349403,-6.112858468854363,0.0
8,exact,491,-4.216525910755737,-6.111805303726786,0.0
8,exact,496,-4.212374320598913,-6.110752072022726,0.0
8,exact,500,-4.209047635764998,-6.109909438588475,0.0
8,LE M=64,1,-4.659067389301754,-6.218916317378447,-3.042083526569753
8,LE M=64,6,-4.6377532295582125,-6.218916317378447,-2.9982979049595597
8,LE M=64,11,-4.663674063503326,-6.123545477529441,-2.9611460325883234
8,LE M=64,16,-4.663367380201292,-6.123545477529441,-2.9359272062661286
8,LE M=64,21,-4.65624775215343,-6.169486724330303,-2.9215945945933015
8,LE M=64,26,-4.65624775215343,-6.175505655874824,-2.9108754890951274
8,LE M=64,31,-4.649243546912067,-6.129564409073961,-2.900178786799959
8,LE M=64,36,-4.632508167591087,-6.086651549446725,-2.871235697309613
8,LE M=64,41,-4.625828923776611,-6.080632617902205,-2.8559200771716777
8,LE M=64,46,-4.609459421269877,-6.0463924977216745,-2.82116081508409
8,LE M=64,51,-4.611132589389411,-6.0463924977216745,-2.8130433675108444
8,LE M=64,56,-4.600792034119383,-6.086651549446725,-2.799366454690226
8,LE M=64,61,-4.568158634302536,-6.080632617902205,-2.773928907477373
8,LE M=64,66,-4.558719494275538,-6.080632617902205,-2.7596930743503547
8,LE M=64,71,-4.561734583332649,-6.040373566177155,-2.7392660917810088
8,LE M=64,76,-4.539323558548583,-6.080632617902205,-2.733392641104929
8,LE M=64,81,-4.536301388418891,-6.169486724330303,-2.712923007591101
8,LE M=64,86,-4.549665014037728,-6.169486724330303,-2.701739595028252
8,LE M=64,91,-4.559544677743202,-6.120589703068563,-2.6798657174742297
8,LE M=64,96,-4.534064907689757,-6.166530949869426,-2.6578280090933997
8,LE M=64,101,-4.532186262185022,-6.077676843441328,-2.647433514731598
8,LE M=64,106,-4.557878525088695,-6.120589703068563,-2.6122005087788693
8,LE M=64,111,-4.511654158534231,-6.166530949869426,-2.580913303610385
8,LE M=64,116,-4.4789012840933555,-6.166530949869426,-2.5564020225249124
8,LE M=64,121,-4.472368962041877,-6.077676843441328,-2.5361747195416013
8,LE M=64,126,-4.474528224637515,-6.166530949869426,-2.511338978792908
8,LE M=64,131,-4.4669569413081005,-6.166530949869426,-2.491448492809335
8,LE M=64,136,-4.486236498236984,-6.166530949869426,-2.4470526284476986
8,LE M=64,141,-4.458514683440118,-6.166530949869426,-2.4066090292482127
8,LE M=64,146,-4.46842750996659,-6.2159605429175695,-2.379485706776723
8,LE M=64,151,-4.459275598549412,-6.166530949869426,-2.342776636330261
8,LE M=64,156,-4.453116248303644,-6.120589703068563,-2.31602841079737
8,LE M=64,161,-4.482978787077737,-6.115260257400164,-2.2816858109551883
8,LE M=64,166,-4.483389599601118,-6.032088346047878,-2.256009687435446
8,LE M=64,171,-4.4771410315070295,-5.994173996993545,-2.217904438264071
8,LE M=64,176,-4.469695972825474,-6.032088346047878,-2.1746634114546377
8,LE M=64,181,-4.453074303870713,-6.032088346047878,-2.13936388419454
8,LE M=64,186,-4.473323265490692,-6.032088346047878,-2.0782241351095587
8,LE M=64,191,-4.453500180710631,-6.032088346047878,-2.019130559052295
8,LE M=64,196,-4.443894116337511,-6.072347397772929,-1.965441525959011
8,LE M=64,201,-4.421265548234427,-6.072347397772929,-1.8891723453169533
8,LE M=64,206,-4.415592534682974,-6.072347397772929,-1.8109819656005202
8,LE M=64,211,-4.432190845075759,-6.115260257400164,-1.7368796153463675
8,LE M=64,216,-4.437365280729644,-6.115260257400164,-1.6452896601166207
8,LE M=64,221,-4.436062494734178,-6.115260257400164,-1.544520295040072
8,LE M=64,226,-4.430165712258663,-6.114237601631518,-1.444778366736877
8,LE M=64,231,-4.410374294805434,-6.114237601631518,-1.3090925543329486
8,LE M=64,236,-4.405432245465844,-6.070307176682075,-1.1732919055966473
8,LE M=64,241,-4.402458981014675,-6.031622460370521,-0.990907135074523
8,LE M=64,246,-4.388721812658835,-5.999564408392722,-0.7963294567559007
8,LE M=64,251,-4.381109366050201,-6.005583339937242,-0.5944972587406211
8,LE M=64,256,-4.374735333368717,-6.005583339937242,-0.4791053042525384
8,LE M=64,261,-4.380240818560335,-6.049688529131726,-0.4258401607721284
8,LE M=64,266,-4.364239193424229,-6.043497688991575,-0.39552746041280984
8,LE M=64,271,-4.349655299279664,-6.005583339937242,-0.3656065432368478
8,LE M=64,276,-4.336717434568373,-5.96373670805946,-0.34000502220802836
8,LE M=64,281,-4.3241708631097495,-5.96373670805946,-0.3024651219521489
8,LE M=64,286,-4.295502854094001,-5.999564408392722,-0.26455108065440114
8,LE M=64,291,-4.297913800204556,-5.999564408392722,-0.21780356223759456
8,LE M=64,296,-4.299163126900938,-5.929777995926827,-0.15930933250922077
8,LE M=64,301,-4.292470779094863,-5.929777995926827,-0.09479706967757803
8,LE M=64,306,-4.284463146212365,-5.929777995926827,-0.04139181901903037
8,LE M=64,311,-4.28741321245424,-5.929777995926827,-0.011573635084944914
8,LE M=64,316,-4.28741321245424,-5.929777995926827,-0.0030758136064855095
8,LE M=64,321,-4.286507247850478,-5.929777995926827,-0.0013951430868393284
8,LE M=64,326,-4.269171204832379,-5.8975029908987375,-0.0011671160979688422
8,LE M=64,331,-4.273834195047154,-5.8975029908987375,-0.001052195742922766
8,LE M=64,336,-4.301539259003555,-5.8975029908987375,-0.0009742057139036731
8,LE M=64,341,-4.264803872576303,-5.935796927471348,-0.001039022211130725
8,LE M=64,346,-4.266895617697836,-5.903521922443257,-0.0011446309665179106
8,LE M=64,351,-4.259407690834015,-5.850770026849021,-0.0010826708725896474
8,LE M=64,356,-4.258169166267845,-5.850770026849021,-0.0009249380780279147
8,LE M=64,361,-4.243546047206939,-5.850770026849021,-0.0007499270488235054
8,LE M=64,366,-4.2344718471085026,-5.850770026849021,-0.0008884040200445227
8,LE M=64,371,-4.231290813804366,-5.850770026849021,-0.0011141438997940495
8,LE M=64,376,-4.231361421476251,-5.866752671190861,-0.0008869473225115842
8,LE M=64,381,-4.231361421476251,-5.8975029908987375,-0.0008106951301416252
8,LE M=64,386,-4.22774028881546,-5.903521922443257,-0.0006754304849708624
8,LE M=64,391,-4.226177523589481,-5.8975029908987375,-0.0010782678825015679
8,LE M=64,396,-4.222540687689159,-5.8975029908987375,-0.0009584636782494985
8,LE M=64,401,-4.220990273347515,-5.891646693822204,-0.0008907116817372233
8,LE M=64,406,-4.21803747535686,-5.891646693822204,-0.0007291139775341345
8,LE M=64,411,-4.216419831411015,-5.891646693822204,-0.0008605270711434972
8,LE M=64,416,-4.215232095980053,-5.891646693822204,-0.001022903229172698
8,LE M=64,421,-4.211285116381697,-5.891646693822204,-0.0008767470463093694
8,LE M=64,426,-4.20922576955785,-5.929777995926827,-0.0006966582902512516
8,LE M=64,431,-4.20922576955785,-5.929777995926827,-0.0006143457145535133
8,LE M=64,436,-4.211506042744796,-5.929777995926827,-0.0006358136285550031
8,LE M=64,441,-4.211506042744796,-5.929777995926827,-0.0007139383444038843
8,LE M=64,446,-4.211506042744796,-5.929303117477925,-0.000590103103151511
8,LE M=64,451,-4.210677748427981,-5.963613187667759,-0.0006489275888221725
8,LE M=64,456,-4.210677748427981,-5.9577568905912255,-0.0006998469174669655
8,LE M=64,461,-4.207382059666072,-5.9577568905912255,-0.0007396746901629582
8,LE M=64,466,-4.206646912948322,-5.963613187667759,-0.0007108908806249336
8,LE M=64,471,-4.205116660280872,-5.929654475535127,-0.0006960315655884787
8,LE M=64,476,-4.205116660280872,-5.929654475535127,-0.0008491975029741653
8,LE M=64,481,-4.20599731356275,-5.926773364236022,-0.0008657495478700996
8,LE M=64,486,-4.2032582600712605,-5.926773364236022,-0.0007853896172274579
8,LE M=64,491,-4.202377606789382,-5.926773364236022,-0.0008044532363981339
8,LE M=64,496,-4.203557694620818,-5.926773364236022,-0.00046855008772321474
8,LE M=64,500,-4.201520787304652,-5.926773364236022,-0.000736809692236659
8,SWAP M=64,1,-4.519367721238551,-6.395245075429386,-3.030087305924283
8,SWAP M=64,6,-4.841723972571935,-6.437254326110533,-3.0821807734555278
8,SWAP M=64,11,-4.78282193973094,-5.8528312942135265,-3.061944137275858
8,SWAP M=64,16,-4.6431564514458605,-5.830565777989783,-3.045465423556519
8,SWAP M=64,21,-4.615513734816276,-5.769089834410805,-3.1452549083220473
8,SWAP M=64,26,-4.513560408464641,-5.7071310793459675,-3.0156739553987206
8,SWAP M=64,31,-4.519875157940345,-5.379148884626302,-2.996141117055922
8,SWAP M=64,36,-4.347581063716779,-5.07359518640116,-2.8727384777804867
8,SWAP M=64,41,-4.327572169271713,-5.3185188392672735,-2.9181157638542685
8,SWAP M=64,46,-4.417530393745729,-6.047755069956955,-2.934348937380988
8,SWAP M=64,51,-4.481691078367605,-5.207570897940643,-2.8020925213702794
8,SWAP M=64,56,-4.455162600912912,-5.370087436649574,-2.842550063671318
8,SWAP M=64,61,-4.426582087177033,-5.160008947923178,-2.789909909832653
8,SWAP M=64,66,-4.510387569774636,-5.4446618204307695,-2.826244427937283
8,SWAP M=64,71,-4.380383463168677,-5.544856059773513,-2.844325330711361
8,SWAP M=64,76,-4.628595534814886,-5.236973876138711,-2.6988693961995467
8,SWAP M=64,81,-4.570916248435203,-5.290222539525723,-2.902808281227246
8,SWAP M=64,86,-4.501796040793227,-5.393852666009111,-2.8956248121690398
8,SWAP M=64,91,-4.5565465583258185,-5.457826874563991,-2.9554126102842493
8,SWAP M=64,96,-4.594317134941878,-5.604015826531523,-2.8146047128457967
8,SWAP M=64,101,-4.397690666520805,-5.726650898385008,-3.0124049137626887
8,SWAP M=64,106,-4.490484585468368,-5.723318815918854,-2.9791164478842873
8,SWAP M=64,111,-4.29066588079377,-5.346331955465392,-2.988385404583281
8,SWAP M=64,116,-4.222022699914328,-5.444751578609377,-2.8082440516583347
8,SWAP M=64,121,-4.292389029685552,-5.537939849956263,-2.929338914817921
8,SWAP M=64,126,-4.396100825309299,-5.541514168171473,-2.927922856769025
8,SWAP M=64,131,-4.397672472090628,-5.558366145290332,-2.8068937700052756
8,SWAP M=64,136,-4.288750170015321,-5.711077020840495,-2.921814741161554
8,SWAP M=64,141,-4.254018015559566,-5.811023979182572,-2.7931510860461612
8,SWAP M=64,146,-4.251198172802951,-5.629043213731684,-2.5695403818310796
8,SWAP M=64,151,-4.2193427200647955,-5.793049722826882,-2.5405214635401188
8,SWAP M=64,156,-4.224790389493656,-6.259255906683136,-2.5583002780685478
8,SWAP M=64,161,-4.2590365458438555,-6.38732649142871,-2.544705636242364
8,SWAP M=64,166,-4.258793500279477,-6.507260529427148,-2.463353968730366
8,SWAP M=64,171,-4.099276170444378,-5.868391071352725,-2.353533251804454
8,SWAP M=64,176,-4.157839425135073,-5.921423146468609,-2.188219215148923
8,SWAP M=64,181,-4.309545816291784,-5.785934057772136,-2.0946253296420068
8,SWAP M=64,186,-4.17368349843814,-6.19225004773093,-2.1685974465509763
8,SWAP M=64,191,-4.212776892088963,-5.9029207865853515,-2.094051304923252
8,SWAP M=64,196,-4.177879580586534,-5.891685928260546,-2.165295026898434
8,SWAP M=64,201,-4.334933898606458,-5.481788431944511,-2.1459564409095107
8,SWAP M=64,206,-4.221512455317672,-5.5524582565310885,-2.035188326728257
8,SWAP M=64,211,-4.259835819166496,-5.72659193235606,-1.9618021885876444
8,SWAP M=64,216,-4.3884207219552245,-5.6426149261818495,-1.8467910871761282
8,SWAP M=64,221,-4.190647542236476,-5.731522462623337,-1.7811427226718894
8,SWAP M=64,226,-4.150744511889036,-5.639107566420088,-1.6440879347293431
8,SWAP M=64,231,-4.223447220953689,-5.508134531886791,-1.4305244353744948
8,SWAP M=64,236,-4.0284960897574145,-5.41556221317009,-1.2108049230519662
8,SWAP M=64,241,-4.167825497764701,-5.559932106330302,-1.037650389667034
8,SWAP M=64,246,-4.320863852115629,-5.565467017720274,-0.8214011843375884
8,SWAP M=64,251,-4.359291604274764,-5.707932924257113,-0.6462647825521393
8,SWAP M=64,256,-4.586442649875602,-5.474520459797132,-0.5696066951854111
8,SWAP M=64,261,-4.377685674527524,-5.4016286839428265,-0.542167931827131
8,SWAP M=64,266,-4.369965065057794,-5.623068837293515,-0.5187098836343913
8,SWAP M=64,271,-4.274511568988146,-5.692011488341362,-0.5101361517790155
8,SWAP M=64,276,-4.281269134215323,-5.651101242245236,-0.5148660744584059
8,SWAP M=64,281,-4.1916533835098795,-5.696506390632802,-0.5089094088273093
8,SWAP M=64,286,-3.8976055630328252,-5.594550693442645,-0.5019871312406438
8,SWAP M=64,291,-4.099923164813838,-5.6293524626375735,-0.4339101667650282
8,SWAP M=64,296,-3.9502503494023777,-5.8505872250676685,-0.4269665015660967
8,SWAP M=64,301,-4.050646004086513,-5.686448285804718,-0.4047541268698785
8,SWAP M=64,306,-4.123350906733076,-5.884573501066745,-0.3752056004817807
8,SWAP M=64,311,-4.124813296218409,-5.6578521348688104,-0.3285350332435572
8,SWAP M=64,316,-4.1466390575270635,-5.43435873455558,-0.30247993765409975
8,SWAP M=64,321,-4.135061279141687,-5.870794013633694,-0.26186608704239267
8,SWAP M=64,326,-4.042883811695683,-5.57778526896439,-0.19747471378558568
8,SWAP M=64,331,-3.818983821196315,-5.344858026099466,-0.13690867796541117
8,SWAP M=64,336,-3.9959461864649404,-5.62988718300498,-0.06612826159598964
8,SWAP M=64,341,-4.0425386000322465,-5.844094975229598,-0.02580154886318732
8,SWAP M=64,346,-3.928780748742618,-5.781026117749406,-0.009071774671606136
8,SWAP M=64,351,-3.96321433777968,-5.982482075653446,-0.004212425890172885
8,SWAP M=64,356,-3.9856746423374467,-5.287287349081236,-0.0030113223661459238
8,SWAP M=64,361,-3.8217889728631906,-5.07935410149444,-0.0034784016412605333
8,SWAP M=64,366,-3.8535152549982374,-5.280076809299884,-0.002603611017325105
8,SWAP M=64,371,-3.808950659339037,-5.345600677157954,-0.0025985550746313235
8,SWAP M=64,376,-3.989052087637833,-5.471776414880642,-0.002670884463837694
8,SWAP M=64,381,-4.008327713783283,-5.443283470483371,-0.002858429588539774
8,SWAP M=64,386,-3.9394849826493896,-5.320254738742172,-0.002262144366676202
8,SWAP M=64,391,-3.9342619549252498,-5.527308499480798,-0.002177760718519287
8,SWAP M=64,396,-4.008812342973404,-5.622613059765952,-0.0030440768326207047
8,SWAP M=64,401,-3.9916205147576216,-5.598649520971508,-0.0025933109673902215
8,SWAP M=64,406,-4.045834973245707,-5.905456826918926,-0.002820684680546379
8,SWAP M=64,411,-4.0828617156758735,-5.855244688508313,-0.0020572912079596527
8,SWAP M=64,416,-4.045008470391357,-5.798338006288542,-0.0030557049713708607
8,SWAP M=64,421,-4.021621264434437,-5.92417384490072,-0.0024957391277831867
8,SWAP M=64,426,-3.8685547286998156,-6.046819686916025,-0.0024420140515008923
8,SWAP M=64,431,-4.153695551590439,-5.947839672002152,-0.003048541273881626
8,SWAP M=64,436,-4.0417424184929045,-5.9149101251128045,-0.002685626928170511
8,SWAP M=64,441,-3.9441729135755126,-6.030469815880815,-0.0026350752591494868
8,SWAP M=64,446,-3.9949150692719835,-5.901946727183432,-0.002077316555873123
8,SWAP M=64,451,-3.98645873203654,-5.832972865479654,-0.002297832729821436
8,SWAP M=64,456,-4.047889226215074,-6.343550890285312,-0.002491516511000059
8,SWAP M=64,461,-4.166344114340596,-6.6788681838221855,-0.002181335767190239
8,SWAP M=64,466,-4.185973307429727,-6.21180123357264,-0.002417511190499508
8,SWAP M=64,471,-4.1389938961420185,-6.343001423912306,-0.002695781022650707
8,SWAP M=64,476,-4.160982933559616,-6.01862539799588,-0.00240980310303697
8,SWAP M=64,481,-4.068970346032655,-6.1015736940284455,-0.002311096879692328
8,SWAP M=64,486,-4.251334623679585,-6.283794171909231,-0.0022940557734018
8,SWAP M=64,491,-4.118825992392546,-6.21946257417306,-0.002949846183462994
8,SWAP M=64,496,-4.066891525306002,-6.208825140778965,-0.002300088308458021
8,SWAP M=64,500,-4.035981380827913,-6.2012809054549844,-0.0029309114868709056
8,SWAP M=32 (state-copy matched to LE M=64),1,-4.575736730928755,-5.978461732782147,-3.007261289890759
8,SWAP M=32 (state-copy matched to LE M=64),6,-4.789113442593094,-5.734991094196891,-2.9496897674066673
8,SWAP M=32 (state-copy matched to LE M=64),11,-4.53326477443923,-5.814862480894252,-3.237439769810157
8,SWAP M=32 (state-copy matched to LE M=64),16,-4.458372083681441,-5.589216921716025,-3.0880806387431683
8,SWAP M=32 (state-copy matched to LE M=64),21,-4.580779508566564,-5.689622832389031,-3.163650843954368
8,SWAP M=32 (state-copy matched to LE M=64),26,-4.559228632719228,-5.772805222269875,-2.981961268862047
8,SWAP M=32 (state-copy matched to LE M=64),31,-4.817398570345587,-5.712248293506427,-3.0498628498057543
8,SWAP M=32 (state-copy matched to LE M=64),36,-4.6496064833438,-5.55563118656173,-3.0337634747156588
8,SWAP M=32 (state-copy matched to LE M=64),41,-4.14883847495728,-5.595326821658919,-3.0287410426230394
8,SWAP M=32 (state-copy matched to LE M=64),46,-4.16066414650069,-5.269520301874117,-3.0034846641072503
8,SWAP M=32 (state-copy matched to LE M=64),51,-4.193188161697458,-5.344160098699707,-3.1655114445449994
8,SWAP M=32 (state-copy matched to LE M=64),56,-4.281604108595449,-5.122686927538089,-3.086844826731425
8,SWAP M=32 (state-copy matched to LE M=64),61,-4.257990805601253,-5.205937312570288,-3.183766439971675
8,SWAP M=32 (state-copy matched to LE M=64),66,-4.343096060972506,-5.414804690942214,-3.160176847117104
8,SWAP M=32 (state-copy matched to LE M=64),71,-4.135199012636516,-5.82901120078184,-2.9514847009029124
8,SWAP M=32 (state-copy matched to LE M=64),76,-4.155090540878793,-5.251108940564432,-2.9403397143505003
8,SWAP M=32 (state-copy matched to LE M=64),81,-4.083172560804581,-5.2732970550213,-2.968025766205266
8,SWAP M=32 (state-copy matched to LE M=64),86,-4.335665241247565,-5.722658345182106,-2.8338722667433824
8,SWAP M=32 (state-copy matched to LE M=64),91,-4.190375980971217,-5.634048194779242,-2.958138268306147
8,SWAP M=32 (state-copy matched to LE M=64),96,-4.481878022722163,-6.175822990551995,-3.105926443256008
8,SWAP M=32 (state-copy matched to LE M=64),101,-4.5070396538118995,-6.187957770992745,-2.896049723181572
8,SWAP M=32 (state-copy matched to LE M=64),106,-4.229699103815249,-5.714221543590318,-3.0177386901562633
8,SWAP M=32 (state-copy matched to LE M=64),111,-4.108738867550706,-5.817930722580368,-2.8219873235054242
8,SWAP M=32 (state-copy matched to LE M=64),116,-4.1099389662946715,-6.054927289496755,-3.1026008746923033
8,SWAP M=32 (state-copy matched to LE M=64),121,-4.293909006993287,-5.952916045087173,-3.0499337695266746
8,SWAP M=32 (state-copy matched to LE M=64),126,-4.3526910350757,-5.784551777555739,-2.972171417815928
8,SWAP M=32 (state-copy matched to LE M=64),131,-4.2737801632904215,-5.753219624255597,-2.857431343364143
8,SWAP M=32 (state-copy matched to LE M=64),136,-4.7419515802952965,-5.731354715575881,-2.86603040880902
8,SWAP M=32 (state-copy matched to LE M=64),141,-4.482277616620181,-5.938503992651204,-2.840876640431433
8,SWAP M=32 (state-copy matched to LE M=64),146,-4.274142555059383,-5.892391684270823,-2.925318479381966
8,SWAP M=32 (state-copy matched to LE M=64),151,-4.399655180953619,-6.111283235976583,-2.9864998990179146
8,SWAP M=32 (state-copy matched to LE M=64),156,-4.613659313814132,-5.886769765853686,-3.013765214008159
8,SWAP M=32 (state-copy matched to LE M=64),161,-4.439916316669601,-6.019527642878279,-2.860977116334392
8,SWAP M=32 (state-copy matched to LE M=64),166,-4.1961939129392665,-5.763421648904214,-2.890259287243481
8,SWAP M=32 (state-copy matched to LE M=64),171,-4.156687173649211,-6.015461064039405,-2.8105875375923546
8,SWAP M=32 (state-copy matched to LE M=64),176,-4.03351402827728,-6.013904029164317,-2.8128346344375545
8,SWAP M=32 (state-copy matched to LE M=64),181,-4.338949674885599,-6.558825523547696,-2.8291164830648348
8,SWAP M=32 (state-copy matched to LE M=64),186,-4.462987107627544,-6.405557921705842,-2.7508690613862212
8,SWAP M=32 (state-copy matched to LE M=64),191,-4.446768358177416,-6.5914090823512375,-2.6113428086520982
8,SWAP M=32 (state-copy matched to LE M=64),196,-4.502833887716092,-6.082905124798212,-2.570597522538338
8,SWAP M=32 (state-copy matched to LE M=64),201,-4.523227712738453,-6.137407996136918,-2.658242808658073
8,SWAP M=32 (state-copy matched to LE M=64),206,-4.512417467090051,-5.6290289817325725,-2.7667347944070952
8,SWAP M=32 (state-copy matched to LE M=64),211,-4.562089945281176,-5.839352791279736,-2.686485759335272
8,SWAP M=32 (state-copy matched to LE M=64),216,-4.4462146657919,-5.955888550613186,-2.6227692460163157
8,SWAP M=32 (state-copy matched to LE M=64),221,-4.544913416236119,-5.756661106255021,-2.5304824643291246
8,SWAP M=32 (state-copy matched to LE M=64),226,-4.505809851501176,-6.011306828187406,-2.4392549009498357
8,SWAP M=32 (state-copy matched to LE M=64),231,-4.495160732053764,-5.851833594591676,-2.380115843906797
8,SWAP M=32 (state-copy matched to LE M=64),236,-4.531489333273088,-5.533524664039393,-2.3046510269690708
8,SWAP M=32 (state-copy matched to LE M=64),241,-4.421321010807512,-6.015806837916705,-2.310034398245281
8,SWAP M=32 (state-copy matched to LE M=64),246,-4.450577878753535,-6.072428627400886,-2.1443037326209353
8,SWAP M=32 (state-copy matched to LE M=64),251,-4.291345586827246,-6.215421788026382,-2.024779309393258
8,SWAP M=32 (state-copy matched to LE M=64),256,-4.513772776883272,-6.105848862498107,-1.9330784057242438
8,SWAP M=32 (state-copy matched to LE M=64),261,-4.6900932025541575,-5.976641279986399,-1.9710684694855014
8,SWAP M=32 (state-copy matched to LE M=64),266,-4.586565654797382,-5.9323702147514,-1.900148257232048
8,SWAP M=32 (state-copy matched to LE M=64),271,-4.29365647026089,-5.996111105568602,-1.7562454518307624
8,SWAP M=32 (state-copy matched to LE M=64),276,-4.068676883808731,-5.751756185582796,-1.7093418284346482
8,SWAP M=32 (state-copy matched to LE M=64),281,-4.601746794242841,-5.941927773421228,-1.623583549583824
8,SWAP M=32 (state-copy matched to LE M=64),286,-4.302890646452786,-6.196252098766312,-1.5296347046419565
8,SWAP M=32 (state-copy matched to LE M=64),291,-4.312926185467765,-5.96354490139818,-1.4602185453332182
8,SWAP M=32 (state-copy matched to LE M=64),296,-4.332564836370315,-6.226019457951316,-1.104181660574868
8,SWAP M=32 (state-copy matched to LE M=64),301,-4.508738344575907,-5.6460816910750165,-1.0210583780441733
8,SWAP M=32 (state-copy matched to LE M=64),306,-4.5485287449116765,-5.860760958106177,-0.7686827744328065
8,SWAP M=32 (state-copy matched to LE M=64),311,-4.698428627401823,-5.927420034309725,-0.5802864270445275
8,SWAP M=32 (state-copy matched to LE M=64),316,-4.454918346158813,-6.301617189002506,-0.4295544521708078
8,SWAP M=32 (state-copy matched to LE M=64),321,-4.575082930593622,-6.248698880147007,-0.35619616356819434
8,SWAP M=32 (state-copy matched to LE M=64),326,-4.361726516780744,-6.537080355726255,-0.2842675538683286
8,SWAP M=32 (state-copy matched to LE M=64),331,-4.253703692762605,-6.395619880455465,-0.23137804951370766
8,SWAP M=32 (state-copy matched to LE M=64),336,-4.119805803148272,-6.424761544872874,-0.17035534507303146
8,SWAP M=32 (state-copy matched to LE M=64),341,-4.157528324037891,-5.824945436594279,-0.12572891810027118
8,SWAP M=32 (state-copy matched to LE M=64),346,-4.155869219373825,-6.188225843192615,-0.06930748115625382
8,SWAP M=32 (state-copy matched to LE M=64),351,-4.179685990967677,-5.995841937888362,-0.028307136580673457
8,SWAP M=32 (state-copy matched to LE M=64),356,-4.453248788421314,-5.537871979776859,-0.010930079599459642
8,SWAP M=32 (state-copy matched to LE M=64),361,-4.155855464934298,-5.653057811193297,-0.008281624534545128
8,SWAP M=32 (state-copy matched to LE M=64),366,-4.055283960101067,-5.956209945425264,-0.005983585290221827
8,SWAP M=32 (state-copy matched to LE M=64),371,-4.1823926802750915,-6.040507830828595,-0.005718972399094456
8,SWAP M=32 (state-copy matched to LE M=64),376,-4.160467271419841,-5.892412812207318,-0.006041367525024589
8,SWAP M=32 (state-copy matched to LE M=64),381,-4.142019169392246,-5.974405924659507,-0.004687152757285473
8,SWAP M=32 (state-copy matched to LE M=64),386,-4.0135089048005135,-6.2081363609597355,-0.00515987076030858
8,SWAP M=32 (state-copy matched to LE M=64),391,-4.028712307086209,-6.617485531069954,-0.005525137522398046
8,SWAP M=32 (state-copy matched to LE M=64),396,-4.251589403760977,-6.211015848320605,-0.007422779499647671
8,SWAP M=32 (state-copy matched to LE M=64),401,-4.405966571190698,-6.2151589249161905,-0.004401626810561168
8,SWAP M=32 (state-copy matched to LE M=64),406,-3.929224949441818,-5.679249640142648,-0.005281457789739005
8,SWAP M=32 (state-copy matched to LE M=64),411,-4.0176949324164175,-5.614015510905013,-0.005351554403202533
8,SWAP M=32 (state-copy matched to LE M=64),416,-4.057880640302937,-5.988344845674282,-0.0058716377972471865
8,SWAP M=32 (state-copy matched to LE M=64),421,-4.246930868357671,-5.862558743169151,-0.0040271740709347265
8,SWAP M=32 (state-copy matched to LE M=64),426,-4.133697087163823,-6.09566517937276,-0.005378224697576204
8,SWAP M=32 (state-copy matched to LE M=64),431,-4.078506112065459,-5.983438764300021,-0.0045658365953233655
8,SWAP M=32 (state-copy matched to LE M=64),436,-4.2786536177106855,-5.71357593472947,-0.004872648415342752
8,SWAP M=32 (state-copy matched to LE M=64),441,-4.3745959130576875,-6.222084564600785,-0.0056597742578704865
8,SWAP M=32 (state-copy matched to LE M=64),446,-4.386814375652899,-5.935064862534066,-0.004799567150115687
8,SWAP M=32 (state-copy matched to LE M=64),451,-4.207570191372886,-5.952465484462687,-0.004487551143161702
8,SWAP M=32 (state-copy matched to LE M=64),456,-4.489122119003482,-5.998889082348572,-0.0035583950772083857
8,SWAP M=32 (state-copy matched to LE M=64),461,-4.453186314883526,-5.985183225280704,-0.0046197802136627815
8,SWAP M=32 (state-copy matched to LE M=64),466,-4.1412962982486645,-6.1147801158984585,-0.003356376631382579
8,SWAP M=32 (state-copy matched to LE M=64),471,-3.8954599659877123,-6.190029438213212,-0.003942522689252849
8,SWAP M=32 (state-copy matched to LE M=64),476,-3.9696402950187406,-6.640199440938397,-0.003096663370792479
8,SWAP M=32 (state-copy matched to LE M=64),481,-4.111958572323976,-6.124991408341747,-0.004661074999205631
8,SWAP M=32 (state-copy matched to LE M=64),486,-4.187849461952649,-6.297983440041956,-0.003935154636751288
8,SWAP M=32 (state-copy matched to LE M=64),491,-4.058430911886322,-6.293548991771584,-0.003323766190059892
8,SWAP M=32 (state-copy matched to LE M=64),496,-4.0702325722232215,-5.937282590410294,-0.0038659055948046025
8,SWAP M=32 (state-copy matched to LE M=64),500,-4.070412792680141,-6.01406243418495,-0.0048405145851079055
8,LE M=1024,1,-4.6588741645036595,-6.218916317378447,-3.0521320624317667
8,LE M=1024,6,-4.621014850087207,-6.209357983899633,-3.0339467065399615
8,LE M=1024,11,-4.595420862647123,-6.2076919300666695,-3.012418126845787
8,LE M=1024,16,-4.576273828030168,-6.203404421484917,-2.988352822216896
8,LE M=1024,21,-4.578066060497853,-6.20414898766722,-2.965390454082433
8,LE M=1024,26,-4.573539120978831,-6.206544400380372,-2.9469660032980607
8,LE M=1024,31,-4.566991043407624,-6.203404421484917,-2.9155984366649808
8,LE M=1024,36,-4.566469235392024,-6.210387033931734,-2.890023096486814
8,LE M=1024,41,-4.5647100916818815,-6.214304716924719,-2.873749949902317
8,LE M=1024,46,-4.564454622008292,-6.1982302044722655,-2.8570951838059706
8,LE M=1024,51,-4.563697692051706,-6.204091864453732,-2.8326693078774343
8,LE M=1024,56,-4.562455851098466,-6.21637104181227,-2.8115632881998884
8,LE M=1024,61,-4.561769535747423,-6.20096695130626,-2.7873867105754715
8,LE M=1024,66,-4.556295270755984,-6.185560318013696,-2.765622123369335
8,LE M=1024,71,-4.551377535325646,-6.194758658883688,-2.7423229927128627
8,LE M=1024,76,-4.54866077359145,-6.180065283958141,-2.722862506649821
8,LE M=1024,81,-4.5448750250540275,-6.171395915104173,-2.6996532103354376
8,LE M=1024,86,-4.542962582837548,-6.178332868389507,-2.679911543289344
8,LE M=1024,91,-4.540033971104253,-6.198945640575872,-2.6539634638882066
8,LE M=1024,96,-4.539357809669678,-6.210354047512653,-2.6296174958214347
8,LE M=1024,101,-4.537857900917492,-6.213148906235302,-2.6048695670023037
8,LE M=1024,106,-4.531081258676284,-6.211847808193687,-2.574542608923383
8,LE M=1024,111,-4.527596722741135,-6.202052543006561,-2.548225111248625
8,LE M=1024,116,-4.526673295350276,-6.236905472430092,-2.518873603073139
8,LE M=1024,121,-4.5226446776354425,-6.231539783671668,-2.49218618227059
8,LE M=1024,126,-4.519871003979953,-6.231886555674467,-2.464141553007541
8,LE M=1024,131,-4.519304032530362,-6.233650462964868,-2.4379385305398986
8,LE M=1024,136,-4.518676577096928,-6.222781622516973,-2.4063117094328534
8,LE M=1024,141,-4.518342463278653,-6.229264784431872,-2.372767011383974
8,LE M=1024,146,-4.514650358454216,-6.229264784431872,-2.3372252757614573
8,LE M=1024,151,-4.511637204190054,-6.235813130145296,-2.302950550442054
8,LE M=1024,156,-4.512343133184196,-6.234699149510986,-2.267241387790032
8,LE M=1024,161,-4.506962589331126,-6.241684693916616,-2.2256756272614324
8,LE M=1024,166,-4.5038050521765545,-6.241684693916616,-2.1819069197766217
8,LE M=1024,171,-4.502415827367859,-6.256235316234527,-2.1325367008456046
8,LE M=1024,176,-4.497620449574002,-6.245388811851804,-2.082526996088586
8,LE M=1024,181,-4.497632384935016,-6.244276736391437,-2.0299918663697936
8,LE M=1024,186,-4.49086014783756,-6.216239171013008,-1.9738693209962206
8,LE M=1024,191,-4.4898722949119545,-6.219456710987954,-1.911573213357334
8,LE M=1024,196,-4.48976561542712,-6.242621514358779,-1.8458054684894334
8,LE M=1024,201,-4.487459607275834,-6.22829254741466,-1.7661469053441792
8,LE M=1024,206,-4.487083131677283,-6.227199171944772,-1.684579346813555
8,LE M=1024,211,-4.4810143403579925,-6.224273760043296,-1.5939363449519397
8,LE M=1024,216,-4.476429418327858,-6.240164472632325,-1.4920396021687576
8,LE M=1024,221,-4.474501199157313,-6.23006439438825,-1.3701815254284768
8,LE M=1024,226,-4.470799161761379,-6.2465769008163345,-1.2291767723453892
8,LE M=1024,231,-4.467943721901834,-6.239555387972088,-1.0607902232998878
8,LE M=1024,236,-4.468043614775581,-6.226286859068244,-0.8604457454346934
8,LE M=1024,241,-4.468166020375495,-6.243018949774326,-0.6602783056260428
8,LE M=1024,246,-4.461298456873491,-6.239669016117322,-0.5119101375471428
8,LE M=1024,251,-4.460065356191446,-6.229569261701288,-0.4400874355417683
8,LE M=1024,256,-4.451978033131672,-6.232868290596247,-0.4062786315971257
8,LE M=1024,261,-4.4450028055217405,-6.219771268245694,-0.38068076742661433
8,LE M=1024,266,-4.44164350522454,-6.213168212411731,-0.3536433226531154
8,LE M=1024,271,-4.435429817250813,-6.2132817408992675,-0.3237942091279619
8,LE M=1024,276,-4.435329711374056,-6.210384344545331,-0.28794718383643025
8,LE M=1024,281,-4.426212735793415,-6.213433850226008,-0.2454144718040082
8,LE M=1024,286,-4.424716985856507,-6.194543884884822,-0.19348227393855308
8,LE M=1024,291,-4.425248101426931,-6.1883386824888476,-0.13279045505120077
8,LE M=1024,296,-4.421546814874209,-6.191433893636431,-0.07010389061533844
8,LE M=1024,301,-4.41670590255247,-6.200961101988397,-0.024523021764339053
8,LE M=1024,306,-4.41140936436317,-6.210454638663236,-0.005837280198322906
8,LE M=1024,311,-4.397538504496994,-6.210454638663236,-0.001198252377774055
8,LE M=1024,316,-4.387244192681453,-6.2201074156096725,-0.00032091565336081495
8,LE M=1024,321,-4.384538253270456,-6.226623006432242,-0.0001304696010648212
8,LE M=1024,326,-4.379724965364219,-6.246658927238081,-6.481921014418735e-05
8,LE M=1024,331,-4.370613221263915,-6.246722673708748,-5.1283042983414845e-05
8,LE M=1024,336,-4.3663243033155075,-6.243355420966328,-5.7915141169650246e-05
8,LE M=1024,341,-4.360339587592219,-6.240005487309324,-5.051982856626943e-05
8,LE M=1024,346,-4.353276399922764,-6.246875215109513,-4.9083037735596024e-05
8,LE M=1024,351,-4.343499278449844,-6.21717887599247,-5.501937826840187e-05
8,LE M=1024,356,-4.335644304733398,-6.194806160590416,-6.288308667545524e-05
8,LE M=1024,361,-4.331156272940424,-6.188753499595167,-5.464276167667359e-05
8,LE M=1024,366,-4.328446730569015,-6.188753499595167,-4.680940686814655e-05
8,LE M=1024,371,-4.325895158338826,-6.188600958194423,-3.8823384889792554e-05
8,LE M=1024,376,-4.318053419817877,-6.18567292876194,-8.441810303385813e-05
8,LE M=1024,381,-4.31105929864221,-6.191848710742807,-6.392398816957442e-05
8,LE M=1024,386,-4.301996051802826,-6.217154658070416,-5.763774231745425e-05
8,LE M=1024,391,-4.298246972954773,-6.21073539529669,-3.9972518716924715e-05
8,LE M=1024,396,-4.286333344046658,-6.207549334956542,-4.987324001889848e-05
8,LE M=1024,401,-4.28561443134813,-6.201223594034105,-4.032973401407798e-05
8,LE M=1024,406,-4.281841938637369,-6.185215629145801,-4.6776583389841204e-05
8,LE M=1024,411,-4.2774256762947545,-6.194268648542117,-4.1252922421625374e-05
8,LE M=1024,416,-4.273821200874222,-6.197241344571506,-4.868748103982046e-05
8,LE M=1024,421,-4.269835121556965,-6.191006440175643,-4.328816793934912e-05
8,LE M=1024,426,-4.263399578692178,-6.197241344571526,-4.175212381842964e-05
8,LE M=1024,431,-4.267882951953058,-6.193964322097294,-4.010306344075219e-05
8,LE M=1024,436,-4.261919898647795,-6.184803408182443,-4.767302706207621e-05
8,LE M=1024,441,-4.260678259370046,-6.166163840657072,-4.1002790585738095e-05
8,LE M=1024,446,-4.255266837587619,-6.163030212401381,-4.5788772244712367e-05
8,LE M=1024,451,-4.253083013119765,-6.184025674561845,-4.497063616542437e-05
8,LE M=1024,456,-4.249060517081903,-6.171847066959256,-5.968767147974587e-05
8,LE M=1024,461,-4.24454581961939,-6.171847066959256,-5.268148742735536e-05
8,LE M=1024,466,-4.241761875019916,-6.165817902053824,-4.7108424857641544e-05
8,LE M=1024,471,-4.237704459413624,-6.150834901823597,-4.645602358672512e-05
8,LE M=1024,476,-4.233368885724564,-6.165673198862528,-4.181498692075859e-05
8,LE M=1024,481,-4.22290907838609,-6.15676832162964,-4.412591545475612e-05
8,LE M=1024,486,-4.217315835757086,-6.153826882297792,-5.4029833026499086e-05
8,LE M=1024,491,-4.212501610005144,-6.162843037131027,-3.9622437845438855e-05
8,LE M=1024,496,-4.205574158940021,-6.162843037131027,-4.53471595530859e-05
8,LE M=1024,500,-4.202159798253904,-6.162843037131027,-3.529678438337639e-05
8,SWAP M=1024,1,-4.651670934070133,-6.171924873897607,-3.0654769728238094
8,SWAP M=1024,6,-4.650729219470815,-5.997683216485537,-3.0013566558342917
8,SWAP M=1024,11,-4.645682958600055,-6.196542581620616,-3.022411302560651
8,SWAP M=1024,16,-4.673781446306972,-6.254776017896355,-3.0216088999999533
8,SWAP M=1024,21,-4.689892690634866,-6.186035274744778,-3.013366381865144
8,SWAP M=1024,26,-4.6018993913263095,-5.830500524632547,-2.98594788558199
8,SWAP M=1024,31,-4.551575662939484,-5.7745154707791135,-2.969227327094199
8,SWAP M=1024,36,-4.55537799978161,-5.862220528008505,-2.971091158157357
8,SWAP M=1024,41,-4.588326147988656,-5.913588031761123,-2.9421620838441624
8,SWAP M=1024,46,-4.505687861400771,-5.731203832993627,-2.927224106155582
8,SWAP M=1024,51,-4.532791008088079,-5.662671040320162,-2.9028326808616085
8,SWAP M=1024,56,-4.494849266667547,-5.593908003057353,-2.8870720017942784
8,SWAP M=1024,61,-4.503778283587118,-5.720713782966552,-2.8924485614372184
8,SWAP M=1024,66,-4.488749066932014,-5.772772131044038,-2.862598902838423
8,SWAP M=1024,71,-4.441053693598445,-5.860590050513499,-2.839255112733956
8,SWAP M=1024,76,-4.472288661388006,-5.727958721253499,-2.828953074820888
8,SWAP M=1024,81,-4.547486178423473,-5.754137197149849,-2.800984218432527
8,SWAP M=1024,86,-4.565607192681094,-5.8157529485452555,-2.796377014304877
8,SWAP M=1024,91,-4.596114113750747,-5.927813265382593,-2.7504277536619095
8,SWAP M=1024,96,-4.64609331160318,-6.050259172686265,-2.6958814991976165
8,SWAP M=1024,101,-4.678618170008368,-6.0689725971223405,-2.669053210489361
8,SWAP M=1024,106,-4.674410840226218,-6.0856059659599335,-2.6721970208292087
8,SWAP M=1024,111,-4.623308628650125,-6.022262772159543,-2.6061775968874983
8,SWAP M=1024,116,-4.647189445938727,-5.823188754490163,-2.6021069531690517
8,SWAP M=1024,121,-4.66981293436969,-6.10522955891018,-2.595248918885302
8,SWAP M=1024,126,-4.65239797597353,-5.897561987283045,-2.574693427311402
8,SWAP M=1024,131,-4.638706074810319,-5.948723152188561,-2.5338761572192547
8,SWAP M=1024,136,-4.706091872736759,-5.84832339602887,-2.494856412044537
8,SWAP M=1024,141,-4.630882973944386,-6.028490704997982,-2.465191377626384
8,SWAP M=1024,146,-4.663471566050006,-5.899719090995121,-2.4494083582796096
8,SWAP M=1024,151,-4.671486460760914,-5.77919304511748,-2.408283201189987
8,SWAP M=1024,156,-4.632386093823983,-5.782962975464478,-2.361177456223283
8,SWAP M=1024,161,-4.618568124818996,-6.2576405506975945,-2.325325694972776
8,SWAP M=1024,166,-4.643868334089676,-6.25975250287053,-2.2826955169100622
8,SWAP M=1024,171,-4.582242921678771,-6.130998669736249,-2.2580634688521783
8,SWAP M=1024,176,-4.7217067123150525,-6.0839544780134425,-2.1994510055151286
8,SWAP M=1024,181,-4.751397338329751,-5.897028124157524,-2.1531207911677117
8,SWAP M=1024,186,-4.723172259537627,-5.883103867946171,-2.1119348627759207
8,SWAP M=1024,191,-4.8201311245139795,-5.77833186492118,-2.062417511378697
8,SWAP M=1024,196,-4.807281576140186,-5.884639187623742,-1.9967845908456185
8,SWAP M=1024,201,-4.761785992219918,-5.864288404312924,-1.926578463214799
8,SWAP M=1024,206,-4.844073307847672,-5.873030833396631,-1.8585371164626292
8,SWAP M=1024,211,-4.881251688038333,-5.881815459256237,-1.7984207183735257
8,SWAP M=1024,216,-4.7967150739518996,-5.9086601256992415,-1.7148442382594955
8,SWAP M=1024,221,-4.723231217560258,-5.9125045550112105,-1.618455962610871
8,SWAP M=1024,226,-4.7545107691723265,-5.900039457163575,-1.523195969024377
8,SWAP M=1024,231,-4.758045519012656,-5.826503928145036,-1.4181901310672091
8,SWAP M=1024,236,-4.7657212554564845,-5.718867781498023,-1.2847163765694012
8,SWAP M=1024,241,-4.635380241136362,-5.700551065526148,-1.1299715602092477
8,SWAP M=1024,246,-4.622975498292193,-5.8026143443023575,-0.9440339230302411
8,SWAP M=1024,251,-4.6866129491265145,-5.844023506037136,-0.7316289170811261
8,SWAP M=1024,256,-4.608935526138553,-5.707496093267838,-0.507318185951942
8,SWAP M=1024,261,-4.586290383025829,-5.852389675108246,-0.3376149779268807
8,SWAP M=1024,266,-4.603213105490784,-5.649979854561353,-0.23361806554221537
8,SWAP M=1024,271,-4.549072934248569,-5.627347029104726,-0.1610302757387507
8,SWAP M=1024,276,-4.56864525719088,-5.896185669890203,-0.09117311229886628
8,SWAP M=1024,281,-4.561608375936421,-5.843201821076834,-0.037221645874718504
8,SWAP M=1024,286,-4.4717187257379845,-5.826974604091459,-0.010684648192265112
8,SWAP M=1024,291,-4.470069106703329,-5.906570012687076,-0.0024092495413549275
8,SWAP M=1024,296,-4.495229699749821,-5.996246981837743,-0.0007207494153171688
8,SWAP M=1024,301,-4.569358523822024,-6.081381603484852,-0.0002974920614284968
8,SWAP M=1024,306,-4.570024740407771,-6.0432416107298925,-0.00014040831521794692
8,SWAP M=1024,311,-4.621478958165071,-5.998574157048523,-0.00011608441756750867
8,SWAP M=1024,316,-4.627427966981496,-6.00798684790314,-0.00022617401986566927
8,SWAP M=1024,321,-4.556006707285673,-5.996844132740618,-0.00016984701949162664
8,SWAP M=1024,326,-4.557491808883335,-5.9136431337553805,-0.00017018885746518072
8,SWAP M=1024,331,-4.4200833898522545,-5.89317587753116,-0.00015787510342325244
8,SWAP M=1024,336,-4.49225767839444,-5.790465407809757,-0.00015384519073747798
8,SWAP M=1024,341,-4.427009960961945,-5.839008388916518,-0.00017346495848137767
8,SWAP M=1024,346,-4.434273514929053,-5.810017174641119,-0.00017717432592250312
8,SWAP M=1024,351,-4.446651440024589,-5.74149186561421,-0.00016352170673078264
8,SWAP M=1024,356,-4.436603518066079,-5.77817017518367,-0.0001663385681820026
8,SWAP M=1024,361,-4.458686041942015,-5.793035435663912,-0.00014562155051595316
8,SWAP M=1024,366,-4.428424063155214,-5.814235358783936,-0.00012572757782726426
8,SWAP M=1024,371,-4.369901657537438,-5.74978378849498,-0.0001483590121643586
8,SWAP M=1024,376,-4.376750717413927,-5.826119767159027,-0.00015402502253502052
8,SWAP M=1024,381,-4.389092382395139,-5.811340964824069,-0.00010565344168534416
8,SWAP M=1024,386,-4.45325168288854,-5.711908705644537,-0.00012425685235187495
8,SWAP M=1024,391,-4.395032415306858,-5.740033204486771,-0.00010759503425166149
8,SWAP M=1024,396,-4.514573378890871,-5.752015060180689,-0.0001097482776228354
8,SWAP M=1024,401,-4.499297373975683,-5.694578308504829,-9.019391864719488e-05
8,SWAP M=1024,406,-4.5478879190626404,-5.689532091816864,-0.00010215927463276462
8,SWAP M=1024,411,-4.53661305878858,-5.637062862324356,-0.00013876352522457867
8,SWAP M=1024,416,-4.4383354252145235,-5.599857111692277,-9.685302310488022e-05
8,SWAP M=1024,421,-4.425692476007077,-5.694596904766761,-0.00010714716983395362
8,SWAP M=1024,426,-4.42521397295811,-5.70820885493876,-0.0001233366492921494
8,SWAP M=1024,431,-4.4108806498328175,-5.846722186622328,-0.00010868421221683742
8,SWAP M=1024,436,-4.428249601112716,-5.83289615413604,-0.00010875346131441482
8,SWAP M=1024,441,-4.410866461988572,-5.832863087833455,-9.254536437304571e-05
8,SWAP M=1024,446,-4.363452072818952,-5.92636189875708,-0.00011714420101230988
8,SWAP M=1024,451,-4.33991487426148,-5.992017564366773,-9.355917006188423e-05
8,SWAP M=1024,456,-4.311464847076957,-6.0502260404337775,-0.00010897414346324811
8,SWAP M=1024,461,-4.308197606184122,-5.909320469342832,-0.000141138115864519
8,SWAP M=1024,466,-4.402033797477102,-6.049783398676153,-0.00011111191819520935
8,SWAP M=1024,471,-4.340183578242827,-6.169980239480508,-9.205740021358188e-05
8,SWAP M=1024,476,-4.341487712873305,-6.149417919949205,-9.85616532376143e-05
8,SWAP M=1024,481,-4.347420975836718,-6.418877029550763,-0.0001305147386354631
8,SWAP M=1024,486,-4.37828760452367,-6.523411455707533,-0.00010891049835014323
8,SWAP M=1024,491,-4.459593915259092,-6.3712900400951975,-0.00011003333892421223
8,SWAP M=1024,496,-4.4814214543090145,-6.5229022113023705,-0.0001171841941309722
8,SWAP M=1024,500,-4.542053960346777,-6.5441713848211425,-0.00013249802084529036
8,SWAP M=512 (state-copy matched to LE M=1024),1,-4.641076496581898,-6.3563982723081995,-3.0350306464055197
8,SWAP M=512 (state-copy matched to LE M=1024),6,-4.568898914926709,-5.940510822486529,-3.021425365569467
8,SWAP M=512 (state-copy matched to LE M=1024),11,-4.4626356405716585,-6.027596195318255,-2.9490288276333176
8,SWAP M=512 (state-copy matched to LE M=1024),16,-4.417602166736475,-6.136785680188992,-2.973178429715816
8,SWAP M=512 (state-copy matched to LE M=1024),21,-4.402457266802145,-6.057734223549076,-2.9728618817730723
8,SWAP M=512 (state-copy matched to LE M=1024),26,-4.345756240765372,-5.936229684258624,-2.9646432778920397
8,SWAP M=512 (state-copy matched to LE M=1024),31,-4.3518485196355865,-5.9889692768091125,-2.9229184616765806
8,SWAP M=512 (state-copy matched to LE M=1024),36,-4.422514245466222,-5.905578818548138,-2.878265313737073
8,SWAP M=512 (state-copy matched to LE M=1024),41,-4.48234477766689,-5.7714312297047305,-2.846527948149871
8,SWAP M=512 (state-copy matched to LE M=1024),46,-4.452095818538957,-5.69883161789055,-2.923204460282176
8,SWAP M=512 (state-copy matched to LE M=1024),51,-4.459077235006484,-5.712322041234991,-2.8700349327227865
8,SWAP M=512 (state-copy matched to LE M=1024),56,-4.500043157356786,-5.7284241214218685,-2.7540180533791867
8,SWAP M=512 (state-copy matched to LE M=1024),61,-4.429973184698369,-5.693444122695562,-2.705179305946944
8,SWAP M=512 (state-copy matched to LE M=1024),66,-4.4338146708572275,-5.727463946184908,-2.682732149165577
8,SWAP M=512 (state-copy matched to LE M=1024),71,-4.49200990488884,-5.732452950913121,-2.6314246379014006
8,SWAP M=512 (state-copy matched to LE M=1024),76,-4.415873669703298,-5.678067461919712,-2.5907445380127108
8,SWAP M=512 (state-copy matched to LE M=1024),81,-4.4443310107595355,-5.699858287952045,-2.5738192248805936
8,SWAP M=512 (state-copy matched to LE M=1024),86,-4.4480167116427864,-5.7572238090383685,-2.560341240338413
8,SWAP M=512 (state-copy matched to LE M=1024),91,-4.3986310442915,-5.678562297906535,-2.5301936457839265
8,SWAP M=512 (state-copy matched to LE M=1024),96,-4.376359671998523,-5.6519104580285555,-2.496253863683098
8,SWAP M=512 (state-copy matched to LE M=1024),101,-4.365098970509358,-5.844740717436438,-2.4331830277776576
8,SWAP M=512 (state-copy matched to LE M=1024),106,-4.326271496267859,-5.790100490763679,-2.441587514245796
8,SWAP M=512 (state-copy matched to LE M=1024),111,-4.4120486490889865,-5.764584961875988,-2.404601783539292
8,SWAP M=512 (state-copy matched to LE M=1024),116,-4.425657147101116,-5.673951271548834,-2.3909134889405563
8,SWAP M=512 (state-copy matched to LE M=1024),121,-4.46896667955127,-5.77503471644461,-2.3779630499967035
8,SWAP M=512 (state-copy matched to LE M=1024),126,-4.457292073387215,-5.773359293496375,-2.3138665479449334
8,SWAP M=512 (state-copy matched to LE M=1024),131,-4.462118098157444,-5.778075184529845,-2.286874568986237
8,SWAP M=512 (state-copy matched to LE M=1024),136,-4.500339625113336,-5.716322901299855,-2.235113065331835
8,SWAP M=512 (state-copy matched to LE M=1024),141,-4.5521612853756555,-5.625133515587013,-2.204102677246502
8,SWAP M=512 (state-copy matched to LE M=1024),146,-4.409544445577415,-5.594606758009617,-2.169927428527483
8,SWAP M=512 (state-copy matched to LE M=1024),151,-4.475609465359819,-5.554444370831732,-2.139792022659858
8,SWAP M=512 (state-copy matched to LE M=1024),156,-4.412028517434733,-5.421920512444203,-2.1230450362185813
8,SWAP M=512 (state-copy matched to LE M=1024),161,-4.368564710744601,-5.397828127639967,-2.1089058060310233
8,SWAP M=512 (state-copy matched to LE M=1024),166,-4.334151658350116,-5.406118060336779,-2.0402714487250204
8,SWAP M=512 (state-copy matched to LE M=1024),171,-4.412994875988908,-5.4663353778017925,-2.0123320687200486
8,SWAP M=512 (state-copy matched to LE M=1024),176,-4.362567011256764,-5.413527905269838,-1.9325975087764284
8,SWAP M=512 (state-copy matched to LE M=1024),181,-4.474509768354021,-5.498163683783639,-1.847285254068758
8,SWAP M=512 (state-copy matched to LE M=1024),186,-4.42706387607497,-5.502719776174877,-1.7805474941951709
8,SWAP M=512 (state-copy matched to LE M=1024),191,-4.441300715081894,-5.621032361961316,-1.7013592789256644
8,SWAP M=512 (state-copy matched to LE M=1024),196,-4.537164198244376,-5.713332217658565,-1.6014545426537765
8,SWAP M=512 (state-copy matched to LE M=1024),201,-4.465049709406237,-5.692717204241093,-1.4911099596232056
8,SWAP M=512 (state-copy matched to LE M=1024),206,-4.462786571528201,-5.693633728793181,-1.3862295167850147
8,SWAP M=512 (state-copy matched to LE M=1024),211,-4.448540816682488,-5.448626507898878,-1.258526235412917
8,SWAP M=512 (state-copy matched to LE M=1024),216,-4.602789482712538,-5.49824034909649,-1.111424930233866
8,SWAP M=512 (state-copy matched to LE M=1024),221,-4.543465945666309,-5.446978197684276,-0.9292648279852957
8,SWAP M=512 (state-copy matched to LE M=1024),226,-4.49978080412026,-5.486786192561688,-0.7156417102198986
8,SWAP M=512 (state-copy matched to LE M=1024),231,-4.389792964401031,-5.5114113279617465,-0.4979821581579288
8,SWAP M=512 (state-copy matched to LE M=1024),236,-4.423047686447182,-5.494107089388605,-0.35447043035632897
8,SWAP M=512 (state-copy matched to LE M=1024),241,-4.426899385794484,-5.450730896410945,-0.26875951719266544
8,SWAP M=512 (state-copy matched to LE M=1024),246,-4.478204869997613,-5.4189459540704785,-0.20982018392344223
8,SWAP M=512 (state-copy matched to LE M=1024),251,-4.475277473262329,-5.484961335897847,-0.15359862259315882
8,SWAP M=512 (state-copy matched to LE M=1024),256,-4.485973728359119,-5.444249642632869,-0.09033481835240337
8,SWAP M=512 (state-copy matched to LE M=1024),261,-4.477624076224615,-5.662287528959547,-0.03600771048970788
8,SWAP M=512 (state-copy matched to LE M=1024),266,-4.484723159477568,-5.6149750015544,-0.009518294430673242
8,SWAP M=512 (state-copy matched to LE M=1024),271,-4.454958796162353,-5.53154987149705,-0.002354374224924206
8,SWAP M=512 (state-copy matched to LE M=1024),276,-4.3010999975274355,-5.7976662023432635,-0.0007035610440173652
8,SWAP M=512 (state-copy matched to LE M=1024),281,-4.25209097954054,-5.732156294226515,-0.0005067368414814121
8,SWAP M=512 (state-copy matched to LE M=1024),286,-4.288740674738774,-5.998945244856307,-0.0005101340593375718
8,SWAP M=512 (state-copy matched to LE M=1024),291,-4.219787430039336,-5.986111978503497,-0.0005135252469153778
8,SWAP M=512 (state-copy matched to LE M=1024),296,-4.245876328174486,-6.325387341540356,-0.0004356707576050327
8,SWAP M=512 (state-copy matched to LE M=1024),301,-4.206975599881626,-6.159255188866991,-0.0003720395935320526
8,SWAP M=512 (state-copy matched to LE M=1024),306,-4.280379291833877,-6.222641989365705,-0.00034717269570596563
8,SWAP M=512 (state-copy matched to LE M=1024),311,-4.300466490979808,-6.015328682051846,-0.0003591440049147287
8,SWAP M=512 (state-copy matched to LE M=1024),316,-4.299193170636173,-6.1398780893374125,-0.00030154968228050344
8,SWAP M=512 (state-copy matched to LE M=1024),321,-4.325343687329573,-6.167524725248085,-0.00039909011561951706
8,SWAP M=512 (state-copy matched to LE M=1024),326,-4.305635938660036,-6.301756422036202,-0.0003852052260574434
8,SWAP M=512 (state-copy matched to LE M=1024),331,-4.403797360388442,-6.060168354338778,-0.00030389177648270705
8,SWAP M=512 (state-copy matched to LE M=1024),336,-4.406246824034559,-6.129933598004193,-0.0004378162230688993
8,SWAP M=512 (state-copy matched to LE M=1024),341,-4.4045126176903535,-6.346344738357513,-0.000294187117411296
8,SWAP M=512 (state-copy matched to LE M=1024),346,-4.415325774644005,-6.248828468218388,-0.00032561429475467857
8,SWAP M=512 (state-copy matched to LE M=1024),351,-4.357061449763205,-6.146641532801478,-0.00029370695610969567
8,SWAP M=512 (state-copy matched to LE M=1024),356,-4.32017935039943,-6.04618827621041,-0.0004839151501735701
8,SWAP M=512 (state-copy matched to LE M=1024),361,-4.38295507196471,-5.9412120094617915,-0.00043831168759814876
8,SWAP M=512 (state-copy matched to LE M=1024),366,-4.38872383551316,-6.034604324823759,-0.00037102552388105446
8,SWAP M=512 (state-copy matched to LE M=1024),371,-4.366103273934095,-5.80782624275451,-0.00035041388701516785
8,SWAP M=512 (state-copy matched to LE M=1024),376,-4.428589600802301,-5.583621343673159,-0.00046101984069546204
8,SWAP M=512 (state-copy matched to LE M=1024),381,-4.482259445365852,-5.853776096288807,-0.00031434086078276427
8,SWAP M=512 (state-copy matched to LE M=1024),386,-4.452832590295384,-5.786790132566205,-0.00038801812169682353
8,SWAP M=512 (state-copy matched to LE M=1024),391,-4.437198096680398,-5.720176872515783,-0.00039687703706317335
8,SWAP M=512 (state-copy matched to LE M=1024),396,-4.430436115667359,-5.502493910694956,-0.0002446153317542047
8,SWAP M=512 (state-copy matched to LE M=1024),401,-4.438341522178739,-5.654001721574808,-0.00028218934394614226
8,SWAP M=512 (state-copy matched to LE M=1024),406,-4.419302551283589,-5.692058774760358,-0.0003558406647819936
8,SWAP M=512 (state-copy matched to LE M=1024),411,-4.426116269291193,-5.5539643208989995,-0.0003002502115008838
8,SWAP M=512 (state-copy matched to LE M=1024),416,-4.414904168692654,-5.5214073573582025,-0.0002277079945965095
8,SWAP M=512 (state-copy matched to LE M=1024),421,-4.336517157166071,-5.63003390050063,-0.0002624474081870976
8,SWAP M=512 (state-copy matched to LE M=1024),426,-4.293936095821177,-5.729725145899083,-0.00030759015692477824
8,SWAP M=512 (state-copy matched to LE M=1024),431,-4.160626114744202,-5.665993907684419,-0.0003273952191051487
8,SWAP M=512 (state-copy matched to LE M=1024),436,-4.149893884567363,-5.685932526055014,-0.00023973656669976562
8,SWAP M=512 (state-copy matched to LE M=1024),441,-4.134902311818561,-5.711278312471412,-0.00031422195412446216
8,SWAP M=512 (state-copy matched to LE M=1024),446,-4.144220737451882,-5.759076382404361,-0.0002706623008340148
8,SWAP M=512 (state-copy matched to LE M=1024),451,-4.189653660322735,-5.397441424241953,-0.0003233282399129698
8,SWAP M=512 (state-copy matched to LE M=1024),456,-4.173568692388969,-5.441316578638428,-0.00033402315655723476
8,SWAP M=512 (state-copy matched to LE M=1024),461,-4.115848743412954,-5.635024723160905,-0.0002893408807492212
8,SWAP M=512 (state-copy matched to LE M=1024),466,-4.184725833519259,-5.483938953961714,-0.0003316708449101831
8,SWAP M=512 (state-copy matched to LE M=1024),471,-4.24177295801846,-5.430532142706742,-0.00024596860057962575
8,SWAP M=512 (state-copy matched to LE M=1024),476,-4.21093270536447,-5.381188706042672,-0.00031841490536864647
8,SWAP M=512 (state-copy matched to LE M=1024),481,-4.215318529157006,-5.4370265844631085,-0.0003036643122500698
8,SWAP M=512 (state-copy matched to LE M=1024),486,-4.230041195352565,-5.61457967642571,-0.00037440438160575963
8,SWAP M=512 (state-copy matched to LE M=1024),491,-4.2460337438444755,-5.669381235454787,-0.0002808178539168094
8,SWAP M=512 (state-copy matched to LE M=1024),496,-4.29180800682307,-5.700172919206795,-0.00026447618132392797
8,SWAP M=512 (state-copy matched to LE M=1024),500,-4.285223333682158,-5.677141449156921,-0.0002206954898888538
8,SWAP-noise random walk M=64,1,-4.708532619527466,-6.130232679559999,-3.0563551857121145
8,SWAP-noise random walk M=64,6,-4.687246900609557,-6.257416842261446,-3.1086482502682644
8,SWAP-noise random walk M=64,11,-4.800439633004402,-6.150431195722045,-3.1053583700923193
8,SWAP-noise random walk M=64,16,-4.693939229376383,-6.253317179065634,-2.9880995967136035
8,SWAP-noise random walk M=64,21,-4.699580760436886,-5.7507428942653265,-2.899549314298711
8,SWAP-noise random walk M=64,26,-4.687924498313857,-5.503239418375359,-3.139567244173895
8,SWAP-noise random walk M=64,31,-4.536120957932872,-5.394858300640453,-3.173623706425974
8,SWAP-noise random walk M=64,36,-4.463943787028936,-5.48184085547964,-3.3901585637962013
8,SWAP-noise random walk M=64,41,-4.31472955064581,-5.949953965887077,-3.4392535895019978
8,SWAP-noise random walk M=64,46,-4.430638219842738,-5.52198668626535,-3.2503022179909524
8,SWAP-noise random walk M=64,51,-4.2532212725409595,-5.56782749479776,-3.2401758823244715
8,SWAP-noise random walk M=64,56,-4.182365553119121,-5.478437771570992,-3.2294585029856426
8,SWAP-noise random walk M=64,61,-4.152924275750754,-5.440812620682575,-3.183221530452303
8,SWAP-noise random walk M=64,66,-4.2554693822766385,-5.460542769884759,-3.2949716864068934
8,SWAP-noise random walk M=64,71,-4.317400820645907,-6.266511626315558,-3.3895900955103895
8,SWAP-noise random walk M=64,76,-4.485801706046738,-6.214584486846293,-3.1904149430560778
8,SWAP-noise random walk M=64,81,-4.45054344600592,-6.287379028552428,-3.2999516264540185
8,SWAP-noise random walk M=64,86,-4.448293677307234,-5.9747080919095135,-3.3738824237094183
8,SWAP-noise random walk M=64,91,-4.269373050402463,-5.814362580691446,-3.1811255945574572
8,SWAP-noise random walk M=64,96,-4.284522897731848,-6.030346393256375,-3.3583730336590314
8,SWAP-noise random walk M=64,101,-4.184387838871672,-5.402098617154191,-3.1987178543106034
8,SWAP-noise random walk M=64,106,-4.153723167673332,-5.4801409561808745,-3.143621239226505
8,SWAP-noise random walk M=64,111,-4.254859430909708,-5.479199838835504,-3.0923030290392006
8,SWAP-noise random walk M=64,116,-4.226361086599219,-5.46226653221659,-3.0901679483456768
8,SWAP-noise random walk M=64,121,-4.3403337935702595,-5.4536876170900745,-3.1123564497378475
8,SWAP-noise random walk M=64,126,-4.4046614959965815,-5.334031138709177,-3.1488759129638737
8,SWAP-noise random walk M=64,131,-4.4276747010090265,-5.605659486071141,-3.0275314214769016
8,SWAP-noise random walk M=64,136,-4.469815346908084,-5.791126368926761,-3.062909140955187
8,SWAP-noise random walk M=64,141,-4.496628856442181,-5.374450878402287,-3.053120324603731
8,SWAP-noise random walk M=64,146,-4.5400646369418665,-5.620494782907111,-3.2061475635740306
8,SWAP-noise random walk M=64,151,-4.383231591714235,-5.872363831576137,-3.0507380436888374
8,SWAP-noise random walk M=64,156,-4.572595691113426,-5.607249922039247,-3.161999973319523
8,SWAP-noise random walk M=64,161,-4.436446814242418,-5.73111750557122,-3.1914845632318753
8,SWAP-noise random walk M=64,166,-4.482633138464051,-5.713541535915703,-3.1737735881359104
8,SWAP-noise random walk M=64,171,-4.472950534151488,-5.603822196977217,-3.2817854882516144
8,SWAP-noise random walk M=64,176,-4.700277219486603,-5.456165000550795,-3.3470636413681136
8,SWAP-noise random walk M=64,181,-4.443544092657491,-5.895076903357676,-3.397636858249496
8,SWAP-noise random walk M=64,186,-4.702857417288405,-6.453199536506338,-3.408932954740163
8,SWAP-noise random walk M=64,191,-4.376273098829681,-6.081821670914043,-3.4427845823390464
8,SWAP-noise random walk M=64,196,-4.535747877865029,-5.954206778026707,-3.3945576877333936
8,SWAP-noise random walk M=64,201,-4.600119179170019,-6.156164821309541,-3.3848202628873274
8,SWAP-noise random walk M=64,206,-4.487483516747576,-6.196632122587447,-3.5216035813353983
8,SWAP-noise random walk M=64,211,-4.6304603749104505,-6.007206173716071,-3.4026112855619197
8,SWAP-noise random walk M=64,216,-4.613612650924774,-5.830347799037355,-3.4032595367008893
8,SWAP-noise random walk M=64,221,-4.467059407737216,-5.908417178833396,-3.490466343961437
8,SWAP-noise random walk M=64,226,-4.362282348194025,-6.058396924995849,-3.4370638435194523
8,SWAP-noise random walk M=64,231,-4.243269035524024,-6.148988130303428,-3.268458283980213
8,SWAP-noise random walk M=64,236,-4.498264969527996,-6.107945128600036,-3.1838676045125505
8,SWAP-noise random walk M=64,241,-4.645507275909552,-5.913447238035437,-3.201570274679026
8,SWAP-noise random walk M=64,246,-4.6209857799131955,-5.7136909335223045,-3.2299741737630683
8,SWAP-noise random walk M=64,251,-4.464243409932939,-5.650503929731862,-3.1941408120536585
8,SWAP-noise random walk M=64,256,-4.4463023594869195,-5.7560712929813915,-3.2560264762937523
8,SWAP-noise random walk M=64,261,-4.543098818406406,-5.569542774779174,-3.3364838806815253
8,SWAP-noise random walk M=64,266,-4.235565597923551,-5.319651966818624,-3.2645597998238536
8,SWAP-noise random walk M=64,271,-4.534742702439041,-5.678791714719485,-3.40633994165149
8,SWAP-noise random walk M=64,276,-4.336361565457585,-5.717020056262467,-3.440278918272076
8,SWAP-noise random walk M=64,281,-4.313339422664091,-5.4426995157761375,-3.367533178483997
8,SWAP-noise random walk M=64,286,-4.503497944560971,-5.362341893496081,-3.3021755574732983
8,SWAP-noise random walk M=64,291,-4.510709505948331,-5.357772781143487,-3.2802113549850436
8,SWAP-noise random walk M=64,296,-4.341278622235748,-5.373416685692219,-3.169625048607264
8,SWAP-noise random walk M=64,301,-4.248405118932888,-5.390964372691651,-3.2771605062852975
8,SWAP-noise random walk M=64,306,-4.327092995089529,-5.550908164182142,-3.285936430455237
8,SWAP-noise random walk M=64,311,-4.377891189537131,-5.4731247220871975,-3.4170398089148852
8,SWAP-noise random walk M=64,316,-4.24410459253665,-5.458158775422085,-3.4722152767557017
8,SWAP-noise random walk M=64,321,-4.313728825722835,-5.880851871690818,-3.4079827698381493
8,SWAP-noise random walk M=64,326,-4.400378462739929,-5.733172417399347,-3.314828291063872
8,SWAP-noise random walk M=64,331,-4.279065051408745,-5.886142546755655,-3.2277068695489213
8,SWAP-noise random walk M=64,336,-4.162995207116928,-5.624540249145347,-3.124630780492937
8,SWAP-noise random walk M=64,341,-4.425232614916415,-5.895418620488173,-3.2727874592314947
8,SWAP-noise random walk M=64,346,-4.4290549843646545,-5.82714749547797,-3.4099665261921057
8,SWAP-noise random walk M=64,351,-4.6360808796146,-5.666776485384741,-3.4169547420772957
8,SWAP-noise random walk M=64,356,-4.484173320838565,-5.738409349490607,-3.381949142859734
8,SWAP-noise random walk M=64,361,-4.474828615758039,-5.863221061610722,-3.3708834273195114
8,SWAP-noise random walk M=64,366,-4.613024784474307,-6.101903165287998,-3.231088636190476
8,SWAP-noise random walk M=64,371,-4.575617319078708,-5.988437474792274,-3.3272435512059926
8,SWAP-noise random walk M=64,376,-4.659675881621789,-5.87696241195228,-3.1909403900093936
8,SWAP-noise random walk M=64,381,-4.517954942234564,-5.73579073756321,-3.2757658017106284
8,SWAP-noise random walk M=64,386,-4.4632793974555875,-5.8959851382700865,-3.330197324263235
8,SWAP-noise random walk M=64,391,-4.667501464528752,-5.843446052432736,-3.1573380943742033
8,SWAP-noise random walk M=64,396,-4.731312699880401,-5.993557410764329,-3.203070397015839
8,SWAP-noise random walk M=64,401,-4.810007424770525,-6.008411499051188,-3.306794203202861
8,SWAP-noise random walk M=64,406,-4.715045773523444,-5.944460822020494,-3.270167457336014
8,SWAP-noise random walk M=64,411,-4.585740697473531,-6.174804442527195,-3.414610091420551
8,SWAP-noise random walk M=64,416,-4.719277005086514,-5.98799619586579,-3.5262296706451175
8,SWAP-noise random walk M=64,421,-4.740684075566165,-5.828004050731382,-3.2400904706767815
8,SWAP-noise random walk M=64,426,-4.654487029066807,-5.6639043390595845,-3.444935677317903
8,SWAP-noise random walk M=64,431,-4.256051118571616,-5.650814996923884,-3.36656953251945
8,SWAP-noise random walk M=64,436,-4.477433241187969,-5.872232808395891,-3.3581962767510554
8,SWAP-noise random walk M=64,441,-4.314043920816941,-5.769640346630315,-3.2383373022527593
8,SWAP-noise random walk M=64,446,-4.423827794668287,-5.6492042442495185,-3.220739144862966
8,SWAP-noise random walk M=64,451,-4.263935303929006,-5.798612995188176,-3.3196833844577207
8,SWAP-noise random walk M=64,456,-4.187349625104629,-5.592893190504129,-3.12450493361633
8,SWAP-noise random walk M=64,461,-4.159323115448577,-5.622607000023079,-3.117985193189288
8,SWAP-noise random walk M=64,466,-4.198701267755067,-5.480659086413,-2.96674159940504
8,SWAP-noise random walk M=64,471,-3.9478957347864854,-5.72103783332469,-3.0624864593497167
8,SWAP-noise random walk M=64,476,-4.04441253661439,-5.671506119511465,-2.956303713086115
8,SWAP-noise random walk M=64,481,-4.030129810811163,-5.572295381483152,-2.912353583854261
8,SWAP-noise random walk M=64,486,-4.172226891072107,-5.404413470783649,-2.840534703688165
8,SWAP-noise random walk M=64,491,-4.264871428111631,-5.439380591450665,-2.8787667498802776
8,SWAP-noise random walk M=64,496,-4.165951237376303,-5.647913797460843,-2.8129906453625875
8,SWAP-noise random walk M=64,500,-4.1972454647919495,-5.499992305014255,-2.876466978110755
8,SWAP-noise random walk M=1024,1,-4.607439755763019,-6.362104782810341,-3.049469136049509
8,SWAP-noise random walk M=1024,6,-4.574625138950239,-6.061137000362789,-3.065636196524249
8,SWAP-noise random walk M=1024,11,-4.600703268529372,-5.999711070725657,-3.1072516696070864
8,SWAP-noise random walk M=1024,16,-4.692105988244978,-5.9820504253125515,-3.0515417642547646
8,SWAP-noise random walk M=1024,21,-4.6444948349285475,-5.922821536181606,-3.031517607495716
8,SWAP-noise random walk M=1024,26,-4.645486063568469,-5.918595597304585,-2.9827623432094974
8,SWAP-noise random walk M=1024,31,-4.716656295502958,-5.844718129032118,-2.9859501465071308
8,SWAP-noise random walk M=1024,36,-4.709311921418779,-5.8250449101478905,-2.9640885702119113
8,SWAP-noise random walk M=1024,41,-4.656004618379372,-5.793319591670981,-2.9396053982620374
8,SWAP-noise random walk M=1024,46,-4.631764554078481,-5.772758610862229,-2.934502320610699
8,SWAP-noise random walk M=1024,51,-4.526797607665758,-5.746559445202114,-3.003128924565165
8,SWAP-noise random walk M=1024,56,-4.640538715581057,-5.80636109238622,-3.004567660245085
8,SWAP-noise random walk M=1024,61,-4.625311033206861,-5.797443237475111,-3.010360336947585
8,SWAP-noise random walk M=1024,66,-4.579815074945717,-5.7503062207957925,-3.061134752656449
8,SWAP-noise random walk M=1024,71,-4.596302211689269,-5.829879508412112,-3.045894304020837
8,SWAP-noise random walk M=1024,76,-4.572513155076917,-5.865266560855222,-3.0623873794255685
8,SWAP-noise random walk M=1024,81,-4.555963462800621,-5.844730201564979,-3.044706833770529
8,SWAP-noise random walk M=1024,86,-4.5369536142782785,-5.867636231048877,-3.0806720198417956
8,SWAP-noise random walk M=1024,91,-4.52337067978546,-5.849887977987838,-3.0773853789898733
8,SWAP-noise random walk M=1024,96,-4.5131156934680305,-5.8262129224210675,-3.0962974206351945
8,SWAP-noise random walk M=1024,101,-4.491367995040057,-6.060133157747774,-3.092196092235076
8,SWAP-noise random walk M=1024,106,-4.4308175515556165,-5.891229190503055,-3.1169786608843455
8,SWAP-noise random walk M=1024,111,-4.468331003571638,-6.095320260966719,-3.1309711068959216
8,SWAP-noise random walk M=1024,116,-4.472072816497684,-5.937003619443353,-3.1710308606115323
8,SWAP-noise random walk M=1024,121,-4.3789852005619885,-5.934198109214049,-3.1420729505158302
8,SWAP-noise random walk M=1024,126,-4.297612694884622,-6.126624315382735,-3.1352696011160988
8,SWAP-noise random walk M=1024,131,-4.3650383950392,-6.163382195926262,-3.1624467186973515
8,SWAP-noise random walk M=1024,136,-4.38276854720061,-5.822641275854761,-3.1546617587174657
8,SWAP-noise random walk M=1024,141,-4.467296379895187,-6.0534763425871025,-3.153763473608559
8,SWAP-noise random walk M=1024,146,-4.451783924788998,-5.930557661261005,-3.1448169417078944
8,SWAP-noise random walk M=1024,151,-4.413976266584813,-5.818252437974445,-3.1456795112256284
8,SWAP-noise random walk M=1024,156,-4.440137903945032,-5.895342480853262,-3.1928766733369116
8,SWAP-noise random walk M=1024,161,-4.431195383563634,-5.7863642676467,-3.1932331435578396
8,SWAP-noise random walk M=1024,166,-4.440657205226777,-5.784314694313467,-3.1966338921854422
8,SWAP-noise random walk M=1024,171,-4.433549087212439,-6.040509930920494,-3.2088689778252357
8,SWAP-noise random walk M=1024,176,-4.380194531725639,-5.889694444267695,-3.194082579021842
8,SWAP-noise random walk M=1024,181,-4.35441457910677,-5.838304436437965,-3.1676860308408896
8,SWAP-noise random walk M=1024,186,-4.349519490382111,-5.842950974213628,-3.180698509653217
8,SWAP-noise random walk M=1024,191,-4.347779739826479,-5.826422684049423,-3.225294520511192
8,SWAP-noise random walk M=1024,196,-4.402653056920649,-5.844703681799027,-3.23861640846997
8,SWAP-noise random walk M=1024,201,-4.399363066207579,-5.859461439997316,-3.228804710291307
8,SWAP-noise random walk M=1024,206,-4.423790943004255,-5.820608248739943,-3.2191548101347354
8,SWAP-noise random walk M=1024,211,-4.466096436449897,-5.762976729355311,-3.2010251295543526
8,SWAP-noise random walk M=1024,216,-4.525267148846745,-5.847609362516201,-3.2009538446192556
8,SWAP-noise random walk M=1024,221,-4.453167751944539,-5.857741337656619,-3.194254588496332
8,SWAP-noise random walk M=1024,226,-4.3922998117228245,-5.915726162055874,-3.2122466917722545
8,SWAP-noise random walk M=1024,231,-4.504276096154085,-5.907473304623804,-3.2199596035383258
8,SWAP-noise random walk M=1024,236,-4.501088290609479,-5.813447099623064,-3.239971148561719
8,SWAP-noise random walk M=1024,241,-4.516246038724656,-5.873492889486178,-3.279091089016581
8,SWAP-noise random walk M=1024,246,-4.500621380495822,-5.860127741364433,-3.2638682590545978
8,SWAP-noise random walk M=1024,251,-4.448243153401558,-5.843459120720276,-3.2760746405378693
8,SWAP-noise random walk M=1024,256,-4.468958630563732,-5.774120652711051,-3.3362427342432155
8,SWAP-noise random walk M=1024,261,-4.471742125368753,-5.831633675608517,-3.338508148625617
8,SWAP-noise random walk M=1024,266,-4.465947467873045,-5.772293037516409,-3.304771641016359
8,SWAP-noise random walk M=1024,271,-4.464931638505043,-5.929778488084981,-3.3179612162326455
8,SWAP-noise random walk M=1024,276,-4.47171883039333,-5.89014870756275,-3.2997979364292256
8,SWAP-noise random walk M=1024,281,-4.495319453896473,-5.939665087807358,-3.3023675784161832
8,SWAP-noise random walk M=1024,286,-4.4869149574965705,-6.026205797910128,-3.3682643655817195
8,SWAP-noise random walk M=1024,291,-4.50238583127256,-5.94831242151855,-3.3284386443985463
8,SWAP-noise random walk M=1024,296,-4.389304380784251,-5.891051792571473,-3.3169704991750866
8,SWAP-noise random walk M=1024,301,-4.435529528267816,-5.8633616138222155,-3.3535818318483606
8,SWAP-noise random walk M=1024,306,-4.4666287963915385,-5.937213991068429,-3.3482352521722425
8,SWAP-noise random walk M=1024,311,-4.44270926652287,-5.929743829333148,-3.368112440593727
8,SWAP-noise random walk M=1024,316,-4.48624704905771,-5.989974682250621,-3.38554352154652
8,SWAP-noise random walk M=1024,321,-4.470552835506539,-6.037704918954642,-3.3523324196640933
8,SWAP-noise random walk M=1024,326,-4.489842561389101,-6.155521263387346,-3.3229438237582274
8,SWAP-noise random walk M=1024,331,-4.4289169128475745,-6.061702343555056,-3.3471731970739387
8,SWAP-noise random walk M=1024,336,-4.366045653985304,-6.027186661800117,-3.3319279681101928
8,SWAP-noise random walk M=1024,341,-4.31783507430251,-6.138280545682264,-3.35399940810843
8,SWAP-noise random walk M=1024,346,-4.369810550252474,-6.1432842226699815,-3.3240583155635606
8,SWAP-noise random walk M=1024,351,-4.324958728630005,-6.186737539001297,-3.3190723856278557
8,SWAP-noise random walk M=1024,356,-4.435626347122067,-6.125918942386828,-3.309369257872263
8,SWAP-noise random walk M=1024,361,-4.390437348250343,-6.094233017260745,-3.3493846677762966
8,SWAP-noise random walk M=1024,366,-4.4116977572512495,-6.183680375357525,-3.3072344234359075
8,SWAP-noise random walk M=1024,371,-4.4238899447917674,-5.974845005507843,-3.264282097652186
8,SWAP-noise random walk M=1024,376,-4.453330784848674,-6.194216632362228,-3.2644753723131994
8,SWAP-noise random walk M=1024,381,-4.400093147336577,-6.185018663547667,-3.2890497361428537
8,SWAP-noise random walk M=1024,386,-4.43394293327436,-6.340706672483059,-3.2991434236073256
8,SWAP-noise random walk M=1024,391,-4.4208493616713955,-6.3819076959367935,-3.3348481511704335
8,SWAP-noise random walk M=1024,396,-4.444925516128826,-6.41738547118325,-3.310461875169561
8,SWAP-noise random walk M=1024,401,-4.443321366395718,-6.373589823243944,-3.364102611407042
8,SWAP-noise random walk M=1024,406,-4.373790487372011,-6.343707336641106,-3.4497652411010185
8,SWAP-noise random walk M=1024,411,-4.368790964105147,-6.184150949021831,-3.4057632516527008
8,SWAP-noise random walk M=1024,416,-4.419561115635536,-6.236111335198769,-3.3818540888161253
8,SWAP-noise random walk M=1024,421,-4.4522463420308505,-6.329970368378681,-3.4321150270529515
8,SWAP-noise random walk M=1024,426,-4.434240685112929,-6.159262671012295,-3.385819535774705
8,SWAP-noise random walk M=1024,431,-4.419892893107367,-6.244136608872396,-3.3640468655937346
8,SWAP-noise random walk M=1024,436,-4.423284571168521,-6.439643297261623,-3.3542069977570543
8,SWAP-noise random walk M=1024,441,-4.441801354498662,-6.293678136786991,-3.4108295862667335
8,SWAP-noise random walk M=1024,446,-4.500180887863064,-6.42887154269828,-3.406769591576793
8,SWAP-noise random walk M=1024,451,-4.518754535205755,-6.500440676133948,-3.4044737825732536
8,SWAP-noise random walk M=1024,456,-4.52162855938143,-6.473989531791565,-3.4481661126380674
8,SWAP-noise random walk M=1024,461,-4.570104691317093,-6.290330964495693,-3.4716890501821487
8,SWAP-noise random walk M=1024,466,-4.6845240737540035,-6.302118462953377,-3.4719264412497193
8,SWAP-noise random walk M=1024,471,-4.598334749639184,-6.440585668903063,-3.4949658622801625
8,SWAP-noise random walk M=1024,476,-4.57005854691891,-6.691912538895829,-3.525093475869302
8,SWAP-noise random walk M=1024,481,-4.626621730098126,-6.258988882296204,-3.517115998263307
8,SWAP-noise random walk M=1024,486,-4.652651093302359,-6.403982507077029,-3.472969958864584
8,SWAP-noise random walk M=1024,491,-4.597620001455242,-6.275352047855054,-3.480604357026917
8,SWAP-noise random walk M=1024,496,-4.682907441052024,-6.203239662538563,-3.4614745812993926
8,SWAP-noise random walk M=1024,500,-4.736339503179073,-6.297891314650804,-3.4095987497034246
10,exact,1,-5.615352236437712,-7.132719374146454,-4.823178760053105
10,exact,6,-5.61423196567233,-7.132695708879,-4.821746827004052
10,exact,11,-5.613111583058046,-7.13267204310524,-4.820313979244781
10,exact,16,-5.611991088062025,-7.132648376825136,-4.818880212991678
10,exact,21,-5.610870480148685,-7.132624710038639,-4.817445524438094
10,exact,26,-5.609749758779696,-7.132601042745724,-4.816009909754164
10,exact,31,-5.6086289234139635,-7.132577374946353,-4.814573365086611
10,exact,36,-5.607507973507618,-7.132553706640502,-4.813135886558571
10,exact,41,-5.6063869085140015,-7.132530037828132,-4.811697470269413
10,exact,46,-5.605265727883629,-7.132506368509219,-4.810258112294525
10,exact,51,-5.60414443106421,-7.132482698683718,-4.808817808685138
10,exact,56,-5.603023017500604,-7.132459028351585,-4.807376555468136
10,exact,61,-5.601901486634809,-7.132435357512787,-4.8059343486458515
10,exact,66,-5.600779837905973,-7.1324116861673,-4.804491184195869
10,exact,71,-5.599658070750339,-7.132388014315094,-4.80304705807084
10,exact,76,-5.598536184601249,-7.132364341956106,-4.801601966198261
10,exact,81,-5.597414178889133,-7.132340669090335,-4.800155904480274
10,exact,86,-5.5962920530414895,-7.132316995717725,-4.798708868793478
10,exact,91,-5.595169806482869,-7.132293321838251,-4.797260854988711
10,exact,96,-5.5940474386348455,-7.132269647451871,-4.795811858890827
10,exact,101,-5.592924948916016,-7.1322459725585565,-4.794361876298513
10,exact,106,-5.591802336741987,-7.1322222971582665,-4.792910902984038
10,exact,111,-5.591158376020733,-7.132198621250976,-4.79145893469307
10,exact,116,-5.591035860989114,-7.132174944836653,-4.790005967144441
10,exact,121,-5.59091332739877,-7.132151267915262,-4.788551996029937
10,exact,126,-5.590790775242168,-7.132127590486752,-4.787097017014059
10,exact,131,-5.590668204511783,-7.132103912551102,-4.785641025733806
10,exact,136,-5.5905456152000745,-7.132080234108277,-4.784184017798463
10,exact,141,-5.590423007299506,-7.13205655515823,-4.782725988789326
10,exact,146,-5.590300380802533,-7.1320328757009275,-4.781266934259527
10,exact,151,-5.5901777357016025,-7.132009195736347,-4.779806849733763
10,exact,156,-5.590055071989166,-7.131985515264477,-4.778345730708065
10,exact,161,-5.589932389657664,-7.1319618342852475,-4.776694365298217
10,exact,166,-5.589809688699532,-7.131938152798632,-4.774207697103247
10,exact,171,-5.589686969107204,-7.131914470804583,-4.771719531050989
10,exact,176,-5.589564230873107,-7.131890788303069,-4.769229857373036
10,exact,181,-5.589441473989663,-7.131867105294077,-4.766738666225605
10,exact,186,-5.589318698449295,-7.131843421777576,-4.764245947688844
10,exact,191,-5.589195904244419,-7.131819737753515,-4.761751691766128
10,exact,196,-5.589073091367441,-7.131796053221853,-4.759255888383357
10,exact,201,-5.588950259810768,-7.131772368182561,-4.756758527388248
10,exact,206,-5.588827409566803,-7.1317486826356085,-4.754259598549588
10,exact,211,-5.588704540627936,-7.131724996580955,-4.751759091556511
10,exact,216,-5.588581652986566,-7.131701310018552,-4.749256996017777
10,exact,221,-5.588458746635075,-7.131677622948405,-4.746753301460996
10,exact,226,-5.588335821565849,-7.131662120660384,-4.744247997331886
10,exact,231,-5.588212877771264,-7.1316491070756545,-4.741741072993506
10,exact,236,-5.5880899152436925,-7.1316360932543095,-4.739232517725473
10,exact,241,-5.5879669339755065,-7.131623079196341,-4.736722320723189
10,exact,246,-5.587843933959066,-7.131610064901734,-4.734210471097039
10,exact,251,-5.587720915186734,-7.131597050370488,-4.731696957871599
10,exact,256,-5.587597877650864,-7.131584035602584,-4.72918176998481
10,exact,261,-5.587474821343807,-7.131571020598,-4.726664896287179
10,exact,266,-5.587351746257907,-7.131558005356728,-4.7241463255409375
10,exact,271,-5.587228652385508,-7.131544989878756,-4.721626046419195
10,exact,276,-5.5871055397189435,-7.131531974164066,-4.719104047505096
10,exact,281,-5.586982408250547,-7.13151895821265,-4.716580317290967
10,exact,286,-5.586859257972646,-7.131505942024495,-4.714054844177444
10,exact,291,-5.5867360888775615,-7.1314929255995825,-4.71152761647259
10,exact,296,-5.586612900957615,-7.131479908937907,-4.708998622390994
10,exact,301,-5.586489694205117,-7.131466892039442,-4.706467850052906
10,exact,306,-5.586366468612374,-7.131453874904183,-4.703935287483279
10,exact,311,-5.586243224171692,-7.131440857532119,-4.70140092261089
10,exact,316,-5.586119960875374,-7.131427839923224,-4.69886474326738
10,exact,321,-5.585996678715711,-7.131414822077505,-4.69632673718632
10,exact,326,-5.585873377684992,-7.1314018039949385,-4.693786892002256
10,exact,331,-5.585750057775507,-7.1313887856755045,-4.691245195249744
10,exact,336,-5.585626718979534,-7.131375767119203,-4.688701634362364
10,exact,341,-5.58550336128935,-7.131362748326002,-4.6861561966717415
10,exact,346,-5.585379984697226,-7.131349729295909,-4.683608869406532
10,exact,351,-5.585256589195426,-7.131336710028897,-4.681059639691422
10,exact,356,-5.585133174776215,-7.131323690524956,-4.6785084945460875
10,exact,361,-5.585009741431847,-7.131310670784069,-4.67595542088418
10,exact,366,-5.584886289154584,-7.131297650806233,-4.67340040551224
10,exact,371,-5.584762817936665,-7.131284630591423,-4.6708434351286625
10,exact,376,-5.584639327770335,-7.131271610139622,-4.668284496322606
10,exact,381,-5.58451581864783,-7.131258589450836,-4.666319097260141
10,exact,386,-5.584392290561392,-7.131245568525044,-4.665336734712389
10,exact,391,-5.584268743503243,-7.131232547362233,-4.66435325422243
10,exact,396,-5.584145177465609,-7.131219525962377,-4.663368652719711
10,exact,401,-5.5840215924407115,-7.131206504325472,-4.66238292712128
10,exact,406,-5.5838979884207625,-7.131193482451499,-4.661396074331727
10,exact,411,-5.583774365397975,-7.131180460340451,-4.660408091243104
10,exact,416,-5.583650723364556,-7.131167437992311,-4.659418974734874
10,exact,421,-5.583527062312703,-7.131154415407073,-4.658428721673834
10,exact,426,-5.583403382234611,-7.13114139258472,-4.657437328914038
10,exact,431,-5.583279683122473,-7.131128369525239,-4.656444793296744
10,exact,436,-5.583155964968477,-7.1311153462286265,-4.655451111650331
10,exact,441,-5.583032227764803,-7.131102322694849,-4.654456280790232
10,exact,446,-5.582908471503629,-7.131089298923895,-4.653460297518876
10,exact,451,-5.582784696177127,-7.131076274915767,-4.652463158625592
10,exact,456,-5.582660901777466,-7.1310632506704374,-4.651464860886558
10,exact,461,-5.582537088296806,-7.131050226187906,-4.650465401064714
10,exact,466,-5.5824132557273085,-7.131037201468147,-4.649464775909712
10,exact,471,-5.5822894040611235,-7.131024176511155,-4.648462982157808
10,exact,476,-5.5821655332904,-7.131011151316907,-4.647460016531822
10,exact,481,-5.582041643407285,-7.130998125885399,-4.646455875741038
10,exact,486,-5.581917734403914,-7.130985100216618,-4.645450556481153
10,exact,491,-5.581793806272422,-7.130972074310539,-4.644444055434176
10,exact,496,-5.581669859004936,-7.130959048167156,-4.6434363692683736
10,exact,500,-5.581570687407743,-7.130948627081581,-4.642629364802424
10,LE M=64,1,-5.615576277215617,-7.132724107139192,-4.82822813063425
10,LE M=64,6,-5.634682281943225,-7.131360604281469,-4.840879274897823
10,LE M=64,11,-5.634682281943225,-7.131360604281469,-4.851611330775359
10,LE M=64,16,-5.615576277215617,-7.131360604281469,-4.836092265974246
10,LE M=64,21,-5.615181032763864,-7.131360604281469,-4.821170666474846
10,LE M=64,26,-5.615181032763864,-7.131360604281469,-4.804520390020892
10,LE M=64,31,-5.634287037491472,-7.131360604281469,-4.806223684789851
10,LE M=64,36,-5.634287037491472,-7.131360604281469,-4.801776692836291
10,LE M=64,41,-5.634287037491472,-7.131360604281469,-4.786904231469444
10,LE M=64,46,-5.634287037491472,-7.131360604281469,-4.791710211452567
10,LE M=64,51,-5.634287037491472,-7.131360604281469,-4.788427473303949
10,LE M=64,56,-5.634287037491472,-7.148327070706731,-4.783565280805853
10,LE M=64,61,-5.634287037491472,-7.148327070706731,-4.79340133980375
10,LE M=64,66,-5.634287037491472,-7.148327070706731,-4.79340133980375
10,LE M=64,71,-5.634287037491472,-7.131360604281469,-4.79340133980375
10,LE M=64,76,-5.634287037491472,-7.131360604281469,-4.798492116605093
10,LE M=64,81,-5.613953814372676,-7.131360604281469,-4.798492116605093
10,LE M=64,86,-5.595653615336174,-7.131360604281469,-4.787830089138426
10,LE M=64,91,-5.595653615336174,-7.131360604281469,-4.792803955638226
10,LE M=64,96,-5.592519886607809,-7.131360604281469,-4.792803955638226
10,LE M=64,101,-5.592519886607809,-7.131360604281469,-4.787830089138426
10,LE M=64,106,-5.592519886607809,-7.131360604281469,-4.787830089138426
10,LE M=64,111,-5.592519886607809,-7.131360604281469,-4.787830089138426
10,LE M=64,116,-5.592519886607809,-7.131360604281469,-4.794073658433878
10,LE M=64,121,-5.592519886607809,-7.131360604281469,-4.794073658433878
10,LE M=64,126,-5.592519886607809,-7.131360604281469,-4.79789473243957
10,LE M=64,131,-5.592519886607809,-7.131360604281469,-4.786620544703811
10,LE M=64,136,-5.592519886607809,-7.131360604281469,-4.7969246224008755
10,LE M=64,141,-5.592519886607809,-7.131360604281469,-4.783563183138517
10,LE M=64,146,-5.592519886607809,-7.131360604281469,-4.777559433851061
10,LE M=64,151,-5.592519886607809,-7.131360604281469,-4.783683817736595
10,LE M=64,156,-5.592519886607809,-7.131360604281469,-4.755585243150108
10,LE M=64,161,-5.592519886607809,-7.131360604281469,-4.741919375930137
10,LE M=64,166,-5.592519886607809,-7.131360604281469,-4.728284398863451
10,LE M=64,171,-5.592519886607809,-7.131360604281469,-4.72073053573508
10,LE M=64,176,-5.592519886607809,-7.131360604281469,-4.72073053573508
10,LE M=64,181,-5.592519886607809,-7.131360604281469,-4.72073053573508
10,LE M=64,186,-5.588316980555051,-7.131360604281469,-4.72073053573508
10,LE M=64,191,-5.586269869030515,-7.131360604281469,-4.720423725878026
10,LE M=64,196,-5.586269869030515,-7.131360604281469,-4.720423725878026
10,LE M=64,201,-5.586269869030515,-7.131360604281469,-4.722465187173205
10,LE M=64,206,-5.586269869030515,-7.131360604281469,-4.72422024496402
10,LE M=64,211,-5.586269869030515,-7.131360604281469,-4.731453233389795
10,LE M=64,216,-5.586269869030515,-7.131360604281469,-4.731453233389795
10,LE M=64,221,-5.586269869030515,-7.131360604281469,-4.729726525002109
10,LE M=64,226,-5.586269869030515,-7.131360604281469,-4.729726525002109
10,LE M=64,231,-5.586269869030515,-7.131360604281469,-4.724574726341484
10,LE M=64,236,-5.586269869030515,-7.131360604281469,-4.724574726341484
10,LE M=64,241,-5.586269869030515,-7.131360604281469,-4.722493536576334
10,LE M=64,246,-5.586269869030515,-7.131360604281469,-4.7269424967725495
10,LE M=64,251,-5.582107837988382,-7.131360604281469,-4.7247758532388735
10,LE M=64,256,-5.582107837988382,-7.131360604281469,-4.719062346653695
10,LE M=64,261,-5.582107837988382,-7.131360604281469,-4.719062346653695
10,LE M=64,266,-5.582107837988382,-7.131360604281469,-4.719062346653695
10,LE M=64,271,-5.582107837988382,-7.131360604281469,-4.723204673396984
10,LE M=64,276,-5.582107837988382,-7.131360604281469,-4.723204673396984
10,LE M=64,281,-5.582107837988382,-7.131360604281469,-4.722132973782238
10,LE M=64,286,-5.57798590593575,-7.129734321881932,-4.7200517840170875
10,LE M=64,291,-5.57798590593575,-7.129734321881932,-4.7200517840170875
10,LE M=64,296,-5.57798590593575,-7.129734321881932,-4.723052847005266
10,LE M=64,301,-5.57798590593575,-7.129734321881932,-4.719865536584251
10,LE M=64,306,-5.57798590593575,-7.129734321881932,-4.71244429737286
10,LE M=64,311,-5.57798590593575,-7.129734321881932,-4.710402836077682
10,LE M=64,316,-5.57798590593575,-7.129734321881932,-4.710402836077682
10,LE M=64,321,-5.57798590593575,-7.129734321881932,-4.710402836077682
10,LE M=64,326,-5.57798590593575,-7.129734321881932,-4.7079457045419355
10,LE M=64,331,-5.57798590593575,-7.129734321881932,-4.706928451269713
10,LE M=64,336,-5.57798590593575,-7.129734321881932,-4.706928451269713
10,LE M=64,341,-5.57798590593575,-7.129734321881932,-4.706928451269713
10,LE M=64,346,-5.57798590593575,-7.129734321881932,-4.708989588247851
10,LE M=64,351,-5.57798590593575,-7.129734321881932,-4.708989588247851
10,LE M=64,356,-5.57798590593575,-7.111167098675906,-4.710006841520074
10,LE M=64,361,-5.57798590593575,-7.111167098675906,-4.7131777430030635
10,LE M=64,366,-5.57798590593575,-7.111167098675906,-4.715258932768214
10,LE M=64,371,-5.57798590593575,-7.111167098675906,-4.71018911129638
10,LE M=64,376,-5.608888473556377,-7.111167098675906,-4.712290741955629
10,LE M=64,381,-5.608888473556377,-7.129734321881932,-4.707260959425531
10,LE M=64,386,-5.608888473556377,-7.1111670986759155,-4.7012533490141974
10,LE M=64,391,-5.608888473556377,-7.1111670986759155,-4.7012533490141974
10,LE M=64,396,-5.627994478283984,-7.1111670986759155,-4.6991517183549485
10,LE M=64,401,-5.5905882745198765,-7.1111670986759155,-4.697070528589798
10,LE M=64,406,-5.5905882745198765,-7.1111670986759155,-4.697070528589798
10,LE M=64,411,-5.5905882745198765,-7.129734321881932,-4.694404250519962
10,LE M=64,416,-5.582107837988382,-7.117769097205867,-4.6954164637350075
10,LE M=64,421,-5.582107837988382,-7.117769097205867,-4.708270654588137
10,LE M=64,426,-5.5905882745198765,-7.117769097205867,-4.6954164637350075
10,LE M=64,431,-5.582107837988382,-7.117769097205867,-4.686886958931398
10,LE M=64,436,-5.57798590593575,-7.117769097205867,-4.688948095909536
10,LE M=64,441,-5.57798590593575,-7.117769097205867,-4.6886688381600825
10,LE M=64,446,-5.57798590593575,-7.117769097205867,-4.691559232379215
10,LE M=64,451,-5.57798590593575,-7.117769097205867,-4.691559232379215
10,LE M=64,456,-5.582107837988382,-7.117769097205867,-4.691559232379215
10,LE M=64,461,-5.582107837988382,-7.117769097205867,-4.6913889705288305
10,LE M=64,466,-5.582107837988382,-7.117769097205867,-4.702201700086784
10,LE M=64,471,-5.582107837988382,-7.117769097205867,-4.702201700086784
10,LE M=64,476,-5.582107837988382,-7.117769097205867,-4.7153155557506405
10,LE M=64,481,-5.582107837988382,-7.117769097205867,-4.694322338349141
10,LE M=64,486,-5.582107837988382,-7.117769097205867,-4.69116768683576
10,LE M=64,491,-5.57798590593575,-7.117769097205867,-4.701436892061468
10,LE M=64,496,-5.57798590593575,-7.117769097205867,-4.69116768683576
10,LE M=64,500,-5.57798590593575,-7.117769097205867,-4.690098640551302
10,SWAP M=64,1,-5.942124036010146,-7.329742568251232,-4.819607556534202
10,SWAP M=64,6,-5.861327275762557,-7.225780657180875,-4.7903056024462485
10,SWAP M=64,11,-5.759050009372259,-7.33939572647654,-4.798220779190844
10,SWAP M=64,16,-5.878243209266385,-7.393747476653521,-4.693853911989297
10,SWAP M=64,21,-5.544390076630513,-6.976080687954404,-4.708074755896746
10,SWAP M=64,26,-5.736157300957627,-7.5357664470122145,-4.775003482385886
10,SWAP M=64,31,-5.614111416201568,-8.386130463348996,-4.8379691095332165
10,SWAP M=64,36,-5.542674855919888,-7.7360163915540445,-4.781017622340626
10,SWAP M=64,41,-5.589036880149445,-7.216219393984053,-4.910124184361593
10,SWAP M=64,46,-5.6288929302918795,-7.475513840136237,-5.040525180639094
10,SWAP M=64,51,-5.705961583154322,-7.348258868673794,-4.847724636517494
10,SWAP M=64,56,-5.718386656647997,-7.667208582412027,-4.78135279413036
10,SWAP M=64,61,-5.865071371562401,-7.510584045265656,-4.5846581675782225
10,SWAP M=64,66,-5.9270582223796815,-7.152441621550462,-4.47135054902998
10,SWAP M=64,71,-6.078482610906802,-7.853874901662163,-4.6066934385942915
10,SWAP M=64,76,-5.710518097972942,-7.323123797719521,-4.7157945776851005
10,SWAP M=64,81,-5.756195464640772,-7.458501884011325,-4.523880180380745
10,SWAP M=64,86,-5.833182984078506,-7.754293506014699,-4.595969173430191
10,SWAP M=64,91,-5.795347069830607,-7.528966791326142,-4.616093930633211
10,SWAP M=64,96,-5.7355756231021875,-7.696506505913173,-4.520634039114247
10,SWAP M=64,101,-5.9092890916256735,-7.2554134545625635,-4.421583792477885
10,SWAP M=64,106,-6.040777242801098,-7.871475263398806,-4.425621302431804
10,SWAP M=64,111,-5.855643782963041,-7.7587875896810035,-4.506520999959188
10,SWAP M=64,116,-6.129283130822467,-7.521452943017542,-4.398179460257407
10,SWAP M=64,121,-5.94488063043859,-7.321562403937274,-4.599405798124154
10,SWAP M=64,126,-6.145754404584419,-7.513836498258418,-4.724377703307043
10,SWAP M=64,131,-6.272606531549403,-7.810657231906792,-4.553383468138969
10,SWAP M=64,136,-6.3416082147982245,-7.477763162362944,-4.747359476369523
10,SWAP M=64,141,-6.074016113762253,-7.836706269875012,-4.826461868945834
10,SWAP M=64,146,-6.217872374349305,-7.559976631314219,-4.852318006669068
10,SWAP M=64,151,-6.008375178833388,-7.58777983077616,-4.865625873017871
10,SWAP M=64,156,-5.880112235690804,-7.152393252357492,-4.820592233872697
10,SWAP M=64,161,-6.027579347345471,-7.130012618506164,-4.815639066659495
10,SWAP M=64,166,-5.9717624098565825,-7.329545275793356,-4.949369488617247
10,SWAP M=64,171,-6.214093970449488,-6.928494111615514,-5.099844915921043
10,SWAP M=64,176,-6.14688590418471,-7.694926385401564,-4.714765299783559
10,SWAP M=64,181,-5.980029173372833,-7.68833459473481,-4.628506087038252
10,SWAP M=64,186,-6.071107614059827,-7.688360981145028,-4.696683326601551
10,SWAP M=64,191,-6.141549011737283,-7.611405429689528,-4.742643212862637
10,SWAP M=64,196,-5.904356840373051,-7.4726820785197,-4.7187142830293185
10,SWAP M=64,201,-5.903437740572775,-7.404553104007449,-4.618146126191588
10,SWAP M=64,206,-5.799881665918923,-7.461920706670917,-4.77095686816957
10,SWAP M=64,211,-5.808296508025675,-7.053736563662584,-4.672438632262727
10,SWAP M=64,216,-5.8302900722938,-7.035159001634187,-4.63445575405448
10,SWAP M=64,221,-5.7676207405557545,-6.982970181067134,-4.7176223952985
10,SWAP M=64,226,-5.82670305191629,-7.316691394430936,-4.58361490318989
10,SWAP M=64,231,-5.971233870058053,-6.619123483606274,-4.670789120846639
10,SWAP M=64,236,-5.758802126315803,-7.004243819204662,-4.564888493482254
10,SWAP M=64,241,-5.804236677675098,-7.2553410757165056,-4.484923013052679
10,SWAP M=64,246,-5.89642607074771,-7.000072182694593,-4.542833422842389
10,SWAP M=64,251,-6.004151431494147,-6.936933526183977,-4.364619950189718
10,SWAP M=64,256,-5.849982796499641,-7.707969564072032,-4.3901990267279976
10,SWAP M=64,261,-5.939226039943562,-7.483850936191337,-4.467365178831349
10,SWAP M=64,266,-5.8239592471699115,-6.981280854899976,-4.359092875458033
10,SWAP M=64,271,-5.651907668792427,-6.962843353366084,-4.430494129726764
10,SWAP M=64,276,-5.4653286845852636,-6.816398896078519,-4.513236559280937
10,SWAP M=64,281,-5.29050563346007,-7.059025210169337,-4.563063591718251
10,SWAP M=64,286,-5.6769052347883076,-7.112396980285688,-4.477498660455984
10,SWAP M=64,291,-5.5408507955704955,-6.993507464189816,-4.4404325966717
10,SWAP M=64,296,-5.576414675804024,-7.165681059584237,-4.378143603722579
10,SWAP M=64,301,-5.694734291860174,-7.308017493510041,-4.279029112122499
10,SWAP M=64,306,-5.517787063421316,-7.175711824541551,-4.247879424241177
10,SWAP M=64,311,-5.578340968587325,-7.171893440608913,-4.300652453752961
10,SWAP M=64,316,-5.86624895902329,-7.622996671504475,-4.29121145975378
10,SWAP M=64,321,-5.734935324405189,-7.951337470659214,-4.458655386338047
10,SWAP M=64,326,-5.839369822105851,-7.566594798757832,-4.489984087602151
10,SWAP M=64,331,-5.71955385232963,-6.941771346116857,-4.479496470497629
10,SWAP M=64,336,-6.080480719709019,-6.971901650307748,-4.491302869301569
10,SWAP M=64,341,-5.7939735911735095,-7.151345867184222,-4.44428985009133
10,SWAP M=64,346,-5.4908574035560935,-7.050944263073042,-4.425964921485146
10,SWAP M=64,351,-5.447683800912327,-7.170938238346592,-4.5069005509387345
10,SWAP M=64,356,-5.5975207699435625,-6.979297044477702,-4.591581746814501
10,SWAP M=64,361,-5.486366889516477,-7.182256456451036,-4.483581051661537
10,SWAP M=64,366,-5.502818158961805,-7.111667245342971,-4.587826518545777
10,SWAP M=64,371,-5.291296797844334,-7.22505471649818,-4.598968403166476
10,SWAP M=64,376,-5.411879332397911,-7.177978058673592,-4.587180341022709
10,SWAP M=64,381,-5.537232078656508,-7.49134278075602,-4.592543133807306
10,SWAP M=64,386,-5.4283258016873575,-7.4735877345136705,-4.61773978785
10,SWAP M=64,391,-5.699574387565894,-7.466412111762857,-4.467135029766464
10,SWAP M=64,396,-5.496429405535007,-7.784125365597404,-4.387321026996275
10,SWAP M=64,401,-5.494430671811998,-7.4457379967146835,-4.456682458608895
10,SWAP M=64,406,-5.361731328198602,-7.313229056271011,-4.420149864156283
10,SWAP M=64,411,-5.476022324874148,-7.173792384588764,-4.480031184009574
10,SWAP M=64,416,-5.814796070178954,-7.568027535691163,-4.560628153951846
10,SWAP M=64,421,-5.804303291008079,-7.35830965618367,-4.527598979733041
10,SWAP M=64,426,-5.9636761902884246,-7.328127170658567,-4.546359850630564
10,SWAP M=64,431,-6.058492022110705,-7.377694157470194,-4.480603181310399
10,SWAP M=64,436,-5.9552806069640205,-7.795021031679012,-4.488793744119048
10,SWAP M=64,441,-6.055807647680282,-7.724361585517078,-4.316714305830476
10,SWAP M=64,446,-6.188128614850736,-7.746977405187362,-4.445629696830947
10,SWAP M=64,451,-6.217157341409472,-8.126905017922331,-4.56717592217129
10,SWAP M=64,456,-6.042235537861643,-7.816902042042841,-4.536627831050318
10,SWAP M=64,461,-5.958597508661524,-7.720862469844119,-4.353058093034138
10,SWAP M=64,466,-6.198788583780557,-7.807189888707896,-4.387172810490258
10,SWAP M=64,471,-6.231495050293383,-7.916182389925512,-4.515020450162483
10,SWAP M=64,476,-6.222394316629954,-7.771983470250195,-4.53448945322709
10,SWAP M=64,481,-6.350507646672422,-7.5891827969471395,-4.45958268085909
10,SWAP M=64,486,-5.862765070075691,-7.233687562870544,-4.430199658253246
10,SWAP M=64,491,-6.034319560264912,-7.401045445573606,-4.210112766896486
10,SWAP M=64,496,-6.071814155119348,-7.852077747193174,-4.349987541960612
10,SWAP M=64,500,-5.890281091407173,-7.317720892411689,-4.2686257321323735
10,SWAP M=32 (state-copy matched to LE M=64),1,-5.673791615288446,-7.2871994904806225,-4.765768057927143
10,SWAP M=32 (state-copy matched to LE M=64),6,-5.878945701898379,-7.468259779701095,-4.644323316687887
10,SWAP M=32 (state-copy matched to LE M=64),11,-5.742686873594771,-7.386574554545385,-4.573979285068894
10,SWAP M=32 (state-copy matched to LE M=64),16,-5.743019226661318,-7.410575723410791,-4.549920165767826
10,SWAP M=32 (state-copy matched to LE M=64),21,-5.577711803864343,-6.991859299058868,-4.657758919653913
10,SWAP M=32 (state-copy matched to LE M=64),26,-5.593883963939938,-7.305926997258055,-4.515209844916528
10,SWAP M=32 (state-copy matched to LE M=64),31,-5.6901804522149755,-7.262337543835172,-4.590296153414781
10,SWAP M=32 (state-copy matched to LE M=64),36,-5.64525298167667,-7.7143502864819915,-4.401368312728007
10,SWAP M=32 (state-copy matched to LE M=64),41,-5.649962269328938,-7.76725519201796,-4.447100678994455
10,SWAP M=32 (state-copy matched to LE M=64),46,-5.621138761248498,-7.285186780138386,-4.325431657753893
10,SWAP M=32 (state-copy matched to LE M=64),51,-5.725804543561327,-7.472842630150039,-4.437758101133989
10,SWAP M=32 (state-copy matched to LE M=64),56,-6.104247910540346,-7.500945204946448,-4.536616159053539
10,SWAP M=32 (state-copy matched to LE M=64),61,-5.747608216122531,-7.71142116040694,-4.50683136680229
10,SWAP M=32 (state-copy matched to LE M=64),66,-5.97367057836256,-8.065147527096354,-4.53626495583935
10,SWAP M=32 (state-copy matched to LE M=64),71,-5.717814145857076,-7.709984712342456,-4.333126707016168
10,SWAP M=32 (state-copy matched to LE M=64),76,-5.841492214720487,-7.586704532015057,-4.323964627740201
10,SWAP M=32 (state-copy matched to LE M=64),81,-5.957705316767003,-7.233588928620437,-4.369387115839217
10,SWAP M=32 (state-copy matched to LE M=64),86,-6.170995666899116,-7.459120910411534,-4.225228182477602
10,SWAP M=32 (state-copy matched to LE M=64),91,-6.048356560122485,-7.490726970519433,-4.033859235965113
10,SWAP M=32 (state-copy matched to LE M=64),96,-5.862198822012553,-7.06848544571658,-4.108867324784961
10,SWAP M=32 (state-copy matched to LE M=64),101,-5.945546561217791,-7.785795714185411,-4.116866195272724
10,SWAP M=32 (state-copy matched to LE M=64),106,-6.459225637398464,-7.6136315764709845,-4.148471508304829
10,SWAP M=32 (state-copy matched to LE M=64),111,-6.241916660278509,-7.3576544627335725,-4.492691566825654
10,SWAP M=32 (state-copy matched to LE M=64),116,-6.277160225588083,-7.342324424367487,-4.693849371192886
10,SWAP M=32 (state-copy matched to LE M=64),121,-5.974018490927545,-6.952603370335071,-4.77623280782102
10,SWAP M=32 (state-copy matched to LE M=64),126,-5.9062505593620305,-7.137064552538768,-4.938487035495291
10,SWAP M=32 (state-copy matched to LE M=64),131,-5.6962571541878635,-7.620600261211913,-5.007299733212988
10,SWAP M=32 (state-copy matched to LE M=64),136,-6.037190296646426,-7.581998316273593,-4.767172461701316
10,SWAP M=32 (state-copy matched to LE M=64),141,-6.283721111179554,-7.922073180092484,-4.748190509053499
10,SWAP M=32 (state-copy matched to LE M=64),146,-6.52135724230733,-7.435772810635891,-4.798943158898353
10,SWAP M=32 (state-copy matched to LE M=64),151,-5.936867947813013,-7.54642497408112,-5.162631117507614
10,SWAP M=32 (state-copy matched to LE M=64),156,-6.280403380079881,-7.815755165470701,-4.9286997312271
10,SWAP M=32 (state-copy matched to LE M=64),161,-5.980788966715641,-7.238480814322654,-4.624270138656768
10,SWAP M=32 (state-copy matched to LE M=64),166,-6.035383414518073,-7.235397923577039,-4.62489608422269
10,SWAP M=32 (state-copy matched to LE M=64),171,-6.049178621168111,-7.172081750146747,-4.718577762286573
10,SWAP M=32 (state-copy matched to LE M=64),176,-5.75029989145469,-7.246770180501906,-4.5624213272702665
10,SWAP M=32 (state-copy matched to LE M=64),181,-5.873284637073223,-7.1602603052666876,-4.619973273768091
10,SWAP M=32 (state-copy matched to LE M=64),186,-5.825879114133521,-7.552844912415243,-4.327924364197061
10,SWAP M=32 (state-copy matched to LE M=64),191,-5.924816913754897,-7.794849275688439,-4.237850421225601
10,SWAP M=32 (state-copy matched to LE M=64),196,-5.593250837819481,-7.406678757611486,-4.190761343273222
10,SWAP M=32 (state-copy matched to LE M=64),201,-5.6950540549461675,-7.4740512617610735,-4.383797598167257
10,SWAP M=32 (state-copy matched to LE M=64),206,-5.937052206381885,-7.190301732343265,-4.3799358578838365
10,SWAP M=32 (state-copy matched to LE M=64),211,-5.697900798766884,-7.373759286405072,-4.388250748896278
10,SWAP M=32 (state-copy matched to LE M=64),216,-5.780364011293692,-7.385804919852122,-4.476202647761047
10,SWAP M=32 (state-copy matched to LE M=64),221,-5.666383375989169,-7.657293522501341,-4.509811170377639
10,SWAP M=32 (state-copy matched to LE M=64),226,-5.77268420802624,-7.4701422259794015,-4.665224251553704
10,SWAP M=32 (state-copy matched to LE M=64),231,-5.647265164376753,-6.73086540052065,-4.524946806257482
10,SWAP M=32 (state-copy matched to LE M=64),236,-5.943768342589853,-6.858923605888677,-4.500187639386079
10,SWAP M=32 (state-copy matched to LE M=64),241,-6.087796009289028,-7.594958876551745,-4.537880689114443
10,SWAP M=32 (state-copy matched to LE M=64),246,-5.989488918160374,-7.97023246797888,-4.516102824350019
10,SWAP M=32 (state-copy matched to LE M=64),251,-6.175000404759395,-7.390914665832869,-4.513249254137276
10,SWAP M=32 (state-copy matched to LE M=64),256,-5.924263472116486,-6.968421585843465,-4.5418837055757715
10,SWAP M=32 (state-copy matched to LE M=64),261,-5.721424087002638,-7.008475854561089,-4.113817029763357
10,SWAP M=32 (state-copy matched to LE M=64),266,-5.774400860487767,-6.776098370036358,-4.3018054926181275
10,SWAP M=32 (state-copy matched to LE M=64),271,-5.711267773090142,-7.28707467839512,-4.284934185997957
10,SWAP M=32 (state-copy matched to LE M=64),276,-5.507289376779747,-7.266652956163447,-4.408334086400391
10,SWAP M=32 (state-copy matched to LE M=64),281,-5.656400328140948,-7.766640148844392,-3.9186382723791464
10,SWAP M=32 (state-copy matched to LE M=64),286,-5.7036853830934735,-7.057114397979478,-3.9193615874571295
10,SWAP M=32 (state-copy matched to LE M=64),291,-5.6224540589174765,-7.18050809998658,-4.218011682128025
10,SWAP M=32 (state-copy matched to LE M=64),296,-5.77121519593263,-6.870044843197826,-4.068318440879065
10,SWAP M=32 (state-copy matched to LE M=64),301,-5.624795800427227,-6.9284561156953846,-3.993818221689354
10,SWAP M=32 (state-copy matched to LE M=64),306,-5.783635547159328,-6.7719766641143835,-3.8407444756292453
10,SWAP M=32 (state-copy matched to LE M=64),311,-5.853767268246081,-7.022803838586313,-4.033513104562552
10,SWAP M=32 (state-copy matched to LE M=64),316,-5.713596165325653,-7.029101159912459,-3.7361655699947063
10,SWAP M=32 (state-copy matched to LE M=64),321,-5.873122533749822,-7.358519856340251,-3.9351098242058677
10,SWAP M=32 (state-copy matched to LE M=64),326,-5.950170702664158,-7.590524877095297,-3.8861978517688316
10,SWAP M=32 (state-copy matched to LE M=64),331,-5.666318864560525,-7.937714818486513,-4.2548441198957025
10,SWAP M=32 (state-copy matched to LE M=64),336,-5.941537725799379,-7.80775945349168,-3.993581666771369
10,SWAP M=32 (state-copy matched to LE M=64),341,-5.846823508662057,-7.9567625418113,-4.071537972199863
10,SWAP M=32 (state-copy matched to LE M=64),346,-5.640478267177752,-7.6900725730644455,-4.157778066308851
10,SWAP M=32 (state-copy matched to LE M=64),351,-5.78418394871127,-7.225352043710576,-3.963450605832318
10,SWAP M=32 (state-copy matched to LE M=64),356,-5.599154932446593,-7.315167076458462,-4.112840498563671
10,SWAP M=32 (state-copy matched to LE M=64),361,-5.887073842748748,-7.58282028028225,-3.9903422085392237
10,SWAP M=32 (state-copy matched to LE M=64),366,-5.767349665915752,-7.780581569170307,-4.183294059198249
10,SWAP M=32 (state-copy matched to LE M=64),371,-5.677793160800384,-7.192530376141262,-4.327072705593051
10,SWAP M=32 (state-copy matched to LE M=64),376,-6.007528534571327,-7.45340300925891,-4.236209821225715
10,SWAP M=32 (state-copy matched to LE M=64),381,-5.714707120181621,-7.86003083909238,-4.047619600757985
10,SWAP M=32 (state-copy matched to LE M=64),386,-5.667939722190194,-7.666992402013803,-4.060822257436406
10,SWAP M=32 (state-copy matched to LE M=64),391,-5.934842984462792,-7.325240792404549,-3.8989294289958565
10,SWAP M=32 (state-copy matched to LE M=64),396,-5.894145371676849,-6.8246195132770335,-4.185492195175387
10,SWAP M=32 (state-copy matched to LE M=64),401,-5.597665596694609,-6.952473749515437,-4.121951614888904
10,SWAP M=32 (state-copy matched to LE M=64),406,-5.446402975933964,-7.3067095513637605,-4.154687757751066
10,SWAP M=32 (state-copy matched to LE M=64),411,-5.610608515074327,-7.417751361047254,-4.495768290536687
10,SWAP M=32 (state-copy matched to LE M=64),416,-5.843498770794763,-7.049999482148404,-4.172955364577198
10,SWAP M=32 (state-copy matched to LE M=64),421,-5.79590885488458,-7.2655646844601876,-4.425693509568402
10,SWAP M=32 (state-copy matched to LE M=64),426,-5.860715855695446,-7.22146772924115,-4.66828129497466
10,SWAP M=32 (state-copy matched to LE M=64),431,-5.643122408482771,-7.223449607385593,-4.333921880684821
10,SWAP M=32 (state-copy matched to LE M=64),436,-5.938659738366486,-7.398048446442778,-4.473870698600313
10,SWAP M=32 (state-copy matched to LE M=64),441,-6.172957193142404,-7.169341220546018,-4.6579793254889905
10,SWAP M=32 (state-copy matched to LE M=64),446,-6.209647313400634,-7.079821555402129,-4.375268976238237
10,SWAP M=32 (state-copy matched to LE M=64),451,-6.293381512292716,-7.199281338529767,-3.8185870657843153
10,SWAP M=32 (state-copy matched to LE M=64),456,-5.984912370986461,-7.753689774188987,-3.88518243074105
10,SWAP M=32 (state-copy matched to LE M=64),461,-5.961434290282236,-7.461002480995506,-3.8527894529138096
10,SWAP M=32 (state-copy matched to LE M=64),466,-5.763814406302895,-7.641454535075011,-3.8343768076279447
10,SWAP M=32 (state-copy matched to LE M=64),471,-6.136463138576537,-6.983545346560759,-3.996802823873707
10,SWAP M=32 (state-copy matched to LE M=64),476,-5.99705355926659,-7.290474731671329,-3.6680631835024555
10,SWAP M=32 (state-copy matched to LE M=64),481,-5.874955829169167,-7.374245808664009,-3.508563865266094
10,SWAP M=32 (state-copy matched to LE M=64),486,-5.730893261562108,-7.206120426828343,-3.588790726319387
10,SWAP M=32 (state-copy matched to LE M=64),491,-6.034743410438781,-8.148859125904977,-3.841752943775524
10,SWAP M=32 (state-copy matched to LE M=64),496,-6.007342581574793,-7.150364695304835,-3.8388110735177454
10,SWAP M=32 (state-copy matched to LE M=64),500,-5.978944024124742,-7.20853582223263,-3.683262945532123
10,LE M=1024,1,-5.614409625568866,-7.132724107139192,-4.822210575502678
10,LE M=1024,6,-5.609772415507786,-7.132724107139192,-4.818973337685376
10,LE M=1024,11,-5.612081093498437,-7.131901472867393,-4.815871961249094
10,LE M=1024,16,-5.606325123260221,-7.131901472867393,-4.815577942759224
10,LE M=1024,21,-5.598112531812525,-7.131901472867393,-4.814977840799088
10,LE M=1024,26,-5.592933785230047,-7.131901472867393,-4.814686851863807
10,LE M=1024,31,-5.592535094348716,-7.131901472867393,-4.814956822179074
10,LE M=1024,36,-5.59279063973209,-7.131553417816384,-4.812785896599666
10,LE M=1024,41,-5.592345762249366,-7.1315764696657835,-4.813193905441286
10,LE M=1024,46,-5.592235001067046,-7.131552917810895,-4.810772855631211
10,LE M=1024,51,-5.592131058806773,-7.132053840268995,-4.808345373386949
10,LE M=1024,56,-5.592041237753197,-7.132053840268995,-4.804943997335785
10,LE M=1024,61,-5.5919129927006015,-7.132053840268995,-4.801894616342284
10,LE M=1024,66,-5.591915926365234,-7.132053840268995,-4.804423569829625
10,LE M=1024,71,-5.591805195753061,-7.132053840268995,-4.80207537598786
10,LE M=1024,76,-5.591270182175704,-7.132053840268995,-4.801983403321952
10,LE M=1024,81,-5.591348771774545,-7.132053840268995,-4.80251855452622
10,LE M=1024,86,-5.591348771774545,-7.132053840268995,-4.800388912293989
10,LE M=1024,91,-5.590691454975872,-7.132991406037149,-4.798312966673913
10,LE M=1024,96,-5.590587539915941,-7.1318373369684895,-4.79759343302781
10,LE M=1024,101,-5.5909085659613735,-7.1318373369684895,-4.79608831951299
10,LE M=1024,106,-5.591058492260579,-7.1318373369684895,-4.794634906110326
10,LE M=1024,111,-5.591174871203491,-7.132985240074734,-4.795287649960813
10,LE M=1024,116,-5.591221266178673,-7.132985240074734,-4.795204718326348
10,LE M=1024,121,-5.591221266178673,-7.132985240074734,-4.79616312709906
10,LE M=1024,126,-5.591298086496306,-7.132985240074734,-4.7937480400186425
10,LE M=1024,131,-5.591081609571283,-7.132985240074734,-4.79304995909992
10,LE M=1024,136,-5.591081609571283,-7.131939395091235,-4.791039841713417
10,LE M=1024,141,-5.590917763654568,-7.131939395091235,-4.787508410288656
10,LE M=1024,146,-5.591147692451143,-7.132985240074734,-4.788073415554128
10,LE M=1024,151,-5.591411586587583,-7.132985240074734,-4.7862959337286695
10,LE M=1024,156,-5.591411586587583,-7.132985240074734,-4.78752266540348
10,LE M=1024,161,-5.591136579828694,-7.133103934260879,-4.784896780925015
10,LE M=1024,166,-5.591083412270346,-7.13260301180278,-4.781853020658999
10,LE M=1024,171,-5.591083412270346,-7.131557166819281,-4.7808404465115615
10,LE M=1024,176,-5.590750322559945,-7.131557166819281,-4.780455868167767
10,LE M=1024,181,-5.590305626342417,-7.131557166819281,-4.778667782503577
10,LE M=1024,186,-5.590460187279894,-7.131557166819281,-4.777072982672012
10,LE M=1024,191,-5.590516820524323,-7.1336505420191365,-4.777938239064807
10,LE M=1024,196,-5.590516820524323,-7.133565063048284,-4.7760103602414485
10,LE M=1024,201,-5.591035978893938,-7.132517532831928,-4.775583441772335
10,LE M=1024,206,-5.5908487741416995,-7.132517532831928,-4.774609836251664
10,LE M=1024,211,-5.5912151224592,-7.132517532831928,-4.770454824091989
10,LE M=1024,216,-5.590950902562803,-7.132517532831928,-4.768014334405915
10,LE M=1024,221,-5.590523139406495,-7.131471687848429,-4.767241638447546
10,LE M=1024,226,-5.590131160827273,-7.131471687848429,-4.766990493346378
10,LE M=1024,231,-5.590508503669126,-7.131471687848429,-4.765492962457916
10,LE M=1024,236,-5.590140748834407,-7.131471687848429,-4.766260222452928
10,LE M=1024,241,-5.590235515150982,-7.131471687848429,-4.764237623326071
10,LE M=1024,246,-5.590312383248341,-7.131471687848429,-4.760040346565932
10,LE M=1024,251,-5.589708214430486,-7.131471687848429,-4.7581634341112675
10,LE M=1024,256,-5.589708214430486,-7.131471687848429,-4.760651235973085
10,LE M=1024,261,-5.589708214430486,-7.131471687848429,-4.759865121995139
10,LE M=1024,266,-5.589600018888454,-7.131955602859391,-4.757503580551846
10,LE M=1024,271,-5.58866352815785,-7.131955602859391,-4.754951550368228
10,LE M=1024,276,-5.588610378272496,-7.13300144784289,-4.749826265408499
10,LE M=1024,281,-5.588699285473872,-7.13300144784289,-4.745637111289115
10,LE M=1024,286,-5.588699285473872,-7.13300144784289,-4.7458246015871115
10,LE M=1024,291,-5.588699285473872,-7.13300144784289,-4.7432990585769845
10,LE M=1024,296,-5.588699285473872,-7.13300144784289,-4.736780602071479
10,LE M=1024,301,-5.588443316960085,-7.13300144784289,-4.733804049213478
10,LE M=1024,306,-5.588899640193669,-7.134048978059241,-4.732176001720018
10,LE M=1024,311,-5.588933335546674,-7.134048978059241,-4.725564166153155
10,LE M=1024,316,-5.588933335546674,-7.134048978059241,-4.7233754140827084
10,LE M=1024,321,-5.58882952915807,-7.134048978059241,-4.726644904493429
10,LE M=1024,326,-5.588716080452658,-7.134048978059241,-4.721880851245375
10,LE M=1024,331,-5.588844044686544,-7.134048978059241,-4.721473152445431
10,LE M=1024,336,-5.588580637708164,-7.13455028949258,-4.720102842930406
10,LE M=1024,341,-5.588240556483509,-7.13455028949258,-4.7191435108065605
10,LE M=1024,346,-5.5880822466389155,-7.13455028949258,-4.714448843167605
10,LE M=1024,351,-5.5878191634488665,-7.13455028949258,-4.712772870850659
10,LE M=1024,356,-5.5878191634488665,-7.13455028949258,-4.7110419000734565
10,LE M=1024,361,-5.587628958323256,-7.13455028949258,-4.707841050951692
10,LE M=1024,366,-5.587103276548004,-7.13455028949258,-4.708425730333112
10,LE M=1024,371,-5.586840677572063,-7.1335027592762295,-4.700516581623404
10,LE M=1024,376,-5.586795791445445,-7.132456914292732,-4.692538087837225
10,LE M=1024,381,-5.586870654673241,-7.132456914292732,-4.683889524294056
10,LE M=1024,386,-5.585857149193689,-7.132456914292732,-4.679543817175461
10,LE M=1024,391,-5.585333397266098,-7.131412749139704,-4.6823394606464275
10,LE M=1024,396,-5.585288518107664,-7.132456914292732,-4.676554582492521
10,LE M=1024,401,-5.58555031395208,-7.132456914292732,-4.669366909009874
10,LE M=1024,406,-5.585066414874462,-7.132456914292732,-4.6650227567528795
10,LE M=1024,411,-5.585271587188057,-7.132456914292732,-4.663052098883308
10,LE M=1024,416,-5.585377109789077,-7.1335027592762295,-4.662603873740119
10,LE M=1024,421,-5.585480943326026,-7.1341126843690965,-4.661334990244078
10,LE M=1024,426,-5.585410628311548,-7.1341126843690965,-4.65814547317657
10,LE M=1024,431,-5.585101453595655,-7.132981395214304,-4.6576113592788335
10,LE M=1024,436,-5.585235285206183,-7.132981395214304,-4.656904279570449
10,LE M=1024,441,-5.584973489361767,-7.132981395214304,-4.654510823381921
10,LE M=1024,446,-5.5845481826528065,-7.134027240197803,-4.654375527509677
10,LE M=1024,451,-5.584437665595964,-7.134027240197803,-4.65158702772406
10,LE M=1024,456,-5.584048265438737,-7.134027240197803,-4.650244296976571
10,LE M=1024,461,-5.583786949153575,-7.134027240197803,-4.649904152156764
10,LE M=1024,466,-5.583525792336992,-7.135074770414153,-4.649302871699021
10,LE M=1024,471,-5.5831923557840675,-7.135074770414153,-4.650732328572998
10,LE M=1024,476,-5.5828750551668325,-7.135074770414153,-4.649392355538324
10,LE M=1024,481,-5.582614375607331,-7.135074770414153,-4.647032174603775
10,LE M=1024,486,-5.5825670042335185,-7.135074770414153,-4.644834631343375
10,LE M=1024,491,-5.5826468958794715,-7.134989361015042,-4.643583014585303
10,LE M=1024,496,-5.5826468958794715,-7.134989361015042,-4.641624882200446
10,LE M=1024,500,-5.582556829012891,-7.134887302892296,-4.639312207753166
10,SWAP M=1024,1,-5.575963817886199,-7.099006442891309,-4.8285510578513815
10,SWAP M=1024,6,-5.645866658148523,-7.030190646545868,-4.819793773271455
10,SWAP M=1024,11,-5.655025263622573,-6.992214445577888,-4.838242552594143
10,SWAP M=1024,16,-5.613378210977028,-6.895210094421454,-4.822183507877808
10,SWAP M=1024,21,-5.737757264536063,-6.997664838879239,-4.75863660421294
10,SWAP M=1024,26,-5.654046642639045,-7.223537485056098,-4.689428440739417
10,SWAP M=1024,31,-5.688698193165336,-7.182727656914852,-4.627250860471927
10,SWAP M=1024,36,-5.7104391458366655,-7.18460465792138,-4.557271324006007
10,SWAP M=1024,41,-5.748568387903425,-7.2358329824342285,-4.706561722906809
10,SWAP M=1024,46,-5.738366503222201,-7.144591438963146,-4.7121592364512725
10,SWAP M=1024,51,-5.870741122756165,-7.1673911677161,-4.671401686214309
10,SWAP M=1024,56,-5.752711438027816,-7.090891649412231,-4.636783025557307
10,SWAP M=1024,61,-5.69463551136479,-7.12892836331904,-4.7920266955496205
10,SWAP M=1024,66,-5.701523765261221,-7.153490569744551,-4.699962367746922
10,SWAP M=1024,71,-5.687998636693446,-7.295432944758455,-4.671850841974675
10,SWAP M=1024,76,-5.596779619902252,-7.254683548138857,-4.657953005668546
10,SWAP M=1024,81,-5.615926129627105,-7.4137568587313405,-4.662934773740792
10,SWAP M=1024,86,-5.635633428652118,-7.350094625027051,-4.667118327479896
10,SWAP M=1024,91,-5.564736634296629,-7.42567791192946,-4.614583649450223
10,SWAP M=1024,96,-5.604321998422858,-7.288403111688382,-4.665964015287132
10,SWAP M=1024,101,-5.537789307970879,-7.258886046279773,-4.577321300752503
10,SWAP M=1024,106,-5.568177512850653,-7.26197341357771,-4.594042836484782
10,SWAP M=1024,111,-5.489413835554699,-7.359921707150137,-4.645077500808828
10,SWAP M=1024,116,-5.551768776937797,-7.267028899409737,-4.584029324651976
10,SWAP M=1024,121,-5.563524389364608,-7.22698932554205,-4.565815747135073
10,SWAP M=1024,126,-5.622048033903596,-7.222953607589306,-4.592235979822648
10,SWAP M=1024,131,-5.606953178719991,-7.165707981025095,-4.562183929479774
10,SWAP M=1024,136,-5.529277849714261,-7.150613203720545,-4.617491016725734
10,SWAP M=1024,141,-5.598674489802146,-7.295151707286468,-4.584228626726718
10,SWAP M=1024,146,-5.555810140068185,-7.423389588555102,-4.547053640907276
10,SWAP M=1024,151,-5.547459360694147,-7.523303596577728,-4.5978752375641445
10,SWAP M=1024,156,-5.549409425156268,-7.34857916924895,-4.6133585463709625
10,SWAP M=1024,161,-5.511748248092594,-7.271290441801001,-4.606259765020741
10,SWAP M=1024,166,-5.38725905271534,-7.259983094412586,-4.577293188726476
10,SWAP M=1024,171,-5.421251556486913,-7.275641333238996,-4.574716269683518
10,SWAP M=1024,176,-5.397601833784141,-7.354259855302313,-4.620667025653811
10,SWAP M=1024,181,-5.411626114257681,-7.415185132227567,-4.614962824461239
10,SWAP M=1024,186,-5.414258947358158,-7.379768097807974,-4.610599874599165
10,SWAP M=1024,191,-5.409878016705157,-7.425759936973055,-4.5595943496467
10,SWAP M=1024,196,-5.499377629449798,-7.113256882017309,-4.557344818427955
10,SWAP M=1024,201,-5.527603974771004,-7.2122990788220545,-4.535407440662957
10,SWAP M=1024,206,-5.502108289946937,-7.3285195670456815,-4.545597160156834
10,SWAP M=1024,211,-5.442825486484725,-7.152493361155994,-4.542811783681513
10,SWAP M=1024,216,-5.459740688631147,-7.165817994798018,-4.509989535228119
10,SWAP M=1024,221,-5.5203737680592475,-7.35775702899211,-4.485547850386798
10,SWAP M=1024,226,-5.581773869527722,-7.082534179982564,-4.502783235320222
10,SWAP M=1024,231,-5.485169409163277,-7.295220277482729,-4.5533698230448865
10,SWAP M=1024,236,-5.489978128450517,-7.118070133910489,-4.53352042222535
10,SWAP M=1024,241,-5.467799669127618,-7.181466307525779,-4.53940273885714
10,SWAP M=1024,246,-5.5878231087148205,-7.043311300038594,-4.562248712748237
10,SWAP M=1024,251,-5.671941955760959,-7.078561889047558,-4.523551866675938
10,SWAP M=1024,256,-5.698702283626014,-7.1510797591686766,-4.494876366700312
10,SWAP M=1024,261,-5.631704969441442,-7.186313743135752,-4.478714222627865
10,SWAP M=1024,266,-5.607695458913093,-7.157293567334653,-4.479688935678573
10,SWAP M=1024,271,-5.63896750773453,-7.001168278918711,-4.47225235630875
10,SWAP M=1024,276,-5.628997794203495,-6.985745720228596,-4.51279136700641
10,SWAP M=1024,281,-5.57146573830553,-7.0483497863152635,-4.559387761819814
10,SWAP M=1024,286,-5.633106797656785,-7.001966688725245,-4.543601249781641
10,SWAP M=1024,291,-5.616070972784902,-7.067541280603741,-4.509909141456442
10,SWAP M=1024,296,-5.659090607178836,-7.149258888491074,-4.516109136325173
10,SWAP M=1024,301,-5.751793087398093,-7.089483372416134,-4.544438360502237
10,SWAP M=1024,306,-5.829591988138544,-7.000155003960189,-4.576579581993435
10,SWAP M=1024,311,-5.772634283733452,-7.078344939620722,-4.572485950921992
10,SWAP M=1024,316,-5.801700523587506,-7.03392781031126,-4.614760218323127
10,SWAP M=1024,321,-5.676111589413202,-7.18709526388475,-4.604138749089216
10,SWAP M=1024,326,-5.838516280220951,-7.091630636654785,-4.574290540263965
10,SWAP M=1024,331,-5.769098897166458,-6.992930444158036,-4.618922359026033
10,SWAP M=1024,336,-5.707115287889139,-7.277807785246229,-4.62633271218372
10,SWAP M=1024,341,-5.7771516545281925,-7.296001289720527,-4.591911377452758
10,SWAP M=1024,346,-5.894220545746989,-7.274855554806886,-4.646508686088476
10,SWAP M=1024,351,-5.787892846399769,-7.170245498411399,-4.617539452897672
10,SWAP M=1024,356,-5.732640590268091,-7.228072515912314,-4.62305105743569
10,SWAP M=1024,361,-5.75135876096404,-7.490931440465781,-4.613296203976079
10,SWAP M=1024,366,-5.7152022531750255,-7.379741423954798,-4.633947862427508
10,SWAP M=1024,371,-5.672844292380142,-7.2687685929130765,-4.605448039651686
10,SWAP M=1024,376,-5.675957852881833,-7.139856479862124,-4.61690696849303
10,SWAP M=1024,381,-5.697525382496512,-7.080539981280404,-4.5585452351696025
10,SWAP M=1024,386,-5.71080727589405,-7.144118541075833,-4.599770821751819
10,SWAP M=1024,391,-5.7351033603567085,-7.159793523379374,-4.581550011658355
10,SWAP M=1024,396,-5.789765225541153,-7.180238840679863,-4.5570469078790286
10,SWAP M=1024,401,-5.793846448925367,-7.196075565912065,-4.53355201313838
10,SWAP M=1024,406,-5.8891868036972586,-7.27717118160883,-4.551471264033847
10,SWAP M=1024,411,-5.8288677333129995,-7.397315319404509,-4.564305622074315
10,SWAP M=1024,416,-5.890174304244607,-7.068855161413607,-4.590270181777638
10,SWAP M=1024,421,-5.880695854009356,-7.087856530701641,-4.567670396196096
10,SWAP M=1024,426,-5.902693484850983,-7.182267253455291,-4.538114002390327
10,SWAP M=1024,431,-5.750735083811179,-7.056249817219668,-4.547308385031709
10,SWAP M=1024,436,-5.640780425664904,-7.077411129136264,-4.509038880689337
10,SWAP M=1024,441,-5.8466497862040985,-7.182143975794782,-4.473287264836103
10,SWAP M=1024,446,-5.836677905238524,-7.191206004781987,-4.489311022044876
10,SWAP M=1024,451,-5.851084751327441,-7.516245477952504,-4.5126711964202695
10,SWAP M=1024,456,-5.939366369484146,-7.324555867653322,-4.527573869336463
10,SWAP M=1024,461,-5.966889432248658,-7.080870269797271,-4.530216795171346
10,SWAP M=1024,466,-5.965217118160869,-7.1091501699432,-4.5259022714319315
10,SWAP M=1024,471,-5.973817447068317,-7.103454127486166,-4.505570595178799
10,SWAP M=1024,476,-5.743559794428574,-7.068507041401823,-4.517744392774122
10,SWAP M=1024,481,-5.837090127192038,-7.06344304520926,-4.600445362779436
10,SWAP M=1024,486,-5.784432426513643,-7.134699269901475,-4.587833188281392
10,SWAP M=1024,491,-5.883875055282572,-7.1763097671706735,-4.535762382060094
10,SWAP M=1024,496,-5.899328550421275,-7.224222866874447,-4.5774630021736025
10,SWAP M=1024,500,-5.8847995439655705,-7.229574025311457,-4.543612509082746
10,SWAP M=512 (state-copy matched to LE M=1024),1,-5.597119804370074,-7.159315555679353,-4.847092130721616
10,SWAP M=512 (state-copy matched to LE M=1024),6,-5.623507094952648,-7.143440979919395,-4.8465303857857185
10,SWAP M=512 (state-copy matched to LE M=1024),11,-5.565150536679866,-7.355896277029868,-4.864881396195431
10,SWAP M=512 (state-copy matched to LE M=1024),16,-5.671522364509986,-7.21142826090796,-4.841822329833363
10,SWAP M=512 (state-copy matched to LE M=1024),21,-5.716293451075002,-7.666878307129322,-4.889352008616319
10,SWAP M=512 (state-copy matched to LE M=1024),26,-5.68582442495247,-7.325515050757797,-4.9225254725709675
10,SWAP M=512 (state-copy matched to LE M=1024),31,-5.711395971588434,-7.28414590932165,-4.975544812723146
10,SWAP M=512 (state-copy matched to LE M=1024),36,-5.77244417952882,-7.147684380835579,-4.809550821676784
10,SWAP M=512 (state-copy matched to LE M=1024),41,-5.8536377842664455,-7.121720676403525,-4.826988873901267
10,SWAP M=512 (state-copy matched to LE M=1024),46,-6.037468587509664,-7.815591813192434,-4.848005828841231
10,SWAP M=512 (state-copy matched to LE M=1024),51,-5.819908908055632,-7.547200293698541,-4.918455299627731
10,SWAP M=512 (state-copy matched to LE M=1024),56,-5.855337754161533,-7.526019331214175,-4.871556726601011
10,SWAP M=512 (state-copy matched to LE M=1024),61,-5.788873710396369,-7.690721889900054,-4.894551523568996
10,SWAP M=512 (state-copy matched to LE M=1024),66,-5.867122144182682,-7.407029039173816,-4.912454580720961
10,SWAP M=512 (state-copy matched to LE M=1024),71,-5.789983707355837,-7.562093095889179,-4.771482202701727
10,SWAP M=512 (state-copy matched to LE M=1024),76,-5.774126638279129,-7.633191840918494,-4.744330238722844
10,SWAP M=512 (state-copy matched to LE M=1024),81,-5.752073970173839,-7.542809895013714,-4.7380879324080265
10,SWAP M=512 (state-copy matched to LE M=1024),86,-5.80228476154144,-7.709080492431948,-4.625313596538847
10,SWAP M=512 (state-copy matched to LE M=1024),91,-5.823065753682725,-7.432204510094086,-4.613772204604516
10,SWAP M=512 (state-copy matched to LE M=1024),96,-5.865080594549889,-7.472815357600714,-4.590993533492844
10,SWAP M=512 (state-copy matched to LE M=1024),101,-5.912814926093068,-7.363175692450044,-4.605346561205953
10,SWAP M=512 (state-copy matched to LE M=1024),106,-6.020321386995292,-7.131307439167552,-4.678015699201787
10,SWAP M=512 (state-copy matched to LE M=1024),111,-5.9899880635544855,-7.249276974288501,-4.678541431679994
10,SWAP M=512 (state-copy matched to LE M=1024),116,-5.908263204738038,-7.4212574094977874,-4.685035779167954
10,SWAP M=512 (state-copy matched to LE M=1024),121,-5.916229769608872,-6.984583780794157,-4.691269004208111
10,SWAP M=512 (state-copy matched to LE M=1024),126,-5.9626474061743036,-7.2441971940193,-4.7363074286685025
10,SWAP M=512 (state-copy matched to LE M=1024),131,-6.082568420617955,-7.288484831959266,-4.915296839122565
10,SWAP M=512 (state-copy matched to LE M=1024),136,-6.05149066089066,-7.129305168214739,-4.9419304573590015
10,SWAP M=512 (state-copy matched to LE M=1024),141,-6.065690606190845,-7.445628239130997,-4.831739576537595
10,SWAP M=512 (state-copy matched to LE M=1024),146,-6.043947930626658,-7.5321267535364145,-4.889902212894408
10,SWAP M=512 (state-copy matched to LE M=1024),151,-6.0059417348941295,-7.324655512298516,-4.830689825602443
10,SWAP M=512 (state-copy matched to LE M=1024),156,-6.0288184658610025,-7.033485184946593,-4.740594756606783
10,SWAP M=512 (state-copy matched to LE M=1024),161,-5.944207880870692,-7.161259506571083,-4.843313558913848
10,SWAP M=512 (state-copy matched to LE M=1024),166,-5.6638679403487036,-7.4388183205864635,-4.8080914403064465
10,SWAP M=512 (state-copy matched to LE M=1024),171,-5.607377460923441,-7.057780760476833,-4.758956722843184
10,SWAP M=512 (state-copy matched to LE M=1024),176,-5.843907439509142,-7.115639532675251,-4.837018609964615
10,SWAP M=512 (state-copy matched to LE M=1024),181,-5.696530813948454,-6.777496790129556,-4.676841361935114
10,SWAP M=512 (state-copy matched to LE M=1024),186,-5.665204254080246,-6.80270552356542,-4.70880375790211
10,SWAP M=512 (state-copy matched to LE M=1024),191,-5.66401439226336,-6.690378516865215,-4.676240902980245
10,SWAP M=512 (state-copy matched to LE M=1024),196,-5.697624466878352,-6.637806273907656,-4.670957783343022
10,SWAP M=512 (state-copy matched to LE M=1024),201,-5.616674299029142,-6.621381480563877,-4.68791598117295
10,SWAP M=512 (state-copy matched to LE M=1024),206,-5.555308888865159,-6.63329819582342,-4.8042691414029015
10,SWAP M=512 (state-copy matched to LE M=1024),211,-5.642879574840187,-6.683502225349908,-4.71622590561755
10,SWAP M=512 (state-copy matched to LE M=1024),216,-5.618303624164261,-6.542028914997019,-4.639156661449009
10,SWAP M=512 (state-copy matched to LE M=1024),221,-5.591052229669353,-6.593864626251769,-4.627016518596282
10,SWAP M=512 (state-copy matched to LE M=1024),226,-5.4956713113076585,-6.819089961228878,-4.689592057831234
10,SWAP M=512 (state-copy matched to LE M=1024),231,-5.56263088125265,-6.812640432205562,-4.694039937783472
10,SWAP M=512 (state-copy matched to LE M=1024),236,-5.568289830867107,-6.797992386545053,-4.726080244501899
10,SWAP M=512 (state-copy matched to LE M=1024),241,-5.567943497067761,-6.766552566334439,-4.731902563749251
10,SWAP M=512 (state-copy matched to LE M=1024),246,-5.65787075388216,-6.91818506360565,-4.613992389160836
10,SWAP M=512 (state-copy matched to LE M=1024),251,-5.562787986303711,-6.907696846358515,-4.615581639583663
10,SWAP M=512 (state-copy matched to LE M=1024),256,-5.556608139532949,-7.100086092726166,-4.652228410382676
10,SWAP M=512 (state-copy matched to LE M=1024),261,-5.538198793403919,-7.088125051191535,-4.683860591322065
10,SWAP M=512 (state-copy matched to LE M=1024),266,-5.5841750341004985,-7.11394164156341,-4.698085605349576
10,SWAP M=512 (state-copy matched to LE M=1024),271,-5.517604135776388,-7.252616824337325,-4.720047309162377
10,SWAP M=512 (state-copy matched to LE M=1024),276,-5.516642739593312,-7.187874185077028,-4.546041530195639
10,SWAP M=512 (state-copy matched to LE M=1024),281,-5.465225998941707,-7.026317870488006,-4.561677919771972
10,SWAP M=512 (state-copy matched to LE M=1024),286,-5.426852825935114,-6.996403476108927,-4.608419855401754
10,SWAP M=512 (state-copy matched to LE M=1024),291,-5.451887468541054,-6.9135015623729155,-4.675190858437599
10,SWAP M=512 (state-copy matched to LE M=1024),296,-5.436735568464233,-7.159932262085442,-4.590087158562186
10,SWAP M=512 (state-copy matched to LE M=1024),301,-5.499322015629927,-7.161131571855766,-4.51177064340308
10,SWAP M=512 (state-copy matched to LE M=1024),306,-5.473164944580878,-7.047845174543164,-4.60686030837887
10,SWAP M=512 (state-copy matched to LE M=1024),311,-5.449270775173304,-6.932749891374611,-4.565666128091011
10,SWAP M=512 (state-copy matched to LE M=1024),316,-5.47534023082892,-6.657002461767835,-4.526407607207574
10,SWAP M=512 (state-copy matched to LE M=1024),321,-5.469203854663614,-6.811099940650382,-4.491535121599142
10,SWAP M=512 (state-copy matched to LE M=1024),326,-5.35885267025545,-6.842738060294383,-4.3798141428164
10,SWAP M=512 (state-copy matched to LE M=1024),331,-5.418916069436595,-6.842273370697614,-4.445253629075804
10,SWAP M=512 (state-copy matched to LE M=1024),336,-5.454260611874099,-6.748289010763605,-4.432321777002255
10,SWAP M=512 (state-copy matched to LE M=1024),341,-5.450784713348379,-6.830191434440788,-4.480716205081697
10,SWAP M=512 (state-copy matched to LE M=1024),346,-5.483795635346601,-6.744841483673981,-4.410120385013563
10,SWAP M=512 (state-copy matched to LE M=1024),351,-5.487675614151638,-6.767320214866314,-4.431351447172503
10,SWAP M=512 (state-copy matched to LE M=1024),356,-5.487992911291439,-6.873612100784142,-4.419162759072705
10,SWAP M=512 (state-copy matched to LE M=1024),361,-5.528208469014858,-6.581014360644865,-4.508097863171225
10,SWAP M=512 (state-copy matched to LE M=1024),366,-5.6223240709668545,-6.843405679330173,-4.462865098511092
10,SWAP M=512 (state-copy matched to LE M=1024),371,-5.645695651628424,-6.915073110196916,-4.401711586355903
10,SWAP M=512 (state-copy matched to LE M=1024),376,-5.617266126251037,-6.89826032791642,-4.460579483949082
10,SWAP M=512 (state-copy matched to LE M=1024),381,-5.600655297106141,-6.720086083699962,-4.475647451232185
10,SWAP M=512 (state-copy matched to LE M=1024),386,-5.601217321036714,-6.856593853262508,-4.564171979562978
10,SWAP M=512 (state-copy matched to LE M=1024),391,-5.60510984071176,-6.812190989807052,-4.487191326387254
10,SWAP M=512 (state-copy matched to LE M=1024),396,-5.6450853540767465,-6.773568739514527,-4.425397321902171
10,SWAP M=512 (state-copy matched to LE M=1024),401,-5.650147973005886,-6.741992262459882,-4.427509348455294
10,SWAP M=512 (state-copy matched to LE M=1024),406,-5.741243238799733,-6.910471384010523,-4.452538359745374
10,SWAP M=512 (state-copy matched to LE M=1024),411,-5.762954896580565,-6.903618458250139,-4.41979622962759
10,SWAP M=512 (state-copy matched to LE M=1024),416,-5.782082686928128,-6.827251394017635,-4.4368955745796095
10,SWAP M=512 (state-copy matched to LE M=1024),421,-5.78255152821186,-6.658211839875738,-4.480269568918255
10,SWAP M=512 (state-copy matched to LE M=1024),426,-5.726049689253459,-6.76155610466761,-4.528751712158302
10,SWAP M=512 (state-copy matched to LE M=1024),431,-5.709914636162968,-6.681572363469922,-4.503191282440285
10,SWAP M=512 (state-copy matched to LE M=1024),436,-5.657804974560602,-6.810621079862675,-4.58383404885105
10,SWAP M=512 (state-copy matched to LE M=1024),441,-5.6962994817962755,-6.9255454881206715,-4.5589791839941425
10,SWAP M=512 (state-copy matched to LE M=1024),446,-5.69916941295187,-6.921948793691483,-4.714508994693878
10,SWAP M=512 (state-copy matched to LE M=1024),451,-5.790777420235795,-7.021875955104064,-4.697883526986551
10,SWAP M=512 (state-copy matched to LE M=1024),456,-5.88214700131414,-6.749175249873282,-4.697470579560814
10,SWAP M=512 (state-copy matched to LE M=1024),461,-5.902123387334051,-7.02625657159507,-4.647032582360163
10,SWAP M=512 (state-copy matched to LE M=1024),466,-5.909348938801147,-6.925223347062329,-4.622787142242311
10,SWAP M=512 (state-copy matched to LE M=1024),471,-5.973741603697235,-7.233308310187167,-4.654720371959852
10,SWAP M=512 (state-copy matched to LE M=1024),476,-5.942565035509411,-7.249697244104783,-4.676396251885958
10,SWAP M=512 (state-copy matched to LE M=1024),481,-5.916751504710783,-6.91421997068662,-4.721037346493406
10,SWAP M=512 (state-copy matched to LE M=1024),486,-5.925192275720644,-7.006770196035326,-4.730862373521647
10,SWAP M=512 (state-copy matched to LE M=1024),491,-5.925515491784841,-6.844230624205558,-4.721910916446305
10,SWAP M=512 (state-copy matched to LE M=1024),496,-5.836578659782501,-6.676871471961836,-4.760767164684777
10,SWAP M=512 (state-copy matched to LE M=1024),500,-5.841491001346341,-6.715455109530172,-4.771734092128917
10,SWAP-noise random walk M=64,1,-5.791694639203856,-7.021563092311064,-4.934038823994839
10,SWAP-noise random walk M=64,6,-5.754013365307716,-7.41470504724114,-4.879010009045102
10,SWAP-noise random walk M=64,11,-5.940552574065158,-7.255418526651846,-4.858625001487322
10,SWAP-noise random walk M=64,16,-5.799952334785992,-7.017058057790643,-4.9083971278666985
10,SWAP-noise random walk M=64,21,-5.90623212792268,-6.916820550789481,-4.553033135028173
10,SWAP-noise random walk M=64,26,-5.903250939659793,-7.074838313380313,-4.5840065221571225
10,SWAP-noise random walk M=64,31,-5.918707202602505,-7.2811150528604545,-4.622772322034969
10,SWAP-noise random walk M=64,36,-5.647344852387187,-7.483036791080412,-4.595861940154248
10,SWAP-noise random walk M=64,41,-5.842328154460356,-7.11835504552835,-4.735787843967786
10,SWAP-noise random walk M=64,46,-5.7269971470869425,-7.233985052826282,-4.843804703343483
10,SWAP-noise random walk M=64,51,-5.885895731661304,-6.950356303328672,-4.932037491312918
10,SWAP-noise random walk M=64,56,-5.981658067438534,-7.174182519352143,-4.929615525626579
10,SWAP-noise random walk M=64,61,-5.895262952910214,-7.10123812542664,-4.797613254659754
10,SWAP-noise random walk M=64,66,-6.215293998523068,-7.243629789471059,-4.7089664578836725
10,SWAP-noise random walk M=64,71,-6.402756347255769,-7.1144402589301565,-4.652213089285193
10,SWAP-noise random walk M=64,76,-6.316033540501694,-7.366203039751364,-4.569099068229773
10,SWAP-noise random walk M=64,81,-6.188588366635408,-7.3112790025185745,-4.404700585973211
10,SWAP-noise random walk M=64,86,-6.210252875037435,-7.316475226302586,-4.463878284409946
10,SWAP-noise random walk M=64,91,-6.076186584858375,-7.29597139248561,-4.519286176992859
10,SWAP-noise random walk M=64,96,-6.267608174429448,-7.515237372131857,-4.435392469308856
10,SWAP-noise random walk M=64,101,-6.24983280086248,-7.583844145791431,-4.587840725360698
10,SWAP-noise random walk M=64,106,-6.071121116673577,-7.562631108998506,-4.458142272154822
10,SWAP-noise random walk M=64,111,-5.796420401377195,-7.887776681806198,-4.373570320253067
10,SWAP-noise random walk M=64,116,-5.739028005387784,-7.917572378093845,-4.389995576482644
10,SWAP-noise random walk M=64,121,-5.8267855272265585,-7.942359659575173,-4.421376269481273
10,SWAP-noise random walk M=64,126,-6.010858937831536,-7.359024894776577,-4.438862278775648
10,SWAP-noise random walk M=64,131,-6.2096357822351695,-7.425182905459946,-4.508854433808242
10,SWAP-noise random walk M=64,136,-6.091530156880742,-7.496344138517452,-4.451318128444745
10,SWAP-noise random walk M=64,141,-5.867928185557998,-7.512808570293162,-4.512689300354989
10,SWAP-noise random walk M=64,146,-5.995293819774965,-7.858172023452132,-4.51666413639531
10,SWAP-noise random walk M=64,151,-5.889997180389735,-7.719297711175981,-4.543227793853577
10,SWAP-noise random walk M=64,156,-5.778704305021684,-7.6004701285217315,-4.418907224127306
10,SWAP-noise random walk M=64,161,-5.73292845455944,-7.575998533629961,-4.450361339452957
10,SWAP-noise random walk M=64,166,-5.8547005769485745,-7.620460544509975,-4.4153696023907525
10,SWAP-noise random walk M=64,171,-5.935637546679079,-7.321172146144308,-4.3557909196269256
10,SWAP-noise random walk M=64,176,-5.782593130384841,-7.387686778411878,-4.419940204963663
10,SWAP-noise random walk M=64,181,-5.544270918499034,-7.568070027910247,-4.509006871682202
10,SWAP-noise random walk M=64,186,-5.621437504261932,-7.60930888743741,-4.681549829996394
10,SWAP-noise random walk M=64,191,-5.700113118838693,-7.465725748948908,-4.544079203509807
10,SWAP-noise random walk M=64,196,-5.682795279946605,-7.032145562683649,-4.5359951563164875
10,SWAP-noise random walk M=64,201,-5.431504818518748,-7.46185710921546,-4.5631597756204085
10,SWAP-noise random walk M=64,206,-5.416580951992814,-7.530103591717854,-4.632803787354619
10,SWAP-noise random walk M=64,211,-5.43062338336645,-7.547295992298926,-4.516185489121765
10,SWAP-noise random walk M=64,216,-5.430192912609413,-7.253436229189479,-4.51605734551805
10,SWAP-noise random walk M=64,221,-5.386903028197032,-7.052641509718617,-4.464173356027413
10,SWAP-noise random walk M=64,226,-5.420268405034142,-7.2173937748101675,-4.404402363507462
10,SWAP-noise random walk M=64,231,-5.636051947861004,-7.288301262211854,-4.465815563758877
10,SWAP-noise random walk M=64,236,-5.682849882288519,-7.601043741122147,-4.51028165792785
10,SWAP-noise random walk M=64,241,-5.832103437290006,-7.810594775946146,-4.588706195746534
10,SWAP-noise random walk M=64,246,-5.825605287989494,-7.828976970372019,-4.277703655606124
10,SWAP-noise random walk M=64,251,-5.754450821376331,-8.112531428703132,-4.360338162352006
10,SWAP-noise random walk M=64,256,-5.647546792546941,-7.440714532385327,-4.47280314302175
10,SWAP-noise random walk M=64,261,-5.765484653486775,-7.483829905783984,-4.453285289465577
10,SWAP-noise random walk M=64,266,-5.916339080810838,-7.602579655820178,-4.433673854682625
10,SWAP-noise random walk M=64,271,-6.135428927688539,-7.364491650874885,-4.410146952904032
10,SWAP-noise random walk M=64,276,-6.272198050543292,-7.7583013325762265,-4.489959818453068
10,SWAP-noise random walk M=64,281,-6.020216196121126,-7.459768118281475,-4.597367238075609
10,SWAP-noise random walk M=64,286,-5.774368835697698,-7.660209931339059,-4.577961813955538
10,SWAP-noise random walk M=64,291,-5.7143669342983925,-7.323705462060529,-4.524656251794783
10,SWAP-noise random walk M=64,296,-5.757652296571653,-7.493314819072847,-4.559586666257251
10,SWAP-noise random walk M=64,301,-5.915531514342401,-7.904706402378344,-4.617188319594453
10,SWAP-noise random walk M=64,306,-5.623097978583984,-7.684878332208994,-4.5256956995757935
10,SWAP-noise random walk M=64,311,-5.893968038391593,-7.357875270135615,-4.539915925655472
10,SWAP-noise random walk M=64,316,-5.9443587230304455,-7.709318997996009,-4.5425382232128655
10,SWAP-noise random walk M=64,321,-5.944285324516379,-7.560923517988592,-4.604671112224615
10,SWAP-noise random walk M=64,326,-5.855275818777741,-7.7100550971180875,-4.555121732148833
10,SWAP-noise random walk M=64,331,-5.916525893091562,-7.607913969784736,-4.455683250963181
10,SWAP-noise random walk M=64,336,-5.972203186803508,-7.294453778653478,-4.654446717706801
10,SWAP-noise random walk M=64,341,-6.081806471779947,-7.502743365151694,-4.345981972750415
10,SWAP-noise random walk M=64,346,-6.1403268654319785,-7.781232413454193,-4.313685930517392
10,SWAP-noise random walk M=64,351,-6.242155275774913,-7.872388741698016,-4.337399991831565
10,SWAP-noise random walk M=64,356,-6.452153826180985,-7.552112177393091,-4.491250332072027
10,SWAP-noise random walk M=64,361,-5.911319982164192,-7.371840297082744,-4.604307731103409
10,SWAP-noise random walk M=64,366,-6.070038542874677,-7.8862025409561705,-4.465428812434326
10,SWAP-noise random walk M=64,371,-6.006806683889559,-7.77458320463532,-4.3772402073339585
10,SWAP-noise random walk M=64,376,-6.467106249011196,-7.929584479204205,-4.255463015636785
10,SWAP-noise random walk M=64,381,-6.05884510516362,-7.882087348586659,-4.135674586259835
10,SWAP-noise random walk M=64,386,-6.045322847899704,-7.983753304137992,-4.184326319454537
10,SWAP-noise random walk M=64,391,-6.297817115497226,-7.90052684553282,-4.207034459779156
10,SWAP-noise random walk M=64,396,-6.071051990781211,-7.74104142851585,-4.301272084553119
10,SWAP-noise random walk M=64,401,-5.901356565804541,-7.682911666826801,-4.239385727486916
10,SWAP-noise random walk M=64,406,-5.968424740806443,-7.6070034081317095,-3.920083762802124
10,SWAP-noise random walk M=64,411,-5.975467493599686,-7.271094905899107,-3.9550516815016445
10,SWAP-noise random walk M=64,416,-5.891569555013967,-7.660819146351271,-4.045792987736377
10,SWAP-noise random walk M=64,421,-5.699738935090664,-8.040132347996407,-3.9622583248222907
10,SWAP-noise random walk M=64,426,-5.704595701931337,-7.182846896182042,-3.8686165868607345
10,SWAP-noise random walk M=64,431,-5.501400598654673,-7.577651082264614,-3.930031552165892
10,SWAP-noise random walk M=64,436,-5.482787615357311,-7.6709408364478255,-4.005331112122875
10,SWAP-noise random walk M=64,441,-5.467282898598075,-7.710501669017678,-3.884940289479982
10,SWAP-noise random walk M=64,446,-5.295625239506438,-7.403132526422319,-4.146867750306079
10,SWAP-noise random walk M=64,451,-5.599903796986433,-7.597877565746158,-4.147370970818494
10,SWAP-noise random walk M=64,456,-5.513168908322292,-7.5365634912834505,-4.102910074832631
10,SWAP-noise random walk M=64,461,-5.3610319416119605,-7.1045104746443,-4.072121917848647
10,SWAP-noise random walk M=64,466,-5.4760337567146475,-7.624546119995697,-4.054477352393926
10,SWAP-noise random walk M=64,471,-5.484768937980996,-6.9868462386034285,-4.049449784538212
10,SWAP-noise random walk M=64,476,-5.482879742213889,-7.13120334507048,-4.082424068026319
10,SWAP-noise random walk M=64,481,-5.615678589947219,-7.039537691688949,-4.042293383208613
10,SWAP-noise random walk M=64,486,-5.427112427876377,-7.2154035376631995,-4.14109736846825
10,SWAP-noise random walk M=64,491,-5.4277379186629044,-6.762212752671674,-4.015257337316941
10,SWAP-noise random walk M=64,496,-5.413838882214511,-6.852208535166659,-4.013807157221879
10,SWAP-noise random walk M=64,500,-5.454941342395488,-6.520950456047559,-4.087211705906133
10,SWAP-noise random walk M=1024,1,-5.632951226128775,-7.110157814095241,-4.776179919541745
10,SWAP-noise random walk M=1024,6,-5.640831075291696,-7.165895574488341,-4.741744999823688
10,SWAP-noise random walk M=1024,11,-5.676496072688796,-7.368836939473294,-4.748529666094327
10,SWAP-noise random walk M=1024,16,-5.692520036958373,-7.2045354136570925,-4.7735983686609735
10,SWAP-noise random walk M=1024,21,-5.6516064562837975,-7.070817262556659,-4.803458330813138
10,SWAP-noise random walk M=1024,26,-5.765329915899072,-7.152493145225762,-4.7601500992357
10,SWAP-noise random walk M=1024,31,-5.7074837309256115,-7.087143156287295,-4.764761569073693
10,SWAP-noise random walk M=1024,36,-5.6611661017752875,-7.279913607963945,-4.746692879808538
10,SWAP-noise random walk M=1024,41,-5.6853605231711395,-6.9491568408084445,-4.755169127978114
10,SWAP-noise random walk M=1024,46,-5.732993748209576,-7.107467912091623,-4.7432040153630695
10,SWAP-noise random walk M=1024,51,-5.721309995020743,-6.9453016851018825,-4.755994506467304
10,SWAP-noise random walk M=1024,56,-5.7383976723216055,-7.021083530740824,-4.756160871321581
10,SWAP-noise random walk M=1024,61,-5.700164245307612,-7.060505209889879,-4.715882656300662
10,SWAP-noise random walk M=1024,66,-5.534941422748975,-7.257749386962952,-4.695823528787491
10,SWAP-noise random walk M=1024,71,-5.5831882919906555,-7.116105922254749,-4.721204833589486
10,SWAP-noise random walk M=1024,76,-5.515318682746502,-7.000851998858164,-4.736004325892037
10,SWAP-noise random walk M=1024,81,-5.496108577286073,-7.091210618924044,-4.707804736391656
10,SWAP-noise random walk M=1024,86,-5.586728244589816,-7.161767027641373,-4.690850533844804
10,SWAP-noise random walk M=1024,91,-5.474658589647998,-7.16340099173374,-4.653418955840622
10,SWAP-noise random walk M=1024,96,-5.4807791733106805,-7.326234473303279,-4.601847956773156
10,SWAP-noise random walk M=1024,101,-5.561736949006892,-7.196359954252548,-4.6399085104393425
10,SWAP-noise random walk M=1024,106,-5.643178046982367,-7.484779011360404,-4.713352943001187
10,SWAP-noise random walk M=1024,111,-5.4709407434318695,-7.194768215141635,-4.687752445451941
10,SWAP-noise random walk M=1024,116,-5.510575937858918,-7.203712633773282,-4.722771659821174
10,SWAP-noise random walk M=1024,121,-5.5886996507279925,-7.188241185232952,-4.706668692375315
10,SWAP-noise random walk M=1024,126,-5.559031929136545,-7.301568669344756,-4.687837964267548
10,SWAP-noise random walk M=1024,131,-5.564620026546796,-7.262445721267434,-4.7352326357460015
10,SWAP-noise random walk M=1024,136,-5.556697937752033,-7.2228500223720005,-4.776347260295995
10,SWAP-noise random walk M=1024,141,-5.551589065228731,-7.247102250400617,-4.768903586826648
10,SWAP-noise random walk M=1024,146,-5.645691102712867,-7.209932927219583,-4.76703971076751
10,SWAP-noise random walk M=1024,151,-5.747998292375868,-7.339964159613139,-4.729905580444009
10,SWAP-noise random walk M=1024,156,-5.787121586929305,-7.3125789243517705,-4.717799181612518
10,SWAP-noise random walk M=1024,161,-5.795353161581851,-7.141642885901865,-4.712898615192504
10,SWAP-noise random walk M=1024,166,-5.776278725648514,-7.037866887707102,-4.749487622425869
10,SWAP-noise random walk M=1024,171,-5.616570197109338,-7.126335174357345,-4.711332883370304
10,SWAP-noise random walk M=1024,176,-5.484159077866611,-7.112721042462432,-4.70151673705568
10,SWAP-noise random walk M=1024,181,-5.594635252812159,-7.165887814528227,-4.7547404726373825
10,SWAP-noise random walk M=1024,186,-5.56726545657964,-7.203802253980236,-4.7534416089380285
10,SWAP-noise random walk M=1024,191,-5.564002685182682,-7.2684609236588305,-4.759841479218788
10,SWAP-noise random walk M=1024,196,-5.594216768897018,-7.192353284786344,-4.72617160984159
10,SWAP-noise random walk M=1024,201,-5.560564543492591,-7.271958665470119,-4.729459832023504
10,SWAP-noise random walk M=1024,206,-5.6589115871186895,-7.2225747084283025,-4.706923187174503
10,SWAP-noise random walk M=1024,211,-5.585253472561917,-7.207455808001989,-4.74029897741077
10,SWAP-noise random walk M=1024,216,-5.697263593659557,-7.112984520426013,-4.765045382137909
10,SWAP-noise random walk M=1024,221,-5.588603521641071,-7.103123592407062,-4.7787620754164
10,SWAP-noise random walk M=1024,226,-5.556465503956709,-7.193297529073494,-4.772586922128385
10,SWAP-noise random walk M=1024,231,-5.522228510301549,-7.132703436959759,-4.744120099912325
10,SWAP-noise random walk M=1024,236,-5.635970511052937,-7.130100158469027,-4.705288692900712
10,SWAP-noise random walk M=1024,241,-5.586420626710087,-7.081996153821443,-4.732917772820027
10,SWAP-noise random walk M=1024,246,-5.625852040576184,-7.0566520669485975,-4.774353816407909
10,SWAP-noise random walk M=1024,251,-5.7005753453696455,-7.291363528483891,-4.73148418379092
10,SWAP-noise random walk M=1024,256,-5.629335546304205,-7.485599423450493,-4.6871939092688395
10,SWAP-noise random walk M=1024,261,-5.598020440381619,-7.07349154556065,-4.691515131162339
10,SWAP-noise random walk M=1024,266,-5.520546778996987,-7.329499007698067,-4.607394805341108
10,SWAP-noise random walk M=1024,271,-5.469660787745328,-7.413871608446819,-4.6431555682788686
10,SWAP-noise random walk M=1024,276,-5.482407253437321,-6.906495168865034,-4.611827581187342
10,SWAP-noise random walk M=1024,281,-5.537460410880319,-7.231817453173841,-4.647540863102761
10,SWAP-noise random walk M=1024,286,-5.595244471396942,-7.271983212969943,-4.662765137434556
10,SWAP-noise random walk M=1024,291,-5.448140730118903,-7.3766283401415516,-4.58291405357775
10,SWAP-noise random walk M=1024,296,-5.514748824111789,-7.345165175599727,-4.587031173629959
10,SWAP-noise random walk M=1024,301,-5.555414616732965,-7.122822535629049,-4.598534412388654
10,SWAP-noise random walk M=1024,306,-5.644482938344225,-7.147403599287935,-4.619447403131671
10,SWAP-noise random walk M=1024,311,-5.648579313107894,-7.103531819009518,-4.591194315253057
10,SWAP-noise random walk M=1024,316,-5.673383571400937,-7.155741814309926,-4.548819580095767
10,SWAP-noise random walk M=1024,321,-5.727109918090362,-7.188741554221829,-4.660482528408411
10,SWAP-noise random walk M=1024,326,-5.771094679523378,-7.149048052400504,-4.7834817427313805
10,SWAP-noise random walk M=1024,331,-5.884990766758154,-7.097290140390065,-4.7589765465050755
10,SWAP-noise random walk M=1024,336,-5.748984884894922,-7.294117148091171,-4.767457922825652
10,SWAP-noise random walk M=1024,341,-5.664454399918927,-7.278696613713496,-4.7563384899511965
10,SWAP-noise random walk M=1024,346,-5.8797477110440575,-7.404355635014663,-4.729484559602272
10,SWAP-noise random walk M=1024,351,-5.8297007955286215,-7.410363249505748,-4.9120614642243225
10,SWAP-noise random walk M=1024,356,-5.9986774823031705,-7.290761137940729,-4.895828758258546
10,SWAP-noise random walk M=1024,361,-5.902138101754398,-7.325123681045212,-4.864073427293899
10,SWAP-noise random walk M=1024,366,-5.874523461087399,-7.326839759388562,-4.843985695282095
10,SWAP-noise random walk M=1024,371,-5.938724267099035,-7.458487431202533,-4.760805056256508
10,SWAP-noise random walk M=1024,376,-5.8313909460610445,-7.479768544067161,-4.652622890383152
10,SWAP-noise random walk M=1024,381,-5.960511511160108,-7.41010319627742,-4.587879960498158
10,SWAP-noise random walk M=1024,386,-5.900033331358724,-7.7278667236467555,-4.577953732214562
10,SWAP-noise random walk M=1024,391,-5.777797062227695,-7.824707440134166,-4.537662582467425
10,SWAP-noise random walk M=1024,396,-5.942374105242177,-7.903516715050329,-4.52807493145742
10,SWAP-noise random walk M=1024,401,-5.9076660175984435,-7.7556814227653845,-4.5692704954067995
10,SWAP-noise random walk M=1024,406,-5.893244222280966,-7.492906791115458,-4.575901809753442
10,SWAP-noise random walk M=1024,411,-5.8919806349391335,-7.470463403606698,-4.544852787351159
10,SWAP-noise random walk M=1024,416,-5.865990539424002,-7.133808337235436,-4.610058546416353
10,SWAP-noise random walk M=1024,421,-5.962999253108855,-7.433117210122111,-4.6739735706244465
10,SWAP-noise random walk M=1024,426,-5.986223388069227,-7.32902185670205,-4.614106719593406
10,SWAP-noise random walk M=1024,431,-5.996435549086128,-7.288088281655508,-4.595690077953368
10,SWAP-noise random walk M=1024,436,-6.011258626912388,-7.560335094280535,-4.594232866762313
10,SWAP-noise random walk M=1024,441,-6.002801626343734,-7.417781945767139,-4.592876453161145
10,SWAP-noise random walk M=1024,446,-6.051041156273487,-7.20955971921205,-4.582197340040799
10,SWAP-noise random walk M=1024,451,-6.014452252810184,-7.278683521155619,-4.573843954930042
10,SWAP-noise random walk M=1024,456,-5.979075952028322,-7.337488090382397,-4.620856741139915
10,SWAP-noise random walk M=1024,461,-6.020458497699728,-7.416707808735773,-4.5969467784615645
10,SWAP-noise random walk M=1024,466,-6.013018227543079,-7.354117640190877,-4.619456583619396
10,SWAP-noise random walk M=1024,471,-6.006274955078222,-7.3599067531251565,-4.678488512236357
10,SWAP-noise random walk M=1024,476,-5.9973589497436866,-7.3088510853149735,-4.682123679495845
10,SWAP-noise random walk M=1024,481,-5.9656535320131026,-7.357224485106112,-4.752540090638735
10,SWAP-noise random walk M=1024,486,-5.9542521406509605,-7.654875575605499,-4.701128487873884
10,SWAP-noise random walk M=1024,491,-5.918222378487583,-7.6547097325890725,-4.746306167407023
10,SWAP-noise random walk M=1024,496,-5.920240080810412,-7.334812180454501,-4.707994230454519
10,SWAP-noise random walk M=1024,500,-5.943465523051314,-7.530463491953892,-4.713518844958789
12,exact,1,-6.977053987637208,-9.264009433103563,-5.718259650364641
12,exact,6,-6.977031769497393,-9.26400783004311,-5.71813811341909
12,exact,11,-6.977009550704375,-9.264006226981863,-5.718016556538119
12,exact,16,-6.976987331258105,-9.264004623919838,-5.717894979713325
12,exact,21,-6.976965111158533,-9.264003020857002,-5.7177733829363
12,exact,26,-6.976942890405622,-9.264001417793368,-5.717651766198634
12,exact,31,-6.97692066899933,-9.263999814728935,-5.71753012949191
12,exact,36,-6.976898446939605,-9.263998211663695,-5.717408472807708
12,exact,41,-6.976876224226405,-9.263996608597662,-5.717286796137596
12,exact,46,-6.9768540008596895,-9.263995005530852,-5.717165099473147
12,exact,51,-6.97683177683941,-9.263993402463232,-5.717043382805916
12,exact,56,-6.9768095521655225,-9.263991799394809,-5.7169216461274655
12,exact,61,-6.976787326837984,-9.263990196325599,-5.716799889429343
12,exact,66,-6.976765100856744,-9.263988593255577,-5.716678112703101
12,exact,71,-6.976742874221762,-9.263986990184764,-5.716556315940274
12,exact,76,-6.976720646932999,-9.263985387113166,-5.716434499132402
12,exact,81,-6.976698418990409,-9.263983784040775,-5.716312662271012
12,exact,86,-6.976676190393946,-9.26398218096757,-5.716190805347633
12,exact,91,-6.97665396114356,-9.263980577893571,-5.716068928353783
12,exact,96,-6.9766317312392125,-9.26397897481877,-5.7159470312809795
12,exact,101,-6.976609500680863,-9.263977371743165,-5.715825114120733
12,exact,106,-6.976587269468462,-9.263975768666768,-5.71570317686454
12,exact,111,-6.9765650376019614,-9.263974165589598,-5.715581219503909
12,exact,116,-6.976542805081322,-9.263972562511613,-5.715459242030322
12,exact,121,-6.976520571906492,-9.263970959432834,-5.715337244435274
12,exact,126,-6.976498338077432,-9.263969356353252,-5.715215226710251
12,exact,131,-6.976476103594096,-9.263967753272873,-5.715093188846728
12,exact,136,-6.976453868456452,-9.26396615019169,-5.714971130836176
12,exact,141,-6.976431632664439,-9.263964547109719,-5.714849052670067
12,exact,146,-6.9764093962180205,-9.263962944026943,-5.714726954339856
12,exact,151,-6.976387159117143,-9.26396134094339,-5.714604835837003
12,exact,156,-6.976364921361773,-9.263959737859034,-5.714482697152957
12,exact,161,-6.976342682951859,-9.263958134773882,-5.714360538279166
12,exact,166,-6.976320443887364,-9.26395653168791,-5.714238359207071
12,exact,171,-6.976298204168231,-9.263954928601164,-5.714116159928105
12,exact,176,-6.976275963794428,-9.263953325513597,-5.713993940433702
12,exact,181,-6.976253722765903,-9.26395172242524,-5.713871700715281
12,exact,186,-6.976231481082618,-9.263950119336076,-5.713749440764262
12,exact,191,-6.976209238744524,-9.263948516246131,-5.713627160572065
12,exact,196,-6.976186995751583,-9.263946913155381,-5.71350486013009
12,exact,201,-6.976164752103738,-9.263945310063859,-5.713382539429744
12,exact,206,-6.97614250780095,-9.263943706971531,-5.713260198462423
12,exact,211,-6.97612026284318,-9.263942103878401,-5.71313783721952
12,exact,216,-6.9760980172303775,-9.263940500784472,-5.713015455692422
12,exact,221,-6.976075770962497,-9.263938897689751,-5.712893053872509
12,exact,226,-6.9760535240395,-9.263937294594216,-5.712770631751159
12,exact,231,-6.9760312764613275,-9.263935691497897,-5.712648189319746
12,exact,236,-6.976009028227944,-9.263934088400761,-5.712525726569623
12,exact,241,-6.975986779339315,-9.263932485302838,-5.71240324349216
12,exact,246,-6.975964529795384,-9.263930882204098,-5.712280740078713
12,exact,251,-6.97594227959611,-9.263929279104584,-5.712158216320623
12,exact,256,-6.975920028741446,-9.263927676004243,-5.7120356722092405
12,exact,261,-6.975897777231352,-9.263926072903123,-5.711913107735901
12,exact,266,-6.975875525065778,-9.263924469801204,-5.711790522891937
12,exact,271,-6.9758532722446835,-9.263922866698517,-5.711667917668674
12,exact,276,-6.9758310187680195,-9.26392126359502,-5.711545292057437
12,exact,281,-6.975808764635747,-9.263919660490737,-5.711422646049543
12,exact,286,-6.9757865098478185,-9.263918057385641,-5.7112999796363
12,exact,291,-6.975764254404194,-9.263916454279757,-5.711177292809014
12,exact,296,-6.9757419983048194,-9.263914851173064,-5.711054585558988
12,exact,301,-6.975719741549671,-9.263913248065586,-5.7109318578775135
12,exact,306,-6.97569748413868,-9.263911644957282,-5.710809109755882
12,exact,311,-6.975675226071809,-9.26391004184821,-5.710686341185371
12,exact,316,-6.975652967349008,-9.263908438738317,-5.710563552157266
12,exact,321,-6.975630707970241,-9.263906835627637,-5.710440742662835
12,exact,326,-6.975608447935448,-9.263905232516144,-5.710317912693349
12,exact,331,-6.975586187244605,-9.263903629403874,-5.710195062240067
12,exact,336,-6.975563925897662,-9.26390202629079,-5.7100721912942465
12,exact,341,-6.975541663894569,-9.26390042317692,-5.709949299847135
12,exact,346,-6.975519401235289,-9.263898820062249,-5.709826387889984
12,exact,351,-6.975497137919769,-9.26389721694678,-5.70970345541403
12,exact,356,-6.975474873947972,-9.263895613830508,-5.709580502410506
12,exact,361,-6.975452609319843,-9.26389401071345,-5.709457528870641
12,exact,366,-6.975430344035341,-9.26389240759558,-5.709334534785659
12,exact,371,-6.975408078094428,-9.26389080447692,-5.709211520146777
12,exact,376,-6.975385811497052,-9.26388920135746,-5.709088484945206
12,exact,381,-6.975363544243171,-9.263887598237199,-5.7089654291721565
12,exact,386,-6.975341276332742,-9.263885995116134,-5.708842352818828
12,exact,391,-6.975319007765716,-9.263884391994287,-5.70871925587641
12,exact,396,-6.9752967385420614,-9.26388278887164,-5.708596138336102
12,exact,401,-6.975274468661718,-9.263881185748186,-5.708473000189083
12,exact,406,-6.975252198124638,-9.26387958262395,-5.708349841426534
12,exact,411,-6.975229926930795,-9.263877979498908,-5.708226662039625
12,exact,416,-6.97520765508014,-9.263876376373064,-5.708103462019526
12,exact,421,-6.975185382572613,-9.263874773246425,-5.707980241357397
12,exact,426,-6.975163109408182,-9.263873170118991,-5.707857000044401
12,exact,431,-6.975140835586787,-9.263871566990748,-5.707733738071677
12,exact,436,-6.975118561108399,-9.263869963861723,-5.707610455430382
12,exact,441,-6.975096285972967,-9.263868360731895,-5.707487152111651
12,exact,446,-6.975074010180452,-9.263866757601269,-5.707363828106615
12,exact,451,-6.975051733730801,-9.263865154469848,-5.70724048340641
12,exact,456,-6.975029456623976,-9.263863551337636,-5.707117118002154
12,exact,461,-6.97500717885993,-9.263861948204616,-5.706993731884966
12,exact,466,-6.974984900438612,-9.263860345070812,-5.706870325045956
12,exact,471,-6.974962621359987,-9.263858741936179,-5.706746897476231
12,exact,476,-6.974940341624004,-9.263857138800748,-5.706623449166894
12,exact,481,-6.974918061230613,-9.263855535664518,-5.706499980109033
12,exact,486,-6.974895780179784,-9.263853932527503,-5.706376490293744
12,exact,491,-6.97487349847147,-9.263852329389675,-5.706252979712108
12,exact,496,-6.97485121610562,-9.263850726251057,-5.706129448355201
12,exact,500,-6.9748333897394765,-9.263849443739588,-5.7060306083054835
12,LE M=64,1,-6.977058431186787,-9.264009753715555,-5.7182839553622395
12,LE M=64,6,-6.977058431186787,-9.264009753715555,-5.7182839553622395
12,LE M=64,11,-6.977058431186787,-9.264009753715555,-5.7182839553622395
12,LE M=64,16,-6.977058431186787,-9.264009753715555,-5.7182839553622395
12,LE M=64,21,-6.977058431186787,-9.264009753715555,-5.712078895010206
12,LE M=64,26,-6.977058431186787,-9.264009753715555,-5.712078895010206
12,LE M=64,31,-6.977058431186787,-9.264009753715555,-5.712078895010206
12,LE M=64,36,-6.977058431186787,-9.264009753715555,-5.712078895010206
12,LE M=64,41,-6.977058431186787,-9.264009753715555,-5.712078895010206
12,LE M=64,46,-6.977058431186787,-9.264009753715555,-5.712078895010206
12,LE M=64,51,-6.977058431186787,-9.264009753715555,-5.712078895010206
12,LE M=64,56,-6.977058431186787,-9.264009753715555,-5.712078895010206
12,LE M=64,61,-6.977058431186787,-9.264009753715555,-5.712078895010206
12,LE M=64,66,-6.977058431186787,-9.264009753715555,-5.712078895010206
12,LE M=64,71,-6.977058431186787,-9.264009753715555,-5.712078895010206
12,LE M=64,76,-6.977058431186787,-9.264009753715555,-5.712078895010206
12,LE M=64,81,-6.977058431186787,-9.264009753715555,-5.712078895010206
12,LE M=64,86,-6.977058431186787,-9.264009753715555,-5.712078895010206
12,LE M=64,91,-6.977058431186787,-9.264009753715555,-5.712078895010206
12,LE M=64,96,-6.977058431186787,-9.264009753715555,-5.712078895010206
12,LE M=64,101,-6.977058431186787,-9.264009753715555,-5.712078895010206
12,LE M=64,106,-6.977058431186787,-9.264009753715555,-5.712078895010206
12,LE M=64,111,-6.977058431186787,-9.264009753715555,-5.712078895010206
12,LE M=64,116,-6.977058431186787,-9.264009753715555,-5.712078895010206
12,LE M=64,121,-6.977058431186787,-9.264009753715555,-5.712078895010206
12,LE M=64,126,-6.977058431186787,-9.264009753715555,-5.712078895010206
12,LE M=64,131,-6.977058431186787,-9.264009753715555,-5.712078895010206
12,LE M=64,136,-6.977058431186787,-9.264009753715555,-5.712078895010206
12,LE M=64,141,-6.977058431186787,-9.264009753715555,-5.712078895010206
12,LE M=64,146,-6.977058431186787,-9.264009753715555,-5.712078895010206
12,LE M=64,151,-6.977058431186787,-9.264009753715555,-5.712078895010206
12,LE M=64,156,-6.977058431186787,-9.264009753715555,-5.712078895010206
12,LE M=64,161,-6.977058431186787,-9.264009753715555,-5.712078895010206
12,LE M=64,166,-6.977058431186787,-9.264009753715555,-5.712078895010206
12,LE M=64,171,-6.977058431186787,-9.264009753715555,-5.712078895010206
12,LE M=64,176,-6.977058431186787,-9.264009753715555,-5.712078895010206
12,LE M=64,181,-6.977058431186787,-9.264009753715555,-5.712078895010206
12,LE M=64,186,-6.977058431186787,-9.264009753715555,-5.712078895010206
12,LE M=64,191,-6.977058431186787,-9.264009753715555,-5.712078895010206
12,LE M=64,196,-6.977058431186787,-9.264009753715555,-5.712078895010206
12,LE M=64,201,-6.977058431186787,-9.264009753715555,-5.705933267592739
12,LE M=64,206,-6.977058431186787,-9.264009753715555,-5.705933267592739
12,LE M=64,211,-6.977058431186787,-9.264009753715555,-5.704359885315973
12,LE M=64,216,-6.977058431186787,-9.264009753715555,-5.704359885315973
12,LE M=64,221,-6.977058431186787,-9.264009753715555,-5.704359885315973
12,LE M=64,226,-6.977058431186787,-9.264009753715555,-5.704359885315973
12,LE M=64,231,-6.983493312903893,-9.264009753715555,-5.704359885315973
12,LE M=64,236,-6.983493312903893,-9.264009753715555,-5.704359885315973
12,LE M=64,241,-6.983493312903893,-9.264009753715555,-5.704359885315973
12,LE M=64,246,-6.983493312903893,-9.264009753715555,-5.704359885315973
12,LE M=64,251,-6.983493312903893,-9.264009753715555,-5.704359885315973
12,LE M=64,256,-6.983493312903893,-9.264009753715555,-5.704359885315973
12,LE M=64,261,-6.983493312903893,-9.264009753715555,-5.704359885315973
12,LE M=64,266,-6.983493312903893,-9.264009753715555,-5.704359885315973
12,LE M=64,271,-6.983493312903893,-9.264009753715555,-5.704359885315973
12,LE M=64,276,-6.983493312903893,-9.264009753715555,-5.704359885315973
12,LE M=64,281,-6.983493312903893,-9.264009753715555,-5.704359885315973
12,LE M=64,286,-6.983493312903893,-9.264009753715555,-5.704359885315973
12,LE M=64,291,-6.983493312903893,-9.264009753715555,-5.704359885315973
12,LE M=64,296,-6.983493312903893,-9.264009753715555,-5.704359885315973
12,LE M=64,301,-6.983493312903893,-9.264009753715555,-5.704359885315973
12,LE M=64,306,-6.983493312903893,-9.264009753715555,-5.700796479638818
12,LE M=64,311,-6.983493312903893,-9.264009753715555,-5.7007646187848415
12,LE M=64,316,-6.983493312903893,-9.264009753715555,-5.7007646187848415
12,LE M=64,321,-6.983493312903893,-9.264009753715555,-5.7007646187848415
12,LE M=64,326,-6.983493312903893,-9.264009753715555,-5.7007646187848415
12,LE M=64,331,-6.983493312903893,-9.264009753715555,-5.7007646187848415
12,LE M=64,336,-6.983493312903893,-9.264009753715555,-5.7007646187848415
12,LE M=64,341,-6.983493312903893,-9.264009753715555,-5.7007646187848415
12,LE M=64,346,-6.983493312903893,-9.264009753715555,-5.7007646187848415
12,LE M=64,351,-6.983493312903893,-9.264009753715555,-5.7007646187848415
12,LE M=64,356,-6.983493312903893,-9.264009753715555,-5.7007646187848415
12,LE M=64,361,-6.983493312903893,-9.264009753715555,-5.7007646187848415
12,LE M=64,366,-6.983493312903893,-9.264009753715555,-5.7007646187848415
12,LE M=64,371,-6.983493312903893,-9.264009753715555,-5.7007646187848415
12,LE M=64,376,-6.983493312903893,-9.264009753715555,-5.7007646187848415
12,LE M=64,381,-6.983493312903893,-9.264009753715555,-5.700163917652401
12,LE M=64,386,-6.983493312903893,-9.264009753715555,-5.700163917652401
12,LE M=64,391,-6.983493312903893,-9.264009753715555,-5.700163917652401
12,LE M=64,396,-6.983493312903893,-9.264009753715555,-5.700163917652401
12,LE M=64,401,-6.983493312903893,-9.264009753715555,-5.706309545069868
12,LE M=64,406,-6.983493312903893,-9.264009753715555,-5.706309545069868
12,LE M=64,411,-6.983493312903893,-9.264009753715555,-5.706309545069868
12,LE M=64,416,-6.983493312903893,-9.264009753715555,-5.706309545069868
12,LE M=64,421,-6.983493312903893,-9.264009753715555,-5.706309545069868
12,LE M=64,426,-6.983493312903893,-9.264009753715555,-5.706309545069868
12,LE M=64,431,-6.983493312903893,-9.264009753715555,-5.706309545069868
12,LE M=64,436,-6.983493312903893,-9.264009753715555,-5.706309545069868
12,LE M=64,441,-6.983493312903893,-9.264009753715555,-5.706309545069868
12,LE M=64,446,-6.983493312903893,-9.264009753715555,-5.706309545069868
12,LE M=64,451,-6.983493312903893,-9.264009753715555,-5.706309545069868
12,LE M=64,456,-6.983493312903893,-9.264009753715555,-5.706309545069868
12,LE M=64,461,-6.983493312903893,-9.264009753715555,-5.706309545069868
12,LE M=64,466,-6.983493312903893,-9.264009753715555,-5.700163917652401
12,LE M=64,471,-6.983493312903893,-9.264009753715555,-5.700163917652401
12,LE M=64,476,-6.983493312903893,-9.264009753715555,-5.700163917652401
12,LE M=64,481,-6.983493312903893,-9.264009753715555,-5.700163917652401
12,LE M=64,486,-6.983493312903893,-9.264009753715555,-5.700163917652401
12,LE M=64,491,-6.99002558061191,-9.264009753715555,-5.700163917652401
12,LE M=64,496,-6.99002558061191,-9.264009753715555,-5.700163917652401
12,LE M=64,500,-6.99002558061191,-9.264009753715555,-5.700163917652401
12,SWAP M=64,1,-7.077122917430385,-8.847253841502589,-5.889244365528446
12,SWAP M=64,6,-7.360495454987276,-8.924582286347352,-5.886240975881073
12,SWAP M=64,11,-6.849081005844031,-9.05422167496549,-5.72903372465815
12,SWAP M=64,16,-7.3330342091129275,-8.81193400037173,-5.781594728408406
12,SWAP M=64,21,-7.275409337990196,-8.702376140337286,-5.533146478796846
12,SWAP M=64,26,-7.354961950283519,-8.804075637099613,-5.725885987878968
12,SWAP M=64,31,-7.407470928353675,-8.727794123646325,-5.668855632329011
12,SWAP M=64,36,-7.1675389170528625,-8.91375821394569,-5.516174026449441
12,SWAP M=64,41,-7.091669015133631,-9.230203637675974,-5.444268627754536
12,SWAP M=64,46,-7.23365952230564,-8.845465429118168,-5.341235556796482
12,SWAP M=64,51,-7.166544249917266,-8.343076931421752,-5.371425474890011
12,SWAP M=64,56,-7.539523977342997,-9.042907342836285,-5.339309688281163
12,SWAP M=64,61,-7.376880549037564,-8.632678889224515,-5.227117600113978
12,SWAP M=64,66,-7.4737896076824555,-9.068290368108002,-5.176676067641381
12,SWAP M=64,71,-7.293864520704965,-9.011103163295402,-5.16080983447739
12,SWAP M=64,76,-7.395639177569414,-8.991298111956779,-5.385043563346652
12,SWAP M=64,81,-7.188308303548473,-9.185142241424721,-5.602758259582203
12,SWAP M=64,86,-7.188835516088873,-8.525050213303587,-5.465951897206325
12,SWAP M=64,91,-7.513982890387384,-8.986341397166216,-5.414248162868355
12,SWAP M=64,96,-7.4424434967307125,-8.789862540031283,-5.72547287557134
12,SWAP M=64,101,-7.173115212413982,-8.591243216327513,-5.808014779733975
12,SWAP M=64,106,-7.233046673198898,-8.677696149233055,-5.701773598196453
12,SWAP M=64,111,-7.10316687954426,-8.305855379787305,-5.848965112055128
12,SWAP M=64,116,-7.328629007134055,-8.548640949296308,-5.6080123059349685
12,SWAP M=64,121,-7.478494384311303,-8.275515866797543,-5.477209357051951
12,SWAP M=64,126,-6.936269838392694,-8.523181600859573,-5.161008004497016
12,SWAP M=64,131,-7.145669754277538,-9.05094149615713,-5.315787766983675
12,SWAP M=64,136,-7.195472732196189,-9.091509113601596,-5.526340742416064
12,SWAP M=64,141,-7.175791914971894,-8.78927747029905,-5.435689134861995
12,SWAP M=64,146,-6.761565741372824,-8.603797217930675,-5.549977124759838
12,SWAP M=64,151,-6.855360604295029,-8.490724235223047,-5.368664804823688
12,SWAP M=64,156,-6.8278292334040565,-8.463521769574943,-5.319183699032805
12,SWAP M=64,161,-7.286886733115734,-8.76801510204106,-5.330079838991683
12,SWAP M=64,166,-6.778711706954855,-8.45018213567231,-5.250691108219011
12,SWAP M=64,171,-6.770517318852863,-8.662024220103305,-5.246228400038621
12,SWAP M=64,176,-6.896203721298413,-8.391458108874533,-5.208162335392055
12,SWAP M=64,181,-6.726018841837126,-8.918535027376034,-5.149977532402322
12,SWAP M=64,186,-6.805911538928241,-9.121664142534978,-5.416500100687145
12,SWAP M=64,191,-6.805818081446407,-9.039871544129582,-5.501965114890379
12,SWAP M=64,196,-6.92920422339777,-9.310091785152736,-5.42327668164684
12,SWAP M=64,201,-6.9454178196675365,-9.243690421169703,-5.574948991289074
12,SWAP M=64,206,-7.121528670360144,-9.112436716129405,-5.493961896078918
12,SWAP M=64,211,-7.223980004198509,-9.439722102900262,-5.7007826243217465
12,SWAP M=64,216,-7.078303126444388,-8.932740044187288,-5.713674815482005
12,SWAP M=64,221,-7.100035503105581,-8.97296980596558,-5.769741269780918
12,SWAP M=64,226,-7.03342362626427,-8.99619818279831,-5.648704052568737
12,SWAP M=64,231,-6.9845696448514465,-9.102916109871988,-5.333072389172299
12,SWAP M=64,236,-7.022308477374981,-9.069962380390429,-5.281801937629472
12,SWAP M=64,241,-7.127415026970018,-8.834458218936959,-5.357620917025363
12,SWAP M=64,246,-7.238743471901929,-8.675498037123301,-5.665204786335003
12,SWAP M=64,251,-6.907491611346217,-9.015011306578433,-5.559426488248207
12,SWAP M=64,256,-6.892762563153934,-8.937682388763742,-5.505289729677257
12,SWAP M=64,261,-6.8539889231004425,-8.93443134619761,-5.4410378336997836
12,SWAP M=64,266,-6.748947602391023,-8.729524189220742,-5.697188651106812
12,SWAP M=64,271,-6.683737126943431,-9.022179010196103,-5.43066127066513
12,SWAP M=64,276,-6.655260350533613,-9.605437228851262,-5.554510121306048
12,SWAP M=64,281,-6.8013884493258985,-9.158444425076688,-5.328086630280276
12,SWAP M=64,286,-6.459090091400436,-9.419343531518408,-5.554638756847416
12,SWAP M=64,291,-6.840837292015813,-9.371174781582798,-5.844006765995852
12,SWAP M=64,296,-7.010957323369544,-9.365824229167211,-5.5513775537017365
12,SWAP M=64,301,-7.2265689726796225,-9.430917694330338,-5.345249006238863
12,SWAP M=64,306,-6.943406912342475,-8.902330369274669,-5.265803674004204
12,SWAP M=64,311,-6.713976072522233,-8.926349429222096,-5.262147238741365
12,SWAP M=64,316,-6.616291976131959,-9.673693205726881,-5.327114175798762
12,SWAP M=64,321,-6.635984059014158,-9.809393741866185,-5.665054164443476
12,SWAP M=64,326,-6.922032489257307,-9.787770889414501,-5.4953162224686585
12,SWAP M=64,331,-7.078975503112424,-9.440083360199123,-5.422993064624821
12,SWAP M=64,336,-7.276402186082832,-9.508537298269937,-5.448923715304267
12,SWAP M=64,341,-7.758118297386718,-9.511361735038392,-5.493508875304884
12,SWAP M=64,346,-7.449623021495276,-9.59334869313442,-5.529284614367475
12,SWAP M=64,351,-7.229218557510915,-9.702545276189326,-5.430707193666002
12,SWAP M=64,356,-7.478500916907812,-9.615197532279783,-5.381951335585055
12,SWAP M=64,361,-7.512907770549968,-9.41024730959775,-5.453045703367308
12,SWAP M=64,366,-7.208803465637336,-9.68665051449673,-5.681841792164079
12,SWAP M=64,371,-7.203574360213034,-9.14418717292877,-5.745632191952861
12,SWAP M=64,376,-7.276705244107566,-9.366763776882586,-5.71346518967876
12,SWAP M=64,381,-7.283926211538871,-9.210914927254805,-5.732048521574897
12,SWAP M=64,386,-7.175170601174097,-9.059376399548142,-5.7378991058111595
12,SWAP M=64,391,-7.316482670239905,-9.317479235265393,-5.647173492819979
12,SWAP M=64,396,-7.292621587725472,-9.626481704079524,-5.877152440518363
12,SWAP M=64,401,-7.150154230870628,-9.147043847980946,-5.980796973494789
12,SWAP M=64,406,-6.976025551215887,-9.216505918691897,-6.007724244820139
12,SWAP M=64,411,-6.976302400955262,-9.22126171023647,-5.849482479574256
12,SWAP M=64,416,-6.824433043336323,-9.532350415026038,-5.610791685590638
12,SWAP M=64,421,-6.8409186248903175,-8.942667817183583,-5.4736071965162445
12,SWAP M=64,426,-6.749140960169541,-9.022139872801517,-5.375280291178357
12,SWAP M=64,431,-6.739885955449959,-8.947290274184935,-5.505560908303252
12,SWAP M=64,436,-6.9165950685296815,-8.890083591194712,-5.456520064664161
12,SWAP M=64,441,-6.82466489027103,-8.10994509205122,-5.389283499725487
12,SWAP M=64,446,-6.850409497612961,-8.932073505142423,-5.394386798822373
12,SWAP M=64,451,-6.933554757715744,-8.459253147171529,-5.583523762062379
12,SWAP M=64,456,-6.579706639776592,-8.470936346433813,-5.632250889292447
12,SWAP M=64,461,-6.460158453951112,-8.444864465560343,-5.625270154441262
12,SWAP M=64,466,-6.569853954672386,-8.496541216198578,-5.843309155032633
12,SWAP M=64,471,-6.492981118210318,-8.25518856386109,-5.70804552887013
12,SWAP M=64,476,-6.2781273066397185,-8.626889189397707,-5.495737948347378
12,SWAP M=64,481,-6.300233480791675,-8.65909415273584,-5.426450058577083
12,SWAP M=64,486,-6.378211178711546,-8.6224021388804,-5.615165562701908
12,SWAP M=64,491,-6.4893122976704785,-8.176318685569889,-5.804010716377043
12,SWAP M=64,496,-6.623089439843301,-8.050391337089957,-5.565452651199195
12,SWAP M=64,500,-6.634442812839231,-8.38358357349853,-5.484292339699634
12,SWAP M=32 (state-copy matched to LE M=64),1,-7.102240597217325,-8.956210550001629,-5.881233498182077
12,SWAP M=32 (state-copy matched to LE M=64),6,-7.216772702518064,-8.999635339102758,-5.7172081652354905
12,SWAP M=32 (state-copy matched to LE M=64),11,-7.180117210114622,-8.424507940130548,-5.624473304148948
12,SWAP M=32 (state-copy matched to LE M=64),16,-7.0386124948626385,-8.710199756164968,-5.536212421847778
12,SWAP M=32 (state-copy matched to LE M=64),21,-6.982589185518856,-8.41473149125708,-5.7706146660701085
12,SWAP M=32 (state-copy matched to LE M=64),26,-7.310816053325528,-8.567664522040165,-5.59553735955405
12,SWAP M=32 (state-copy matched to LE M=64),31,-7.108164493394165,-8.533248803608133,-5.6674567638353315
12,SWAP M=32 (state-copy matched to LE M=64),36,-6.91135056939053,-8.347084136748693,-5.918972743512192
12,SWAP M=32 (state-copy matched to LE M=64),41,-6.744680979690196,-8.562920100297305,-5.942707197248038
12,SWAP M=32 (state-copy matched to LE M=64),46,-6.744163448764162,-8.680442918774087,-5.923891243694491
12,SWAP M=32 (state-copy matched to LE M=64),51,-6.989346652348704,-8.409525316100499,-5.992829417193969
12,SWAP M=32 (state-copy matched to LE M=64),56,-6.810037571923569,-8.22562876115779,-5.757713088238189
12,SWAP M=32 (state-copy matched to LE M=64),61,-6.518204463857829,-8.457714606394907,-5.889201531202857
12,SWAP M=32 (state-copy matched to LE M=64),66,-7.120779826269825,-8.777587592210075,-5.442561036291525
12,SWAP M=32 (state-copy matched to LE M=64),71,-6.781955969998583,-8.870335689004968,-5.4912791569880275
12,SWAP M=32 (state-copy matched to LE M=64),76,-6.540532556119899,-8.44318708254476,-5.725999284880513
12,SWAP M=32 (state-copy matched to LE M=64),81,-6.841247414206831,-8.525856163533412,-5.7437728274785425
12,SWAP M=32 (state-copy matched to LE M=64),86,-6.637760041987106,-8.545244986015607,-5.492141663427984
12,SWAP M=32 (state-copy matched to LE M=64),91,-6.879274638920295,-8.437880987126459,-5.709734408912756
12,SWAP M=32 (state-copy matched to LE M=64),96,-6.995044488064323,-8.177076481416119,-5.8522576679192175
12,SWAP M=32 (state-copy matched to LE M=64),101,-7.042612205916548,-8.7431017331594,-5.858016729127243
12,SWAP M=32 (state-copy matched to LE M=64),106,-6.8760736647454035,-9.207373112222939,-5.688125252227808
12,SWAP M=32 (state-copy matched to LE M=64),111,-7.328732502186583,-8.699672096410334,-5.766182536979879
12,SWAP M=32 (state-copy matched to LE M=64),116,-7.03775884838447,-8.234721526998223,-6.040321851995664
12,SWAP M=32 (state-copy matched to LE M=64),121,-7.4795033142242575,-8.963336266328724,-5.993636274115467
12,SWAP M=32 (state-copy matched to LE M=64),126,-7.09175850533134,-8.92645092264646,-5.875332662948601
12,SWAP M=32 (state-copy matched to LE M=64),131,-7.2235989843013755,-8.788391713927325,-5.719487569488663
12,SWAP M=32 (state-copy matched to LE M=64),136,-7.6084252580579825,-9.685399832413669,-5.686176136459142
12,SWAP M=32 (state-copy matched to LE M=64),141,-7.219560467108252,-9.292532487487803,-5.898438519882579
12,SWAP M=32 (state-copy matched to LE M=64),146,-7.379400954698733,-8.97753052119274,-5.837836139109816
12,SWAP M=32 (state-copy matched to LE M=64),151,-7.422671581931164,-9.165884734479196,-5.907169228810109
12,SWAP M=32 (state-copy matched to LE M=64),156,-7.6863526147871575,-8.977633945779012,-5.676023479988088
12,SWAP M=32 (state-copy matched to LE M=64),161,-7.2348616037984215,-8.501957799487895,-5.8568145076270275
12,SWAP M=32 (state-copy matched to LE M=64),166,-7.239455951943385,-8.846988120001999,-5.775123703283024
12,SWAP M=32 (state-copy matched to LE M=64),171,-7.464223812509829,-9.095420314057543,-5.829950338862838
12,SWAP M=32 (state-copy matched to LE M=64),176,-7.921734946758144,-9.141093720839596,-5.918325943085091
12,SWAP M=32 (state-copy matched to LE M=64),181,-7.747224357702317,-9.346040734473345,-5.9077932495032215
12,SWAP M=32 (state-copy matched to LE M=64),186,-7.63207808668249,-9.51290722221407,-5.9751435214168795
12,SWAP M=32 (state-copy matched to LE M=64),191,-7.81764915821544,-9.793935236569723,-6.0184262279359935
12,SWAP M=32 (state-copy matched to LE M=64),196,-7.664044280514247,-9.606350597344626,-6.048814331709266
12,SWAP M=32 (state-copy matched to LE M=64),201,-7.67101998344476,-10.137606820559203,-6.144165182792422
12,SWAP M=32 (state-copy matched to LE M=64),206,-7.311019852266032,-9.561021706628953,-5.737346746772553
12,SWAP M=32 (state-copy matched to LE M=64),211,-7.520163321008451,-9.78289347861939,-5.840417491544181
12,SWAP M=32 (state-copy matched to LE M=64),216,-7.562677359312026,-9.791379249796341,-5.94477526732603
12,SWAP M=32 (state-copy matched to LE M=64),221,-7.720588297963105,-9.71659786384817,-5.767710162108053
12,SWAP M=32 (state-copy matched to LE M=64),226,-7.685334259239983,-9.439416285705104,-6.055723923918392
12,SWAP M=32 (state-copy matched to LE M=64),231,-7.600921301654381,-9.879303399566401,-5.563805860346658
12,SWAP M=32 (state-copy matched to LE M=64),236,-7.791482794684741,-9.661508862117252,-5.840375208650324
12,SWAP M=32 (state-copy matched to LE M=64),241,-7.7047434239280275,-9.017833656602269,-5.586449339176146
12,SWAP M=32 (state-copy matched to LE M=64),246,-7.464326441290238,-9.82028984942944,-5.770325589202365
12,SWAP M=32 (state-copy matched to LE M=64),251,-7.332381083695981,-9.109227787208352,-5.819956613426124
12,SWAP M=32 (state-copy matched to LE M=64),256,-7.111905655420112,-9.15480929489209,-5.812690337519834
12,SWAP M=32 (state-copy matched to LE M=64),261,-7.122167890367489,-9.961305026677277,-5.690495114578345
12,SWAP M=32 (state-copy matched to LE M=64),266,-7.094595735571839,-9.506020166634732,-5.816600216381562
12,SWAP M=32 (state-copy matched to LE M=64),271,-6.889017486013282,-9.729076177132942,-5.725587229245159
12,SWAP M=32 (state-copy matched to LE M=64),276,-7.0911123703872745,-8.911678982020954,-5.496237227185994
12,SWAP M=32 (state-copy matched to LE M=64),281,-6.912076810892592,-9.737630708509883,-5.536500026537273
12,SWAP M=32 (state-copy matched to LE M=64),286,-6.8046017190985415,-9.40300456317454,-5.279855724178887
12,SWAP M=32 (state-copy matched to LE M=64),291,-6.780185050573893,-9.331710601669744,-5.1840569506645195
12,SWAP M=32 (state-copy matched to LE M=64),296,-7.029251585472757,-9.575686873610183,-5.3352360934502325
12,SWAP M=32 (state-copy matched to LE M=64),301,-7.392005658613485,-9.428863860004684,-5.469602962046065
12,SWAP M=32 (state-copy matched to LE M=64),306,-7.142441344607665,-9.01498055499177,-5.31099248453135
12,SWAP M=32 (state-copy matched to LE M=64),311,-7.0970242757277,-9.118058970210331,-5.529728334497026
12,SWAP M=32 (state-copy matched to LE M=64),316,-7.3815563827580455,-9.53726132264415,-5.619240801039537
12,SWAP M=32 (state-copy matched to LE M=64),321,-7.23436083979378,-9.260693115477604,-5.653634412829222
12,SWAP M=32 (state-copy matched to LE M=64),326,-7.50575093649325,-9.248931042461992,-5.829339856178154
12,SWAP M=32 (state-copy matched to LE M=64),331,-7.302172415399648,-9.279298254246044,-5.608763403964103
12,SWAP M=32 (state-copy matched to LE M=64),336,-7.386928276178409,-9.54590266959154,-5.968684946162185
12,SWAP M=32 (state-copy matched to LE M=64),341,-7.511139184827899,-9.65106823243668,-5.840878230561179
12,SWAP M=32 (state-copy matched to LE M=64),346,-7.239636890326355,-9.256763525831428,-5.69688359623985
12,SWAP M=32 (state-copy matched to LE M=64),351,-6.973594009149833,-9.975763255060222,-5.563629947352624
12,SWAP M=32 (state-copy matched to LE M=64),356,-6.81865566525839,-9.301967976274378,-5.6745469016699195
12,SWAP M=32 (state-copy matched to LE M=64),361,-6.96197324855145,-9.218958130721095,-5.3253961465225785
12,SWAP M=32 (state-copy matched to LE M=64),366,-7.405911625471913,-10.039580605547716,-5.480038308163251
12,SWAP M=32 (state-copy matched to LE M=64),371,-7.394597463065169,-9.813078943512556,-5.7138452736389445
12,SWAP M=32 (state-copy matched to LE M=64),376,-7.567176412021267,-9.537104576001475,-5.899452548063984
12,SWAP M=32 (state-copy matched to LE M=64),381,-7.910268810149258,-9.508079152185315,-5.296822770155412
12,SWAP M=32 (state-copy matched to LE M=64),386,-7.698006396787539,-9.748170649525573,-5.380991361867077
12,SWAP M=32 (state-copy matched to LE M=64),391,-7.4892861384630285,-9.880238596533735,-5.330040671632933
12,SWAP M=32 (state-copy matched to LE M=64),396,-7.390526531618674,-9.601408227716675,-5.161820254216526
12,SWAP M=32 (state-copy matched to LE M=64),401,-7.566724142532546,-9.087517114670634,-5.161657879717631
12,SWAP M=32 (state-copy matched to LE M=64),406,-7.371142927368091,-9.562415634537937,-5.390299759438713
12,SWAP M=32 (state-copy matched to LE M=64),411,-7.682185332110431,-9.5416712471501,-5.712622720165538
12,SWAP M=32 (state-copy matched to LE M=64),416,-7.765330572697565,-9.14435739535975,-5.979968971236762
12,SWAP M=32 (state-copy matched to LE M=64),421,-7.918722508750367,-9.81649831554608,-6.304507133698116
12,SWAP M=32 (state-copy matched to LE M=64),426,-7.498196095350821,-9.663426621172984,-6.0749228733200145
12,SWAP M=32 (state-copy matched to LE M=64),431,-7.667662828976828,-9.813025786986424,-5.457249290948307
12,SWAP M=32 (state-copy matched to LE M=64),436,-7.518115402253192,-9.780168080604259,-5.660414389136386
12,SWAP M=32 (state-copy matched to LE M=64),441,-7.7028208552237025,-10.55319783761112,-5.593414286509572
12,SWAP M=32 (state-copy matched to LE M=64),446,-7.816141286386331,-10.373417962182572,-5.153583560275743
12,SWAP M=32 (state-copy matched to LE M=64),451,-7.493051970491447,-9.785251223601746,-5.116482772359362
12,SWAP M=32 (state-copy matched to LE M=64),456,-7.56787024533792,-8.85792716580917,-4.960059115685966
12,SWAP M=32 (state-copy matched to LE M=64),461,-7.573302366097563,-8.75547236612464,-4.913416915005804
12,SWAP M=32 (state-copy matched to LE M=64),466,-7.500199209455772,-9.144925968845492,-4.836948762040901
12,SWAP M=32 (state-copy matched to LE M=64),471,-7.0707640688461595,-9.230405629257623,-5.065609292592074
12,SWAP M=32 (state-copy matched to LE M=64),476,-7.057422462620707,-9.017018480415999,-5.162620586282319
12,SWAP M=32 (state-copy matched to LE M=64),481,-7.191411388001946,-9.610430378524553,-5.105574336438455
12,SWAP M=32 (state-copy matched to LE M=64),486,-7.21186944686137,-9.099059710421756,-5.233187127398712
12,SWAP M=32 (state-copy matched to LE M=64),491,-7.496524770529186,-9.068715775603778,-5.46721727930052
12,SWAP M=32 (state-copy matched to LE M=64),496,-7.427667112988432,-9.941326948235977,-5.32480764302851
12,SWAP M=32 (state-copy matched to LE M=64),500,-7.4759937011445246,-9.673882910418257,-5.4324377082284725
12,LE M=1024,1,-6.977058431186787,-9.264009753715555,-5.7182839553622395
12,LE M=1024,6,-6.977058431186787,-9.264009753715555,-5.71711592727091
12,LE M=1024,11,-6.977058431186787,-9.264009753715555,-5.71750303364749
12,LE M=1024,16,-6.977058431186787,-9.264009753715555,-5.717468743719512
12,LE M=1024,21,-6.977058431186787,-9.264009753715555,-5.717468743719512
12,LE M=1024,26,-6.977058431186787,-9.264009753715555,-5.717895695287148
12,LE M=1024,31,-6.976659419007817,-9.264009753715555,-5.718285274221671
12,LE M=1024,36,-6.9762329494919895,-9.264009753715555,-5.718453701010426
12,LE M=1024,41,-6.9762329494919895,-9.264009753715555,-5.71831525090193
12,LE M=1024,46,-6.976667339469147,-9.264009753715555,-5.7187050664508075
12,LE M=1024,51,-6.9762329494919895,-9.264009753715555,-5.719039070314837
12,LE M=1024,56,-6.9762329494919895,-9.264009753715555,-5.718649017868259
12,LE M=1024,61,-6.9762329494919895,-9.264009753715555,-5.718445064624777
12,LE M=1024,66,-6.9762329494919895,-9.264009753715555,-5.717666143087253
12,LE M=1024,71,-6.9762329494919895,-9.264009753715555,-5.717666143087253
12,LE M=1024,76,-6.976020250537453,-9.264009753715555,-5.717666143087253
12,LE M=1024,81,-6.97644672005328,-9.264009753715555,-5.717631578513029
12,LE M=1024,86,-6.97644672005328,-9.264009753715555,-5.717631578513029
12,LE M=1024,91,-6.976845732232248,-9.264009753715555,-5.7171744486169365
12,LE M=1024,96,-6.976845732232248,-9.264009753715555,-5.716785577830512
12,LE M=1024,101,-6.976845732232248,-9.264009753715555,-5.717363715440171
12,LE M=1024,106,-6.977280122209406,-9.264009753715555,-5.717363715440171
12,LE M=1024,111,-6.977280122209406,-9.264009753715555,-5.717363715440171
12,LE M=1024,116,-6.97771494943918,-9.264009753715555,-5.717587347129126
12,LE M=1024,121,-6.978141840484252,-9.264009753715555,-5.717576455805529
12,LE M=1024,126,-6.978141840484252,-9.264009753715555,-5.717576455805529
12,LE M=1024,131,-6.978356561382036,-9.264009753715555,-5.718256449310508
12,LE M=1024,136,-6.978791826740882,-9.264009753715555,-5.717867106707506
12,LE M=1024,141,-6.979219563335403,-9.264009753715555,-5.717478000153701
12,LE M=1024,146,-6.979219563335403,-9.264009753715555,-5.717703712311976
12,LE M=1024,151,-6.979219563335403,-9.264009753715555,-5.717188355896158
12,LE M=1024,156,-6.979219563335403,-9.264009753715555,-5.716799485109733
12,LE M=1024,161,-6.979219563335403,-9.264009753715555,-5.71641084980938
12,LE M=1024,166,-6.979219563335403,-9.264009753715555,-5.71641084980938
12,LE M=1024,171,-6.9796477239550505,-9.264009753715555,-5.7163124125294775
12,LE M=1024,176,-6.9796477239550505,-9.264009753715555,-5.715683566772392
12,LE M=1024,181,-6.9796477239550505,-9.264009753715555,-5.715615564620842
12,LE M=1024,186,-6.9796477239550505,-9.264009753715555,-5.715517145707314
12,LE M=1024,191,-6.980083428322068,-9.264009753715555,-5.715517145707314
12,LE M=1024,196,-6.980083428322068,-9.264009753715555,-5.715386585950103
12,LE M=1024,201,-6.9796477239550505,-9.264009753715555,-5.71577498604519
12,LE M=1024,206,-6.9796477239550505,-9.264009753715555,-5.71577498604519
12,LE M=1024,211,-6.9796477239550505,-9.264009753715555,-5.716107604010366
12,LE M=1024,216,-6.9796477239550505,-9.264009753715555,-5.716107604010366
12,LE M=1024,221,-6.9796477239550505,-9.264009753715555,-5.716107604010366
12,LE M=1024,226,-6.9796477239550505,-9.264009753715555,-5.716107604010366
12,LE M=1024,231,-6.9796477239550505,-9.264009753715555,-5.716107604010366
12,LE M=1024,236,-6.9796477239550505,-9.264009753715555,-5.715974649539416
12,LE M=1024,241,-6.9796477239550505,-9.264009753715555,-5.71607616939628
12,LE M=1024,246,-6.9796477239550505,-9.264009753715555,-5.71607616939628
12,LE M=1024,251,-6.9796477239550505,-9.264009753715555,-5.7158526179443125
12,LE M=1024,256,-6.980076309436722,-9.264009753715555,-5.7156291466742815
12,LE M=1024,261,-6.980076309436722,-9.264009753715555,-5.715573144950703
12,LE M=1024,266,-6.980076309436722,-9.264009753715555,-5.715349753807617
12,LE M=1024,271,-6.979641044077875,-9.264009753715555,-5.715698665557239
12,LE M=1024,276,-6.979641044077875,-9.264009753715555,-5.7154753544861645
12,LE M=1024,281,-6.979641044077875,-9.264009753715555,-5.715658715036927
12,LE M=1024,286,-6.979641044077875,-9.264009753715555,-5.715824510519657
12,LE M=1024,291,-6.979641044077875,-9.264009753715555,-5.716047821590733
12,LE M=1024,296,-6.979641044077875,-9.264009753715555,-5.715658715036927
12,LE M=1024,301,-6.979641044077875,-9.264009753715555,-5.715658715036927
12,LE M=1024,306,-6.979641044077875,-9.264009753715555,-5.715658715036927
12,LE M=1024,311,-6.979641044077875,-9.264009753715555,-5.714881208950148
12,LE M=1024,316,-6.979641044077875,-9.264009753715555,-5.715493235393588
12,LE M=1024,321,-6.979641044077875,-9.264009753715555,-5.7150486139732015
12,LE M=1024,326,-6.979641044077875,-9.264009753715555,-5.714548288416523
12,LE M=1024,331,-6.979641044077875,-9.264009753715555,-5.714508346409567
12,LE M=1024,336,-6.979641044077875,-9.264009753715555,-5.714731817679597
12,LE M=1024,341,-6.979641044077875,-9.264009753715555,-5.714275671539822
12,LE M=1024,346,-6.9800404255221,-9.264009753715555,-5.713723596307774
12,LE M=1024,351,-6.9800404255221,-9.264009753715555,-5.712713359809351
12,LE M=1024,356,-6.979827939360403,-9.264009753715555,-5.7126287283604125
12,LE M=1024,361,-6.979827939360403,-9.264009753715555,-5.7126287283604125
12,LE M=1024,366,-6.979827939360403,-9.264009753715555,-5.7120874120731635
12,LE M=1024,371,-6.979827939360403,-9.264009753715555,-5.712027544392243
12,LE M=1024,376,-6.979827939360403,-9.262082586862899,-5.711973512333445
12,LE M=1024,381,-6.979827939360403,-9.264009753715555,-5.711973512333445
12,LE M=1024,386,-6.979827939360403,-9.264009753715555,-5.711973512333445
12,LE M=1024,391,-6.979827939360403,-9.264009753715555,-5.711973512333445
12,LE M=1024,396,-6.979827939360403,-9.264009753715555,-5.711973512333445
12,LE M=1024,401,-6.980227690749672,-9.264009753715555,-5.7115865176012495
12,LE M=1024,406,-6.980227690749672,-9.264009753715555,-5.711363206530174
12,LE M=1024,411,-6.980227690749672,-9.264009753715555,-5.711363206530174
12,LE M=1024,416,-6.980227690749672,-9.264009753715555,-5.710938843764292
12,LE M=1024,421,-6.980015310828302,-9.264009753715555,-5.710938843764292
12,LE M=1024,426,-6.980015310828302,-9.264009753715555,-5.710552315262692
12,LE M=1024,431,-6.980450576187148,-9.264009753715555,-5.710938843764292
12,LE M=1024,436,-6.980450576187148,-9.264009753715555,-5.7111621548353675
12,LE M=1024,441,-6.980450576187148,-9.264009753715555,-5.7111621548353675
12,LE M=1024,446,-6.980450576187148,-9.264009753715555,-5.711106231049149
12,LE M=1024,451,-6.980450576187148,-9.264009753715555,-5.710664754454746
12,LE M=1024,456,-6.98005082479788,-9.264009753715555,-5.710214498005578
12,LE M=1024,461,-6.979615559439033,-9.264009753715555,-5.710214498005578
12,LE M=1024,466,-6.979216177994807,-9.264009753715555,-5.709605123558273
12,LE M=1024,471,-6.979222857871982,-9.264009753715555,-5.709991186934502
12,LE M=1024,476,-6.979222857871982,-9.264009753715555,-5.709381892504329
12,LE M=1024,481,-6.978823845693015,-9.264009753715555,-5.708743542621032
12,LE M=1024,486,-6.978823845693015,-9.264009753715555,-5.709515437224034
12,LE M=1024,491,-6.978823845693015,-9.264009753715555,-5.709100172660637
12,LE M=1024,496,-6.978823845693015,-9.264009753715555,-5.7094862360368674
12,LE M=1024,500,-6.978823845693015,-9.264009753715555,-5.709457039940756
12,SWAP M=1024,1,-7.004004785405454,-9.140950854009706,-5.746928752756854
12,SWAP M=1024,6,-7.042373381552524,-9.237207091268644,-5.76652167707096
12,SWAP M=1024,11,-7.062878347732983,-9.038255006966688,-5.739332842838821
12,SWAP M=1024,16,-6.9320180925300745,-9.066633317385733,-5.765377885074637
12,SWAP M=1024,21,-6.980452553265841,-9.021020193951475,-5.766042002881376
12,SWAP M=1024,26,-7.008401890343363,-9.030162139643481,-5.794855146618369
12,SWAP M=1024,31,-6.856129420945566,-9.062407314971612,-5.70262776973109
12,SWAP M=1024,36,-6.867117669298449,-8.899320409424973,-5.778712199584828
12,SWAP M=1024,41,-6.993322157893722,-8.90543016852672,-5.7786141608145485
12,SWAP M=1024,46,-7.051141101659718,-8.899287099796108,-5.761255736212076
12,SWAP M=1024,51,-7.047123422609114,-9.12778771866924,-5.720160493857534
12,SWAP M=1024,56,-7.090195246379997,-9.087448919423867,-5.700361357637353
12,SWAP M=1024,61,-7.032282090185348,-9.060270388029735,-5.742917710628692
12,SWAP M=1024,66,-7.083775692083778,-9.266318885874583,-5.7299505057441005
12,SWAP M=1024,71,-7.043830318646091,-8.870620818689272,-5.69619411062511
12,SWAP M=1024,76,-7.046614865278915,-9.159782712684965,-5.661480567974161
12,SWAP M=1024,81,-6.9594378873921405,-8.982147793739875,-5.626890980046223
12,SWAP M=1024,86,-6.990554837664082,-8.795458417842731,-5.618215359677649
12,SWAP M=1024,91,-7.045804912068105,-8.82725759804137,-5.615446049690047
12,SWAP M=1024,96,-7.110846489765461,-9.664382535856952,-5.491694257030628
12,SWAP M=1024,101,-7.134649850934613,-8.996890693800186,-5.46714753989206
12,SWAP M=1024,106,-7.153186144758524,-8.868962224066449,-5.495431152624246
12,SWAP M=1024,111,-7.179643380454186,-9.09018963543434,-5.525542954927213
12,SWAP M=1024,116,-7.273458612758635,-8.744545277528324,-5.458294375770545
12,SWAP M=1024,121,-7.238098048637596,-8.782282533583343,-5.392782908390032
12,SWAP M=1024,126,-7.199586007868397,-8.717938495308534,-5.421883457569408
12,SWAP M=1024,131,-7.289543566002491,-8.77221503378015,-5.427854238640301
12,SWAP M=1024,136,-7.3749962061888175,-8.894534696847458,-5.43715585981933
12,SWAP M=1024,141,-7.414157831260282,-8.92703989335973,-5.379972766551749
12,SWAP M=1024,146,-7.418598922762316,-8.88802866611279,-5.423502727839665
12,SWAP M=1024,151,-7.416360434841662,-8.870876238282694,-5.406496886577455
12,SWAP M=1024,156,-7.309970297245934,-9.018528960735345,-5.360444339937583
12,SWAP M=1024,161,-7.353102614588207,-9.062981087247525,-5.319471317152081
12,SWAP M=1024,166,-7.22450274075933,-8.864680011962282,-5.340261311504419
12,SWAP M=1024,171,-7.136868960118557,-9.034663759472384,-5.354082132272082
12,SWAP M=1024,176,-7.261469433816552,-9.181652161158729,-5.37898561804273
12,SWAP M=1024,181,-7.285133642126662,-9.210781953975772,-5.3512072617091455
12,SWAP M=1024,186,-7.191497389313374,-8.805267667862172,-5.308649060068454
12,SWAP M=1024,191,-7.271277679767966,-8.89688286158661,-5.342010138034435
12,SWAP M=1024,196,-7.2837703642882285,-9.090747493120109,-5.3913464488409275
12,SWAP M=1024,201,-7.434161144448124,-9.211857243622141,-5.427454669166668
12,SWAP M=1024,206,-7.371371551689494,-9.149413055510585,-5.3789894121635875
12,SWAP M=1024,211,-7.274114602878069,-8.950394721028168,-5.408510838323665
12,SWAP M=1024,216,-7.3165862168836755,-8.912331862252797,-5.399615033517454
12,SWAP M=1024,221,-7.07445303709132,-8.75586990591806,-5.367403707049671
12,SWAP M=1024,226,-6.996895593071004,-8.857446527708209,-5.318636785333162
12,SWAP M=1024,231,-7.099467591505411,-9.18492176817041,-5.315274494328047
12,SWAP M=1024,236,-7.114773013416013,-9.29043028953239,-5.296764018227103
12,SWAP M=1024,241,-7.13491696153841,-8.993298116754382,-5.310811326698636
12,SWAP M=1024,246,-7.067567677019431,-9.11339413115191,-5.290234901494138
12,SWAP M=1024,251,-7.203679759531214,-9.229365595314654,-5.285279356366981
12,SWAP M=1024,256,-7.1889135535255,-9.259076239943452,-5.308632679641283
12,SWAP M=1024,261,-7.1937781317444465,-9.1231757872934,-5.339583021871858
12,SWAP M=1024,266,-7.204288663816041,-8.798249887455166,-5.321665870413387
12,SWAP M=1024,271,-7.197088985901631,-8.857780047539281,-5.442519335514977
12,SWAP M=1024,276,-7.155211964190852,-8.938901214037923,-5.406363650512255
12,SWAP M=1024,281,-7.16051325344737,-8.891207506783811,-5.457182232300812
12,SWAP M=1024,286,-7.109212640209485,-9.026660919534141,-5.499447184805035
12,SWAP M=1024,291,-7.14754312529553,-8.684953117507247,-5.451654055034682
12,SWAP M=1024,296,-7.1847098634369715,-8.647212457637462,-5.474985357184471
12,SWAP M=1024,301,-7.1491252616341985,-8.68466725919933,-5.462460505616049
12,SWAP M=1024,306,-7.180791089831933,-8.865730671800268,-5.338699737501271
12,SWAP M=1024,311,-7.217582397985494,-8.686525272640894,-5.355506023534852
12,SWAP M=1024,316,-7.262683954347433,-8.625359830587005,-5.330670704220302
12,SWAP M=1024,321,-7.266960651150005,-8.689559558848401,-5.31288448783673
12,SWAP M=1024,326,-7.111718537261133,-8.724700707800999,-5.365446379768692
12,SWAP M=1024,331,-7.114741612725558,-8.63392968350107,-5.299900959135707
12,SWAP M=1024,336,-7.023062298426358,-8.624521329726548,-5.327023314048587
12,SWAP M=1024,341,-7.126104935829083,-8.622218423547816,-5.388387950904913
12,SWAP M=1024,346,-7.084580493282869,-8.510601499235449,-5.418980708922311
12,SWAP M=1024,351,-7.0124017255734525,-8.485410796770177,-5.464800047715783
12,SWAP M=1024,356,-7.133419358661996,-8.488132883036576,-5.479761606454848
12,SWAP M=1024,361,-7.130180937643393,-8.641823271168478,-5.5675810620782205
12,SWAP M=1024,366,-7.1853932740860476,-8.629108177871533,-5.499751073984919
12,SWAP M=1024,371,-7.173887154244701,-8.431662402349172,-5.464218004517239
12,SWAP M=1024,376,-7.219600262872337,-8.619580528628047,-5.443120756846086
12,SWAP M=1024,381,-7.170357885274593,-8.786237381186996,-5.403484911272441
12,SWAP M=1024,386,-7.221837702364759,-8.631286257459376,-5.417679756664115
12,SWAP M=1024,391,-7.114373318375983,-8.654970375515708,-5.403029118429722
12,SWAP M=1024,396,-7.103891931896825,-8.749934599814349,-5.4094234966727095
12,SWAP M=1024,401,-7.100875402907576,-8.723712103114176,-5.469131492345375
12,SWAP M=1024,406,-7.045111867746603,-8.717250798016009,-5.4798806822136505
12,SWAP M=1024,411,-7.10188631781489,-8.730164220060582,-5.483084560457852
12,SWAP M=1024,416,-7.086770778270189,-8.879776029141167,-5.535003693008932
12,SWAP M=1024,421,-7.027047490294306,-8.703133733956562,-5.532614074561495
12,SWAP M=1024,426,-6.955879081736984,-8.739991886027777,-5.56803718095018
12,SWAP M=1024,431,-7.003686405022389,-8.534251084720353,-5.523297561857459
12,SWAP M=1024,436,-7.039703596660946,-8.668299269864729,-5.500610532549085
12,SWAP M=1024,441,-7.026378561948775,-8.792575697059664,-5.444215180462038
12,SWAP M=1024,446,-7.029478884185055,-8.648054627266095,-5.453019736621549
12,SWAP M=1024,451,-6.951910594745984,-8.513316755993486,-5.438828654813932
12,SWAP M=1024,456,-7.05199890086092,-8.490076860250639,-5.465618145339642
12,SWAP M=1024,461,-7.072981514003239,-8.700700181016632,-5.397851767442971
12,SWAP M=1024,466,-6.998673158200222,-8.523665603453251,-5.343186471011446
12,SWAP M=1024,471,-6.9592665379539635,-8.546489700949643,-5.356409784085221
12,SWAP M=1024,476,-6.948268985432488,-8.755664431052079,-5.339748106291603
12,SWAP M=1024,481,-6.920883176997329,-8.642044852260415,-5.320606013038404
12,SWAP M=1024,486,-6.898612808043898,-8.638063429898345,-5.264840330102711
12,SWAP M=1024,491,-6.940806571274329,-8.877635897519468,-5.278938211850624
12,SWAP M=1024,496,-6.93003653767996,-9.042907260300371,-5.226608770092053
12,SWAP M=1024,500,-6.927725603604704,-9.01085512802371,-5.230277069428226
12,SWAP M=512 (state-copy matched to LE M=1024),1,-6.914511702210158,-9.35650729456824,-5.739111821038089
12,SWAP M=512 (state-copy matched to LE M=1024),6,-7.10654131637543,-9.044628583975543,-5.739819271515598
12,SWAP M=512 (state-copy matched to LE M=1024),11,-7.148298624622925,-9.198549957293508,-5.766535477961311
12,SWAP M=512 (state-copy matched to LE M=1024),16,-7.12559219006052,-8.926650218010023,-5.810622725965205
12,SWAP M=512 (state-copy matched to LE M=1024),21,-6.945541326459234,-9.15788922845955,-5.739327083816231
12,SWAP M=512 (state-copy matched to LE M=1024),26,-7.029432526174466,-9.119563497304187,-5.652339847184761
12,SWAP M=512 (state-copy matched to LE M=1024),31,-7.087436043220049,-9.17569720204974,-5.74753813406225
12,SWAP M=512 (state-copy matched to LE M=1024),36,-7.109652421568678,-9.044705023367564,-5.803481527847522
12,SWAP M=512 (state-copy matched to LE M=1024),41,-7.175734328983973,-8.852798678266604,-5.776777011061405
12,SWAP M=512 (state-copy matched to LE M=1024),46,-7.097486470942799,-9.071470084895662,-5.636965641167103
12,SWAP M=512 (state-copy matched to LE M=1024),51,-6.989550356656421,-8.894275163800856,-5.61633272214636
12,SWAP M=512 (state-copy matched to LE M=1024),56,-7.051903175412983,-9.038975614147084,-5.608211676767787
12,SWAP M=512 (state-copy matched to LE M=1024),61,-7.194155838416004,-9.127990157550173,-5.674101047427526
12,SWAP M=512 (state-copy matched to LE M=1024),66,-7.114316942480558,-9.308410041699794,-5.760291543396301
12,SWAP M=512 (state-copy matched to LE M=1024),71,-7.073857763469392,-9.382177859496926,-5.813666275356113
12,SWAP M=512 (state-copy matched to LE M=1024),76,-7.120780352281084,-8.687574866378503,-5.7170911046518835
12,SWAP M=512 (state-copy matched to LE M=1024),81,-7.064418427222335,-8.496950390961342,-5.732230976553303
12,SWAP M=512 (state-copy matched to LE M=1024),86,-7.072891703667841,-8.67389571845926,-5.718513792542277
12,SWAP M=512 (state-copy matched to LE M=1024),91,-7.027995044726543,-9.324365689070603,-5.622094606971437
12,SWAP M=512 (state-copy matched to LE M=1024),96,-6.918141645051763,-8.498524294875896,-5.544259429157913
12,SWAP M=512 (state-copy matched to LE M=1024),101,-6.877488780324203,-9.35919984264675,-5.49716025286779
12,SWAP M=512 (state-copy matched to LE M=1024),106,-6.918279191110424,-9.546841492883956,-5.528716124864995
12,SWAP M=512 (state-copy matched to LE M=1024),111,-7.000587721286086,-9.748884706008557,-5.526078110782999
12,SWAP M=512 (state-copy matched to LE M=1024),116,-7.105190350377464,-9.55782081252342,-5.582456643582522
12,SWAP M=512 (state-copy matched to LE M=1024),121,-7.110353529061278,-9.511973674125898,-5.602966145580824
12,SWAP M=512 (state-copy matched to LE M=1024),126,-6.980264790094362,-8.886556084263457,-5.687851696825906
12,SWAP M=512 (state-copy matched to LE M=1024),131,-6.89959129989572,-8.777968077623447,-5.641101061238709
12,SWAP M=512 (state-copy matched to LE M=1024),136,-6.9209176641397665,-8.791285038448144,-5.59666568712801
12,SWAP M=512 (state-copy matched to LE M=1024),141,-7.167351643461348,-8.87509154084523,-5.59181089663418
12,SWAP M=512 (state-copy matched to LE M=1024),146,-7.041694390238845,-8.583074461320248,-5.824622066371492
12,SWAP M=512 (state-copy matched to LE M=1024),151,-7.053744240335353,-8.633058941843922,-5.755160090889225
12,SWAP M=512 (state-copy matched to LE M=1024),156,-7.150281581616122,-8.939856972099697,-5.7624662907483115
12,SWAP M=512 (state-copy matched to LE M=1024),161,-7.024675816367873,-8.739656577556335,-5.714627202746419
12,SWAP M=512 (state-copy matched to LE M=1024),166,-6.988261485404934,-8.428727678928105,-5.706230111906044
12,SWAP M=512 (state-copy matched to LE M=1024),171,-7.038782175739378,-8.235048989824953,-5.549017927082026
12,SWAP M=512 (state-copy matched to LE M=1024),176,-6.99390860134452,-8.183654957662853,-5.603353384865162
12,SWAP M=512 (state-copy matched to LE M=1024),181,-7.006532318419822,-8.396458703234336,-5.611187248295577
12,SWAP M=512 (state-copy matched to LE M=1024),186,-7.034957966371959,-8.58914503989567,-5.54101007670496
12,SWAP M=512 (state-copy matched to LE M=1024),191,-6.989398672634071,-8.561453447928697,-5.413082012766521
12,SWAP M=512 (state-copy matched to LE M=1024),196,-7.014754106508196,-8.497784490177782,-5.258672814781863
12,SWAP M=512 (state-copy matched to LE M=1024),201,-6.934607913614587,-8.09963922632981,-5.274798703849202
12,SWAP M=512 (state-copy matched to LE M=1024),206,-6.981090840410237,-8.198869123989631,-5.233704113764024
12,SWAP M=512 (state-copy matched to LE M=1024),211,-6.989282771542859,-8.282651457003185,-5.308574595055005
12,SWAP M=512 (state-copy matched to LE M=1024),216,-6.885559166000362,-8.390607369887034,-5.36521453631935
12,SWAP M=512 (state-copy matched to LE M=1024),221,-6.897926067243226,-8.562855239780566,-5.350834378401278
12,SWAP M=512 (state-copy matched to LE M=1024),226,-7.075293951540662,-8.815592600036725,-5.458848674771989
12,SWAP M=512 (state-copy matched to LE M=1024),231,-7.049439946264112,-8.686873522310893,-5.512032638307343
12,SWAP M=512 (state-copy matched to LE M=1024),236,-7.162386350573467,-8.791941271685896,-5.52982907202782
12,SWAP M=512 (state-copy matched to LE M=1024),241,-7.043905476520968,-8.930182301018005,-5.50846715507657
12,SWAP M=512 (state-copy matched to LE M=1024),246,-7.170983266976552,-8.745806630463056,-5.5457487524694375
12,SWAP M=512 (state-copy matched to LE M=1024),251,-7.157117334282388,-8.756800495746802,-5.43767482377138
12,SWAP M=512 (state-copy matched to LE M=1024),256,-7.133674160241107,-8.753253099465436,-5.5491195043204
12,SWAP M=512 (state-copy matched to LE M=1024),261,-7.017235816851121,-9.255876869509777,-5.443334907504141
12,SWAP M=512 (state-copy matched to LE M=1024),266,-7.109650958353547,-8.809340102551314,-5.424107371280246
12,SWAP M=512 (state-copy matched to LE M=1024),271,-7.093311975957413,-8.784077462039308,-5.3398344400718525
12,SWAP M=512 (state-copy matched to LE M=1024),276,-7.084941789579984,-8.621659033089927,-5.2240251793848795
12,SWAP M=512 (state-copy matched to LE M=1024),281,-7.025232749170367,-8.329620915637122,-5.377110882293583
12,SWAP M=512 (state-copy matched to LE M=1024),286,-7.018436872923763,-8.620376997055429,-5.307850235981899
12,SWAP M=512 (state-copy matched to LE M=1024),291,-7.103140178291874,-8.416911575862565,-5.237557510881794
12,SWAP M=512 (state-copy matched to LE M=1024),296,-7.0681323318665115,-8.488202002710283,-5.378540780278821
12,SWAP M=512 (state-copy matched to LE M=1024),301,-7.0667862482525985,-8.395474344660748,-5.2497237255793525
12,SWAP M=512 (state-copy matched to LE M=1024),306,-7.087893333147507,-8.288099544088217,-5.229968087509774
12,SWAP M=512 (state-copy matched to LE M=1024),311,-6.976404852886854,-8.722639897263377,-5.340399855290948
12,SWAP M=512 (state-copy matched to LE M=1024),316,-7.018916953292592,-8.461605629880886,-5.3008297333471415
12,SWAP M=512 (state-copy matched to LE M=1024),321,-7.027918493173178,-8.684698369239296,-5.270773503366057
12,SWAP M=512 (state-copy matched to LE M=1024),326,-7.084056577968964,-8.133918824454003,-5.211108064067543
12,SWAP M=512 (state-copy matched to LE M=1024),331,-7.144397085947304,-8.242789680892207,-5.2353649508520945
12,SWAP M=512 (state-copy matched to LE M=1024),336,-7.227726990564786,-8.851623345229884,-5.193685836484388
12,SWAP M=512 (state-copy matched to LE M=1024),341,-7.188834883288376,-8.19215272398093,-5.197628590973365
12,SWAP M=512 (state-copy matched to LE M=1024),346,-7.274455708311306,-8.38427123116643,-5.197227251030277
12,SWAP M=512 (state-copy matched to LE M=1024),351,-7.20446471757721,-7.947654221364435,-5.2389910624788545
12,SWAP M=512 (state-copy matched to LE M=1024),356,-7.257807865381883,-7.961906299847534,-5.2875139599126895
12,SWAP M=512 (state-copy matched to LE M=1024),361,-7.135593538987933,-8.233441976449068,-5.2636702680559395
12,SWAP M=512 (state-copy matched to LE M=1024),366,-7.096415148127047,-8.177796643225122,-5.238642280993148
12,SWAP M=512 (state-copy matched to LE M=1024),371,-6.997151740367279,-8.185543875937446,-5.221969176994305
12,SWAP M=512 (state-copy matched to LE M=1024),376,-6.891593257167575,-8.125116316362613,-5.185244634960654
12,SWAP M=512 (state-copy matched to LE M=1024),381,-7.030952297060635,-8.452757513692754,-5.171218427298465
12,SWAP M=512 (state-copy matched to LE M=1024),386,-6.872649847019719,-8.494934121236712,-5.197472252904059
12,SWAP M=512 (state-copy matched to LE M=1024),391,-6.904694668436207,-8.545866072611773,-5.1940445940509425
12,SWAP M=512 (state-copy matched to LE M=1024),396,-7.0078629989640175,-8.401852878437005,-5.26445605772884
12,SWAP M=512 (state-copy matched to LE M=1024),401,-7.011937895638193,-8.456967124103304,-5.222540330801504
12,SWAP M=512 (state-copy matched to LE M=1024),406,-6.974234506864851,-8.35881927104679,-5.297038158083785
12,SWAP M=512 (state-copy matched to LE M=1024),411,-6.987048627685541,-8.487491054281936,-5.355508738397391
12,SWAP M=512 (state-copy matched to LE M=1024),416,-6.980439999578644,-8.510649912556971,-5.422493813856759
12,SWAP M=512 (state-copy matched to LE M=1024),421,-6.951661104320758,-8.45316512048959,-5.302742502234842
12,SWAP M=512 (state-copy matched to LE M=1024),426,-6.95796646765816,-8.879608746319676,-5.368055441330796
12,SWAP M=512 (state-copy matched to LE M=1024),431,-7.049762697515064,-8.867615210262976,-5.419268889428285
12,SWAP M=512 (state-copy matched to LE M=1024),436,-6.9532564058025415,-8.443221024973735,-5.357105489808937
12,SWAP M=512 (state-copy matched to LE M=1024),441,-6.905073777427086,-8.59160899402455,-5.353800618124828
12,SWAP M=512 (state-copy matched to LE M=1024),446,-6.877327128132689,-8.482734334253626,-5.417952022448281
12,SWAP M=512 (state-copy matched to LE M=1024),451,-6.910869136884095,-8.779713058757519,-5.42751221172179
12,SWAP M=512 (state-copy matched to LE M=1024),456,-6.780093393249057,-8.679126277574223,-5.449336269244972
12,SWAP M=512 (state-copy matched to LE M=1024),461,-6.857890457075042,-8.589316686482352,-5.445326661786981
12,SWAP M=512 (state-copy matched to LE M=1024),466,-6.881764073614468,-8.553358753876045,-5.440303878198955
12,SWAP M=512 (state-copy matched to LE M=1024),471,-6.827895184381486,-8.350786712708668,-5.451779333873117
12,SWAP M=512 (state-copy matched to LE M=1024),476,-6.798101949019125,-8.313703626731503,-5.42453327729849
12,SWAP M=512 (state-copy matched to LE M=1024),481,-6.869640295571017,-8.641851615892964,-5.419060974996132
12,SWAP M=512 (state-copy matched to LE M=1024),486,-6.825966266229502,-8.77579185538102,-5.423330864221641
12,SWAP M=512 (state-copy matched to LE M=1024),491,-6.933788468600943,-8.936209732861215,-5.361701932547472
12,SWAP M=512 (state-copy matched to LE M=1024),496,-6.93805495987638,-9.456389336995734,-5.398163851377799
12,SWAP M=512 (state-copy matched to LE M=1024),500,-6.910607082581377,-9.111754698049696,-5.414805940077908
12,SWAP-noise random walk M=64,1,-6.931596166333673,-9.441621237098127,-5.613467379059124
12,SWAP-noise random walk M=64,6,-6.854973278062655,-8.91942924420659,-5.762506625585273
12,SWAP-noise random walk M=64,11,-6.723569992179419,-8.447665126148177,-5.825476976326286
12,SWAP-noise random walk M=64,16,-6.922064246936598,-8.303308983127511,-5.722672500001151
12,SWAP-noise random walk M=64,21,-6.9294783765359576,-8.496952032325055,-6.057728172529542
12,SWAP-noise random walk M=64,26,-7.4684349217808315,-8.748236759914414,-5.960034269523042
12,SWAP-noise random walk M=64,31,-6.935267071594752,-8.772773935690276,-5.7116340359446625
12,SWAP-noise random walk M=64,36,-7.018757943348133,-8.957199164549824,-5.803962991346383
12,SWAP-noise random walk M=64,41,-6.935577538480557,-8.637316175181455,-5.703679730632728
12,SWAP-noise random walk M=64,46,-7.01417618101255,-8.455820179778726,-5.668514953086691
12,SWAP-noise random walk M=64,51,-7.114623141519409,-8.456323989097168,-5.506364727693037
12,SWAP-noise random walk M=64,56,-7.105631882720668,-8.335439558242394,-5.57020613648176
12,SWAP-noise random walk M=64,61,-7.08798375906356,-8.808443017448377,-5.514413955770347
12,SWAP-noise random walk M=64,66,-7.059255794408773,-8.921069759442648,-5.611058747008348
12,SWAP-noise random walk M=64,71,-6.955741404054553,-9.026600319175703,-5.616283820576998
12,SWAP-noise random walk M=64,76,-6.939751637017265,-9.071689601495388,-5.6362786566528
12,SWAP-noise random walk M=64,81,-6.903294847763831,-8.761738593176226,-5.72793839654185
12,SWAP-noise random walk M=64,86,-7.129140184254,-8.927345630704806,-5.846865099301376
12,SWAP-noise random walk M=64,91,-7.050815639688248,-8.635465430481437,-5.815952562454718
12,SWAP-noise random walk M=64,96,-7.106003187587984,-8.832683874254457,-5.7501807552871504
12,SWAP-noise random walk M=64,101,-7.064926239122795,-8.6358944408696,-5.791784170717184
12,SWAP-noise random walk M=64,106,-7.047038607464106,-8.814979468346413,-5.545316751163733
12,SWAP-noise random walk M=64,111,-7.398671755379283,-9.231287633453725,-5.474341222716992
12,SWAP-noise random walk M=64,116,-7.2805403723089475,-8.618374788588556,-5.618331693234394
12,SWAP-noise random walk M=64,121,-7.051320424788734,-8.812517719020963,-5.604450509070011
12,SWAP-noise random walk M=64,126,-7.153563190782095,-8.594105972396797,-5.542851446613837
12,SWAP-noise random walk M=64,131,-7.043038629835614,-8.93105032157244,-5.708759849996479
12,SWAP-noise random walk M=64,136,-7.324471180126286,-8.560468437774347,-5.604863903288551
12,SWAP-noise random walk M=64,141,-7.12343124441785,-8.677456186815384,-5.550159355599589
12,SWAP-noise random walk M=64,146,-7.06103062194981,-8.44683804156049,-5.482386582629881
12,SWAP-noise random walk M=64,151,-7.1565395121524435,-8.36766706975834,-5.598977551386902
12,SWAP-noise random walk M=64,156,-6.923357481610008,-8.746131826707835,-5.43178478597693
12,SWAP-noise random walk M=64,161,-6.943498659469634,-8.694129816008349,-5.605202930189172
12,SWAP-noise random walk M=64,166,-7.230823935541414,-8.428107156229313,-5.7595501992780065
12,SWAP-noise random walk M=64,171,-7.081470305997365,-8.93195551025534,-5.854594056672461
12,SWAP-noise random walk M=64,176,-7.182145165861598,-8.634391897694524,-5.76380847834535
12,SWAP-noise random walk M=64,181,-7.373139193956007,-8.268284645070652,-5.499586678167427
12,SWAP-noise random walk M=64,186,-7.443039911403218,-8.689527220333572,-5.773431748921068
12,SWAP-noise random walk M=64,191,-7.29919358283812,-8.920247986081153,-5.940384661826533
12,SWAP-noise random walk M=64,196,-7.2127893426344505,-8.299318624019012,-5.716638442526524
12,SWAP-noise random walk M=64,201,-7.188720244896228,-8.174370877783465,-5.708347403467414
12,SWAP-noise random walk M=64,206,-7.401820266648668,-8.29718911210022,-5.573341775271031
12,SWAP-noise random walk M=64,211,-7.426406573970578,-8.59536454037764,-5.863399109395896
12,SWAP-noise random walk M=64,216,-7.594453299555251,-9.07336158206067,-5.516587355082049
12,SWAP-noise random walk M=64,221,-7.5059031805919005,-8.715369612363526,-5.919040225462258
12,SWAP-noise random walk M=64,226,-7.383241623831866,-8.874852830998108,-5.91668930439373
12,SWAP-noise random walk M=64,231,-7.361985320381456,-8.737940665071024,-5.799622041004928
12,SWAP-noise random walk M=64,236,-7.1551238160280235,-8.393479025231,-5.558076817130822
12,SWAP-noise random walk M=64,241,-7.000401955815514,-8.522128479008758,-5.85276846925397
12,SWAP-noise random walk M=64,246,-7.107408134473069,-8.970492480323847,-5.869257832924964
12,SWAP-noise random walk M=64,251,-7.082567882377473,-9.038516314328675,-6.146557676119255
12,SWAP-noise random walk M=64,256,-7.013925504358657,-8.87595822491299,-6.21482840188512
12,SWAP-noise random walk M=64,261,-7.270506769747471,-8.923282438601367,-6.282312635982104
12,SWAP-noise random walk M=64,266,-7.649862804286451,-9.170619053313008,-6.093456799427858
12,SWAP-noise random walk M=64,271,-7.110677508083997,-9.28676064943417,-5.983172266573309
12,SWAP-noise random walk M=64,276,-7.110840836153222,-8.831766504170286,-6.094542985238709
12,SWAP-noise random walk M=64,281,-7.277303101606064,-8.546252799758133,-5.96965369914718
12,SWAP-noise random walk M=64,286,-7.6324535753087215,-8.67933314385595,-5.949240186565179
12,SWAP-noise random walk M=64,291,-7.406030364734546,-8.640641240512478,-5.996766635913174
12,SWAP-noise random walk M=64,296,-7.558275899724331,-8.51482944901983,-5.73295158666241
12,SWAP-noise random walk M=64,301,-7.316447982148892,-8.253851803659659,-5.95939098406598
12,SWAP-noise random walk M=64,306,-7.474791695906822,-8.865365572269608,-6.0663718859669915
12,SWAP-noise random walk M=64,311,-7.529885339625791,-8.904411190231627,-5.884358777342055
12,SWAP-noise random walk M=64,316,-7.693731619383744,-8.402430353922597,-5.717687015329449
12,SWAP-noise random walk M=64,321,-7.77559904202014,-8.98315136127178,-6.112222582569887
12,SWAP-noise random walk M=64,326,-7.4510236253656466,-8.804585930367839,-5.936241249350609
12,SWAP-noise random walk M=64,331,-7.742995760197645,-9.123499877318801,-5.844958680889105
12,SWAP-noise random walk M=64,336,-7.656806443822052,-9.10889295011044,-5.687887507045533
12,SWAP-noise random walk M=64,341,-7.843638413657475,-8.901137840376785,-5.524250215026031
12,SWAP-noise random walk M=64,346,-7.853310107320521,-9.189281217153194,-5.528533998593829
12,SWAP-noise random walk M=64,351,-7.926887136187053,-8.936612796038368,-5.507289442377825
12,SWAP-noise random walk M=64,356,-7.519801714208935,-8.979771316688474,-5.4509617772650705
12,SWAP-noise random walk M=64,361,-7.582896959308428,-8.928609651253268,-5.384883904768987
12,SWAP-noise random walk M=64,366,-7.49571770350904,-9.093442008017698,-5.51972516361125
12,SWAP-noise random walk M=64,371,-7.7310350574922815,-9.265327196183879,-5.3632452729642655
12,SWAP-noise random walk M=64,376,-7.912305800061955,-9.257358121487101,-5.220168942814778
12,SWAP-noise random walk M=64,381,-7.553793483905819,-8.93916275347568,-5.319861902351396
12,SWAP-noise random walk M=64,386,-7.502660772505193,-9.045618915766418,-5.797526939667914
12,SWAP-noise random walk M=64,391,-7.529758199535817,-8.90808043608075,-5.311962060002862
12,SWAP-noise random walk M=64,396,-7.38893737761594,-9.026116151944008,-5.28379981181852
12,SWAP-noise random walk M=64,401,-7.300769902519766,-9.5058875649608,-5.401164624509864
12,SWAP-noise random walk M=64,406,-7.535958112842659,-8.96550692398104,-5.2411722032235994
12,SWAP-noise random walk M=64,411,-7.306203258218826,-9.110024338479143,-5.391358931792407
12,SWAP-noise random walk M=64,416,-7.614468911047533,-9.198488229700171,-5.330727314180504
12,SWAP-noise random walk M=64,421,-7.495197046736351,-9.132756422466102,-5.432075453950426
12,SWAP-noise random walk M=64,426,-7.1221697556619405,-8.952758914627186,-5.30675818644937
12,SWAP-noise random walk M=64,431,-7.155003766199707,-8.660307155035188,-5.407852560145848
12,SWAP-noise random walk M=64,436,-7.47724603240656,-8.46010660712219,-5.470508042640366
12,SWAP-noise random walk M=64,441,-7.3297860721396075,-8.542337802579626,-5.178094495525109
12,SWAP-noise random walk M=64,446,-7.21536059696566,-8.390529111759907,-5.223979972063443
12,SWAP-noise random walk M=64,451,-7.612624722897013,-8.57823964772496,-5.6052021160031185
12,SWAP-noise random walk M=64,456,-7.327735393621909,-8.706510059004023,-5.834770808411019
12,SWAP-noise random walk M=64,461,-7.173112636841772,-8.913442813625617,-5.744955739493028
12,SWAP-noise random walk M=64,466,-7.380341828770846,-8.952038060308805,-5.119444743717645
12,SWAP-noise random walk M=64,471,-7.377006300671653,-9.642172554212785,-5.08778788174039
12,SWAP-noise random walk M=64,476,-7.426870310344535,-9.386452569240138,-5.124400563621375
12,SWAP-noise random walk M=64,481,-7.4113332126405735,-9.366570789635201,-5.236077634137226
12,SWAP-noise random walk M=64,486,-7.130713476163532,-9.475820387538725,-5.270000074398341
12,SWAP-noise random walk M=64,491,-7.145781506723662,-9.22394621355122,-5.3435927671911045
12,SWAP-noise random walk M=64,496,-7.219234668624226,-9.070661184607651,-5.7272125402828085
12,SWAP-noise random walk M=64,500,-6.899688715300608,-8.772069645379643,-5.632552742680742
12,SWAP-noise random walk M=1024,1,-6.967874229936856,-9.29906494652574,-5.726823381405361
12,SWAP-noise random walk M=1024,6,-6.893125081369146,-9.30016668927408,-5.721297877679576
12,SWAP-noise random walk M=1024,11,-6.822766714789758,-9.4275341922661,-5.7503560469945345
12,SWAP-noise random walk M=1024,16,-7.083664493863335,-9.400122162521221,-5.782473387473775
12,SWAP-noise random walk M=1024,21,-7.073905764074606,-9.328651677038003,-5.729947494458026
12,SWAP-noise random walk M=1024,26,-7.136881547139179,-9.682132214198797,-5.7994868123956325
12,SWAP-noise random walk M=1024,31,-7.07185162503295,-9.085808603472328,-5.785523006091428
12,SWAP-noise random walk M=1024,36,-7.057251566633662,-8.806868848421214,-5.882377983008577
12,SWAP-noise random walk M=1024,41,-7.066246460465724,-8.783867600578487,-5.835654119622987
12,SWAP-noise random walk M=1024,46,-6.960466300833764,-8.68738775462179,-5.841535825446952
12,SWAP-noise random walk M=1024,51,-6.9755241782096675,-8.615724088213227,-5.7616722299055905
12,SWAP-noise random walk M=1024,56,-6.980880159888253,-8.782811128707637,-5.810873102368997
12,SWAP-noise random walk M=1024,61,-7.037532057192049,-8.896206061600267,-5.790803346262054
12,SWAP-noise random walk M=1024,66,-7.114761680877242,-8.879660017444216,-5.719449080472484
12,SWAP-noise random walk M=1024,71,-7.0846709282853775,-8.659028347804178,-5.739652653290419
12,SWAP-noise random walk M=1024,76,-6.9196346927127195,-8.628456255351068,-5.778532045359947
12,SWAP-noise random walk M=1024,81,-6.8979296853772425,-8.544004761470932,-5.8073972804570415
12,SWAP-noise random walk M=1024,86,-6.872592737355481,-8.528599651074767,-5.788931192957827
12,SWAP-noise random walk M=1024,91,-6.934936211952974,-8.637035948541172,-5.67858329760064
12,SWAP-noise random walk M=1024,96,-6.752655584588904,-8.516177357447742,-5.745967070534734
12,SWAP-noise random walk M=1024,101,-6.812068378589686,-8.495401242851521,-5.6881951674449205
12,SWAP-noise random walk M=1024,106,-7.076366792986539,-8.478710370577971,-5.815345113602554
12,SWAP-noise random walk M=1024,111,-7.04062379926946,-8.39912429160811,-5.680727116790809
12,SWAP-noise random walk M=1024,116,-7.060470523111074,-8.817644839104602,-5.730388401027608
12,SWAP-noise random walk M=1024,121,-7.106835721089318,-8.372055127450649,-5.697670182486559
12,SWAP-noise random walk M=1024,126,-7.124128270363242,-8.468141596799644,-5.675712989402648
12,SWAP-noise random walk M=1024,131,-7.139850846385818,-8.496461901514387,-5.708653404943931
12,SWAP-noise random walk M=1024,136,-6.9764025242326895,-8.972638656603694,-5.769100857228699
12,SWAP-noise random walk M=1024,141,-6.880291216811846,-8.568154508663959,-5.729713059883903
12,SWAP-noise random walk M=1024,146,-6.974704980721063,-8.639078902488937,-5.737858896436229
12,SWAP-noise random walk M=1024,151,-7.050278212720216,-8.679105193989237,-5.777577646706472
12,SWAP-noise random walk M=1024,156,-6.935462045134276,-8.231290280911535,-5.745981160502616
12,SWAP-noise random walk M=1024,161,-6.856926000260419,-8.44818284935519,-5.688819059133171
12,SWAP-noise random walk M=1024,166,-6.80572572843729,-8.23484788396808,-5.742060854168582
12,SWAP-noise random walk M=1024,171,-6.821859445081456,-8.110377492348643,-5.745567225015151
12,SWAP-noise random walk M=1024,176,-6.8890054911323535,-8.057812764887041,-5.741181772353949
12,SWAP-noise random walk M=1024,181,-6.884089761193712,-8.034452071296457,-5.675034984610579
12,SWAP-noise random walk M=1024,186,-6.891148272538467,-8.216819962221035,-5.714025227624953
12,SWAP-noise random walk M=1024,191,-6.820101420172742,-8.111692559125585,-5.729984886454538
12,SWAP-noise random walk M=1024,196,-6.762699699950429,-7.938980259774855,-5.696763006872583
12,SWAP-noise random walk M=1024,201,-6.753209170650934,-8.38981956571488,-5.717794991777629
12,SWAP-noise random walk M=1024,206,-6.794709241595966,-8.374092893286216,-5.73050933093855
12,SWAP-noise random walk M=1024,211,-6.7875507631615335,-8.13587986948785,-5.753271248663898
12,SWAP-noise random walk M=1024,216,-6.805924479830884,-7.762261500673114,-5.670855716892648
12,SWAP-noise random walk M=1024,221,-6.8847119629883125,-8.256243919007222,-5.717964771252425
12,SWAP-noise random walk M=1024,226,-6.885332590338983,-7.936129502863773,-5.770431746329115
12,SWAP-noise random walk M=1024,231,-6.8509864913908185,-7.879275597486077,-5.714782300471995
12,SWAP-noise random walk M=1024,236,-6.917128687662929,-7.971157235275253,-5.735311915734851
12,SWAP-noise random walk M=1024,241,-6.939195027524297,-8.250894964917372,-5.786279443539707
12,SWAP-noise random walk M=1024,246,-6.901080701458747,-8.294326843540878,-5.801831253792642
12,SWAP-noise random walk M=1024,251,-6.894341740484018,-8.199013188384777,-5.884753185280816
12,SWAP-noise random walk M=1024,256,-6.822814431449203,-7.955116328377999,-5.868229329234807
12,SWAP-noise random walk M=1024,261,-6.8685295406544515,-8.16878269422659,-5.84980042227455
12,SWAP-noise random walk M=1024,266,-6.8130660655738255,-7.777180932588435,-5.792995114134872
12,SWAP-noise random walk M=1024,271,-6.797480229877593,-7.991088691855529,-5.764334994690292
12,SWAP-noise random walk M=1024,276,-6.827930290276226,-7.7942386124013785,-5.827010968323384
12,SWAP-noise random walk M=1024,281,-6.797826924350684,-7.855179699710931,-5.781175899840057
12,SWAP-noise random walk M=1024,286,-6.933827043881758,-7.889485389204267,-5.7683400197681465
12,SWAP-noise random walk M=1024,291,-6.988077792117322,-7.9142971544178256,-5.791217971176098
12,SWAP-noise random walk M=1024,296,-6.94124601453475,-7.7935277232841695,-5.697047089805058
12,SWAP-noise random walk M=1024,301,-6.851687057169337,-7.809095815145733,-5.722551409407594
12,SWAP-noise random walk M=1024,306,-6.841392359935829,-7.945051538544678,-5.678410200083992
12,SWAP-noise random walk M=1024,311,-6.842903754094374,-7.984991325368122,-5.767404660835397
12,SWAP-noise random walk M=1024,316,-6.868210182622681,-7.882255847063389,-5.716530792674641
12,SWAP-noise random walk M=1024,321,-6.913085036973593,-7.810931745181945,-5.805065867197586
12,SWAP-noise random walk M=1024,326,-6.97506182392252,-7.815239446380222,-5.917340007260749
12,SWAP-noise random walk M=1024,331,-6.980996122425399,-8.310759325339696,-5.885021071809936
12,SWAP-noise random walk M=1024,336,-6.929594643890514,-8.138342655633226,-5.8195148587518934
12,SWAP-noise random walk M=1024,341,-6.929413132918455,-8.297455512990755,-5.912809444069242
12,SWAP-noise random walk M=1024,346,-7.019071322070932,-8.39081461939025,-5.99636482925086
12,SWAP-noise random walk M=1024,351,-6.986245907139276,-8.197681350369246,-5.897749738444667
12,SWAP-noise random walk M=1024,356,-6.888030495914226,-8.154349219121974,-5.845816282930805
12,SWAP-noise random walk M=1024,361,-6.894794697137801,-8.0885104873899,-6.033582298331026
12,SWAP-noise random walk M=1024,366,-6.942206109505945,-8.017608965258237,-5.9326487923405296
12,SWAP-noise random walk M=1024,371,-6.925072618544138,-8.196470248475,-5.944367735206807
12,SWAP-noise random walk M=1024,376,-6.920384893027043,-8.311618395192802,-5.889221030621716
12,SWAP-noise random walk M=1024,381,-6.95164084064405,-8.283686329389122,-5.9740002101418614
12,SWAP-noise random walk M=1024,386,-6.877219708343537,-8.20673187822172,-6.054259167478598
12,SWAP-noise random walk M=1024,391,-6.850231949872541,-8.150958406304701,-5.947003073245156
12,SWAP-noise random walk M=1024,396,-6.737957963767494,-8.212355949623655,-5.939973468581151
12,SWAP-noise random walk M=1024,401,-6.739995899999496,-8.19296544228899,-5.848934214661033
12,SWAP-noise random walk M=1024,406,-6.80873462974792,-8.184078835334736,-5.800497910977723
12,SWAP-noise random walk M=1024,411,-6.891234811829619,-8.294085667240429,-5.823467179218775
12,SWAP-noise random walk M=1024,416,-6.924643142661525,-8.263233654502738,-5.7862320797144156
12,SWAP-noise random walk M=1024,421,-6.947467773193761,-8.093420967639407,-5.806317868086085
12,SWAP-noise random walk M=1024,426,-6.877003723162087,-8.048893014081546,-5.740728738746251
12,SWAP-noise random walk M=1024,431,-6.93824625977282,-8.018129104371013,-5.77263212194097
12,SWAP-noise random walk M=1024,436,-6.8612129283533605,-8.121109320548417,-5.783312921256792
12,SWAP-noise random walk M=1024,441,-6.983883958887589,-8.082230914459496,-5.778499345905899
12,SWAP-noise random walk M=1024,446,-7.02940191154789,-8.303780729852765,-5.7008559164740085
12,SWAP-noise random walk M=1024,451,-6.9878310826777374,-9.132879267696985,-5.622467863031713
12,SWAP-noise random walk M=1024,456,-7.01614476744122,-9.03748255659092,-5.584838142863231
12,SWAP-noise random walk M=1024,461,-6.978743037969554,-8.489712887117605,-5.735521580728911
12,SWAP-noise random walk M=1024,466,-6.988640729028248,-8.361401205456126,-5.743526670834909
12,SWAP-noise random walk M=1024,471,-7.000208108476649,-8.244267712734757,-5.6920034473350185
12,SWAP-noise random walk M=1024,476,-6.990637939916511,-8.256040746817037,-5.69979817582572
12,SWAP-noise random walk M=1024,481,-6.965073724116038,-8.486695961681518,-5.664245468991629
12,SWAP-noise random walk M=1024,486,-6.962301092286962,-8.250691331170984,-5.581295805092388
12,SWAP-noise random walk M=1024,491,-6.9058497424027365,-8.23032074550727,-5.607718633594562
12,SWAP-noise random walk M=1024,496,-6.980108054385328,-8.344430597332313,-5.566616586671612
12,SWAP-noise random walk M=1024,500,-6.927410645832191,-8.353369855158247,-5.578265268845532
