evidence_id,paper_id,paper_title,year,candidate_id,matrix_rows,claim_category,classification,section,subsection,equation,figure,appendix,page,short_quote,paraphrase,assumptions,scope,relation_to_stage7,does_not_establish,source_version,source_url
A-01,thanasilp2024,Exponential concentration in quantum kernel methods,2024,F-A,1,Exponential concentration of measured quantities (definition),EXPLICIT,Results,Why exponential concentration is problematic,"(9), (10), (11)",—,SI Eqs. (18)–(19) restate it,4,—,"A quantity X(α) measured as an expectation value is deterministically exponentially concentrated if |X(α) − μ| ≤ β ∈ O(1/bⁿ) for all α, and probabilistically concentrated if Pr_α[|X(α) − μ| ≥ δ] ≤ β/δ² with β ∈ O(1/bⁿ), b > 1. By Chebyshev, an exponentially small Var_α[X(α)] suffices. For kernels, α = {x, x′} and X = κ(x, x′).",X(α) is the expectation of an observable; α drawn from a stated distribution.,General definition; applied to fidelity and projected quantum kernels.,"Stage 7's fidelity F and gradient g over θ ~ U[−π, π]ⁿ concentrate in this sense (Stage 3 verified Var_θ[∂_k C] = (1/8)(3/8)^(n−1)).","Anything about finite-shot parameter-shift gradient estimators, readout-dependent shot exponents, or zero/sign statistics.","Published version (Nat. Commun. 15, 5200; online 2024-06-18)",https://doi.org/10.1038/s41467-024-49287-w
A-02,thanasilp2024,Exponential concentration in quantum kernel methods,2024,F-A,1,Exponential concentration of the fidelity kernel (expressive / near-2-design embeddings),EXPLICIT,Results,Sources of exponential concentration — 1. Expressivity-induced concentration,(17)–(22),Fig. 6,SI Note IV (proof),6–7,—,"Kernel values concentrate around their mean with a bound G_n(ε_U)/δ² set by an expressivity measure ε_U. For the fidelity kernel, G_n includes β_Haar = 1/(2^(n−1)(2ⁿ+1)). Close to a 2-design the kernel exponentially concentrates (fidelity-kernel mean 1/2ⁿ) and exponentially many shots are needed.","x, x′ drawn from the same distribution (relaxed in SI Note IV A); pure input states.",Data-embedding ensembles; Haar / 2-design limit.,Background. The Stage 7 landscape is a product (non-2-design) landscape (see A-03).,"Product-landscape typical (log-mean) values, finite-shot gradient statistics, readout comparison.","Published version (Nat. Commun. 15, 5200; online 2024-06-18)",https://doi.org/10.1038/s41467-024-49287-w
A-03,thanasilp2024,Exponential concentration in quantum kernel methods,2024,F-A; CTX,"1, 27",Concentration of the fidelity between tensor-product single-qubit-rotation states,EXPLICIT,Results,Sources of exponential concentration — 3. Global-measurement-induced concentration,"(26); SI (207)–(216), esp. SI (213), (214), (216)",Fig. 7,SI Note VI (proof),8–9 (main; Fig. 7 on p. 9); SI 35,—,"Setting: fidelity kernel, product embedding U(x) = ⊗_k U_k(x_k) of single-qubit y-axis rotations, components independent and uniform on [−π, π], input |0⟩^⊗n. Result: Pr[|κ − 1/2ⁿ| ≥ δ] ≤ (3/8)ⁿ/δ². The proof shows E[κ²] = (3/8)ⁿ (per-qubit factor 3/8, SI Eq. 214) and E[κ] = 1/2ⁿ (SI Eq. 216). Fig. 7 confirms the exponential variance decay numerically for single layers of R_x, R_y and H·R_z.","U_k(x_k) = e^(−i x_k Y) (SI); x_k iid uniform on [−π, π]; product input state.","The fidelity value between two encoded product states (a kernel), not a cost gradient; y-axis rotations only (U_k = e^(−i x_k Y)). The same single-qubit overlap law (cos² of a uniform angle) also holds for x-axis rotations acting on |0⟩ (our observation, not stated in the source) but not for z-axis rotations (overlap ≡ 1). The third case in Fig. 7 is Hadamard followed by R_z.","The per-qubit factor is cos² of a uniformly distributed angle. For the R_x circuit of Stage 3–7 the same law holds (our observation): cos²(θ_j/2), θ_j ~ U[−π, π], has mean 1/2 and second moment 3/8. The Stage 7 fidelity landscape therefore belongs to this concentrating family. Stage 5/7 additionally used E[log cos²(θ/2)] = −2 log 2 (log-typical A = 4^(−(n−1))), which this proposition does not state.","The gradient variance (1/8)(3/8)^(n−1) (Stage 3; Cerezo et al. 2021), log-typical values, shifted fidelities F±, or any finite-shot quantity.","Published version (Nat. Commun. 15, 5200) + Supplementary Information (MOESM1)",https://doi.org/10.1038/s41467-024-49287-w
A-04,thanasilp2024,Exponential concentration in quantum kernel methods,2024,F-A,1,Fidelity-kernel concentration for arbitrary local (product) unitaries,EXPLICIT,SI Note VI,A. Extension to arbitrary local unitaries,SI (217)–(228),—,SI Note VI A,SI 36–37,—,"For a general product embedding of independent local unitaries, the fidelity kernel concentrates with bound ∏_k G₁^(k)(ε_k)/δ², where G₁^(k) = 1/3 + ε_k(ε_k + √(4/3)). For fully random single-qubit unitaries this bound is 1/3ⁿ.","Independent components; product initial state; x and x′ drawn from the same distribution (used in the proof, SI p. 37).",Fidelity kernel; product embeddings.,Background generalisation of A-03.,Any finite-shot or gradient-level statement.,Supplementary Information (MOESM1) to the published version,https://doi.org/10.1038/s41467-024-49287-w
A-05,thanasilp2024,Exponential concentration in quantum kernel methods,2024,F-B,2,Loschmidt (overlap-test) fidelity estimates collapse to zero,EXPLICIT,Results,Why exponential concentration is problematic,"(12), (13)","Fig. 1 (caption), Fig. 2",SI Supplemental Proposition 2 (full version),4 (Fig. 1 on p. 2; Fig. 2 on p. 5),—,"In the Loschmidt Echo test, the kernel is the probability of the all-zero bitstring, with outcome 1 for all-zero and 0 otherwise. If the kernel concentrates to an exponentially small μ, the chance of never seeing all-zero in N shots is (1 − μ)^N ≈ 1 − Nμ, so it is likely that the statistical estimate is zero. Proposition 1: with N ∈ O(poly(n)) shots and a training set of size N_s, the estimated Gram matrix equals the identity with probability ≥ 1 − δ′, δ′ ∈ O(c^(−n)).",Kernel exponentially concentrates to an exponentially small μ (Def. 1); N ∈ O(poly(n)); independent shots; N_s ∈ O(poly(n)) for the Gram-matrix statement (SI pp. 7–8).,Fidelity-kernel estimates (one estimate per data pair).,Same outcome model as Stage 7's Loschmidt readout (Bernoulli(F) per shot). Stage 7 §18 lists the fidelity-level zero estimate as a replication of prior work.,"The zero probability of a parameter-shift gradient (a difference of two shifted estimates), the equal-nonzero-count (tie) contribution, or sign statistics.","Published version (Nat. Commun. 15, 5200; online 2024-06-18)",https://doi.org/10.1038/s41467-024-49287-w
A-06a,thanasilp2024,Exponential concentration in quantum kernel methods,2024,F-B,2,Exact single-estimate Loschmidt zero probability (fidelity level),EXPLICIT,SI Note III,A. Fidelity quantum kernel — 1. Loschmidt Echo test,"SI (20), (21); proof SI (26)–(32)",—,SI Note III A 1,SI 7–8,—,"With polynomially many shots, the Loschmidt estimate of the fidelity kernel is zero with probability ≥ 1 − δ, δ ∈ O(c^(−n)). The proof writes P(κ̂ = 0) as an integral of the exact conditional probability (1 − s)^N over the kernel-value distribution, then lower-bounds it by (1 − N(μ + β^(1/4)))(1 − √β).","Probabilistic exponential concentration with μ ∈ O(1/b′ⁿ), β ∈ O(1/bⁿ); N ∈ O(poly(n)).",A single fidelity (kernel) estimate.,The conditional factor (1 − s)^N is the exact zero probability of one Loschmidt fidelity estimate. Stage 7 §18 reports P(F̂ = 0) = (1 − F)^M at the fidelity level.,Gradient-level P(ĝ = 0) (see A-06b).,Supplementary Information (MOESM1) to the published version,https://doi.org/10.1038/s41467-024-49287-w
A-06b,thanasilp2024,Exponential concentration in quantum kernel methods,2024,C1,9,Gradient-level exact zero probability P(ĝ = 0),PARTIAL / RELATED,SI Note III,A. Fidelity quantum kernel — 1. Loschmidt Echo test,SI (26)–(27),—,SI Note III A 1,SI 7,—,"Only the zero probability of a single fidelity estimate is derived, P(κ̂ = 0 | κ = s) = (1 − s)^N. No parameter-shift difference of two estimates is considered anywhere in the paper.",As A-06a.,"Fidelity level, not gradient level.","Stage 5/7 gradient-level law: P(ĝ = 0) = Σ_r Bin(r; M, F₊) Bin(r; M, F₋). Its r = 0 term, (1 − F₊)^M (1 − F₋)^M, is a product of two factors of the source's form. The r ≥ 1 equal-count terms have no counterpart in the source. Algebra in B5_MATH_COMPARISON §6.1.","The difference-of-binomials law, the tie (r ≥ 1) mass, the Poisson-limit e^(−MA) I₀(MA|cos θ_k|) form, or any statement about gradients.",Supplementary Information (MOESM1) to the published version,https://doi.org/10.1038/s41467-024-49287-w
A-07,thanasilp2024,Exponential concentration in quantum kernel methods,2024,C4,19,Joint probability that a whole collection of Loschmidt estimates is exactly zero,PARTIAL / RELATED,SI Note III,A. Fidelity quantum kernel — 1. Loschmidt Echo test (second half of the proof of Supp. Prop. 2),SI (33)–(36),—,SI Note III A 1,SI 8,—,"Kernel estimates for different data pairs are independent. So the probability that every off-diagonal Gram entry is estimated as exactly zero (K̂ = 𝟙) is the product of per-entry zero probabilities, bounded below by (1 − δ)^(N_s(N_s − 1)/2) ≥ 1 − N_s(N_s − 1)δ/2.",Independent estimates per pair; per-entry concentration.,"Gram matrix of kernel values, not a gradient vector.","Structurally the same as Stage 5 §10 and Stage 7 §14 (full-gradient zero probability = ∏_k P₀ under independent batches). The source applies it to kernel matrices, not gradient vectors.","The full-gradient-vector zero probability, its values at the Stage 7 settings, or the conditional alignment of nonzero vectors.",Supplementary Information (MOESM1) to the published version,https://doi.org/10.1038/s41467-024-49287-w
A-08,thanasilp2024,Exponential concentration in quantum kernel methods,2024,F-C,3,SWAP-test fidelity estimates become data-independent random variables,EXPLICIT,Results,Why exponential concentration is problematic,"(14); SI (46)–(49), SI (54)","Fig. 1 (caption), Fig. 2; SI Fig. 3","SI Note III A 2 (Supplemental Lemma 3, Supplemental Corollary 2)","4 (main; Fig. 1 on p. 2, Fig. 2 on p. 5); SI 9–13",—,"SWAP-test outcomes are +1 with probability p₊ = 1/2 + κ/2 and −1 otherwise, so the kernel is a perturbation of the uniform distribution. With polynomially many shots, each estimate is, with probability exponentially close to 1 over input pairs, statistically indistinguishable from κ̂^(rand) = (1/N) Σ λ̃_m with λ̃_m = ±1 equiprobable. For a polynomial-size training set the estimated Gram matrix is indistinguishable from a data-independent random matrix.","Exponential concentration to an exponentially small μ; N ∈ O(poly(n)); statements hold with probability ≥ 1 − δ_κ over input pairs; N_s ∈ O(poly(n)) for the Gram-matrix and model statements (SI Supp. Cors. 1–2, union bound SI Eqs. 59–61); statistical indistinguishability defined at success probability ≤ 0.51 (SI Def. 2).",Fidelity-kernel estimates.,Same outcome model as Stage 7's SWAP readout (q = (1+F)/2). Stage 7 §18 lists the data-independent SWAP fidelity estimate as a replication of prior work.,"A gradient-level SWAP estimator, its zero/tie probability (central binomial), its sign statistics, or its shot exponent.","Published version (Nat. Commun. 15, 5200) + Supplementary Information (MOESM1)",https://doi.org/10.1038/s41467-024-49287-w
A-08b,thanasilp2024,Exponential concentration in quantum kernel methods,2024,F-D,4,Different estimator variances for Loschmidt vs SWAP,PARTIAL / RELATED,Results; SI Note III A,Why exponential concentration is problematic; SI III A 1–2,"(12), (14); SI (17), (46), (47)",SI Fig. 1,SI Note III A,"4; SI 5–6, 9",—,"Both tests are written as empirical means of single-shot outcomes. Loschmidt: outcome 1/0 with P(1) = κ. SWAP: ±1 with P(+1) = (1+κ)/2. The two outcome distributions are fully specified, but the per-shot estimator variances (κ(1 − κ) and 1 − κ²) are not written down or compared.",—,Fidelity-kernel level.,"The variances follow from these outcome models in one line (B5_MATH_COMPARISON §2.3, §3.3). Paper B states them explicitly (B-10a).","The variance expressions themselves, or any consequence of their difference for shot exponents.",Published version + Supplementary Information (MOESM1),https://doi.org/10.1038/s41467-024-49287-w
A-09a,thanasilp2024,Exponential concentration in quantum kernel methods,2024,F-B; F-C; C3,14a,Same-objective Loschmidt vs SWAP comparison at the fidelity/kernel-estimate level,EXPLICIT,Introduction; Results,Why exponential concentration is problematic,"(15), (16)","Fig. 1, Fig. 2, Fig. 3",SI Supplemental Corollaries 1–2,"2 (Fig. 1); 5 (Corollary 1, Figs. 2–3)",—,"For the same kernels and data, the two readouts behave differently. Loschmidt gives an identity estimated Gram matrix and zero predictions on unseen data. SWAP gives a random matrix and predictions that fluctuate around zero. Fig. 3 shows this numerically for an engineered 40-qubit dataset (tensor-product encoding, N = 1000 shots per kernel value, 10 repetitions), comparing training with exact kernels, LE estimates, SWAP estimates and a random matrix.",Kernel concentration; polynomial shots; kernel ridge regression; statements hold with probability exponentially close to 1; N_s ∈ O(poly(n)).,Kernel estimates and downstream kernel-ridge-regression models; no parameter-shift gradients.,"A same-objective, two-readout comparison exists here at the kernel (fidelity) level. Stage 7's comparison is at the parameter-shift-gradient level on a paired θ grid.","Gradient-level comparison, shot-exponent comparison, zero/sign probabilities.","Published version (Nat. Commun. 15, 5200; online 2024-06-18)",https://doi.org/10.1038/s41467-024-49287-w
A-09b,thanasilp2024,Exponential concentration in quantum kernel methods,2024,C4,25,Signal-free control,PARTIAL / RELATED,Results,Why exponential concentration is problematic,—,"Fig. 3 (legend entry ""random""); SI Fig. 6 (projected kernel analogue)",SI Note III B 2,5–6; SI 19,—,"Fig. 3 includes a model trained on a random matrix whose off-diagonal entries are data-independent random variables. With SWAP estimates, the relative test loss follows that random-matrix control.",As A-09a.,Kernel-model generalisation; not an optimisation trajectory.,"A signal-free control exists, applied to a trained kernel model rather than to a gradient-descent trajectory with matched starts.","A random-walk optimisation control, matched-start trajectories, or alignment metrics.",Published version + Supplementary Information (MOESM1),https://doi.org/10.1038/s41467-024-49287-w
A-10a,thanasilp2024,Exponential concentration in quantum kernel methods,2024,C3; F-E,"5, 14a",Numerical same-kernel comparison of the two readouts and the shot burden,EXPLICIT,SI Note III,A. Fidelity quantum kernel — 3. Numerical simulation,—,"SI Supplementary Fig. 4 (a) Loschmidt Echo, (b) SWAP",SI Note III A 3,SI 13–14,"""exponentially many measurement shots are required i.e., N ∈ Ω(2ⁿ)""","Setup: N_s = 25 inputs with components uniform on [0, 2π], tensor product of single-qubit R_y encodings, n = 5–40, shots per kernel value up to ~2×10⁶. Loschmidt: the fraction of zero estimates falls with N, and a fixed non-zero fraction (~0.75) needs N ∈ Ω(2ⁿ). At 30 and 40 qubits every estimate is zero even at 2×10⁶ shots. SWAP: the fraction of estimates passing a binomial test against the uniform distribution (p < 0.01) needs N to grow at least exponentially. Vertical lines mark 2ⁿ.",Product-R_y encoding with uniform data; independent shots; binomial test at p < 0.01.,Kernel (fidelity) estimates; numerical; no fitted exponents.,"Closest located analogue of Stage 5–7's per-θ shot requirements, on the same product-rotation fidelity family, but at the fidelity (not gradient) level and with different success metrics.","Gradient-level shot requirements, a fitted exponent for either readout, or a comparison of the two exponents.",Supplementary Information (MOESM1) to the published version,https://doi.org/10.1038/s41467-024-49287-w
A-10b,thanasilp2024,Exponential concentration in quantum kernel methods,2024,C3,"15, 16",Shot-complexity exponent for each readout,PARTIAL / RELATED,SI Note III,A. Fidelity quantum kernel — 3. Numerical simulation,—,SI Supplementary Fig. 4,SI Note III A 3,SI 14,—,"For Loschmidt, the source states N ∈ Ω(2ⁿ) is needed for a fixed non-zero fraction, a lower-bound statement at the kernel level based on numerics. For SWAP it states ""at least exponentially"". Neither exponent is fitted and the two are not compared.",As A-10a.,Kernel (fidelity) level; numerical.,"Stage 5/7 report per-θ median requirements at the gradient level: ≈4ⁿ for LE (log-typical A = 4^(−(n−1))) and ≈16ⁿ for SWAP. The SI Fig. 4 caption ties the 2ⁿ vertical lines to the Hilbert-space dimension. Elsewhere the source gives the mean fidelity kernel 2^(−n) for this family (Prop. 3). Reading 2ⁿ as an arithmetic-mean scale, as opposed to Stage 5's log-typical 4^(−(n−1)), is ours. Ω(2ⁿ) is a lower bound and does not contradict ≈4ⁿ.","Exponent values, the 4ⁿ vs 16ⁿ pair, gradient-level results.",Supplementary Information (MOESM1) to the published version,https://doi.org/10.1038/s41467-024-49287-w
A-11,thanasilp2024,Exponential concentration in quantum kernel methods,2024,F-F,6,Outcome-distribution hypothesis testing / statistical indistinguishability as the finite-shot object,EXPLICIT,SI Note II; SI Note III A 2,A. One sample; B. Many samples; SWAP test,"SI (1), (9), (14), (15), (48)",SI Fig. 2,SI Notes II–III,"SI 2–4, 10, 12",—,"One-sample success probability ≤ 1/2 + ‖P − Q‖₁/4. N-sample product bound ‖P^⊗N − Q^⊗N‖₁ ≤ N‖P − Q‖₁. For binary P₀ = (p₀, 1 − p₀) vs P_ε = (p₀ + ε, 1 − p₀ − ε), success ≤ 1/2 + N|ε|/2. Statistical indistinguishability is defined as success ≤ 0.51 (distributions, Def. 2) and extended to any map of the samples (outputs, Def. 3).",Independent samples; equal priors.,Binary outcome distributions (kernel tests); 1-norm (total-variation) bounds.,"Stage 7 §15 notes that per-shot total variation is ∝ A for both readouts (SWAP's is exactly half of Loschmidt's), whereas squared Hellinger scales as A (LE) vs A² (SWAP). A 1-norm-based bound of this form gives the same 1/A threshold for both readouts (B5_MATH_COMPARISON §6.4).",Hellinger/variance-based sample complexity or a readout-dependent exponent.,Supplementary Information (MOESM1) to the published version,https://doi.org/10.1038/s41467-024-49287-w
A-12a,thanasilp2024,Exponential concentration in quantum kernel methods,2024,F-E,5,Exponential shot count sufficient for resolving concentrated quantities,EXPLICIT,SI Note III,D. Sufficient condition to resolve kernel values,SI (142)–(150),—,SI Note III D,SI 28–29,"""exponential scaling in measurement shots is indeed required""","With relative error ε̃ = ε/√Var_α[X], Hoeffding's inequality makes N ≥ 2‖O‖²_∞ log(2/p)/(ε̃² Var_α[X]) shots sufficient. Under exponential concentration this scales as Ω(b^(2n)/ε̃²), assuming ‖O‖_∞ ∈ O(1). For a full Gram matrix it is Ω(N_s² b^(2n)/ε̃²). The source presents these counts as requirements (SI p. 28; Cor. 5 ""the number of measurement shots N required""), although the argument is a Hoeffding sufficiency bound.","Bounded observable (‖O‖_∞ ∈ O(1)); Hoeffding (range-based) concentration; relative-error criterion ε̃ ≲ 1; Supp. Cor. 5 additionally assumes ""statistical fluctuations associated with individual measurement outcomes stay constant"" (SI p. 29).","Any expectation-value estimate; the bound depends on the outcome range ‖O‖_∞, not on the measurement scheme's variance. The constant-fluctuation assumption of Supp. Cor. 5 holds for ±1 (SWAP-type) outcomes but not for the Loschmidt 0/1 outcome at small F (per-shot variance F(1 − F)). The source does not discuss this.","This is the source's shot-count statement. It is range-based, so it cannot separate Loschmidt from SWAP exponents. The per-outcome fluctuation that Cor. 5 assumes constant is exactly what differs between the readouts in Stage 7 (per-shot variance F(1 − F) vs 1 − F²), giving ∝ 1/A vs ∝ 1/A² requirements. The source does not draw this connection.","A measurement-dependent exponent, gradient-level requirements, or a proven necessary (lower-bound) shot count (the count is framed as required but derived from a sufficiency bound).",Supplementary Information (MOESM1) to the published version,https://doi.org/10.1038/s41467-024-49287-w
A-13,thanasilp2024,Exponential concentration in quantum kernel methods,2024,F-E,5,Exponential measurement burden under concentration,EXPLICIT,Introduction; Results; Discussion,Introduction (p. 2); after Theorem 1 (p. 6); Discussion (p. 11),—,—,—,"2, 6, 11",—,"When kernels exponentially concentrate, resolving them needs exponentially many shots. With polynomially many shots the trained model is independent of the input data.",Exponential concentration.,Kernel estimation.,The general fact Stage 5–7 take as given. Stage 7 adds readout-specific gradient-level exponents (see A-10b and B-10c for the closest prior statements).,Readout-dependent exponents; gradient-level statements.,"Published version (Nat. Commun. 15, 5200; online 2024-06-18)",https://doi.org/10.1038/s41467-024-49287-w
A-14,thanasilp2024,Exponential concentration in quantum kernel methods,2024,F-H,26,Post-processing (training/prediction) cannot recover information lost to concentration,EXPLICIT,Results; SI Note III A,Why exponential concentration is problematic; SI III A 1–2,"(15), (16); SI (37)–(45), (54)–(61)",SI Fig. 3,SI Note III A,5; SI 8–13,—,"Any map applied to samples from indistinguishable distributions gives indistinguishable outputs (SI Def. 3). Optimal kernel-ridge parameters and predictions trained on concentrated estimates are, with probability exponentially close to 1, equal to (Loschmidt) or indistinguishable from (SWAP) data-independent quantities.",Kernel concentration; polynomial shots; polynomial training set.,Kernel methods.,The no-post-processing fact that Stage 7 does not claim.,Gradient-level statements.,Published version + Supplementary Information (MOESM1),https://doi.org/10.1038/s41467-024-49287-w
A-15,thanasilp2024,Exponential concentration in quantum kernel methods,2024,F-H,26,Multi-copy coherent processing does not distinguish exponentially close states,EXPLICIT,SI Note III,C. Indistinguishability of concentrated quantum states,SI (134)–(141),—,SI Note III C,SI 27–28,—,"Given m copies of ρ or σ, the optimal success probability is ≤ 1/2 + m‖ρ − σ‖₁/4. For exponentially close states and polynomial m, they remain indistinguishable even with coherent processing. Hence multi-copy error-mitigation schemes cannot remove concentration-induced data independence.",‖ρ − σ‖₁ ∈ O(1/bⁿ); m ∈ O(poly(n)).,State-level distinguishability.,Background; Stage 7 makes no state-discrimination claim.,Anything about specific readouts' gradient exponents.,Supplementary Information (MOESM1) to the published version,https://doi.org/10.1038/s41467-024-49287-w
A-16,thanasilp2024,Exponential concentration in quantum kernel methods,2024,F-H,26,Error mitigation cannot remove (noise-induced) kernel concentration,EXPLICIT,SI Note VIII; Results,"SI VIII; main text ""4. Noise-induced concentration""",SI (274)–(278),—,SI Note VIII,SI 42–43; main 10,—,"Quoting a result of its Ref. [18] (Wang et al.), common error-mitigation strategies within a unified framework concentrate onto a state-independent fixed point at linear depth. So they cannot mitigate noise-induced exponential concentration of kernel values, and can even impair resolvability.",Local depolarising noise; circuit depth Ω(n); the cited theorem's assumptions.,Noisy kernels; error mitigation.,Background (Stage 7 is noiseless; B4 is Satyabrat's).,Anything about noiseless finite-shot gradient readouts.,Published version + Supplementary Information (MOESM1),https://doi.org/10.1038/s41467-024-49287-w
A-17,thanasilp2024,Exponential concentration in quantum kernel methods,2024,CTX,—,Exponentially flat training landscape of kernel target alignment (trainability),EXPLICIT,Results,Training parameterized quantum kernels,(35)–(37); SI (280)–(342),Fig. 9,SI Notes IX–X,10–11; SI 43–50,—,"The deviation probability of the kernel target alignment over variational parameters is ""approximately bounded"" by the variances of the parameterised kernels. If those vanish exponentially, the source concludes that the alignment landscape is exponentially flat and untrainable with polynomially many shots. Fig. 9 shows the exponential decay of Var_θ[TA] (exact variances over 500 initialisations of a single R_y layer + HEE; no finite-shot simulation).",As stated in Proposition 4.,"Trainability of parameterised kernels; no finite-shot gradient-estimator analysis, no trajectories.",Context only; listed so that the absence of a random-walk statement in paper A (A-NL08) is not mistaken for absence of any trainability content.,"Random-walk behaviour, parameter-shift finite-shot statistics, or trajectory comparisons.",Published version + Supplementary Information (MOESM1),https://doi.org/10.1038/s41467-024-49287-w
A-18,thanasilp2024,Exponential concentration in quantum kernel methods,2024,CTX,—,Source's positioning of earlier work (for follow-up only),EXPLICIT,Introduction; SI Note I,SI I.A–I.D,—,—,SI Note I,2; SI 1–2,—,"The source says its refs. 8 and 16 rigorously study the shots needed to train the fidelity kernel without addressing concentration. SI I.D says its SI refs. [9, 10] study shot noise in kernel methods without concentration. SI I.B says its SI ref. [3] suggests, without proving, that exponentially many shots are needed for certain embeddings.",—,Bibliographic.,Feeds B5_FOLLOWUP_SOURCES.md (shot-complexity studies of fidelity-kernel estimation).,Anything about those works' contents (not reviewed in B5).,Published version + Supplementary Information (MOESM1),https://doi.org/10.1038/s41467-024-49287-w
A-NL07,thanasilp2024,Exponential concentration in quantum kernel methods,2024,C1; C3,7,Parameter-shift finite-shot analysis,NOT LOCATED,Whole paper (main text + Supplementary Information),—,—,—,—,main 1–13; SI 1–51,—,"Not located in the reviewed version after searches for: parameter shift, parameter-shift, gradient estimator, derivative, finite-difference. ""Gradient"" appears only in barren-plateau background and reference titles. Kernel target alignment (A-17) is treated through variances, not finite-shot gradient estimators.",—,"Search covered main text, all SI notes and figure captions.",—,Absence from the wider literature.,Published version + Supplementary Information (MOESM1),https://doi.org/10.1038/s41467-024-49287-w
A-NL08,thanasilp2024,Exponential concentration in quantum kernel methods,2024,C4; F-G,8,Random-walk behaviour of finite-shot gradient descent,NOT LOCATED,Whole paper (main text + Supplementary Information),—,—,—,—,main 1–13; SI 1–51,—,"Not located in the reviewed version after searches for: random walk, trajectory, gradient descent, optimization step, update rule. The closest content is the random-matrix Gram estimate (A-08, A-09b) and the kernel-target-alignment trainability statement (A-17), neither of which concerns gradient-descent trajectories.",—,As above.,—,Absence from the wider literature.,Published version + Supplementary Information (MOESM1),https://doi.org/10.1038/s41467-024-49287-w
A-NL10,thanasilp2024,Exponential concentration in quantum kernel methods,2024,C1,10,Exact finite-shot gradient correct-sign probability,NOT LOCATED,Whole paper (main text + Supplementary Information),—,—,—,—,main 1–13; SI 1–51,—,"Not located in the reviewed version after searches for: sign, correct direction, direction, P_correct, probability of correct sign, binomial difference. No sign or direction statistics are given for any estimate.",—,As above.,—,Absence from the wider literature.,Published version + Supplementary Information (MOESM1),https://doi.org/10.1038/s41467-024-49287-w
A-NL11,thanasilp2024,Exponential concentration in quantum kernel methods,2024,C1,11,Exact finite-shot gradient wrong-sign probability,NOT LOCATED,Whole paper (main text + Supplementary Information),—,—,—,—,main 1–13; SI 1–51,—,"Not located in the reviewed version after searches for: wrong sign, sign, direction, P_wrong. No sign statistics appear.",—,As above.,—,Absence from the wider literature.,Published version + Supplementary Information (MOESM1),https://doi.org/10.1038/s41467-024-49287-w
A-NL12,thanasilp2024,Exponential concentration in quantum kernel methods,2024,C1,12,Distribution of a difference of two binomial counts (parameter-shift estimator),NOT LOCATED,Whole paper (main text + Supplementary Information),—,—,—,—,main 1–13; SI 1–51,—,"Not located in the reviewed version after searches for: binomial, difference, Skellam, tie, equal counts. ""Binomial"" occurs only for the binomial hypothesis test of SI Figs. 4–5. All estimates are single empirical means; no difference of two estimates is analysed.",—,As above.,—,Absence from the wider literature.,Published version + Supplementary Information (MOESM1),https://doi.org/10.1038/s41467-024-49287-w
A-NL13,thanasilp2024,Exponential concentration in quantum kernel methods,2024,C2,13,P(correct sign | nonzero estimate) for the Loschmidt readout,NOT LOCATED,Whole paper (main text + Supplementary Information),—,—,—,—,main 1–13; SI 1–51,—,"Not located in the reviewed version after searches for: conditional, given nonzero, sign, direction, success probability, single count, (1+|sin|)/2. Conditional probabilities appear only as the zero-estimate integrand P(κ̂ = 0 | κ = s) (A-06a) and in hypothesis-test success probabilities (SI Eqs. (2)–(3), (50)). None is a sign law.",—,As above.,—,Absence from the wider literature.,Published version + Supplementary Information (MOESM1),https://doi.org/10.1038/s41467-024-49287-w
A-NL14b,thanasilp2024,Exponential concentration in quantum kernel methods,2024,C3,14b,"Same-θ, same-gradient comparison of two readouts",NOT LOCATED,Whole paper (main text + Supplementary Information),—,—,—,—,main 1–13; SI 1–51,—,"Not located in the reviewed version after searches for: gradient, parameter shift, same landscape, same objective. The two-readout comparison exists only for kernel estimates (A-09a, A-10a).",—,As above.,—,Absence from the wider literature.,Published version + Supplementary Information (MOESM1),https://doi.org/10.1038/s41467-024-49287-w
A-NL17,thanasilp2024,Exponential concentration in quantum kernel methods,2024,C3,17,Explicit pair of shot exponents 4ⁿ (LE) and 16ⁿ (SWAP),NOT LOCATED,Whole paper (main text + Supplementary Information),—,—,—,—,main 1–13; SI 1–51,—,"Not located in the reviewed version after searches for: 4^n, 16^n, 4n, 16n, exponent, base of exponential, decades per qubit, slope. Exponential statements are Ω(2ⁿ) (numerical, LE, kernel level; A-10b), Ω(b^(2n)) (scheme-independent sufficient bound; A-12a), and ""at least exponentially"" (SWAP; A-10b).",—,As above.,—,Absence from the wider literature.,Published version + Supplementary Information (MOESM1),https://doi.org/10.1038/s41467-024-49287-w
A-NL18,thanasilp2024,Exponential concentration in quantum kernel methods,2024,C3,18,Readout-dependent exponent of the resolution shot count,NOT LOCATED,Whole paper (main text + Supplementary Information),Nearest content: SI Note III D (A-12a),Nearest content: SI (143)–(144),—,—,main 1–13; SI 1–51,—,"Not located in the reviewed version after searches for: exponent, measurement strategy, readout, POVM, shot scaling, resolution. The source's resolution bound (SI Supp. Prop. 5) is range-based and identical for both tests, and no statement ties the exponent to the measurement scheme.",—,As above.,—,Absence from the wider literature.,Published version + Supplementary Information (MOESM1),https://doi.org/10.1038/s41467-024-49287-w
A-NL20,thanasilp2024,Exponential concentration in quantum kernel methods,2024,C4,20,Cosine similarity of estimated vs exact gradient vectors,NOT LOCATED,Whole paper (main text + Supplementary Information),—,—,—,—,main 1–13; SI 1–51,—,"Not located in the reviewed version after searches for: cosine, angle, alignment, inner product, gradient vector. ""Angle"" occurs only for rotation angles of the encodings.",—,As above.,—,Absence from the wider literature.,Published version + Supplementary Information (MOESM1),https://doi.org/10.1038/s41467-024-49287-w
A-NL21,thanasilp2024,Exponential concentration in quantum kernel methods,2024,C4,21,Norm of estimated vs exact gradient,NOT LOCATED,Whole paper (main text + Supplementary Information),—,—,—,—,main 1–13; SI 1–51,—,"Not located in the reviewed version after searches for: norm (hits are Schatten/1-norms of states or distributions, the feature-space norm ‖a‖_H of the kernel-ridge regulariser (main p. 3) and operator norms ‖O‖_∞ (SI Supp. Prop. 5)), gradient norm, magnitude.",—,As above.,—,Absence from the wider literature.,Published version + Supplementary Information (MOESM1),https://doi.org/10.1038/s41467-024-49287-w
A-NL22,thanasilp2024,Exponential concentration in quantum kernel methods,2024,C4,22,Probability that the estimated gradient is a descent direction,NOT LOCATED,Whole paper (main text + Supplementary Information),—,—,—,—,main 1–13; SI 1–51,—,"Not located in the reviewed version after searches for: inner product, dot product, descent direction, sign.",—,As above.,—,Absence from the wider literature.,Published version + Supplementary Information (MOESM1),https://doi.org/10.1038/s41467-024-49287-w
A-NL23,thanasilp2024,Exponential concentration in quantum kernel methods,2024,C4,23,Fraction of gradient components with correct sign,NOT LOCATED,Whole paper (main text + Supplementary Information),—,—,—,—,main 1–13; SI 1–51,—,"Not located in the reviewed version after searches for: sign, component, sign accuracy.",—,As above.,—,Absence from the wider literature.,Published version + Supplementary Information (MOESM1),https://doi.org/10.1038/s41467-024-49287-w
A-NL24,thanasilp2024,Exponential concentration in quantum kernel methods,2024,C4,24,Trajectories from identical starts under different readouts/shot budgets,NOT LOCATED,Whole paper (main text + Supplementary Information),—,—,—,—,main 1–13; SI 1–51,—,"Not located in the reviewed version after searches for: trajectory, iteration, initialization, paired, matched. Kernel ridge regression is solved in closed form. Fig. 9 reports variances over 500 random initialisations, not trajectories.",—,As above.,—,Absence from the wider literature.,Published version + Supplementary Information (MOESM1),https://doi.org/10.1038/s41467-024-49287-w
A-NL28,thanasilp2024,Exponential concentration in quantum kernel methods,2024,CTX,28,Finite-shot training numerics with a global Pauli-Z cost on a single-qubit-rotation layer,NOT LOCATED,Whole paper (main text + Supplementary Information),—,—,—,—,main 1–13; SI 1–51,—,"Not located in the reviewed version after searches for: Pauli-Z, parity, global observable, training curve. Single rotation layers appear only as kernel embeddings (Prop. 3, Fig. 7, main Fig. 3, SI Fig. 4) and as the trainable R_y layer of Fig. 9 (Var_θ[TA] only, no training curves).",—,As above.,—,Absence from the wider literature.,Published version + Supplementary Information (MOESM1),https://doi.org/10.1038/s41467-024-49287-w
B-01,aghaeisaem2026,Pitfalls when tackling the exponential concentration of parameterized quantum models,2026,C1; C3,7,"Parameter-shift gradient descent with finite-shot loss estimates, inside the general procedure",EXPLICIT,II. Framework,Gradient-based and non-gradient based training,"(1)–(4), (6)",Fig. 2,App. B Eq. (B17) (formal re-statement),3–4 (arXiv v2),—,"Each quantity ℓ_i is estimated from N POVM outcomes (outcome probabilities p_k = Tr[ρ M_k]). For vanilla gradient descent with the parameter-shift rule, the k-th update uses the difference of estimated losses at θ ± (π/2)ê_k. For a single Pauli observable this needs N_ℓ = 2N_p estimated quantities.",Circuits obeying the parameter-shift rule; polynomially many quantities.,General loss functions; the finite-shot statistics are analysed only through the indistinguishability results (B-04–B-06).,Stage 7's estimator ĝ = [Ĉ(θ + π/2 e_k) − Ĉ(θ − π/2 e_k)]/2 with independent batches is this update's gradient term with an infidelity loss.,"The distribution, variance, zero or sign probabilities of the parameter-shift estimate for any specific readout.",arXiv:2507.22054v2 (2026-06-04); same equation numbers in v1,https://arxiv.org/abs/2507.22054v2
B-02,aghaeisaem2026,Pitfalls when tackling the exponential concentration of parameterized quantum models,2026,CTX,—,"Global Pauli-Z estimation uses the two-element parity POVM {Π₊, Π₋}",EXPLICIT,II. Framework,Polynomial POVMs in disguise,—,—,—,5 (arXiv v2),—,"Estimating ⟨⊗Z_i⟩ requires only the eigenvalue sector of each bitstring, so the relevant POVM is {Π₊, Π₋}: projectors onto even- and odd-parity subspaces.",—,POVM bookkeeping.,Matches the two-outcome parity estimator of the Stage 6 parity benchmark.,Finite-shot gradient statistics for that POVM.,arXiv:2507.22054v2 (2026-06-04); the global-Z paragraph is absent from v1,https://arxiv.org/abs/2507.22054v2
B-03,aghaeisaem2026,Pitfalls when tackling the exponential concentration of parameterized quantum models,2026,F-A; F-F,"1, 6",Concentration at the level of POVM outcome probabilities,EXPLICIT,III. Exponential concentration,Definition 1,(8),Fig. 1,App. B (used throughout),5–7; Fig. 1 on p. 2 (arXiv v2),—,"A POVM's outcome probabilities concentrate with respect to α ~ D if, for every element, Pr(|p_k(α) − μ_k| ≥ δ) ≤ β/δ² with β ∈ O(exp(−n)) and α-independent μ_k. The mechanisms are those of expectation-value concentration, since p_k is the expectation of a POVM element.",Distribution D over the variables.,Any POVM.,"Stage 5–7 analyse exactly these outcome probabilities (F±, q±) at fixed θ and their distribution over θ.",Finite-shot gradient laws or exponents.,"arXiv:2507.22054v2 (2026-06-04); v1 has Definition 1/Eq. (8) without the explicit ""drawn from D"" qualifier and the following remark",https://arxiv.org/abs/2507.22054v2
B-04,aghaeisaem2026,Pitfalls when tackling the exponential concentration of parameterized quantum models,2026,F-F; F-E,"5, 6",Concentrated polynomial-size POVM ⇒ samples indistinguishable from a fixed distribution under polynomial shots,EXPLICIT,III. Exponential concentration; App. B,Theorem 1; Theorem 2,(B1)–(B13),Fig. 1,App. B,7; 19–20; Fig. 1 on p. 2 (arXiv v2),—,"With |M| ∈ O(poly(n)) and N ∈ O(poly(n)), with probability ≥ 1 − δ over α the samples from P_α cannot be told apart from samples of P_fixed with success above 1/2 + ε. Here δ = |M|√β and ε = N|M|β^(1/4)/4 are exponentially small.",Definition 1 for all outcomes; polynomial POVM and shots; 1-norm hypothesis-testing bound (App. A).,Any procedure with polynomial POVMs.,The general indistinguishability fact; Stage 7 does not claim it.,"Readout-specific exponents (the bound is 1-norm based), gradient zero/sign laws.",arXiv:2507.22054v2 (2026-06-04); same statement and (B)-numbering in v1,https://arxiv.org/abs/2507.22054v2
B-05,aghaeisaem2026,Pitfalls when tackling the exponential concentration of parameterized quantum models,2026,F-H,26,No classical post-processing removes indistinguishability,EXPLICIT,III. Exponential concentration; App. B,Corollary 1; Corollary 3,(9),Fig. 1,App. B,7; 20; Fig. 1 on p. 2 (arXiv v2),—,"Applying any map Φ′ to concentrated measurement outcomes yields, with high probability, an estimate statistically indistinguishable from the α-independent random variable ℓ̂_fixed = Φ′(S_N,fixed).",As Theorem 2.,Arbitrary post-processing.,A fact Stage 7 does not claim. Stage 7's gradient estimators are one such map.,The specific form of the fixed-distribution gradient laws.,arXiv:2507.22054v2 (2026-06-04); same in v1,https://arxiv.org/abs/2507.22054v2
B-06a,aghaeisaem2026,Pitfalls when tackling the exponential concentration of parameterized quantum models,2026,C4; F-G,8,Polynomial-shot parameter-shift gradient descent on a concentrated loss is statistically a random walk,EXPLICIT,III. Exponential concentration; App. B,Corollary 2; Corollary 4 and proof,(10); (B14)–(B30),Fig. 3,App. B,7; 20–23; Fig. 3 on p. 6 (arXiv v2),—,"Setting: loss Σ_i c_i Tr[ρ(θ)O_i] with Pauli O_i, parameter-shift rule, random initialisation, polynomially many iterations and shots. With probability ≥ 1 − c, c ∈ O(exp(−n)), each update θ_new = θ_current + Δ_N is indistinguishable from one with parameter-independent components [Δ_N]_k = −(η/2) Σ_i c_i [Σ_j z_ijk/N − Σ_j z′_ijk/N], with z, z′ = ±1 equiprobable. A union bound over steps extends this to the whole trajectory.","Pauli observables (two-outcome POVMs, ±1 outcomes); every POVM exponentially concentrated; N, N_ℓ, N_step ∈ O(poly(n)); union bound.","Concentration point 1/2 for both outcomes (Pauli/SWAP-like). The Loschmidt projector POVM, whose fixed distribution is (0, 1) (B-09a), is not the case written in (B15).",Stage 7 §17–18 lists SWAP-driven GD at n ≥ 10 matching a signal-free random walk as a replication of this corollary.,"Zero/sign probabilities, alignment, norm or trajectory metrics (B-06b–B-06e), or the Loschmidt ""frozen"" behaviour.","arXiv:2507.22054v2 (2026-06-04); v1 has the same corollaries with wording ""results in a random walk"" (see Version differences V-05)",https://arxiv.org/abs/2507.22054v2
B-06b,aghaeisaem2026,Pitfalls when tackling the exponential concentration of parameterized quantum models,2026,C1,12,Difference-of-binomials form of the finite-shot parameter-shift estimate,PARTIAL / RELATED,App. B,"Proof of Corollary 4, step (1)","(B18), (B19), (B26)",—,App. B,22–23 (arXiv v2),—,"Each update component is −(η/2) Σ_i c_i [Σ_q λ_i1kq/N − Σ_q λ_i2kq/N], with λ = +1 w.p. (1 + ℓ_i(α))/2 and −1 otherwise. Each sum is an affine function of a binomial count (our rewriting; the word ""binomial"" does not appear in the source, which uses only ±1-outcome sums). In the concentrated limit both are replaced by z = ±1 equiprobable (B26). The distribution of the difference is not derived.",As B-06a.,Pauli ±1 outcomes.,The SWAP gradient estimator ĝ_SWAP = (K₋ − K₊)/M has exactly this structure with ℓ = F (ancilla ⟨Z⟩ = F). Stage 5–7 derive its exact pmf-based P_zero/P_correct.,"The pmf of the difference, P(ĝ = 0), P_correct/P_wrong, tie probability, or the Loschmidt (0/1-outcome) version.",arXiv:2507.22054v2 (2026-06-04); same numbering in v1,https://arxiv.org/abs/2507.22054v2
B-06c,aghaeisaem2026,Pitfalls when tackling the exponential concentration of parameterized quantum models,2026,C1,"10, 11",Correct/wrong-sign probabilities of the finite-shot gradient,PARTIAL / RELATED,III. Exponential concentration; App. B,Corollary 2; Corollary 4,"(10), (B15), (B26)",—,App. B,7; 21–23 (arXiv v2),—,"The update is indistinguishable from a parameter-independent variable that is symmetric under sign flip. This implies the sign carries no usable information about the landscape with high probability, but no probability of the correct or wrong sign is stated or computed.",As B-06a.,Pauli/±1 outcomes; asymptotic indistinguishability statement.,"Stage 6–7 give exact finite-M P_correct, P_wrong and P_zero (e.g. SWAP P_correct → (1 − P_zero)/2; Loschmidt P_correct → 0 through zeros). Neither the values nor the Loschmidt asymmetry appear in the source.",Exact or asymptotic P_correct/P_wrong values; their M- or n-dependence.,arXiv:2507.22054v2 (2026-06-04),https://arxiv.org/abs/2507.22054v2
B-06d,aghaeisaem2026,Pitfalls when tackling the exponential concentration of parameterized quantum models,2026,C4,"20, 22, 23","Direction of the estimated gradient vector (cosine, ĝ·g > 0, component sign accuracy)",PARTIAL / RELATED,III. Exponential concentration; App. B,Corollary 2; Corollary 4,"(10), (B14)–(B15)",Fig. 3,App. B,7; 21; Fig. 3 on p. 6 (arXiv v2),—,"The whole update vector is indistinguishable from a parameter-independent random vector. The source states this at the level of trajectories (random walk); it does not compute any alignment measure (cosine, ĝ·g sign, fraction of correct component signs).",As B-06a.,Trajectory-level statement.,"Stage 7 §14 reports these metrics directly: SWAP median cosine ≈ 0.009, P(ĝ·g > 0) ≈ 0.51; Loschmidt conditional cosine ≈ 0.74 at n = 12, M = 1024. ""Optimizer behaves like a random walk"" and ""cosine ≈ 0"" are related but not identical statements.","Any alignment value, the Loschmidt ""zero-or-aligned"" pattern, or finite-n behaviour.",arXiv:2507.22054v2 (2026-06-04),https://arxiv.org/abs/2507.22054v2
B-06e,aghaeisaem2026,Pitfalls when tackling the exponential concentration of parameterized quantum models,2026,C4,21,Norm of the estimated gradient relative to the exact gradient,PARTIAL / RELATED,App. B,Corollary 4,(B15),—,App. B,21 (arXiv v2),—,"The null update (B15) has a parameter-independent magnitude set by η, N and the coefficients c_i. The source makes no statement comparing the estimated-gradient norm with the exact-gradient norm.",As B-06a; the expectation shown is our algebra on (B15) (B5_MATH_COMPARISON §6.6).,Null (concentrated) update only.,"Stage 7 §14 measures SWAP median log₁₀‖ĝ‖/‖g‖ ≈ 4.5 at n = 12, M = 1024.",Any norm-ratio statement or value.,arXiv:2507.22054v2 (2026-06-04),https://arxiv.org/abs/2507.22054v2
B-07a,aghaeisaem2026,Pitfalls when tackling the exponential concentration of parameterized quantum models,2026,C4; F-G,"8, 28",Numerical random-walk behaviour of finite-shot training on a barren plateau,EXPLICIT,III. Exponential concentration,Text following Corollary 2,—,Fig. 3 (a)–(c),App. C (setup),6–7 (arXiv v2),—,"For n = 15, a single layer of X rotations and the global Pauli-Z observable: trajectories with 2¹⁵ and infinite shots converge, while trajectories with 150 shots wander randomly. The mean and variance of (1/N_p)‖θ^(t) − θ^(0)‖₁ over initialisations under 150 shots closely resemble a random walk.","Global-Z cost; ""random initialization"" (Cor. 2; the Fig. 3 caption says ""different parameter initializations""); learning rate η (value and schedule not stated in the reviewed text).","One system size, one cost (parity), displacement statistics.",Same circuit family as Stage 3–7 but the parity cost (Stage 6's parity benchmark). Stage 7's random-walk diagnostic uses the fidelity cost with the SWAP readout.,"Fidelity/SWAP or Loschmidt trajectories, endpoint-fidelity comparisons, alignment metrics, or start matching (B-07c).","arXiv:2507.22054v2 (2026-06-04); v1 has the figure, but its caption lacks the definition of the plotted quantity",https://arxiv.org/abs/2507.22054v2
B-07b,aghaeisaem2026,Pitfalls when tackling the exponential concentration of parameterized quantum models,2026,C4,25,Signal-free random-walk control,EXPLICIT,III. Exponential concentration,Text following Corollary 2,—,"Fig. 3 (b), (c) — legend ""Random Walk""",—,6–7 (arXiv v2),—,A random-walk reference is plotted alongside the 150-shot and 2¹⁵-shot runs for the mean and variance of parameter displacement. How the reference curve is generated is not specified in the reviewed text.,As B-07a.,Displacement statistics only; parity cost; n = 15.,"Stage 7's control replaces SWAP counts with zero-signal counts (q₊ = q₋ = 1/2) under the identical update rule and identical starts, and compares fidelity endpoints and alignment. The source's comparison is on displacement statistics.","Endpoint (loss/fidelity) comparison with a control, matched starts, or the construction of the reference.",arXiv:2507.22054v2 (2026-06-04),https://arxiv.org/abs/2507.22054v2
B-07c,aghaeisaem2026,Pitfalls when tackling the exponential concentration of parameterized quantum models,2026,C4,24,Matched-start finite-shot optimisation trajectories,PARTIAL / RELATED,III. Exponential concentration; IV. Practical step-by-step guidelines,Text following Corollary 2; discussion of Fig. 4,—,Fig. 3 (a); Fig. 4,App. C,6–8 (arXiv v2),—,"Trajectories under different shot budgets are shown together (Fig. 3a, a PCA cut) and training curves are compared across budgets (Fig. 4). Neither the text nor the captions say whether initial parameters are identical across budgets. Fig. 3 (b)–(c) average over different initialisations.",—,Parity / global-Z costs.,"Stage 7 pairs every arm (exact, LE, SWAP, random walk) from identical θ₀ by construction (Stage 6 found an unpaired comparison gave a false positive).",That starts were matched; any paired statistic.,arXiv:2507.22054v2 (2026-06-04),https://arxiv.org/abs/2507.22054v2
B-08a,aghaeisaem2026,Pitfalls when tackling the exponential concentration of parameterized quantum models,2026,F-E; F-G,5,Exponential shot budget needed for training on a barren plateau (numerics),EXPLICIT,IV. Practical step-by-step guidelines,Discussion of Fig. 4,(C1)–(C11),Fig. 4 (a)–(d),App. C,"6, 8; 23–25 (arXiv v2)",—,"For quantum natural gradient, CVaR, classical-NN initialisation and the rescaled parameter-shift rule (n = 9–17), training succeeds with 2ⁿ shots but does not move meaningfully with 10 × n shots.","Single X-rotation layer (C1); global-Z observables (C8) or a sum of four global-Z terms (C9); uniform random initialisation for QNG, CVaR and the rescaled parameter-shift rule; classical-NN-output initialisation for the NN method.",Global costs; numerical.,General exponential-burden fact; not readout-specific.,Readout-dependent exponents or gradient-level laws.,arXiv:2507.22054v2 (2026-06-04); also in v1,https://arxiv.org/abs/2507.22054v2
B-08b,aghaeisaem2026,Pitfalls when tackling the exponential concentration of parameterized quantum models,2026,CTX,28,Numerical setup on the single-qubit-rotation product circuit,EXPLICIT,App. C,Further details of numerical simulation,"(C1), (C8), (C9)","Fig. 3, Fig. 4",App. C,23–25; Figs. 3–4 on p. 6 (arXiv v2),—,"All numerics use U(θ) = ∏_i e^(−iθ_i X_i) with global observables: ⊗Z_i (QNG, NN initialisation, rescaled PS) or a sum of four global-Z strings (CVaR). Parameters are initialised uniformly at random for QNG, CVaR and the rescaled parameter-shift rule; the classical-NN method initialises them from a neural network's output.",—,"Parity-type costs on the product circuit, not the |0ⁿ⟩ fidelity.","Same circuit family as Stage 3–7, different cost. This is Stage 6's parity benchmark setup (STAGE6.md §19 notes it). Stage 7's fidelity cost and the Loschmidt/SWAP readouts are not used in the source's numerics.",Fidelity-cost results on this circuit.,arXiv:2507.22054v2 (2026-06-04); same in v1,https://arxiv.org/abs/2507.22054v2
B-08c,aghaeisaem2026,Pitfalls when tackling the exponential concentration of parameterized quantum models,2026,CTX,27,Concentration of the product single-qubit-rotation fidelity landscape,PARTIAL / RELATED,App. C; IV. Practical step-by-step guidelines,Further details of numerical simulation; Subtlety regarding the choice of POVM,"(C1), (C8)","Fig. 3, Fig. 4",App. C,"9–10, 23–25; Figs. 3–4 on p. 6 (arXiv v2)",—,"The source's numerics use the same product circuit (one layer of single-qubit X rotations; random initialisation, uniform for QNG, CVaR and rescaled parameter shift), but with global Pauli-Z costs, citing the globality-induced barren plateau. Its fidelity discussion (Loschmidt vs SWAP) assumes a 2-design, not the product family. The concentration of the product-circuit |0ⁿ⟩ fidelity is not stated.",—,"Same circuit, different cost; or same cost, different (2-design) ensemble.",Paper A's Proposition 3 (A-03) is the located explicit statement for the product-rotation fidelity family.,Concentration statistics of the product-circuit fidelity or its gradients.,arXiv:2507.22054v2 (2026-06-04),https://arxiv.org/abs/2507.22054v2
B-09a,aghaeisaem2026,Pitfalls when tackling the exponential concentration of parameterized quantum models,2026,F-B; F-C; C3,"1, 2, 3, 14a","Same fidelity objective, two POVMs: zero estimate (LE) vs 50/50 outcomes (SWAP)",EXPLICIT,IV. Practical step-by-step guidelines,Subtlety regarding the choice of POVM,—,"Fig. 5 (a) Loschmidt echo test, (b) SWAP test",App. B (Theorem 2 invoked),9 (arXiv v2),—,"For learning |φ⟩ = U₀|0⟩ with infidelity loss and a variational state forming a 2-design: the Loschmidt POVM {|0⟩⟨0|^⊗n, 𝟙 − |0⟩⟨0|^⊗n} has fixed distribution (0, 1), so with probability exponentially close to 1 the estimated fidelity is zero. The SWAP-test POVM {|0⟩⟨0|, |1⟩⟨1|} on the ancilla has fixed distribution (1/2, 1/2). Both approaches are said to suffer from concentration (the fidelity concentrates under the 2-design assumption).",|ψ(θ)⟩ = U(θ)|0⟩ forms a unitary 2-design; Theorem 2.,"Fidelity/loss estimates; analytic, no numerics; no gradients.","Stage 7 lists the zero-vs-50/50 fidelity-level contrast as prior work (§3, §19). The source states it for a 2-design ensemble; Stage 7's landscape is the product (non-2-design) family.","Gradient-level comparison, exponents, zero/sign probabilities.",arXiv:2507.22054v2 (2026-06-04); **absent from v1**; published-version status unverified,https://arxiv.org/abs/2507.22054v2
B-09b,aghaeisaem2026,Pitfalls when tackling the exponential concentration of parameterized quantum models,2026,C1; C4,"9, 19",Zero probability of the gradient component / full gradient vector,PARTIAL / RELATED,IV. Practical step-by-step guidelines,Subtlety regarding the choice of POVM,—,Fig. 5 (a),—,9 (arXiv v2),—,Only the fidelity estimate is said to be zero with high probability. Nothing is said about the parameter-shift difference of two such estimates or about all components simultaneously.,As B-09a.,Fidelity level.,Both shifted Loschmidt estimates being zero makes the gradient component zero. Stage 5–7 compute the exact P(ĝ = 0) (including equal nonzero counts) and the full-vector zero probability.,Gradient-level or vector-level zero probabilities or their values.,arXiv:2507.22054v2 (2026-06-04); absent from v1,https://arxiv.org/abs/2507.22054v2
B-10a,aghaeisaem2026,Pitfalls when tackling the exponential concentration of parameterized quantum models,2026,F-D; C3,4,Different estimator variances for Loschmidt vs SWAP (same fidelity),EXPLICIT,IV. Practical step-by-step guidelines,Subtlety regarding the choice of POVM,"Inline, unnumbered (text after Eq. (12))",—,—,10 (arXiv v2),"""These distinct forms of variance result in different statistical behaviors""","The landscape variance is exponentially small regardless of the measurement scheme, but the estimator variances differ: 1 − F_θ² for the SWAP test and F_θ(1 − F_θ) for the Loschmidt echo test.",Per-shot variance (the source writes Var_ρ(θ)[ℓ̂(θ)] without a 1/N factor); pure variational state |ψ(θ)⟩ and target |φ⟩ as in the source's example; the landscape-variance clause relies on the stated assumption that |ψ(θ)⟩ = U(θ)|0⟩ forms a unitary 2-design (p. 9).,"Fidelity (loss) estimate, not its parameter-shift gradient.",These are the per-shot variances Stage 7 uses (Var F̂ = F(1 − F)/M for LE; (1 − F²)/M for SWAP). Stage 7's gradient variances follow by the parameter-shift difference with independent batches (B5_MATH_COMPARISON §6.2).,"The gradient-estimator variances, SNRs, zero/sign probabilities, or the exponents they imply.",arXiv:2507.22054v2 (2026-06-04); **absent from v1**; published-version status unverified,https://arxiv.org/abs/2507.22054v2
B-10b,aghaeisaem2026,Pitfalls when tackling the exponential concentration of parameterized quantum models,2026,F-E,5,Exponential measurement burden via the estimator-variance / landscape-variance ratio,EXPLICIT,IV. Practical step-by-step guidelines,Subtlety regarding the choice of POVM,(12),—,—,9–10 (arXiv v2),—,"Define ε_N(α) = Var_ρ(α)[ℓ̂(α)]/(N Var_α[ℓ(α)]). Sufficient resolution needs ε_N ≲ 1, which under exponential concentration requires N ∈ Ω(exp(n)). The source offers this as a rule-of-thumb diagnostic.",Quantities that are expectation values; exponential concentration of Var_α[ℓ].,"General, applied to fidelity.","Stage 7 uses a different, per-θ criterion (SNR ≥ ρ, P_correct ≥ q at fixed θ; median over θ). The two criteria give different exponents on the heavy-tailed product landscape (B5_MATH_COMPARISON §6.3).",Readout-specific exponents (B-10c) or gradient-level criteria.,arXiv:2507.22054v2 (2026-06-04); absent from v1,https://arxiv.org/abs/2507.22054v2
B-10c,aghaeisaem2026,Pitfalls when tackling the exponential concentration of parameterized quantum models,2026,C3,"15, 16, 18",Measurement-dependent shot-complexity exponent,PARTIAL / IMPLIED,IV. Practical step-by-step guidelines,Subtlety regarding the choice of POVM,(12) + inline variances,—,—,9–10 (arXiv v2),"""affect the degree to which the problem suffers from shot noise""",Changing the POVM does not change the landscape variance and is not expected to remove concentration. Different estimators instead change how badly shot noise affects the problem. The source supplies ε_N and the two variances but does not combine them into shot counts or exponents for either readout.,"For the implication: 2-design statistics (E F = 2^(−n), Var_α F ≈ 2^(−2n)) or a per-point SNR criterion; independent shots; for the gradient version, parameter shift with independent batches and the Stage 5 log-typical A.",The source is at the fidelity level under a 2-design. Stage 7 is at the gradient level on the product landscape.,"Algebra in B5_MATH_COMPARISON §6.2–§6.3. The implication holds at the fidelity level under the source's 2-design assumption (2ⁿ vs 4ⁿ). Reaching Stage 7's 4ⁿ vs 16ⁿ additionally needs the parameter-shift step, a per-θ criterion, and the product-landscape log-typical A. With the source's own ε_N criterion on the product landscape, the result differs: (2/3)ⁿ at the log-typical F, or (4/3)ⁿ at the mean F, vs (8/3)ⁿ.",Any exponent value stated by the authors; gradient-level statements; same-θ paired comparison.,arXiv:2507.22054v2 (2026-06-04); absent from v1,https://arxiv.org/abs/2507.22054v2
B-11,aghaeisaem2026,Pitfalls when tackling the exponential concentration of parameterized quantum models,2026,CTX; F-D,—,POVM choice and multi-copy measurements under concentration,EXPLICIT,IV. Practical step-by-step guidelines,Subtlety regarding the choice of POVM,—,—,—,10 (arXiv v2),—,"Two-copy SWAP measurements estimate purity efficiently without concentration. Under a 2-design the landscape variance stays exponentially small, so the advantage vanishes. Whether some entangled POVM could change the indistinguishability conclusion is left open; analysis must use the POVMs employed in practice.",2-design.,Conceptual.,Positioning context for the readout-dependence question (A4 / B2 belong to the principal and later tracks).,Readout exponents.,arXiv:2507.22054v2 (2026-06-04); absent from v1,https://arxiv.org/abs/2507.22054v2
B-12,aghaeisaem2026,Pitfalls when tackling the exponential concentration of parameterized quantum models,2026,F-H,26,Classical-shadow / measure-first schemes are POVM post-processing,EXPLICIT,IV. Practical step-by-step guidelines,Subtlety regarding measure-first-estimate-later approaches,(11),—,—,8–9 (arXiv v2),—,Post-processing a classical representation built from measurements (e.g. ρ̂_Z) to evaluate an observable is equivalent to implementing that observable's POVM. Concentration results therefore apply however the POVM is realised.,—,Classical shadows / measure-first schemes.,Background (post-processing limits).,—,arXiv:2507.22054v2 (2026-06-04); **absent from v1**,https://arxiv.org/abs/2507.22054v2
B-13,aghaeisaem2026,Pitfalls when tackling the exponential concentration of parameterized quantum models,2026,F-H; F-G,26,Optimisation/post-processing strategies do not overcome outcome-probability concentration,EXPLICIT,II. Framework; IV. Practical step-by-step guidelines; V. Discussion,Guideline steps 1–3 and following text,"(6), (7)",Fig. 4,App. C,"4–5, 8, 10; Fig. 4 on p. 6 (arXiv v2)",—,"By the guidelines (polynomial POVM + concentrated outcome probabilities ⇒ no information), these methods still suffer from exponential concentration, though they may help training in other ways.",Polynomial POVMs; concentration.,Named methods.,Background.,—,arXiv:2507.22054v2 (2026-06-04); also in v1,https://arxiv.org/abs/2507.22054v2
B-14,aghaeisaem2026,Pitfalls when tackling the exponential concentration of parameterized quantum models,2026,F-G; C4,8,Source's own positioning of its random-walk result (self-description),EXPLICIT,I. Introduction,Final paragraph,—,—,—,2 (arXiv v2),"""it had not been proven as far we are aware"" (source's own wording about its Corollary 2)","The authors say random-walk behaviour of vanilla GD on barren plateaus under practical shot budgets was mentioned in passing earlier (their Ref. [38], Arrasmith et al. 2021) and prove it via Corollary 2 by taking the post-processing to be a gradient calculation.",—,"Self-description, quoted as the source's own claim; B5 makes no determination.",Locates the random-walk fact in prior work (this source and its Ref. [38]).,Anything beyond the source's own positioning.,arXiv:2507.22054v2 (2026-06-04); also in v1,https://arxiv.org/abs/2507.22054v2
B-15,aghaeisaem2026,Pitfalls when tackling the exponential concentration of parameterized quantum models,2026,CTX,—,Exponentially-many-element POVMs are outside the framework (counterexample),EXPLICIT,V. Discussion; App. D,App. D 1 Counter example; App. D 2 Indistinguishable example,(D1)–(D13),—,App. D,10–11; 25–27 (arXiv v2),—,"With exponentially many outcomes, each probability can be exponentially close to its concentration point while the distributions remain distinguishable. A counterexample with an odd/even test is given.",—,Scope boundary of the framework.,"Stage 7's two readouts are two-outcome POVMs, inside the framework.",—,arXiv:2507.22054v2 (2026-06-04); also in v1 (appendix title differs),https://arxiv.org/abs/2507.22054v2
B-16,aghaeisaem2026,Pitfalls when tackling the exponential concentration of parameterized quantum models,2026,F-F,6,Hypothesis-testing tools for statistical indistinguishability,EXPLICIT,App. A,A 1 One sample; A 2 Many samples; A 3 Statistical indistinguishability,"(A1), (A12), (A19), (A23)",—,App. A,15–18 (arXiv v2),—,"One-sample optimal success = 1/2 + ‖P − P′‖₁/4. For product distributions ‖P − P′‖₁ ≤ Σ‖P_i − P′_i‖₁. With N samples, success ≤ 1/2 + N‖P₀ − P′₀‖₁/4. ε-statistical indistinguishability is defined for distributions and outputs.",Equal priors; independent samples.,General.,As A-11. These 1-norm bounds do not separate the two readouts' exponents (B5_MATH_COMPARISON §6.4).,Hellinger/variance-based exponents.,arXiv:2507.22054v2 (2026-06-04); v1 numbering of App. A differs (no Product-distribution definition; A-equations end at (A20)),https://arxiv.org/abs/2507.22054v2
B-NL13,aghaeisaem2026,Pitfalls when tackling the exponential concentration of parameterized quantum models,2026,C2,13,P(correct sign | nonzero estimate) for the Loschmidt readout,NOT LOCATED,Whole paper (main text + Appendices A–D),—,—,—,—,1–27 (arXiv v2); 1–24 (arXiv v1),—,"Not located in the reviewed versions after searches for: conditional, given nonzero, sign, direction, single count, (1+|sin|)/2, success probability. The Loschmidt statements are the fixed distribution (0, 1) (B-09a), the per-shot variance F(1 − F) (B-10a) and the overlap-test POVM for kernels (§II p. 5). None concerns signs.",—,As above.,—,Absence from the wider literature.,arXiv:2507.22054v2 (2026-06-04) and v1 (2025-07-29),https://arxiv.org/abs/2507.22054v2
B-NL14b,aghaeisaem2026,Pitfalls when tackling the exponential concentration of parameterized quantum models,2026,C3,14b,"Same-θ, same-gradient comparison of two readouts",NOT LOCATED,Whole paper (main text + Appendices A–D),—,—,—,—,1–27 (arXiv v2),—,"Not located in the reviewed versions after searches for: gradient + Loschmidt, gradient + SWAP, parameter shift + fidelity, same landscape. The Loschmidt/SWAP comparison is at the fidelity level under a 2-design (B-09a, B-10a). The parameter-shift analysis (B-06a) is for Pauli observables.",—,As above.,—,Absence from the wider literature.,arXiv:2507.22054v2 (2026-06-04) and v1 (2025-07-29),https://arxiv.org/abs/2507.22054v2
B-NL17,aghaeisaem2026,Pitfalls when tackling the exponential concentration of parameterized quantum models,2026,C3,17,Explicit pair of shot exponents 4ⁿ (LE) and 16ⁿ (SWAP),NOT LOCATED,Whole paper (main text + Appendices A–D),—,—,—,—,1–27 (arXiv v2),—,"Not located in the reviewed versions after searches for: 4^n, 16^n, 4n, 16n, 2^{2n}, exponent, decades per qubit. The only base-specific shot budgets are the numerical regimes 10 × n, 2ⁿ (Fig. 4) and 150 vs 2¹⁵ (Fig. 3). The general statement is N ∈ Ω(exp(n)).",—,As above.,—,Absence from the wider literature.,arXiv:2507.22054v2 (2026-06-04) and v1 (2025-07-29),https://arxiv.org/abs/2507.22054v2
A-NL29,thanasilp2024,Exponential concentration in quantum kernel methods,2024,C1; C3,29,Mean-squared error (or variance) of a finite-shot gradient estimator,NOT LOCATED,Whole article (main text + Supplementary Information),—,—,—,—,main 1–13; SI 1–51,—,"Not located in the reviewed version after searches for: mean squared error, MSE, gradient estimator, parameter shift, finite difference, derivative. The article estimates kernel values (fidelity and projected quantum kernels); it contains no gradient estimator. ""Derivative"" occurs only in a reference title and in an SI Taylor expansion. Searched in the follow-up audit.",—,As above.,"Stage 7's Var(ĝ_LE) and Var(ĝ_SWAP) are compared with Teo 2023 instead (D-02, D-03b).",Absence from the wider literature.,"Published version (Nat. Commun. 15, 5200; online 2024-06-18) + Supplementary Information (MOESM1)",https://doi.org/10.1038/s41467-024-49287-w
A-NL30,thanasilp2024,Exponential concentration in quantum kernel methods,2024,C3,30,Copy number at which two gradient estimators exchange accuracy,NOT LOCATED,Whole article (main text + Supplementary Information),—,—,—,—,main 1–13; SI 1–51,—,"Not located in the reviewed version after searches for: critical, crossover, copy number, copies, finite difference, scaled parameter shift. ""Copies"" occurs only in multi-copy statements: the SI overview (SI p. 5), Supp. Prop. 4 on coherent multi-copy discrimination (SI pp. 27–28), a SWAP-trick derivation with ""two copies of such subsystems"" (SI p. 32) and the error-mitigation discussion (SI p. 42). None is an estimator crossover.",—,As above.,Teo's N_* (D-06) has no counterpart in A.,Absence from the wider literature.,"Published version (Nat. Commun. 15, 5200; online 2024-06-18) + Supplementary Information (MOESM1)",https://doi.org/10.1038/s41467-024-49287-w
B-17,aghaeisaem2026,Pitfalls when tackling the exponential concentration of parameterized quantum models,2026,C3; F-H,29,Gradient-estimator mean-squared error (finite shots) — matrix row 29,RELATED BUT DIFFERENT,App. C; IV. Practical step-by-step guidelines,Re-scaled Parameter Shift rule optimization; discussion of Fig. 4,(C11),Fig. 4 (d),App. C,25; Fig. 4 on p. 6; discussion of Fig. 4 on p. 8 (arXiv v2). Version of record: p. 20; Fig. 4 on p. 9; discussion on p. 8,"""a scaling factor that minimizes the mean squared error""","B trains with the scaled parameter-shift rule of its ref. [87] (Teo 2023). It describes this rule as using a scaling factor that minimises the mean squared error of loss and gradient estimates, λ = dN/(2d² + Nd − 2), with N ""the number of measurement shots"" and d = 2ⁿ (Eq. C11). Fig. 4(d) shows that the method still fails to move with 10 × n shots on a global-Z barren-plateau landscape and succeeds with 2ⁿ shots. B writes no MSE expression.",Global Pauli-Z observable; single layer of X rotations; uniform initial parameters; empirical-average post-processing; learning rate η.,Training numerics (Fig. 4 d). The MSE itself is not analysed in B.,Identifies Teo 2023 as the source of the MSE-optimised estimator. The λ formula equals Teo's Eq. (22) with Teo's N_T (total copies for one gradient component) in the place of B's N; B does not say whether its N counts shots per shifted circuit or per component (B5_SHOT_CONVENTIONS.md).,"Any MSE formula, any readout-dependent statement, or Stage 7's per-θ variances.","arXiv:2507.22054v2 (2026-06-04); same text and equation number verified in the version of record (QST 11, 015049; 2026-01-30)",https://arxiv.org/abs/2507.22054v2
B-NL30,aghaeisaem2026,Pitfalls when tackling the exponential concentration of parameterized quantum models,2026,C3,30,Copy number at which two gradient estimators exchange accuracy,NOT LOCATED,Whole paper (main text + Appendices A–D),—,—,—,—,1–27 (arXiv v2); 1–24 (version of record),—,"Not located in the reviewed versions after searches for: critical, crossover, copy number, copies, finite difference, scaled parameter shift. B uses Teo's scaled estimator (B-17) but does not mention Teo's critical copy number. ""Copies"" occurs only in the purity example (two copies with a SWAP test, B-11).",—,As above.,—,Absence from the wider literature.,"arXiv:2507.22054v2 (2026-06-04); the version of record (QST 11, 015049) was also searched",https://arxiv.org/abs/2507.22054v2
C-01,arrasmith2021,Effect of barren plateaus on gradient-free optimization,2021,F-A,1,Fidelity exponential concentration — matrix row 1,RELATED BUT DIFFERENT,2 Theoretical Background,2.3 Barren Plateaus — Definition 1,"(4), (5)",—,—,4,"""the barren plateau phenomenon is a probabilistic statement""","A cost exhibits a barren plateau if, for every parameter, E_θ[∂_μC(θ)] = 0 and Var_θ[∂_μC(θ)] ≤ F(n) with F(n) ∈ O(1/bⁿ), b > 1; expectations are over θ. By Chebyshev, P(|∂_μC| ≥ c) ≤ Var_θ[∂_μC]/c², so a random initialisation lands, with high probability, in a region of exponentially small gradients.","Cost C(θ) = Σ_x f_x(θ, ρ_x) (Eq. 1); m ∈ O(poly(n)) parameters, each entering through e^(−iθ_μH_μ) with H_μ having two distinct non-zero eigenvalues.","Concentration of the exact gradient of a general cost; probability over θ, not over measurement outcomes. Fidelity is not singled out.","The Stage 3–7 global fidelity cost satisfies this definition (Stage 3: Var_θ[∂_kC] = (1/8)(3/8)^(n−1)). The definition concerns the exact gradient's spread over θ, not finite-shot estimators.","Fidelity-estimate behaviour, any finite-shot estimator law, or readout dependence.","Published version (Quantum 5, 558; 2021-10-05) = arXiv:2011.12245v2 file",https://doi.org/10.22331/q-2021-10-05-558
C-02,arrasmith2021,Effect of barren plateaus on gradient-free optimization,2021,F-A; C3,1,Fidelity exponential concentration — matrix row 1,RELATED BUT DIFFERENT,3 Main Results; App. A,"3.1 Exponentially suppressed cost differences — Proposition 1, Corollary 1; A Proof of Proposition 1",(6)–(12); (16)–(25),—,App. A,5–6; 11–12,"""this is a direct consequence of the fact that the cost exhibits a barren plateau""","For θ_B = θ_A + Lℓ̂ with θ_A random, E_θA[ΔC] = 0 and Var_θA[ΔC] ≤ G(n) = m²L²F(n) ∈ Õ(1/bⁿ) (Prop. 1). For independent random θ_A, θ_B the same holds with Ĝ(n) = m²L̄²F(n) (Cor. 1). Chebyshev then gives P(|ΔC| ≥ c) ≤ G(n)/c² (Eq. 12). Proof: ΔC is a line integral of ∇C; covariances of gradient components are bounded by Cauchy–Schwarz (App. A).","Definition 1 holds; m ∈ O(poly(n)); L ∈ O(poly(n)) (on a torus L ≤ √m·π, Eq. 13).",Exact (noise-free) cost values at random parameter points. No measurement model.,"Landscape-level reason why any finite-shot comparison of two cost values needs exponential precision. Stage 7's parameter-shift difference (F₋ − F₊ at shift π/2) is one such difference; Stage 7 derives its estimator distribution, which this proposition does not address.","A shot-noise distribution, P(ĝ = 0), sign probabilities, or readout dependence.","Published version (Quantum 5, 558; 2021-10-05) = arXiv:2011.12245v2 file",https://doi.org/10.22331/q-2021-10-05-558
C-03,arrasmith2021,Effect of barren plateaus on gradient-free optimization,2021,C3; F-E,5,Exponential finite-shot (precision) burden for optimisation on a barren plateau,EXPLICIT,Abstract; 1 Introduction; 3 Main Results,3.2 Implications for gradient-free optimizers,—,—,—,"1, 6","""without exponential precision, gradient-free optimizers will not make progress in the optimization""","Exponentially suppressed gradients mean that exponential precision is needed to make progress (introduction). Because cost differences are exponentially suppressed (Prop. 1), gradient-free optimisers likewise need exponential precision, i.e. sampling requirements that scale exponentially (§3.2).","Barren plateau per Definition 1; m, L ∈ O(poly(n)).","Gradient-free optimisers (Nelder–Mead, Powell, COBYLA); gradient-based ones in the introduction. The base of the exponential is not specified and no measurement model is given.",General exponential-shot statement of the kind Stage 5 §13 and Stage 7 §19 already treat as known. No readout dependence.,"A base (4ⁿ, 16ⁿ), readout dependence, or a per-θ statistic.","Published version (Quantum 5, 558; 2021-10-05) = arXiv:2011.12245v2 file",https://doi.org/10.22331/q-2021-10-05-558
C-04a,arrasmith2021,Effect of barren plateaus on gradient-free optimization,2021,C3; F-E,5,Numerical exponential growth of the total shots needed to start training,EXPLICIT,4 Numerical Implementation; 5 Discussion,—,"(14), (15)",Fig. 3,—,6–8,"""the total number of shots scales exponentially with n for the Powell method""","Quantum-compiling toy problem (U = 𝟙, target |0⟩^⊗n) with the local cost C = Tr[O_L V|0⟩⟨0|V†], O_L = 𝟙 − (1/n)Σ_i|0_i⟩⟨0_i| (Eqs. 14–15), a layered hardware-efficient ansatz with p = n layers, n = 5–11, random initialisation and 20 runs per setting. For each n the shots N per cost evaluation were scanned and the N that reaches C = 0.4 with the smallest median total shot count N_total was kept. Median N_total grows exponentially (Powell), super-exponentially (Nelder–Mead), at least exponentially but irregularly (COBYLA), and exponentially for a gradient-descent reference. The authors call the exponential scaling a lower bound on the asymptotics.",Default optimiser hyper-parameters; the threshold C = 0.4 probes the initial stage of training; N optimised separately for each n.,"Numerical, n = 5–11; local cost; median over 20 runs; no fitted exponent reported.","Same qualitative conclusion (exponentially many shots), but with a different cost (local, hardware-efficient ansatz), a different statistic (median total shots to a cost threshold) and unspecified estimator details for the gradient-descent reference.","A per-θ required-shot statistic, a base of the exponential, or a readout comparison.","Published version (Quantum 5, 558; 2021-10-05) = arXiv:2011.12245v2 file",https://doi.org/10.22331/q-2021-10-05-558
C-04b,arrasmith2021,Effect of barren plateaus on gradient-free optimization,2021,C3,"15, 16",Gradient-level shot-complexity exponent for a specific readout,RELATED BUT DIFFERENT,4 Numerical Implementation,—,"(14), (15)","Fig. 3 (black crosses, ""gradient descent"")",—,7,"""As expected, the total number of shots also scales exponentially in this case""","Fig. 3 includes a ""custom gradient-descent optimizer"" as a reference; its median N_total also grows exponentially for n = 5–11. The paper gives no gradient estimator, shift rule, per-component shot allocation or fitted exponent for it.",As C-04a.,"One gradient-based reference curve. The cost observable is built from single-qubit projectors |0_i⟩⟨0_i| (Eq. 15); the measurement circuit is not described (an efficient circuit is cited to ref. [12], p. 7). It is neither the Loschmidt (global projector) nor the SWAP readout.","Exponential growth for a gradient-based optimiser is consistent with Stage 7, but readout, statistic (total shots to a threshold vs per-θ shots for SNR/sign targets) and cost all differ. No exponent is reported, so 4ⁿ/16ⁿ cannot be compared.","A Loschmidt or SWAP exponent, or readout dependence.","Published version (Quantum 5, 558; 2021-10-05) = arXiv:2011.12245v2 file",https://doi.org/10.22331/q-2021-10-05-558
C-05a,arrasmith2021,Effect of barren plateaus on gradient-free optimization,2021,C4; F-G,8,Parameter-shift random-walk behaviour — matrix row 8,RELATED BUT DIFFERENT,3 Main Results,3.2 Implications for gradient-free optimizers (opening paragraph),—,—,—,6,"""leading to many optimizers effectively becoming either random walks or random sampling""","When an optimiser's precision requirements are not met, each decision it makes is randomly chosen by shot noise, so many optimisers effectively become random walks or random sampling. It is a one-sentence remark, without proof or numerics, in the context of gradient-free optimisers. It is the only random-walk sentence in the paper, and the passage Aghaei Saem et al. cite ([38]) as mentioning random-walk behaviour in passing (B-14).",Precision requirement not met (implicitly: shot noise much larger than cost differences).,"Qualitative; gradient-free optimisers (simplex, line-search and trust-region methods).",Qualitative precursor of Stage 7 §17's SWAP random-walk diagnostic. It concerns gradient-free methods and has no control or statistic; it is not about parameter-shift gradient descent.,"A proof, a parameter-shift statement, a matched-start comparison or a signal-free control.","Published version (Quantum 5, 558; 2021-10-05) = arXiv:2011.12245v2 file",https://doi.org/10.22331/q-2021-10-05-558
C-05b,arrasmith2021,Effect of barren plateaus on gradient-free optimization,2021,C3; F-F,6,Outcome-distribution distinguishability framework — matrix row 6,RELATED BUT DIFFERENT,3 Main Results,3.2 Implications for gradient-free optimizers (opening paragraph),—,—,—,6,"""the capability of distinguishing the cost function value at different sets of parameters""","The precision needed to tell cost values apart fundamentally limits gradient-free methods; smaller differences need greater precision. The argument uses variances of exact cost differences (Chebyshev), not outcome distributions or hypothesis tests.",As C-02.,Exact cost differences; no measurement model.,"Related to the resolution view of Stage 7 §15 (information distances). Stage 7 compares the outcome distributions of two shifted circuits under a given readout, a different object.",Outcome-level distinguishability bounds or readout dependence.,"Published version (Quantum 5, 558; 2021-10-05) = arXiv:2011.12245v2 file",https://doi.org/10.22331/q-2021-10-05-558
C-06,arrasmith2021,Effect of barren plateaus on gradient-free optimization,2021,F-H; C4,26,Limits of classical post-processing / mitigation (fact H) — matrix row 26,RELATED BUT DIFFERENT,5 Discussion,—,—,—,—,8,"""Our work casts doubt on the notion that the choice of optimizer could provide""","The choice of optimiser is unlikely to avoid barren plateaus, although a careful choice may extend the size limits of trainable problems. Neural-network or natural-evolution strategies may improve the constants, but all require comparing cost values at different points and are subject to the same scaling analysis. Powell probably scales better because statistical noise does not accumulate in its state.",—,Optimisation strategies; not post-processing of outcomes or error mitigation.,"Background for fact H (limits of workarounds), at the level of optimisers rather than A's/B's post-processing theorems.",Outcome-level or readout-level statements.,"Published version (Quantum 5, 558; 2021-10-05) = arXiv:2011.12245v2 file",https://doi.org/10.22331/q-2021-10-05-558
C-07,arrasmith2021,Effect of barren plateaus on gradient-free optimization,2021,C1; C4,—,Exact gradient sign probabilities P_correct / P_wrong (C1 context; no matrix row),RELATED BUT DIFFERENT,2 Theoretical Background; 5 Discussion,2.2.1 Nelder-Mead,—,Fig. 1 (a),—,"3–4, 8","""this algorithm is vulnerable to performing shrink operations prematurely""","When errors in the cost values are large enough to cause mistakes in Nelder–Mead's comparisons, the algorithm may shrink prematurely, slowing optimisation and possibly giving a false appearance of convergence (citing Barton & Ivey 1991). The Discussion tentatively (""likely"") attributes Nelder–Mead's super-exponential shot scaling to this effect (p. 8).",—,"Qualitative; simplex comparisons, not gradient signs.",Qualitative analogue of a wrong-decision probability. Stage 7's P_wrong is an exact gradient-sign probability.,Any probability of a wrong decision.,"Published version (Quantum 5, 558; 2021-10-05) = arXiv:2011.12245v2 file",https://doi.org/10.22331/q-2021-10-05-558
C-NL09,arrasmith2021,Effect of barren plateaus on gradient-free optimization,2021,C1,"9, 10, 11, 12, 19",Exact law of a finite-shot gradient estimator and its zero/sign probabilities,NOT LOCATED,Whole paper (main text + App. A),—,—,—,—,1–12,—,"Not located in the reviewed version after searches for: binomial, Bernoulli, distribution, probability, zero, tie, sign, correct, wrong, parameter shift, estimator, shot noise. The only probabilities are Chebyshev bounds over random parameters (Eqs. 5, 12), not over measurement outcomes. Qualitative decision-error remarks are recorded in C-05a and C-07.",—,As above.,—,Absence from the wider literature.,"Published version (Quantum 5, 558; 2021-10-05) = arXiv:2011.12245v2 file",https://doi.org/10.22331/q-2021-10-05-558
C-NL13,arrasmith2021,Effect of barren plateaus on gradient-free optimization,2021,C2,13,P(correct | ĝ ≠ 0) → (1 + |sin θ_k|)/2 for the Loschmidt gradient,NOT LOCATED,Whole paper (main text + App. A),—,—,—,—,1–12,—,"Not located in the reviewed version after searches for: conditional, sign, direction, non-zero, single count, Loschmidt, projector, (1 + sin)/2. No Loschmidt readout and no gradient-sign statistic appear. ""Conditional comparisons"" refers to Nelder–Mead's operations (p. 3).",—,As above.,—,Absence from the wider literature.,"Published version (Quantum 5, 558; 2021-10-05) = arXiv:2011.12245v2 file",https://doi.org/10.22331/q-2021-10-05-558
C-NL02,arrasmith2021,Effect of barren plateaus on gradient-free optimization,2021,C3,"2, 3, 4, 14a, 14b, 17, 18",Readout-specific estimator behaviour and readout-dependent shot exponents,NOT LOCATED,Whole paper (main text + App. A),—,—,—,—,1–12,—,"Not located in the reviewed version after searches for: Loschmidt, echo, SWAP, swap test, fidelity, POVM, measurement scheme, readout, estimator variance, 4^n, 16^n, exponent, slope. ""Fidelity"" occurs only in reference titles. The only measured quantity is the local cost of Eqs. (14)–(15), and no exponent value is stated.",—,As above.,—,Absence from the wider literature.,"Published version (Quantum 5, 558; 2021-10-05) = arXiv:2011.12245v2 file",https://doi.org/10.22331/q-2021-10-05-558
C-NL20,arrasmith2021,Effect of barren plateaus on gradient-free optimization,2021,C4,"20, 21, 22, 23, 24, 25",Full-vector reliability metrics and controlled trajectory comparisons,NOT LOCATED,Whole paper (main text + App. A),—,—,—,—,1–12,—,"Not located in the reviewed version after searches for: cosine, angle, alignment, inner product, norm, sign, trajectory, control, same initial, matched, random walk (numerics). Fig. 3 uses 20 random initialisations per setting; whether the same initial points are shared across optimisers or across N values is not stated. The random-walk statement is qualitative (C-05a).",—,As above.,—,Absence from the wider literature.,"Published version (Quantum 5, 558; 2021-10-05) = arXiv:2011.12245v2 file",https://doi.org/10.22331/q-2021-10-05-558
C-NL07,arrasmith2021,Effect of barren plateaus on gradient-free optimization,2021,C1; C3; CTX,"7, 27, 28, 29, 30",Finite-shot parameter-shift statistics and related context items,NOT LOCATED,Whole paper (main text + App. A),—,—,—,—,1–12,—,"Not located in the reviewed version after searches for: parameter shift, gradient estimator, mean squared error, MSE, finite difference, critical, copies, product state, single layer, global Z, parity. ""Mean squared-error"" occurs only as an example cost (p. 2), and ""finite differences"" are exact cost differences (App. A, Eq. 19). The gradient-descent reference of Fig. 3 has no stated estimator (C-04b). The ansatz is a layered hardware-efficient circuit with CNOTs (Fig. 2), not a product of single-qubit rotations.",—,As above.,—,Absence from the wider literature.,"Published version (Quantum 5, 558; 2021-10-05) = arXiv:2011.12245v2 file",https://doi.org/10.22331/q-2021-10-05-558
D-01,teo2023,Optimized numerical gradient and Hessian estimation for variational quantum algorithms,2023,C1; C3,"7, 29",Finite-copy estimation model and mean-squared-error figure of merit for gradient estimators,EXPLICIT,II. Background: variational quantum algorithms; III. Figure of merit: mean squared-error; IV A,—,"(1)–(4), (7)","Fig. 2, Fig. 7",App. A 3 (conditions for circuit averaging),2–4; 13–14,"""is sampled independently for the same set of PEPQC parameters""","f_Q(θ; x) = ⟨0|U†OU|0⟩ with O = Σ_k h_k O_k/‖h‖, O_k multiqubit Pauli operators (eigenvalues ±1). Each O_k is measured independently in its eigenbasis, giving multinomial counts with N clicks per measured function. Accuracy is the MSE averaged over sampling, over the circuit ensemble (⟨·⟩, Haar averages for two-design modules) and over the non-trainable inputs x (Eq. 2). Gradient errors split into a finite-copy part and an approximation (nonzero-ε) part (Eq. 7). Exact MSEs require the TDS condition; other cases of Fig. 7 give upper bounds.",Pauli-encoded parametrized quantum circuits (PEPQCs); Pauli observables; independent sampling of each O_k; two-design trainable modules (TDS) for exact expressions.,Circuit-averaged errors; Pauli observables; any n.,"Stage 7's statistic is per θ (no circuit average) on a product landscape that is not a two-design, and Stage 7's Loschmidt readout is a global projector, not a Pauli observable.","Fixed-θ distributions, sign probabilities, or projector-readout statistics.","arXiv:2206.12643v3 (2022-11-20; journal-ref Phys. Rev. A 107, 042421); APS version of record not inspected",https://arxiv.org/abs/2206.12643v3
D-02,teo2023,Optimized numerical gradient and Hessian estimation for variational quantum algorithms,2023,C1; C3,"7, 29",Finite-copy MSE of the parameter-shift gradient estimator,EXPLICIT,IV. Results: sampling errors in gradient and Hessian estimations,B. Parameter-shift rule,(11)–(13),—,App. C 1–C 2 (sampling identities),4–5; 18–19,"""The corresponding MSEs are therefore just finite-copy errors given by""","PS gradient estimator [f(θ+s) − f(θ−s)]/(2 sin s) (Eq. 11). Under TDS, MSE_PS(∂f) = d/(N_T(d+1) sin² s) ≥ d/(N_T(d+1)) (Eq. 13), minimised at s = π/2. N_T is the total-copy convention defined on p. 4 for FD approximators (N_T = 2N per gradient component per basis observable, split equally between the two functions). §IV B uses the same N_T for PS without redefining it; Eq. (13) is consistent with that split (our check).",TDS; Pauli observable; independent sampling; equal copy split between the two shifted circuits.,Circuit-averaged MSE (sampling plus two-design circuit average).,"With N_T = 2M this is d/(2M(d+1)) ≈ 1/(2M), the same value as Stage 7's SWAP variance deep in the plateau ([2 − A²(1+s²)/2]/(4M) → 1/(2M)), because both are averages of ±1-outcome variances (our comparison). Teo does not treat the Loschmidt (0/1 projector) readout, whose gradient variance is ≈ A/(4M).","The per-θ variance on a non-two-design landscape (implied only, D-03b), distributions, or sign probabilities.","arXiv:2206.12643v3 (2022-11-20; journal-ref Phys. Rev. A 107, 042421); APS version of record not inspected",https://arxiv.org/abs/2206.12643v3
D-03a,teo2023,Optimized numerical gradient and Hessian estimation for variational quantum algorithms,2023,C1,12,Structure of the finite-copy PS estimator (difference of two empirical means) vs its exact law,RELATED BUT DIFFERENT,III; IV B; App. C,App. C 1 Multinomial sampling distribution,"(4), (11), (C1)",—,App. C 1,4–5; 18–19,—,f̂ = Σ_k (h_k/‖h‖) Σ_l o_kl ν_kl with multinomial relative frequencies ν_kl (Eq. 4); the PS estimator is the difference of two such estimates divided by 2 sin s (Eq. 11). App. C 1 states the moments of the ν_kl up to second order (Eq. C1). The finite-copy part of every MSE follows from these moments; the approximation part uses the circuit averages of App. B.,Independent multinomial sampling; circuits with different parameters sampled independently.,Moments up to second order only.,"Stage 5–7 use the full difference-of-binomials law of this kind of estimator. Teo's moments fix Var(ĝ) but not P(ĝ = 0), P_correct, P_wrong or the tie probability.","The pmf, the tie probability, or zero/sign probabilities.","arXiv:2206.12643v3 (2022-11-20; journal-ref Phys. Rev. A 107, 042421); APS version of record not inspected",https://arxiv.org/abs/2206.12643v3
D-03b,teo2023,Optimized numerical gradient and Hessian estimation for variational quantum algorithms,2023,C3,16,Gradient shot-complexity exponent for a ±1-outcome (SWAP-type) readout,PARTIAL / IMPLIED,IV B; App. C,App. C 1 Multinomial sampling distribution; App. C 2 Function estimation,"(13), (C1), (C2)",—,App. C 1–C 2,5; 18–19,—,"Eq. (C2) gives MSE(f_Q) = (1/N_T)(1 − ⟨f²⟩) for a Pauli observable: the circuit average of the per-θ ±1 variance (1 − f²)/N that follows from (C1). Teo writes only the averaged form, and Eq. (13) is its two-design average for the PS difference.","Added by this audit: per-θ use of (C1); the SWAP-test ancilla Z (±1 outcomes, mean F) as the Pauli observable; N_T = 2M; Stage 7's product landscape (F± = A(1∓s)/2); a per-θ SNR or sign target; the median over θ with the log-typical A = 4^(−(n−1)).","Implied only. Teo performs none of these steps (B5_TEO_DEEP_AUDIT.md §9; B5_MATH_COMPARISON.md §8). The label applies to the per-θ variance structure. The 16ⁿ base itself comes from Stage 7's landscape and median statistic (Teo's own ensemble implies 2ⁿ), so for the exponent alone RELATED BUT DIFFERENT would also be defensible.","With these additions the expression equals Stage 7's Var(ĝ_SWAP) = [2 − A²(1+s²)/2]/(4M) exactly (checked numerically), and the median required M grows ≈ 16ⁿ. Under Teo's own two-design average a mean-square criterion gives N_T ≈ 2d (2ⁿ); on Stage 7's landscape a mean-square criterion gives (8/3)ⁿ. The 16ⁿ base needs the per-θ median statistic.","The Loschmidt 4ⁿ (a projector readout lies outside Teo's Pauli model), the readout comparison, or any explicit exponent.","arXiv:2206.12643v3 (2022-11-20; journal-ref Phys. Rev. A 107, 042421); APS version of record not inspected",https://arxiv.org/abs/2206.12643v3
D-04,teo2023,Optimized numerical gradient and Hessian estimation for variational quantum algorithms,2023,C4; C3,"3, 21",SWAP estimator random / data-independent limit (row 3); gradient norm inflation (row 21),RELATED BUT DIFFERENT,V. Results: optimally-tuned numerical estimators; VIII. Conclusion,A. Optimal FD estimators,"(17), (18)",—,Tab. I (App. B 5),"6, 12, 18","""estimates gradients and Hessians with errors that are asymptotically independent of the circuit-qubit number""","In the large-d limit under TDS, the circuit-averaged squared magnitude of the optimal FD estimator tends to [sinc(ε_opt/2)]²/(2d) + 4/(N_T ε_opt²), whereas for PS ⟨E[(PS)²]⟩ → 1/(2d) + 1/N_T → 1/N_T (Eqs. 17–18). The PS estimate's average squared magnitude therefore stays at the n-independent sampling level while the true ⟨(∂f)²⟩ ≈ 1/(2d) vanishes. The conclusion (p. 12) restates that PS errors are asymptotically independent of the qubit number.",TDS; large d; Pauli observable.,"Circuit-averaged, per component.","Our algebra: the ratio of mean-square estimate to mean-square gradient is 1 + 2d/N_T. This is a circuit-averaged, component-wise analogue of Stage 7's SWAP norm inflation (‖ĝ‖/‖g‖ ≈ 10^4.5 at n = 12, M = 1024, a per-θ median of a full-vector ratio), and the ±1-outcome analogue of the SWAP null (estimates dominated by sampling noise). Teo states neither comparison.","A vector norm ratio, a per-θ median, or the Loschmidt contrast (where estimates collapse to exactly 0 instead).","arXiv:2206.12643v3 (2022-11-20; journal-ref Phys. Rev. A 107, 042421); APS version of record not inspected",https://arxiv.org/abs/2206.12643v3
D-05a,teo2023,Optimized numerical gradient and Hessian estimation for variational quantum algorithms,2023,C3,29,"Finite-copy MSE of tunable gradient estimators (finite difference, generalized difference, scaled PS)",EXPLICIT,IV A; IV C; V A–C; VI A,—,"(8), (14)–(16), (19)–(23)","Fig. 3, Fig. 4",App. C 3–C 5,4–9; 19–22,"""they decrease exponentially with the number of qubits n""","MSE_FD(∂f) = 4d/(N_T(d+1)ε²) + d²[1 − sinc(ε/2)]²/(2(d+1)(d²−1)) (Eq. 8); ε_opt ≅ (2304(d²−1)/(N_T d))^(1/6) (Eq. 15); MSE_FD,opt(∂f) ≅ (3/32)^(1/3) d^(4/3)/((d+1)(d²−1)^(1/3) N_T^(2/3)) (Eq. 16), which decreases exponentially in n at fixed N_T. SPS: MSE_SPS(∂f) = dλ²/(N_T(d+1) sin² s) + d²(1−λ)²/(2(d+1)(d²−1)) (Eq. 14); λ_opt = dN_T/(2d² + dN_T − 2) (Eq. 22); MSE_SPS,opt(∂f) = d²/((d+1)(2d² + dN_T − 1)) (Eq. 23, as printed [sic]: minimising Eq. 14 gives − 2, consistent with Eqs. 22 and C18; B5_TEO_DEEP_AUDIT.md §6). Monte Carlo checks for a supervised-learning task and an 8-qubit water-molecule Hamiltonian (Fig. 4).","TDS for the exact forms, upper bounds otherwise (App. C 3–C 5); N_T ≫ d for the approximations (15)–(16).",Circuit-averaged MSE; estimator design.,"Stage 7 uses only the unscaled PS estimator at s = π/2. These results concern estimator choice at a fixed readout, not readout choice at a fixed estimator.",Readout dependence or zero/sign probabilities.,"arXiv:2206.12643v3 (2022-11-20; journal-ref Phys. Rev. A 107, 042421); APS version of record not inspected",https://arxiv.org/abs/2206.12643v3
D-05b,teo2023,Optimized numerical gradient and Hessian estimation for variational quantum algorithms,2023,C3,18,Measurement scheme changing the gradient-resolution exponent — matrix row 18,RELATED BUT DIFFERENT,V A; VII. Important remarks and potential pitfall,A. Optimal FD estimators,"(16), (17), (18)",Fig. 6,—,"6, 10–11",—,"At fixed N_T the optimal FD (and GD, SPS) MSEs fall exponentially with n, tracking the true ⟨(∂f)²⟩ ≤ O(1/d), while the PS MSE stays ≈ 1/N_T. ε_opt grows roughly exponentially with n (Fig. 6). The estimator, applied to the same Pauli measurements, changes how the gradient error scales with n.",TDS; Pauli observables.,Estimator choice (classical processing of the same measurements); circuit-averaged.,"Stage 7 changes the readout (projector vs SWAP) with the PS estimator fixed, and finds different required-shot exponents. Teo changes the estimator with the readout fixed. Both compare statistics for one task, but along different axes.",A readout comparison or a required-shot exponent.,"arXiv:2206.12643v3 (2022-11-20; journal-ref Phys. Rev. A 107, 042421); APS version of record not inspected",https://arxiv.org/abs/2206.12643v3
D-06,teo2023,Optimized numerical gradient and Hessian estimation for variational quantum algorithms,2023,C3,30,Critical copy number below which optimised difference estimators beat the parameter shift,EXPLICIT,Abstract; VI. Performance; VIII. Conclusion,B. Benefits of optimized numerical estimators for scalable NISQ devices,"(24), (25)",Fig. 5,"App. B, App. C (general cases)","1, 9–10, 12","""this critical number grows exponentially with the circuit-qubit number""","N_* is the N_T at which MSE_FD/GD,opt = MSE_PS. Under TDS and for N_* ≫ d: N_* ≅ 32(d²−1)/(3d) for gradients, 81(d²−1)/(16d) for diagonal and 9(d²−1)²/d³ for off-diagonal Hessian components (Eq. 24), with loose lower bounds for GD (Eq. 25). Hence N_* ≳ O(2ⁿ); Fig. 5 shows exponential growth of N_* for n = 1–9. Below N_* the optimised difference estimator has the smaller average error.",TDS; N_* ≫ d; FD with the approximate ε_opt.,A comparison of two estimators' circuit-averaged MSEs.,"Not a resolution threshold. Our algebra: at N_T = N_*, MSE_PS/⟨(∂f)²⟩ = 2(d²−1)/(N_* d) = 3/16, so the crossover lies where PS already resolves the gradient in mean square. In Stage 7's convention (N_T = 2M) N_* corresponds to M_* ≈ (16/3)·2ⁿ, a 2ⁿ base unrelated to the 4ⁿ/16ⁿ per-θ medians.","Required shots for gradient resolution or sign reliability, or any readout dependence.","arXiv:2206.12643v3 (2022-11-20; journal-ref Phys. Rev. A 107, 042421); APS version of record not inspected",https://arxiv.org/abs/2206.12643v3
D-07a,teo2023,Optimized numerical gradient and Hessian estimation for variational quantum algorithms,2023,C3; F-E,5,Exponential sampling-copy requirement to distinguish shifted function values,EXPLICIT,VII. Important remarks and potential pitfall,—,(26),—,—,11,"""N must thus at least be exponentially large in n for trainability""","Trainability needs a small D_θ0 = ⟨max{Var[f̂(θ ± θ0)]}/|f(θ+θ0) − f(θ−θ0)|²⟩, the worst-case average relative spread of two shifted estimates. For circuits of large d with two-design properties the numerator approaches O(1/N) and the denominator is at most O(1/poly d), so D_θ0 ≳ O(poly(d)/N) and N must be at least exponentially large in n.",Large d; two-design circuits; numerator O(1/N) (Pauli ±1 outcomes); order-of-magnitude argument.,Resolution of a function difference in one direction; the base of the exponential is not given.,"The located statement closest to Stage 7's per-θ SNR criterion: D_θ0 is a circuit average of an inverse squared SNR of the shifted-value difference. Teo's O(1/N) numerator is the ±1 (SWAP-type) case; for the Loschmidt readout the numerator is O(F/N). Our algebra: on Stage 7's landscape the literal average diverges (E_θ[1/A] = ∞), so Stage 7 uses medians (B5_STATISTIC_COMPARISON.md).","4ⁿ or 16ⁿ, readout dependence, or sign probabilities.","arXiv:2206.12643v3 (2022-11-20; journal-ref Phys. Rev. A 107, 042421); APS version of record not inspected",https://arxiv.org/abs/2206.12643v3
D-07b,teo2023,Optimized numerical gradient and Hessian estimation for variational quantum algorithms,2023,C3; F-F,6,Outcome-distribution distinguishability framework — matrix row 6,RELATED BUT DIFFERENT,VII. Important remarks and potential pitfall,—,(26),—,—,11,—,"D_θ0 quantifies the failure to distinguish f(θ+θ0) from f(θ−θ0) through sampling by a variance-to-squared-difference ratio. No hypothesis test, outcome distribution or distance between distributions is used.",As D-07a.,Variance-ratio criterion.,"Stage 7 §15 (TV/Hellinger) works with outcome distributions. Teo's variance ratio coincides with an SNR criterion, not with A's/B's 1-norm hypothesis tests.",Hellinger/TV statements or readout dependence.,"arXiv:2206.12643v3 (2022-11-20; journal-ref Phys. Rev. A 107, 042421); APS version of record not inspected",https://arxiv.org/abs/2206.12643v3
D-08a,teo2023,Optimized numerical gradient and Hessian estimation for variational quantum algorithms,2023,C1; C4,"10, 11, 23","Exact gradient P_correct, P_wrong and component sign accuracy — matrix rows 10, 11, 23",RELATED BUT DIFFERENT,VII. Important remarks and potential pitfall,—,—,—,—,11,"""could still lead to many wrong update directions""","For very large n, where the true gradient is tiny, even a very small gradient-estimation MSE could still lead to many wrong update directions from slight statistical fluctuations, so cost minimisation can be very slow on average; one should be strict about picking the right descent direction. Stated qualitatively; no probability is computed.",Very large n; tiny true gradient.,Qualitative.,"Qualitative counterpart of Stage 7's exact P_correct/P_wrong and component sign accuracy (§9, §14). Teo gives no sign probability, no conditional law and no readout contrast.","Any sign probability, the conditional Loschmidt sign law, or P(ĝ = 0).","arXiv:2206.12643v3 (2022-11-20; journal-ref Phys. Rev. A 107, 042421); APS version of record not inspected",https://arxiv.org/abs/2206.12643v3
D-08b,teo2023,Optimized numerical gradient and Hessian estimation for variational quantum algorithms,2023,F-H,26,Limits of classical post-processing / mitigation (fact H) — matrix row 26,RELATED BUT DIFFERENT,VII. Important remarks and potential pitfall,—,—,—,—,10–11,"""These are clearly two separate problems""","Optimised estimators can boost estimation accuracy, but this does not necessarily improve trainability under barren plateaus, which the article does not address. In a hypothetical n → ∞ example, near-zero estimation error does not make an almost flat landscape trainable.",—,Qualitative remark.,"Consistent with fact H. B's App. C describes Teo's method as claimed to improve training on barren-plateau landscapes (B-17), whereas Teo's §VII says estimation accuracy and trainability are separate problems. The audit records both statements and takes no position.",An outcome-level impossibility statement.,"arXiv:2206.12643v3 (2022-11-20; journal-ref Phys. Rev. A 107, 042421); APS version of record not inspected",https://arxiv.org/abs/2206.12643v3
D-09,teo2023,Optimized numerical gradient and Hessian estimation for variational quantum algorithms,2023,C4; F-G,8,Parameter-shift random-walk behaviour — matrix row 8,RELATED BUT DIFFERENT,I. Introduction; VIII. Conclusion,—,—,—,—,"1–2, 12","""prevent the optimally-tuned estimators from effectively making random guesses""","Because the optimised estimators' errors scale with the exponentially small gradient magnitudes, they avoid ""random guesses"" about the components at a fixed copy number, in contrast to the unscaled PS estimator whose errors are asymptotically independent of n. No optimisation trajectory or random-walk analysis is given.",As D-04.,Estimate level; qualitative wording.,Related to the SWAP failure mode (random signs) at the estimate level. Stage 7's random-walk statement concerns trajectories with a matched control.,"Random-walk dynamics, a control, or trajectory statistics.","arXiv:2206.12643v3 (2022-11-20; journal-ref Phys. Rev. A 107, 042421); APS version of record not inspected",https://arxiv.org/abs/2206.12643v3
D-10,teo2023,Optimized numerical gradient and Hessian estimation for variational quantum algorithms,2023,F-A,1,Fidelity exponential concentration — matrix row 1,RELATED BUT DIFFERENT,App. B; V A,B 2 Averages of gradient components; B 5 Summary table,"(B19), (B20), (B24), (C3)",Tab. I,App. B 2–B 5; App. C 2,"6, 16, 18–19","""manifestations of the so-called barren-plateau phenomenon""",⟨(∂f)²⟩ = d²/(2(d+1)(d²−1)) under TDS (Case I) and at most O(1/d) in all cases (Tab. I); ⟨f²⟩ = 1/(d+1) (Eq. C3). The text calls these averages manifestations of the barren-plateau phenomenon.,Haar two-design modules; Pauli observables.,Two-design circuit averages.,Gradient concentration under two-designs. Stage 7's landscape is a product (non-two-design) landscape with Var_θ[∂_kC] = (1/8)(3/8)^(n−1) and log-typical A = 4^(−(n−1)). Fidelity concentration is not discussed.,Fidelity concentration or product-landscape statistics.,"arXiv:2206.12643v3 (2022-11-20; journal-ref Phys. Rev. A 107, 042421); APS version of record not inspected",https://arxiv.org/abs/2206.12643v3
D-NL09,teo2023,Optimized numerical gradient and Hessian estimation for variational quantum algorithms,2023,C1; C4,"9, 19",Probability that a finite-shot gradient estimate (component or vector) is exactly zero,NOT LOCATED,Whole paper (main text + Appendices A–D),—,—,—,—,1–24 (arXiv v3),—,"Not located in the reviewed version after searches for: zero, exactly zero, tie, equal counts, probability, binomial, Poisson, vanishing estimate. The results are MSEs (second moments) averaged over circuits; no probability of a zero estimate is written.",—,As above.,—,Absence from the wider literature.,"arXiv:2206.12643v3 (2022-11-20; journal-ref Phys. Rev. A 107, 042421); APS version of record not inspected",https://arxiv.org/abs/2206.12643v3
D-NL13,teo2023,Optimized numerical gradient and Hessian estimation for variational quantum algorithms,2023,C2,13,P(correct | ĝ ≠ 0) → (1 + |sin θ_k|)/2 for the Loschmidt gradient,NOT LOCATED,Whole paper (main text + Appendices A–D),—,—,—,—,1–24 (arXiv v3),—,"Not located in the reviewed version after searches for: conditional, sign, direction, non-zero, single count, projector, Loschmidt, (1 + sin)/2. §VII mentions wrong update directions qualitatively (D-08a); there is no conditional law and no projector readout.",—,As above.,—,Absence from the wider literature.,"arXiv:2206.12643v3 (2022-11-20; journal-ref Phys. Rev. A 107, 042421); APS version of record not inspected",https://arxiv.org/abs/2206.12643v3
D-NL02,teo2023,Optimized numerical gradient and Hessian estimation for variational quantum algorithms,2023,C3,"2, 4, 14a, 14b, 15","Readout-specific estimator behaviour (Loschmidt projector, SWAP test) and their comparison",NOT LOCATED,Whole paper (main text + Appendices A–D),—,—,—,—,1–24 (arXiv v3),—,"Not located in the reviewed version after searches for: Loschmidt, echo, SWAP test, swap (only the swap operator τ of the Haar integrals, Eq. A3), fidelity, projector, overlap, POVM, readout, measurement scheme. ""Fidelity"" refers only to hardware fidelities (p. 1). All observables are Pauli sums measured term by term in their eigenbases. A 0/1 projector readout, whose per-shot variance F(1−F) underlies Stage 7's Loschmidt 4ⁿ, does not appear.",—,As above.,—,Absence from the wider literature.,"arXiv:2206.12643v3 (2022-11-20; journal-ref Phys. Rev. A 107, 042421); APS version of record not inspected",https://arxiv.org/abs/2206.12643v3
D-NL17,teo2023,Optimized numerical gradient and Hessian estimation for variational quantum algorithms,2023,C3,17,Explicit pair of shot exponents 4ⁿ (Loschmidt) and 16ⁿ (SWAP),NOT LOCATED,Whole paper (main text + Appendices A–D),—,—,—,—,1–24 (arXiv v3),—,"Not located in the reviewed version after searches for: 4^n, 16^n, 2^{2n}, 2^{4n}, d², d⁴ (as copy scalings), exponent, decades. The stated growth laws are N_* ≳ O(2ⁿ) (Eq. 24, Fig. 5) and D_θ0 ≳ O(poly(d)/N) (Eq. 26).",—,As above.,—,Absence from the wider literature.,"arXiv:2206.12643v3 (2022-11-20; journal-ref Phys. Rev. A 107, 042421); APS version of record not inspected",https://arxiv.org/abs/2206.12643v3
D-NL20,teo2023,Optimized numerical gradient and Hessian estimation for variational quantum algorithms,2023,C4,"20, 22, 24, 25",Full-vector reliability metrics and controlled trajectory comparisons,NOT LOCATED,Whole paper (main text + Appendices A–D),—,—,—,—,1–24 (arXiv v3),—,"Not located in the reviewed version after searches for: cosine, angle, alignment, inner product, full gradient vector, trajectory, matched, same initial, random walk, control. Fig. 4 concerns the initial optimisation step; no trajectories are simulated.",—,As above.,—,Absence from the wider literature.,"arXiv:2206.12643v3 (2022-11-20; journal-ref Phys. Rev. A 107, 042421); APS version of record not inspected",https://arxiv.org/abs/2206.12643v3
D-NL27,teo2023,Optimized numerical gradient and Hessian estimation for variational quantum algorithms,2023,CTX,"27, 28",Stage 3–7 landscape family and the Stage 6 parity benchmark,NOT LOCATED,Whole paper (main text + Appendices A–D),—,—,—,—,1–24 (arXiv v3),—,"Not located in the reviewed version after searches for: product state, single layer, tensor product, RX, global Z, parity. ""Product state"" refers only to the initial input state |0⟩ (p. 2). The numerics use hardware-efficient circuits taken as approximate two-designs, the observable Y ⊗ 1^(n−1) (supervised-learning task) and a 96-term water-molecule Hamiltonian (App. D, Tab. II).",—,As above.,—,Absence from the wider literature.,"arXiv:2206.12643v3 (2022-11-20; journal-ref Phys. Rev. A 107, 042421); APS version of record not inspected",https://arxiv.org/abs/2206.12643v3
E-01,gentinetta2024,The complexity of quantum support vector machines,2024,F-A; F-E,"1, 5",Fidelity-kernel exponential concentration and exponential measurement burden (background),EXPLICIT,1 Introduction; 5 Conclusion,—,—,—,—,"2, 18","""an exponential number of measurements is necessary to distinguish the kernel evaluations""","Quantum kernels can suffer from exponential concentration if the feature map is not chosen carefully (citing Thanasilp et al. [9]); an exponential number of measurements is then needed to distinguish kernel values. The paper studies training and assumes a reasonably chosen feature map (the noisy-halfspace-learning assumption, Assumption 1). The conclusion repeats that the kernel must not suffer from exponential concentration.",—,Background statement attributed to [9]; not analysed in this paper.,"Known territory (facts A and E), as in paper A.",Any readout-level or gradient-level statement.,"Published version (Quantum 8, 1225; 2024-01-11) = arXiv:2203.00031v2 file",https://doi.org/10.22331/q-2024-01-11-1225
E-02,gentinetta2024,The complexity of quantum support vector machines,2024,C1; C3; F-D,4,Different Loschmidt / SWAP estimator variances — matrix row 4,RELATED BUT DIFFERENT,2.3 Quantum support vector machines; 3.1 Dual optimization; 4.2 Dual optimization; App. A.1,Fig. 1 Quantum kernel estimation; A.1 Justification of (10),"(9), (20)–(25)",Fig. 1,App. A.1,"6–8, 12, 21–22","""the frequency of the all zero outcome approximates the kernel value""","The kernel k(x_i, x_j) = |⟨ψ(x_i)|ψ(x_j)⟩|² is estimated by preparing E(x_j)†E(x_i)|0⟩, measuring all qubits and taking the frequency of the all-zero bit string over R shots (Fig. 1, Eq. 9). Each shot is Bernoulli with mean k. E[(k_R − k)²] = (1/R²)[Rk + 2·C(R,2)k²] − k² ≤ k/R and the fourth moment is O(1/R²) (Eqs. 23–25). In the numerics, noisy entries are drawn from the binomial distribution B(R, K_ij) (§4.2). No SWAP-test estimator appears.",i.i.d. shots; exact Bernoulli model; no hardware noise.,Fidelity (kernel) estimate; used only as input to a classical optimisation.,"This is the Loschmidt readout of Stages 5–7 at the fidelity level, and the written expression simplifies to k(1−k)/R (our algebra; the source writes the bound ≤ k/R): the variance of the R-shot mean, i.e. the Loschmidt per-shot variance k(1−k) divided by R. There is no SWAP comparison and no gradient.","Different variances for two readouts of one quantity, or gradient-level statistics.","Published version (Quantum 8, 1225; 2024-01-11) = arXiv:2203.00031v2 file",https://doi.org/10.22331/q-2024-01-11-1225
E-03,gentinetta2024,The complexity of quantum support vector machines,2024,C3,—,Gradient shot-complexity exponent in n (C3 context; no matrix row),RELATED BUT DIFFERENT,3 Analytical complexity; 4.2 Dual optimization; 5 Conclusion; App. A,3.1 Dual optimization; A.2 Justification of (11),"(10), (11), (27), (37)","Fig. 5, Fig. 6",App. A.1–A.2,"8–9, 12–14, 18, 23–26","""which entails a significant overhead over training a classical SVM due to shot noise""","E‖K_R − K‖₂ = O(√(M/R)) (Latała's theorem; Eqs. 10, 27). Under Assumption 1, R = O(M^(8/3)/ε²) shots per kernel entry give |h_R − h| ≤ ε with probability > 1/2 (Lemma 5, Eq. 37), so R_tot = O(M^4.67/ε²) over the O(M²) entries (Eq. 11). Empirically R ≈ ε^(−2) (fits −1.989 to −1.998; the text calls R = O(1/ε²) tight) and R_tot ∝ M^(4.5–4.8) (Figs. 5–6, Table 2). The quote is from the Conclusion (p. 18). M is the training-set size and ε the decision-function accuracy.",Noisy halfspace learning (Assumption 1); no exponential concentration; the quadratic program is solved classically.,Kernel training complexity in M and ε at fixed n; no n-dependence and no parameter-shift gradients.,"A different quantity: it must not be read as a VQA gradient shot complexity. Notation clash: E's M is the data-set size, Stage 7's M the shots per shift.",Any gradient-level or n-dependent shot exponent.,"Published version (Quantum 8, 1225; 2024-01-11) = arXiv:2203.00031v2 file",https://doi.org/10.22331/q-2024-01-11-1225
E-04,gentinetta2024,The complexity of quantum support vector machines,2024,C3,—,Gradient shot-complexity exponent in n (C3 context; no matrix row),RELATED BUT DIFFERENT,2.2; 3 Analytical complexity; 4.3 Primal optimization via Pegasos; 5 Conclusion; App. B,3.2 Primal optimization via Pegasos,"(12)–(14), (16), (17)","Fig. 7, Fig. 8, Fig. 9",App. B.1–B.2,"3, 5–6, 9–10, 13–16, 18, 27–29","""provides a scaling that is independent of M""","Pegasos (stochastic sub-gradient descent on the kernelised primal) updates integer coefficients classically from noisy kernel entries (Algorithm 1). Under Assumption 2 (empirically supported in App. B.1) the total shots are O(min{M²/(λ³ε⁶), 1/(λ⁵ε¹⁰)}); empirically O(1/ε^(8.3±1.6)) (separable) and O(1/ε^(9.5±1.0)) (overlapping data) (Table 2). The quote is from the Conclusion (p. 18); the introduction (p. 3) makes the same point.",Assumption 2 (convergence unaffected once the sum in line 14 of Algorithm 1 is δ-accurate); strong convexity (App. B.2).,Classical optimisation of kernel coefficients; the gradient is a classical sub-gradient computed from estimated kernel values.,"Shot noise enters a classical gradient through kernel estimates, not through a parameter-shift rule on circuit parameters.",VQA parameter-shift gradient statistics.,"Published version (Quantum 8, 1225; 2024-01-11) = arXiv:2203.00031v2 file",https://doi.org/10.22331/q-2024-01-11-1225
E-05,gentinetta2024,The complexity of quantum support vector machines,2024,C3; C4,28,Global-Z (parity) parameter-shift training numerics on a single rotation layer — matrix row 28,RELATED BUT DIFFERENT,2.4 Approximate quantum support vector machines; 4.4 Heuristic training of approximate QSVMs; 5 Conclusion,—,"(7), (8), (18), (19)","Fig. 2, Fig. 10, Fig. 11",—,"7–8, 14–18","""which ensures that the scaling is independent of d""","h_θ(x) = ⟨ψ(x)|W(θ)†Z^⊗q W(θ)|ψ(x)⟩ with trainable θ (Eq. 7), a global observable (p. 8 contrasts it with a local one). Each ±1 outcome Q gives (1+Q)/2 ~ Bernoulli(p) with σ_Q² ≤ 1, so R = O(1/ε²) shots per expectation value; with an assumed O(1/ε) convergence rate, R_tot = O(1/ε³) (Eq. 18, conjectured). Training uses SPSA with SGD on batches of 5 (cost independent of the number of parameters d) and Qiskit's shot-based simulator. Empirically R_tot = O(1/ε^(2.9±0.3)) (Table 2), from the 2-dimensional-data runs with 8 trainable parameters (Fig. 11: exponents 2.86 and 2.79); 8-dimensional data with 16 parameters gives exponents ≈ 2.2. No parameter-shift rule is mentioned; the statevector reference uses full gradient descent without stating how the gradient is computed.","O(1/ε) convergence assumed (footnote 9). Model choice to avoid barren plateaus (§2.4, p. 8); loss function and initial parameters must not cause trainability problems (Conclusion, p. 18).","The only part of the paper with variational parameters; two fixed problem sizes (2- and 8-dimensional data, one feature per qubit per §4.1), so no n-scaling.","For row 28: a global Z^⊗q observable trained with finite shots, but with SPSA (not parameter shift) on ZZFeatureMap + RealAmplitudes circuits (not a single rotation layer), with ε-scaling at fixed size. Stage 6's parity benchmark and B-07a/B-08b use parameter shift on a single RX layer. A different estimator and statistic from Stage 7's n-scaling of parameter-shift gradient reliability.","Parameter-shift statistics, readout dependence, or n-exponents.","Published version (Quantum 8, 1225; 2024-01-11) = arXiv:2203.00031v2 file",https://doi.org/10.22331/q-2024-01-11-1225
E-06,gentinetta2024,The complexity of quantum support vector machines,2024,C4,24,Matched-start finite-shot optimisation trajectories — matrix row 24,RELATED BUT DIFFERENT,4.4 Heuristic training of approximate QSVMs,—,(19),Fig. 11,—,16–17,"""converged to given the initial parameters""","After 1000 shot-based training steps (giving θ_R), a full-gradient statevector optimisation starting from θ_R gives θ_∞, and ε = max_x |h_θR(x) − h_θ∞(x)| is recorded. This is repeated over random initialisations and several R.",—,"The reference run starts from the noisy endpoint, not from a shared initial point; the comparison uses decision-function distance, not fidelity endpoints.","Stage 7 §17 runs SWAP-, Loschmidt- and exact-gradient descent and a signal-free random walk from identical starts and compares endpoints. Paper E's pairing is a warm-started reference without a signal-free control.",Matched-start trajectory comparisons or random-walk controls.,"Published version (Quantum 8, 1225; 2024-01-11) = arXiv:2203.00031v2 file",https://doi.org/10.22331/q-2024-01-11-1225
E-NL09,gentinetta2024,The complexity of quantum support vector machines,2024,C1,"9, 10, 11, 12, 19",Exact law of a finite-shot gradient estimator and its zero/sign probabilities,NOT LOCATED,Whole paper (main text + Appendices A–C),—,—,—,—,1–30,—,"Not located in the reviewed version after searches for: parameter shift, gradient estimator, zero, tie, sign, probability, difference of binomial, Skellam. The binomial law appears only for a single kernel entry (E-02). The only gradient-type objects are Pegasos sub-gradients (classical) and SPSA estimates, whose distributions are not analysed.",—,As above.,—,Absence from the wider literature.,"Published version (Quantum 8, 1225; 2024-01-11) = arXiv:2203.00031v2 file",https://doi.org/10.22331/q-2024-01-11-1225
E-NL13,gentinetta2024,The complexity of quantum support vector machines,2024,C2,13,P(correct | ĝ ≠ 0) → (1 + |sin θ_k|)/2 for the Loschmidt gradient,NOT LOCATED,Whole paper (main text + Appendices A–C),—,—,—,—,1–30,—,"Not located in the reviewed version after searches for: conditional, sign, direction, non-zero, single count, Loschmidt, (1 + sin)/2. The all-zero-outcome kernel estimator is of Loschmidt type (E-02), but no gradient of it and no sign statistic is considered.",—,As above.,—,Absence from the wider literature.,"Published version (Quantum 8, 1225; 2024-01-11) = arXiv:2203.00031v2 file",https://doi.org/10.22331/q-2024-01-11-1225
E-NL02,gentinetta2024,The complexity of quantum support vector machines,2024,C3,"2, 3, 14a, 14b, 15, 16, 17, 18",Readout-specific estimator behaviour and n-dependent gradient shot exponents,NOT LOCATED,Whole paper (main text + Appendices A–C),—,—,—,—,1–30,—,"Not located in the reviewed version after searches for: SWAP, swap test, Loschmidt, echo, projector, POVM, readout, measurement scheme, 4^n, 16^n, exponential in n, number of qubits, collapse. One kernel readout (all-zero frequency) is used. The approximate QSVM uses a second readout (±1 outcomes of Z^⊗q, σ_Q² ≤ 1, p. 15) for a different quantity, and the two are never compared. The complexities are polynomial in M and ε at fixed n (E-03 to E-05), so no n-exponent is stated, and exponential concentration is assumed away (E-01).",—,As above.,—,Absence from the wider literature.,"Published version (Quantum 8, 1225; 2024-01-11) = arXiv:2203.00031v2 file",https://doi.org/10.22331/q-2024-01-11-1225
E-NL08,gentinetta2024,The complexity of quantum support vector machines,2024,C4,"8, 20, 21, 22, 23, 25","Random-walk behaviour, full-vector reliability metrics and signal-free controls",NOT LOCATED,Whole paper (main text + Appendices A–C),—,—,—,—,1–30,—,"Not located in the reviewed version after searches for: random walk, cosine, angle, alignment, norm, sign, control, random baseline. The closest item is the warm-started noiseless reference (E-06).",—,As above.,—,Absence from the wider literature.,"Published version (Quantum 8, 1225; 2024-01-11) = arXiv:2203.00031v2 file",https://doi.org/10.22331/q-2024-01-11-1225
E-NL06,gentinetta2024,The complexity of quantum support vector machines,2024,C1; C3; CTX,"6, 7, 26, 27, 29, 30","Outcome-level distinguishability, parameter-shift statistics and related context items",NOT LOCATED,Whole paper (main text + Appendices A–C),—,—,—,—,1–30,—,"Not located in the reviewed version after searches for: hypothesis test, distinguish (only in the background sentence of E-01), parameter shift, mean squared error, MSE, critical, crossover, copies, error mitigation, product, single-qubit rotations. Footnote 7 (p. 12) chooses very large R so that ‖K − K_R‖ < μ holds; this is a sufficient-shot condition, not an estimator crossover. The feature map (Fig. 3) is a ZZ-entangling circuit, not a product of rotations. The global Z^⊗q observable of the approximate QSVM is recorded under row 28 (E-05).",—,As above.,—,Absence from the wider literature.,"Published version (Quantum 8, 1225; 2024-01-11) = arXiv:2203.00031v2 file",https://doi.org/10.22331/q-2024-01-11-1225
A-19,thanasilp2024,Exponential concentration in quantum kernel methods,2024,C5; C3,"31, 32","SWAP/Loschmidt shot-ratio identity for parameter-shift gradients and the exponent rule — matrix rows 31, 32",PARTIAL / IMPLIED,Results; SI Note III,"Why exponential concentration is problematic; SI III A 1 (Loschmidt Echo test), SI III A 2 (SWAP test)","(12), (14); SI (17), (46)",—,SI Note III A,"4; SI 6, 9",—,"Both outcome models are stated for one fidelity (kernel) value κ: the Loschmidt Echo test assigns outcome 1 to the all-zero bitstring, which occurs with probability κ (p. 4; SI Eq. 17), and the SWAP test gives +1 with probability p₊ = 1/2 + κ/2 (p. 4; SI Eq. 46). The source writes no per-shot variance (A-08b), no parameter-shift gradient, no shot ratio and no exponent relation. Searched in the closure audit.","Added (ours): the kernel value replaced by a parametrised fidelity F(θ); parameter shift with one independent batch of M shots per shift; for row 32, an ensemble over θ in which S concentrates and the median log-slopes b_S and b_r exist (principal track §3 definitions); the medians of log₁₀S and log₁₀|r| must combine additively (e.g. linear trends in n with O(1) fluctuations), and the rule holds only to leading order as S → 0, so it is approximate.",The source is at the kernel (fidelity-estimate) level; no gradients and no landscape slopes.,These are the Stage 7 outcome models (B5_POTENTIAL_ISSUES numerical cross-check). The principal track's A2 proof cites the per-shot variances of paper B (B-18); A states the outcome models from which they follow in one line.,"The ratio identity, the exponent rule, the quantity r or b_r, or any gradient-level statement.","Published version (Nat. Commun. 15, 5200; online 2024-06-18) + Supplementary Information (MOESM1)",https://doi.org/10.1038/s41467-024-49287-w
A-NL33,thanasilp2024,Exponential concentration in quantum kernel methods,2024,C2,33,"P(correct | ĝ ≠ 0) → (1 + |r|)/2, r = (F₋ − F₊)/(F₊ + F₋), on arbitrary circuits — matrix row 33",NOT LOCATED,Whole article (main text + Supplementary Information),—,—,—,—,main 1–13; SI 1–51,—,"Not located in the reviewed version after searches for: conditional, non-zero estimate, single count, relative gradient, sign accuracy, Poisson thinning, (1 + |r|)/2. As for the product-circuit form (A-NL13), the article contains no gradient estimator. Searched in the closure audit.",—,As above.,—,Absence from the wider literature.,"Published version (Nat. Commun. 15, 5200; online 2024-06-18) + Supplementary Information (MOESM1)",https://doi.org/10.1038/s41467-024-49287-w
B-18,aghaeisaem2026,Pitfalls when tackling the exponential concentration of parameterized quantum models,2026,C5; C3,"31, 32","SWAP/Loschmidt shot-ratio identity for parameter-shift gradients and the exponent rule — matrix rows 31, 32",PARTIAL / IMPLIED,IV. Practical step-by-step guidelines,Subtlety regarding the choice of POVM,(12) + inline variances,Fig. 5,—,"9–10 (arXiv v2). Version of record: §4, p. 10","""These distinct forms of variance result in different statistical behaviors""","Per-shot variances Var^(SWAP) = 1 − F² and Var^(LE) = F(1 − F) are stated for the same fidelity, next to the resolution ratio ε_N of Eq. (12). The source forms no shot ratio, does not apply the variances to parameter-shift gradients and states no exponent relation (B-NL14b, B-NL17). The principal track's A2 proof of the ratio identity applies exactly these variances at the two shifts. Searched in the closure audit.","Added (ours): parameter shift with one independent batch per shift; for row 32, an ensemble over θ with median log-slopes b_S and b_r; the medians of log₁₀S and log₁₀|r| must combine additively (e.g. linear trends in n with O(1) fluctuations), and the rule holds only to leading order as S → 0, so it is approximate.",Fidelity level under a 2-design in the source; gradient level and slopes only via the added steps.,"Same implication as B-10c (rows 15, 16, 18), here for the general identity of the principal track rather than for the product-landscape bases.",The identity or the rule as stated results; the quantity r; any conditional sign law.,"arXiv:2507.22054v2 (2026-06-04); the identical passage was verified in the version of record (QST 11, 015049; 2026-01-30)",https://arxiv.org/abs/2507.22054v2
B-NL33,aghaeisaem2026,Pitfalls when tackling the exponential concentration of parameterized quantum models,2026,C2,33,P(correct | ĝ ≠ 0) → (1 + |r|)/2 on arbitrary circuits — matrix row 33,NOT LOCATED,Whole paper (main text + Appendices A–D),—,—,—,—,1–27 (arXiv v2); 1–24 (version of record),—,"Not located in the reviewed versions after searches for: conditional, non-zero, single count, relative gradient, sign accuracy, Poisson thinning, (1 + |r|)/2. The Loschmidt fixed distribution (0, 1) is stated (B-09a); what a non-zero Loschmidt estimate implies about the sign is not discussed. Searched in the closure audit.",—,As above.,—,Absence from the wider literature.,"arXiv:2507.22054v2 (2026-06-04); the version of record (QST 11, 015049) was also searched",https://arxiv.org/abs/2507.22054v2
C-NL31,arrasmith2021,Effect of barren plateaus on gradient-free optimization,2021,C5; C2,"31, 32, 33","Gradient-level readout shot ratio, exponent rule and general conditional sign law — matrix rows 31–33",NOT LOCATED,Whole paper (main text + App. A),—,—,—,—,1–12,—,"Not located in the reviewed version after searches for: ratio, readout, swap, Loschmidt, per-shot variance, slope, exponent, conditional, sign, relative gradient. The paper has no measurement model for its analytic result (C-02) and one local-cost readout in its numerics (C-04a). Searched in the closure audit.",—,As above.,—,Absence from the wider literature.,"Published version (Quantum 5, 558; 2021-10-05) = arXiv:2011.12245v2 file",https://doi.org/10.22331/q-2021-10-05-558
D-11,teo2023,Optimized numerical gradient and Hessian estimation for variational quantum algorithms,2023,C5; C3,"31, 32","SWAP/Loschmidt shot-ratio identity for parameter-shift gradients and the exponent rule — matrix rows 31, 32",RELATED BUT DIFFERENT,IV B; V A; App. C,App. C 1 Multinomial sampling distribution; App. C 2 Function estimation,"(13), (16)–(18), (C1), (C2)",—,App. C 1–C 2,5–6; 18–19,—,"Teo's model contains only ±1 (Pauli) per-shot variances, which correspond to the SWAP side of the identity (D-03b); the 0/1 projector readout is absent (D-NL02), so no ratio between two readouts can be formed from the source. Its exponent comparisons concern estimators (FD/GD/SPS vs PS) applied to the same measurements (D-05b), not readouts. Searched in the closure audit.",Two-design (TDS) circuit averages; Pauli observables.,Estimator comparison at a fixed readout.,Supplies the SWAP-side gradient variance structure only (B5_MATH_COMPARISON §8.2–§8.3).,"The ratio identity, the exponent rule or the Loschmidt-side variance.","arXiv:2206.12643v3 (2022-11-20; journal-ref Phys. Rev. A 107, 042421); APS version of record not inspected",https://arxiv.org/abs/2206.12643v3
D-NL33,teo2023,Optimized numerical gradient and Hessian estimation for variational quantum algorithms,2023,C2,33,P(correct | ĝ ≠ 0) → (1 + |r|)/2 on arbitrary circuits — matrix row 33,NOT LOCATED,Whole paper (main text + Appendices A–D),—,—,—,—,1–24 (arXiv v3),—,"Not located in the reviewed version after searches for: conditional, non-zero, single count, relative gradient, sign accuracy, Poisson thinning, (1 + |r|)/2. §VII mentions wrong update directions qualitatively (D-08a). Searched in the closure audit.",—,As above.,—,Absence from the wider literature.,"arXiv:2206.12643v3 (2022-11-20; journal-ref Phys. Rev. A 107, 042421); APS version of record not inspected",https://arxiv.org/abs/2206.12643v3
E-NL31,gentinetta2024,The complexity of quantum support vector machines,2024,C5; C2,"31, 32, 33","Gradient-level readout shot ratio, exponent rule and general conditional sign law — matrix rows 31–33",NOT LOCATED,Whole paper (main text + Appendices A–C),—,—,—,—,1–30,—,"Not located in the reviewed version after searches for: ratio, readout, swap, Loschmidt, slope, exponent in n, conditional, sign, relative gradient. The kernel readout is the all-zero frequency only (E-02); the ±1 readout of the approximate QSVM estimates a different quantity and is never compared with it (E-NL02). Searched in the closure audit.",—,As above.,—,Absence from the wider literature.,"Published version (Quantum 8, 1225; 2024-01-11) = arXiv:2203.00031v2 file",https://doi.org/10.22331/q-2024-01-11-1225
F-01,mari2021,Estimating the gradient and higher-order derivatives on quantum hardware,2021,C1; C3; C5,"7, 29","Finite-shot parameter-shift gradient estimator and its mean-squared error — matrix rows 7, 29",EXPLICIT,IV. Statistical estimation of derivatives,C. Parameter-shift gradient estimators; 1. The parameter-shift rule with maximum shift (s = π/2),"(25), (43)–(50)",—,—,"5, 7","""justified only if Assumption 1 is valid""","Each expectation value is estimated from N shots as f̂ = f + ε̂ with zero-mean noise of variance σ₀²/N, where σ₀² is the single-shot variance (Eq. 25). The parameter-shift estimator ĝ^(s) = [f̂(θ + s) − f̂(θ − s)]/(2 sin s) is unbiased (Eqs. 43–44) with Var = [σ₀²(θ_j + s) + σ₀²(θ_j − s)]/(4N sin² s) (Eq. 45), approximated by σ₀²/(2N sin² s) only under Assumption 1 (Eqs. 46–47). Under Assumption 1, Eq. (47) is minimised at s = π/2, which gives the estimator and MSE of Eqs. (48)–(50). The statistic is the MSE at a fixed parameter point (expectation over measurement outcomes only), not a circuit average.","Rotation-like gates with involutory generators (Eqs. 3–4); independent shot noise for the two shifted evaluations (implicit in Eq. 45); Assumption 1 only for the approximations (46), (47), (50).",Any expectation value; per-θ (fixed parameter) MSE.,"Eq. (45) at s = π/2, with N = M per shift, is the general form of Stage 7's gradient variances: σ₀² = F(1 − F) gives Var(ĝ_LE) and σ₀² = 1 − F² gives Var(ĝ_SWAP) (our substitution; checked against STAGE7.md §5–§6). As printed, Eq. (49) has denominator 2N where Eqs. (45), (48) and (50) imply 4N (B5_MARI_AUDIT.md §6); Stage 7 uses 4M.","Readout-specific single-shot variances, the estimator's distribution, zero or sign probabilities, or any n-scaling.","arXiv:2008.06517v2 (2021-02-26; journal-ref Phys. Rev. A 103, 012405 (2021)); = IRIS post-print; APS version of record not inspected",https://arxiv.org/abs/2008.06517v2
F-02,mari2021,Estimating the gradient and higher-order derivatives on quantum hardware,2021,C5,31,SWAP/Loschmidt shot-ratio identity for parameter-shift gradients — matrix row 31,RELATED BUT DIFFERENT,IV. Statistical estimation of derivatives,Assumption 1 (§IV B); C. Parameter-shift gradient estimators,"(25), (35), (36), (45)",—,—,5–7,"""depends on the specific details of the circuit and of the observable""","The single-shot variance σ₀² ""depends on the specific details of the circuit and of the observable"" (p. 5), and Eq. (45) keeps its values at the two shifts separate. Assumption 1 (p. 6) states that σ₀²(θ + x) + σ₀²(θ − x) ≈ 2σ₀² and notes that counter-examples exist for large shifts. No readout-specific σ₀² is given and no ratio between readouts is formed.",As F-01.,"General per-θ variance structure; the readout dependence enters only through σ₀², which the source leaves unspecified.","The identity's per-θ variance structure is printed here in general form. Our algebra: Assumption 1 is a sum condition. For the Loschmidt readout at small fidelity, σ₀²(θ_k + x) + σ₀²(θ_k − x) ≈ A(1 + cos θ_k cos x) while 2σ₀²(θ_k) ≈ A(1 + cos θ_k); at the parameter shift x = π/2 the sum is ≈ A, so the assumption fails by the factor (1 + cos θ_k) (a factor 2 at θ_k = 0) and holds only where cos θ_k ≈ 0. For the SWAP readout both sides are ≈ 2 and the assumption holds. Stage 7 uses Eq. (45)'s exact form.","The ratio identity, readout-specific variances or the exponent rule.","arXiv:2008.06517v2 (2021-02-26; journal-ref Phys. Rev. A 103, 012405 (2021)); = IRIS post-print; APS version of record not inspected",https://arxiv.org/abs/2008.06517v2
F-03,mari2021,Estimating the gradient and higher-order derivatives on quantum hardware,2021,C3; C5,14a,Same-objective Loschmidt vs SWAP comparison at the fidelity level — matrix row 14a,RELATED BUT DIFFERENT,III. Parameter-shift rules,C. Fubini-Study metric tensor,(14)–(18),—,—,3–4,"""either with a swap-test, or more simply""","The metric tensor is written as a Hessian of the survival probability |⟨ψ(θ′)|ψ(θ)⟩|², whose parameter-shift rule is Eq. (16); the survival probability can be estimated either with a swap test or, more simply, as the probability of the 00…0 bitstring after measuring the state printed as U(θ′)U(θ)|0⟩ [sic, no dagger] (p. 3). The two readouts are named as alternatives; their statistics are not compared.",Pure states; rotation-like gates.,Metric-tensor estimation from fidelities at shifted parameters.,"The same two readouts of a parameter-shifted fidelity that Stage 7 compares, named here as alternatives without statistics.","A comparison of the two readouts' variances, shots or failure modes.","arXiv:2008.06517v2 (2021-02-26; journal-ref Phys. Rev. A 103, 012405 (2021)); = IRIS post-print; APS version of record not inspected",https://arxiv.org/abs/2008.06517v2
F-04,mari2021,Estimating the gradient and higher-order derivatives on quantum hardware,2021,C1,12,Exact difference-of-binomials law of the finite-shot gradient — matrix row 12,RELATED BUT DIFFERENT,IV. Statistical estimation of derivatives,—,"(25), (43)",—,—,"5, 7",—,"The finite-shot estimate is modelled as f̂ = f + ε̂ with ε̂ a zero-mean random variable of variance σ₀²/N (Eq. 25), and the gradient estimate as g + (ε̂₊ − ε̂₋)/(2 sin s) (Eq. 43). Only moments up to second order are used.",—,Moments only.,Stage 5–7 use the exact law of the same estimator (difference of two binomial counts). F gives its moments only.,"The pmf, the tie probability, or zero/sign probabilities.","arXiv:2008.06517v2 (2021-02-26; journal-ref Phys. Rev. A 103, 012405 (2021)); = IRIS post-print; APS version of record not inspected",https://arxiv.org/abs/2008.06517v2
F-05,mari2021,Estimating the gradient and higher-order derivatives on quantum hardware,2021,C1; C4,"10, 11, 23","Exact gradient P_correct, P_wrong and component sign accuracy — matrix rows 10, 11, 23",RELATED BUT DIFFERENT,VI. Numerical and hardware experiments,C. Optimization,—,Fig. 4,—,12–13,"""the gradient direction is clearly still prone to error""","On hardware, the optimiser approaches the expected minimum even though the cost function available on the device is noisy, which the authors read as the gradient direction still being an accessible signal; the hardware paths differ from the ideal simulated path, so the direction is prone to error. The N = 10 run approaches the minimum with far fewer circuit evaluations but oscillates around it. Stated qualitatively; no probability is computed.","5-qubit circuit (Fig. 1), two trainable parameters, ibmq_burlington and ibmq_valencia hardware, η = 0.4.",Qualitative; one small problem with device noise; not a barren plateau.,"Qualitative counterpart of Stage 7's exact sign probabilities (§9, §14).","Any sign probability, conditional sign law or readout dependence.","arXiv:2008.06517v2 (2021-02-26; journal-ref Phys. Rev. A 103, 012405 (2021)); = IRIS post-print; APS version of record not inspected",https://arxiv.org/abs/2008.06517v2
F-06,mari2021,Estimating the gradient and higher-order derivatives on quantum hardware,2021,C4,24,Matched-start finite-shot optimisation trajectories — matrix row 24,EXPLICIT,V. First- and second-order optimization (Eq. 63); VI. Numerical and hardware experiments,V A. Gradient descent optimizer; VI C. Optimization,(63),"Fig. 4 (A1), (A2)","App. A 4 (Fig. 9, simulator)",9 (Eq. 63); 12–13; 15–17,"""The starting point of the optimizer is""","Gradient descent runs with N = 10, 100 and 1000 shots per expectation value on hardware all start from (θ₁, θ₂) = (0.1, 0.15); Fig. 4 (A2) overlays their paths with the path of gradient descent using exact expectation values (dashed line), and (A1) plots cost against total circuit evaluations. The Newton and diagonal-Newton runs (row B) use the same start with N = 1000.",η = 0.4; two trainable parameters; device noise present.,"One 2-parameter, 5-qubit problem; no barren plateau; one readout (σ_z on one qubit); no signal-free random-walk control; costs, not fidelity endpoints.","Matched starts across shot budgets with an exact-gradient reference, as in Stage 7 §17, but without a signal-free control, a readout comparison or a barren plateau.","Random-walk behaviour, a signal-free control, or barren-plateau trajectory statistics.","arXiv:2008.06517v2 (2021-02-26; journal-ref Phys. Rev. A 103, 012405 (2021)); = IRIS post-print; APS version of record not inspected",https://arxiv.org/abs/2008.06517v2
F-07,mari2021,Estimating the gradient and higher-order derivatives on quantum hardware,2021,C3,30,Critical copy number (estimator crossover) — matrix row 30,EXPLICIT,VI. Numerical and hardware experiments; App. A,A. Estimating the gradient; App. A 2 Estimating the gradient,"(38), (39)","Fig. 2, Fig. 5, Fig. 6",App. A 2,"6, 11, 15","""the parameter-shift method has the lower MSE for N > 50 shots""","With the optimal finite-difference step h* ∝ N^(−1/6) (Eq. 38) the finite-difference MSE scales as N^(−2/3) (Eq. 39); in simulation of the Fig. 1 circuit the parameter-shift estimator has the lower MSE for N > 50 shots, and Fig. 6 marks the crossover point at N ≈ 50. For low shot numbers the scaled parameter-shift estimator can also be used (p. 11).",Assumption 1; one fixed parameter point (Eq. A1); simulator with 1000 repetitions.,One 5-qubit circuit at one θ; no n-dependence.,The fixed-θ precursor of Teo's circuit-averaged N_* (D-06; Teo's ref. [61] is this paper). Not a resolution threshold and not readout dependent.,"An n-scaling of the crossover, a required-shot exponent or readout dependence.","arXiv:2008.06517v2 (2021-02-26; journal-ref Phys. Rev. A 103, 012405 (2021)); = IRIS post-print; APS version of record not inspected",https://arxiv.org/abs/2008.06517v2
F-08,mari2021,Estimating the gradient and higher-order derivatives on quantum hardware,2021,F-H,26,Limits of classical post-processing / mitigation (fact H) — matrix row 26,RELATED BUT DIFFERENT,IV. Statistical estimation of derivatives,C 2. Scaled parameter-shift gradient estimator,(51)–(57),—,—,7,"""could potentially be helpful when faced with the so-called barren plateau""","When the gradient is much smaller than the statistical error, the optimal scaling λ* = 1/(1 + Var/g²) (Eq. 55) is much smaller than 1, so the scaled estimator can reduce the MSE; the authors envisage that it could help on barren plateaus and note that λ* can be absorbed into the learning rate. It is a proposal, not a limit.",λ* known (it depends on the unknown g).,Estimator design; MSE only.,"Background to Teo 2023 (D-05a) and to the rescaled-gradient method that Aghaei Saem et al. examine (B-13, B-17). Stage 7 does not use scaled estimators.","Any limit on post-processing, or that scaling improves trainability (contrast D-08b, B-13).","arXiv:2008.06517v2 (2021-02-26; journal-ref Phys. Rev. A 103, 012405 (2021)); = IRIS post-print; APS version of record not inspected",https://arxiv.org/abs/2008.06517v2
F-09,mari2021,Estimating the gradient and higher-order derivatives on quantum hardware,2021,F-A; F-E,"1, 5",Fidelity exponential concentration (row 1); exponential finite-shot measurement burden (row 5),RELATED BUT DIFFERENT,IV. Statistical estimation of derivatives,C 2. Scaled parameter-shift gradient estimator,—,—,—,7,—,"Citing McClean et al. [31], the typical gradient magnitude of a random circuit decays exponentially with the number of qubits; the text then discusses the regime where the gradient is much smaller than the statistical error (Var ≫ g). No shot count, base or fidelity concentration is stated.",—,One-sentence background remark.,Background only.,"Fidelity concentration, an exponential shot requirement or readout dependence.","arXiv:2008.06517v2 (2021-02-26; journal-ref Phys. Rev. A 103, 012405 (2021)); = IRIS post-print; APS version of record not inspected",https://arxiv.org/abs/2008.06517v2
F-10,mari2021,Estimating the gradient and higher-order derivatives on quantum hardware,2021,C3,29,Gradient-estimator mean-squared error (finite shots) — matrix row 29,EXPLICIT,IV. Statistical estimation of derivatives,B. Finite-difference gradient estimator; C 2. Scaled parameter-shift gradient estimator; D. Comparison between analytic and finite-difference gradient estimators,"(33)–(42), (51)–(62)","Fig. 2, Fig. 6",App. A 2,5–9; 11; 15–16,—,"Central-difference MSE σ₀²/(2Nh²) + f₃²h⁴/36 (Eq. 37) with optimal h* and N^(−2/3) error (Eqs. 38–39), forward-difference analogues (Eqs. 40–42), scaled parameter-shift bias/variance/MSE and optimal λ* (Eqs. 51–57). Eqs. (58)–(60) compare the finite-difference and unscaled parameter-shift estimators, and Eqs. (61)–(62) show that the optimally scaled parameter-shift estimator has the smaller MSE of the three. All at a fixed parameter point.",Assumption 1 for Eqs. (36)–(42); λ* requires the unknown g.,Per-θ MSE; estimator comparison at a fixed readout.,The fixed-θ counterparts of Teo's circuit-averaged MSEs (D-05a). Stage 7 uses the unscaled estimator at s = π/2 only.,"Readout dependence, distributions or n-scaling.","arXiv:2008.06517v2 (2021-02-26; journal-ref Phys. Rev. A 103, 012405 (2021)); = IRIS post-print; APS version of record not inspected",https://arxiv.org/abs/2008.06517v2
F-11,mari2021,Estimating the gradient and higher-order derivatives on quantum hardware,2021,C4,21,Gradient norm inflation — matrix row 21,RELATED BUT DIFFERENT,IV. Statistical estimation of derivatives,A. Quantifying the error of a statistical estimator; C. Parameter-shift gradient estimators,"(29), (44)",—,—,"5, 7",—,"The total error of the full gradient estimate is the sum of the component MSEs, Δ(ĝ) = E‖ĝ − g‖² (Eq. 29), and the parameter-shift estimator is unbiased (Eq. 44). The source states no norm comparison.",Unbiased components.,Mean-square (expectation) statement at a fixed θ.,"A mean-square analogue of Stage 7's SWAP norm inflation (median ‖ĝ‖/‖g‖ ≈ 10^4.5 at n = 12, M = 1024), like Teo's circuit-averaged Eq. (18) (D-04); the source makes no barren-plateau norm statement.","A per-θ median norm ratio, readout dependence or barren-plateau scaling.","arXiv:2008.06517v2 (2021-02-26; journal-ref Phys. Rev. A 103, 012405 (2021)); = IRIS post-print; APS version of record not inspected",https://arxiv.org/abs/2008.06517v2
F-NL02,mari2021,Estimating the gradient and higher-order derivatives on quantum hardware,2021,C3,"2, 3, 4, 14b, 15, 16, 17, 18",Readout-specific estimator behaviour and readout-dependent shot exponents,NOT LOCATED,Whole paper (main text + App. A),—,—,—,—,1–17 (arXiv v2),—,"Not located in the reviewed version after searches for: Loschmidt, echo, swap test (only the p. 3 alternative, F-03), bit string, zero estimate, coin, readout variance, F(1 − F), 1 − F², exponent, scaling with qubits, 4^n, 16^n. σ₀² is left unspecified (F-02).",—,As above.,—,Absence from the wider literature.,"arXiv:2008.06517v2 (2021-02-26; journal-ref Phys. Rev. A 103, 012405 (2021)); = IRIS post-print; APS version of record not inspected",https://arxiv.org/abs/2008.06517v2
F-NL09,mari2021,Estimating the gradient and higher-order derivatives on quantum hardware,2021,C1; C2,"9, 13, 19, 33","P(ĝ = 0), full-vector zero probability, and conditional Loschmidt sign laws (product and general form)",NOT LOCATED,Whole paper (main text + App. A),—,—,—,—,1–17 (arXiv v2),—,"Not located in the reviewed version after searches for: zero, exactly zero, tie, binomial, Poisson, probability, conditional, non-zero, sign, relative gradient. The analysis uses MSEs (second moments) only. ""Exactly zero"" occurs only for the fifth gradient component of the fixed example (p. 15), a property of the circuit, not of an estimate.",—,As above.,—,Absence from the wider literature.,"arXiv:2008.06517v2 (2021-02-26; journal-ref Phys. Rev. A 103, 012405 (2021)); = IRIS post-print; APS version of record not inspected",https://arxiv.org/abs/2008.06517v2
F-NL20,mari2021,Estimating the gradient and higher-order derivatives on quantum hardware,2021,C4,"6, 8, 20, 22, 25","Outcome-level distinguishability, random-walk behaviour, full-vector metrics and signal-free controls",NOT LOCATED,Whole paper (main text + App. A),—,—,—,—,1–17 (arXiv v2),—,"Not located in the reviewed version after searches for: hypothesis test, distinguish, random walk, cosine, angle, alignment, norm of the estimate, random baseline, control. Eq. (29) defines the total MSE of the full gradient vector (a sum of component MSEs), not a direction statistic (its norm consequence is recorded in F-11); the N = 10 hardware run is said to oscillate around the minimum, without a random-walk analysis.",—,As above.,—,Absence from the wider literature.,"arXiv:2008.06517v2 (2021-02-26; journal-ref Phys. Rev. A 103, 012405 (2021)); = IRIS post-print; APS version of record not inspected",https://arxiv.org/abs/2008.06517v2
F-NL27,mari2021,Estimating the gradient and higher-order derivatives on quantum hardware,2021,CTX; C5,"27, 28, 32","Stage 3–7 landscape family, Stage 6 parity benchmark, and the exponent rule b_SW = b_LE + b_S",NOT LOCATED,Whole paper (main text + App. A),—,—,—,—,1–17 (arXiv v2),—,"Not located in the reviewed version after searches for: product state, fidelity landscape, global Z, parity, slope, exponent, scaling with qubits. The Fig. 1 circuit has five R_X rotations, an entangling CNOT block and a σ_z measurement on one qubit; no n-dependence is studied. ""Parity"" occurs only as the parity of a shift vector in Eq. (21), and exponential scaling with qubits only in the background barren-plateau remark (F-09).",—,As above.,—,Absence from the wider literature.,"arXiv:2008.06517v2 (2021-02-26; journal-ref Phys. Rev. A 103, 012405 (2021)); = IRIS post-print; APS version of record not inspected",https://arxiv.org/abs/2008.06517v2
G-01,miranskyy2025,The Cost of Certainty: Shot Budgets in Quantum Program Testing,2025,C3; C5,14a,Same-objective Loschmidt vs SWAP comparison at the fidelity level — matrix row 14a,EXPLICIT,"Abstract; 3 Practical shot estimates: inverse, swap, and chi-square tests; 4 Impact of noise on shot estimates for inverse and swap tests; 6.1 Summary of results; 7 Conclusions",3.1.1 Ideal quantum computer (inverse); 3.2.1 Ideal quantum computer (swap); 3.4 Comparison of methods,"(8), (10), (11)",Fig. 2,"App. C, App. D","1–2, 6–9, 13–15, 21–22, 28–30","""the swap test requires about twice as many shots""","For distinguishing an actual from an expected pure state at error probability P_e, the inverse test needs N ≲ ln P_e / ln F (Eq. 8) and the swap test N ≲ ln P_e / ln[(1 + F)/2] (Eq. 11), from the quantum Chernoff bound with Q = F and Q = (1 + F)/2 (App. C, App. D). Their ratio ln F / ln[(1 + F)/2] = 2 − (F − 1)/2 + O((F − 1)²) → 2 as F → 1 (p. 9); Examples 3.3–3.4 give 9208 vs 4603 shots at F = 0.999 and 919 vs 458 at F = 0.99 (P_e = 0.01). The factor-of-two overhead is said to persist under noise (§4, p. 15).","Pure states; ideal device for §3.1.1/§3.2.1 (κ ∈ [1, 2] for noise); asymptotic QCB estimate; high-fidelity regime (F ∈ [0.9, 0.995] in Fig. 2).","Detection (testing) shot counts near F = 1; not estimator variances, not gradients, not concentrated landscapes.","The same two readouts compared on one fidelity, at the opposite end of the fidelity range from Stage 7 (F ≈ 1 vs F ≈ 0) and with a different statistic (detection error probability vs estimator variance). Our algebra: the detection ratio and the per-shot variance ratio (1 + F)/F agree at F → 1 (both 2) and differ elsewhere, e.g. 2.41 vs 3 at F = 0.5 and 3.85 vs 11 at F = 0.1 (B5_MATH_COMPARISON §9).","Estimator-variance ratios, gradient-level ratios, exponents in n, or behaviour under concentration.","arXiv:2510.22418v1 (2025-10-25); single version, no journal reference",https://arxiv.org/abs/2510.22418v1
G-02,miranskyy2025,The Cost of Certainty: Shot Budgets in Quantum Program Testing,2025,C5; C3,"4, 31, 32","Different Loschmidt / SWAP estimator variances (row 4); SWAP/Loschmidt shot-ratio identity and exponent rule (rows 31, 32)",PARTIAL / IMPLIED,"3 Practical shot estimates: inverse, swap, and chi-square tests; App. C; App. D",3.1 Inverse test; 3.2 Swap test,"(10), (30)",—,"App. C, App. D","6, 8, 28–30","""the probability of measuring the all-zero outcome equals the fidelity""","The inverse test returns the all-zero bitstring with probability equal to the fidelity (p. 6; App. C, Eq. 30) and the swap-test ancilla returns 0 with probability 1/2 + F/2 (Eq. 10; App. D). The source uses these only for detection bounds; it writes no estimator variance, no gradient and no n-scaling.","Added (ours): fidelity estimation (not detection); parameter shift with independent batches; for row 32, a concentrated ensemble over θ with median log-slopes; the medians of log₁₀S and log₁₀|r| must combine additively (e.g. linear trends in n with O(1) fluctuations), and the rule holds only to leading order as S → 0, so it is approximate.",Outcome models only; testing context near F = 1.,Same outcome models as Stage 7 §5–§6.,"The variances, the identity or the rule as stated results.","arXiv:2510.22418v1 (2025-10-25); single version, no journal reference",https://arxiv.org/abs/2510.22418v1
G-03,miranskyy2025,The Cost of Certainty: Shot Budgets in Quantum Program Testing,2025,C1,9,Exact gradient P_zero — matrix row 9,RELATED BUT DIFFERENT,"3 Practical shot estimates: inverse, swap, and chi-square tests",3.1.1 (footnote 2); 3.2.1 (footnote 3),—,—,—,"6, 8","""We accept the test only if every trial yields a zero-string""","The probability that every one of N inverse-test shots returns the all-zero string is F^N, and that every swap-test shot returns ancilla 0 is [(1 + F)/2]^N; requiring these to be at most P_e gives N ≥ ln P_e / ln F and N ≥ ln P_e / ln[(1 + F)/2].",Pure states; independent shots.,"Exact finite-shot event probabilities at the fidelity level, for the event ""every shot accepts"" (the Loschmidt-estimate-equals-one event).","The opposite event to Stage 7's Loschmidt zero estimate, whose probability is (1 − F)^M (Thanasilp A-06a). No gradient-level zero probability.",P(ĝ = 0) or zero-estimate probabilities.,"arXiv:2510.22418v1 (2025-10-25); single version, no journal reference",https://arxiv.org/abs/2510.22418v1
G-04,miranskyy2025,The Cost of Certainty: Shot Budgets in Quantum Program Testing,2025,C3,6,Outcome-distribution distinguishability framework — matrix row 6,RELATED BUT DIFFERENT,2 Theoretical foundations for shot estimation; App. A; App. B,2.1 Quantum Chernoff bound; 2.2 Fidelity,(1)–(7),Fig. 1,"App. A, App. B","3–5, 27–29",—,"Shot counts for distinguishing two states follow from the quantum Chernoff bound, P_e ∼ exp(−Nξ_QCB) with ξ_QCB = −ln Q(ρ, σ) (Eq. 1), giving N ∼ ln P_e / ln Q (Eq. 2); for pure or pure-mixed pairs Q = F (Eqs. 4–5), with bounds for mixed pairs (Eqs. 6–7).",Asymptotic (N → ∞) QCB estimate.,"State discrimination (testing), not concentration-induced indistinguishability over a landscape.",A different distinguishability framework from A's and B's 1-norm hypothesis tests; Stage 7 §15 uses per-shot TV and Hellinger distances between the two shifted outcome distributions.,Statements about concentration or gradients.,"arXiv:2510.22418v1 (2025-10-25); single version, no journal reference",https://arxiv.org/abs/2510.22418v1
G-05,miranskyy2025,The Cost of Certainty: Shot Budgets in Quantum Program Testing,2025,F-C,3,SWAP estimator random / data-independent limit — matrix row 3,RELATED BUT DIFFERENT,"3 Practical shot estimates: inverse, swap, and chi-square tests",3.2 Swap test,(10),—,—,8,"""the swap test always retains a 0.5 baseline acceptance probability""","Unlike the inverse test, which rejects orthogonal states with certainty, the swap test accepts orthogonal states with probability 0.5.",—,The F = 0 endpoint of the swap-test outcome model; no concentration or estimator statement.,"The ½-centred outcome probability behind Stage 7's SWAP failure mode, stated here for orthogonal states.","Indistinguishability from a null, random signs or random-walk behaviour.","arXiv:2510.22418v1 (2025-10-25); single version, no journal reference",https://arxiv.org/abs/2510.22418v1
G-06,miranskyy2025,The Cost of Certainty: Shot Budgets in Quantum Program Testing,2025,F-E,5,Exponential finite-shot measurement burden — matrix row 5,RELATED BUT DIFFERENT,2 Theoretical foundations for shot estimation,"2.2.1 Comparison of N_pure, N_pure-mixed, and N_mixed","(5), (7)",Fig. 1,—,4–5,"""As F → 1, the required N grows exponentially""","The shot count needed to distinguish two states diverges as the fidelity approaches 1 (described as exponential growth, p. 5 and Fig. 1 caption) and approaches one shot as F → 0.",Pure or pure-mixed states; asymptotic QCB estimate.,Detection near F = 1 as a function of F; no system-size dependence and no concentration.,A different shot burden (resolving a fidelity close to 1) from Stage 7's (resolving exponentially small fidelity differences).,An exponential shot requirement in the number of qubits or under concentration.,"arXiv:2510.22418v1 (2025-10-25); single version, no journal reference",https://arxiv.org/abs/2510.22418v1
G-NL01,miranskyy2025,The Cost of Certainty: Shot Budgets in Quantum Program Testing,2025,C1; C2; C3; C4; F-A; F-B; CTX,"1, 2, 7, 8, 10, 11, 12, 13, 14b, 15, 16, 17, 18, 19, 20, 21, 22, 23, 24, 25, 26, 27, 28, 29, 30, 33","Remaining matrix items (concentration, gradient-level statistics, exponents, trajectories, context)",NOT LOCATED,Whole paper (main text + Appendices A–D),—,—,—,—,1–30,—,"Not located in the reviewed version after searches for: barren plateau, concentration, gradient, parameter shift, variance, zero estimate, sign, conditional, random walk, trajectory, exponent in n, qubits scaling, 4^n, 16^n, crossover, mean squared error. Shot counts are functions of F and P_e; their divergence as F → 1 is recorded under row 5 (G-06), the Bures-angle budget N_j = O(θ_j^(−2)) (§5) is not a concentration statement, and the paper studies no landscape or optimisation.",—,As above.,—,Absence from the wider literature.,"arXiv:2510.22418v1 (2025-10-25); single version, no journal reference",https://arxiv.org/abs/2510.22418v1
H-01,zhan2025,Experimental benchmarking of quantum state overlap estimation strategies with photonic systems,2025,C3; C5; F-D,4,Different Loschmidt / SWAP estimator variances — matrix row 4,EXPLICIT,"Results; Materials and methods; SI II F, III A, IV, V",Overlap-dependent precision of strategies; Precision of joint measurement strategies; SI V Overlap estimation with a known state,"(3), (9), (10); SI (S72), (S80), (S112)",Fig. 2,"SI III A, SI V","4–5, 9; SI 14, 17, 23","""The average variance through projection-based overlap estimation with a known state is given by""","With one state known, projecting N copies of the other onto it gives Bin(k, N, c) counts, estimator k/N and variance v_proj = c(1 − c)/N (SI p. 23; the same projection term appears as Eq. 3, p. 5, and SI Eq. S72). The Schur collective measurement (SCM) has p₋ = (1 − c)/2 (Eq. 9), estimator 1 − 2k/N and variance (1 − c²)/N (Eq. 10, p. 9; Table 1, p. 4); the ideal optical swap test has the same law and variance (SI Eq. S80, p. 17; SI p. 23). The paper calls SCM and OST two realisations of the destructive swap test (p. 5).",Pure states; independent copies; asymptotic (large-N) unbiased estimators.,"Overlap (fidelity) estimation between two states; qubits in the experiment, general d in the SI; no gradients and no concentration.","These are Stage 7's per-shot variances: the known-target projection is the Loschmidt readout (F(1 − F)) and the SCM/OST is the destructive form of the SWAP test (1 − F²), in a paper published 2025-02-12 (arXiv v1 2024-06-10), earlier than paper B's version of record (2026-01-30), which contains the same pair (B-10a).","Gradient-level variances, shot ratios for gradients, or any statement under concentration.","Published version (Light Sci. Appl. 14, 83; 2025-02-12) + published Supplementary Information (MOESM1); arXiv:2406.06810v1 cross-checked",https://doi.org/10.1038/s41377-025-01755-8
H-02,zhan2025,Experimental benchmarking of quantum state overlap estimation strategies with photonic systems,2025,C3; C5,14a,Same-objective Loschmidt vs SWAP comparison at the fidelity level — matrix row 14a,EXPLICIT,Results; Discussion,Overlap-dependent precision of strategies; Adaptive overlap estimation strategy,"(1)–(3), (10)","Fig. 2, Fig. 3, Fig. 4","SI II E, SI V","1, 4–8; SI 23–24","""they achieve lower precision for small c but higher precision for large c""","For the same overlap c, the four strategies (tomography–tomography, tomography–projection, SCM, optical swap test) are compared analytically and in a photonic experiment (N = 900 copies, 11 overlaps, Fig. 2). The joint (swap-type) strategies have lower precision at small c and higher precision at large c than the tomography-based ones; TP and SCM cross at c_t = 4/11 (p. 6), which motivates an adaptive TP/SCM strategy (Fig. 4). The TP variance includes a tomography term 2κc(1 − c)/N (Eq. 2) on top of the projection term.",Qubit pairs Haar-sampled at fixed overlap (Eq. 1); MUB tomography for TT/TP; experimental imperfections (Γ = 0.965) for OST.,"Overlap estimation; fixed c; no gradients, no landscape and no concentration.","A fidelity-level comparison of a projection readout and swap-type readouts of the same overlap, with the swap-type variance larger at small overlap. With a known target (no tomography term), the variance ratio is (1 + c)/c ≥ 2 (our algebra).","Gradient-level comparisons, exponents or failure modes under concentration.","Published version (Light Sci. Appl. 14, 83; 2025-02-12) + published Supplementary Information (MOESM1); arXiv:2406.06810v1 cross-checked",https://doi.org/10.1038/s41377-025-01755-8
H-03,zhan2025,Experimental benchmarking of quantum state overlap estimation strategies with photonic systems,2025,C5; C3,"31, 32","SWAP/Loschmidt shot-ratio identity for parameter-shift gradients and the exponent rule — matrix rows 31, 32",PARTIAL / IMPLIED,Results; Materials and methods; SI V,Overlap-dependent precision of strategies; Precision of joint measurement strategies; SI V Overlap estimation with a known state,"(3), (10)",—,SI V,"5, 9; SI 23",—,"The source gives the per-copy variances of the projection (known target) and swap-type estimators of one overlap (H-01) and compares their precision (H-02). It does not consider parameter shifts, gradients, shot ratios for gradients or scaling with system size under concentration.","Added (ours): parametrised fidelity F(θ) with known target; parameter shift with independent batches; for row 32, a concentrated ensemble over θ with median log-slopes; the medians of log₁₀S and log₁₀|r| must combine additively (e.g. linear trends in n with O(1) fluctuations), and the rule holds only to leading order as S → 0, so it is approximate.",Overlap level in the source.,"One of four sources (with A, B and G) whose printed per-shot statistics supply the ingredients of the principal track's identity.",The identity or the rule as stated results.,"Published version (Light Sci. Appl. 14, 83; 2025-02-12) + published Supplementary Information (MOESM1); arXiv:2406.06810v1 cross-checked",https://doi.org/10.1038/s41377-025-01755-8
H-04,zhan2025,Experimental benchmarking of quantum state overlap estimation strategies with photonic systems,2025,C1,12,Exact difference-of-binomials law of the finite-shot gradient — matrix row 12,RELATED BUT DIFFERENT,SI II E; SI V,Numerical results of average variance for TT and TP strategies; Overlap estimation with a known state,(S54),—,"SI II D, SI V","SI 11, 23","""follows a binomial distribution Bin(k, N, c)""","The number of successful projections onto the known state follows Bin(k, N, c) (SI p. 23); with a tomographic estimate the projection count law is Eq. (S54). The law of a single overlap estimate is written; no difference of two counts is considered.",Independent copies.,Single overlap estimate.,One of the two binomials whose difference is Stage 7's Loschmidt gradient estimator.,"The difference-of-binomials law, ties, or zero/sign probabilities.","Published version (Light Sci. Appl. 14, 83; 2025-02-12) + published Supplementary Information (MOESM1); arXiv:2406.06810v1 cross-checked",https://doi.org/10.1038/s41377-025-01755-8
H-05,zhan2025,Experimental benchmarking of quantum state overlap estimation strategies with photonic systems,2025,C3,29,Gradient-estimator mean-squared error (finite shots) — matrix row 29,RELATED BUT DIFFERENT,Results; SI I,Overlap estimation strategy performance assessment,"(1); SI (S1), (S5)",—,SI I,2; SI 2,—,"Precision is the mean squared error of the overlap estimate, averaged over Haar-random qubit pairs with fixed overlap c and over the measurement outcomes; it scales as 1/N, so the scaled variance N v_s(c) is the figure of merit.",—,"Overlap estimators, not gradient estimators.","A different object (overlap, not gradient); for the projection and swap-type strategies the variance depends only on c, so the average is per-overlap.",Any gradient MSE.,"Published version (Light Sci. Appl. 14, 83; 2025-02-12) + published Supplementary Information (MOESM1); arXiv:2406.06810v1 cross-checked",https://doi.org/10.1038/s41377-025-01755-8
H-06,zhan2025,Experimental benchmarking of quantum state overlap estimation strategies with photonic systems,2025,C3,"5, 18",Exponential finite-shot measurement burden (row 5); measurement scheme changing the resolution exponent (row 18),RELATED BUT DIFFERENT,Results; SI II F–G; SI V,Overlap estimation of high-dimensional states; Extending the SCM strategy to qudits,"(4), (8); SI (S71)–(S75), (S119)",—,"SI II F–G, SI V","6–7, 9; SI 14–15, 25","""maintaining precision independent of d""","For n-qubit states with only local measurements for tomography, the tomography-based strategies acquire a dimension-dependent average variance, while SCM and OST keep precision independent of d, v_scm = (1 − c²)/N (p. 7; SI p. 25, Eq. S119). The size of the dimension factor is stated inconsistently: SI Eq. (S75) and main-text Eq. (4) with κ_loc = O(4ⁿ n) give O(2ⁿ n c(1 − c)/N), while the main text on p. 7 writes O(4ⁿ n c(1 − c)/N) (our reading; no effect on the comparison).",Sufficient-copy regime N ≫ d; local-measurement tomography with κ_loc = O(4ⁿ n).,"The exponential factor comes from tomography of an unknown state, not from concentration; overlap level.","A measurement-dependent dimension scaling of overlap precision, by a different mechanism from Stage 7's (tomography cost vs concentrated outcome probabilities).","Shot exponents for gradients, or concentration-driven readout dependence.","Published version (Light Sci. Appl. 14, 83; 2025-02-12) + published Supplementary Information (MOESM1); arXiv:2406.06810v1 cross-checked",https://doi.org/10.1038/s41377-025-01755-8
H-07,zhan2025,Experimental benchmarking of quantum state overlap estimation strategies with photonic systems,2025,C3,6,Outcome-distribution distinguishability framework — matrix row 6,RELATED BUT DIFFERENT,Results; Materials and methods; SI III D,Overlap-dependent precision of strategies; Precision of joint measurement strategies,"(9)–(12); SI (S97), (S98)",Fig. 2 (b),SI III D,"5, 9; SI 21",—,"The normalised Fisher information per state pair is computed for each strategy (Fig. 2b); the SCM has I_scm = 1/(1 − c²), its estimator saturates the Cramér–Rao bound, and its Fisher information approaches the quantum Fisher information at large overlap.",Large-N (asymptotic) estimation.,Local estimation precision of one overlap.,Estimation-theoretic counterpart of the information-distance view of Stage 7 §15; not a hypothesis-testing or indistinguishability statement.,Concentration-induced indistinguishability or gradient-level statements.,"Published version (Light Sci. Appl. 14, 83; 2025-02-12) + published Supplementary Information (MOESM1); arXiv:2406.06810v1 cross-checked",https://doi.org/10.1038/s41377-025-01755-8
H-NL01,zhan2025,Experimental benchmarking of quantum state overlap estimation strategies with photonic systems,2025,C1; C2; C3; C4; F-A; F-B; CTX,"1, 2, 3, 7, 8, 9, 10, 11, 13, 14b, 15, 16, 17, 19, 20, 21, 22, 23, 24, 25, 26, 27, 28, 30, 33","Remaining matrix items (concentration, gradient-level statistics, exponents, trajectories, context)",NOT LOCATED,Whole paper (main text + Supplementary Information),—,—,—,—,1–12; SI 1–26,—,"Not located in the reviewed version after searches for: barren plateau, concentration, gradient, parameter shift, zero estimate, sign, conditional, random walk, trajectory, crossover, exponent, 4^n, 16^n. The swap-type outcome probability p₋ = (1 − c)/2 tends to 1/2 as c → 0 (Eq. 9), but no null-distribution or indistinguishability statement is made; the projection estimate's zero event is not discussed. The terms ""exponential"", ""4ⁿ"" and ""crossover"" do occur in other senses: the exponential tomography cost in d (p. 7; SI p. 15, κ_loc = O(4ⁿ n)) and the TP/SCM crossover c_t = 4/11 (p. 6), recorded in H-06 and H-02; none matches these rows' targets.",—,As above.,—,Absence from the wider literature.,"Published version (Light Sci. Appl. 14, 83; 2025-02-12) + published Supplementary Information (MOESM1); arXiv:2406.06810v1 cross-checked",https://doi.org/10.1038/s41377-025-01755-8
