total_executions,M_internal,g_true,g_hat,prob
32,8,-4.789643272205646e-06,-1.142857142857143,4.564724952424526e-06
32,8,-4.789643272205646e-06,-1.107142857142857,1.4607122553883021e-05
32,8,-4.789643272205646e-06,-1.071428571428571,1.168570020800605e-05
32,8,-4.789643272205646e-06,-1.0,7.3035653361293295e-06
32,8,-4.789643272205646e-06,-0.964285714285714,1.1685706702706558e-05
32,8,-4.789643272205646e-06,-0.892857142857143,7.303060824279752e-05
32,8,-4.789643272205646e-06,-0.857142857142857,0.00023661941797133764
32,8,-4.789643272205646e-06,-0.821428571428571,0.00018904516125974307
32,8,-4.789643272205646e-06,-0.785714285714286,3.3387764363464917e-06
32,8,-4.789643272205646e-06,-0.75,0.0001168490597785598
32,8,-4.789643272205646e-06,-0.714285714285714,0.00044255318212885756
32,8,-4.789643272205646e-06,-0.678571428571429,1.6693891459876046e-06
32,8,-4.789643272205646e-06,-0.678571428571428,0.000817903037436053
32,8,-4.789643272205646e-06,-0.642857142857143,0.0009464250201562303
32,8,-4.789643272205646e-06,-0.607142857142857,0.001492642064155769
32,8,-4.789643272205646e-06,-0.571428571428571,0.0031456196650498694
32,8,-4.789643272205646e-06,-0.535714285714286,0.0030391026803615632
32,8,-4.789643272205646e-06,-0.5,0.0012854740298591143
32,8,-4.789643272205646e-06,-0.464285714285714,0.003610280016942532
32,8,-4.789643272205646e-06,-0.428571428571429,0.008553052221896519
32,8,-4.789643272205646e-06,-0.392857142857143,0.006168937822177079
32,8,-4.789643272205646e-06,-0.357142857142857,0.004463010592301785
32,8,-4.789643272205646e-06,-0.321428571428571,0.019377091347514468
32,8,-4.789643272205646e-06,-0.285714285714286,0.028116899831976502
32,8,-4.789643272205646e-06,-0.25,0.018609110544369714
32,8,-4.789643272205646e-06,-0.214285714285714,0.015935709416240514
32,8,-4.789643272205646e-06,-0.178571428571429,0.03028714907875394
32,8,-4.789643272205646e-06,-0.142857142857143,0.06814369133224658
32,8,-4.789643272205646e-06,-0.107142857142857,0.07605398087152282
32,8,-4.789643272205646e-06,-0.071428571428571,0.03985557973153049
32,8,-4.789643272205646e-06,-0.035714285714286,0.09014163358776679
32,8,-4.789643272205646e-06,0.0,0.15770576537305733
32,8,-4.789643272205646e-06,0.035714285714286,0.09014077010868897
32,8,-4.789643272205646e-06,0.071428571428571,0.03985481616290946
32,8,-4.789643272205646e-06,0.107142857142857,0.07605179530269701
32,8,-4.789643272205646e-06,0.142857142857143,0.06814108034253769
32,8,-4.789643272205646e-06,0.178571428571429,0.030285698491254467
32,8,-4.789643272205646e-06,0.214285714285714,0.015934793550500242
32,8,-4.789643272205646e-06,0.25,0.018607862776833732
32,8,-4.789643272205646e-06,0.285714285714286,0.02811474524633843
32,8,-4.789643272205646e-06,0.321428571428571,0.019375420889263854
32,8,-4.789643272205646e-06,0.357142857142857,0.004462583097290283
32,8,-4.789643272205646e-06,0.392857142857143,0.0061682878470743574
32,8,-4.789643272205646e-06,0.428571428571429,0.008552069128834232
32,8,-4.789643272205646e-06,0.464285714285714,0.0036098304729160094
32,8,-4.789643272205646e-06,0.5,0.0012853016532560063
32,8,-4.789643272205646e-06,0.535714285714286,0.0030386660409227563
32,8,-4.789643272205646e-06,0.571428571428571,0.0031451375969258713
32,8,-4.789643272205646e-06,0.607142857142857,0.001492399022018794
32,8,-4.789643272205646e-06,0.642857142857143,0.0009462618535057282
32,8,-4.789643272205646e-06,0.678571428571428,0.00081775419487934
32,8,-4.789643272205646e-06,0.678571428571429,1.6690853780324108e-06
32,8,-4.789643272205646e-06,0.714285714285714,0.00044246840891994836
32,8,-4.789643272205646e-06,0.75,0.00011682555824253547
32,8,-4.789643272205646e-06,0.785714285714286,3.3380729790715715e-06
32,8,-4.789643272205646e-06,0.821428571428571,0.00018900351806992478
32,8,-4.789643272205646e-06,0.857142857142857,0.00023656502892081466
32,8,-4.789643272205646e-06,0.892857142857143,7.301312208559543e-05
32,8,-4.789643272205646e-06,0.964285714285714,1.168268504610481e-05
32,8,-4.789643272205646e-06,1.0,7.301606859019486e-06
32,8,-4.789643272205646e-06,1.071428571428571,1.1682342826628435e-05
32,8,-4.789643272205646e-06,1.107142857142857,1.4602785943693504e-05
32,8,-4.789643272205646e-06,1.142857142857143,4.5633260481567075e-06
128,32,-4.789643272205646e-06,-0.67741935483871,1.242967348843623e-12
128,32,-4.789643272205646e-06,-0.675403225806452,1.00894674609436e-12
128,32,-4.789643272205646e-06,-0.665322580645161,1.0143112646615727e-12
128,32,-4.789643272205646e-06,-0.653225806451613,1.2858210716471873e-12
128,32,-4.789643272205646e-06,-0.651209677419355,1.305240824107504e-12
128,32,-4.789643272205646e-06,-0.647177419354839,1.2572482329993932e-12
128,32,-4.789643272205646e-06,-0.645161290322581,2.2324074594681915e-12
128,32,-4.789643272205646e-06,-0.639112903225806,1.603524150025105e-12
128,32,-4.789643272205646e-06,-0.637096774193548,4.067926921258657e-12
128,32,-4.789643272205646e-06,-0.63508064516129,5.0298417326864e-12
128,32,-4.789643272205646e-06,-0.631048387096774,4.467838889612636e-12
128,32,-4.789643272205646e-06,-0.629032258064516,1.2166445904590764e-11
128,32,-4.789643272205646e-06,-0.627016129032258,5.847815582235002e-12
128,32,-4.789643272205646e-06,-0.622983870967742,7.417544476937988e-12
128,32,-4.789643272205646e-06,-0.620967741935484,1.1764727675076696e-11
128,32,-4.789643272205646e-06,-0.618951612903226,4.363613883901688e-12
128,32,-4.789643272205646e-06,-0.616935483870968,1.1685685329618904e-12
128,32,-4.789643272205646e-06,-0.61491935483871,8.066268677768672e-12
128,32,-4.789643272205646e-06,-0.612903225806452,1.1061223452955614e-11
128,32,-4.789643272205646e-06,-0.610887096774194,7.865218364330854e-12
128,32,-4.789643272205646e-06,-0.608870967741936,3.043056264831856e-12
128,32,-4.789643272205646e-06,-0.606854838709678,5.43032248512265e-12
128,32,-4.789643272205646e-06,-0.606854838709677,2.1425980009404404e-12
128,32,-4.789643272205646e-06,-0.604838709677419,1.0310832888596626e-11
128,32,-4.789643272205646e-06,-0.602822580645161,1.6341000694985616e-12
128,32,-4.789643272205646e-06,-0.600806451612903,2.3297552887838987e-12
128,32,-4.789643272205646e-06,-0.598790322580645,7.097402596780122e-12
128,32,-4.789643272205646e-06,-0.596774193548387,1.3051785850085934e-11
128,32,-4.789643272205646e-06,-0.594758064516129,1.7792072513728508e-11
128,32,-4.789643272205646e-06,-0.592741935483871,1.372711100083196e-11
128,32,-4.789643272205646e-06,-0.590725806451613,7.116605465529444e-12
128,32,-4.789643272205646e-06,-0.588709677419355,1.5651084656089665e-11
128,32,-4.789643272205646e-06,-0.586693548387097,2.6449359342266013e-11
128,32,-4.789643272205646e-06,-0.584677419354839,1.1913587983576758e-11
128,32,-4.789643272205646e-06,-0.582661290322581,3.797217025817691e-11
128,32,-4.789643272205646e-06,-0.580645161290323,2.1493336524064062e-11
128,32,-4.789643272205646e-06,-0.580645161290322,4.3454908097212526e-11
128,32,-4.789643272205646e-06,-0.578629032258065,8.849678554225606e-12
128,32,-4.789643272205646e-06,-0.578629032258064,3.696739411725124e-11
128,32,-4.789643272205646e-06,-0.576612903225806,6.514228971563261e-11
128,32,-4.789643272205646e-06,-0.574596774193548,6.049030657978564e-11
128,32,-4.789643272205646e-06,-0.57258064516129,3.7809994528191113e-11
128,32,-4.789643272205646e-06,-0.570564516129032,4.858864496310895e-11
128,32,-4.789643272205646e-06,-0.568548387096774,2.3359817105403572e-11
128,32,-4.789643272205646e-06,-0.566532258064516,3.143611749623741e-11
128,32,-4.789643272205646e-06,-0.564516129032258,7.007885935136705e-11
128,32,-4.789643272205646e-06,-0.5625,4.390262577184011e-11
128,32,-4.789643272205646e-06,-0.560483870967742,2.9081257772296775e-11
128,32,-4.789643272205646e-06,-0.558467741935484,5.0990943053298075e-11
128,32,-4.789643272205646e-06,-0.556451612903226,8.241543189766815e-11
128,32,-4.789643272205646e-06,-0.554435483870968,7.211352172098553e-11
128,32,-4.789643272205646e-06,-0.55241935483871,2.168735748157601e-11
128,32,-4.789643272205646e-06,-0.550403225806452,1.0571967055303417e-10
128,32,-4.789643272205646e-06,-0.548387096774194,1.4695547850608375e-10
128,32,-4.789643272205646e-06,-0.546370967741936,2.603943043588661e-11
128,32,-4.789643272205646e-06,-0.546370967741935,1.5574571207405903e-11
128,32,-4.789643272205646e-06,-0.544354838709678,6.629234934504489e-12
128,32,-4.789643272205646e-06,-0.544354838709677,5.82094341769885e-11
128,32,-4.789643272205646e-06,-0.542338709677419,1.2599398568295458e-10
128,32,-4.789643272205646e-06,-0.540322580645161,2.0108668933519995e-10
128,32,-4.789643272205646e-06,-0.538306451612903,2.1595606482680993e-10
128,32,-4.789643272205646e-06,-0.536290322580645,2.0332659451327642e-11
128,32,-4.789643272205646e-06,-0.534274193548387,2.2712411657634433e-10
128,32,-4.789643272205646e-06,-0.532258064516129,5.860233068294427e-10
128,32,-4.789643272205646e-06,-0.530241935483871,2.553470714151426e-10
128,32,-4.789643272205646e-06,-0.528225806451613,2.1084709123966813e-11
128,32,-4.789643272205646e-06,-0.526209677419355,3.7856107452385976e-10
128,32,-4.789643272205646e-06,-0.524193548387097,6.313328256987473e-10
128,32,-4.789643272205646e-06,-0.522177419354839,4.4783523530952566e-10
128,32,-4.789643272205646e-06,-0.520161290322581,1.8845595231803229e-10
128,32,-4.789643272205646e-06,-0.518145161290323,2.542554314208251e-10
128,32,-4.789643272205646e-06,-0.518145161290322,2.1648947968708288e-11
128,32,-4.789643272205646e-06,-0.516129032258065,2.9073259568272093e-10
128,32,-4.789643272205646e-06,-0.516129032258064,3.0488413547973e-10
128,32,-4.789643272205646e-06,-0.514112903225806,6.073577981100835e-10
128,32,-4.789643272205646e-06,-0.512096774193548,3.906266311300137e-11
128,32,-4.789643272205646e-06,-0.51008064516129,1.243982913741026e-10
128,32,-4.789643272205646e-06,-0.508064516129032,5.874125440033069e-10
128,32,-4.789643272205646e-06,-0.506048387096774,2.843930936459181e-10
128,32,-4.789643272205646e-06,-0.504032258064516,3.9376478215712304e-10
128,32,-4.789643272205646e-06,-0.502016129032258,8.946359412381177e-10
128,32,-4.789643272205646e-06,-0.5,9.297527011509273e-10
128,32,-4.789643272205646e-06,-0.497983870967742,2.995054326595194e-10
128,32,-4.789643272205646e-06,-0.495967741935484,5.724717106187809e-10
128,32,-4.789643272205646e-06,-0.493951612903226,1.3674583255509342e-09
128,32,-4.789643272205646e-06,-0.491935483870968,9.66233355637511e-10
128,32,-4.789643272205646e-06,-0.48991935483871,1.716351874067635e-09
128,32,-4.789643272205646e-06,-0.487903225806452,1.6611288846916803e-09
128,32,-4.789643272205646e-06,-0.485887096774194,1.550128446449945e-09
128,32,-4.789643272205646e-06,-0.483870967741936,1.3677356610332367e-09
128,32,-4.789643272205646e-06,-0.483870967741935,2.193763624988514e-09
128,32,-4.789643272205646e-06,-0.481854838709678,1.0443578453230388e-10
128,32,-4.789643272205646e-06,-0.481854838709677,1.872676252939179e-09
128,32,-4.789643272205646e-06,-0.479838709677419,5.5674515904196e-10
128,32,-4.789643272205646e-06,-0.477822580645161,2.198736455997686e-09
128,32,-4.789643272205646e-06,-0.475806451612903,1.4714661662056758e-09
128,32,-4.789643272205646e-06,-0.473790322580645,1.3526463076899221e-09
128,32,-4.789643272205646e-06,-0.471774193548387,2.076411898244991e-09
128,32,-4.789643272205646e-06,-0.469758064516129,1.9100675647208017e-09
128,32,-4.789643272205646e-06,-0.467741935483871,3.916973773016075e-09
128,32,-4.789643272205646e-06,-0.465725806451613,4.019897609566154e-09
128,32,-4.789643272205646e-06,-0.463709677419355,1.6850853661119396e-09
128,32,-4.789643272205646e-06,-0.461693548387097,2.9533817484436416e-09
128,32,-4.789643272205646e-06,-0.459677419354839,5.050066126922151e-09
128,32,-4.789643272205646e-06,-0.457661290322581,3.0369138316284567e-09
128,32,-4.789643272205646e-06,-0.455645161290323,1.0649820176498757e-09
128,32,-4.789643272205646e-06,-0.453629032258065,5.082241787678892e-10
128,32,-4.789643272205646e-06,-0.453629032258064,4.280397635455679e-09
128,32,-4.789643272205646e-06,-0.451612903225806,9.05105060344103e-09
128,32,-4.789643272205646e-06,-0.449596774193548,6.6307679315071586e-09
128,32,-4.789643272205646e-06,-0.44758064516129,2.0826790591162378e-09
128,32,-4.789643272205646e-06,-0.445564516129032,7.555847597672894e-09
128,32,-4.789643272205646e-06,-0.443548387096774,1.6768895042677304e-08
128,32,-4.789643272205646e-06,-0.441532258064516,9.948373402404745e-09
128,32,-4.789643272205646e-06,-0.439516129032258,2.2542104180832443e-09
128,32,-4.789643272205646e-06,-0.4375,1.553082547438274e-08
128,32,-4.789643272205646e-06,-0.435483870967742,2.2899198106533748e-08
128,32,-4.789643272205646e-06,-0.433467741935484,6.736651343491622e-09
128,32,-4.789643272205646e-06,-0.431451612903226,4.378652648207405e-09
128,32,-4.789643272205646e-06,-0.429435483870968,1.4418502579276456e-08
128,32,-4.789643272205646e-06,-0.42741935483871,1.1108049245149281e-08
128,32,-4.789643272205646e-06,-0.425403225806452,1.3034233960067528e-08
128,32,-4.789643272205646e-06,-0.423387096774194,7.041100888594996e-09
128,32,-4.789643272205646e-06,-0.421370967741936,5.550682973266539e-09
128,32,-4.789643272205646e-06,-0.421370967741935,5.105167594728459e-11
128,32,-4.789643272205646e-06,-0.419354838709678,7.061938891135837e-12
128,32,-4.789643272205646e-06,-0.419354838709677,2.403341814502684e-08
128,32,-4.789643272205646e-06,-0.417338709677419,2.097394265987111e-08
128,32,-4.789643272205646e-06,-0.415322580645161,1.2285051670541649e-08
128,32,-4.789643272205646e-06,-0.413306451612903,1.472247504044396e-08
128,32,-4.789643272205646e-06,-0.411290322580645,3.5418191169253314e-08
128,32,-4.789643272205646e-06,-0.409274193548387,3.961682938156209e-08
128,32,-4.789643272205646e-06,-0.407258064516129,1.1874610550870652e-08
128,32,-4.789643272205646e-06,-0.405241935483871,4.399585505747351e-08
128,32,-4.789643272205646e-06,-0.403225806451613,6.393190668835239e-08
128,32,-4.789643272205646e-06,-0.401209677419355,3.39271511636724e-08
128,32,-4.789643272205646e-06,-0.399193548387097,5.4690619452394835e-08
128,32,-4.789643272205646e-06,-0.397177419354839,4.745193784687502e-08
128,32,-4.789643272205646e-06,-0.395161290322581,4.6060048119135554e-08
128,32,-4.789643272205646e-06,-0.393145161290323,8.20849582968949e-08
128,32,-4.789643272205646e-06,-0.391129032258064,2.5704696674993568e-08
128,32,-4.789643272205646e-06,-0.389112903225806,5.409778319672451e-08
128,32,-4.789643272205646e-06,-0.387096774193548,1.362926086554501e-07
128,32,-4.789643272205646e-06,-0.38508064516129,6.107927275050012e-08
128,32,-4.789643272205646e-06,-0.383064516129032,4.536684376548331e-08
128,32,-4.789643272205646e-06,-0.381048387096774,9.578697051595638e-08
128,32,-4.789643272205646e-06,-0.379032258064516,7.998249272807011e-08
128,32,-4.789643272205646e-06,-0.377016129032258,4.3526234815642036e-08
128,32,-4.789643272205646e-06,-0.375,2.997330706748682e-08
128,32,-4.789643272205646e-06,-0.372983870967742,8.926063733715607e-08
128,32,-4.789643272205646e-06,-0.370967741935484,1.7570225316393297e-07
128,32,-4.789643272205646e-06,-0.368951612903226,1.650631992967729e-07
128,32,-4.789643272205646e-06,-0.366935483870968,2.6827181468575037e-08
128,32,-4.789643272205646e-06,-0.36491935483871,1.3837108841586132e-07
128,32,-4.789643272205646e-06,-0.362903225806452,3.46455008090916e-07
128,32,-4.789643272205646e-06,-0.360887096774194,1.843582799966895e-07
128,32,-4.789643272205646e-06,-0.358870967741936,2.535440442997836e-08
128,32,-4.789643272205646e-06,-0.358870967741935,7.087749063294281e-08
128,32,-4.789643272205646e-06,-0.356854838709677,2.5418957987523203e-07
128,32,-4.789643272205646e-06,-0.354838709677419,3.8396740774342253e-07
128,32,-4.789643272205646e-06,-0.352822580645161,2.635962137102463e-07
128,32,-4.789643272205646e-06,-0.350806451612903,7.1005914852073e-08
128,32,-4.789643272205646e-06,-0.348790322580645,2.0168857132053056e-07
128,32,-4.789643272205646e-06,-0.346774193548387,2.9238132240047417e-07
128,32,-4.789643272205646e-06,-0.344758064516129,2.5216977685467233e-07
128,32,-4.789643272205646e-06,-0.342741935483871,1.992214575279493e-07
128,32,-4.789643272205646e-06,-0.340725806451613,4.775002191088464e-07
128,32,-4.789643272205646e-06,-0.338709677419355,8.545669320311919e-07
128,32,-4.789643272205646e-06,-0.336693548387097,3.116003080333056e-07
128,32,-4.789643272205646e-06,-0.334677419354839,2.3394066940306124e-07
128,32,-4.789643272205646e-06,-0.332661290322581,8.109657654048547e-07
128,32,-4.789643272205646e-06,-0.330645161290323,5.557001450097199e-07
128,32,-4.789643272205646e-06,-0.328629032258065,4.5296120262426526e-10
128,32,-4.789643272205646e-06,-0.328629032258064,4.908747901416026e-07
128,32,-4.789643272205646e-06,-0.326612903225806,5.695863518842566e-07
128,32,-4.789643272205646e-06,-0.324596774193548,5.883555236359053e-07
128,32,-4.789643272205646e-06,-0.32258064516129,1.1523719395805186e-06
128,32,-4.789643272205646e-06,-0.320564516129032,1.024303396581666e-06
128,32,-4.789643272205646e-06,-0.318548387096774,4.3452552613568826e-07
128,32,-4.789643272205646e-06,-0.316532258064516,6.987828750370286e-07
128,32,-4.789643272205646e-06,-0.314516129032258,1.1937344573972073e-06
128,32,-4.789643272205646e-06,-0.3125,1.1132978029822794e-06
128,32,-4.789643272205646e-06,-0.310483870967742,6.153022182839688e-07
128,32,-4.789643272205646e-06,-0.308467741935484,9.58920727187573e-07
128,32,-4.789643272205646e-06,-0.306451612903226,1.7455335094556918e-06
128,32,-4.789643272205646e-06,-0.304435483870968,9.556502918654098e-07
128,32,-4.789643272205646e-06,-0.30241935483871,4.7567658317664674e-07
128,32,-4.789643272205646e-06,-0.300403225806452,1.1697502460689374e-06
128,32,-4.789643272205646e-06,-0.298387096774194,2.054504684163636e-06
128,32,-4.789643272205646e-06,-0.296370967741936,1.540624008054947e-06
128,32,-4.789643272205646e-06,-0.296370967741935,7.917283996437071e-07
128,32,-4.789643272205646e-06,-0.294354838709677,9.411785201358718e-07
128,32,-4.789643272205646e-06,-0.292338709677419,2.6002384496742146e-06
128,32,-4.789643272205646e-06,-0.290322580645161,5.7425562532687825e-06
128,32,-4.789643272205646e-06,-0.288306451612903,3.641189624430149e-06
128,32,-4.789643272205646e-06,-0.286290322580645,1.2340085562023878e-06
128,32,-4.789643272205646e-06,-0.284274193548387,3.6335849896528103e-06
128,32,-4.789643272205646e-06,-0.282258064516129,4.921396325514964e-06
128,32,-4.789643272205646e-06,-0.280241935483871,2.2089857456895977e-06
128,32,-4.789643272205646e-06,-0.278225806451613,1.3534572104414313e-06
128,32,-4.789643272205646e-06,-0.276209677419355,2.6587261899906153e-06
128,32,-4.789643272205646e-06,-0.274193548387097,5.506701706934909e-06
128,32,-4.789643272205646e-06,-0.272177419354839,6.550600177748528e-06
128,32,-4.789643272205646e-06,-0.270161290322581,2.3048662362838107e-06
128,32,-4.789643272205646e-06,-0.268145161290323,2.7660593412235175e-06
128,32,-4.789643272205646e-06,-0.266129032258065,2.8678676095124245e-07
128,32,-4.789643272205646e-06,-0.266129032258064,6.507469282121595e-06
128,32,-4.789643272205646e-06,-0.264112903225806,4.255731978557458e-06
128,32,-4.789643272205646e-06,-0.262096774193548,2.0896540762874774e-06
128,32,-4.789643272205646e-06,-0.26008064516129,8.15556947740066e-06
128,32,-4.789643272205646e-06,-0.258064516129032,1.0268780325780655e-05
128,32,-4.789643272205646e-06,-0.256048387096774,5.745567548759917e-06
128,32,-4.789643272205646e-06,-0.254032258064516,8.953485787609697e-06
128,32,-4.789643272205646e-06,-0.252016129032258,1.1315176246920406e-05
128,32,-4.789643272205646e-06,-0.25,1.0699836059367166e-05
128,32,-4.789643272205646e-06,-0.247983870967742,1.1921873056837811e-05
128,32,-4.789643272205646e-06,-0.245967741935484,4.678124980323004e-06
128,32,-4.789643272205646e-06,-0.243951612903226,1.43596242468501e-05
128,32,-4.789643272205646e-06,-0.241935483870968,2.7173697511309205e-05
128,32,-4.789643272205646e-06,-0.23991935483871,6.255160595094402e-06
128,32,-4.789643272205646e-06,-0.237903225806452,5.922019995897693e-06
128,32,-4.789643272205646e-06,-0.235887096774194,2.0202685353944377e-05
128,32,-4.789643272205646e-06,-0.233870967741936,1.1247812267841712e-05
128,32,-4.789643272205646e-06,-0.233870967741935,6.718362180680647e-06
128,32,-4.789643272205646e-06,-0.231854838709677,2.303342528582398e-05
128,32,-4.789643272205646e-06,-0.229838709677419,1.0960332633019636e-05
128,32,-4.789643272205646e-06,-0.227822580645161,1.6208714048665598e-05
128,32,-4.789643272205646e-06,-0.225806451612903,4.202549335029218e-05
128,32,-4.789643272205646e-06,-0.223790322580645,2.5283883144010757e-05
128,32,-4.789643272205646e-06,-0.221774193548387,4.96655131403451e-06
128,32,-4.789643272205646e-06,-0.219758064516129,2.1865712160524225e-05
128,32,-4.789643272205646e-06,-0.217741935483871,4.280086056409085e-05
128,32,-4.789643272205646e-06,-0.215725806451613,2.4864454076814158e-05
128,32,-4.789643272205646e-06,-0.213709677419355,1.2891140839592915e-05
128,32,-4.789643272205646e-06,-0.211693548387097,4.059790465855252e-05
128,32,-4.789643272205646e-06,-0.209677419354839,5.085422301070241e-05
128,32,-4.789643272205646e-06,-0.207661290322581,3.339214212913323e-05
128,32,-4.789643272205646e-06,-0.205645161290323,2.80112104501098e-05
128,32,-4.789643272205646e-06,-0.203629032258065,2.5964875471487867e-05
128,32,-4.789643272205646e-06,-0.203629032258064,1.2977660610073178e-05
128,32,-4.789643272205646e-06,-0.201612903225806,6.452189812974905e-05
128,32,-4.789643272205646e-06,-0.199596774193548,9.05515867296454e-05
128,32,-4.789643272205646e-06,-0.19758064516129,4.4269578104090375e-05
128,32,-4.789643272205646e-06,-0.195564516129032,5.228440222812099e-05
128,32,-4.789643272205646e-06,-0.193548387096774,0.00014109735301663374
128,32,-4.789643272205646e-06,-0.191532258064516,8.388914317844525e-05
128,32,-4.789643272205646e-06,-0.189516129032258,2.7487262364366912e-05
128,32,-4.789643272205646e-06,-0.1875,7.773910485234226e-05
128,32,-4.789643272205646e-06,-0.185483870967742,8.179564088886148e-05
128,32,-4.789643272205646e-06,-0.183467741935484,6.43913711951729e-05
128,32,-4.789643272205646e-06,-0.181451612903226,6.323306438664503e-05
128,32,-4.789643272205646e-06,-0.179435483870968,9.132202767944996e-05
128,32,-4.789643272205646e-06,-0.17741935483871,0.00014625351637019836
128,32,-4.789643272205646e-06,-0.175403225806452,0.00011621864597413396
128,32,-4.789643272205646e-06,-0.173387096774194,4.5441227006920864e-05
128,32,-4.789643272205646e-06,-0.171370967741936,9.827547541113847e-05
128,32,-4.789643272205646e-06,-0.171370967741935,4.8303303006231185e-05
128,32,-4.789643272205646e-06,-0.169354838709677,0.00024659284497889665
128,32,-4.789643272205646e-06,-0.167338709677419,0.00013757560438863782
128,32,-4.789643272205646e-06,-0.165322580645161,5.8863248521132623e-05
128,32,-4.789643272205646e-06,-0.163306451612903,0.00025403732029039374
128,32,-4.789643272205646e-06,-0.161290322580645,0.00040603467727501943
128,32,-4.789643272205646e-06,-0.159274193548387,0.000178819151869863
128,32,-4.789643272205646e-06,-0.157258064516129,0.00013688608677999122
128,32,-4.789643272205646e-06,-0.155241935483871,0.00025461086176287526
128,32,-4.789643272205646e-06,-0.153225806451613,0.00023921554955896513
128,32,-4.789643272205646e-06,-0.151209677419355,0.00028274745190869365
128,32,-4.789643272205646e-06,-0.149193548387097,0.00010068672043650725
128,32,-4.789643272205646e-06,-0.147177419354839,0.00026321025096843505
128,32,-4.789643272205646e-06,-0.145161290322581,0.000574230680026426
128,32,-4.789643272205646e-06,-0.143145161290323,0.0002987478195379206
128,32,-4.789643272205646e-06,-0.141129032258065,2.861768742871061e-05
128,32,-4.789643272205646e-06,-0.141129032258064,0.00024741206913368356
128,32,-4.789643272205646e-06,-0.139112903225806,0.00042081928166823573
128,32,-4.789643272205646e-06,-0.137096774193548,0.0004121969193167307
128,32,-4.789643272205646e-06,-0.13508064516129,0.00038391285001079594
128,32,-4.789643272205646e-06,-0.133064516129032,0.0002627598159879533
128,32,-4.789643272205646e-06,-0.131048387096774,0.00041334926737243477
128,32,-4.789643272205646e-06,-0.129032258064516,0.0009397968249814094
128,32,-4.789643272205646e-06,-0.127016129032258,0.0010005811503406353
128,32,-4.789643272205646e-06,-0.125,0.00023888679134983224
128,32,-4.789643272205646e-06,-0.122983870967742,0.0005547789946476269
128,32,-4.789643272205646e-06,-0.120967741935484,0.001336742259001468
128,32,-4.789643272205646e-06,-0.118951612903226,0.0006263328837983451
128,32,-4.789643272205646e-06,-0.116935483870968,0.0003207545797429569
128,32,-4.789643272205646e-06,-0.11491935483871,0.0009813292324937183
128,32,-4.789643272205646e-06,-0.112903225806452,0.0012809524581253672
128,32,-4.789643272205646e-06,-0.110887096774194,0.0008440099605143465
128,32,-4.789643272205646e-06,-0.108870967741936,6.234122242191001e-06
128,32,-4.789643272205646e-06,-0.108870967741935,0.000506725532852881
128,32,-4.789643272205646e-06,-0.106854838709677,0.0009026224653746644
128,32,-4.789643272205646e-06,-0.104838709677419,0.0012211679312059062
128,32,-4.789643272205646e-06,-0.102822580645161,0.0014504460726732248
128,32,-4.789643272205646e-06,-0.100806451612903,0.0009244045728933306
128,32,-4.789643272205646e-06,-0.098790322580645,0.0016600159512661706
128,32,-4.789643272205646e-06,-0.096774193548387,0.003299304925065171
128,32,-4.789643272205646e-06,-0.094758064516129,0.0013106819302994644
128,32,-4.789643272205646e-06,-0.092741935483871,0.0007382218133529129
128,32,-4.789643272205646e-06,-0.090725806451613,0.0026450780399396565
128,32,-4.789643272205646e-06,-0.088709677419355,0.002052145857529456
128,32,-4.789643272205646e-06,-0.086693548387097,0.001695693520459198
128,32,-4.789643272205646e-06,-0.084677419354839,0.0012673256011973527
128,32,-4.789643272205646e-06,-0.082661290322581,0.0019342872568476415
128,32,-4.789643272205646e-06,-0.080645161290323,0.004247271263382199
128,32,-4.789643272205646e-06,-0.078629032258065,0.002927278246548548
128,32,-4.789643272205646e-06,-0.078629032258064,3.232692379319483e-05
128,32,-4.789643272205646e-06,-0.076612903225806,0.0011885009028154963
128,32,-4.789643272205646e-06,-0.074596774193548,0.002523352863274493
128,32,-4.789643272205646e-06,-0.07258064516129,0.005205472783581987
128,32,-4.789643272205646e-06,-0.070564516129032,0.004766224864473468
128,32,-4.789643272205646e-06,-0.068548387096774,0.0015016319393268908
128,32,-4.789643272205646e-06,-0.066532258064516,0.0042983114942813545
128,32,-4.789643272205646e-06,-0.064516129032258,0.00689937210841875
128,32,-4.789643272205646e-06,-0.0625,0.0037185283251108463
128,32,-4.789643272205646e-06,-0.060483870967742,0.003614121078019605
128,32,-4.789643272205646e-06,-0.058467741935484,0.004205110395569849
128,32,-4.789643272205646e-06,-0.056451612903226,0.005626386286291261
128,32,-4.789643272205646e-06,-0.054435483870968,0.006675155384765007
128,32,-4.789643272205646e-06,-0.05241935483871,0.0025222518583595936
128,32,-4.789643272205646e-06,-0.050403225806452,0.007296144192613634
128,32,-4.789643272205646e-06,-0.048387096774194,0.014329283739896205
128,32,-4.789643272205646e-06,-0.046370967741936,8.918185906086389e-08
128,32,-4.789643272205646e-06,-0.046370967741935,0.006030460784677174
128,32,-4.789643272205646e-06,-0.044354838709677,0.0032933655582366036
128,32,-4.789643272205646e-06,-0.042338709677419,0.01096756531974497
128,32,-4.789643272205646e-06,-0.040322580645161,0.010494980831256712
128,32,-4.789643272205646e-06,-0.038306451612903,0.007768029428235166
128,32,-4.789643272205646e-06,-0.036290322580645,0.006353518245303497
128,32,-4.789643272205646e-06,-0.034274193548387,0.008857675480246524
128,32,-4.789643272205646e-06,-0.032258064516129,0.01873748019534218
128,32,-4.789643272205646e-06,-0.030241935483871,0.017628432643376567
128,32,-4.789643272205646e-06,-0.028225806451613,0.005362891988945092
128,32,-4.789643272205646e-06,-0.026209677419355,0.011309284867382212
128,32,-4.789643272205646e-06,-0.024193548387097,0.022674938161487038
128,32,-4.789643272205646e-06,-0.022177419354839,0.012710224218213044
128,32,-4.789643272205646e-06,-0.020161290322581,0.008213742203972182
128,32,-4.789643272205646e-06,-0.018145161290323,0.021298737779140844
128,32,-4.789643272205646e-06,-0.016129032258065,0.029725004359508055
128,32,-4.789643272205646e-06,-0.014112903225806,0.018486899841014807
128,32,-4.789643272205646e-06,-0.012096774193548,0.013194396887213234
128,32,-4.789643272205646e-06,-0.01008064516129,0.023586061260729242
128,32,-4.789643272205646e-06,-0.008064516129032,0.028387080139934517
128,32,-4.789643272205646e-06,-0.006048387096774,0.03058991552022706
128,32,-4.789643272205646e-06,-0.004032258064516,0.012154917612599259
128,32,-4.789643272205646e-06,-0.002016129032258,0.02478298631038376
128,32,-4.789643272205646e-06,0.0,0.05702162109935791
128,32,-4.789643272205646e-06,0.002016129032258,0.024782748918536875
128,32,-4.789643272205646e-06,0.004032258064516,0.01215468474820053
128,32,-4.789643272205646e-06,0.006048387096774,0.030589036489563872
128,32,-4.789643272205646e-06,0.008064516129032,0.028385992489767732
128,32,-4.789643272205646e-06,0.01008064516129,0.02358493165629929
128,32,-4.789643272205646e-06,0.012096774193548,0.013193638578218673
128,32,-4.789643272205646e-06,0.014112903225806,0.018485660307890898
128,32,-4.789643272205646e-06,0.016129032258065,0.02972272661496975
128,32,-4.789643272205646e-06,0.018145161290323,0.02129690172676821
128,32,-4.789643272205646e-06,0.020161290322581,0.008212955478103176
128,32,-4.789643272205646e-06,0.022177419354839,0.01270888505883775
128,32,-4.789643272205646e-06,0.024193548387097,0.02267233195695559
128,32,-4.789643272205646e-06,0.026209677419355,0.011307876686947611
128,32,-4.789643272205646e-06,0.028225806451613,0.005362172878316936
128,32,-4.789643272205646e-06,0.030241935483871,0.017625899987904863
128,32,-4.789643272205646e-06,0.032258064516129,0.018734608762125227
128,32,-4.789643272205646e-06,0.034274193548387,0.008856233253740858
128,32,-4.789643272205646e-06,0.036290322580645,0.0063524228978855315
128,32,-4.789643272205646e-06,0.038306451612903,0.007766615841791658
128,32,-4.789643272205646e-06,0.040322580645161,0.0104929705089352
128,32,-4.789643272205646e-06,0.042338709677419,0.010965359443916951
128,32,-4.789643272205646e-06,0.044354838709677,0.0032926716337152964
128,32,-4.789643272205646e-06,0.046370967741935,0.006029132401110281
128,32,-4.789643272205646e-06,0.046370967741936,8.91622198672802e-08
128,32,-4.789643272205646e-06,0.048387096774194,0.014325990070850144
128,32,-4.789643272205646e-06,0.050403225806452,0.0072943972638259
128,32,-4.789643272205646e-06,0.05241935483871,0.0025216238021635675
128,32,-4.789643272205646e-06,0.054435483870968,0.006673429320109144
128,32,-4.789643272205646e-06,0.056451612903226,0.005624877543002495
128,32,-4.789643272205646e-06,0.058467741935484,0.004203942506617377
128,32,-4.789643272205646e-06,0.060483870967742,0.0036130827234048834
128,32,-4.789643272205646e-06,0.0625,0.00371742436872344
128,32,-4.789643272205646e-06,0.064516129032258,0.00689725775606041
128,32,-4.789643272205646e-06,0.066532258064516,0.004296953101711145
128,32,-4.789643272205646e-06,0.068548387096774,0.0015011429974315159
128,32,-4.789643272205646e-06,0.070564516129032,0.004764627310154327
128,32,-4.789643272205646e-06,0.07258064516129,0.0052036781833068105
128,32,-4.789643272205646e-06,0.074596774193548,0.0025224587791461165
128,32,-4.789643272205646e-06,0.076612903225806,0.001188068401307474
128,32,-4.789643272205646e-06,0.078629032258064,3.231485183545446e-05
128,32,-4.789643272205646e-06,0.078629032258065,0.0029261849833347804
128,32,-4.789643272205646e-06,0.080645161290323,0.004245644362004627
128,32,-4.789643272205646e-06,0.082661290322581,0.0019335278230384065
128,32,-4.789643272205646e-06,0.084677419354839,0.0012668159042932205
128,32,-4.789643272205646e-06,0.086693548387097,0.0016949952964570756
128,32,-4.789643272205646e-06,0.088709677419355,0.002051281205271097
128,32,-4.789643272205646e-06,0.090725806451613,0.0026439382375281458
128,32,-4.789643272205646e-06,0.092741935483871,0.0007378966330287372
128,32,-4.789643272205646e-06,0.094758064516129,0.0013100920530753418
128,32,-4.789643272205646e-06,0.096774193548387,0.003297788462483589
128,32,-4.789643272205646e-06,0.098790322580645,0.0016592370543903423
128,32,-4.789643272205646e-06,0.100806451612903,0.0009239619885755573
128,32,-4.789643272205646e-06,0.102822580645161,0.0014497377548551328
128,32,-4.789643272205646e-06,0.104838709677419,0.0012205598895458363
128,32,-4.789643272205646e-06,0.106854838709677,0.0009021643965816572
128,32,-4.789643272205646e-06,0.108870967741935,0.0005064635277555267
128,32,-4.789643272205646e-06,0.108870967741936,6.230899201538997e-06
128,32,-4.789643272205646e-06,0.110887096774194,0.0008435654830488061
128,32,-4.789643272205646e-06,0.112903225806452,0.0012802656173943334
128,32,-4.789643272205646e-06,0.11491935483871,0.0009807936518300081
128,32,-4.789643272205646e-06,0.116935483870968,0.00032057644898870726
128,32,-4.789643272205646e-06,0.118951612903226,0.0006259790598740541
128,32,-4.789643272205646e-06,0.120967741935484,0.0013359743153854428
128,32,-4.789643272205646e-06,0.122983870967742,0.0005544549730508709
128,32,-4.789643272205646e-06,0.125,0.00023874498113662959
128,32,-4.789643272205646e-06,0.127016129032258,0.0009999775873421007
128,32,-4.789643272205646e-06,0.129032258064516,0.000939220942633233
128,32,-4.789643272205646e-06,0.131048387096774,0.0004130920269670963
128,32,-4.789643272205646e-06,0.133064516129032,0.00026259377360750806
128,32,-4.789643272205646e-06,0.13508064516129,0.00038366657901537895
128,32,-4.789643272205646e-06,0.137096774193548,0.00041192856016529055
128,32,-4.789643272205646e-06,0.139112903225806,0.0004205412870441361
128,32,-4.789643272205646e-06,0.141129032258064,0.0002472462621699632
128,32,-4.789643272205646e-06,0.141129032258065,2.8598509040627124e-05
128,32,-4.789643272205646e-06,0.143145161290323,0.000298544744541263
128,32,-4.789643272205646e-06,0.145161290322581,0.0005738348524140349
128,32,-4.789643272205646e-06,0.147177419354839,0.0002630262956936211
128,32,-4.789643272205646e-06,0.149193548387097,0.00010061538758286261
128,32,-4.789643272205646e-06,0.151209677419355,0.0002825444356191988
128,32,-4.789643272205646e-06,0.153225806451613,0.0002390414974529632
128,32,-4.789643272205646e-06,0.155241935483871,0.00025442316623921465
128,32,-4.789643272205646e-06,0.157258064516129,0.00013678386647450515
128,32,-4.789643272205646e-06,0.159274193548387,0.00017868391048068212
128,32,-4.789643272205646e-06,0.161290322580645,0.00040572370477643554
128,32,-4.789643272205646e-06,0.163306451612903,0.0002538403275790832
128,32,-4.789643272205646e-06,0.165322580645161,5.881704011022461e-05
128,32,-4.789643272205646e-06,0.167338709677419,0.000137466290902601
128,32,-4.789643272205646e-06,0.169354838709677,0.0002463945513206727
128,32,-4.789643272205646e-06,0.171370967741935,4.82639986218898e-05
128,32,-4.789643272205646e-06,0.171370967741936,9.81955071576418e-05
128,32,-4.789643272205646e-06,0.173387096774194,4.540381599541147e-05
128,32,-4.789643272205646e-06,0.175403225806452,0.00011612185725350891
128,32,-4.789643272205646e-06,0.17741935483871,0.0001461303124531843
128,32,-4.789643272205646e-06,0.179435483870968,9.124422361525736e-05
128,32,-4.789643272205646e-06,0.181451612903226,6.317858847949903e-05
128,32,-4.789643272205646e-06,0.183467741935484,6.433527918508826e-05
128,32,-4.789643272205646e-06,0.185483870967742,8.172360590042245e-05
128,32,-4.789643272205646e-06,0.1875,7.766990050448456e-05
128,32,-4.789643272205646e-06,0.189516129032258,2.746252915734862e-05
128,32,-4.789643272205646e-06,0.191532258064516,8.381285684570659e-05
128,32,-4.789643272205646e-06,0.193548387096774,0.00014096769287713832
128,32,-4.789643272205646e-06,0.195564516129032,5.2235856470337337e-05
128,32,-4.789643272205646e-06,0.19758064516129,4.422805075123961e-05
128,32,-4.789643272205646e-06,0.199596774193548,9.046577408626444e-05
128,32,-4.789643272205646e-06,0.201612903225806,6.446013701656841e-05
128,32,-4.789643272205646e-06,0.203629032258064,1.2965113810935665e-05
128,32,-4.789643272205646e-06,0.203629032258065,2.5939774349571105e-05
128,32,-4.789643272205646e-06,0.205645161290323,2.798386149437793e-05
128,32,-4.789643272205646e-06,0.207661290322581,3.3359221248780985e-05
128,32,-4.789643272205646e-06,0.209677419354839,5.0803600192615085e-05
128,32,-4.789643272205646e-06,0.211693548387097,4.055710348060792e-05
128,32,-4.789643272205646e-06,0.213709677419355,1.2878061616072483e-05
128,32,-4.789643272205646e-06,0.215725806451613,2.483898936170006e-05
128,32,-4.789643272205646e-06,0.217741935483871,4.275661777877309e-05
128,32,-4.789643272205646e-06,0.219758064516129,2.1842900725046668e-05
128,32,-4.789643272205646e-06,0.221774193548387,4.961322931314721e-06
128,32,-4.789643272205646e-06,0.223790322580645,2.5257022099492584e-05
128,32,-4.789643272205646e-06,0.225806451612903,4.198044429218732e-05
128,32,-4.789643272205646e-06,0.227822580645161,1.6191184284891957e-05
128,32,-4.789643272205646e-06,0.229838709677419,1.0948373562932663e-05
128,32,-4.789643272205646e-06,0.231854838709677,2.3008073552203574e-05
128,32,-4.789643272205646e-06,0.233870967741935,6.7109032572618635e-06
128,32,-4.789643272205646e-06,0.233870967741936,1.1235324738552465e-05
128,32,-4.789643272205646e-06,0.235887096774194,2.0180062170425112e-05
128,32,-4.789643272205646e-06,0.237903225806452,5.915331944526571e-06
128,32,-4.789643272205646e-06,0.23991935483871,6.248036729041883e-06
128,32,-4.789643272205646e-06,0.241935483870968,2.7142488954756023e-05
128,32,-4.789643272205646e-06,0.243951612903226,1.434299466422842e-05
128,32,-4.789643272205646e-06,0.245967741935484,4.6726628048477795e-06
128,32,-4.789643272205646e-06,0.247983870967742,1.190783937804296e-05
128,32,-4.789643272205646e-06,0.25,1.06871382082939e-05
128,32,-4.789643272205646e-06,0.252016129032258,1.1301640318746528e-05
128,32,-4.789643272205646e-06,0.254032258064516,8.942689758272746e-06
128,32,-4.789643272205646e-06,0.256048387096774,5.738584654546851e-06
128,32,-4.789643272205646e-06,0.258064516129032,1.0256201746243902e-05
128,32,-4.789643272205646e-06,0.26008064516129,8.145501402262457e-06
128,32,-4.789643272205646e-06,0.262096774193548,2.0870544094432096e-06
128,32,-4.789643272205646e-06,0.264112903225806,4.250396995373192e-06
128,32,-4.789643272205646e-06,0.266129032258064,6.499249222661979e-06
128,32,-4.789643272205646e-06,0.266129032258065,2.8642454235484005e-07
128,32,-4.789643272205646e-06,0.268145161290323,2.762538857920468e-06
128,32,-4.789643272205646e-06,0.270161290322581,2.3019106640182723e-06
128,32,-4.789643272205646e-06,0.272177419354839,6.5421375795637e-06
128,32,-4.789643272205646e-06,0.274193548387097,5.499535131789761e-06
128,32,-4.789643272205646e-06,0.276209677419355,2.655240683913263e-06
128,32,-4.789643272205646e-06,0.278225806451613,1.351669857184925e-06
128,32,-4.789643272205646e-06,0.280241935483871,2.206047589688551e-06
128,32,-4.789643272205646e-06,0.282258064516129,4.9148032596087516e-06
128,32,-4.789643272205646e-06,0.284274193548387,3.6286825269284493e-06
128,32,-4.789643272205646e-06,0.286290322580645,1.2323317389530376e-06
128,32,-4.789643272205646e-06,0.288306451612903,3.636206908259692e-06
128,32,-4.789643272205646e-06,0.290322580645161,5.7346435968542356e-06
128,32,-4.789643272205646e-06,0.292338709677419,2.5966307490592884e-06
128,32,-4.789643272205646e-06,0.294354838709677,9.398636049673345e-07
128,32,-4.789643272205646e-06,0.296370967741935,7.906148336415003e-07
128,32,-4.789643272205646e-06,0.296370967741936,1.5384569579606334e-06
128,32,-4.789643272205646e-06,0.298387096774194,2.051595197586187e-06
128,32,-4.789643272205646e-06,0.300403225806452,1.168082561665893e-06
128,32,-4.789643272205646e-06,0.30241935483871,4.7499386355820427e-07
128,32,-4.789643272205646e-06,0.304435483870968,9.54269552751638e-07
128,32,-4.789643272205646e-06,0.306451612903226,1.7429948581443082e-06
128,32,-4.789643272205646e-06,0.308467741935484,9.575169595690595e-07
128,32,-4.789643272205646e-06,0.310483870967742,6.143956789514156e-07
128,32,-4.789643272205646e-06,0.3125,1.1116467523526347e-06
128,32,-4.789643272205646e-06,0.314516129032258,1.1919527201469191e-06
128,32,-4.789643272205646e-06,0.316532258064516,6.977332475026861e-07
128,32,-4.789643272205646e-06,0.318548387096774,4.338686381464074e-07
128,32,-4.789643272205646e-06,0.320564516129032,1.022745187843831e-06
128,32,-4.789643272205646e-06,0.32258064516129,1.1506079110642522e-06
128,32,-4.789643272205646e-06,0.324596774193548,5.874492632675694e-07
128,32,-4.789643272205646e-06,0.326612903225806,5.687035705120982e-07
128,32,-4.789643272205646e-06,0.328629032258064,4.901093083620931e-07
128,32,-4.789643272205646e-06,0.328629032258065,4.5225509302013433e-10
128,32,-4.789643272205646e-06,0.330645161290323,5.548282192702303e-07
128,32,-4.789643272205646e-06,0.332661290322581,8.096855480180559e-07
128,32,-4.789643272205646e-06,0.334677419354839,2.335691289623122e-07
128,32,-4.789643272205646e-06,0.336693548387097,3.111024511171824e-07
128,32,-4.789643272205646e-06,0.338709677419355,8.53193378592904e-07
128,32,-4.789643272205646e-06,0.340725806451613,4.767281456034343e-07
128,32,-4.789643272205646e-06,0.342741935483871,1.9889744171352832e-07
128,32,-4.789643272205646e-06,0.344758064516129,2.517572559313549e-07
128,32,-4.789643272205646e-06,0.346774193548387,2.919002177901872e-07
128,32,-4.789643272205646e-06,0.348790322580645,2.0135476605006694e-07
128,32,-4.789643272205646e-06,0.350806451612903,7.088771209706032e-08
128,32,-4.789643272205646e-06,0.352822580645161,2.631549314805526e-07
128,32,-4.789643272205646e-06,0.354838709677419,3.833209518647556e-07
128,32,-4.789643272205646e-06,0.356854838709677,2.537591845281711e-07
128,32,-4.789643272205646e-06,0.358870967741935,7.075679837920625e-08
128,32,-4.789643272205646e-06,0.358870967741936,2.5311226710933023e-08
128,32,-4.789643272205646e-06,0.360887096774194,1.8404260475016948e-07
128,32,-4.789643272205646e-06,0.362903225806452,3.458584685557206e-07
128,32,-4.789643272205646e-06,0.36491935483871,1.381315090949427e-07
128,32,-4.789643272205646e-06,0.366935483870968,2.678048275633674e-08
128,32,-4.789643272205646e-06,0.368951612903226,1.6477425341297185e-07
128,32,-4.789643272205646e-06,0.370967741935484,1.7539299866536035e-07
128,32,-4.789643272205646e-06,0.372983870967742,8.910268211137093e-08
128,32,-4.789643272205646e-06,0.375,2.991997768337017e-08
128,32,-4.789643272205646e-06,0.377016129032258,4.3448374173492206e-08
128,32,-4.789643272205646e-06,0.379032258064516,7.983866089117078e-08
128,32,-4.789643272205646e-06,0.381048387096774,9.561380186466721e-08
128,32,-4.789643272205646e-06,0.383064516129032,4.528439319149989e-08
128,32,-4.789643272205646e-06,0.38508064516129,6.096768385011195e-08
128,32,-4.789643272205646e-06,0.387096774193548,1.360423025905523e-07
128,32,-4.789643272205646e-06,0.389112903225806,5.399791248915377e-08
128,32,-4.789643272205646e-06,0.391129032258064,2.5656998524850194e-08
128,32,-4.789643272205646e-06,0.393145161290323,8.193185124304406e-08
128,32,-4.789643272205646e-06,0.395161290322581,4.59736948267417e-08
128,32,-4.789643272205646e-06,0.397177419354839,4.73625295455001e-08
128,32,-4.789643272205646e-06,0.399193548387097,5.4587050638170194e-08
128,32,-4.789643272205646e-06,0.401209677419355,3.386257568929124e-08
128,32,-4.789643272205646e-06,0.403225806451613,6.380961128330738e-08
128,32,-4.789643272205646e-06,0.405241935483871,4.3911277100087856e-08
128,32,-4.789643272205646e-06,0.407258064516129,1.185166867940032e-08
128,32,-4.789643272205646e-06,0.409274193548387,3.953991026589072e-08
128,32,-4.789643272205646e-06,0.411290322580645,3.5349085149012966e-08
128,32,-4.789643272205646e-06,0.413306451612903,1.4693610395111047e-08
128,32,-4.789643272205646e-06,0.415322580645161,1.2260848389013845e-08
128,32,-4.789643272205646e-06,0.417338709677419,2.0932419339357556e-08
128,32,-4.789643272205646e-06,0.419354838709677,2.398561072367767e-08
128,32,-4.789643272205646e-06,0.419354838709678,7.047896783662411e-12
128,32,-4.789643272205646e-06,0.421370967741935,5.094964718678234e-11
128,32,-4.789643272205646e-06,0.421370967741936,5.539588237015811e-09
128,32,-4.789643272205646e-06,0.423387096774194,7.026958712253042e-09
128,32,-4.789643272205646e-06,0.425403225806452,1.3007931819159794e-08
128,32,-4.789643272205646e-06,0.42741935483871,1.1085528972874903e-08
128,32,-4.789643272205646e-06,0.429435483870968,1.4389132349467356e-08
128,32,-4.789643272205646e-06,0.431451612903226,4.369691254284401e-09
128,32,-4.789643272205646e-06,0.433467741935484,6.722801086803201e-09
128,32,-4.789643272205646e-06,0.435483870967742,2.2851897103596906e-08
128,32,-4.789643272205646e-06,0.4375,1.5498596332731273e-08
128,32,-4.789643272205646e-06,0.439516129032258,2.249510830153085e-09
128,32,-4.789643272205646e-06,0.441532258064516,9.927538874414443e-09
128,32,-4.789643272205646e-06,0.443548387096774,1.673361689259927e-08
128,32,-4.789643272205646e-06,0.445564516129032,7.539878652008324e-09
128,32,-4.789643272205646e-06,0.44758064516129,2.0782574041749566e-09
128,32,-4.789643272205646e-06,0.449596774193548,6.6166282621645996e-09
128,32,-4.789643272205646e-06,0.451612903225806,9.031662657715701e-09
128,32,-4.789643272205646e-06,0.453629032258064,4.2711876541996134e-09
128,32,-4.789643272205646e-06,0.453629032258065,5.071308585336363e-10
128,32,-4.789643272205646e-06,0.455645161290323,1.0626805035352296e-09
128,32,-4.789643272205646e-06,0.457661290322581,3.0303214389606882e-09
128,32,-4.789643272205646e-06,0.459677419354839,5.039055719081403e-09
128,32,-4.789643272205646e-06,0.461693548387097,2.946914499232742e-09
128,32,-4.789643272205646e-06,0.463709677419355,1.6813790732658751e-09
128,32,-4.789643272205646e-06,0.465725806451613,4.011018299412593e-09
128,32,-4.789643272205646e-06,0.467741935483871,3.908284365866031e-09
128,32,-4.789643272205646e-06,0.469758064516129,1.9058120239104657e-09
128,32,-4.789643272205646e-06,0.471774193548387,2.0717664256934676e-09
128,32,-4.789643272205646e-06,0.473790322580645,1.3496070775530698e-09
128,32,-4.789643272205646e-06,0.475806451612903,1.4681457418310418e-09
128,32,-4.789643272205646e-06,0.477822580645161,2.1937541029903645e-09
128,32,-4.789643272205646e-06,0.479838709677419,5.554783228835879e-10
128,32,-4.789643272205646e-06,0.481854838709677,1.8683970385420048e-09
128,32,-4.789643272205646e-06,0.481854838709678,1.04197181417747e-10
128,32,-4.789643272205646e-06,0.483870967741935,2.1887297224266565e-09
128,32,-4.789643272205646e-06,0.483870967741936,1.3645971331445468e-09
128,32,-4.789643272205646e-06,0.485887096774194,1.5465565771172331e-09
128,32,-4.789643272205646e-06,0.487903225806452,1.6572855430003458e-09
128,32,-4.789643272205646e-06,0.48991935483871,1.712364291857603e-09
128,32,-4.789643272205646e-06,0.491935483870968,9.639792203073043e-10
128,32,-4.789643272205646e-06,0.493951612903226,1.3642551864075772e-09
128,32,-4.789643272205646e-06,0.495967741935484,5.711252548490193e-10
128,32,-4.789643272205646e-06,0.497983870967742,2.9879816196297633e-10
128,32,-4.789643272205646e-06,0.5,9.275482269341303e-10
128,32,-4.789643272205646e-06,0.502016129032258,8.925061965204706e-10
128,32,-4.789643272205646e-06,0.504032258064516,3.9282361336863886e-10
128,32,-4.789643272205646e-06,0.506048387096774,2.8371063516220576e-10
128,32,-4.789643272205646e-06,0.508064516129032,5.859974108222401e-10
128,32,-4.789643272205646e-06,0.51008064516129,1.2409740138529593e-10
128,32,-4.789643272205646e-06,0.512096774193548,3.896780442284671e-11
128,32,-4.789643272205646e-06,0.514112903225806,6.058771739587496e-10
128,32,-4.789643272205646e-06,0.516129032258064,3.041379012211644e-10
128,32,-4.789643272205646e-06,0.516129032258065,2.9002113906590015e-10
128,32,-4.789643272205646e-06,0.518145161290322,2.1595756877857197e-11
128,32,-4.789643272205646e-06,0.518145161290323,2.5363076727140925e-10
128,32,-4.789643272205646e-06,0.520161290322581,1.879911083728909e-10
128,32,-4.789643272205646e-06,0.522177419354839,4.467263864672583e-10
128,32,-4.789643272205646e-06,0.524193548387097,6.297636857887882e-10
128,32,-4.789643272205646e-06,0.526209677419355,3.7761658696162426e-10
128,32,-4.789643272205646e-06,0.528225806451613,2.1031902394796372e-11
128,32,-4.789643272205646e-06,0.530241935483871,2.547051246929783e-10
128,32,-4.789643272205646e-06,0.532258064516129,5.84544433708035e-10
128,32,-4.789643272205646e-06,0.534274193548387,2.2654878938672446e-10
128,32,-4.789643272205646e-06,0.536290322580645,2.028095442240225e-11
128,32,-4.789643272205646e-06,0.538306451612903,2.1540489419478927e-10
128,32,-4.789643272205646e-06,0.540322580645161,2.0057155285838673e-10
128,32,-4.789643272205646e-06,0.542338709677419,1.2567000123455977e-10
128,32,-4.789643272205646e-06,0.544354838709677,5.805920104815866e-11
128,32,-4.789643272205646e-06,0.544354838709678,6.612128402678258e-12
128,32,-4.789643272205646e-06,0.546370967741935,1.5534232782879443e-11
128,32,-4.789643272205646e-06,0.546370967741936,2.5971972921393553e-11
128,32,-4.789643272205646e-06,0.548387096774194,1.4657339532426953e-10
128,32,-4.789643272205646e-06,0.550403225806452,1.0544379171133699e-10
128,32,-4.789643272205646e-06,0.55241935483871,2.163055910842582e-11
128,32,-4.789643272205646e-06,0.554435483870968,7.192396926196443e-11
128,32,-4.789643272205646e-06,0.556451612903226,8.21980056736365e-11
128,32,-4.789643272205646e-06,0.558467741935484,5.085594406124118e-11
128,32,-4.789643272205646e-06,0.560483870967742,2.90039919156981e-11
128,32,-4.789643272205646e-06,0.5625,4.378555219356368e-11
128,32,-4.789643272205646e-06,0.564516129032258,6.98913217488122e-11
128,32,-4.789643272205646e-06,0.566532258064516,3.135169078960034e-11
128,32,-4.789643272205646e-06,0.568548387096774,2.329685823141552e-11
128,32,-4.789643272205646e-06,0.570564516129032,4.8457228595909795e-11
128,32,-4.789643272205646e-06,0.57258064516129,3.770736351570532e-11
128,32,-4.789643272205646e-06,0.574596774193548,6.032554162736443e-11
128,32,-4.789643272205646e-06,0.576612903225806,6.496423498173222e-11
128,32,-4.789643272205646e-06,0.578629032258064,3.686599204547748e-11
128,32,-4.789643272205646e-06,0.578629032258065,8.825405010881975e-12
128,32,-4.789643272205646e-06,0.580645161290322,4.3335302691020704e-11
128,32,-4.789643272205646e-06,0.580645161290323,2.143417346914608e-11
128,32,-4.789643272205646e-06,0.582661290322581,3.786729072903917e-11
128,32,-4.789643272205646e-06,0.584677419354839,1.1880567826919104e-11
128,32,-4.789643272205646e-06,0.586693548387097,2.6375800784575385e-11
128,32,-4.789643272205646e-06,0.588709677419355,1.5607408475455772e-11
128,32,-4.789643272205646e-06,0.590725806451613,7.0966793869676774e-12
128,32,-4.789643272205646e-06,0.592741935483871,1.368854139291289e-11
128,32,-4.789643272205646e-06,0.594758064516129,1.7741912061390072e-11
128,32,-4.789643272205646e-06,0.596774193548387,1.3014866339430383e-11
128,32,-4.789643272205646e-06,0.598790322580645,7.077259189227294e-12
128,32,-4.789643272205646e-06,0.600806451612903,2.323120345247929e-12
128,32,-4.789643272205646e-06,0.602822580645161,1.629431414404876e-12
128,32,-4.789643272205646e-06,0.604838709677419,1.0281274702290718e-11
128,32,-4.789643272205646e-06,0.606854838709677,2.136435019407817e-12
128,32,-4.789643272205646e-06,0.606854838709678,5.414701635370905e-12
128,32,-4.789643272205646e-06,0.608870967741936,3.0342735943123253e-12
128,32,-4.789643272205646e-06,0.610887096774194,7.842445861117096e-12
128,32,-4.789643272205646e-06,0.612903225806452,1.102909063246397e-11
128,32,-4.789643272205646e-06,0.61491935483871,8.042758993585646e-12
128,32,-4.789643272205646e-06,0.616935483870968,1.1651514610022756e-12
128,32,-4.789643272205646e-06,0.618951612903226,4.350813288595626e-12
128,32,-4.789643272205646e-06,0.620967741935484,1.173010408188286e-11
128,32,-4.789643272205646e-06,0.622983870967742,7.395643865064824e-12
128,32,-4.789643272205646e-06,0.627016129032258,5.830437902366134e-12
128,32,-4.789643272205646e-06,0.629032258064516,1.213017523628725e-11
128,32,-4.789643272205646e-06,0.631048387096774,4.454476812391259e-12
128,32,-4.789643272205646e-06,0.63508064516129,5.014702608717698e-12
128,32,-4.789643272205646e-06,0.637096774193548,4.055644077032373e-12
128,32,-4.789643272205646e-06,0.639112903225806,1.5986671834871254e-12
128,32,-4.789643272205646e-06,0.645161290322581,2.2255819124277148e-12
128,32,-4.789643272205646e-06,0.647177419354839,1.2533922818798468e-12
128,32,-4.789643272205646e-06,0.651209677419355,1.3012127385098024e-12
128,32,-4.789643272205646e-06,0.653225806451613,1.2818405613004882e-12
128,32,-4.789643272205646e-06,0.665322580645161,1.0111135628842262e-12
128,32,-4.789643272205646e-06,0.675403225806452,1.0057177402930785e-12
128,32,-4.789643272205646e-06,0.67741935483871,1.2389775405887738e-12
512,128,-4.789643272205646e-06,-0.177165354330709,1.4623665663298478e-12
512,128,-4.789643272205646e-06,-0.174212598425197,1.4233778726606778e-12
512,128,-4.789643272205646e-06,-0.173843503937008,1.0322658580032166e-12
512,128,-4.789643272205646e-06,-0.173597440944882,1.0008253010148664e-12
512,128,-4.789643272205646e-06,-0.173228346456693,1.6224823436508073e-12
512,128,-4.789643272205646e-06,-0.17310531496063,1.145435134462717e-12
512,128,-4.789643272205646e-06,-0.172736220472441,1.8870077130056767e-12
512,128,-4.789643272205646e-06,-0.172367125984252,1.1274424195066601e-12
512,128,-4.789643272205646e-06,-0.172244094488189,1.967379911206476e-12
512,128,-4.789643272205646e-06,-0.171875,1.113572520696155e-12
512,128,-4.789643272205646e-06,-0.171751968503937,1.115447161971014e-12
512,128,-4.789643272205646e-06,-0.171628937007874,1.6031904140452321e-12
512,128,-4.789643272205646e-06,-0.171382874015748,1.0769177857965208e-12
512,128,-4.789643272205646e-06,-0.171259842519685,2.505850437606359e-12
512,128,-4.789643272205646e-06,-0.170890748031496,1.390850546335111e-12
512,128,-4.789643272205646e-06,-0.170767716535433,1.229641969949649e-12
512,128,-4.789643272205646e-06,-0.17064468503937,1.0879904162876299e-12
512,128,-4.789643272205646e-06,-0.170398622047244,1.250425458129987e-12
512,128,-4.789643272205646e-06,-0.170275590551181,1.82337342794697e-12
512,128,-4.789643272205646e-06,-0.170152559055118,1.4670215567350896e-12
512,128,-4.789643272205646e-06,-0.169906496062992,1.1373054446189576e-12
512,128,-4.789643272205646e-06,-0.169783464566929,2.450479819093405e-12
512,128,-4.789643272205646e-06,-0.169660433070866,1.450261220180202e-12
512,128,-4.789643272205646e-06,-0.16941437007874,2.041170877908075e-12
512,128,-4.789643272205646e-06,-0.169291338582677,2.640537912655046e-12
512,128,-4.789643272205646e-06,-0.169168307086614,1.3464644824406197e-12
512,128,-4.789643272205646e-06,-0.169045275590551,1.064894501349176e-12
512,128,-4.789643272205646e-06,-0.168922244094488,1.4975425170014922e-12
512,128,-4.789643272205646e-06,-0.168799212598425,1.850821711514985e-12
512,128,-4.789643272205646e-06,-0.168676181102362,1.7092710213694557e-12
512,128,-4.789643272205646e-06,-0.168430118110236,2.0061674501826408e-12
512,128,-4.789643272205646e-06,-0.168307086614173,3.77957304720397e-12
512,128,-4.789643272205646e-06,-0.16818405511811,1.5217365707938726e-12
512,128,-4.789643272205646e-06,-0.167937992125984,3.2707115813009417e-12
512,128,-4.789643272205646e-06,-0.167814960629921,2.172294139756971e-12
512,128,-4.789643272205646e-06,-0.167568897637795,1.1266344613903063e-12
512,128,-4.789643272205646e-06,-0.167445866141732,1.7887068488755663e-12
512,128,-4.789643272205646e-06,-0.167322834645669,3.675592554520536e-12
512,128,-4.789643272205646e-06,-0.167199803149606,2.7831993204761328e-12
512,128,-4.789643272205646e-06,-0.167076771653543,1.3061365677310966e-12
512,128,-4.789643272205646e-06,-0.16695374015748,1.7566768914017895e-12
512,128,-4.789643272205646e-06,-0.166830708661417,3.016552677071817e-12
512,128,-4.789643272205646e-06,-0.166707677165354,2.126389464314564e-12
512,128,-4.789643272205646e-06,-0.166461614173228,3.0522072569971277e-12
512,128,-4.789643272205646e-06,-0.166338582677165,3.5245378525435915e-12
512,128,-4.789643272205646e-06,-0.166215551181102,2.3903042588125056e-12
512,128,-4.789643272205646e-06,-0.166092519685039,2.6449509656493445e-12
512,128,-4.789643272205646e-06,-0.165969488188976,2.2357160370128357e-12
512,128,-4.789643272205646e-06,-0.165846456692913,2.256400360765721e-12
512,128,-4.789643272205646e-06,-0.16572342519685,2.950603250758962e-12
512,128,-4.789643272205646e-06,-0.165600393700787,1.0583911225172759e-12
512,128,-4.789643272205646e-06,-0.165477362204724,2.5196481646439562e-12
512,128,-4.789643272205646e-06,-0.165354330708661,6.321670947157158e-12
512,128,-4.789643272205646e-06,-0.165231299212598,3.326938378806515e-12
512,128,-4.789643272205646e-06,-0.165108267716535,1.7045724795929507e-12
512,128,-4.789643272205646e-06,-0.164985236220472,3.726074086224758e-12
512,128,-4.789643272205646e-06,-0.164862204724409,3.706690695719484e-12
512,128,-4.789643272205646e-06,-0.164739173228346,2.0886085874253295e-12
512,128,-4.789643272205646e-06,-0.164616141732283,1.7805738275268725e-12
512,128,-4.789643272205646e-06,-0.16449311023622,2.760419773079645e-12
512,128,-4.789643272205646e-06,-0.164370078740157,3.83884831107856e-12
512,128,-4.789643272205646e-06,-0.164247047244094,4.460830090669465e-12
512,128,-4.789643272205646e-06,-0.164124015748031,1.8917580871638223e-12
512,128,-4.789643272205646e-06,-0.164000984251968,2.0926412452498844e-12
512,128,-4.789643272205646e-06,-0.163877952755906,4.0539832013462335e-12
512,128,-4.789643272205646e-06,-0.163754921259842,2.240553579856226e-12
512,128,-4.789643272205646e-06,-0.16363188976378,1.313747735990405e-12
512,128,-4.789643272205646e-06,-0.163508858267717,3.157398901877922e-12
512,128,-4.789643272205646e-06,-0.163385826771654,4.560149462631117e-12
512,128,-4.789643272205646e-06,-0.163262795275591,2.767000400100475e-12
512,128,-4.789643272205646e-06,-0.163139763779528,2.020069371177061e-12
512,128,-4.789643272205646e-06,-0.163016732283465,2.895152117368879e-12
512,128,-4.789643272205646e-06,-0.162893700787402,3.6295675540178336e-12
512,128,-4.789643272205646e-06,-0.162770669291339,4.29710318681821e-12
512,128,-4.789643272205646e-06,-0.162647637795276,1.4598629023366884e-12
512,128,-4.789643272205646e-06,-0.162524606299213,3.67732942544419e-12
512,128,-4.789643272205646e-06,-0.16240157480315,8.234697782675424e-12
512,128,-4.789643272205646e-06,-0.162278543307087,3.1218399114485435e-12
512,128,-4.789643272205646e-06,-0.162155511811024,1.57771707427311e-12
512,128,-4.789643272205646e-06,-0.162032480314961,4.311461033629264e-12
512,128,-4.789643272205646e-06,-0.161909448818898,4.948198065363243e-12
512,128,-4.789643272205646e-06,-0.161786417322835,4.381731893661976e-12
512,128,-4.789643272205646e-06,-0.161663385826772,1.9872519482250917e-12
512,128,-4.789643272205646e-06,-0.161540354330709,3.116328171421488e-12
512,128,-4.789643272205646e-06,-0.161417322834646,7.953004455446438e-12
512,128,-4.789643272205646e-06,-0.161294291338583,4.752005580961505e-12
512,128,-4.789643272205646e-06,-0.16117125984252,1.9309995488583085e-12
512,128,-4.789643272205646e-06,-0.161048228346457,5.955477067746069e-12
512,128,-4.789643272205646e-06,-0.160925196850394,7.2330169489486725e-12
512,128,-4.789643272205646e-06,-0.160802165354331,3.997481307464829e-12
512,128,-4.789643272205646e-06,-0.160679133858268,1.8612234828705585e-12
512,128,-4.789643272205646e-06,-0.160556102362205,7.645787864797383e-12
512,128,-4.789643272205646e-06,-0.160433070866142,7.154355862632273e-12
512,128,-4.789643272205646e-06,-0.160310039370079,5.110421152475896e-12
512,128,-4.789643272205646e-06,-0.160187007874016,3.505860242374757e-12
512,128,-4.789643272205646e-06,-0.160063976377953,4.811962575059803e-12
512,128,-4.789643272205646e-06,-0.15994094488189,9.915920712157946e-12
512,128,-4.789643272205646e-06,-0.159817913385827,6.179518069418283e-12
512,128,-4.789643272205646e-06,-0.159694881889764,3.505928351098808e-12
512,128,-4.789643272205646e-06,-0.159571850393701,5.7426078663410215e-12
512,128,-4.789643272205646e-06,-0.159448818897638,1.4116425268270478e-11
512,128,-4.789643272205646e-06,-0.159325787401575,1.0094733706736177e-11
512,128,-4.789643272205646e-06,-0.159202755905512,2.012060363556789e-12
512,128,-4.789643272205646e-06,-0.159079724409449,6.6343689745545155e-12
512,128,-4.789643272205646e-06,-0.158956692913386,7.776361702640538e-12
512,128,-4.789643272205646e-06,-0.158833661417323,6.0478186470310545e-12
512,128,-4.789643272205646e-06,-0.15871062992126,4.3264797489769285e-12
512,128,-4.789643272205646e-06,-0.158587598425197,5.384421660489961e-12
512,128,-4.789643272205646e-06,-0.158464566929134,1.1503912198650762e-11
512,128,-4.789643272205646e-06,-0.158341535433071,1.0351829539065086e-11
512,128,-4.789643272205646e-06,-0.158218503937008,2.4209496536263585e-12
512,128,-4.789643272205646e-06,-0.158095472440945,6.801087386234726e-12
512,128,-4.789643272205646e-06,-0.157972440944882,1.0640758769890952e-11
512,128,-4.789643272205646e-06,-0.157849409448819,6.846398767984177e-12
512,128,-4.789643272205646e-06,-0.157726377952756,2.9850739870141035e-12
512,128,-4.789643272205646e-06,-0.157603346456693,8.648376454901982e-12
512,128,-4.789643272205646e-06,-0.15748031496063,1.6312765080764493e-11
512,128,-4.789643272205646e-06,-0.157357283464567,6.57997699621849e-12
512,128,-4.789643272205646e-06,-0.157234251968504,3.71328089885521e-12
512,128,-4.789643272205646e-06,-0.157111220472441,7.386309965880327e-12
512,128,-4.789643272205646e-06,-0.156988188976378,1.1003399012186765e-11
512,128,-4.789643272205646e-06,-0.156865157480315,1.2863574563234274e-11
512,128,-4.789643272205646e-06,-0.156742125984252,4.964985371306004e-12
512,128,-4.789643272205646e-06,-0.156619094488189,7.615792545543785e-12
512,128,-4.789643272205646e-06,-0.156496062992126,1.597410932021875e-11
512,128,-4.789643272205646e-06,-0.156373031496063,7.838934388034224e-12
512,128,-4.789643272205646e-06,-0.15625,3.929256504979401e-12
512,128,-4.789643272205646e-06,-0.156126968503937,9.888451477860065e-12
512,128,-4.789643272205646e-06,-0.156003937007874,8.845775052038156e-12
512,128,-4.789643272205646e-06,-0.155880905511811,9.224052757311832e-12
512,128,-4.789643272205646e-06,-0.155757874015748,5.767896191715609e-12
512,128,-4.789643272205646e-06,-0.155634842519685,8.12319696051511e-12
512,128,-4.789643272205646e-06,-0.155511811023622,1.3447993886860284e-11
512,128,-4.789643272205646e-06,-0.155388779527559,1.0351159974546563e-11
512,128,-4.789643272205646e-06,-0.155265748031496,3.805825754733517e-12
512,128,-4.789643272205646e-06,-0.155142716535433,7.161301713344993e-12
512,128,-4.789643272205646e-06,-0.15501968503937,1.9412808149996308e-11
512,128,-4.789643272205646e-06,-0.154896653543307,9.449122696373383e-12
512,128,-4.789643272205646e-06,-0.154773622047244,4.07592768429323e-12
512,128,-4.789643272205646e-06,-0.154650590551181,1.2628861105412706e-11
512,128,-4.789643272205646e-06,-0.154527559055118,1.6033804853148646e-11
512,128,-4.789643272205646e-06,-0.154404527559055,1.090485239522591e-11
512,128,-4.789643272205646e-06,-0.154281496062992,7.64911777907514e-12
512,128,-4.789643272205646e-06,-0.154158464566929,1.263035484143091e-11
512,128,-4.789643272205646e-06,-0.154035433070866,1.1115278680477624e-11
512,128,-4.789643272205646e-06,-0.153912401574803,1.7786854218960447e-11
512,128,-4.789643272205646e-06,-0.15378937007874,9.709782294926968e-12
512,128,-4.789643272205646e-06,-0.153666338582677,1.186210319022286e-11
512,128,-4.789643272205646e-06,-0.153543307086614,3.0483073760532736e-11
512,128,-4.789643272205646e-06,-0.153420275590551,1.0358831678626455e-11
512,128,-4.789643272205646e-06,-0.153297244094488,7.772283951037431e-12
512,128,-4.789643272205646e-06,-0.153174212598425,2.163224984534619e-11
512,128,-4.789643272205646e-06,-0.153051181102362,1.353652934431219e-11
512,128,-4.789643272205646e-06,-0.152928149606299,1.1782007094888953e-11
512,128,-4.789643272205646e-06,-0.152805118110236,1.3989430070820799e-11
512,128,-4.789643272205646e-06,-0.152682086614173,1.6961631769534018e-11
512,128,-4.789643272205646e-06,-0.15255905511811,2.3663092691608896e-11
512,128,-4.789643272205646e-06,-0.152436023622047,1.7265029432078612e-11
512,128,-4.789643272205646e-06,-0.152312992125984,6.268322592609315e-12
512,128,-4.789643272205646e-06,-0.152189960629921,1.4335981912197301e-11
512,128,-4.789643272205646e-06,-0.152066929133858,2.3908614271357284e-11
512,128,-4.789643272205646e-06,-0.151943897637795,1.4407973865303459e-11
512,128,-4.789643272205646e-06,-0.151820866141732,7.365090689706063e-12
512,128,-4.789643272205646e-06,-0.151697834645669,2.3629784893802687e-11
512,128,-4.789643272205646e-06,-0.151574803149606,3.201281196301188e-11
512,128,-4.789643272205646e-06,-0.151451771653543,1.518631864004277e-11
512,128,-4.789643272205646e-06,-0.15132874015748,1.0704456315683433e-11
512,128,-4.789643272205646e-06,-0.151205708661417,1.6001530981037164e-11
512,128,-4.789643272205646e-06,-0.151082677165354,1.7647609688395814e-11
512,128,-4.789643272205646e-06,-0.150959645669291,1.8733198802745595e-11
512,128,-4.789643272205646e-06,-0.150836614173228,7.209568458439932e-12
512,128,-4.789643272205646e-06,-0.150713582677165,2.1267555296843403e-11
512,128,-4.789643272205646e-06,-0.150590551181102,4.144448382458489e-11
512,128,-4.789643272205646e-06,-0.150467519685039,1.900212211131017e-11
512,128,-4.789643272205646e-06,-0.150344488188976,8.97566938496277e-12
512,128,-4.789643272205646e-06,-0.150221456692913,2.989618677415329e-11
512,128,-4.789643272205646e-06,-0.15009842519685,2.7343497675619542e-11
512,128,-4.789643272205646e-06,-0.149975393700787,1.7065069841604952e-11
512,128,-4.789643272205646e-06,-0.149852362204724,1.72558731223394e-11
512,128,-4.789643272205646e-06,-0.149729330708661,1.8243309188835185e-11
512,128,-4.789643272205646e-06,-0.149606299212598,4.231306448424089e-11
512,128,-4.789643272205646e-06,-0.149483267716535,3.5432835179587815e-11
512,128,-4.789643272205646e-06,-0.149360236220472,9.604711911994801e-12
512,128,-4.789643272205646e-06,-0.149237204724409,1.9627826653487557e-11
512,128,-4.789643272205646e-06,-0.149114173228346,3.633844895625691e-11
512,128,-4.789643272205646e-06,-0.148991141732283,2.3078147537636187e-11
512,128,-4.789643272205646e-06,-0.14886811023622,1.5658327495105234e-11
512,128,-4.789643272205646e-06,-0.148745078740158,3.863260419519508e-12
512,128,-4.789643272205646e-06,-0.148745078740157,2.85665285144697e-11
512,128,-4.789643272205646e-06,-0.148622047244094,3.6570869341753793e-11
512,128,-4.789643272205646e-06,-0.148499015748032,2.094800436415002e-12
512,128,-4.789643272205646e-06,-0.148499015748031,2.722246776286604e-11
512,128,-4.789643272205646e-06,-0.148375984251969,1.7817990077473702e-12
512,128,-4.789643272205646e-06,-0.148375984251968,1.0552662784659528e-11
512,128,-4.789643272205646e-06,-0.148252952755906,2.7062943843504722e-11
512,128,-4.789643272205646e-06,-0.148129921259843,9.235874358750269e-12
512,128,-4.789643272205646e-06,-0.148129921259842,2.5862247408613396e-11
512,128,-4.789643272205646e-06,-0.14800688976378,3.034623233382782e-11
512,128,-4.789643272205646e-06,-0.147883858267717,1.1101322946213549e-11
512,128,-4.789643272205646e-06,-0.147760826771654,2.6883656838620694e-11
512,128,-4.789643272205646e-06,-0.147637795275591,7.52326168540666e-11
512,128,-4.789643272205646e-06,-0.147514763779528,2.345299658077462e-11
512,128,-4.789643272205646e-06,-0.147391732283465,1.2310676983602827e-11
512,128,-4.789643272205646e-06,-0.147268700787402,4.4243893837189704e-11
512,128,-4.789643272205646e-06,-0.147145669291339,3.736498668217802e-11
512,128,-4.789643272205646e-06,-0.147022637795276,3.168025338459609e-11
512,128,-4.789643272205646e-06,-0.146899606299213,1.7612589690195893e-11
512,128,-4.789643272205646e-06,-0.14677657480315,2.923751934863865e-11
512,128,-4.789643272205646e-06,-0.146653543307087,4.784052800522717e-11
512,128,-4.789643272205646e-06,-0.146530511811024,3.673973759769586e-11
512,128,-4.789643272205646e-06,-0.146407480314961,1.3177545557172682e-11
512,128,-4.789643272205646e-06,-0.146284448818898,3.11938113769663e-11
512,128,-4.789643272205646e-06,-0.146161417322835,6.554866876341601e-11
512,128,-4.789643272205646e-06,-0.146038385826772,3.2812288498622144e-11
512,128,-4.789643272205646e-06,-0.145915354330709,1.3718647197959882e-11
512,128,-4.789643272205646e-06,-0.145792322834646,5.646400573930384e-11
512,128,-4.789643272205646e-06,-0.145669291338583,6.439928380281859e-11
512,128,-4.789643272205646e-06,-0.14554625984252,3.642447170767662e-11
512,128,-4.789643272205646e-06,-0.145423228346457,2.4808876353693182e-11
512,128,-4.789643272205646e-06,-0.145300196850394,3.639330740746724e-11
512,128,-4.789643272205646e-06,-0.145177165354331,5.2518803604443243e-11
512,128,-4.789643272205646e-06,-0.145054133858268,5.8122146182894706e-11
512,128,-4.789643272205646e-06,-0.144931102362205,1.0963001999784563e-11
512,128,-4.789643272205646e-06,-0.144808070866142,3.045521707775887e-11
512,128,-4.789643272205646e-06,-0.144685039370079,9.211842946730633e-11
512,128,-4.789643272205646e-06,-0.144562007874016,3.180164677351914e-11
512,128,-4.789643272205646e-06,-0.144438976377953,1.8697104664600673e-11
512,128,-4.789643272205646e-06,-0.14431594488189,4.851288886417334e-11
512,128,-4.789643272205646e-06,-0.144192913385827,4.386067979458354e-11
512,128,-4.789643272205646e-06,-0.144069881889764,4.1193175602657634e-11
512,128,-4.789643272205646e-06,-0.143946850393701,2.582628370627661e-11
512,128,-4.789643272205646e-06,-0.143823818897638,4.697013013627856e-11
512,128,-4.789643272205646e-06,-0.143700787401575,6.92062979481641e-11
512,128,-4.789643272205646e-06,-0.143577755905512,5.283934286687e-11
512,128,-4.789643272205646e-06,-0.143454724409449,3.5629943277993584e-11
512,128,-4.789643272205646e-06,-0.143331692913386,5.2452749599833324e-11
512,128,-4.789643272205646e-06,-0.143208661417323,7.799206852494952e-11
512,128,-4.789643272205646e-06,-0.14308562992126,5.0669049731266925e-11
512,128,-4.789643272205646e-06,-0.142962598425197,2.657087571492544e-11
512,128,-4.789643272205646e-06,-0.142839566929134,6.189260789107723e-11
512,128,-4.789643272205646e-06,-0.142716535433071,9.645788686879011e-11
512,128,-4.789643272205646e-06,-0.142593503937008,5.224770208308617e-11
512,128,-4.789643272205646e-06,-0.142470472440945,3.7304776871673754e-11
512,128,-4.789643272205646e-06,-0.142347440944882,5.59917182618109e-11
512,128,-4.789643272205646e-06,-0.142224409448819,7.024126138491214e-11
512,128,-4.789643272205646e-06,-0.142101377952756,1.2575168765006783e-10
512,128,-4.789643272205646e-06,-0.141978346456693,2.9286165370294936e-11
512,128,-4.789643272205646e-06,-0.14185531496063,6.029283363319442e-11
512,128,-4.789643272205646e-06,-0.141732283464567,1.6193400079307338e-10
512,128,-4.789643272205646e-06,-0.141609251968504,6.445596461543362e-11
512,128,-4.789643272205646e-06,-0.141486220472441,7.072445663639341e-11
512,128,-4.789643272205646e-06,-0.141363188976378,7.461010558511443e-11
512,128,-4.789643272205646e-06,-0.141240157480315,8.902416986002515e-11
512,128,-4.789643272205646e-06,-0.141117125984252,9.747281626754938e-11
512,128,-4.789643272205646e-06,-0.140994094488189,4.166527501306811e-11
512,128,-4.789643272205646e-06,-0.140871062992126,7.511304117665025e-11
512,128,-4.789643272205646e-06,-0.140748031496063,1.2402822887300634e-10
512,128,-4.789643272205646e-06,-0.140625,1.0569580860846145e-10
512,128,-4.789643272205646e-06,-0.140501968503937,3.244527526236883e-11
512,128,-4.789643272205646e-06,-0.140378937007874,7.736171451242775e-11
512,128,-4.789643272205646e-06,-0.140255905511811,1.4918995934966994e-10
512,128,-4.789643272205646e-06,-0.140132874015748,7.990046259730486e-11
512,128,-4.789643272205646e-06,-0.140009842519685,3.316047393244127e-11
512,128,-4.789643272205646e-06,-0.139886811023622,8.701854103966938e-11
512,128,-4.789643272205646e-06,-0.139763779527559,1.2134168942940722e-10
512,128,-4.789643272205646e-06,-0.139640748031496,8.773781936142601e-11
512,128,-4.789643272205646e-06,-0.139517716535433,7.226957655906669e-11
512,128,-4.789643272205646e-06,-0.13939468503937,5.87689308537436e-11
512,128,-4.789643272205646e-06,-0.139271653543307,8.660935944404638e-11
512,128,-4.789643272205646e-06,-0.139148622047244,1.0462912933670369e-10
512,128,-4.789643272205646e-06,-0.139025590551181,4.375524296208032e-11
512,128,-4.789643272205646e-06,-0.138902559055118,9.24889243676084e-11
512,128,-4.789643272205646e-06,-0.138779527559055,1.7503982356122047e-10
512,128,-4.789643272205646e-06,-0.138656496062992,7.705599255312021e-11
512,128,-4.789643272205646e-06,-0.138533464566929,4.773989160869979e-11
512,128,-4.789643272205646e-06,-0.138410433070866,1.5859609368205062e-10
512,128,-4.789643272205646e-06,-0.138287401574803,1.0289585029900538e-10
512,128,-4.789643272205646e-06,-0.13816437007874,8.762543608541616e-11
512,128,-4.789643272205646e-06,-0.138041338582677,6.53534255456022e-11
512,128,-4.789643272205646e-06,-0.137918307086614,9.787035207105362e-11
512,128,-4.789643272205646e-06,-0.137795275590551,2.419055390118027e-10
512,128,-4.789643272205646e-06,-0.137672244094488,1.2069886425626753e-10
512,128,-4.789643272205646e-06,-0.137549212598425,4.4907768535097206e-11
512,128,-4.789643272205646e-06,-0.137426181102362,1.0510577656531266e-10
512,128,-4.789643272205646e-06,-0.137303149606299,1.5858697355794231e-10
512,128,-4.789643272205646e-06,-0.137180118110236,1.1984237133556337e-10
512,128,-4.789643272205646e-06,-0.137057086614173,5.427456297313338e-11
512,128,-4.789643272205646e-06,-0.13693405511811,1.3786463935513937e-10
512,128,-4.789643272205646e-06,-0.136811023622047,1.7931691536228227e-10
512,128,-4.789643272205646e-06,-0.136687992125984,8.461036206735221e-11
512,128,-4.789643272205646e-06,-0.136564960629921,7.18551567924e-11
512,128,-4.789643272205646e-06,-0.136441929133858,1.212553438697347e-10
512,128,-4.789643272205646e-06,-0.136318897637795,1.3550160790644339e-10
512,128,-4.789643272205646e-06,-0.136195866141732,1.6515272222110085e-10
512,128,-4.789643272205646e-06,-0.136072834645669,6.086568904981609e-11
512,128,-4.789643272205646e-06,-0.135949803149606,1.7599860307698794e-10
512,128,-4.789643272205646e-06,-0.135826771653543,3.2829569802292777e-10
512,128,-4.789643272205646e-06,-0.13570374015748,1.4408513685816768e-10
512,128,-4.789643272205646e-06,-0.135580708661417,4.451820179253285e-11
512,128,-4.789643272205646e-06,-0.135457677165354,1.7486869426418124e-10
512,128,-4.789643272205646e-06,-0.135334645669291,2.8515223093030326e-10
512,128,-4.789643272205646e-06,-0.135211614173228,1.4981448722327627e-10
512,128,-4.789643272205646e-06,-0.135088582677165,9.463761839406374e-11
512,128,-4.789643272205646e-06,-0.134965551181102,1.5119740750548846e-10
512,128,-4.789643272205646e-06,-0.134842519685039,2.34221897998026e-10
512,128,-4.789643272205646e-06,-0.134719488188976,2.674196549176318e-10
512,128,-4.789643272205646e-06,-0.134596456692913,7.256695866763295e-11
512,128,-4.789643272205646e-06,-0.13447342519685,1.5008711300597015e-10
512,128,-4.789643272205646e-06,-0.134350393700787,3.371188218418781e-10
512,128,-4.789643272205646e-06,-0.134227362204724,1.6714458395300375e-10
512,128,-4.789643272205646e-06,-0.134104330708661,8.603202572684276e-11
512,128,-4.789643272205646e-06,-0.133981299212598,2.743214549827085e-10
512,128,-4.789643272205646e-06,-0.133858267716535,3.8957625198946414e-10
512,128,-4.789643272205646e-06,-0.133735236220472,1.7348585038802503e-10
512,128,-4.789643272205646e-06,-0.133612204724409,1.1739293979668574e-10
512,128,-4.789643272205646e-06,-0.133489173228346,3.173210986732868e-10
512,128,-4.789643272205646e-06,-0.133366141732283,2.0078591496990354e-10
512,128,-4.789643272205646e-06,-0.13324311023622,2.184202372202824e-10
512,128,-4.789643272205646e-06,-0.133120078740158,1.2940058849693805e-11
512,128,-4.789643272205646e-06,-0.133120078740157,8.149367463036328e-11
512,128,-4.789643272205646e-06,-0.132997047244094,1.4450842803760603e-10
512,128,-4.789643272205646e-06,-0.132874015748032,7.521426156431937e-11
512,128,-4.789643272205646e-06,-0.132874015748031,4.37727302127289e-10
512,128,-4.789643272205646e-06,-0.132750984251969,1.546705299711051e-11
512,128,-4.789643272205646e-06,-0.132750984251968,2.05996937142047e-10
512,128,-4.789643272205646e-06,-0.132627952755906,1.2741922146651756e-10
512,128,-4.789643272205646e-06,-0.132504921259843,2.6040558757620368e-11
512,128,-4.789643272205646e-06,-0.132504921259842,2.241187294736358e-10
512,128,-4.789643272205646e-06,-0.13238188976378,2.221093505316859e-10
512,128,-4.789643272205646e-06,-0.132258858267717,1.6614431068337656e-10
512,128,-4.789643272205646e-06,-0.132135826771654,1.419249089163673e-10
512,128,-4.789643272205646e-06,-0.132012795275591,2.6148830165012406e-10
512,128,-4.789643272205646e-06,-0.131889763779528,3.7055508164404997e-10
512,128,-4.789643272205646e-06,-0.131766732283465,3.596646317302692e-10
512,128,-4.789643272205646e-06,-0.131643700787402,1.2134859414455235e-10
512,128,-4.789643272205646e-06,-0.131520669291339,2.225977098956627e-10
512,128,-4.789643272205646e-06,-0.131397637795276,3.902866909745997e-10
512,128,-4.789643272205646e-06,-0.131274606299213,1.8317105880850014e-10
512,128,-4.789643272205646e-06,-0.13115157480315,1.249999191929158e-10
512,128,-4.789643272205646e-06,-0.131028543307087,4.193330246843991e-10
512,128,-4.789643272205646e-06,-0.130905511811024,4.82243404066823e-10
512,128,-4.789643272205646e-06,-0.130782480314961,2.6109762466288257e-10
512,128,-4.789643272205646e-06,-0.130659448818898,1.855304521441957e-10
512,128,-4.789643272205646e-06,-0.130536417322835,2.848152264594379e-10
512,128,-4.789643272205646e-06,-0.130413385826772,3.6441478319371413e-10
512,128,-4.789643272205646e-06,-0.130290354330709,3.434370926560879e-10
512,128,-4.789643272205646e-06,-0.130167322834646,2.3126882459262607e-10
512,128,-4.789643272205646e-06,-0.130044291338583,3.133607557133882e-10
512,128,-4.789643272205646e-06,-0.12992125984252,7.33717814516341e-10
512,128,-4.789643272205646e-06,-0.129798228346457,3.242634440397727e-10
512,128,-4.789643272205646e-06,-0.129675196850394,8.286044232639696e-11
512,128,-4.789643272205646e-06,-0.129552165354331,4.978815810191444e-10
512,128,-4.789643272205646e-06,-0.129429133858268,3.392043277081285e-10
512,128,-4.789643272205646e-06,-0.129306102362205,3.2473105670758954e-10
512,128,-4.789643272205646e-06,-0.129183070866142,3.3175694919492725e-10
512,128,-4.789643272205646e-06,-0.129060039370079,3.2345007776180813e-10
512,128,-4.789643272205646e-06,-0.128937007874016,5.147337517249532e-10
512,128,-4.789643272205646e-06,-0.128813976377953,3.986894740813295e-10
512,128,-4.789643272205646e-06,-0.12869094488189,1.6220652030273832e-10
512,128,-4.789643272205646e-06,-0.128567913385827,2.915186007459964e-10
512,128,-4.789643272205646e-06,-0.128444881889764,5.434535203948e-10
512,128,-4.789643272205646e-06,-0.128321850393701,4.031714772756386e-10
512,128,-4.789643272205646e-06,-0.128198818897638,1.9203383684441202e-10
512,128,-4.789643272205646e-06,-0.128075787401575,4.455509699839646e-10
512,128,-4.789643272205646e-06,-0.127952755905512,7.183647066517353e-10
512,128,-4.789643272205646e-06,-0.127829724409449,3.880859253212305e-10
512,128,-4.789643272205646e-06,-0.127706692913386,2.4598100265735295e-10
512,128,-4.789643272205646e-06,-0.127583661417323,4.1166709569590335e-10
512,128,-4.789643272205646e-06,-0.12746062992126,5.861820632187422e-10
512,128,-4.789643272205646e-06,-0.127337598425197,6.940177379684618e-10
512,128,-4.789643272205646e-06,-0.127214566929134,2.7590329755236426e-10
512,128,-4.789643272205646e-06,-0.127091535433071,4.265449675287923e-10
512,128,-4.789643272205646e-06,-0.126968503937008,8.801584084841828e-10
512,128,-4.789643272205646e-06,-0.126845472440945,4.1617709821481655e-10
512,128,-4.789643272205646e-06,-0.126722440944882,2.5610370591069844e-10
512,128,-4.789643272205646e-06,-0.126599409448819,5.298499048354775e-10
512,128,-4.789643272205646e-06,-0.126476377952756,5.202052824449514e-10
512,128,-4.789643272205646e-06,-0.126353346456693,6.011496221714292e-10
512,128,-4.789643272205646e-06,-0.12623031496063,3.64188445162577e-10
512,128,-4.789643272205646e-06,-0.126107283464567,3.877258862690708e-10
512,128,-4.789643272205646e-06,-0.125984251968504,1.035197523000427e-09
512,128,-4.789643272205646e-06,-0.125861220472441,8.317138805324871e-10
512,128,-4.789643272205646e-06,-0.125738188976378,2.1149501880960742e-10
512,128,-4.789643272205646e-06,-0.125615157480315,5.074542947361372e-10
512,128,-4.789643272205646e-06,-0.125492125984252,1.1456298091622982e-09
512,128,-4.789643272205646e-06,-0.125369094488189,5.193144150137803e-10
512,128,-4.789643272205646e-06,-0.125246062992126,2.4432648013987754e-10
512,128,-4.789643272205646e-06,-0.125123031496063,8.053925250334888e-10
512,128,-4.789643272205646e-06,-0.125,8.708102853345811e-10
512,128,-4.789643272205646e-06,-0.124876968503937,9.896070293604823e-10
512,128,-4.789643272205646e-06,-0.124753937007874,3.449162034963486e-10
512,128,-4.789643272205646e-06,-0.124630905511811,5.995318742572143e-10
512,128,-4.789643272205646e-06,-0.124507874015748,1.0467943169886116e-09
512,128,-4.789643272205646e-06,-0.124384842519685,7.547673609701041e-10
512,128,-4.789643272205646e-06,-0.124261811023622,3.478899578646196e-10
512,128,-4.789643272205646e-06,-0.124138779527559,6.715449539539191e-10
512,128,-4.789643272205646e-06,-0.124015748031496,1.91610843156054e-09
512,128,-4.789643272205646e-06,-0.123892716535433,6.109704517475751e-10
512,128,-4.789643272205646e-06,-0.12376968503937,3.241383898826394e-10
512,128,-4.789643272205646e-06,-0.123646653543307,1.1731801763645555e-09
512,128,-4.789643272205646e-06,-0.123523622047244,8.11136263311672e-10
512,128,-4.789643272205646e-06,-0.123400590551181,7.07133920914583e-10
512,128,-4.789643272205646e-06,-0.123277559055118,4.168625658588483e-10
512,128,-4.789643272205646e-06,-0.123154527559055,8.412288958119068e-10
512,128,-4.789643272205646e-06,-0.123031496062992,1.4677808772464167e-09
512,128,-4.789643272205646e-06,-0.122908464566929,1.114012208726895e-09
512,128,-4.789643272205646e-06,-0.122785433070866,3.9563451306920604e-10
512,128,-4.789643272205646e-06,-0.122662401574803,7.396409009444196e-10
512,128,-4.789643272205646e-06,-0.12253937007874,1.253257272541093e-09
512,128,-4.789643272205646e-06,-0.122416338582677,9.051113212581609e-10
512,128,-4.789643272205646e-06,-0.122293307086614,2.9079178981680984e-10
512,128,-4.789643272205646e-06,-0.122170275590551,9.978734960915311e-10
512,128,-4.789643272205646e-06,-0.122047244094488,1.4112747023873796e-09
512,128,-4.789643272205646e-06,-0.121924212598425,7.765157206522501e-10
512,128,-4.789643272205646e-06,-0.121801181102362,7.73513281977326e-10
512,128,-4.789643272205646e-06,-0.121678149606299,5.691814423267566e-10
512,128,-4.789643272205646e-06,-0.121555118110236,1.025811615238749e-09
512,128,-4.789643272205646e-06,-0.121432086614173,1.072812334251365e-09
512,128,-4.789643272205646e-06,-0.12130905511811,2.671658683048608e-10
512,128,-4.789643272205646e-06,-0.121186023622047,1.0459414866772134e-09
512,128,-4.789643272205646e-06,-0.121062992125984,1.944686805690369e-09
512,128,-4.789643272205646e-06,-0.120939960629921,9.535158420512263e-10
512,128,-4.789643272205646e-06,-0.120816929133858,4.988744631956287e-10
512,128,-4.789643272205646e-06,-0.120693897637795,1.4137846082167065e-09
512,128,-4.789643272205646e-06,-0.120570866141732,1.6281979218664202e-09
512,128,-4.789643272205646e-06,-0.120447834645669,7.875387898904504e-10
512,128,-4.789643272205646e-06,-0.120324803149606,6.512558857287067e-10
512,128,-4.789643272205646e-06,-0.120201771653543,1.0743826616519097e-09
512,128,-4.789643272205646e-06,-0.12007874015748,1.928903350163172e-09
512,128,-4.789643272205646e-06,-0.119955708661417,2.004539899644898e-09
512,128,-4.789643272205646e-06,-0.119832677165354,5.629703567537132e-10
512,128,-4.789643272205646e-06,-0.119709645669291,1.2615058756531187e-09
512,128,-4.789643272205646e-06,-0.119586614173228,1.9656249980346325e-09
512,128,-4.789643272205646e-06,-0.119463582677165,1.1812460928514895e-09
512,128,-4.789643272205646e-06,-0.119340551181102,7.554931679649101e-10
512,128,-4.789643272205646e-06,-0.119217519685039,1.5072371834887088e-09
512,128,-4.789643272205646e-06,-0.119094488188976,2.113337194315133e-09
512,128,-4.789643272205646e-06,-0.118971456692913,1.216309447601982e-09
512,128,-4.789643272205646e-06,-0.11884842519685,1.3908710902469356e-09
512,128,-4.789643272205646e-06,-0.118725393700787,1.5385854597280278e-09
512,128,-4.789643272205646e-06,-0.118602362204724,1.5323641630387704e-09
512,128,-4.789643272205646e-06,-0.118479330708661,1.8979594978093633e-09
512,128,-4.789643272205646e-06,-0.118356299212598,6.794871436436301e-10
512,128,-4.789643272205646e-06,-0.118233267716535,1.9155735057781867e-09
512,128,-4.789643272205646e-06,-0.118110236220472,4.2598536366792475e-09
512,128,-4.789643272205646e-06,-0.117987204724409,1.6470285875160268e-09
512,128,-4.789643272205646e-06,-0.117864173228346,7.559120289846507e-10
512,128,-4.789643272205646e-06,-0.117741141732283,2.5238321023817994e-09
512,128,-4.789643272205646e-06,-0.11761811023622,1.7601407246176878e-09
512,128,-4.789643272205646e-06,-0.117495078740158,3.996739039294405e-12
512,128,-4.789643272205646e-06,-0.117495078740157,1.7132653802553146e-09
512,128,-4.789643272205646e-06,-0.117372047244094,1.2506880058258586e-09
512,128,-4.789643272205646e-06,-0.117249015748032,1.531941532858592e-09
512,128,-4.789643272205646e-06,-0.117249015748031,4.3081281234674575e-12
512,128,-4.789643272205646e-06,-0.117125984251969,2.161556678538836e-11
512,128,-4.789643272205646e-06,-0.117125984251968,3.1536442592474938e-09
512,128,-4.789643272205646e-06,-0.117002952755906,2.032172377893391e-09
512,128,-4.789643272205646e-06,-0.116879921259843,1.4204972257819183e-09
512,128,-4.789643272205646e-06,-0.116879921259842,4.353937254074577e-12
512,128,-4.789643272205646e-06,-0.11675688976378,2.164853038966065e-09
512,128,-4.789643272205646e-06,-0.116633858267717,2.756940295746402e-09
512,128,-4.789643272205646e-06,-0.116510826771654,1.6592366829109359e-09
512,128,-4.789643272205646e-06,-0.116387795275591,1.0615484211991554e-09
512,128,-4.789643272205646e-06,-0.116264763779528,3.6094789108490634e-09
512,128,-4.789643272205646e-06,-0.116141732283465,3.3175800414474898e-09
512,128,-4.789643272205646e-06,-0.116018700787402,1.2114715832459479e-09
512,128,-4.789643272205646e-06,-0.115895669291339,1.0725066486707456e-09
512,128,-4.789643272205646e-06,-0.115772637795276,1.8580880191450108e-09
512,128,-4.789643272205646e-06,-0.115649606299213,2.6828758551721284e-09
512,128,-4.789643272205646e-06,-0.11552657480315,2.5439088150297805e-09
512,128,-4.789643272205646e-06,-0.115403543307087,7.196818474933728e-10
512,128,-4.789643272205646e-06,-0.115280511811024,1.8966335055512006e-09
512,128,-4.789643272205646e-06,-0.115157480314961,4.7990048500004065e-09
512,128,-4.789643272205646e-06,-0.115034448818898,2.107148411300178e-09
512,128,-4.789643272205646e-06,-0.114911417322835,1.0504998150526301e-09
512,128,-4.789643272205646e-06,-0.114788385826772,2.701721151748458e-09
512,128,-4.789643272205646e-06,-0.114665354330709,2.724593557395885e-09
512,128,-4.789643272205646e-06,-0.114542322834646,2.490750166058999e-09
512,128,-4.789643272205646e-06,-0.114419291338583,1.30827706017475e-09
512,128,-4.789643272205646e-06,-0.11429625984252,2.2504803201801778e-09
512,128,-4.789643272205646e-06,-0.114173228346457,4.085732266924661e-09
512,128,-4.789643272205646e-06,-0.114050196850394,3.3698581925198186e-09
512,128,-4.789643272205646e-06,-0.113927165354331,1.208347893425449e-09
512,128,-4.789643272205646e-06,-0.113804133858268,2.6113537034622584e-09
512,128,-4.789643272205646e-06,-0.113681102362205,5.47320366156154e-09
512,128,-4.789643272205646e-06,-0.113558070866142,3.5038298034478197e-09
512,128,-4.789643272205646e-06,-0.113435039370079,1.2713492737927952e-09
512,128,-4.789643272205646e-06,-0.113312007874016,3.4099932791543657e-09
512,128,-4.789643272205646e-06,-0.113188976377953,5.639883294631806e-09
512,128,-4.789643272205646e-06,-0.11306594488189,2.7485312933158746e-09
512,128,-4.789643272205646e-06,-0.112942913385827,1.9544211005861996e-09
512,128,-4.789643272205646e-06,-0.112819881889764,3.4099040662976555e-09
512,128,-4.789643272205646e-06,-0.112696850393701,3.5289464530073814e-09
512,128,-4.789643272205646e-06,-0.112573818897638,4.973307045526661e-09
512,128,-4.789643272205646e-06,-0.112450787401575,1.4684104147705227e-09
512,128,-4.789643272205646e-06,-0.112327755905512,2.555428906898802e-09
512,128,-4.789643272205646e-06,-0.112204724409449,7.65966542373631e-09
512,128,-4.789643272205646e-06,-0.112081692913386,2.931097401543324e-09
512,128,-4.789643272205646e-06,-0.111958661417323,1.490001302037341e-09
512,128,-4.789643272205646e-06,-0.11183562992126,4.31265909893721e-09
512,128,-4.789643272205646e-06,-0.111712598425197,4.04598038918414e-09
512,128,-4.789643272205646e-06,-0.111589566929134,3.1453385131145534e-09
512,128,-4.789643272205646e-06,-0.111466535433071,2.067875973990094e-09
512,128,-4.789643272205646e-06,-0.111343503937008,3.933187482207887e-09
512,128,-4.789643272205646e-06,-0.111220472440945,5.3884021409980606e-09
512,128,-4.789643272205646e-06,-0.111097440944882,4.586166395384357e-09
512,128,-4.789643272205646e-06,-0.110974409448819,2.0359210211532094e-09
512,128,-4.789643272205646e-06,-0.110851377952756,3.52029076062655e-09
512,128,-4.789643272205646e-06,-0.110728346456693,8.448191561715297e-09
512,128,-4.789643272205646e-06,-0.11060531496063,6.257712469558469e-09
512,128,-4.789643272205646e-06,-0.110482283464567,2.0545225220452435e-09
512,128,-4.789643272205646e-06,-0.110359251968504,5.429274880493112e-09
512,128,-4.789643272205646e-06,-0.110236220472441,9.630911979048202e-09
512,128,-4.789643272205646e-06,-0.110113188976378,4.764513466962527e-09
512,128,-4.789643272205646e-06,-0.109990157480315,2.5596650869103166e-09
512,128,-4.789643272205646e-06,-0.109867125984252,3.622668554338664e-09
512,128,-4.789643272205646e-06,-0.109744094488189,5.2662439180790876e-09
512,128,-4.789643272205646e-06,-0.109621062992126,7.100282592692634e-09
512,128,-4.789643272205646e-06,-0.109498031496063,3.075721040029495e-09
512,128,-4.789643272205646e-06,-0.109375,5.492170552680615e-09
512,128,-4.789643272205646e-06,-0.109251968503937,9.437611767665674e-09
512,128,-4.789643272205646e-06,-0.109128937007874,4.305967221103225e-09
512,128,-4.789643272205646e-06,-0.109005905511811,2.2396485318589057e-09
512,128,-4.789643272205646e-06,-0.108882874015748,8.055689447672e-09
512,128,-4.789643272205646e-06,-0.108759842519685,6.597298717379502e-09
512,128,-4.789643272205646e-06,-0.108636811023622,4.841251320724644e-09
512,128,-4.789643272205646e-06,-0.108513779527559,5.090731757680359e-09
512,128,-4.789643272205646e-06,-0.108390748031496,4.889977870266983e-09
512,128,-4.789643272205646e-06,-0.108267716535433,1.1315380339449583e-08
512,128,-4.789643272205646e-06,-0.10814468503937,7.051065264033096e-09
512,128,-4.789643272205646e-06,-0.108021653543307,2.5286256251955426e-09
512,128,-4.789643272205646e-06,-0.107898622047244,5.371182013303973e-09
512,128,-4.789643272205646e-06,-0.107775590551181,8.618084374403098e-09
512,128,-4.789643272205646e-06,-0.107652559055118,8.073685931337057e-09
512,128,-4.789643272205646e-06,-0.107529527559055,5.286324057814342e-09
512,128,-4.789643272205646e-06,-0.107406496062992,7.492923114392756e-09
512,128,-4.789643272205646e-06,-0.107283464566929,9.04262150616111e-09
512,128,-4.789643272205646e-06,-0.107160433070866,8.065729331734034e-09
512,128,-4.789643272205646e-06,-0.107037401574803,3.8128905482732065e-09
512,128,-4.789643272205646e-06,-0.10691437007874,5.55447499988232e-09
512,128,-4.789643272205646e-06,-0.106791338582677,8.137548845181806e-09
512,128,-4.789643272205646e-06,-0.106668307086614,8.20808957980448e-09
512,128,-4.789643272205646e-06,-0.106545275590551,3.1767399275851e-09
512,128,-4.789643272205646e-06,-0.106422244094488,7.551893292136931e-09
512,128,-4.789643272205646e-06,-0.106299212598425,1.7360100696549365e-08
512,128,-4.789643272205646e-06,-0.106176181102362,6.734758367900631e-09
512,128,-4.789643272205646e-06,-0.106053149606299,3.574944808361744e-09
512,128,-4.789643272205646e-06,-0.105930118110236,9.33932090438982e-09
512,128,-4.789643272205646e-06,-0.105807086614173,1.0292808781223918e-08
512,128,-4.789643272205646e-06,-0.10568405511811,6.735121808264286e-09
512,128,-4.789643272205646e-06,-0.105561023622047,4.378037857079867e-09
512,128,-4.789643272205646e-06,-0.105437992125984,7.0397949464734136e-09
512,128,-4.789643272205646e-06,-0.105314960629921,1.1756964092399308e-08
512,128,-4.789643272205646e-06,-0.105191929133858,1.1432103993504501e-08
512,128,-4.789643272205646e-06,-0.105068897637795,2.5910284298640542e-09
512,128,-4.789643272205646e-06,-0.104945866141732,7.363768756766488e-09
512,128,-4.789643272205646e-06,-0.104822834645669,1.2851859474666338e-08
512,128,-4.789643272205646e-06,-0.104699803149606,5.94858127906314e-09
512,128,-4.789643272205646e-06,-0.104576771653543,5.889727277153729e-09
512,128,-4.789643272205646e-06,-0.10445374015748,1.163026651783298e-08
512,128,-4.789643272205646e-06,-0.104330708661417,1.6448534182657114e-08
512,128,-4.789643272205646e-06,-0.104207677165354,1.0906853541855871e-08
512,128,-4.789643272205646e-06,-0.104084645669291,7.722767330280147e-09
512,128,-4.789643272205646e-06,-0.103961614173228,1.4027575621847136e-08
512,128,-4.789643272205646e-06,-0.103838582677165,1.2000600219140328e-08
512,128,-4.789643272205646e-06,-0.103715551181102,1.2873467468019693e-08
512,128,-4.789643272205646e-06,-0.103592519685039,4.727245656383705e-09
512,128,-4.789643272205646e-06,-0.103469488188976,1.3334402297243807e-08
512,128,-4.789643272205646e-06,-0.103346456692913,3.169742724345265e-08
512,128,-4.789643272205646e-06,-0.10322342519685,9.551506330228884e-09
512,128,-4.789643272205646e-06,-0.103100393700787,5.017634503961238e-09
512,128,-4.789643272205646e-06,-0.102977362204724,1.9749946890350732e-08
512,128,-4.789643272205646e-06,-0.102854330708661,1.6359145916848557e-08
512,128,-4.789643272205646e-06,-0.102731299212598,1.2304608391114187e-08
512,128,-4.789643272205646e-06,-0.102608267716535,6.410068096938374e-09
512,128,-4.789643272205646e-06,-0.102485236220472,1.3608811189907128e-08
512,128,-4.789643272205646e-06,-0.102362204724409,2.4162680694001573e-08
512,128,-4.789643272205646e-06,-0.102239173228346,1.5381480384964902e-08
512,128,-4.789643272205646e-06,-0.102116141732283,8.343026974331217e-09
512,128,-4.789643272205646e-06,-0.10199311023622,1.0977811729016427e-08
512,128,-4.789643272205646e-06,-0.101870078740158,4.681340366781113e-10
512,128,-4.789643272205646e-06,-0.101870078740157,2.3951942639735927e-08
512,128,-4.789643272205646e-06,-0.101747047244094,1.198086984359273e-08
512,128,-4.789643272205646e-06,-0.101624015748032,4.09970198098855e-09
512,128,-4.789643272205646e-06,-0.101624015748031,3.1506278012168096e-12
512,128,-4.789643272205646e-06,-0.101500984251969,1.737151224588743e-10
512,128,-4.789643272205646e-06,-0.101500984251968,2.43015797942284e-08
512,128,-4.789643272205646e-06,-0.101377952755906,1.9974762215088557e-08
512,128,-4.789643272205646e-06,-0.101254921259843,1.104011479889202e-08
512,128,-4.789643272205646e-06,-0.101254921259842,1.0095501160322576e-09
512,128,-4.789643272205646e-06,-0.10113188976378,8.01048160056922e-09
512,128,-4.789643272205646e-06,-0.101008858267717,1.2574926512843797e-08
512,128,-4.789643272205646e-06,-0.100885826771654,2.0194991773129607e-08
512,128,-4.789643272205646e-06,-0.100762795275591,2.2773017949595783e-08
512,128,-4.789643272205646e-06,-0.100639763779528,7.076489375296336e-09
512,128,-4.789643272205646e-06,-0.100516732283465,1.0880612444045504e-08
512,128,-4.789643272205646e-06,-0.100393700787402,3.7941391063411485e-08
512,128,-4.789643272205646e-06,-0.100270669291339,1.6913057648243776e-08
512,128,-4.789643272205646e-06,-0.100147637795276,8.054711987353324e-09
512,128,-4.789643272205646e-06,-0.100024606299213,2.0401457573203748e-08
512,128,-4.789643272205646e-06,-0.09990157480315,1.8999055157208807e-08
512,128,-4.789643272205646e-06,-0.099778543307087,1.5013676852724477e-08
512,128,-4.789643272205646e-06,-0.099655511811024,1.4255532889950884e-08
512,128,-4.789643272205646e-06,-0.099532480314961,1.515527821498382e-08
512,128,-4.789643272205646e-06,-0.099409448818898,2.5700907895662746e-08
512,128,-4.789643272205646e-06,-0.099286417322835,2.2858072115380818e-08
512,128,-4.789643272205646e-06,-0.099163385826772,7.2843649809480475e-09
512,128,-4.789643272205646e-06,-0.099040354330709,2.3431327322043063e-08
512,128,-4.789643272205646e-06,-0.098917322834646,2.7272929341100862e-08
512,128,-4.789643272205646e-06,-0.098794291338583,1.940356652771622e-08
512,128,-4.789643272205646e-06,-0.09867125984252,9.08644895414758e-09
512,128,-4.789643272205646e-06,-0.098548228346457,2.31269224200872e-08
512,128,-4.789643272205646e-06,-0.098425196850394,3.917106637022333e-08
512,128,-4.789643272205646e-06,-0.098302165354331,1.7418840412082876e-08
512,128,-4.789643272205646e-06,-0.098179133858268,2.0369000439999406e-08
512,128,-4.789643272205646e-06,-0.098056102362205,1.927365099470327e-08
512,128,-4.789643272205646e-06,-0.097933070866142,2.6399240414849663e-08
512,128,-4.789643272205646e-06,-0.097810039370079,3.403486207958085e-08
512,128,-4.789643272205646e-06,-0.097687007874016,1.0417067890537074e-08
512,128,-4.789643272205646e-06,-0.097563976377953,2.7709784241912486e-08
512,128,-4.789643272205646e-06,-0.09744094488189,5.279625907015324e-08
512,128,-4.789643272205646e-06,-0.097317913385827,2.842735246277373e-08
512,128,-4.789643272205646e-06,-0.097194881889764,1.6116433745462175e-08
512,128,-4.789643272205646e-06,-0.097071850393701,3.152348933872367e-08
512,128,-4.789643272205646e-06,-0.096948818897638,2.985237153084958e-08
512,128,-4.789643272205646e-06,-0.096825787401575,2.2127658058397378e-08
512,128,-4.789643272205646e-06,-0.096702755905512,1.4676293286766845e-08
512,128,-4.789643272205646e-06,-0.096579724409449,2.6750280052863797e-08
512,128,-4.789643272205646e-06,-0.096456692913386,5.3685282567405293e-08
512,128,-4.789643272205646e-06,-0.096333661417323,4.7916521277986394e-08
512,128,-4.789643272205646e-06,-0.09621062992126,1.714239804972913e-08
512,128,-4.789643272205646e-06,-0.096087598425197,2.8128668107436997e-08
512,128,-4.789643272205646e-06,-0.095964566929134,5.491664195597253e-08
512,128,-4.789643272205646e-06,-0.095841535433071,1.87160050486709e-08
512,128,-4.789643272205646e-06,-0.095718503937008,1.3017325911784973e-08
512,128,-4.789643272205646e-06,-0.095595472440945,3.910136805636034e-08
512,128,-4.789643272205646e-06,-0.095472440944882,4.3652299216655515e-08
512,128,-4.789643272205646e-06,-0.095349409448819,4.398246258026466e-08
512,128,-4.789643272205646e-06,-0.095226377952756,2.4657891395321288e-08
512,128,-4.789643272205646e-06,-0.095103346456693,2.7570516278245655e-08
512,128,-4.789643272205646e-06,-0.09498031496063,3.8624769261192356e-08
512,128,-4.789643272205646e-06,-0.094857283464567,4.173895882242697e-08
512,128,-4.789643272205646e-06,-0.094734251968504,1.9565194996517943e-08
512,128,-4.789643272205646e-06,-0.094611220472441,2.998807202859434e-08
512,128,-4.789643272205646e-06,-0.094488188976378,8.434664104397729e-08
512,128,-4.789643272205646e-06,-0.094365157480315,4.121860469445268e-08
512,128,-4.789643272205646e-06,-0.094242125984252,1.589068777956974e-08
512,128,-4.789643272205646e-06,-0.094119094488189,4.6177579811569524e-08
512,128,-4.789643272205646e-06,-0.093996062992126,4.459958182684719e-08
512,128,-4.789643272205646e-06,-0.093873031496063,4.464900838492454e-08
512,128,-4.789643272205646e-06,-0.09375,2.1528816813303445e-08
512,128,-4.789643272205646e-06,-0.093626968503937,3.4264603360200045e-08
512,128,-4.789643272205646e-06,-0.093503937007874,7.71454354873294e-08
512,128,-4.789643272205646e-06,-0.093380905511811,5.9285152787957217e-08
512,128,-4.789643272205646e-06,-0.093257874015748,1.735273701605537e-08
512,128,-4.789643272205646e-06,-0.093134842519685,3.637011165606591e-08
512,128,-4.789643272205646e-06,-0.093011811023622,7.792038953616065e-08
512,128,-4.789643272205646e-06,-0.092888779527559,4.4497898676914486e-08
512,128,-4.789643272205646e-06,-0.092765748031496,1.3540454254343379e-08
512,128,-4.789643272205646e-06,-0.092642716535433,5.597064157644509e-08
512,128,-4.789643272205646e-06,-0.09251968503937,7.750218759320197e-08
512,128,-4.789643272205646e-06,-0.092396653543307,3.901336621660051e-08
512,128,-4.789643272205646e-06,-0.092273622047244,2.9670350588874596e-08
512,128,-4.789643272205646e-06,-0.092150590551181,5.565133328935742e-08
512,128,-4.789643272205646e-06,-0.092027559055118,6.468199551671132e-08
512,128,-4.789643272205646e-06,-0.091904527559055,5.372520525101817e-08
512,128,-4.789643272205646e-06,-0.091781496062992,2.2455843813030565e-08
512,128,-4.789643272205646e-06,-0.091658464566929,5.233041711518352e-08
512,128,-4.789643272205646e-06,-0.091535433070866,9.981567143023671e-08
512,128,-4.789643272205646e-06,-0.091412401574803,4.441663748163896e-08
512,128,-4.789643272205646e-06,-0.09128937007874,2.0446661116381505e-08
512,128,-4.789643272205646e-06,-0.091166338582677,7.140270745833158e-08
512,128,-4.789643272205646e-06,-0.091043307086614,7.837513048725538e-08
512,128,-4.789643272205646e-06,-0.090920275590551,4.861936936329533e-08
512,128,-4.789643272205646e-06,-0.090797244094488,4.403718613449316e-08
512,128,-4.789643272205646e-06,-0.090674212598425,6.154994212261178e-08
512,128,-4.789643272205646e-06,-0.090551181102362,1.0154494591563968e-07
512,128,-4.789643272205646e-06,-0.090428149606299,9.33233626462254e-08
512,128,-4.789643272205646e-06,-0.090305118110236,2.7074444239936234e-08
512,128,-4.789643272205646e-06,-0.090182086614173,5.195197990597453e-08
512,128,-4.789643272205646e-06,-0.09005905511811,8.819110581983333e-08
512,128,-4.789643272205646e-06,-0.089936023622047,4.7765654037977623e-08
512,128,-4.789643272205646e-06,-0.089812992125984,4.272308254762133e-08
512,128,-4.789643272205646e-06,-0.089689960629921,9.563792097675358e-08
512,128,-4.789643272205646e-06,-0.089566929133858,1.247481785329211e-07
512,128,-4.789643272205646e-06,-0.089443897637795,5.8693501176714756e-08
512,128,-4.789643272205646e-06,-0.089320866141732,3.810467621621726e-08
512,128,-4.789643272205646e-06,-0.089197834645669,1.093134130022639e-07
512,128,-4.789643272205646e-06,-0.089074803149606,8.407872675264504e-08
512,128,-4.789643272205646e-06,-0.088951771653543,9.329083240448921e-08
512,128,-4.789643272205646e-06,-0.08882874015748,5.258393564578249e-08
512,128,-4.789643272205646e-06,-0.088705708661417,8.749097220716354e-08
512,128,-4.789643272205646e-06,-0.088582677165354,2.278851847617823e-07
512,128,-4.789643272205646e-06,-0.088459645669291,6.807466557017722e-08
512,128,-4.789643272205646e-06,-0.088336614173228,3.5353928112823396e-08
512,128,-4.789643272205646e-06,-0.088213582677165,1.0125663670295837e-07
512,128,-4.789643272205646e-06,-0.088090551181102,9.451976263718032e-08
512,128,-4.789643272205646e-06,-0.087967519685039,1.2461505237548834e-07
512,128,-4.789643272205646e-06,-0.087844488188976,7.31988879638447e-08
512,128,-4.789643272205646e-06,-0.087721456692913,9.053732329598161e-08
512,128,-4.789643272205646e-06,-0.08759842519685,1.252654450648913e-07
512,128,-4.789643272205646e-06,-0.087475393700787,9.779677764539393e-08
512,128,-4.789643272205646e-06,-0.087352362204724,5.658172921649986e-08
512,128,-4.789643272205646e-06,-0.087229330708661,7.775363788101635e-08
512,128,-4.789643272205646e-06,-0.087106299212598,1.3081470823780812e-07
512,128,-4.789643272205646e-06,-0.086983267716535,1.0829604895417571e-07
512,128,-4.789643272205646e-06,-0.086860236220472,4.217497274597978e-08
512,128,-4.789643272205646e-06,-0.086737204724409,1.3792607533815603e-07
512,128,-4.789643272205646e-06,-0.086614173228346,1.7499916346160204e-07
512,128,-4.789643272205646e-06,-0.086491141732283,6.197888766072582e-08
512,128,-4.789643272205646e-06,-0.08636811023622,6.090784296245004e-08
512,128,-4.789643272205646e-06,-0.086245078740158,3.952735225380215e-09
512,128,-4.789643272205646e-06,-0.086245078740157,8.539167296174135e-08
512,128,-4.789643272205646e-06,-0.086122047244094,1.4638158757717127e-07
512,128,-4.789643272205646e-06,-0.085999015748032,1.3433215860338236e-07
512,128,-4.789643272205646e-06,-0.085999015748031,5.0258162324575966e-12
512,128,-4.789643272205646e-06,-0.085875984251969,3.1510878170570644e-12
512,128,-4.789643272205646e-06,-0.085875984251968,4.7857872699913485e-08
512,128,-4.789643272205646e-06,-0.085752952755906,8.078216051892036e-08
512,128,-4.789643272205646e-06,-0.085629921259843,1.9755457850179587e-07
512,128,-4.789643272205646e-06,-0.085629921259842,2.041834926446122e-08
512,128,-4.789643272205646e-06,-0.08550688976378,1.1550975463203727e-07
512,128,-4.789643272205646e-06,-0.085383858267717,5.1365031308337294e-08
512,128,-4.789643272205646e-06,-0.085260826771654,1.8430937994420993e-07
512,128,-4.789643272205646e-06,-0.085137795275591,1.4084342679849372e-07
512,128,-4.789643272205646e-06,-0.085014763779528,1.0386157628936565e-07
512,128,-4.789643272205646e-06,-0.084891732283465,8.944796051847741e-08
512,128,-4.789643272205646e-06,-0.084768700787402,1.3751336953711483e-07
512,128,-4.789643272205646e-06,-0.084645669291339,2.1178962445033235e-07
512,128,-4.789643272205646e-06,-0.084522637795276,1.6699579598373773e-07
512,128,-4.789643272205646e-06,-0.084399606299213,5.8227496068037903e-08
512,128,-4.789643272205646e-06,-0.08427657480315,1.36743577183364e-07
512,128,-4.789643272205646e-06,-0.084153543307087,2.5987998284678975e-07
512,128,-4.789643272205646e-06,-0.084030511811024,1.2132733902469056e-07
512,128,-4.789643272205646e-06,-0.083907480314961,5.691204738186901e-08
512,128,-4.789643272205646e-06,-0.083784448818898,1.8166720992762416e-07
512,128,-4.789643272205646e-06,-0.083661417322835,2.853222151364842e-07
512,128,-4.789643272205646e-06,-0.083538385826772,1.6973530043779793e-07
512,128,-4.789643272205646e-06,-0.083415354330709,8.612439443118154e-08
512,128,-4.789643272205646e-06,-0.083292322834646,1.3263199052888743e-07
512,128,-4.789643272205646e-06,-0.083169291338583,2.085218366534265e-07
512,128,-4.789643272205646e-06,-0.08304625984252,3.016242735186192e-07
512,128,-4.789643272205646e-06,-0.082923228346457,7.17502195889655e-08
512,128,-4.789643272205646e-06,-0.082800196850394,1.417093452525898e-07
512,128,-4.789643272205646e-06,-0.082677165354331,4.608991942605892e-07
512,128,-4.789643272205646e-06,-0.082554133858268,1.9562210309307148e-07
512,128,-4.789643272205646e-06,-0.082431102362205,1.0386637079759787e-07
512,128,-4.789643272205646e-06,-0.082308070866142,2.1887070371405201e-07
512,128,-4.789643272205646e-06,-0.082185039370079,2.0523481324219555e-07
512,128,-4.789643272205646e-06,-0.082062007874016,2.2189187076970772e-07
512,128,-4.789643272205646e-06,-0.081938976377953,1.3177521022623574e-07
512,128,-4.789643272205646e-06,-0.08181594488189,1.9042557142641107e-07
512,128,-4.789643272205646e-06,-0.081692913385827,2.7552013741679224e-07
512,128,-4.789643272205646e-06,-0.081569881889764,2.4564891456107463e-07
512,128,-4.789643272205646e-06,-0.081446850393701,8.636442544607636e-08
512,128,-4.789643272205646e-06,-0.081323818897638,1.7326060502867373e-07
512,128,-4.789643272205646e-06,-0.081200787401575,3.8684994356838823e-07
512,128,-4.789643272205646e-06,-0.081077755905512,1.7437734031685019e-07
512,128,-4.789643272205646e-06,-0.080954724409449,1.0208018129469996e-07
512,128,-4.789643272205646e-06,-0.080831692913386,2.413121906180655e-07
512,128,-4.789643272205646e-06,-0.080708661417323,3.4935280589149064e-07
512,128,-4.789643272205646e-06,-0.08058562992126,2.23700307723689e-07
512,128,-4.789643272205646e-06,-0.080462598425197,1.257512907279809e-07
512,128,-4.789643272205646e-06,-0.080339566929134,1.9967639715986644e-07
512,128,-4.789643272205646e-06,-0.080216535433071,2.626592736029624e-07
512,128,-4.789643272205646e-06,-0.080093503937008,3.5020412964790005e-07
512,128,-4.789643272205646e-06,-0.079970472440945,1.0202068559283858e-07
512,128,-4.789643272205646e-06,-0.079847440944882,2.8492753251828166e-07
512,128,-4.789643272205646e-06,-0.079724409448819,5.129336247410052e-07
512,128,-4.789643272205646e-06,-0.079601377952756,2.1651697200554125e-07
512,128,-4.789643272205646e-06,-0.079478346456693,2.314179810124125e-07
512,128,-4.789643272205646e-06,-0.07935531496063,3.5392572682398455e-07
512,128,-4.789643272205646e-06,-0.079232283464567,3.1039553961217876e-07
512,128,-4.789643272205646e-06,-0.079109251968504,2.3562311776407392e-07
512,128,-4.789643272205646e-06,-0.078986220472441,1.5266675394268335e-07
512,128,-4.789643272205646e-06,-0.078863188976378,2.429296995865391e-07
512,128,-4.789643272205646e-06,-0.078740157480315,5.58287305393326e-07
512,128,-4.789643272205646e-06,-0.078617125984252,3.287991307809325e-07
512,128,-4.789643272205646e-06,-0.078494094488189,1.1337605921685289e-07
512,128,-4.789643272205646e-06,-0.078371062992126,3.6502152055099364e-07
512,128,-4.789643272205646e-06,-0.078248031496063,4.261349455272117e-07
512,128,-4.789643272205646e-06,-0.078125,3.11130813297465e-07
512,128,-4.789643272205646e-06,-0.078001968503937,1.359535620573261e-07
512,128,-4.789643272205646e-06,-0.077878937007874,3.886452397759184e-07
512,128,-4.789643272205646e-06,-0.077755905511811,4.6663745904120836e-07
512,128,-4.789643272205646e-06,-0.077632874015748,2.8039493128095175e-07
512,128,-4.789643272205646e-06,-0.077509842519685,3.420356851760631e-07
512,128,-4.789643272205646e-06,-0.077386811023622,2.2443759044109205e-07
512,128,-4.789643272205646e-06,-0.077263779527559,3.853427069278617e-07
512,128,-4.789643272205646e-06,-0.077140748031496,4.703398024537162e-07
512,128,-4.789643272205646e-06,-0.077017716535433,1.57144027207701e-07
512,128,-4.789643272205646e-06,-0.07689468503937,4.80416833744406e-07
512,128,-4.789643272205646e-06,-0.076771653543307,9.119324669772211e-07
512,128,-4.789643272205646e-06,-0.076648622047244,3.922474612400336e-07
512,128,-4.789643272205646e-06,-0.076525590551181,1.6433072425224577e-07
512,128,-4.789643272205646e-06,-0.076402559055118,6.431266019510539e-07
512,128,-4.789643272205646e-06,-0.076279527559055,5.522182949186825e-07
512,128,-4.789643272205646e-06,-0.076156496062992,3.451221769470986e-07
512,128,-4.789643272205646e-06,-0.076033464566929,2.2695705690085075e-07
512,128,-4.789643272205646e-06,-0.075910433070866,3.576097990994379e-07
512,128,-4.789643272205646e-06,-0.075787401574803,7.679180456403767e-07
512,128,-4.789643272205646e-06,-0.07566437007874,5.595006972228462e-07
512,128,-4.789643272205646e-06,-0.075541338582677,1.8623907135636155e-07
512,128,-4.789643272205646e-06,-0.075418307086614,3.761594594239123e-07
512,128,-4.789643272205646e-06,-0.075295275590551,8.059221841092879e-07
512,128,-4.789643272205646e-06,-0.075172244094488,4.565037037746322e-07
512,128,-4.789643272205646e-06,-0.075049212598425,2.4461434108096374e-07
512,128,-4.789643272205646e-06,-0.074926181102362,7.334281729499855e-07
512,128,-4.789643272205646e-06,-0.074803149606299,8.552736284818163e-07
512,128,-4.789643272205646e-06,-0.074680118110236,4.191464151460206e-07
512,128,-4.789643272205646e-06,-0.074557086614173,2.748176775622643e-07
512,128,-4.789643272205646e-06,-0.07443405511811,6.637179594159591e-07
512,128,-4.789643272205646e-06,-0.074311023622047,5.613459140229436e-07
512,128,-4.789643272205646e-06,-0.074187992125984,6.172515978646477e-07
512,128,-4.789643272205646e-06,-0.074064960629921,2.96954572712851e-07
512,128,-4.789643272205646e-06,-0.073941929133858,4.599839654787012e-07
512,128,-4.789643272205646e-06,-0.073818897637795,1.2985227943613496e-06
512,128,-4.789643272205646e-06,-0.073695866141732,4.7434781658363733e-07
512,128,-4.789643272205646e-06,-0.073572834645669,1.8115648121232483e-07
512,128,-4.789643272205646e-06,-0.073449803149606,6.896454329818749e-07
512,128,-4.789643272205646e-06,-0.073326771653543,6.350550528198719e-07
512,128,-4.789643272205646e-06,-0.07320374015748,5.579803772750869e-07
512,128,-4.789643272205646e-06,-0.073080708661417,3.431685419416627e-07
512,128,-4.789643272205646e-06,-0.072957677165354,5.252959751333837e-07
512,128,-4.789643272205646e-06,-0.072834645669291,9.629983759598828e-07
512,128,-4.789643272205646e-06,-0.072711614173228,7.594966016738931e-07
512,128,-4.789643272205646e-06,-0.072588582677165,3.2389068841384905e-07
512,128,-4.789643272205646e-06,-0.072465551181102,4.98188452206557e-07
512,128,-4.789643272205646e-06,-0.072342519685039,1.06136686793587e-06
512,128,-4.789643272205646e-06,-0.072219488188976,5.792559267710518e-07
512,128,-4.789643272205646e-06,-0.072096456692913,3.047260135532745e-07
512,128,-4.789643272205646e-06,-0.07197342519685,9.593173382593861e-07
512,128,-4.789643272205646e-06,-0.071850393700787,1.0237406182058413e-06
512,128,-4.789643272205646e-06,-0.071727362204724,8.339882348128275e-07
512,128,-4.789643272205646e-06,-0.071604330708661,4.1313025760173176e-07
512,128,-4.789643272205646e-06,-0.071481299212598,7.226322531648119e-07
512,128,-4.789643272205646e-06,-0.071358267716535,1.0187453419911227e-06
512,128,-4.789643272205646e-06,-0.071235236220472,9.254752714006617e-07
512,128,-4.789643272205646e-06,-0.071112204724409,5.29959408655979e-07
512,128,-4.789643272205646e-06,-0.070989173228346,6.904421098109622e-07
512,128,-4.789643272205646e-06,-0.070866141732283,1.9540037394099216e-06
512,128,-4.789643272205646e-06,-0.07074311023622,1.330255787249079e-06
512,128,-4.789643272205646e-06,-0.070620078740158,2.1862662864015825e-10
512,128,-4.789643272205646e-06,-0.070620078740157,4.933391891908606e-07
512,128,-4.789643272205646e-06,-0.070497047244094,1.0072784919368422e-06
512,128,-4.789643272205646e-06,-0.070374015748032,1.185112297447066e-06
512,128,-4.789643272205646e-06,-0.070374015748031,1.253814973352782e-09
512,128,-4.789643272205646e-06,-0.070250984251969,7.550835524574419e-07
512,128,-4.789643272205646e-06,-0.070250984251968,7.0559371559261165e-12
512,128,-4.789643272205646e-06,-0.070127952755906,7.892091353909431e-07
512,128,-4.789643272205646e-06,-0.070004921259843,7.768915958950161e-07
512,128,-4.789643272205646e-06,-0.06988188976378,1.3251693275126782e-06
512,128,-4.789643272205646e-06,-0.069758858267717,1.530369309918906e-06
512,128,-4.789643272205646e-06,-0.069635826771654,4.192576833178937e-07
512,128,-4.789643272205646e-06,-0.069512795275591,1.0102253512628028e-06
512,128,-4.789643272205646e-06,-0.069389763779528,1.4043658228201021e-06
512,128,-4.789643272205646e-06,-0.069266732283465,8.59743376480941e-07
512,128,-4.789643272205646e-06,-0.069143700787402,4.49448207568709e-07
512,128,-4.789643272205646e-06,-0.069020669291339,1.3009490830313146e-06
512,128,-4.789643272205646e-06,-0.068897637795276,2.2909555522658844e-06
512,128,-4.789643272205646e-06,-0.068774606299213,9.883293044135057e-07
512,128,-4.789643272205646e-06,-0.06865157480315,6.819809627643688e-07
512,128,-4.789643272205646e-06,-0.068528543307087,9.502526187744221e-07
512,128,-4.789643272205646e-06,-0.068405511811024,1.2031565984565572e-06
512,128,-4.789643272205646e-06,-0.068282480314961,1.4009283831078457e-06
512,128,-4.789643272205646e-06,-0.068159448818898,5.109217317702858e-07
512,128,-4.789643272205646e-06,-0.068036417322835,1.079147325654518e-06
512,128,-4.789643272205646e-06,-0.067913385826772,2.2101489924449134e-06
512,128,-4.789643272205646e-06,-0.067790354330709,1.0612761699699312e-06
512,128,-4.789643272205646e-06,-0.067667322834646,4.234796023871e-07
512,128,-4.789643272205646e-06,-0.067544291338583,1.567861857417528e-06
512,128,-4.789643272205646e-06,-0.06742125984252,1.3631927517881739e-06
512,128,-4.789643272205646e-06,-0.067298228346457,1.1215081295310555e-06
512,128,-4.789643272205646e-06,-0.067175196850394,9.247559638334511e-07
512,128,-4.789643272205646e-06,-0.067052165354331,1.413033248591861e-06
512,128,-4.789643272205646e-06,-0.066929133858268,2.4302500597324637e-06
512,128,-4.789643272205646e-06,-0.066806102362205,1.6184338190867622e-06
512,128,-4.789643272205646e-06,-0.066683070866142,6.210660251660445e-07
512,128,-4.789643272205646e-06,-0.066560039370079,1.2399088991326388e-06
512,128,-4.789643272205646e-06,-0.066437007874016,2.8512531525893698e-06
512,128,-4.789643272205646e-06,-0.066313976377953,1.7221449246655147e-06
512,128,-4.789643272205646e-06,-0.06619094488189,6.616143769571352e-07
512,128,-4.789643272205646e-06,-0.066067913385827,1.7794764584999968e-06
512,128,-4.789643272205646e-06,-0.065944881889764,2.2264126401624928e-06
512,128,-4.789643272205646e-06,-0.065821850393701,1.6762701240441338e-06
512,128,-4.789643272205646e-06,-0.065698818897638,9.002741844407713e-07
512,128,-4.789643272205646e-06,-0.065575787401575,1.4517292346463937e-06
512,128,-4.789643272205646e-06,-0.065452755905512,2.254994279115189e-06
512,128,-4.789643272205646e-06,-0.065329724409449,2.133832125799892e-06
512,128,-4.789643272205646e-06,-0.065206692913386,7.607569416863358e-07
512,128,-4.789643272205646e-06,-0.065083661417323,2.0083562603847726e-06
512,128,-4.789643272205646e-06,-0.06496062992126,4.197413552009967e-06
512,128,-4.789643272205646e-06,-0.064837598425197,1.250034136704295e-06
512,128,-4.789643272205646e-06,-0.064714566929134,8.141909842648644e-07
512,128,-4.789643272205646e-06,-0.064591535433071,3.1229400011785096e-06
512,128,-4.789643272205646e-06,-0.064468503937008,1.997888574508391e-06
512,128,-4.789643272205646e-06,-0.064345472440945,1.634228960652667e-06
512,128,-4.789643272205646e-06,-0.064222440944882,1.1657542326245692e-06
512,128,-4.789643272205646e-06,-0.064099409448819,1.6995934130490827e-06
512,128,-4.789643272205646e-06,-0.063976377952756,3.966627945099249e-06
512,128,-4.789643272205646e-06,-0.063853346456693,2.3571746464857147e-06
512,128,-4.789643272205646e-06,-0.06373031496063,1.3003615730318835e-06
512,128,-4.789643272205646e-06,-0.063607283464567,2.325204924855108e-06
512,128,-4.789643272205646e-06,-0.063484251968504,3.080573442159643e-06
512,128,-4.789643272205646e-06,-0.063361220472441,2.356193487615812e-06
512,128,-4.789643272205646e-06,-0.063238188976378,9.826512381322166e-07
512,128,-4.789643272205646e-06,-0.063115157480315,3.264867788835814e-06
512,128,-4.789643272205646e-06,-0.062992125984252,3.5833468625506252e-06
512,128,-4.789643272205646e-06,-0.062869094488189,2.0071719429071914e-06
512,128,-4.789643272205646e-06,-0.062746062992126,2.2304510181763553e-06
512,128,-4.789643272205646e-06,-0.062623031496063,2.0589155439050243e-06
512,128,-4.789643272205646e-06,-0.0625,2.5836832757860495e-06
512,128,-4.789643272205646e-06,-0.062376968503937,2.8408488785254103e-06
512,128,-4.789643272205646e-06,-0.062253937007874,8.085680137966139e-07
512,128,-4.789643272205646e-06,-0.062130905511811,2.78003883982377e-06
512,128,-4.789643272205646e-06,-0.062007874015748,5.797340866505979e-06
512,128,-4.789643272205646e-06,-0.061884842519685,2.2850647913930684e-06
512,128,-4.789643272205646e-06,-0.061761811023622,1.1957090978689462e-06
512,128,-4.789643272205646e-06,-0.061638779527559,3.1218760674206207e-06
512,128,-4.789643272205646e-06,-0.061515748031496,3.41895253064251e-06
512,128,-4.789643272205646e-06,-0.061392716535433,2.4141766860478324e-06
512,128,-4.789643272205646e-06,-0.06126968503937,1.6241798746275696e-06
512,128,-4.789643272205646e-06,-0.061146653543307,2.462270069712001e-06
512,128,-4.789643272205646e-06,-0.061023622047244,4.548145217726272e-06
512,128,-4.789643272205646e-06,-0.060900590551181,4.794503783771643e-06
512,128,-4.789643272205646e-06,-0.060777559055118,1.6795416954037693e-06
512,128,-4.789643272205646e-06,-0.060654527559055,2.3793940087580546e-06
512,128,-4.789643272205646e-06,-0.060531496062992,4.556153202320935e-06
512,128,-4.789643272205646e-06,-0.060408464566929,2.7477901937101813e-06
512,128,-4.789643272205646e-06,-0.060285433070866,1.9797540376722584e-06
512,128,-4.789643272205646e-06,-0.060162401574803,3.7673735862824565e-06
512,128,-4.789643272205646e-06,-0.06003937007874,4.777778680044736e-06
512,128,-4.789643272205646e-06,-0.059916338582677,2.929274744873121e-06
512,128,-4.789643272205646e-06,-0.059793307086614,1.980781959109714e-06
512,128,-4.789643272205646e-06,-0.059670275590551,3.896809161618946e-06
512,128,-4.789643272205646e-06,-0.059547244094488,4.4199579897206895e-06
512,128,-4.789643272205646e-06,-0.059424212598425,6.0179631943707894e-06
512,128,-4.789643272205646e-06,-0.059301181102362,1.6496250739401342e-06
512,128,-4.789643272205646e-06,-0.059178149606299,3.1030004242615117e-06
512,128,-4.789643272205646e-06,-0.059055118110236,1.0848782775181818e-05
512,128,-4.789643272205646e-06,-0.058932086614173,3.341107646883596e-06
512,128,-4.789643272205646e-06,-0.05880905511811,1.7545971404414032e-06
512,128,-4.789643272205646e-06,-0.058686023622047,5.337367746129919e-06
512,128,-4.789643272205646e-06,-0.058562992125984,5.862653320545674e-06
512,128,-4.789643272205646e-06,-0.058439960629921,5.839687754733721e-06
512,128,-4.789643272205646e-06,-0.058316929133858,2.4061865176602538e-06
512,128,-4.789643272205646e-06,-0.058193897637795,4.51159465134724e-06
512,128,-4.789643272205646e-06,-0.058070866141732,6.149649255318015e-06
512,128,-4.789643272205646e-06,-0.057947834645669,4.983117118728315e-06
512,128,-4.789643272205646e-06,-0.057824803149606,1.8694572357560485e-06
512,128,-4.789643272205646e-06,-0.057701771653543,3.7977159382196383e-06
512,128,-4.789643272205646e-06,-0.05757874015748,8.161249926857166e-06
512,128,-4.789643272205646e-06,-0.057455708661417,4.036026711004874e-06
512,128,-4.789643272205646e-06,-0.057332677165354,2.1241102012179934e-06
512,128,-4.789643272205646e-06,-0.057209645669291,5.8872885167457555e-06
512,128,-4.789643272205646e-06,-0.057086614173228,7.664379238084304e-06
512,128,-4.789643272205646e-06,-0.056963582677165,4.317353235006992e-06
512,128,-4.789643272205646e-06,-0.056840551181102,3.3732506067391647e-06
512,128,-4.789643272205646e-06,-0.056717519685039,4.440002202566021e-06
512,128,-4.789643272205646e-06,-0.056594488188976,6.2916171036064586e-06
512,128,-4.789643272205646e-06,-0.056471456692913,7.271172189007135e-06
512,128,-4.789643272205646e-06,-0.05634842519685,2.41923013167557e-06
512,128,-4.789643272205646e-06,-0.056225393700787,4.746049017630727e-06
512,128,-4.789643272205646e-06,-0.056102362204724,1.0505661893212335e-05
512,128,-4.789643272205646e-06,-0.055979330708661,5.805384323801185e-06
512,128,-4.789643272205646e-06,-0.055856299212598,2.569840031842471e-06
512,128,-4.789643272205646e-06,-0.055733267716535,6.633041121929706e-06
512,128,-4.789643272205646e-06,-0.055610236220472,6.377914804145296e-06
512,128,-4.789643272205646e-06,-0.055487204724409,6.233102250209616e-06
512,128,-4.789643272205646e-06,-0.055364173228346,4.511708518712713e-06
512,128,-4.789643272205646e-06,-0.055241141732283,5.3893205375932946e-06
512,128,-4.789643272205646e-06,-0.05511811023622,1.1910511253470199e-05
512,128,-4.789643272205646e-06,-0.054995078740157,7.288615496985282e-06
512,128,-4.789643272205646e-06,-0.054872047244094,2.900255325434846e-06
512,128,-4.789643272205646e-06,-0.054749015748032,1.0586274751096784e-08
512,128,-4.789643272205646e-06,-0.054749015748031,7.492971068436526e-06
512,128,-4.789643272205646e-06,-0.054625984251969,9.857525888299769e-06
512,128,-4.789643272205646e-06,-0.054625984251968,3.674557266087672e-08
512,128,-4.789643272205646e-06,-0.054502952755906,5.9283627182955335e-06
512,128,-4.789643272205646e-06,-0.054379921259843,4.798038559644519e-06
512,128,-4.789643272205646e-06,-0.05425688976378,1.1441056854645149e-05
512,128,-4.789643272205646e-06,-0.054133858267717,1.4284655577506639e-05
512,128,-4.789643272205646e-06,-0.054010826771654,6.315116931845168e-06
512,128,-4.789643272205646e-06,-0.053887795275591,4.37435185001286e-06
512,128,-4.789643272205646e-06,-0.053764763779528,9.731838094828995e-06
512,128,-4.789643272205646e-06,-0.053641732283465,8.255589153606107e-06
512,128,-4.789643272205646e-06,-0.053518700787402,9.768433685045409e-06
512,128,-4.789643272205646e-06,-0.053395669291339,4.86642788095265e-06
512,128,-4.789643272205646e-06,-0.053272637795276,6.9537230995288646e-06
512,128,-4.789643272205646e-06,-0.053149606299213,1.8840667719796165e-05
512,128,-4.789643272205646e-06,-0.05302657480315,7.17629748965653e-06
512,128,-4.789643272205646e-06,-0.052903543307087,3.6094580670613387e-06
512,128,-4.789643272205646e-06,-0.052780511811024,9.88169096288898e-06
512,128,-4.789643272205646e-06,-0.052657480314961,9.393695906615485e-06
512,128,-4.789643272205646e-06,-0.052534448818898,7.532905650196798e-06
512,128,-4.789643272205646e-06,-0.052411417322835,5.3191370599047475e-06
512,128,-4.789643272205646e-06,-0.052288385826772,1.166244833886482e-05
512,128,-4.789643272205646e-06,-0.052165354330709,1.3080229811316263e-05
512,128,-4.789643272205646e-06,-0.052042322834646,1.2911223708114581e-05
512,128,-4.789643272205646e-06,-0.051919291338583,4.212617277070639e-06
512,128,-4.789643272205646e-06,-0.05179625984252,8.426373144574318e-06
512,128,-4.789643272205646e-06,-0.051673228346457,1.9696444615176825e-05
512,128,-4.789643272205646e-06,-0.051550196850394,8.718479459173293e-06
512,128,-4.789643272205646e-06,-0.051427165354331,4.22796590127992e-06
512,128,-4.789643272205646e-06,-0.051304133858268,1.1677853764334134e-05
512,128,-4.789643272205646e-06,-0.051181102362205,2.0021242749432738e-05
512,128,-4.789643272205646e-06,-0.051058070866142,1.208199223635767e-05
512,128,-4.789643272205646e-06,-0.050935039370079,5.750919958551684e-06
512,128,-4.789643272205646e-06,-0.050812007874016,9.56192372264431e-06
512,128,-4.789643272205646e-06,-0.050688976377953,1.2137716654543793e-05
512,128,-4.789643272205646e-06,-0.05056594488189,1.2838776909602416e-05
512,128,-4.789643272205646e-06,-0.050442913385827,5.081607725629928e-06
512,128,-4.789643272205646e-06,-0.050319881889764,1.0214184314542003e-05
512,128,-4.789643272205646e-06,-0.050196850393701,2.3022528778830412e-05
512,128,-4.789643272205646e-06,-0.050073818897638,1.167520232673863e-05
512,128,-4.789643272205646e-06,-0.049950787401575,7.2970075731425514e-06
512,128,-4.789643272205646e-06,-0.049827755905512,1.9481296748462858e-05
512,128,-4.789643272205646e-06,-0.049704724409449,1.378729405930344e-05
512,128,-4.789643272205646e-06,-0.049581692913386,9.597037313691502e-06
512,128,-4.789643272205646e-06,-0.049458661417323,7.89362658743115e-06
512,128,-4.789643272205646e-06,-0.04933562992126,1.1610522938553917e-05
512,128,-4.789643272205646e-06,-0.049212598425197,2.6829830530320963e-05
512,128,-4.789643272205646e-06,-0.049089566929134,2.257738262614576e-05
512,128,-4.789643272205646e-06,-0.048966535433071,6.091927383718446e-06
512,128,-4.789643272205646e-06,-0.048843503937008,1.2369284639818658e-05
512,128,-4.789643272205646e-06,-0.048720472440945,2.648192660888895e-05
512,128,-4.789643272205646e-06,-0.048597440944882,1.6471199113754048e-05
512,128,-4.789643272205646e-06,-0.048474409448819,6.466052658851646e-06
512,128,-4.789643272205646e-06,-0.048351377952756,1.706062885977684e-05
512,128,-4.789643272205646e-06,-0.048228346456693,2.4861288770345765e-05
512,128,-4.789643272205646e-06,-0.04810531496063,1.7991623930579448e-05
512,128,-4.789643272205646e-06,-0.047982283464567,1.5399388240027508e-05
512,128,-4.789643272205646e-06,-0.047859251968504,1.4077838715363363e-05
512,128,-4.789643272205646e-06,-0.047736220472441,1.7773320498516074e-05
512,128,-4.789643272205646e-06,-0.047613188976378,2.2839746580793433e-05
512,128,-4.789643272205646e-06,-0.047490157480315,7.318514066613397e-06
512,128,-4.789643272205646e-06,-0.047367125984252,2.0692651407671325e-05
512,128,-4.789643272205646e-06,-0.047244094488189,3.980064321806115e-05
512,128,-4.789643272205646e-06,-0.047121062992126,1.5481923225868323e-05
512,128,-4.789643272205646e-06,-0.046998031496063,7.773270628821007e-06
512,128,-4.789643272205646e-06,-0.046875,2.0631188213036498e-05
512,128,-4.789643272205646e-06,-0.046751968503937,2.2926171152675034e-05
512,128,-4.789643272205646e-06,-0.046628937007874,1.6508071221187942e-05
512,128,-4.789643272205646e-06,-0.046505905511811,1.252864551485705e-05
512,128,-4.789643272205646e-06,-0.046382874015748,1.4524543233972086e-05
512,128,-4.789643272205646e-06,-0.046259842519685,2.7771877375267496e-05
512,128,-4.789643272205646e-06,-0.046136811023622,2.7829421396672755e-05
512,128,-4.789643272205646e-06,-0.046013779527559,1.059286083009415e-05
512,128,-4.789643272205646e-06,-0.045890748031496,1.8169203908072676e-05
512,128,-4.789643272205646e-06,-0.045767716535433,3.122878668382383e-05
512,128,-4.789643272205646e-06,-0.04564468503937,1.9946178972168637e-05
512,128,-4.789643272205646e-06,-0.045521653543307,1.0276122479186228e-05
512,128,-4.789643272205646e-06,-0.045398622047244,3.0197363519462696e-05
512,128,-4.789643272205646e-06,-0.045275590551181,3.5613243345691775e-05
512,128,-4.789643272205646e-06,-0.045152559055118,2.0019378370746423e-05
512,128,-4.789643272205646e-06,-0.045029527559055,1.4155165707405423e-05
512,128,-4.789643272205646e-06,-0.044906496062992,2.5929603651188262e-05
512,128,-4.789643272205646e-06,-0.044783464566929,3.58406008990948e-05
512,128,-4.789643272205646e-06,-0.044660433070866,2.7784510733262567e-05
512,128,-4.789643272205646e-06,-0.044537401574803,1.054434697218177e-05
512,128,-4.789643272205646e-06,-0.04441437007874,2.8422994867202566e-05
512,128,-4.789643272205646e-06,-0.044291338582677,6.526988139115888e-05
512,128,-4.789643272205646e-06,-0.044168307086614,2.2749186234376013e-05
512,128,-4.789643272205646e-06,-0.044045275590551,1.1204341006134563e-05
512,128,-4.789643272205646e-06,-0.043922244094488,4.2744079890665565e-05
512,128,-4.789643272205646e-06,-0.043799212598425,2.94522171952925e-05
512,128,-4.789643272205646e-06,-0.043676181102362,3.0092289153440767e-05
512,128,-4.789643272205646e-06,-0.043553149606299,1.7144709108616936e-05
512,128,-4.789643272205646e-06,-0.043430118110236,2.5033265200102058e-05
512,128,-4.789643272205646e-06,-0.043307086614173,5.7909577809812106e-05
512,128,-4.789643272205646e-06,-0.04318405511811,3.66928127333452e-05
512,128,-4.789643272205646e-06,-0.043061023622047,1.7521865939329127e-05
512,128,-4.789643272205646e-06,-0.042937992125984,2.6696841428297426e-05
512,128,-4.789643272205646e-06,-0.042814960629921,4.566003454415448e-05
512,128,-4.789643272205646e-06,-0.042691929133858,2.7563412088596293e-05
512,128,-4.789643272205646e-06,-0.042568897637795,1.3491833915469097e-05
512,128,-4.789643272205646e-06,-0.042445866141732,4.748901648722247e-05
512,128,-4.789643272205646e-06,-0.042322834645669,4.599304657135457e-05
512,128,-4.789643272205646e-06,-0.042199803149606,3.278465094664159e-05
512,128,-4.789643272205646e-06,-0.042076771653543,1.8450789405323303e-05
512,128,-4.789643272205646e-06,-0.04195374015748,2.95440003232858e-05
512,128,-4.789643272205646e-06,-0.041830708661417,4.522014658019144e-05
512,128,-4.789643272205646e-06,-0.041707677165354,4.027397578101825e-05
512,128,-4.789643272205646e-06,-0.041584645669291,2.180193176440285e-05
512,128,-4.789643272205646e-06,-0.041461614173228,3.235469191764241e-05
512,128,-4.789643272205646e-06,-0.041338582677165,8.564309381393689e-05
512,128,-4.789643272205646e-06,-0.041215551181102,4.043470522812133e-05
512,128,-4.789643272205646e-06,-0.041092519685039,1.6244972159819824e-05
512,128,-4.789643272205646e-06,-0.040969488188976,5.2201126937692925e-05
512,128,-4.789643272205646e-06,-0.040846456692913,4.291940674015982e-05
512,128,-4.789643272205646e-06,-0.04072342519685,3.5606844822975416e-05
512,128,-4.789643272205646e-06,-0.040600393700787,3.734094414396629e-05
512,128,-4.789643272205646e-06,-0.040477362204724,4.19437071343861e-05
512,128,-4.789643272205646e-06,-0.040354330708661,5.9248441477204274e-05
512,128,-4.789643272205646e-06,-0.040231299212598,4.8820100565875875e-05
512,128,-4.789643272205646e-06,-0.040108267716535,1.839878769296528e-05
512,128,-4.789643272205646e-06,-0.039985236220472,4.46211290224832e-05
512,128,-4.789643272205646e-06,-0.039862204724409,7.558536405435868e-05
512,128,-4.789643272205646e-06,-0.039739173228346,6.125760630193925e-05
512,128,-4.789643272205646e-06,-0.039616141732283,2.2212754810690774e-05
512,128,-4.789643272205646e-06,-0.03949311023622,5.376243175894063e-05
512,128,-4.789643272205646e-06,-0.039370078740157,0.00010529407961696028
512,128,-4.789643272205646e-06,-0.039247047244094,4.0651801905315874e-05
512,128,-4.789643272205646e-06,-0.039124015748032,2.5297765305889187e-09
512,128,-4.789643272205646e-06,-0.039124015748031,3.0075090107518377e-05
512,128,-4.789643272205646e-06,-0.039000984251969,4.45133950930466e-05
512,128,-4.789643272205646e-06,-0.039000984251968,6.837287524309934e-10
512,128,-4.789643272205646e-06,-0.038877952755906,5.5175687501785197e-05
512,128,-4.789643272205646e-06,-0.038754921259843,9.747623399379904e-05
512,128,-4.789643272205646e-06,-0.03863188976378,2.2230165564078878e-05
512,128,-4.789643272205646e-06,-0.038508858267717,4.743143095009241e-05
512,128,-4.789643272205646e-06,-0.038385826771654,0.0001120644344673406
512,128,-4.789643272205646e-06,-0.038262795275591,4.897270722626258e-05
512,128,-4.789643272205646e-06,-0.038139763779528,2.9959297568621184e-05
512,128,-4.789643272205646e-06,-0.038016732283465,6.521869751353037e-05
512,128,-4.789643272205646e-06,-0.037893700787402,8.767757163643776e-05
512,128,-4.789643272205646e-06,-0.037770669291339,5.2180026015958104e-05
512,128,-4.789643272205646e-06,-0.037647637795276,3.559942251024574e-05
512,128,-4.789643272205646e-06,-0.037524606299213,6.292805719003017e-05
512,128,-4.789643272205646e-06,-0.03740157480315,9.713742709673519e-05
512,128,-4.789643272205646e-06,-0.037278543307087,7.185578150883219e-05
512,128,-4.789643272205646e-06,-0.037155511811024,2.689282915549829e-05
512,128,-4.789643272205646e-06,-0.037032480314961,6.80168849158148e-05
512,128,-4.789643272205646e-06,-0.036909448818898,0.00011583892331043932
512,128,-4.789643272205646e-06,-0.036786417322835,6.147835731928017e-05
512,128,-4.789643272205646e-06,-0.036663385826772,2.866690249523004e-05
512,128,-4.789643272205646e-06,-0.036540354330709,8.475538015487444e-05
512,128,-4.789643272205646e-06,-0.036417322834646,9.849124730347295e-05
512,128,-4.789643272205646e-06,-0.036294291338583,7.301772113858524e-05
512,128,-4.789643272205646e-06,-0.03617125984252,4.474380382058534e-05
512,128,-4.789643272205646e-06,-0.036048228346457,6.509248922587753e-05
512,128,-4.789643272205646e-06,-0.035925196850394,8.055819072453898e-05
512,128,-4.789643272205646e-06,-0.035802165354331,8.722836414756235e-05
512,128,-4.789643272205646e-06,-0.035679133858268,4.2426514493269016e-05
512,128,-4.789643272205646e-06,-0.035556102362205,8.730185196446966e-05
512,128,-4.789643272205646e-06,-0.035433070866142,0.00020406839657008464
512,128,-4.789643272205646e-06,-0.035310039370079,8.603546193167442e-05
512,128,-4.789643272205646e-06,-0.035187007874016,5.888002606850452e-05
512,128,-4.789643272205646e-06,-0.035063976377953,0.00013665096761931702
512,128,-4.789643272205646e-06,-0.03494094488189,9.144121180491046e-05
512,128,-4.789643272205646e-06,-0.034817913385827,7.617202731573248e-05
512,128,-4.789643272205646e-06,-0.034694881889764,5.1844225482544285e-05
512,128,-4.789643272205646e-06,-0.034571850393701,7.860435267035145e-05
512,128,-4.789643272205646e-06,-0.034448818897638,0.00017915478533375064
512,128,-4.789643272205646e-06,-0.034325787401575,0.00011563760839955703
512,128,-4.789643272205646e-06,-0.034202755905512,3.95795189793753e-05
512,128,-4.789643272205646e-06,-0.034079724409449,8.368879432842773e-05
512,128,-4.789643272205646e-06,-0.033956692913386,0.0001407020819668644
512,128,-4.789643272205646e-06,-0.033833661417323,9.428031244252126e-05
512,128,-4.789643272205646e-06,-0.03371062992126,4.22330585033094e-05
512,128,-4.789643272205646e-06,-0.033587598425197,0.0001496162175300687
512,128,-4.789643272205646e-06,-0.033464566929134,0.0001615866429173831
512,128,-4.789643272205646e-06,-0.033341535433071,9.191518420193065e-05
512,128,-4.789643272205646e-06,-0.033218503937008,8.532886478739322e-05
512,128,-4.789643272205646e-06,-0.033095472440945,9.481009010460002e-05
512,128,-4.789643272205646e-06,-0.032972440944882,0.00011795434915433106
512,128,-4.789643272205646e-06,-0.032849409448819,0.00012869004145536623
512,128,-4.789643272205646e-06,-0.032726377952756,4.77090700966555e-05
512,128,-4.789643272205646e-06,-0.032603346456693,0.00011509047538372587
512,128,-4.789643272205646e-06,-0.03248031496063,0.00024881749944545247
512,128,-4.789643272205646e-06,-0.032357283464567,0.00010409888635127394
512,128,-4.789643272205646e-06,-0.032234251968504,5.134548616735665e-05
512,128,-4.789643272205646e-06,-0.032111220472441,0.00015053347030604812
512,128,-4.789643272205646e-06,-0.031988188976378,0.00017878886810027803
512,128,-4.789643272205646e-06,-0.031865157480315,0.00013526206499060665
512,128,-4.789643272205646e-06,-0.031742125984252,7.413461253810077e-05
512,128,-4.789643272205646e-06,-0.031619094488189,0.0001142709978400558
512,128,-4.789643272205646e-06,-0.031496062992126,0.00023767601425764615
512,128,-4.789643272205646e-06,-0.031373031496063,0.00022739749588344637
512,128,-4.789643272205646e-06,-0.03125,5.850531350266571e-05
512,128,-4.789643272205646e-06,-0.031126968503937,0.00012119638812077495
512,128,-4.789643272205646e-06,-0.031003937007874,0.00026916503756084774
512,128,-4.789643272205646e-06,-0.030880905511811,0.0001254298584943622
512,128,-4.789643272205646e-06,-0.030757874015748,8.232370928298277e-05
512,128,-4.789643272205646e-06,-0.030634842519685,0.00017219642329749783
512,128,-4.789643272205646e-06,-0.030511811023622,0.00021142986188527155
512,128,-4.789643272205646e-06,-0.030388779527559,0.00016961403937984743
512,128,-4.789643272205646e-06,-0.030265748031496,8.872108843205219e-05
512,128,-4.789643272205646e-06,-0.030142716535433,0.0001877660208015152
512,128,-4.789643272205646e-06,-0.03001968503937,0.00017312370094367841
512,128,-4.789643272205646e-06,-0.029896653543307,0.0001968610233214994
512,128,-4.789643272205646e-06,-0.029773622047244,9.61269095156248e-05
512,128,-4.789643272205646e-06,-0.029650590551181,0.00014640578537175003
512,128,-4.789643272205646e-06,-0.029527559055118,0.00042339150161733676
512,128,-4.789643272205646e-06,-0.029404527559055,0.00015101195359257436
512,128,-4.789643272205646e-06,-0.029281496062992,7.595260554305562e-05
512,128,-4.789643272205646e-06,-0.029158464566929,0.00020888283402259206
512,128,-4.789643272205646e-06,-0.029035433070866,0.0001967682731997771
512,128,-4.789643272205646e-06,-0.028912401574803,0.00018480124736326952
512,128,-4.789643272205646e-06,-0.02878937007874,0.00014040899211377822
512,128,-4.789643272205646e-06,-0.028666338582677,0.0001657140579998547
512,128,-4.789643272205646e-06,-0.028543307086614,0.0002726794084301781
512,128,-4.789643272205646e-06,-0.028420275590551,0.00027890633987098627
512,128,-4.789643272205646e-06,-0.028297244094488,0.00011198169577631885
512,128,-4.789643272205646e-06,-0.028174212598425,0.00017629910444562236
512,128,-4.789643272205646e-06,-0.028051181102362,0.00029575263105269793
512,128,-4.789643272205646e-06,-0.027928149606299,0.0001818386285875679
512,128,-4.789643272205646e-06,-0.027805118110236,9.228337307313912e-05
512,128,-4.789643272205646e-06,-0.027682086614173,0.00033338213748876686
512,128,-4.789643272205646e-06,-0.02755905511811,0.00044010836595564603
512,128,-4.789643272205646e-06,-0.027436023622047,0.00019342677971599092
512,128,-4.789643272205646e-06,-0.027312992125984,0.00012786438952113724
512,128,-4.789643272205646e-06,-0.027189960629921,0.0002725563683097192
512,128,-4.789643272205646e-06,-0.027066929133858,0.00035469024497077826
512,128,-4.789643272205646e-06,-0.026943897637795,0.0002783859370870395
512,128,-4.789643272205646e-06,-0.026820866141732,0.00010502395018935699
512,128,-4.789643272205646e-06,-0.026697834645669,0.00025394871881024775
512,128,-4.789643272205646e-06,-0.026574803149606,0.0005499625391258321
512,128,-4.789643272205646e-06,-0.026451771653543,0.0002560888048796628
512,128,-4.789643272205646e-06,-0.02632874015748,0.00011199371767800539
512,128,-4.789643272205646e-06,-0.026205708661417,0.0003060711849741247
512,128,-4.789643272205646e-06,-0.026082677165354,0.0002884669187157558
512,128,-4.789643272205646e-06,-0.025959645669291,0.00023303054747931642
512,128,-4.789643272205646e-06,-0.025836614173228,0.00019515329485256543
512,128,-4.789643272205646e-06,-0.025713582677165,0.00028153556618199405
512,128,-4.789643272205646e-06,-0.025590551181102,0.00046091374259495734
512,128,-4.789643272205646e-06,-0.025467519685039,0.0003473355368814788
512,128,-4.789643272205646e-06,-0.025344488188976,0.00012731850901659771
512,128,-4.789643272205646e-06,-0.025221456692913,0.0003021263843867718
512,128,-4.789643272205646e-06,-0.02509842519685,0.0004312273792563479
512,128,-4.789643272205646e-06,-0.024975393700787,0.00031018149238473306
512,128,-4.789643272205646e-06,-0.024852362204724,0.00013572398774812684
512,128,-4.789643272205646e-06,-0.024729330708661,0.0003694660290232241
512,128,-4.789643272205646e-06,-0.024606299212598,0.000557903626220523
512,128,-4.789643272205646e-06,-0.024483267716535,0.00028097074458984786
512,128,-4.789643272205646e-06,-0.024360236220472,0.0002676642996459301
512,128,-4.789643272205646e-06,-0.024237204724409,0.00028986718275906593
512,128,-4.789643272205646e-06,-0.024114173228346,0.0004602679488003514
512,128,-4.789643272205646e-06,-0.023991141732283,0.00058772705635295
512,128,-4.789643272205646e-06,-0.02386811023622,0.00015412371627756307
512,128,-4.789643272205646e-06,-0.023745078740157,0.00030863930083766455
512,128,-4.789643272205646e-06,-0.023622047244094,0.0008408865203516664
512,128,-4.789643272205646e-06,-0.023499015748032,1.2112387134959377e-06
512,128,-4.789643272205646e-06,-0.023499015748031,0.0003172448108153362
512,128,-4.789643272205646e-06,-0.023375984251969,0.00019806690525273952
512,128,-4.789643272205646e-06,-0.023375984251968,1.3338664148858218e-07
512,128,-4.789643272205646e-06,-0.023252952755906,0.0005213931640935765
512,128,-4.789643272205646e-06,-0.023129921259843,0.0004212865813075156
512,128,-4.789643272205646e-06,-0.02300688976378,0.0004295718968577826
512,128,-4.789643272205646e-06,-0.022883858267717,0.0002264709016943181
512,128,-4.789643272205646e-06,-0.022760826771654,0.00042088965851592124
512,128,-4.789643272205646e-06,-0.022637795275591,0.0005825817328657359
512,128,-4.789643272205646e-06,-0.022514763779528,0.0004883314587870927
512,128,-4.789643272205646e-06,-0.022391732283465,0.00023110149480745892
512,128,-4.789643272205646e-06,-0.022268700787402,0.00037266376721070444
512,128,-4.789643272205646e-06,-0.022145669291339,0.0008539858948764937
512,128,-4.789643272205646e-06,-0.022022637795276,0.0003845862191725267
512,128,-4.789643272205646e-06,-0.021899606299213,0.00019814259219561197
512,128,-4.789643272205646e-06,-0.02177657480315,0.0005355390493089746
512,128,-4.789643272205646e-06,-0.021653543307087,0.0007947717803857329
512,128,-4.789643272205646e-06,-0.021530511811024,0.0005507781027775588
512,128,-4.789643272205646e-06,-0.021407480314961,0.00027547413565122213
512,128,-4.789643272205646e-06,-0.021284448818898,0.00042283484716920845
512,128,-4.789643272205646e-06,-0.021161417322835,0.0005410459847867178
512,128,-4.789643272205646e-06,-0.021038385826772,0.0006480105202328916
512,128,-4.789643272205646e-06,-0.020915354330709,0.0002639102858210674
512,128,-4.789643272205646e-06,-0.020792322834646,0.0005436199467093259
512,128,-4.789643272205646e-06,-0.020669291338583,0.0012004452556432458
512,128,-4.789643272205646e-06,-0.02054625984252,0.0004649171945960645
512,128,-4.789643272205646e-06,-0.020423228346457,0.00023865090885666346
512,128,-4.789643272205646e-06,-0.020300196850394,0.0009100058946313443
512,128,-4.789643272205646e-06,-0.020177165354331,0.0006128438170311647
512,128,-4.789643272205646e-06,-0.020054133858268,0.0004952966234466865
512,128,-4.789643272205646e-06,-0.019931102362205,0.0004081437772840477
512,128,-4.789643272205646e-06,-0.019808070866142,0.0005756518848257583
512,128,-4.789643272205646e-06,-0.019685039370079,0.0012361318412464368
512,128,-4.789643272205646e-06,-0.019562007874016,0.0007058956890773601
512,128,-4.789643272205646e-06,-0.019438976377953,0.000269882771373873
512,128,-4.789643272205646e-06,-0.01931594488189,0.0005446981546779086
512,128,-4.789643272205646e-06,-0.019192913385827,0.0009438202507588571
512,128,-4.789643272205646e-06,-0.019069881889764,0.0006834670540639492
512,128,-4.789643272205646e-06,-0.018946850393701,0.00040281506115320625
512,128,-4.789643272205646e-06,-0.018823818897638,0.0008974745279451535
512,128,-4.789643272205646e-06,-0.018700787401575,0.0009601766754488979
512,128,-4.789643272205646e-06,-0.018577755905512,0.0005990287196503751
512,128,-4.789643272205646e-06,-0.018454724409449,0.0004643030754601852
512,128,-4.789643272205646e-06,-0.018331692913386,0.0006182995559435824
512,128,-4.789643272205646e-06,-0.018208661417323,0.0007858950631495801
512,128,-4.789643272205646e-06,-0.01808562992126,0.0009360005032118796
512,128,-4.789643272205646e-06,-0.017962598425197,0.00032432667342906154
512,128,-4.789643272205646e-06,-0.017839566929134,0.0007979268985493153
512,128,-4.789643272205646e-06,-0.017716535433071,0.0018388471229454145
512,128,-4.789643272205646e-06,-0.017593503937008,0.0009340582754322329
512,128,-4.789643272205646e-06,-0.017470472440945,0.00034482546023749145
512,128,-4.789643272205646e-06,-0.017347440944882,0.0009323439846965482
512,128,-4.789643272205646e-06,-0.017224409448819,0.0013687315519305614
512,128,-4.789643272205646e-06,-0.017101377952756,0.0007242462456218607
512,128,-4.789643272205646e-06,-0.016978346456693,0.0004930748423804574
512,128,-4.789643272205646e-06,-0.01685531496063,0.000747461387278114
512,128,-4.789643272205646e-06,-0.016732283464567,0.0012320875593211157
512,128,-4.789643272205646e-06,-0.016609251968504,0.001399224686885596
512,128,-4.789643272205646e-06,-0.016486220472441,0.0003899544510662352
512,128,-4.789643272205646e-06,-0.016363188976378,0.0009280627417996049
512,128,-4.789643272205646e-06,-0.016240157480315,0.0014236313617530514
512,128,-4.789643272205646e-06,-0.016117125984252,0.0008215236943820881
512,128,-4.789643272205646e-06,-0.015994094488189,0.0005202564765559758
512,128,-4.789643272205646e-06,-0.015871062992126,0.0011252550808935856
512,128,-4.789643272205646e-06,-0.015748031496063,0.0017190340727974466
512,128,-4.789643272205646e-06,-0.015625,0.0008747671188289989
512,128,-4.789643272205646e-06,-0.015501968503937,0.0008168135983564892
512,128,-4.789643272205646e-06,-0.015378937007874,0.0010791019720747862
512,128,-4.789643272205646e-06,-0.015255905511811,0.0011420376252617335
512,128,-4.789643272205646e-06,-0.015132874015748,0.0012372054081001055
512,128,-4.789643272205646e-06,-0.015009842519685,0.00046999611770174405
512,128,-4.789643272205646e-06,-0.014886811023622,0.001140019089141195
512,128,-4.789643272205646e-06,-0.014763779527559,0.0026294315362669998
512,128,-4.789643272205646e-06,-0.014640748031496,0.0012029633307302056
512,128,-4.789643272205646e-06,-0.014517716535433,0.0005005496705198763
512,128,-4.789643272205646e-06,-0.01439468503937,0.0017026798408084432
512,128,-4.789643272205646e-06,-0.014271653543307,0.001294523414993744
512,128,-4.789643272205646e-06,-0.014148622047244,0.001256438847659351
512,128,-4.789643272205646e-06,-0.014025590551181,0.0007128495237699407
512,128,-4.789643272205646e-06,-0.013902559055118,0.001088198686789532
512,128,-4.789643272205646e-06,-0.013779527559055,0.002420957686037876
512,128,-4.789643272205646e-06,-0.013656496062992,0.001496980473466229
512,128,-4.789643272205646e-06,-0.013533464566929,0.0007735604773136548
512,128,-4.789643272205646e-06,-0.013410433070866,0.0011577703433171239
512,128,-4.789643272205646e-06,-0.013287401574803,0.0021794185425074576
512,128,-4.789643272205646e-06,-0.01316437007874,0.00119412928432645
512,128,-4.789643272205646e-06,-0.013041338582677,0.0006058813451595744
512,128,-4.789643272205646e-06,-0.012918307086614,0.0022198338635312405
512,128,-4.789643272205646e-06,-0.012795275590551,0.0020561168659450715
512,128,-4.789643272205646e-06,-0.012672244094488,0.0012702473405311237
512,128,-4.789643272205646e-06,-0.012549212598425,0.0008554899257154379
512,128,-4.789643272205646e-06,-0.012426181102362,0.0013100933087289955
512,128,-4.789643272205646e-06,-0.012303149606299,0.002186151141332062
512,128,-4.789643272205646e-06,-0.012180118110236,0.0022971709127889233
512,128,-4.789643272205646e-06,-0.012057086614173,0.0008665903005753444
512,128,-4.789643272205646e-06,-0.01193405511811,0.001393601269284731
512,128,-4.789643272205646e-06,-0.011811023622047,0.0037769391527034124
512,128,-4.789643272205646e-06,-0.011687992125984,0.0017434836026469327
512,128,-4.789643272205646e-06,-0.011564960629921,0.0007337395496360844
512,128,-4.789643272205646e-06,-0.011441929133858,0.001988043560749589
512,128,-4.789643272205646e-06,-0.011318897637795,0.001888927877389566
512,128,-4.789643272205646e-06,-0.011195866141732,0.00202210474336339
512,128,-4.789643272205646e-06,-0.011072834645669,0.0013960197501259326
512,128,-4.789643272205646e-06,-0.010949803149606,0.0015775512884929638
512,128,-4.789643272205646e-06,-0.010826771653543,0.002701903339208456
512,128,-4.789643272205646e-06,-0.01070374015748,0.0021813720467755864
512,128,-4.789643272205646e-06,-0.010580708661417,0.0008320068500214701
512,128,-4.789643272205646e-06,-0.010457677165354,0.0020905596968671418
512,128,-4.789643272205646e-06,-0.010334645669291,0.00338396039401998
512,128,-4.789643272205646e-06,-0.010211614173228,0.0017325329309470037
512,128,-4.789643272205646e-06,-0.010088582677165,0.000885109667488838
512,128,-4.789643272205646e-06,-0.009965551181102,0.002722824524679375
512,128,-4.789643272205646e-06,-0.009842519685039,0.004241351863372541
512,128,-4.789643272205646e-06,-0.009719488188976,0.0018450039142097357
512,128,-4.789643272205646e-06,-0.009596456692913,0.0012755016104963057
512,128,-4.789643272205646e-06,-0.00947342519685,0.002587537215770466
512,128,-4.789643272205646e-06,-0.009350393700787,0.0024228381485065604
512,128,-4.789643272205646e-06,-0.009227362204724,0.0031863263877178545
512,128,-4.789643272205646e-06,-0.009104330708661,0.0009999600319745296
512,128,-4.789643272205646e-06,-0.008981299212598,0.002028553446399966
512,128,-4.789643272205646e-06,-0.008858267716535,0.0049993896017491365
512,128,-4.789643272205646e-06,-0.008735236220472,0.0020938343041892937
512,128,-4.789643272205646e-06,-0.008612204724409,0.0016224577607338603
512,128,-4.789643272205646e-06,-0.008489173228346,0.0028746517145370005
512,128,-4.789643272205646e-06,-0.008366141732283,0.0027411524243308324
512,128,-4.789643272205646e-06,-0.00824311023622,0.0022305406561720026
512,128,-4.789643272205646e-06,-0.008120078740157,0.0016073204113307101
512,128,-4.789643272205646e-06,-0.007997047244094,0.0030695875033379598
512,128,-4.789643272205646e-06,-0.007874015748032,2.270980707420572e-09
512,128,-4.789643272205646e-06,-0.007874015748031,0.004666596123938037
512,128,-4.789643272205646e-06,-0.007750984251969,0.004072985495950593
512,128,-4.789643272205646e-06,-0.007750984251968,1.5885418585644552e-10
512,128,-4.789643272205646e-06,-0.007627952755906,0.001200586017406458
512,128,-4.789643272205646e-06,-0.007504921259843,0.0024507507225153555
512,128,-4.789643272205646e-06,-0.00738188976378,0.005312153928464459
512,128,-4.789643272205646e-06,-0.007258858267717,0.0025281176703787264
512,128,-4.789643272205646e-06,-0.007135826771654,0.0012780587524532812
512,128,-4.789643272205646e-06,-0.007012795275591,0.0034960647945400307
512,128,-4.789643272205646e-06,-0.006889763779528,0.004938914250096628
512,128,-4.789643272205646e-06,-0.006766732283465,0.0036964122028276597
512,128,-4.789643272205646e-06,-0.006643700787402,0.002055899657523571
512,128,-4.789643272205646e-06,-0.006520669291339,0.0027724959902562683
512,128,-4.789643272205646e-06,-0.006397637795276,0.0035439143342835436
512,128,-4.789643272205646e-06,-0.006274606299213,0.0038918753595346724
512,128,-4.789643272205646e-06,-0.00615157480315,0.0018733371749455755
512,128,-4.789643272205646e-06,-0.006028543307087,0.0035537789056370103
512,128,-4.789643272205646e-06,-0.005905511811024,0.007867760869746549
512,128,-4.789643272205646e-06,-0.005782480314961,0.003038318651911261
512,128,-4.789643272205646e-06,-0.005659448818898,0.001550457690565863
512,128,-4.789643272205646e-06,-0.005536417322835,0.005654119257385501
512,128,-4.789643272205646e-06,-0.005413385826772,0.004090202666948066
512,128,-4.789643272205646e-06,-0.005290354330709,0.0032314292748702057
512,128,-4.789643272205646e-06,-0.005167322834646,0.002617827838275799
512,128,-4.789643272205646e-06,-0.005044291338583,0.003333971953375866
512,128,-4.789643272205646e-06,-0.00492125984252,0.006899521856067677
512,128,-4.789643272205646e-06,-0.004798228346457,0.00492417913932526
512,128,-4.789643272205646e-06,-0.004675196850394,0.0017544247161094362
512,128,-4.789643272205646e-06,-0.004552165354331,0.00355260045063575
512,128,-4.789643272205646e-06,-0.004429133858268,0.006749554857525784
512,128,-4.789643272205646e-06,-0.004306102362205,0.005317177317348396
512,128,-4.789643272205646e-06,-0.004183070866142,0.0018599530412007634
512,128,-4.789643272205646e-06,-0.004060039370079,0.005564944122296549
512,128,-4.789643272205646e-06,-0.003937007874016,0.0076785554855787995
512,128,-4.789643272205646e-06,-0.003813976377953,0.003910889724012078
512,128,-4.789643272205646e-06,-0.00369094488189,0.003304272983473135
512,128,-4.789643272205646e-06,-0.003567913385827,0.00403453642213692
512,128,-4.789643272205646e-06,-0.003444881889764,0.005820739315981613
512,128,-4.789643272205646e-06,-0.003321850393701,0.006271799023844267
512,128,-4.789643272205646e-06,-0.003198818897638,0.002133725441577717
512,128,-4.789643272205646e-06,-0.003075787401575,0.005352308597092771
512,128,-4.789643272205646e-06,-0.002952755905512,0.01027659909203455
512,128,-4.789643272205646e-06,-0.002829724409449,0.004412003175087907
512,128,-4.789643272205646e-06,-0.002706692913386,0.002353901101056159
512,128,-4.789643272205646e-06,-0.002583661417323,0.007081465970205938
512,128,-4.789643272205646e-06,-0.00246062992126,0.007306426373919392
512,128,-4.789643272205646e-06,-0.002337598425197,0.00472264614004511
512,128,-4.789643272205646e-06,-0.002214566929134,0.003593029849133791
512,128,-4.789643272205646e-06,-0.002091535433071,0.0049327287624027286
512,128,-4.789643272205646e-06,-0.001968503937008,0.009724726080853034
512,128,-4.789643272205646e-06,-0.001845472440945,0.00826351194789473
512,128,-4.789643272205646e-06,-0.001722440944882,0.0030020737460782505
512,128,-4.789643272205646e-06,-0.001599409448819,0.005509029094156711
512,128,-4.789643272205646e-06,-0.001476377952756,0.009504817859132745
512,128,-4.789643272205646e-06,-0.001353346456693,0.005862805427948275
512,128,-4.789643272205646e-06,-0.00123031496063,0.0034377143251342174
512,128,-4.789643272205646e-06,-0.001107283464567,0.008277439635814472
512,128,-4.789643272205646e-06,-0.000984251968504,0.009773247550098407
512,128,-4.789643272205646e-06,-0.000861220472441,0.0067217571226525765
512,128,-4.789643272205646e-06,-0.000738188976378,0.004065229471475923
512,128,-4.789643272205646e-06,-0.000615157480315,0.007306846770911365
512,128,-4.789643272205646e-06,-0.000492125984252,0.007781630814584736
512,128,-4.789643272205646e-06,-0.000369094488189,0.008315055136396887
512,128,-4.789643272205646e-06,-0.000246062992126,0.0031444180120107092
512,128,-4.789643272205646e-06,-0.000123031496063,0.006306018859794399
512,128,-4.789643272205646e-06,0.0,0.018670729213867865
512,128,-4.789643272205646e-06,0.000123031496063,0.006305958462880293
512,128,-4.789643272205646e-06,0.000246062992126,0.0031443577774474068
512,128,-4.789643272205646e-06,0.000369094488189,0.008314816226797668
512,128,-4.789643272205646e-06,0.000492125984252,0.007781332695656162
512,128,-4.789643272205646e-06,0.000615157480315,0.007306496872745956
512,128,-4.789643272205646e-06,0.000738188976378,0.0040649958546196754
512,128,-4.789643272205646e-06,0.000861220472441,0.006721306493896874
512,128,-4.789643272205646e-06,0.000984251968504,0.009772498737866644
512,128,-4.789643272205646e-06,0.001107283464567,0.008276726176916752
512,128,-4.789643272205646e-06,0.00123031496063,0.0034373850817541133
512,128,-4.789643272205646e-06,0.001353346456693,0.005862187794440376
512,128,-4.789643272205646e-06,0.001476377952756,0.009503725516315632
512,128,-4.789643272205646e-06,0.001599409448819,0.005508343218070588
512,128,-4.789643272205646e-06,0.001722440944882,0.0030016712407043497
512,128,-4.789643272205646e-06,0.001845472440945,0.008262324902275504
512,128,-4.789643272205646e-06,0.001968503937008,0.00972323599534704
512,128,-4.789643272205646e-06,0.002091535433071,0.004931925691384469
512,128,-4.789643272205646e-06,0.002214566929134,0.00359241048242341
512,128,-4.789643272205646e-06,0.002337598425197,0.0047217868258587915
512,128,-4.789643272205646e-06,0.00246062992126,0.007305026984065982
512,128,-4.789643272205646e-06,0.002583661417323,0.007080041873756201
512,128,-4.789643272205646e-06,0.002706692913386,0.002353405204033686
512,128,-4.789643272205646e-06,0.002829724409449,0.004411031401200999
512,128,-4.789643272205646e-06,0.002952755905512,0.01027423724200779
512,128,-4.789643272205646e-06,0.003075787401575,0.005351027243994743
512,128,-4.789643272205646e-06,0.003198818897638,0.0021331942143923695
512,128,-4.789643272205646e-06,0.003321850393701,0.00627017745207514
512,128,-4.789643272205646e-06,0.003444881889764,0.00581917864076727
512,128,-4.789643272205646e-06,0.003567913385827,0.004033416024777847
512,128,-4.789643272205646e-06,0.00369094488189,0.0033033237325613236
512,128,-4.789643272205646e-06,0.003813976377953,0.003909728782201584
512,128,-4.789643272205646e-06,0.003937007874016,0.007676202643362949
512,128,-4.789643272205646e-06,0.004060039370079,0.00556318564574542
512,128,-4.789643272205646e-06,0.004183070866142,0.0018593475151994737
512,128,-4.789643272205646e-06,0.004306102362205,0.005315395351855173
512,128,-4.789643272205646e-06,0.004429133858268,0.006747228203591544
512,128,-4.789643272205646e-06,0.004552165354331,0.003551341813146776
512,128,-4.789643272205646e-06,0.004675196850394,0.0017537863649396098
512,128,-4.789643272205646e-06,0.004798228346457,0.004922340309869953
512,128,-4.789643272205646e-06,0.00492125984252,0.006896879312299775
512,128,-4.789643272205646e-06,0.005044291338583,0.0033326631185005757
512,128,-4.789643272205646e-06,0.005167322834646,0.0026167750735954748
512,128,-4.789643272205646e-06,0.005290354330709,0.003230098832641655
512,128,-4.789643272205646e-06,0.005413385826772,0.004088479523687789
512,128,-4.789643272205646e-06,0.005536417322835,0.005651683140698025
512,128,-4.789643272205646e-06,0.005659448818898,0.0015497748263338348
512,128,-4.789643272205646e-06,0.005782480314961,0.00303695139056184
512,128,-4.789643272205646e-06,0.005905511811024,0.007864145041589497
512,128,-4.789643272205646e-06,0.006028543307087,0.0035521116715384908
512,128,-4.789643272205646e-06,0.00615157480315,0.0018724403592552293
512,128,-4.789643272205646e-06,0.006274606299213,0.0038899750029396775
512,128,-4.789643272205646e-06,0.006397637795276,0.0035421499804667938
512,128,-4.789643272205646e-06,0.006520669291339,0.002771089140584339
512,128,-4.789643272205646e-06,0.006643700787402,0.0020548367671249105
512,128,-4.789643272205646e-06,0.006766732283465,0.0036944657903571496
512,128,-4.789643272205646e-06,0.006889763779528,0.004936266293932018
512,128,-4.789643272205646e-06,0.007012795275591,0.0034941569534656072
512,128,-4.789643272205646e-06,0.007135826771654,0.0012773490763870565
512,128,-4.789643272205646e-06,0.007258858267717,0.0025266896631020675
512,128,-4.789643272205646e-06,0.00738188976378,0.005309102517635694
512,128,-4.789643272205646e-06,0.007504921259843,0.0024493195123515667
512,128,-4.789643272205646e-06,0.007627952755906,0.0011998734028192963
512,128,-4.789643272205646e-06,0.007750984251968,1.587587975234963e-10
512,128,-4.789643272205646e-06,0.007750984251969,0.004070528970481611
512,128,-4.789643272205646e-06,0.007874015748031,0.004663736925538403
512,128,-4.789643272205646e-06,0.007874015748032,2.269594107197176e-09
512,128,-4.789643272205646e-06,0.007997047244094,0.003067677417108524
512,128,-4.789643272205646e-06,0.008120078740157,0.0016063048766280432
512,128,-4.789643272205646e-06,0.00824311023622,0.0022291099866608402
512,128,-4.789643272205646e-06,0.008366141732283,0.0027393680201965517
512,128,-4.789643272205646e-06,0.008489173228346,0.0028727528882052447
512,128,-4.789643272205646e-06,0.008612204724409,0.0016213705076421408
512,128,-4.789643272205646e-06,0.008735236220472,0.002092411181438034
512,128,-4.789643272205646e-06,0.008858267716535,0.004995943826278201
512,128,-4.789643272205646e-06,0.008981299212598,0.002027135875734633
512,128,-4.789643272205646e-06,0.009104330708661,0.000999251679613541
512,128,-4.789643272205646e-06,0.009227362204724,0.0031840387822966135
512,128,-4.789643272205646e-06,0.009350393700787,0.002421075504982816
512,128,-4.789643272205646e-06,0.00947342519685,0.0025856299913156002
512,128,-4.789643272205646e-06,0.009596456692913,0.0012745492834953527
512,128,-4.789643272205646e-06,0.009719488188976,0.0018436087021006728
512,128,-4.789643272205646e-06,0.009842519685039,0.004238103902324252
512,128,-4.789643272205646e-06,0.009965551181102,0.002720713378365161
512,128,-4.789643272205646e-06,0.010088582677165,0.0008844149303802551
512,128,-4.789643272205646e-06,0.010211614173228,0.0017311564728758355
512,128,-4.789643272205646e-06,0.010334645669291,0.003381239528150422
512,128,-4.789643272205646e-06,0.010457677165354,0.002088858806306711
512,128,-4.789643272205646e-06,0.010580708661417,0.0008313219574272104
512,128,-4.789643272205646e-06,0.01070374015748,0.0021795555219776596
512,128,-4.789643272205646e-06,0.010826771653543,0.002699627520381011
512,128,-4.789643272205646e-06,0.010949803149606,0.0015762074162414728
512,128,-4.789643272205646e-06,0.011072834645669,0.0013948171723163513
512,128,-4.789643272205646e-06,0.011195866141732,0.0020203434734851673
512,128,-4.789643272205646e-06,0.011318897637795,0.0018872645442760008
512,128,-4.789643272205646e-06,0.011441929133858,0.001986273936604471
512,128,-4.789643272205646e-06,0.011564960629921,0.0007330794015405061
512,128,-4.789643272205646e-06,0.011687992125984,0.0017418983229477664
512,128,-4.789643272205646e-06,0.011811023622047,0.0037734687839846956
512,128,-4.789643272205646e-06,0.01193405511811,0.0013923074616895097
512,128,-4.789643272205646e-06,0.012057086614173,0.0008657774603137021
512,128,-4.789643272205646e-06,0.012180118110236,0.002294994263190322
512,128,-4.789643272205646e-06,0.012303149606299,0.0021840588008035415
512,128,-4.789643272205646e-06,0.012426181102362,0.0013088269100784969
512,128,-4.789643272205646e-06,0.012549212598425,0.0008546547845636246
512,128,-4.789643272205646e-06,0.012672244094488,0.0012689951626368165
512,128,-4.789643272205646e-06,0.012795275590551,0.002054070350158298
512,128,-4.789643272205646e-06,0.012918307086614,0.002217603153271814
512,128,-4.789643272205646e-06,0.013041338582677,0.0006052666966551865
512,128,-4.789643272205646e-06,0.01316437007874,0.001192906463051471
512,128,-4.789643272205646e-06,0.013287401574803,0.002177165914229062
512,128,-4.789643272205646e-06,0.013410433070866,0.0011565626121875605
512,128,-4.789643272205646e-06,0.013533464566929,0.0007727461613218739
512,128,-4.789643272205646e-06,0.013656496062992,0.0014953902748438457
512,128,-4.789643272205646e-06,0.013779527559055,0.0024183627833584773
512,128,-4.789643272205646e-06,0.013902559055118,0.001087021907016623
512,128,-4.789643272205646e-06,0.014025590551181,0.0007120718208626275
512,128,-4.789643272205646e-06,0.014148622047244,0.001255056096359763
512,128,-4.789643272205646e-06,0.014271653543307,0.0012930863760433025
512,128,-4.789643272205646e-06,0.01439468503937,0.001700773409268554
512,128,-4.789643272205646e-06,0.014517716535433,0.0004999844398061288
512,128,-4.789643272205646e-06,0.014640748031496,0.001201593436575316
512,128,-4.789643272205646e-06,0.014763779527559,0.002626412068017849
512,128,-4.789643272205646e-06,0.014886811023622,0.0011386990358179098
512,128,-4.789643272205646e-06,0.015009842519685,0.0004694474133747642
512,128,-4.789643272205646e-06,0.015132874015748,0.001235749210418089
512,128,-4.789643272205646e-06,0.015255905511811,0.0011406825044437457
512,128,-4.789643272205646e-06,0.015378937007874,0.0010778112085937388
512,128,-4.789643272205646e-06,0.015501968503937,0.0008158287496508967
512,128,-4.789643272205646e-06,0.015625,0.0008737040543263941
512,128,-4.789643272205646e-06,0.015748031496063,0.0017169285647207775
512,128,-4.789643272205646e-06,0.015871062992126,0.0011238661042641542
512,128,-4.789643272205646e-06,0.015994094488189,0.0005196093391313337
512,128,-4.789643272205646e-06,0.016117125984252,0.0008204939201721912
512,128,-4.789643272205646e-06,0.016240157480315,0.0014218332459844769
512,128,-4.789643272205646e-06,0.016363188976378,0.0009268816851936296
512,128,-4.789643272205646e-06,0.016486220472441,0.0003894544552672286
512,128,-4.789643272205646e-06,0.016609251968504,0.0013974172376161249
512,128,-4.789643272205646e-06,0.016732283464567,0.0012304842567655945
512,128,-4.789643272205646e-06,0.01685531496063,0.0007464815795561963
512,128,-4.789643272205646e-06,0.016978346456693,0.0004924237700671882
512,128,-4.789643272205646e-06,0.017101377952756,0.0007232830236704297
512,128,-4.789643272205646e-06,0.017224409448819,0.00136689808072557
512,128,-4.789643272205646e-06,0.017347440944882,0.0009310861842529876
512,128,-4.789643272205646e-06,0.017470472440945,0.0003443569577671008
512,128,-4.789643272205646e-06,0.017593503937008,0.0009327802298270484
512,128,-4.789643272205646e-06,0.017716535433071,0.0018363136167448917
512,128,-4.789643272205646e-06,0.017839566929134,0.0007968199176466759
512,128,-4.789643272205646e-06,0.017962598425197,0.00032387362168971573
512,128,-4.789643272205646e-06,0.01808562992126,0.0009346840955452227
512,128,-4.789643272205646e-06,0.018208661417323,0.0007847822367509844
512,128,-4.789643272205646e-06,0.018331692913386,0.000617418145681329
512,128,-4.789643272205646e-06,0.018454724409449,0.00046363676763591183
512,128,-4.789643272205646e-06,0.018577755905512,0.0005981633307499313
512,128,-4.789643272205646e-06,0.018700787401575,0.0009587803703343382
512,128,-4.789643272205646e-06,0.018823818897638,0.0008961608299316837
512,128,-4.789643272205646e-06,0.018946850393701,0.0004022215952215999
512,128,-4.789643272205646e-06,0.019069881889764,0.0006824535523041652
512,128,-4.789643272205646e-06,0.019192913385827,0.0009424116703636036
512,128,-4.789643272205646e-06,0.01931594488189,0.0005438800242740055
512,128,-4.789643272205646e-06,0.019438976377953,0.00026947482136007627
512,128,-4.789643272205646e-06,0.019562007874016,0.0007048219514809961
512,128,-4.789643272205646e-06,0.019685039370079,0.0012342397322411968
512,128,-4.789643272205646e-06,0.019808070866142,0.0005747652557962595
512,128,-4.789643272205646e-06,0.019931102362205,0.0004075112352426739
512,128,-4.789643272205646e-06,0.020054133858268,0.0004945242971721239
512,128,-4.789643272205646e-06,0.020177165354331,0.0006118823264885473
512,128,-4.789643272205646e-06,0.020300196850394,0.0009085694578105258
512,128,-4.789643272205646e-06,0.020423228346457,0.0002382719247258262
512,128,-4.789643272205646e-06,0.02054625984252,0.0004641744701586427
512,128,-4.789643272205646e-06,0.020669291338583,0.0011985159933370862
512,128,-4.789643272205646e-06,0.020792322834646,0.000542741062869383
512,128,-4.789643272205646e-06,0.020915354330709,0.00026348111146792385
512,128,-4.789643272205646e-06,0.021038385826772,0.000646950535469485
512,128,-4.789643272205646e-06,0.021161417322835,0.000540155782366727
512,128,-4.789643272205646e-06,0.021284448818898,0.0004221351123969492
512,128,-4.789643272205646e-06,0.021407480314961,0.00027501562239239623
512,128,-4.789643272205646e-06,0.021530511811024,0.0005498561137557218
512,128,-4.789643272205646e-06,0.021653543307087,0.0007934337709807186
512,128,-4.789643272205646e-06,0.02177657480315,0.0005346323386973344
512,128,-4.789643272205646e-06,0.021899606299213,0.00019780521965398793
512,128,-4.789643272205646e-06,0.022022637795276,0.00038392773720535926
512,128,-4.789643272205646e-06,0.022145669291339,0.0008525155479621712
512,128,-4.789643272205646e-06,0.022268700787402,0.00037201857837598437
512,128,-4.789643272205646e-06,0.022391732283465,0.00023069921031785594
512,128,-4.789643272205646e-06,0.022514763779528,0.0004874766851479253
512,128,-4.789643272205646e-06,0.022637795275591,0.0005815564120438141
512,128,-4.789643272205646e-06,0.022760826771654,0.000420144906436528
512,128,-4.789643272205646e-06,0.022883858267717,0.00022606799051217599
512,128,-4.789643272205646e-06,0.02300688976378,0.0004288035291123015
512,128,-4.789643272205646e-06,0.023129921259843,0.00042052903172118373
512,128,-4.789643272205646e-06,0.023252952755906,0.0005204506333770135
512,128,-4.789643272205646e-06,0.023375984251968,1.331445759128474e-07
512,128,-4.789643272205646e-06,0.023375984251969,0.0001977069535585643
512,128,-4.789643272205646e-06,0.023499015748031,0.00031666526314037737
512,128,-4.789643272205646e-06,0.023499015748032,1.209028069456467e-06
512,128,-4.789643272205646e-06,0.023622047244094,0.000839342324273683
512,128,-4.789643272205646e-06,0.023745078740157,0.00030806957996893156
512,128,-4.789643272205646e-06,0.02386811023622,0.00015383773884860606
512,128,-4.789643272205646e-06,0.023991141732283,0.0005866308819859852
512,128,-4.789643272205646e-06,0.024114173228346,0.00045940513499538393
512,128,-4.789643272205646e-06,0.024237204724409,0.0002893210400375721
512,128,-4.789643272205646e-06,0.024360236220472,0.0002671574312046471
512,128,-4.789643272205646e-06,0.024483267716535,0.0002804359968392795
512,128,-4.789643272205646e-06,0.024606299212598,0.0005568364732898098
512,128,-4.789643272205646e-06,0.024729330708661,0.00036875580001364617
512,128,-4.789643272205646e-06,0.024852362204724,0.0001354617815701239
512,128,-4.789643272205646e-06,0.024975393700787,0.00030957928722657606
512,128,-4.789643272205646e-06,0.02509842519685,0.00043038607327042423
512,128,-4.789643272205646e-06,0.025221456692913,0.00030153407793924935
512,128,-4.789643272205646e-06,0.025344488188976,0.00012706767837926096
512,128,-4.789643272205646e-06,0.025467519685039,0.0003466479566414368
512,128,-4.789643272205646e-06,0.025590551181102,0.00045999692832858865
512,128,-4.789643272205646e-06,0.025713582677165,0.0002809728432674777
512,128,-4.789643272205646e-06,0.025836614173228,0.00019476139048824601
512,128,-4.789643272205646e-06,0.025959645669291,0.00023256033639810543
512,128,-4.789643272205646e-06,0.026082677165354,0.0002878820871526895
512,128,-4.789643272205646e-06,0.026205708661417,0.0003054477499985354
512,128,-4.789643272205646e-06,0.02632874015748,0.00011176452348412167
512,128,-4.789643272205646e-06,0.026451771653543,0.00025556230324767174
512,128,-4.789643272205646e-06,0.026574803149606,0.000548826548037122
512,128,-4.789643272205646e-06,0.026697834645669,0.00025342173774890606
512,128,-4.789643272205646e-06,0.026820866141732,0.00010480500883616366
512,128,-4.789643272205646e-06,0.026943897637795,0.000277802947182099
512,128,-4.789643272205646e-06,0.027066929133858,0.00035394406173780494
512,128,-4.789643272205646e-06,0.027189960629921,0.00027198032882747107
512,128,-4.789643272205646e-06,0.027312992125984,0.00012759294720966034
512,128,-4.789643272205646e-06,0.027436023622047,0.0001930143198423475
512,128,-4.789643272205646e-06,0.02755905511811,0.0004391656700769578
512,128,-4.789643272205646e-06,0.027682086614173,0.00033266486740962854
512,128,-4.789643272205646e-06,0.027805118110236,9.208394385066313e-05
512,128,-4.789643272205646e-06,0.027928149606299,0.000181443935129909
512,128,-4.789643272205646e-06,0.028051181102362,0.00029510785669977993
512,128,-4.789643272205646e-06,0.028174212598425,0.00017591306899482985
512,128,-4.789643272205646e-06,0.028297244094488,0.00011173541056761025
512,128,-4.789643272205646e-06,0.028420275590551,0.00027829029727997054
512,128,-4.789643272205646e-06,0.028543307086614,0.00027207452267640164
512,128,-4.789643272205646e-06,0.028666338582677,0.00016534487259268715
512,128,-4.789643272205646e-06,0.02878937007874,0.00014009485236734837
512,128,-4.789643272205646e-06,0.028912401574803,0.00018438602693168584
512,128,-4.789643272205646e-06,0.029035433070866,0.00019632426684406434
512,128,-4.789643272205646e-06,0.029158464566929,0.00020840950602968645
512,128,-4.789643272205646e-06,0.029281496062992,7.577978925852878e-05
512,128,-4.789643272205646e-06,0.029404527559055,0.00015066687387525795
512,128,-4.789643272205646e-06,0.029527559055118,0.0004224199684463861
512,128,-4.789643272205646e-06,0.029650590551181,0.00014606843628102664
512,128,-4.789643272205646e-06,0.029773622047244,9.59044963981749e-05
512,128,-4.789643272205646e-06,0.029896653543307,0.000196403664040917
512,128,-4.789643272205646e-06,0.03001968503937,0.00017271982976610242
512,128,-4.789643272205646e-06,0.030142716535433,0.0001873262086471032
512,128,-4.789643272205646e-06,0.030265748031496,8.851241556933183e-05
512,128,-4.789643272205646e-06,0.030388779527559,0.00016921347223044383
512,128,-4.789643272205646e-06,0.030511811023622,0.0002109285589254631
512,128,-4.789643272205646e-06,0.030634842519685,0.0001717865067124509
512,128,-4.789643272205646e-06,0.030757874015748,8.212693656427895e-05
512,128,-4.789643272205646e-06,0.030880905511811,0.00012512887148832908
512,128,-4.789643272205646e-06,0.031003937007874,0.00026851656150894064
512,128,-4.789643272205646e-06,0.031126968503937,0.00012090324960853033
512,128,-4.789643272205646e-06,0.03125,5.836324586524915e-05
512,128,-4.789643272205646e-06,0.031373031496063,0.00022684311410837868
512,128,-4.789643272205646e-06,0.031496062992126,0.00023709432553310585
512,128,-4.789643272205646e-06,0.031619094488189,0.00011399024557507805
512,128,-4.789643272205646e-06,0.031742125984252,7.395175652774683e-05
512,128,-4.789643272205646e-06,0.031865157480315,0.0001349271542570646
512,128,-4.789643272205646e-06,0.031988188976378,0.00017834448974688916
512,128,-4.789643272205646e-06,0.032111220472441,0.00015015788404754073
512,128,-4.789643272205646e-06,0.032234251968504,5.1216885306288394e-05
512,128,-4.789643272205646e-06,0.032357283464567,0.00010383716637773231
512,128,-4.789643272205646e-06,0.03248031496063,0.0002481895616707339
512,128,-4.789643272205646e-06,0.032603346456693,0.0001147989359530116
512,128,-4.789643272205646e-06,0.032726377952756,4.7587766206735344e-05
512,128,-4.789643272205646e-06,0.032849409448819,0.00012836159100471493
512,128,-4.789643272205646e-06,0.032972440944882,0.00011765216682954983
512,128,-4.789643272205646e-06,0.033095472440945,9.456629612297085e-05
512,128,-4.789643272205646e-06,0.033218503937008,8.510864116685585e-05
512,128,-4.789643272205646e-06,0.033341535433071,9.16770801261523e-05
512,128,-4.789643272205646e-06,0.033464566929134,0.00016116652733962427
512,128,-4.789643272205646e-06,0.033587598425197,0.00014922577696963417
512,128,-4.789643272205646e-06,0.03371062992126,4.2122445951264246e-05
512,128,-4.789643272205646e-06,0.033833661417323,9.403249702261401e-05
512,128,-4.789643272205646e-06,0.033956692913386,0.00014033088315972448
512,128,-4.789643272205646e-06,0.034079724409449,8.346721059869616e-05
512,128,-4.789643272205646e-06,0.034202755905512,3.94743462775289e-05
512,128,-4.789643272205646e-06,0.034325787401575,0.00011532922966739385
512,128,-4.789643272205646e-06,0.034448818897638,0.00017867529956252685
512,128,-4.789643272205646e-06,0.034571850393701,7.8393231840319e-05
512,128,-4.789643272205646e-06,0.034694881889764,5.170447739085053e-05
512,128,-4.789643272205646e-06,0.034817913385827,7.596598660549248e-05
512,128,-4.789643272205646e-06,0.03494094488189,9.119299528705488e-05
512,128,-4.789643272205646e-06,0.035063976377953,0.0001362787091987965
512,128,-4.789643272205646e-06,0.035187007874016,5.871908104068452e-05
512,128,-4.789643272205646e-06,0.035310039370079,8.579945880146093e-05
512,128,-4.789643272205646e-06,0.035433070866142,0.0002035066603380598
512,128,-4.789643272205646e-06,0.035556102362205,8.70606897479456e-05
512,128,-4.789643272205646e-06,0.035679133858268,4.230891509861329e-05
512,128,-4.789643272205646e-06,0.035802165354331,8.698576625699492e-05
512,128,-4.789643272205646e-06,0.035925196850394,8.033336900038662e-05
512,128,-4.789643272205646e-06,0.036048228346457,6.491020933601155e-05
512,128,-4.789643272205646e-06,0.03617125984252,4.4618076812247696e-05
512,128,-4.789643272205646e-06,0.036294291338583,7.281186105244292e-05
512,128,-4.789643272205646e-06,0.036417322834646,9.821262293255561e-05
512,128,-4.789643272205646e-06,0.036540354330709,8.451480862121462e-05
512,128,-4.789643272205646e-06,0.036663385826772,2.8585258829082192e-05
512,128,-4.789643272205646e-06,0.036786417322835,6.130267571824246e-05
512,128,-4.789643272205646e-06,0.036909448818898,0.00011550681042161998
512,128,-4.789643272205646e-06,0.037032480314961,6.782122862430662e-05
512,128,-4.789643272205646e-06,0.037155511811024,2.681521242210459e-05
512,128,-4.789643272205646e-06,0.037278543307087,7.164771495222915e-05
512,128,-4.789643272205646e-06,0.03740157480315,9.685522769278212e-05
512,128,-4.789643272205646e-06,0.037524606299213,6.274464177451852e-05
512,128,-4.789643272205646e-06,0.037647637795276,3.549532788381173e-05
512,128,-4.789643272205646e-06,0.037770669291339,5.2026939447330434e-05
512,128,-4.789643272205646e-06,0.037893700787402,8.741950190088913e-05
512,128,-4.789643272205646e-06,0.038016732283465,6.50261185127763e-05
512,128,-4.789643272205646e-06,0.038139763779528,2.9870541637241497e-05
512,128,-4.789643272205646e-06,0.038262795275591,4.8827162613370894e-05
512,128,-4.789643272205646e-06,0.038385826771654,0.00011173032032334415
512,128,-4.789643272205646e-06,0.038508858267717,4.72895624734007e-05
512,128,-4.789643272205646e-06,0.03863188976378,2.2163462023029052e-05
512,128,-4.789643272205646e-06,0.038754921259843,9.718280986843434e-05
512,128,-4.789643272205646e-06,0.038877952755906,5.500907586948363e-05
512,128,-4.789643272205646e-06,0.039000984251968,6.816612001403677e-10
512,128,-4.789643272205646e-06,0.039000984251969,4.43785568255713e-05
512,128,-4.789643272205646e-06,0.039124015748031,2.998369580156184e-05
512,128,-4.789643272205646e-06,0.039124015748032,2.522101289216338e-09
512,128,-4.789643272205646e-06,0.039247047244094,4.052788692736749e-05
512,128,-4.789643272205646e-06,0.039370078740157,0.00010497210389102963
512,128,-4.789643272205646e-06,0.03949311023622,5.3597530372782336e-05
512,128,-4.789643272205646e-06,0.039616141732283,2.21444092771875e-05
512,128,-4.789643272205646e-06,0.039739173228346,6.10685159639573e-05
512,128,-4.789643272205646e-06,0.039862204724409,7.53513536526457e-05
512,128,-4.789643272205646e-06,0.039985236220472,4.448256208453016e-05
512,128,-4.789643272205646e-06,0.040108267716535,1.83414754900243e-05
512,128,-4.789643272205646e-06,0.040231299212598,4.86675660289075e-05
512,128,-4.789643272205646e-06,0.040354330708661,5.9062755174880763e-05
512,128,-4.789643272205646e-06,0.040477362204724,4.18118584158267e-05
512,128,-4.789643272205646e-06,0.040600393700787,3.722320712877814e-05
512,128,-4.789643272205646e-06,0.04072342519685,3.5494233834300104e-05
512,128,-4.789643272205646e-06,0.040846456692913,4.2783258166156205e-05
512,128,-4.789643272205646e-06,0.040969488188976,5.2035040265470854e-05
512,128,-4.789643272205646e-06,0.041092519685039,1.6193130586805752e-05
512,128,-4.789643272205646e-06,0.041215551181102,4.030528556089199e-05
512,128,-4.789643272205646e-06,0.041338582677165,8.536815817946722e-05
512,128,-4.789643272205646e-06,0.041461614173228,3.2250516620900876e-05
512,128,-4.789643272205646e-06,0.041584645669291,2.1731527367716465e-05
512,128,-4.789643272205646e-06,0.041707677165354,4.014353669392686e-05
512,128,-4.789643272205646e-06,0.041830708661417,4.507325952018718e-05
512,128,-4.789643272205646e-06,0.04195374015748,2.944774906509748e-05
512,128,-4.789643272205646e-06,0.042076771653543,1.8390506532202066e-05
512,128,-4.789643272205646e-06,0.042199803149606,3.267722039028151e-05
512,128,-4.789643272205646e-06,0.042322834645669,4.584188923681874e-05
512,128,-4.789643272205646e-06,0.042445866141732,4.733248533554537e-05
512,128,-4.789643272205646e-06,0.042568897637795,1.3447235316951653e-05
512,128,-4.789643272205646e-06,0.042691929133858,2.7472036234356028e-05
512,128,-4.789643272205646e-06,0.042814960629921,4.550822918530687e-05
512,128,-4.789643272205646e-06,0.042937992125984,2.6607829748681762e-05
512,128,-4.789643272205646e-06,0.043061023622047,1.7463275136945886e-05
512,128,-4.789643272205646e-06,0.04318405511811,3.656977422604009e-05
512,128,-4.789643272205646e-06,0.043307086614173,5.7714838784689976e-05
512,128,-4.789643272205646e-06,0.043430118110236,2.494884558976262e-05
512,128,-4.789643272205646e-06,0.043553149606299,1.7086725897726296e-05
512,128,-4.789643272205646e-06,0.043676181102362,2.999023644202034e-05
512,128,-4.789643272205646e-06,0.043799212598425,2.9352052841954675e-05
512,128,-4.789643272205646e-06,0.043922244094488,4.259829590574837e-05
512,128,-4.789643272205646e-06,0.044045275590551,1.1166021764140626e-05
512,128,-4.789643272205646e-06,0.044168307086614,2.2671169351525557e-05
512,128,-4.789643272205646e-06,0.044291338582677,6.50454175654226e-05
512,128,-4.789643272205646e-06,0.04441437007874,2.8324968721798533e-05
512,128,-4.789643272205646e-06,0.044537401574803,1.0507883341134161e-05
512,128,-4.789643272205646e-06,0.044660433070866,2.7688168446255188e-05
512,128,-4.789643272205646e-06,0.044783464566929,3.571597951032251e-05
512,128,-4.789643272205646e-06,0.044906496062992,2.5839197130865486e-05
512,128,-4.789643272205646e-06,0.045029527559055,1.4105674603576842e-05
512,128,-4.789643272205646e-06,0.045152559055118,1.9949197767795845e-05
512,128,-4.789643272205646e-06,0.045275590551181,3.548805656231045e-05
512,128,-4.789643272205646e-06,0.045398622047244,3.0090926150809108e-05
512,128,-4.789643272205646e-06,0.045521653543307,1.0239803141034194e-05
512,128,-4.789643272205646e-06,0.04564468503937,1.9875498178260256e-05
512,128,-4.789643272205646e-06,0.045767716535433,3.111781963474873e-05
512,128,-4.789643272205646e-06,0.045890748031496,1.8104470043257373e-05
512,128,-4.789643272205646e-06,0.046013779527559,1.0555025612848171e-05
512,128,-4.789643272205646e-06,0.046136811023622,2.7729738297271285e-05
512,128,-4.789643272205646e-06,0.046259842519685,2.767213703722402e-05
512,128,-4.789643272205646e-06,0.046382874015748,1.4472242147296676e-05
512,128,-4.789643272205646e-06,0.046505905511811,1.2483411361954375e-05
512,128,-4.789643272205646e-06,0.046628937007874,1.6448312704166915e-05
512,128,-4.789643272205646e-06,0.046751968503937,2.2842964495231405e-05
512,128,-4.789643272205646e-06,0.046875,2.0556112347430842e-05
512,128,-4.789643272205646e-06,0.046998031496063,7.744908880485085e-06
512,128,-4.789643272205646e-06,0.047121062992126,1.542528926714781e-05
512,128,-4.789643272205646e-06,0.047244094488189,3.9654669297731376e-05
512,128,-4.789643272205646e-06,0.047367125984252,2.0616565433767926e-05
512,128,-4.789643272205646e-06,0.047490157480315,7.291532678816244e-06
512,128,-4.789643272205646e-06,0.047613188976378,2.2755327225026336e-05
512,128,-4.789643272205646e-06,0.047736220472441,1.7707457026397377e-05
512,128,-4.789643272205646e-06,0.047859251968504,1.4025537251796128e-05
512,128,-4.789643272205646e-06,0.047982283464567,1.5342031453457128e-05
512,128,-4.789643272205646e-06,0.04810531496063,1.7924429951711864e-05
512,128,-4.789643272205646e-06,0.048228346456693,2.476821225777376e-05
512,128,-4.789643272205646e-06,0.048351377952756,1.699659633712996e-05
512,128,-4.789643272205646e-06,0.048474409448819,6.441720916758909e-06
512,128,-4.789643272205646e-06,0.048597440944882,1.6409063860698005e-05
512,128,-4.789643272205646e-06,0.048720472440945,2.638177028310831e-05
512,128,-4.789643272205646e-06,0.048843503937008,1.2322387458299203e-05
512,128,-4.789643272205646e-06,0.048966535433071,6.0687719622481366e-06
512,128,-4.789643272205646e-06,0.049089566929134,2.2491345011941324e-05
512,128,-4.789643272205646e-06,0.049212598425197,2.6727338748368257e-05
512,128,-4.789643272205646e-06,0.04933562992126,1.156606069093138e-05
512,128,-4.789643272205646e-06,0.049458661417323,7.863321176202901e-06
512,128,-4.789643272205646e-06,0.049581692913386,9.560102505478206e-06
512,128,-4.789643272205646e-06,0.049704724409449,1.3734101239201004e-05
512,128,-4.789643272205646e-06,0.049827755905512,1.9405950371607154e-05
512,128,-4.789643272205646e-06,0.049950787401575,7.268714207576761e-06
512,128,-4.789643272205646e-06,0.050073818897638,1.1629824568228294e-05
512,128,-4.789643272205646e-06,0.050196850393701,2.2932832702782754e-05
512,128,-4.789643272205646e-06,0.050319881889764,1.0174291253359158e-05
512,128,-4.789643272205646e-06,0.050442913385827,5.061712071874377e-06
512,128,-4.789643272205646e-06,0.05056594488189,1.2788389693284386e-05
512,128,-4.789643272205646e-06,0.050688976377953,1.2089963868181183e-05
512,128,-4.789643272205646e-06,0.050812007874016,9.524217229144534e-06
512,128,-4.789643272205646e-06,0.050935039370079,5.7281851020425406e-06
512,128,-4.789643272205646e-06,0.051058070866142,1.2034113797415095e-05
512,128,-4.789643272205646e-06,0.051181102362205,1.9941713332893924e-05
512,128,-4.789643272205646e-06,0.051304133858268,1.163135589018808e-05
512,128,-4.789643272205646e-06,0.051427165354331,4.2110940265554905e-06
512,128,-4.789643272205646e-06,0.051550196850394,8.683598505299228e-06
512,128,-4.789643272205646e-06,0.051673228346457,1.9617456634781947e-05
512,128,-4.789643272205646e-06,0.05179625984252,8.392500000108078e-06
512,128,-4.789643272205646e-06,0.051919291338583,4.195642274083105e-06
512,128,-4.789643272205646e-06,0.052042322834646,1.285907662059658e-05
512,128,-4.789643272205646e-06,0.052165354330709,1.3027274540297249e-05
512,128,-4.789643272205646e-06,0.052288385826772,1.161511864475263e-05
512,128,-4.789643272205646e-06,0.052411417322835,5.2975005470719225e-06
512,128,-4.789643272205646e-06,0.052534448818898,7.502196532586102e-06
512,128,-4.789643272205646e-06,0.052657480314961,9.355307996514141e-06
512,128,-4.789643272205646e-06,0.052780511811024,9.841215528897738e-06
512,128,-4.789643272205646e-06,0.052903543307087,3.5946390285878375e-06
512,128,-4.789643272205646e-06,0.05302657480315,7.146765888759864e-06
512,128,-4.789643272205646e-06,0.053149606299213,1.876295587692924e-05
512,128,-4.789643272205646e-06,0.053272637795276,6.924975425116598e-06
512,128,-4.789643272205646e-06,0.053395669291339,4.846261365911943e-06
512,128,-4.789643272205646e-06,0.053518700787402,9.727864312060874e-06
512,128,-4.789643272205646e-06,0.053641732283465,8.221223320104847e-06
512,128,-4.789643272205646e-06,0.053764763779528,9.69122808023323e-06
512,128,-4.789643272205646e-06,0.053887795275591,4.3560588290574425e-06
512,128,-4.789643272205646e-06,0.054010826771654,6.288648875406692e-06
512,128,-4.789643272205646e-06,0.054133858267717,1.4224645506506233e-05
512,128,-4.789643272205646e-06,0.05425688976378,1.1392885343794891e-05
512,128,-4.789643272205646e-06,0.054379921259843,4.777794117086255e-06
512,128,-4.789643272205646e-06,0.054502952755906,5.903290298509549e-06
512,128,-4.789643272205646e-06,0.054625984251968,3.6589850297069354e-08
512,128,-4.789643272205646e-06,0.054625984251969,9.815740722959742e-06
512,128,-4.789643272205646e-06,0.054749015748031,7.461138669562683e-06
512,128,-4.789643272205646e-06,0.054749015748032,1.0541337027075218e-08
512,128,-4.789643272205646e-06,0.054872047244094,2.8879057563839364e-06
512,128,-4.789643272205646e-06,0.054995078740157,7.257513053182259e-06
512,128,-4.789643272205646e-06,0.05511811023622,1.1859571872469734e-05
512,128,-4.789643272205646e-06,0.055241141732283,5.366219396935054e-06
512,128,-4.789643272205646e-06,0.055364173228346,4.492327784149428e-06
512,128,-4.789643272205646e-06,0.055487204724409,6.206266458679792e-06
512,128,-4.789643272205646e-06,0.055610236220472,6.350394263089616e-06
512,128,-4.789643272205646e-06,0.055733267716535,6.604357630842258e-06
512,128,-4.789643272205646e-06,0.055856299212598,2.5587022264865823e-06
512,128,-4.789643272205646e-06,0.055979330708661,5.780170659627993e-06
512,128,-4.789643272205646e-06,0.056102362204724,1.0459932445163836e-05
512,128,-4.789643272205646e-06,0.056225393700787,4.72534452415918e-06
512,128,-4.789643272205646e-06,0.05634842519685,2.4086530056688714e-06
512,128,-4.789643272205646e-06,0.056471456692913,7.2393120656982375e-06
512,128,-4.789643272205646e-06,0.056594488188976,6.263991132379148e-06
512,128,-4.789643272205646e-06,0.056717519685039,4.420463526641438e-06
512,128,-4.789643272205646e-06,0.056840551181102,3.358374646348908e-06
512,128,-4.789643272205646e-06,0.056963582677165,4.298272500902754e-06
512,128,-4.789643272205646e-06,0.057086614173228,7.630433411096617e-06
512,128,-4.789643272205646e-06,0.057209645669291,5.861157808366682e-06
512,128,-4.789643272205646e-06,0.057332677165354,2.1146617392479736e-06
512,128,-4.789643272205646e-06,0.057455708661417,4.018035425731922e-06
512,128,-4.789643272205646e-06,0.05757874015748,8.124791906340926e-06
512,128,-4.789643272205646e-06,0.057701771653543,3.7807161216766726e-06
512,128,-4.789643272205646e-06,0.057824803149606,1.8610703557092383e-06
512,128,-4.789643272205646e-06,0.057947834645669,4.960715043766273e-06
512,128,-4.789643272205646e-06,0.058070866141732,6.121943408628829e-06
512,128,-4.789643272205646e-06,0.058193897637795,4.491226056946715e-06
512,128,-4.789643272205646e-06,0.058316929133858,2.3952998730296237e-06
512,128,-4.789643272205646e-06,0.058439960629921,5.813209036454745e-06
512,128,-4.789643272205646e-06,0.058562992125984,5.8360184395059906e-06
512,128,-4.789643272205646e-06,0.058686023622047,5.313068651859998e-06
512,128,-4.789643272205646e-06,0.05880905511811,1.746591817092468e-06
512,128,-4.789643272205646e-06,0.058932086614173,3.3258327475255864e-06
512,128,-4.789643272205646e-06,0.059055118110236,1.0799080561150264e-05
512,128,-4.789643272205646e-06,0.059178149606299,3.088755268734013e-06
512,128,-4.789643272205646e-06,0.059301181102362,1.6420358236098402e-06
512,128,-4.789643272205646e-06,0.059424212598425,5.990218342285783e-06
512,128,-4.789643272205646e-06,0.059547244094488,4.399539537267253e-06
512,128,-4.789643272205646e-06,0.059670275590551,3.878771680906236e-06
512,128,-4.789643272205646e-06,0.059793307086614,1.9715939623123254e-06
512,128,-4.789643272205646e-06,0.059916338582677,2.9156596141555793e-06
512,128,-4.789643272205646e-06,0.06003937007874,4.755526462177896e-06
512,128,-4.789643272205646e-06,0.060162401574803,3.749791960199587e-06
512,128,-4.789643272205646e-06,0.060285433070866,1.970495074160261e-06
512,128,-4.789643272205646e-06,0.060408464566929,2.7349141864102315e-06
512,128,-4.789643272205646e-06,0.060531496062992,4.534759786893444e-06
512,128,-4.789643272205646e-06,0.060654527559055,2.3681984862964012e-06
512,128,-4.789643272205646e-06,0.060777559055118,1.6716251399729997e-06
512,128,-4.789643272205646e-06,0.060900590551181,4.771855311736307e-06
512,128,-4.789643272205646e-06,0.061023622047244,4.526617090423602e-06
512,128,-4.789643272205646e-06,0.061146653543307,2.4505925894387305e-06
512,128,-4.789643272205646e-06,0.06126968503937,1.6164606775904748e-06
512,128,-4.789643272205646e-06,0.061392716535433,2.402680121242121e-06
512,128,-4.789643272205646e-06,0.061515748031496,3.4026392398057985e-06
512,128,-4.789643272205646e-06,0.061638779527559,3.106950803818633e-06
512,128,-4.789643272205646e-06,0.061761811023622,1.1899811314288078e-06
512,128,-4.789643272205646e-06,0.061884842519685,2.274096749903585e-06
512,128,-4.789643272205646e-06,0.062007874015748,5.76945885261742e-06
512,128,-4.789643272205646e-06,0.062130905511811,2.7666421336488643e-06
512,128,-4.789643272205646e-06,0.062253937007874,8.046645298350512e-07
512,128,-4.789643272205646e-06,0.062376968503937,2.827104970836665e-06
512,128,-4.789643272205646e-06,0.0625,2.5711586521651795e-06
512,128,-4.789643272205646e-06,0.062623031496063,2.0489155418786505e-06
512,128,-4.789643272205646e-06,0.062746062992126,2.219597170539976e-06
512,128,-4.789643272205646e-06,0.062869094488189,1.997385617608175e-06
512,128,-4.789643272205646e-06,0.062992125984252,3.5658408350207585e-06
512,128,-4.789643272205646e-06,0.063115157480315,3.2488849975238526e-06
512,128,-4.789643272205646e-06,0.063238188976378,9.77831595882771e-07
512,128,-4.789643272205646e-06,0.063361220472441,2.3446153183834694e-06
512,128,-4.789643272205646e-06,0.063484251968504,3.065405659206779e-06
512,128,-4.789643272205646e-06,0.063607283464567,2.3137342152146548e-06
512,128,-4.789643272205646e-06,0.06373031496063,1.2939338492326366e-06
512,128,-4.789643272205646e-06,0.063853346456693,2.345501974477525e-06
512,128,-4.789643272205646e-06,0.063976377952756,3.946946117533442e-06
512,128,-4.789643272205646e-06,0.064099409448819,1.6911442623528397e-06
512,128,-4.789643272205646e-06,0.064222440944882,1.1599477208057155e-06
512,128,-4.789643272205646e-06,0.064345472440945,1.6260737017824507e-06
512,128,-4.789643272205646e-06,0.064468503937008,1.9878997971586845e-06
512,128,-4.789643272205646e-06,0.064591535433071,3.1072951824925797e-06
512,128,-4.789643272205646e-06,0.064714566929134,8.101047602802229e-07
512,128,-4.789643272205646e-06,0.064837598425197,1.2437486511296816e-06
512,128,-4.789643272205646e-06,0.06496062992126,4.176267092281257e-06
512,128,-4.789643272205646e-06,0.065083661417323,1.9982184934192765e-06
512,128,-4.789643272205646e-06,0.065206692913386,7.569098452517531e-07
512,128,-4.789643272205646e-06,0.065329724409449,2.123022014985882e-06
512,128,-4.789643272205646e-06,0.065452755905512,2.243549131773709e-06
512,128,-4.789643272205646e-06,0.065575787401575,1.444346748486642e-06
512,128,-4.789643272205646e-06,0.065698818897638,8.956873207457148e-07
512,128,-4.789643272205646e-06,0.065821850393701,1.6677144748092302e-06
512,128,-4.789643272205646e-06,0.065944881889764,2.2150273968450494e-06
512,128,-4.789643272205646e-06,0.066067913385827,1.7703598860373522e-06
512,128,-4.789643272205646e-06,0.06619094488189,6.582182884650794e-07
512,128,-4.789643272205646e-06,0.066313976377953,1.7132898097137917e-06
512,128,-4.789643272205646e-06,0.066437007874016,2.8365645692601884e-06
512,128,-4.789643272205646e-06,0.066560039370079,1.233509600515479e-06
512,128,-4.789643272205646e-06,0.066683070866142,6.178547294653409e-07
512,128,-4.789643272205646e-06,0.066806102362205,1.6100501137333275e-06
512,128,-4.789643272205646e-06,0.066929133858268,2.4176386021457697e-06
512,128,-4.789643272205646e-06,0.067052165354331,1.4056868278859375e-06
512,128,-4.789643272205646e-06,0.067175196850394,9.199394921316132e-07
512,128,-4.789643272205646e-06,0.067298228346457,1.1156560714481202e-06
512,128,-4.789643272205646e-06,0.06742125984252,1.356066407410395e-06
512,128,-4.789643272205646e-06,0.067544291338583,1.5596509886239608e-06
512,128,-4.789643272205646e-06,0.067667322834646,4.2125773159274543e-07
512,128,-4.789643272205646e-06,0.067790354330709,1.055697381286937e-06
512,128,-4.789643272205646e-06,0.067913385826772,2.198511297053112e-06
512,128,-4.789643272205646e-06,0.068036417322835,1.073454837207754e-06
512,128,-4.789643272205646e-06,0.068159448818898,5.082216920589973e-07
512,128,-4.789643272205646e-06,0.068282480314961,1.3935117962989945e-06
512,128,-4.789643272205646e-06,0.068405511811024,1.1967754755378469e-06
512,128,-4.789643272205646e-06,0.068528543307087,9.452037082523297e-07
512,128,-4.789643272205646e-06,0.06865157480315,6.783508610170453e-07
512,128,-4.789643272205646e-06,0.068774606299213,9.830593469304764e-07
512,128,-4.789643272205646e-06,0.068897637795276,2.2787175405836463e-06
512,128,-4.789643272205646e-06,0.069020669291339,1.293987410527684e-06
512,128,-4.789643272205646e-06,0.069143700787402,4.4703888466298374e-07
512,128,-4.789643272205646e-06,0.069266732283465,8.55126156353533e-07
512,128,-4.789643272205646e-06,0.069389763779528,1.3968105746386192e-06
512,128,-4.789643272205646e-06,0.069512795275591,1.0047812211810218e-06
512,128,-4.789643272205646e-06,0.069635826771654,4.169941386666545e-07
512,128,-4.789643272205646e-06,0.069758858267717,1.5220921407265422e-06
512,128,-4.789643272205646e-06,0.06988188976378,1.3179898344278415e-06
512,128,-4.789643272205646e-06,0.070004921259843,7.726752903832897e-07
512,128,-4.789643272205646e-06,0.070127952755906,7.849187951294071e-07
512,128,-4.789643272205646e-06,0.070250984251968,7.0175406237685405e-12
512,128,-4.789643272205646e-06,0.070250984251969,7.509712323579029e-07
512,128,-4.789643272205646e-06,0.070374015748031,1.2469753146906627e-09
512,128,-4.789643272205646e-06,0.070374015748032,1.178645954547607e-06
512,128,-4.789643272205646e-06,0.070497047244094,1.001773627648726e-06
512,128,-4.789643272205646e-06,0.070620078740157,4.906380204953097e-07
512,128,-4.789643272205646e-06,0.070620078740158,2.1743073364211373e-10
512,128,-4.789643272205646e-06,0.07074311023622,1.3229591607453915e-06
512,128,-4.789643272205646e-06,0.070866141732283,1.943268923725503e-06
512,128,-4.789643272205646e-06,0.070989173228346,6.866425127192702e-07
512,128,-4.789643272205646e-06,0.071112204724409,5.270380747578456e-07
512,128,-4.789643272205646e-06,0.071235236220472,9.203646942412642e-07
512,128,-4.789643272205646e-06,0.071358267716535,1.0131098352002982e-06
512,128,-4.789643272205646e-06,0.071481299212598,7.1862818631868e-07
512,128,-4.789643272205646e-06,0.071604330708661,4.108369775789283e-07
512,128,-4.789643272205646e-06,0.071727362204724,8.293509400888305e-07
512,128,-4.789643272205646e-06,0.071850393700787,1.0180386000404637e-06
512,128,-4.789643272205646e-06,0.07197342519685,9.539655766384517e-07
512,128,-4.789643272205646e-06,0.072096456692913,3.030230692904412e-07
512,128,-4.789643272205646e-06,0.072219488188976,5.760131535336797e-07
512,128,-4.789643272205646e-06,0.072342519685039,1.05541533757468e-06
512,128,-4.789643272205646e-06,0.072465551181102,4.953898249076108e-07
512,128,-4.789643272205646e-06,0.072588582677165,3.2206813665235967e-07
512,128,-4.789643272205646e-06,0.072711614173228,7.552159757482956e-07
512,128,-4.789643272205646e-06,0.072834645669291,9.575617506955514e-07
512,128,-4.789643272205646e-06,0.072957677165354,5.223254247295072e-07
512,128,-4.789643272205646e-06,0.073080708661417,3.41224641180407e-07
512,128,-4.789643272205646e-06,0.07320374015748,5.54814521431255e-07
512,128,-4.789643272205646e-06,0.073326771653543,6.31445638140451e-07
512,128,-4.789643272205646e-06,0.073449803149606,6.857193048607156e-07
512,128,-4.789643272205646e-06,0.073572834645669,1.8012372145370163e-07
512,128,-4.789643272205646e-06,0.073695866141732,4.716382164487299e-07
512,128,-4.789643272205646e-06,0.073818897637795,1.2910933603083135e-06
512,128,-4.789643272205646e-06,0.073941929133858,4.5734777570133346e-07
512,128,-4.789643272205646e-06,0.074064960629921,2.952497326024256e-07
512,128,-4.789643272205646e-06,0.074187992125984,6.137026952565528e-07
512,128,-4.789643272205646e-06,0.074311023622047,5.581128432467347e-07
512,128,-4.789643272205646e-06,0.07443405511811,6.598890725685247e-07
512,128,-4.789643272205646e-06,0.074557086614173,2.7322955059152533e-07
512,128,-4.789643272205646e-06,0.074680118110236,4.167204057200109e-07
512,128,-4.789643272205646e-06,0.074803149606299,8.503154881186135e-07
512,128,-4.789643272205646e-06,0.074926181102362,7.291687740825706e-07
512,128,-4.789643272205646e-06,0.075049212598425,2.431914096752855e-07
512,128,-4.789643272205646e-06,0.075172244094488,4.5384421142928987e-07
512,128,-4.789643272205646e-06,0.075295275590551,8.012194056124347e-07
512,128,-4.789643272205646e-06,0.075418307086614,3.739608294075463e-07
512,128,-4.789643272205646e-06,0.075541338582677,1.8514870554677774e-07
512,128,-4.789643272205646e-06,0.07566437007874,5.562199021353098e-07
512,128,-4.789643272205646e-06,0.075787401574803,7.634073809973906e-07
512,128,-4.789643272205646e-06,0.075910433070866,3.555059404710692e-07
512,128,-4.789643272205646e-06,0.076033464566929,2.256196223826698e-07
512,128,-4.789643272205646e-06,0.076156496062992,3.4308531051697e-07
512,128,-4.789643272205646e-06,0.076279527559055,5.489537944904668e-07
512,128,-4.789643272205646e-06,0.076402559055118,6.393181472310273e-07
512,128,-4.789643272205646e-06,0.076525590551181,1.6335616050842583e-07
512,128,-4.789643272205646e-06,0.076648622047244,3.8991755488390393e-07
512,128,-4.789643272205646e-06,0.076771653543307,9.065065677726775e-07
512,128,-4.789643272205646e-06,0.07689468503937,4.775537389732346e-07
512,128,-4.789643272205646e-06,0.077017716535433,1.5620608728140154e-07
512,128,-4.789643272205646e-06,0.077140748031496,4.675281009632768e-07
512,128,-4.789643272205646e-06,0.077263779527559,3.830354541731108e-07
512,128,-4.789643272205646e-06,0.077386811023622,2.230915773678306e-07
512,128,-4.789643272205646e-06,0.077509842519685,3.3998134136373924e-07
512,128,-4.789643272205646e-06,0.077632874015748,2.787081384212087e-07
512,128,-4.789643272205646e-06,0.077755905511811,4.638257998474991e-07
512,128,-4.789643272205646e-06,0.077878937007874,3.8629985995510596e-07
512,128,-4.789643272205646e-06,0.078001968503937,1.3513182017308584e-07
512,128,-4.789643272205646e-06,0.078125,3.09247375918e-07
512,128,-4.789643272205646e-06,0.078248031496063,4.2355113262423123e-07
512,128,-4.789643272205646e-06,0.078371062992126,3.6280484963083155e-07
512,128,-4.789643272205646e-06,0.078494094488189,1.1268653512893942e-07
512,128,-4.789643272205646e-06,0.078617125984252,3.2679629687913936e-07
512,128,-4.789643272205646e-06,0.078740157480315,5.548811214094921e-07
512,128,-4.789643272205646e-06,0.078863188976378,2.414452453194522e-07
512,128,-4.789643272205646e-06,0.078986220472441,1.5173235245745322e-07
512,128,-4.789643272205646e-06,0.079109251968504,2.341789370629256e-07
512,128,-4.789643272205646e-06,0.079232283464567,3.0849011557838726e-07
512,128,-4.789643272205646e-06,0.07935531496063,3.517496132801318e-07
512,128,-4.789643272205646e-06,0.079478346456693,2.299930851746155e-07
512,128,-4.789643272205646e-06,0.079601377952756,2.1518164075229815e-07
512,128,-4.789643272205646e-06,0.079724409448819,5.097652600888103e-07
512,128,-4.789643272205646e-06,0.079847440944882,2.8316483312244667e-07
512,128,-4.789643272205646e-06,0.079970472440945,1.0138861891044202e-07
512,128,-4.789643272205646e-06,0.080093503937008,3.4803077207307636e-07
512,128,-4.789643272205646e-06,0.080216535433071,2.610267775731521e-07
512,128,-4.789643272205646e-06,0.080339566929134,1.984335669134812e-07
512,128,-4.789643272205646e-06,0.080462598425197,1.249673360953533e-07
512,128,-4.789643272205646e-06,0.08058562992126,2.2230369338371016e-07
512,128,-4.789643272205646e-06,0.080708661417323,3.4716828736528257e-07
512,128,-4.789643272205646e-06,0.080831692913386,2.398010338707563e-07
512,128,-4.789643272205646e-06,0.080954724409449,1.0143991346636777e-07
512,128,-4.789643272205646e-06,0.081077755905512,1.732819443844276e-07
512,128,-4.789643272205646e-06,0.081200787401575,3.84416209288579e-07
512,128,-4.789643272205646e-06,0.081323818897638,1.7216899583463783e-07
512,128,-4.789643272205646e-06,0.081446850393701,8.581949965709929e-08
512,128,-4.789643272205646e-06,0.081569881889764,2.4409654102245407e-07
512,128,-4.789643272205646e-06,0.081692913385827,2.737763758546512e-07
512,128,-4.789643272205646e-06,0.08181594488189,1.8921862884174725e-07
512,128,-4.789643272205646e-06,0.081938976377953,1.3093861438454987e-07
512,128,-4.789643272205646e-06,0.082062007874016,2.2048091157910679e-07
512,128,-4.789643272205646e-06,0.082185039370079,2.0392811290719808e-07
512,128,-4.789643272205646e-06,0.082308070866142,2.174750940804085e-07
512,128,-4.789643272205646e-06,0.082431102362205,1.0320301652629252e-07
512,128,-4.789643272205646e-06,0.082554133858268,1.943710235641045e-07
512,128,-4.789643272205646e-06,0.082677165354331,4.5794716255375575e-07
512,128,-4.789643272205646e-06,0.082800196850394,1.408003693187458e-07
512,128,-4.789643272205646e-06,0.082923228346457,7.128927132092296e-08
512,128,-4.789643272205646e-06,0.08304625984252,2.996836123243729e-07
512,128,-4.789643272205646e-06,0.083169291338583,2.0717822723400183e-07
512,128,-4.789643272205646e-06,0.083292322834646,1.3177627087966524e-07
512,128,-4.789643272205646e-06,0.083415354330709,8.556786006531295e-08
512,128,-4.789643272205646e-06,0.083538385826772,1.6863691596709173e-07
512,128,-4.789643272205646e-06,0.083661417322835,2.834732270769798e-07
512,128,-4.789643272205646e-06,0.083784448818898,1.804881865342547e-07
512,128,-4.789643272205646e-06,0.083907480314961,5.654212132500004e-08
512,128,-4.789643272205646e-06,0.084030511811024,1.2053758483849736e-07
512,128,-4.789643272205646e-06,0.084153543307087,2.5818599778802445e-07
512,128,-4.789643272205646e-06,0.08427657480315,1.3585095807814908e-07
512,128,-4.789643272205646e-06,0.084399606299213,5.784680220289293e-08
512,128,-4.789643272205646e-06,0.084522637795276,1.6590247428483627e-07
512,128,-4.789643272205646e-06,0.084645669291339,2.104010187337857e-07
512,128,-4.789643272205646e-06,0.084768700787402,1.3661051845197655e-07
512,128,-4.789643272205646e-06,0.084891732283465,8.885984752947542e-08
512,128,-4.789643272205646e-06,0.085014763779528,1.0317761096683704e-07
512,128,-4.789643272205646e-06,0.085137795275591,1.3991464975553106e-07
512,128,-4.789643272205646e-06,0.085260826771654,1.8309224287917397e-07
512,128,-4.789643272205646e-06,0.085383858267717,5.102534366037261e-08
512,128,-4.789643272205646e-06,0.08550688976378,1.1474480070524154e-07
512,128,-4.789643272205646e-06,0.085629921259842,2.0282929417590794e-08
512,128,-4.789643272205646e-06,0.085629921259843,1.9624433608950583e-07
512,128,-4.789643272205646e-06,0.085752952755906,8.024560831093425e-08
512,128,-4.789643272205646e-06,0.085875984251968,4.7539571016465506e-08
512,128,-4.789643272205646e-06,0.085875984251969,3.130160359469402e-12
512,128,-4.789643272205646e-06,0.085999015748031,4.992399739836697e-12
512,128,-4.789643272205646e-06,0.085999015748032,1.3343741603290393e-07
512,128,-4.789643272205646e-06,0.086122047244094,1.454052297416252e-07
512,128,-4.789643272205646e-06,0.086245078740157,8.482127372764729e-08
512,128,-4.789643272205646e-06,0.086245078740158,3.926315400698425e-09
512,128,-4.789643272205646e-06,0.08636811023622,6.050039195104434e-08
512,128,-4.789643272205646e-06,0.086491141732283,6.156370525963557e-08
512,128,-4.789643272205646e-06,0.086614173228346,1.7382524846142685e-07
512,128,-4.789643272205646e-06,0.086737204724409,1.369995706550352e-07
512,128,-4.789643272205646e-06,0.086860236220472,4.1891283180140074e-08
512,128,-4.789643272205646e-06,0.086983267716535,1.075664992648269e-07
512,128,-4.789643272205646e-06,0.087106299212598,1.2993221443071423e-07
512,128,-4.789643272205646e-06,0.087229330708661,7.72283750074288e-08
512,128,-4.789643272205646e-06,0.087352362204724,5.6198914649826755e-08
512,128,-4.789643272205646e-06,0.087475393700787,9.713432120107191e-08
512,128,-4.789643272205646e-06,0.08759842519685,1.2441563409845587e-07
512,128,-4.789643272205646e-06,0.087721456692913,8.992216062830305e-08
512,128,-4.789643272205646e-06,0.087844488188976,7.270100067272178e-08
512,128,-4.789643272205646e-06,0.087967519685039,1.2376614849835703e-07
512,128,-4.789643272205646e-06,0.088090551181102,9.387492070869842e-08
512,128,-4.789643272205646e-06,0.088213582677165,1.0056491090769563e-07
512,128,-4.789643272205646e-06,0.088336614173228,3.5112066507585054e-08
512,128,-4.789643272205646e-06,0.088459645669291,6.760835391853812e-08
512,128,-4.789643272205646e-06,0.088582677165354,2.26321880473476e-07
512,128,-4.789643272205646e-06,0.088705708661417,8.688995298370615e-08
512,128,-4.789643272205646e-06,0.08882874015748,5.222224829514567e-08
512,128,-4.789643272205646e-06,0.088951771653543,9.264820834421297e-08
512,128,-4.789643272205646e-06,0.089074803149606,8.349874885601618e-08
512,128,-4.789643272205646e-06,0.089197834645669,1.0855822493992721e-07
512,128,-4.789643272205646e-06,0.089320866141732,3.784110916603836e-08
512,128,-4.789643272205646e-06,0.089443897637795,5.828699611571694e-08
512,128,-4.789643272205646e-06,0.089566929133858,1.238828423564222e-07
512,128,-4.789643272205646e-06,0.089689960629921,9.497365236731323e-08
512,128,-4.789643272205646e-06,0.089812992125984,4.242593245916778e-08
512,128,-4.789643272205646e-06,0.089936023622047,4.7432996036081424e-08
512,128,-4.789643272205646e-06,0.09005905511811,8.757609150301442e-08
512,128,-4.789643272205646e-06,0.090182086614173,5.158917534859807e-08
512,128,-4.789643272205646e-06,0.090305118110236,2.688510517227383e-08
512,128,-4.789643272205646e-06,0.090428149606299,9.266991915412583e-08
512,128,-4.789643272205646e-06,0.090551181102362,1.0083301630037659e-07
512,128,-4.789643272205646e-06,0.090674212598425,6.111777269139425e-08
512,128,-4.789643272205646e-06,0.090797244094488,4.3727567190194284e-08
512,128,-4.789643272205646e-06,0.090920275590551,4.82771109019149e-08
512,128,-4.789643272205646e-06,0.091043307086614,7.782261798243816e-08
512,128,-4.789643272205646e-06,0.091166338582677,7.089868189575792e-08
512,128,-4.789643272205646e-06,0.09128937007874,2.0302135644825945e-08
512,128,-4.789643272205646e-06,0.091412401574803,4.410226982125784e-08
512,128,-4.789643272205646e-06,0.091535433070866,9.91082613607033e-08
512,128,-4.789643272205646e-06,0.091658464566929,5.19590587821583e-08
512,128,-4.789643272205646e-06,0.091781496062992,2.2296268916887403e-08
512,128,-4.789643272205646e-06,0.091904527559055,5.334294552476172e-08
512,128,-4.789643272205646e-06,0.092027559055118,6.4221161751441e-08
512,128,-4.789643272205646e-06,0.092150590551181,5.5254277778895194e-08
512,128,-4.789643272205646e-06,0.092273622047244,2.9458396975704986e-08
512,128,-4.789643272205646e-06,0.092396653543307,3.873430429497876e-08
512,128,-4.789643272205646e-06,0.09251968503937,7.69470318536057e-08
512,128,-4.789643272205646e-06,0.092642716535433,5.556920261731753e-08
512,128,-4.789643272205646e-06,0.092765748031496,1.3443210352650924e-08
512,128,-4.789643272205646e-06,0.092888779527559,4.4177912453127004e-08
512,128,-4.789643272205646e-06,0.093011811023622,7.735934725316772e-08
512,128,-4.789643272205646e-06,0.093134842519685,3.610789969462708e-08
512,128,-4.789643272205646e-06,0.093257874015748,1.7227446315450934e-08
512,128,-4.789643272205646e-06,0.093380905511811,5.885653122551653e-08
512,128,-4.789643272205646e-06,0.093503937007874,7.658703982620371e-08
512,128,-4.789643272205646e-06,0.093626968503937,3.401624843517136e-08
512,128,-4.789643272205646e-06,0.09375,2.137256431276897e-08
512,128,-4.789643272205646e-06,0.093873031496063,4.432454484283346e-08
512,128,-4.789643272205646e-06,0.093996062992126,4.427503850241228e-08
512,128,-4.789643272205646e-06,0.094119094488189,4.584115167200032e-08
512,128,-4.789643272205646e-06,0.094242125984252,1.5774753097135215e-08
512,128,-4.789643272205646e-06,0.094365157480315,4.091749587164161e-08
512,128,-4.789643272205646e-06,0.094488188976378,8.372966243628511e-08
512,128,-4.789643272205646e-06,0.094611220472441,2.9768445686900355e-08
512,128,-4.789643272205646e-06,0.094734251968504,1.942169951816964e-08
512,128,-4.789643272205646e-06,0.094857283464567,4.143246868719529e-08
512,128,-4.789643272205646e-06,0.09498031496063,3.8340780773724286e-08
512,128,-4.789643272205646e-06,0.095103346456693,2.736752853153929e-08
512,128,-4.789643272205646e-06,0.095226377952756,2.4476108886905377e-08
512,128,-4.789643272205646e-06,0.095349409448819,4.365776329813823e-08
512,128,-4.789643272205646e-06,0.095472440944882,4.332968850285433e-08
512,128,-4.789643272205646e-06,0.095595472440945,3.881202279645085e-08
512,128,-4.789643272205646e-06,0.095718503937008,1.292086142445989e-08
512,128,-4.789643272205646e-06,0.095841535433071,1.8577145937227373e-08
512,128,-4.789643272205646e-06,0.095964566929134,5.45086529086353e-08
512,128,-4.789643272205646e-06,0.096087598425197,2.7919470235960695e-08
512,128,-4.789643272205646e-06,0.09621062992126,1.7014771098343328e-08
512,128,-4.789643272205646e-06,0.096333661417323,4.755915376729366e-08
512,128,-4.789643272205646e-06,0.096456692913386,5.3284430030185184e-08
512,128,-4.789643272205646e-06,0.096579724409449,2.6550313426830636e-08
512,128,-4.789643272205646e-06,0.096702755905512,1.4566436930401533e-08
512,128,-4.789643272205646e-06,0.096825787401575,2.196181379003948e-08
512,128,-4.789643272205646e-06,0.096948818897638,2.962834496391188e-08
512,128,-4.789643272205646e-06,0.097071850393701,3.1286640787655374e-08
512,128,-4.789643272205646e-06,0.097194881889764,1.5995180397272772e-08
512,128,-4.789643272205646e-06,0.097317913385827,2.8213229500265066e-08
512,128,-4.789643272205646e-06,0.09744094488189,5.2398082817616694e-08
512,128,-4.789643272205646e-06,0.097563976377953,2.7500545773953886e-08
512,128,-4.789643272205646e-06,0.097687007874016,1.0338308062313728e-08
512,128,-4.789643272205646e-06,0.097810039370079,3.377722025255734e-08
512,128,-4.789643272205646e-06,0.097933070866142,2.6199139411725967e-08
512,128,-4.789643272205646e-06,0.098056102362205,1.912739211882383e-08
512,128,-4.789643272205646e-06,0.098179133858268,2.021425533162143e-08
512,128,-4.789643272205646e-06,0.098302165354331,1.7286308472141064e-08
512,128,-4.789643272205646e-06,0.098425196850394,3.8872708049918345e-08
512,128,-4.789643272205646e-06,0.098548228346457,2.295055359294381e-08
512,128,-4.789643272205646e-06,0.09867125984252,9.017057159380418e-09
512,128,-4.789643272205646e-06,0.098794291338583,1.9255226484426056e-08
512,128,-4.789643272205646e-06,0.098917322834646,2.706413992102283e-08
512,128,-4.789643272205646e-06,0.099040354330709,2.32517211786501e-08
512,128,-4.789643272205646e-06,0.099163385826772,7.228468854559543e-09
512,128,-4.789643272205646e-06,0.099286417322835,2.2682433376870372e-08
512,128,-4.789643272205646e-06,0.099409448818898,2.5503182942228216e-08
512,128,-4.789643272205646e-06,0.099532480314961,1.5038542488440864e-08
512,128,-4.789643272205646e-06,0.099655511811024,1.4145585505940806e-08
512,128,-4.789643272205646e-06,0.099778543307087,1.489774825191896e-08
512,128,-4.789643272205646e-06,0.09990157480315,1.8852180925546655e-08
512,128,-4.789643272205646e-06,0.100024606299213,2.024354538054998e-08
512,128,-4.789643272205646e-06,0.100147637795276,7.992293638255122e-09
512,128,-4.789643272205646e-06,0.100270669291339,1.678182149245155e-08
512,128,-4.789643272205646e-06,0.100393700787402,3.764662669334737e-08
512,128,-4.789643272205646e-06,0.100516732283465,1.079597528181942e-08
512,128,-4.789643272205646e-06,0.100639763779528,7.021373693105831e-09
512,128,-4.789643272205646e-06,0.100762795275591,2.2595455757640492e-08
512,128,-4.789643272205646e-06,0.100885826771654,2.0037331376124635e-08
512,128,-4.789643272205646e-06,0.101008858267717,1.247663920123684e-08
512,128,-4.789643272205646e-06,0.10113188976378,7.947791387962366e-09
512,128,-4.789643272205646e-06,0.101254921259842,1.0016351186736118e-09
512,128,-4.789643272205646e-06,0.101254921259843,1.0953613027112127e-08
512,128,-4.789643272205646e-06,0.101377952755906,1.9818068124367407e-08
512,128,-4.789643272205646e-06,0.101500984251968,2.411069391112717e-08
512,128,-4.789643272205646e-06,0.101500984251969,1.7235097316329338e-10
512,128,-4.789643272205646e-06,0.101624015748031,3.1258718392993656e-12
512,128,-4.789643272205646e-06,0.101624015748032,4.067461692052639e-09
512,128,-4.789643272205646e-06,0.101747047244094,1.1886554626900255e-08
512,128,-4.789643272205646e-06,0.101870078740157,2.3763143246641302e-08
512,128,-4.789643272205646e-06,0.101870078740158,4.6444590254202903e-10
512,128,-4.789643272205646e-06,0.10199311023622,1.0891166231932495e-08
512,128,-4.789643272205646e-06,0.102116141732283,8.277100023975538e-09
512,128,-4.789643272205646e-06,0.102239173228346,1.5259801880245154e-08
512,128,-4.789643272205646e-06,0.102362204724409,2.3971283718171715e-08
512,128,-4.789643272205646e-06,0.102485236220472,1.3500896893723269e-08
512,128,-4.789643272205646e-06,0.102608267716535,6.3591718849626475e-09
512,128,-4.789643272205646e-06,0.102731299212598,1.2206806446465416e-08
512,128,-4.789643272205646e-06,0.102854330708661,1.622897024110755e-08
512,128,-4.789643272205646e-06,0.102977362204724,1.9592560403358103e-08
512,128,-4.789643272205646e-06,0.103100393700787,4.977599920089113e-09
512,128,-4.789643272205646e-06,0.10322342519685,9.475224126898614e-09
512,128,-4.789643272205646e-06,0.103346456692913,3.144396261456724e-08
512,128,-4.789643272205646e-06,0.103469488188976,1.322763412603437e-08
512,128,-4.789643272205646e-06,0.103592519685039,4.689354851741281e-09
512,128,-4.789643272205646e-06,0.103715551181102,1.2770167325184513e-08
512,128,-4.789643272205646e-06,0.103838582677165,1.1904185458261459e-08
512,128,-4.789643272205646e-06,0.103961614173228,1.3914748146518522e-08
512,128,-4.789643272205646e-06,0.104084645669291,7.660566405720486e-09
512,128,-4.789643272205646e-06,0.104207677165354,1.081892218713202e-08
512,128,-4.789643272205646e-06,0.104330708661417,1.6315764775607585e-08
512,128,-4.789643272205646e-06,0.10445374015748,1.1536277313254263e-08
512,128,-4.789643272205646e-06,0.104576771653543,5.842082355306072e-09
512,128,-4.789643272205646e-06,0.104699803149606,5.900394640115202e-09
512,128,-4.789643272205646e-06,0.104822834645669,1.2747634959110272e-08
512,128,-4.789643272205646e-06,0.104945866141732,7.303979025730569e-09
512,128,-4.789643272205646e-06,0.105068897637795,2.5699674208585407e-09
512,128,-4.789643272205646e-06,0.105191929133858,1.133907651390068e-08
512,128,-4.789643272205646e-06,0.105314960629921,1.1661174543809628e-08
512,128,-4.789643272205646e-06,0.105437992125984,6.982370116684755e-09
512,128,-4.789643272205646e-06,0.105561023622047,4.342286368109123e-09
512,128,-4.789643272205646e-06,0.10568405511811,6.6800607240829834e-09
512,128,-4.789643272205646e-06,0.105807086614173,1.0208559017185899e-08
512,128,-4.789643272205646e-06,0.105930118110236,9.262786846677211e-09
512,128,-4.789643272205646e-06,0.106053149606299,3.5456170722788966e-09
512,128,-4.789643272205646e-06,0.106176181102362,6.67944347789591e-09
512,128,-4.789643272205646e-06,0.106299212598425,1.721735375096841e-08
512,128,-4.789643272205646e-06,0.106422244094488,7.489725081172059e-09
512,128,-4.789643272205646e-06,0.106545275590551,3.15055917891654e-09
512,128,-4.789643272205646e-06,0.106668307086614,8.140361121392116e-09
512,128,-4.789643272205646e-06,0.106791338582677,8.070326544317423e-09
512,128,-4.789643272205646e-06,0.10691437007874,5.508539403258479e-09
512,128,-4.789643272205646e-06,0.107037401574803,3.781321421001194e-09
512,128,-4.789643272205646e-06,0.107160433070866,7.998876371249061e-09
512,128,-4.789643272205646e-06,0.107283464566929,8.96757774683087e-09
512,128,-4.789643272205646e-06,0.107406496062992,7.430675242581192e-09
512,128,-4.789643272205646e-06,0.107529527559055,5.2423644243156055e-09
512,128,-4.789643272205646e-06,0.107652559055118,8.006450162425294e-09
512,128,-4.789643272205646e-06,0.107775590551181,8.546239444204363e-09
512,128,-4.789643272205646e-06,0.107898622047244,5.3263604820006135e-09
512,128,-4.789643272205646e-06,0.108021653543307,2.507497774012226e-09
512,128,-4.789643272205646e-06,0.10814468503937,6.992085761479043e-09
512,128,-4.789643272205646e-06,0.108267716535433,1.1220627718046302e-08
512,128,-4.789643272205646e-06,0.108390748031496,4.848982452939944e-09
512,128,-4.789643272205646e-06,0.108513779527559,5.048006454820224e-09
512,128,-4.789643272205646e-06,0.108636811023622,4.8005713017276686e-09
512,128,-4.789643272205646e-06,0.108759842519685,6.541796314201308e-09
512,128,-4.789643272205646e-06,0.108882874015748,7.987850510599726e-09
512,128,-4.789643272205646e-06,0.109005905511811,2.2207641347211744e-09
512,128,-4.789643272205646e-06,0.109128937007874,4.269620171191429e-09
512,128,-4.789643272205646e-06,0.109251968503937,9.357863745920938e-09
512,128,-4.789643272205646e-06,0.109375,5.445712181252504e-09
512,128,-4.789643272205646e-06,0.109498031496063,3.0496714396104075e-09
512,128,-4.789643272205646e-06,0.109621062992126,7.040074733184924e-09
512,128,-4.789643272205646e-06,0.109744094488189,5.221541981445145e-09
512,128,-4.789643272205646e-06,0.109867125984252,3.591883665788596e-09
512,128,-4.789643272205646e-06,0.109990157480315,2.537889104083055e-09
512,128,-4.789643272205646e-06,0.110113188976378,4.723936945291573e-09
512,128,-4.789643272205646e-06,0.110236220472441,9.548792334246123e-09
512,128,-4.789643272205646e-06,0.110359251968504,5.382934652641792e-09
512,128,-4.789643272205646e-06,0.110482283464567,2.036968859851265e-09
512,128,-4.789643272205646e-06,0.11060531496063,6.2041695110518526e-09
512,128,-4.789643272205646e-06,0.110728346456693,8.375841748473938e-09
512,128,-4.789643272205646e-06,0.110851377952756,3.4901106685536593e-09
512,128,-4.789643272205646e-06,0.110974409448819,2.0184444880003114e-09
512,128,-4.789643272205646e-06,0.111097440944882,4.546761788290544e-09
512,128,-4.789643272205646e-06,0.111220472440945,5.342053829394884e-09
512,128,-4.789643272205646e-06,0.111343503937008,3.899320518533589e-09
512,128,-4.789643272205646e-06,0.111466535433071,2.050049152772598e-09
512,128,-4.789643272205646e-06,0.111589566929134,3.1181929892883635e-09
512,128,-4.789643272205646e-06,0.111712598425197,4.011026778726909e-09
512,128,-4.789643272205646e-06,0.11183562992126,4.2753649795174785e-09
512,128,-4.789643272205646e-06,0.111958661417323,1.4771005478153574e-09
512,128,-4.789643272205646e-06,0.112081692913386,2.905690633148172e-09
512,128,-4.789643272205646e-06,0.112204724409449,7.593208760617813e-09
512,128,-4.789643272205646e-06,0.112327755905512,2.5332352325004945e-09
512,128,-4.789643272205646e-06,0.112450787401575,1.4556397241999131e-09
512,128,-4.789643272205646e-06,0.112573818897638,4.9300152731053855e-09
512,128,-4.789643272205646e-06,0.112696850393701,3.4981936945781146e-09
512,128,-4.789643272205646e-06,0.112819881889764,3.3801572733603063e-09
512,128,-4.789643272205646e-06,0.112942913385827,1.9373532132273144e-09
512,128,-4.789643272205646e-06,0.11306594488189,2.7245041914141688e-09
512,128,-4.789643272205646e-06,0.113188976377953,5.590525084402634e-09
512,128,-4.789643272205646e-06,0.113312007874016,3.380116162245029e-09
512,128,-4.789643272205646e-06,0.113435039370079,1.2601983938728155e-09
512,128,-4.789643272205646e-06,0.113558070866142,3.473062253007556e-09
512,128,-4.789643272205646e-06,0.113681102362205,5.425098426376597e-09
512,128,-4.789643272205646e-06,0.113804133858268,2.5883746930364533e-09
512,128,-4.789643272205646e-06,0.113927165354331,1.1977017683274045e-09
512,128,-4.789643272205646e-06,0.114050196850394,3.340145164325759e-09
512,128,-4.789643272205646e-06,0.114173228346457,4.049666224843726e-09
512,128,-4.789643272205646e-06,0.11429625984252,2.2305943246884825e-09
512,128,-4.789643272205646e-06,0.114419291338583,1.2967032111655146e-09
512,128,-4.789643272205646e-06,0.114542322834646,2.4686901379584354e-09
512,128,-4.789643272205646e-06,0.114665354330709,2.7004382990356117e-09
512,128,-4.789643272205646e-06,0.114788385826772,2.6777437313202975e-09
512,128,-4.789643272205646e-06,0.114911417322835,1.0411667442409116e-09
512,128,-4.789643272205646e-06,0.115034448818898,2.0884092452896556e-09
512,128,-4.789643272205646e-06,0.115157480314961,4.756275599484699e-09
512,128,-4.789643272205646e-06,0.115280511811024,1.8797267877474805e-09
512,128,-4.789643272205646e-06,0.115403543307087,7.132604367871413e-10
512,128,-4.789643272205646e-06,0.11552657480315,2.5211870279060724e-09
512,128,-4.789643272205646e-06,0.115649606299213,2.6588870620244756e-09
512,128,-4.789643272205646e-06,0.115772637795276,1.8414565936944534e-09
512,128,-4.789643272205646e-06,0.115895669291339,1.0628968402680424e-09
512,128,-4.789643272205646e-06,0.116018700787402,1.2006053411271628e-09
512,128,-4.789643272205646e-06,0.116141732283465,3.2877902639473996e-09
512,128,-4.789643272205646e-06,0.116264763779528,3.5770325359213185e-09
512,128,-4.789643272205646e-06,0.116387795275591,1.0519957163685986e-09
512,128,-4.789643272205646e-06,0.116510826771654,1.644290646937797e-09
512,128,-4.789643272205646e-06,0.116633858267717,2.732080425284571e-09
512,128,-4.789643272205646e-06,0.11675688976378,2.145310845449533e-09
512,128,-4.789643272205646e-06,0.116879921259842,4.314613968431231e-12
512,128,-4.789643272205646e-06,0.116879921259843,1.4076650130087517e-09
512,128,-4.789643272205646e-06,0.117002952755906,2.013791477385592e-09
512,128,-4.789643272205646e-06,0.117125984251968,3.1250852521014484e-09
512,128,-4.789643272205646e-06,0.117125984251969,2.1419838113555047e-11
512,128,-4.789643272205646e-06,0.117249015748031,4.2691138376356346e-12
512,128,-4.789643272205646e-06,0.117249015748032,1.518055414114141e-09
512,128,-4.789643272205646e-06,0.117372047244094,1.2393376856955823e-09
512,128,-4.789643272205646e-06,0.117495078740157,1.697704099875577e-09
512,128,-4.789643272205646e-06,0.117495078740158,3.960471422716632e-12
512,128,-4.789643272205646e-06,0.11761811023622,1.7441357978153224e-09
512,128,-4.789643272205646e-06,0.117741141732283,2.500855537500513e-09
512,128,-4.789643272205646e-06,0.117864173228346,7.490245457723955e-10
512,128,-4.789643272205646e-06,0.117987204724409,1.632006971021381e-09
512,128,-4.789643272205646e-06,0.118110236220472,4.2209574812948075e-09
512,128,-4.789643272205646e-06,0.118233267716535,1.8980622145309183e-09
512,128,-4.789643272205646e-06,0.118356299212598,6.732694792056844e-10
512,128,-4.789643272205646e-06,0.118479330708661,1.8805784843409475e-09
512,128,-4.789643272205646e-06,0.118602362204724,1.5183146469227675e-09
512,128,-4.789643272205646e-06,0.118725393700787,1.5244653990535823e-09
512,128,-4.789643272205646e-06,0.11884842519685,1.3780959493983624e-09
512,128,-4.789643272205646e-06,0.118971456692913,1.20512453682442e-09
512,128,-4.789643272205646e-06,0.119094488188976,2.093882907844452e-09
512,128,-4.789643272205646e-06,0.119217519685039,1.4933475109837887e-09
512,128,-4.789643272205646e-06,0.119340551181102,7.485236507106974e-10
512,128,-4.789643272205646e-06,0.119463582677165,1.17033876417958e-09
512,128,-4.789643272205646e-06,0.119586614173228,1.9474558634233626e-09
512,128,-4.789643272205646e-06,0.119709645669291,1.249833260132146e-09
512,128,-4.789643272205646e-06,0.119832677165354,5.577564967957297e-10
512,128,-4.789643272205646e-06,0.119955708661417,1.985954580024635e-09
512,128,-4.789643272205646e-06,0.12007874015748,1.9110001783159638e-09
512,128,-4.789643272205646e-06,0.120201771653543,1.0644008780856139e-09
512,128,-4.789643272205646e-06,0.120324803149606,6.451989952193097e-10
512,128,-4.789643272205646e-06,0.120447834645669,7.802075368219841e-10
512,128,-4.789643272205646e-06,0.120570866141732,1.6130246039906234e-09
512,128,-4.789643272205646e-06,0.120693897637795,1.4005960627291314e-09
512,128,-4.789643272205646e-06,0.120816929133858,4.942161259784273e-10
512,128,-4.789643272205646e-06,0.120939960629921,9.446033688781203e-10
512,128,-4.789643272205646e-06,0.121062992125984,1.92649086895003e-09
512,128,-4.789643272205646e-06,0.121186023622047,1.036144907399258e-09
512,128,-4.789643272205646e-06,0.12130905511811,2.646619176341136e-10
512,128,-4.789643272205646e-06,0.121432086614173,1.0627441736461647e-09
512,128,-4.789643272205646e-06,0.121555118110236,1.0161756119488445e-09
512,128,-4.789643272205646e-06,0.121678149606299,5.638287825735108e-10
512,128,-4.789643272205646e-06,0.121801181102362,7.662311676299024e-10
512,128,-4.789643272205646e-06,0.121924212598425,7.69199134670777e-10
512,128,-4.789643272205646e-06,0.122047244094488,1.3979637765566221e-09
512,128,-4.789643272205646e-06,0.122170275590551,9.88452243618233e-10
512,128,-4.789643272205646e-06,0.122293307086614,2.8804300903247226e-10
512,128,-4.789643272205646e-06,0.122416338582677,8.965485323065673e-10
512,128,-4.789643272205646e-06,0.12253937007874,1.241388757487503e-09
512,128,-4.789643272205646e-06,0.122662401574803,7.326298310692079e-10
512,128,-4.789643272205646e-06,0.122785433070866,3.9188071010578374e-10
512,128,-4.789643272205646e-06,0.122908464566929,1.1034296829879472e-09
512,128,-4.789643272205646e-06,0.123031496062992,1.4538269484264655e-09
512,128,-4.789643272205646e-06,0.123154527559055,8.332238766191982e-10
512,128,-4.789643272205646e-06,0.123277559055118,4.128908041353453e-10
512,128,-4.789643272205646e-06,0.123400590551181,7.003913203179476e-10
512,128,-4.789643272205646e-06,0.123523622047244,8.033939514891452e-10
512,128,-4.789643272205646e-06,0.123646653543307,1.1619706932561707e-09
512,128,-4.789643272205646e-06,0.12376968503937,3.210374466645119e-10
512,128,-4.789643272205646e-06,0.123892716535433,6.05121181844852e-10
512,128,-4.789643272205646e-06,0.124015748031496,1.8977460326830226e-09
512,128,-4.789643272205646e-06,0.124138779527559,6.651031809883218e-10
512,128,-4.789643272205646e-06,0.124261811023622,3.445493256535603e-10
512,128,-4.789643272205646e-06,0.124384842519685,7.475127855268417e-10
512,128,-4.789643272205646e-06,0.124507874015748,1.0367242371476715e-09
512,128,-4.789643272205646e-06,0.124630905511811,5.937586790903987e-10
512,128,-4.789643272205646e-06,0.124753937007874,3.415911524916766e-10
512,128,-4.789643272205646e-06,0.124876968503937,9.800562196930779e-10
512,128,-4.789643272205646e-06,0.125,8.623990531597925e-10
512,128,-4.789643272205646e-06,0.125123031496063,7.97605895465285e-10
512,128,-4.789643272205646e-06,0.125246062992126,2.419615936249458e-10
512,128,-4.789643272205646e-06,0.125369094488189,5.142834082700296e-10
512,128,-4.789643272205646e-06,0.125492125984252,1.1345190684998833e-09
512,128,-4.789643272205646e-06,0.125615157480315,5.025292799940128e-10
512,128,-4.789643272205646e-06,0.125738188976378,2.0943978331227956e-10
512,128,-4.789643272205646e-06,0.125861220472441,8.236232810831514e-10
512,128,-4.789643272205646e-06,0.125984251968504,1.0251196718707734e-09
512,128,-4.789643272205646e-06,0.126107283464567,3.8394756653557903e-10
512,128,-4.789643272205646e-06,0.12623031496063,3.6063687600187314e-10
512,128,-4.789643272205646e-06,0.126353346456693,5.952808272866988e-10
512,128,-4.789643272205646e-06,0.126476377952756,5.151217294765487e-10
512,128,-4.789643272205646e-06,0.126599409448819,5.246671364818335e-10
512,128,-4.789643272205646e-06,0.126722440944882,2.535959512903401e-10
512,128,-4.789643272205646e-06,0.126845472440945,4.1209793602308625e-10
512,128,-4.789643272205646e-06,0.126968503937008,8.715241430380927e-10
512,128,-4.789643272205646e-06,0.127091535433071,4.223569079715548e-10
512,128,-4.789643272205646e-06,0.127214566929134,2.731915048990299e-10
512,128,-4.789643272205646e-06,0.127337598425197,6.871902251756631e-10
512,128,-4.789643272205646e-06,0.12746062992126,5.804095303891151e-10
512,128,-4.789643272205646e-06,0.127583661417323,4.076095570650295e-10
512,128,-4.789643272205646e-06,0.127706692913386,2.4355379094381916e-10
512,128,-4.789643272205646e-06,0.127829724409449,3.8425259001447876e-10
512,128,-4.789643272205646e-06,0.127952755905512,7.1126399316158e-10
512,128,-4.789643272205646e-06,0.128075787401575,4.411426382377725e-10
512,128,-4.789643272205646e-06,0.128198818897638,1.9013207627596247e-10
512,128,-4.789643272205646e-06,0.128321850393701,3.9917488904201085e-10
512,128,-4.789643272205646e-06,0.128444881889764,5.380609199136236e-10
512,128,-4.789643272205646e-06,0.128567913385827,2.886234300011032e-10
512,128,-4.789643272205646e-06,0.12869094488189,1.6059420025247112e-10
512,128,-4.789643272205646e-06,0.128813976377953,3.9472225417166415e-10
512,128,-4.789643272205646e-06,0.128937007874016,5.096066524322e-10
512,128,-4.789643272205646e-06,0.129060039370079,3.202258068507679e-10
512,128,-4.789643272205646e-06,0.129183070866142,3.2844696373749327e-10
512,128,-4.789643272205646e-06,0.129306102362205,3.214877116777431e-10
512,128,-4.789643272205646e-06,0.129429133858268,3.3581290686431354e-10
512,128,-4.789643272205646e-06,0.129552165354331,4.928989965532595e-10
512,128,-4.789643272205646e-06,0.129675196850394,8.203058557347671e-11
512,128,-4.789643272205646e-06,0.129798228346457,3.210123319828698e-10
512,128,-4.789643272205646e-06,0.12992125984252,7.263548786420569e-10
512,128,-4.789643272205646e-06,0.130044291338583,3.1021301951762995e-10
512,128,-4.789643272205646e-06,0.130167322834646,2.2894384059190098e-10
512,128,-4.789643272205646e-06,0.130290354330709,3.3998082129379225e-10
512,128,-4.789643272205646e-06,0.130413385826772,3.607437111109599e-10
512,128,-4.789643272205646e-06,0.130536417322835,2.8194356704932577e-10
512,128,-4.789643272205646e-06,0.130659448818898,1.8365788838484693e-10
512,128,-4.789643272205646e-06,0.130782480314961,2.5846003572546884e-10
512,128,-4.789643272205646e-06,0.130905511811024,4.773670328005884e-10
512,128,-4.789643272205646e-06,0.131028543307087,4.150892552552346e-10
512,128,-4.789643272205646e-06,0.13115157480315,1.2373385537702523e-10
512,128,-4.789643272205646e-06,0.131274606299213,1.8131402393995828e-10
512,128,-4.789643272205646e-06,0.131397637795276,3.86325475807967e-10
512,128,-4.789643272205646e-06,0.131520669291339,2.203361407273155e-10
512,128,-4.789643272205646e-06,0.131643700787402,1.201146403664196e-10
512,128,-4.789643272205646e-06,0.131766732283465,3.5600442690672144e-10
512,128,-4.789643272205646e-06,0.131889763779528,3.6678030874349573e-10
512,128,-4.789643272205646e-06,0.132012795275591,2.588212533102285e-10
512,128,-4.789643272205646e-06,0.132135826771654,1.4047650748715724e-10
512,128,-4.789643272205646e-06,0.132258858267717,1.6444712933892684e-10
512,128,-4.789643272205646e-06,0.13238188976378,2.1983826614550992e-10
512,128,-4.789643272205646e-06,0.132504921259842,2.2182501871554892e-10
512,128,-4.789643272205646e-06,0.132504921259843,2.5774125958767256e-11
512,128,-4.789643272205646e-06,0.132627952755906,1.2611356646544612e-10
512,128,-4.789643272205646e-06,0.132750984251968,2.0388476154620656e-10
512,128,-4.789643272205646e-06,0.132750984251969,1.530851507865075e-11
512,128,-4.789643272205646e-06,0.132874015748031,4.3323460571461e-10
512,128,-4.789643272205646e-06,0.132874015748032,7.44427052200387e-11
512,128,-4.789643272205646e-06,0.132997047244094,1.4302385364378943e-10
512,128,-4.789643272205646e-06,0.133120078740157,8.065568250260547e-11
512,128,-4.789643272205646e-06,0.133120078740158,1.2807056363338279e-11
512,128,-4.789643272205646e-06,0.13324311023622,2.1617252593548122e-10
512,128,-4.789643272205646e-06,0.133366141732283,1.9871784163791316e-10
512,128,-4.789643272205646e-06,0.133489173228346,3.1404892381771084e-10
512,128,-4.789643272205646e-06,0.133612204724409,1.1618143506732556e-10
512,128,-4.789643272205646e-06,0.133735236220472,1.7169389000135752e-10
512,128,-4.789643272205646e-06,0.133858267716535,3.85548187247461e-10
512,128,-4.789643272205646e-06,0.133981299212598,2.7148282567378e-10
512,128,-4.789643272205646e-06,0.134104330708661,8.51409802710856e-11
512,128,-4.789643272205646e-06,0.134227362204724,1.6541212235322512e-10
512,128,-4.789643272205646e-06,0.134350393700787,3.3362135677720687e-10
512,128,-4.789643272205646e-06,0.13447342519685,1.485284216720821e-10
512,128,-4.789643272205646e-06,0.134596456692913,7.181245821997919e-11
512,128,-4.789643272205646e-06,0.134719488188976,2.6463762395287857e-10
512,128,-4.789643272205646e-06,0.134842519685039,2.3178291927342984e-10
512,128,-4.789643272205646e-06,0.134965551181102,1.4962136348012237e-10
512,128,-4.789643272205646e-06,0.135088582677165,9.365027273767379e-11
512,128,-4.789643272205646e-06,0.135211614173228,1.4825048496088324e-10
512,128,-4.789643272205646e-06,0.135334645669291,2.821723156209095e-10
512,128,-4.789643272205646e-06,0.135457677165354,1.730395098051513e-10
512,128,-4.789643272205646e-06,0.135580708661417,4.40523354141124e-11
512,128,-4.789643272205646e-06,0.13570374015748,1.4257534490625043e-10
512,128,-4.789643272205646e-06,0.135826771653543,3.248527760622317e-10
512,128,-4.789643272205646e-06,0.135949803149606,1.7415108673653907e-10
512,128,-4.789643272205646e-06,0.136072834645669,6.022606921990761e-11
512,128,-4.789643272205646e-06,0.136195866141732,1.634160254808044e-10
512,128,-4.789643272205646e-06,0.136318897637795,1.3407538970427802e-10
512,128,-4.789643272205646e-06,0.136441929133858,1.1997789430723214e-10
512,128,-4.789643272205646e-06,0.136564960629921,7.10974212863478e-11
512,128,-4.789643272205646e-06,0.136687992125984,8.371746539958959e-11
512,128,-4.789643272205646e-06,0.136811023622047,1.7742270478517843e-10
512,128,-4.789643272205646e-06,0.13693405511811,1.3640702059801827e-10
512,128,-4.789643272205646e-06,0.137057086614173,5.370014630129349e-11
512,128,-4.789643272205646e-06,0.137180118110236,1.1857299629381446e-10
512,128,-4.789643272205646e-06,0.137303149606299,1.5690587439283137e-10
512,128,-4.789643272205646e-06,0.137426181102362,1.0399055261941543e-10
512,128,-4.789643272205646e-06,0.137549212598425,4.4430854867315723e-11
512,128,-4.789643272205646e-06,0.137672244094488,1.1941594280151352e-10
512,128,-4.789643272205646e-06,0.137795275590551,2.3933187868949805e-10
512,128,-4.789643272205646e-06,0.137918307086614,9.682809177100009e-11
512,128,-4.789643272205646e-06,0.138041338582677,6.465681330344091e-11
512,128,-4.789643272205646e-06,0.13816437007874,8.669057905216253e-11
512,128,-4.789643272205646e-06,0.138287401574803,1.0179727143586032e-10
512,128,-4.789643272205646e-06,0.138410433070866,1.5690139378576018e-10
512,128,-4.789643272205646e-06,0.138533464566929,4.722938191814183e-11
512,128,-4.789643272205646e-06,0.138656496062992,7.623117154751908e-11
512,128,-4.789643272205646e-06,0.138779527559055,1.7316434909012947e-10
512,128,-4.789643272205646e-06,0.138902559055118,9.149721821980856e-11
512,128,-4.789643272205646e-06,0.139025590551181,4.3285566482478036e-11
512,128,-4.789643272205646e-06,0.139148622047244,1.0350498388923829e-10
512,128,-4.789643272205646e-06,0.139271653543307,8.567809916750317e-11
512,128,-4.789643272205646e-06,0.13939468503937,5.813639863719207e-11
512,128,-4.789643272205646e-06,0.139517716535433,7.149131476641269e-11
512,128,-4.789643272205646e-06,0.139640748031496,8.679203529959696e-11
512,128,-4.789643272205646e-06,0.139763779527559,1.2003241139675046e-10
512,128,-4.789643272205646e-06,0.139886811023622,8.607881428300699e-11
512,128,-4.789643272205646e-06,0.140009842519685,3.2802055762771964e-11
512,128,-4.789643272205646e-06,0.140132874015748,7.903609873510525e-11
512,128,-4.789643272205646e-06,0.140255905511811,1.4757441702449998e-10
512,128,-4.789643272205646e-06,0.140378937007874,7.65234637393487e-11
512,128,-4.789643272205646e-06,0.140501968503937,3.209338281866283e-11
512,128,-4.789643272205646e-06,0.140625,1.045483425285355e-10
512,128,-4.789643272205646e-06,0.140748031496063,1.226807115685703e-10
512,128,-4.789643272205646e-06,0.140871062992126,7.429626036293718e-11
512,128,-4.789643272205646e-06,0.140994094488189,4.121176539796595e-11
512,128,-4.789643272205646e-06,0.141117125984252,9.641078779839098e-11
512,128,-4.789643272205646e-06,0.141240157480315,8.805345784239578e-11
512,128,-4.789643272205646e-06,0.141363188976378,7.379598996718868e-11
512,128,-4.789643272205646e-06,0.141486220472441,6.9952214572374e-11
512,128,-4.789643272205646e-06,0.141609251968504,6.375136839278807e-11
512,128,-4.789643272205646e-06,0.141732283464567,1.601621922980542e-10
512,128,-4.789643272205646e-06,0.14185531496063,5.963265961048366e-11
512,128,-4.789643272205646e-06,0.141978346456693,2.8965181239242665e-11
512,128,-4.789643272205646e-06,0.142101377952756,1.24372102675525e-10
512,128,-4.789643272205646e-06,0.142224409448819,6.946996572591646e-11
512,128,-4.789643272205646e-06,0.142347440944882,5.5376521193728545e-11
512,128,-4.789643272205646e-06,0.142470472440945,3.689450142476176e-11
512,128,-4.789643272205646e-06,0.142593503937008,5.167263655241286e-11
512,128,-4.789643272205646e-06,0.142716535433071,9.539537646628698e-11
512,128,-4.789643272205646e-06,0.142839566929134,6.121023395398776e-11
512,128,-4.789643272205646e-06,0.142962598425197,2.6277624345579727e-11
512,128,-4.789643272205646e-06,0.14308562992126,5.010934071750993e-11
512,128,-4.789643272205646e-06,0.143208661417323,7.712994936811061e-11
512,128,-4.789643272205646e-06,0.143331692913386,5.187250926661486e-11
512,128,-4.789643272205646e-06,0.143454724409449,3.52354249917843e-11
512,128,-4.789643272205646e-06,0.143577755905512,5.2253759132959175e-11
512,128,-4.789643272205646e-06,0.143700787401575,6.843870266559022e-11
512,128,-4.789643272205646e-06,0.143823818897638,4.644875662989842e-11
512,128,-4.789643272205646e-06,0.143946850393701,2.5539312807267222e-11
512,128,-4.789643272205646e-06,0.144069881889764,4.073509083852239e-11
512,128,-4.789643272205646e-06,0.144192913385827,4.337257879756349e-11
512,128,-4.789643272205646e-06,0.14431594488189,4.7972559782291854e-11
512,128,-4.789643272205646e-06,0.144438976377953,1.8488701193603618e-11
512,128,-4.789643272205646e-06,0.144562007874016,3.144687627040942e-11
512,128,-4.789643272205646e-06,0.144685039370079,9.108983830618292e-11
512,128,-4.789643272205646e-06,0.144808070866142,3.011487548452014e-11
512,128,-4.789643272205646e-06,0.144931102362205,1.084041707278609e-11
512,128,-4.789643272205646e-06,0.145054133858268,5.74714823201869e-11
512,128,-4.789643272205646e-06,0.145177165354331,5.193037533457579e-11
512,128,-4.789643272205646e-06,0.145300196850394,3.598522505494333e-11
512,128,-4.789643272205646e-06,0.145423228346457,2.4530446722874437e-11
512,128,-4.789643272205646e-06,0.14554625984252,3.6015377237207756e-11
512,128,-4.789643272205646e-06,0.145669291338583,6.367536726978642e-11
512,128,-4.789643272205646e-06,0.145792322834646,5.582876621210734e-11
512,128,-4.789643272205646e-06,0.145915354330709,1.3564161569970857e-11
512,128,-4.789643272205646e-06,0.146038385826772,3.244250211963168e-11
512,128,-4.789643272205646e-06,0.146161417322835,6.48094096017661e-11
512,128,-4.789643272205646e-06,0.146284448818898,3.0841650107543906e-11
512,128,-4.789643272205646e-06,0.146407480314961,1.3028631091195794e-11
512,128,-4.789643272205646e-06,0.146530511811024,3.632433274862928e-11
512,128,-4.789643272205646e-06,0.146653543307087,4.729913497842407e-11
512,128,-4.789643272205646e-06,0.14677657480315,2.890642871504682e-11
512,128,-4.789643272205646e-06,0.146899606299213,1.7412919632422342e-11
512,128,-4.789643272205646e-06,0.147022637795276,3.1320839800557696e-11
512,128,-4.789643272205646e-06,0.147145669291339,3.6940846383093334e-11
512,128,-4.789643272205646e-06,0.147268700787402,4.3741150694031696e-11
512,128,-4.789643272205646e-06,0.147391732283465,1.2170687432569766e-11
512,128,-4.789643272205646e-06,0.147514763779528,2.3186121367247195e-11
512,128,-4.789643272205646e-06,0.147637795275591,7.437561426799485e-11
512,128,-4.789643272205646e-06,0.147760826771654,2.657712064752459e-11
512,128,-4.789643272205646e-06,0.147883858267717,1.097464137060665e-11
512,128,-4.789643272205646e-06,0.14800688976378,2.9999676118950156e-11
512,128,-4.789643272205646e-06,0.148129921259842,2.5566626774047593e-11
512,128,-4.789643272205646e-06,0.148129921259843,9.130322007343026e-12
512,128,-4.789643272205646e-06,0.148252952755906,2.6753372152472e-11
512,128,-4.789643272205646e-06,0.148375984251968,1.0431818998620086e-11
512,128,-4.789643272205646e-06,0.148375984251969,1.7613961053071544e-12
512,128,-4.789643272205646e-06,0.148499015748031,2.691055958388349e-11
512,128,-4.789643272205646e-06,0.148499015748032,2.070800435767404e-12
512,128,-4.789643272205646e-06,0.148622047244094,3.6151511104963894e-11
512,128,-4.789643272205646e-06,0.148745078740157,2.8238604839644828e-11
512,128,-4.789643272205646e-06,0.148745078740158,3.818925405438635e-12
512,128,-4.789643272205646e-06,0.14886811023622,1.5478430135443202e-11
512,128,-4.789643272205646e-06,0.148991141732283,2.2812861276295754e-11
512,128,-4.789643272205646e-06,0.149114173228346,3.5920363774940376e-11
512,128,-4.789643272205646e-06,0.149237204724409,1.940179388409293e-11
512,128,-4.789643272205646e-06,0.149360236220472,9.494026315824066e-12
512,128,-4.789643272205646e-06,0.149483267716535,3.502417859609881e-11
512,128,-4.789643272205646e-06,0.149606299212598,4.182458102734129e-11
512,128,-4.789643272205646e-06,0.149729330708661,1.8032526665736295e-11
512,128,-4.789643272205646e-06,0.149852362204724,1.7056376457401238e-11
512,128,-4.789643272205646e-06,0.149975393700787,1.6867563815727238e-11
512,128,-4.789643272205646e-06,0.15009842519685,2.7026838491858074e-11
512,128,-4.789643272205646e-06,0.150221456692913,2.9549621772897265e-11
512,128,-4.789643272205646e-06,0.150344488188976,8.871543193349818e-12
512,128,-4.789643272205646e-06,0.150467519685039,1.878156909168151e-11
512,128,-4.789643272205646e-06,0.150590551181102,4.096287990569561e-11
512,128,-4.789643272205646e-06,0.150713582677165,2.102020416457443e-11
512,128,-4.789643272205646e-06,0.150836614173228,7.125680667887964e-12
512,128,-4.789643272205646e-06,0.150959645669291,1.8515032607736995e-11
512,128,-4.789643272205646e-06,0.151082677165354,1.7441891684967747e-11
512,128,-4.789643272205646e-06,0.151205708661417,1.581483180062884e-11
512,128,-4.789643272205646e-06,0.15132874015748,1.0579472312507757e-11
512,128,-4.789643272205646e-06,0.151451771653543,1.5008868486260534e-11
512,128,-4.789643272205646e-06,0.151574803149606,3.1638478671232446e-11
512,128,-4.789643272205646e-06,0.151697834645669,2.3353254428162928e-11
512,128,-4.789643272205646e-06,0.151820866141732,7.278843988531573e-12
512,128,-4.789643272205646e-06,0.151943897637795,1.4239116797581086e-11
512,128,-4.789643272205646e-06,0.152066929133858,2.362813132642496e-11
512,128,-4.789643272205646e-06,0.152189960629921,1.4167669552995244e-11
512,128,-4.789643272205646e-06,0.152312992125984,6.194674029686459e-12
512,128,-4.789643272205646e-06,0.152436023622047,1.7062028735199577e-11
512,128,-4.789643272205646e-06,0.15255905511811,2.3384627856684148e-11
512,128,-4.789643272205646e-06,0.152682086614173,1.6761878582006402e-11
512,128,-4.789643272205646e-06,0.152805118110236,1.382458761254187e-11
512,128,-4.789643272205646e-06,0.152928149606299,1.1643046831992237e-11
512,128,-4.789643272205646e-06,0.153051181102362,1.3376721181746047e-11
512,128,-4.789643272205646e-06,0.153174212598425,2.137666796826344e-11
512,128,-4.789643272205646e-06,0.153297244094488,7.680363373210416e-12
512,128,-4.789643272205646e-06,0.153420275590551,1.0236245972290977e-11
512,128,-4.789643272205646e-06,0.153543307086614,3.0122084230615586e-11
512,128,-4.789643272205646e-06,0.153666338582677,1.1721499994541431e-11
512,128,-4.789643272205646e-06,0.15378937007874,9.59463553177108e-12
512,128,-4.789643272205646e-06,0.153912401574803,1.757571088162864e-11
512,128,-4.789643272205646e-06,0.154035433070866,1.0983214866717244e-11
512,128,-4.789643272205646e-06,0.154158464566929,1.2480195068920139e-11
512,128,-4.789643272205646e-06,0.154281496062992,7.558085373680278e-12
512,128,-4.789643272205646e-06,0.154404527559055,1.0774996493607748e-11
512,128,-4.789643272205646e-06,0.154527559055118,1.584270285307545e-11
512,128,-4.789643272205646e-06,0.154650590551181,1.2478219076047292e-11
512,128,-4.789643272205646e-06,0.154773622047244,4.02728493980633e-12
512,128,-4.789643272205646e-06,0.154896653543307,9.336231800776995e-12
512,128,-4.789643272205646e-06,0.15501968503937,1.9180706873991073e-11
512,128,-4.789643272205646e-06,0.155142716535433,7.075611836178596e-12
512,128,-4.789643272205646e-06,0.155265748031496,3.760255512912898e-12
512,128,-4.789643272205646e-06,0.155388779527559,1.022712028990208e-11
512,128,-4.789643272205646e-06,0.155511811023622,1.3286701355471954e-11
512,128,-4.789643272205646e-06,0.155634842519685,8.02570121158905e-12
512,128,-4.789643272205646e-06,0.155757874015748,5.698609057555187e-12
512,128,-4.789643272205646e-06,0.155880905511811,9.113168381551376e-12
512,128,-4.789643272205646e-06,0.156003937007874,8.7393489342208e-12
512,128,-4.789643272205646e-06,0.156126968503937,9.769376983906377e-12
512,128,-4.789643272205646e-06,0.15625,3.8819000982425145e-12
512,128,-4.789643272205646e-06,0.156373031496063,7.744367393595833e-12
512,128,-4.789643272205646e-06,0.156496062992126,1.5781308077943295e-11
512,128,-4.789643272205646e-06,0.156619094488189,7.523809324136388e-12
512,128,-4.789643272205646e-06,0.156742125984252,4.904966121866042e-12
512,128,-4.789643272205646e-06,0.156865157480315,1.2707961700144854e-11
512,128,-4.789643272205646e-06,0.156988188976378,1.0870195699516843e-11
512,128,-4.789643272205646e-06,0.157111220472441,7.296822050229792e-12
512,128,-4.789643272205646e-06,0.157234251968504,3.668256302225654e-12
512,128,-4.789643272205646e-06,0.157357283464567,6.500121727080941e-12
512,128,-4.789643272205646e-06,0.15748031496063,1.611463989460316e-11
512,128,-4.789643272205646e-06,0.157603346456693,8.54327410618716e-12
512,128,-4.789643272205646e-06,0.157726377952756,2.9487644697274936e-12
512,128,-4.789643272205646e-06,0.157849409448819,6.763052553379339e-12
512,128,-4.789643272205646e-06,0.157972440944882,1.051112814714134e-11
512,128,-4.789643272205646e-06,0.158095472440945,6.71817972672034e-12
512,128,-4.789643272205646e-06,0.158218503937008,2.391400864999463e-12
512,128,-4.789643272205646e-06,0.158341535433071,1.0225403147229702e-11
512,128,-4.789643272205646e-06,0.158464566929134,1.1363360297255522e-11
512,128,-4.789643272205646e-06,0.158587598425197,5.318571232444375e-12
512,128,-4.789643272205646e-06,0.15871062992126,4.273523117575457e-12
512,128,-4.789643272205646e-06,0.158833661417323,5.973752074311276e-12
512,128,-4.789643272205646e-06,0.158956692913386,7.681018907864847e-12
512,128,-4.789643272205646e-06,0.159079724409449,6.552997977973372e-12
512,128,-4.789643272205646e-06,0.159202755905512,1.987354034302542e-12
512,128,-4.789643272205646e-06,0.159325787401575,9.970686171242193e-12
512,128,-4.789643272205646e-06,0.159448818897638,1.3942873598403626e-11
512,128,-4.789643272205646e-06,0.159571850393701,5.6719619406746735e-12
512,128,-4.789643272205646e-06,0.159694881889764,3.4627462630959245e-12
512,128,-4.789643272205646e-06,0.159817913385827,6.103368866406543e-12
512,128,-4.789643272205646e-06,0.15994094488189,9.7936570369204e-12
512,128,-4.789643272205646e-06,0.160063976377953,4.752567671994324e-12
512,128,-4.789643272205646e-06,0.160187007874016,3.4625611978764295e-12
512,128,-4.789643272205646e-06,0.160310039370079,5.0472584436796846e-12
512,128,-4.789643272205646e-06,0.160433070866142,7.065855474960484e-12
512,128,-4.789643272205646e-06,0.160556102362205,7.551141239951754e-12
512,128,-4.789643272205646e-06,0.160679133858268,1.8381597932316926e-12
512,128,-4.789643272205646e-06,0.160802165354331,3.947913553372596e-12
512,128,-4.789643272205646e-06,0.160925196850394,7.143274585101515e-12
512,128,-4.789643272205646e-06,0.161048228346457,5.881541968489086e-12
512,128,-4.789643272205646e-06,0.16117125984252,1.9070012276183455e-12
512,128,-4.789643272205646e-06,0.161294291338583,4.692909982835354e-12
512,128,-4.789643272205646e-06,0.161417322834646,7.854033262737611e-12
512,128,-4.789643272205646e-06,0.161540354330709,3.0775188068377105e-12
512,128,-4.789643272205646e-06,0.161663385826772,1.9624860705545607e-12
512,128,-4.789643272205646e-06,0.161786417322835,4.327079483959394e-12
512,128,-4.789643272205646e-06,0.161909448818898,4.886428163694672e-12
512,128,-4.789643272205646e-06,0.162032480314961,4.257605072131899e-12
512,128,-4.789643272205646e-06,0.162155511811024,1.5580004130078189e-12
512,128,-4.789643272205646e-06,0.162278543307087,3.082774612789235e-12
512,128,-4.789643272205646e-06,0.16240157480315,8.131600315952624e-12
512,128,-4.789643272205646e-06,0.162524606299213,3.631255472048819e-12
512,128,-4.789643272205646e-06,0.162647637795276,1.4415563839353957e-12
512,128,-4.789643272205646e-06,0.162770669291339,4.2431868279136944e-12
512,128,-4.789643272205646e-06,0.162893700787402,3.5839910232255685e-12
512,128,-4.789643272205646e-06,0.163016732283465,2.858773123040518e-12
512,128,-4.789643272205646e-06,0.163139763779528,1.9946650014369815e-12
512,128,-4.789643272205646e-06,0.163262795275591,2.7321719839769905e-12
512,128,-4.789643272205646e-06,0.163385826771654,4.5027141981408755e-12
512,128,-4.789643272205646e-06,0.163508858267717,3.117604522253789e-12
512,128,-4.789643272205646e-06,0.16363188976378,1.2971737188930685e-12
512,128,-4.789643272205646e-06,0.163754921259842,2.212279107545104e-12
512,128,-4.789643272205646e-06,0.163877952755906,4.002771310936417e-12
512,128,-4.789643272205646e-06,0.164000984251968,2.0661799901517536e-12
512,128,-4.789643272205646e-06,0.164124015748031,1.8678353951922167e-12
512,128,-4.789643272205646e-06,0.164247047244094,4.40435541447272e-12
512,128,-4.789643272205646e-06,0.164370078740157,3.790210925902127e-12
512,128,-4.789643272205646e-06,0.16449311023622,2.725421432523731e-12
512,128,-4.789643272205646e-06,0.164616141732283,1.7579814439395142e-12
512,128,-4.789643272205646e-06,0.164739173228346,2.062093418856567e-12
512,128,-4.789643272205646e-06,0.164862204724409,3.6595840448765854e-12
512,128,-4.789643272205646e-06,0.164985236220472,3.67869064570411e-12
512,128,-4.789643272205646e-06,0.165108267716535,1.6828776464101499e-12
512,128,-4.789643272205646e-06,0.165231299212598,3.2845662818744576e-12
512,128,-4.789643272205646e-06,0.165354330708661,6.2411025065865565e-12
512,128,-4.789643272205646e-06,0.165477362204724,2.487512720346194e-12
512,128,-4.789643272205646e-06,0.165600393700787,1.044883116506239e-12
512,128,-4.789643272205646e-06,0.16572342519685,2.912917779883859e-12
512,128,-4.789643272205646e-06,0.165846456692913,2.2275576327782367e-12
512,128,-4.789643272205646e-06,0.165969488188976,2.207118650645264e-12
512,128,-4.789643272205646e-06,0.166092519685039,2.6111001492924703e-12
512,128,-4.789643272205646e-06,0.166215551181102,2.3596830314059553e-12
512,128,-4.789643272205646e-06,0.166338582677165,3.479354692835901e-12
512,128,-4.789643272205646e-06,0.166461614173228,3.0130435160730974e-12
512,128,-4.789643272205646e-06,0.166707677165354,2.0990717855282277e-12
512,128,-4.789643272205646e-06,0.166830708661417,2.977764516461013e-12
512,128,-4.789643272205646e-06,0.16695374015748,1.7340720123697759e-12
512,128,-4.789643272205646e-06,0.167076771653543,1.2893171472177136e-12
512,128,-4.789643272205646e-06,0.167199803149606,2.747337517219217e-12
512,128,-4.789643272205646e-06,0.167322834645669,3.6281858520111606e-12
512,128,-4.789643272205646e-06,0.167445866141732,1.7656208420794843e-12
512,128,-4.789643272205646e-06,0.167568897637795,1.1120831611405348e-12
512,128,-4.789643272205646e-06,0.167814960629921,2.1441983252700276e-12
512,128,-4.789643272205646e-06,0.167937992125984,3.228373442813419e-12
512,128,-4.789643272205646e-06,0.16818405511811,1.5020104050711828e-12
512,128,-4.789643272205646e-06,0.168307086614173,3.730539686339592e-12
512,128,-4.789643272205646e-06,0.168430118110236,1.9801190834848872e-12
512,128,-4.789643272205646e-06,0.168676181102362,1.687053187423289e-12
512,128,-4.789643272205646e-06,0.168799212598425,1.826742989392559e-12
512,128,-4.789643272205646e-06,0.168922244094488,1.4780456308761063e-12
512,128,-4.789643272205646e-06,0.169045275590551,1.0510209554993516e-12
512,128,-4.789643272205646e-06,0.169168307086614,1.3289121009269854e-12
512,128,-4.789643272205646e-06,0.169291338582677,2.6060891831261005e-12
512,128,-4.789643272205646e-06,0.16941437007874,2.0145222077484014e-12
512,128,-4.789643272205646e-06,0.169660433070866,1.4313044553391561e-12
512,128,-4.789643272205646e-06,0.169783464566929,2.4184228132697587e-12
512,128,-4.789643272205646e-06,0.169906496062992,1.1224109868071716e-12
512,128,-4.789643272205646e-06,0.170152559055118,1.4477884071450271e-12
512,128,-4.789643272205646e-06,0.170275590551181,1.7994504540231678e-12
512,128,-4.789643272205646e-06,0.170398622047244,1.2340085930245427e-12
512,128,-4.789643272205646e-06,0.17064468503937,1.073685296881246e-12
512,128,-4.789643272205646e-06,0.170767716535433,1.2134639783478144e-12
512,128,-4.789643272205646e-06,0.170890748031496,1.3725364948008182e-12
512,128,-4.789643272205646e-06,0.171259842519685,2.472787604693866e-12
512,128,-4.789643272205646e-06,0.171382874015748,1.0626971082616904e-12
512,128,-4.789643272205646e-06,0.171628937007874,1.5819912736182242e-12
512,128,-4.789643272205646e-06,0.171751968503937,1.1006878295070499e-12
512,128,-4.789643272205646e-06,0.171875,1.0988296862511498e-12
512,128,-4.789643272205646e-06,0.172244094488189,1.9412769643454636e-12
512,128,-4.789643272205646e-06,0.172367125984252,1.1124713276182483e-12
512,128,-4.789643272205646e-06,0.172736220472441,1.8618998680359962e-12
512,128,-4.789643272205646e-06,0.17310531496063,1.1301611733828936e-12
512,128,-4.789643272205646e-06,0.173228346456693,1.6008287871343313e-12
512,128,-4.789643272205646e-06,0.173843503937008,1.0184402544541602e-12
512,128,-4.789643272205646e-06,0.174212598425197,1.4042749434314008e-12
512,128,-4.789643272205646e-06,0.177165354330709,1.442410135269289e-12
