family,regime,depth,position,n,seed,S_quantile,theta_row,F_plus,F_minus,S,r,abs_r,M,M_times_S,p_nonzero,p_correct_given_nonzero,predicted,error
hea_ring,d2,2,EARLY,12,11000,0.1,2718,2.5528943662796486e-06,1.9277568771822766e-06,4.480651243461925e-06,-0.13951933661642602,0.13951933661642602,1,4.480651243461925e-06,4.480641400742585e-06,0.5697598215507459,0.569759668308213,1.5324253288540035e-07
hea_ring,d2,2,EARLY,12,11000,0.1,2718,2.5528943662796486e-06,1.9277568771822766e-06,4.480651243461925e-06,-0.13951933661642602,0.13951933661642602,4,1.79226049738477e-05,1.7922386090923754e-05,0.5697600514149493,0.569759668308213,3.8310673633468184e-07
hea_ring,d2,2,EARLY,12,11000,0.1,2718,2.5528943662796486e-06,1.9277568771822766e-06,4.480651243461925e-06,-0.13951933661642602,0.13951933661642602,16,7.16904198953908e-05,7.16866722776306e-05,0.5697609708766105,0.569759668308213,1.3025683974765556e-06
hea_ring,d2,2,EARLY,12,11000,0.1,2718,2.5528943662796486e-06,1.9277568771822766e-06,4.480651243461925e-06,-0.13951933661642602,0.13951933661642602,64,0.0002867616795815632,0.00028670074256023506,0.5697646488008251,0.569759668308213,4.980492612105536e-06
hea_ring,d2,2,EARLY,12,11000,0.1,2718,2.5528943662796486e-06,1.9277568771822766e-06,4.480651243461925e-06,-0.13951933661642602,0.13951933661642602,256,0.0011470467183262527,0.0011460682621332171,0.5697793617380178,0.569759668308213,1.9693429804790163e-05
hea_ring,d2,2,EARLY,12,11000,0.1,2718,2.5528943662796486e-06,1.9277568771822766e-06,4.480651243461925e-06,-0.13951933661642602,0.13951933661642602,1024,0.004588186873305011,0.00457254561254568,0.5698382332841001,0.569759668308213,7.856497588709654e-05
hea_ring,d2,2,EARLY,12,11000,0.1,2718,2.5528943662796486e-06,1.9277568771822766e-06,4.480651243461925e-06,-0.13951933661642602,0.13951933661642602,4096,0.018352747493220044,0.018104314719842245,0.5700740331488657,0.569759668308213,0.0003143648406527255
hea_ring,d2,2,EARLY,12,11000,0.1,2718,2.5528943662796486e-06,1.9277568771822766e-06,4.480651243461925e-06,-0.13951933661642602,0.13951933661642602,16384,0.07341098997288018,0.06955325440155494,0.5710220546709686,0.569759668308213,0.001262386362755552
hea_ring,d2,2,EARLY,12,11000,0.1,2718,2.5528943662796486e-06,1.9277568771822766e-06,4.480651243461925e-06,-0.13951933661642602,0.13951933661642602,65536,0.2936439598915207,0.23861625346057785,0.5748787914930438,0.569759668308213,0.005119123184830765
hea_ring,d2,2,EARLY,12,11000,0.25,3224,7.620310695781602e-07,2.0275417042008666e-05,2.1037448111586827e-05,0.9275547998468069,0.9275547998468069,1,2.1037448111586827e-05,2.103741721059134e-05,0.9637780811469202,0.9637773999234034,6.81223516818541e-07
hea_ring,d2,2,EARLY,12,11000,0.25,3224,7.620310695781602e-07,2.0275417042008666e-05,2.1037448111586827e-05,0.9275547998468069,0.9275547998468069,4,8.414979244634731e-05,8.414682804779848e-05,0.963779102968033,0.9637773999234034,1.7030446296528723e-06
hea_ring,d2,2,EARLY,12,11000,0.25,3224,7.620310695781602e-07,2.0275417042008666e-05,2.1037448111586827e-05,0.9275547998468069,0.9275547998468069,16,0.00033659916978538923,0.0003365418648827964,0.9637831900825352,0.9637773999234034,5.790159131824346e-06
hea_ring,d2,2,EARLY,12,11000,0.25,3224,7.620310695781602e-07,2.0275417042008666e-05,2.1037448111586827e-05,0.9275547998468069,0.9275547998468069,64,0.001346396679141557,0.0013454406483607469,0.9637995358209827,0.9637773999234034,2.2135897579267372e-05
hea_ring,d2,2,EARLY,12,11000,0.25,3224,7.620310695781602e-07,2.0275417042008666e-05,2.1037448111586827e-05,0.9275547998468069,0.9275547998468069,256,0.005385586716566228,0.005370155709063109,0.9638648752385192,0.9637773999234034,8.747531511577034e-05
hea_ring,d2,2,EARLY,12,11000,0.25,3224,7.620310695781602e-07,2.0275417042008666e-05,2.1037448111586827e-05,0.9275547998468069,0.9275547998468069,1024,0.02154234686626491,0.02129631792719023,0.9641255348522211,0.9637773999234034,0.00034813492881768937
hea_ring,d2,2,EARLY,12,11000,0.25,3224,7.620310695781602e-07,2.0275417042008666e-05,2.1037448111586827e-05,0.9275547998468069,0.9275547998468069,4096,0.08616938746505964,0.08232412274905283,0.965156913119513,0.9637773999234034,0.0013795131961096274
hea_ring,d2,2,EARLY,12,11000,0.25,3224,7.620310695781602e-07,2.0275417042008666e-05,2.1037448111586827e-05,0.9275547998468069,0.9275547998468069,16384,0.3446775498602386,0.28861226966568077,0.9690972383798847,0.9637773999234034,0.005319838456481318
hea_ring,d2,2,EARLY,12,11000,0.25,3224,7.620310695781602e-07,2.0275417042008666e-05,2.1037448111586827e-05,0.9275547998468069,0.9275547998468069,65536,1.3787101994409543,0.7311045084959407,0.9817692801492102,0.9637773999234034,0.017991880225806778
hea_ring,d2,2,EARLY,12,11000,0.5,3048,8.028626950033304e-05,1.593530145538889e-05,9.622157095572194e-05,-0.6687790212296201,0.6687790212296201,1,9.622157095572194e-05,9.621901218390746e-05,0.834398403103263,0.83438951061481,8.892488452927338e-06
hea_ring,d2,2,EARLY,12,11000,0.5,3048,8.028626950033304e-05,1.593530145538889e-05,9.622157095572194e-05,-0.6687790212296201,0.6687790212296201,4,0.00038488628382288775,0.00038480515550927245,0.8344117416530358,0.83438951061481,2.2231038225739574e-05
hea_ring,d2,2,EARLY,12,11000,0.5,3048,8.028626950033304e-05,1.593530145538889e-05,9.622157095572194e-05,-0.6687790212296201,0.6687790212296201,16,0.001539545135291551,0.0015380871120716645,0.8344650936524034,0.83438951061481,7.558303759336304e-05
hea_ring,d2,2,EARLY,12,11000,0.5,3048,8.028626950033304e-05,1.593530145538889e-05,9.622157095572194e-05,-0.6687790212296201,0.6687790212296201,64,0.006158180541166204,0.0061342622001154656,0.8346784661671562,0.83438951061481,0.00028895555234620396
hea_ring,d2,2,EARLY,12,11000,0.5,3048,8.028626950033304e-05,1.593530145538889e-05,9.622157095572194e-05,-0.6687790212296201,0.6687790212296201,256,0.024632722164664816,0.024250834005200648,0.8355313701902156,0.83438951061481,0.0011418595754055794
hea_ring,d2,2,EARLY,12,11000,0.5,3048,8.028626950033304e-05,1.593530145538889e-05,9.622157095572194e-05,-0.6687790212296201,0.6687790212296201,1024,0.09853088865865926,0.09261923265058791,0.8389324544156008,0.83438951061481,0.0045429438007907885
hea_ring,d2,2,EARLY,12,11000,0.5,3048,8.028626950033304e-05,1.593530145538889e-05,9.622157095572194e-05,-0.6687790212296201,0.6687790212296201,4096,0.39412355463463705,0.3111865844853008,0.8522990372033654,0.83438951061481,0.01790952658855538
hea_ring,d2,2,EARLY,12,11000,0.5,3048,8.028626950033304e-05,1.593530145538889e-05,9.622157095572194e-05,-0.6687790212296201,0.6687790212296201,16384,1.5764942185385482,0.7159904557261085,0.8989166893779247,0.83438951061481,0.06452717876311465
hea_ring,d2,2,EARLY,12,11000,0.5,3048,8.028626950033304e-05,1.593530145538889e-05,9.622157095572194e-05,-0.6687790212296201,0.6687790212296201,65536,6.305976874154193,0.9623227098381538,0.9781756949109284,0.83438951061481,0.14378618429611834
hea_ring,d2,2,EARLY,12,11000,0.75,3813,0.0003251275369182948,5.792785371830838e-05,0.0003830553906366032,-0.6975484217985416,0.6975484217985416,1,0.0003830553906366032,0.00038301772275580636,0.8488085111016392,0.8487742108992709,3.4300202368386934e-05
hea_ring,d2,2,EARLY,12,11000,0.75,3813,0.0003251275369182948,5.792785371830838e-05,0.0003830553906366032,-0.6975484217985416,0.6975484217985416,4,0.0015322215625464127,0.0015309651526170575,0.8488599576227475,0.8487742108992709,8.574672347660961e-05
hea_ring,d2,2,EARLY,12,11000,0.75,3813,0.0003251275369182948,5.792785371830838e-05,0.0003830553906366032,-0.6975484217985416,0.6975484217985416,16,0.006128886250185651,0.006106216432533631,0.8490656980331236,0.8487742108992709,0.0002914871338527414
hea_ring,d2,2,EARLY,12,11000,0.75,3813,0.0003251275369182948,5.792785371830838e-05,0.0003830553906366032,-0.6975484217985416,0.6975484217985416,64,0.024515545000742604,0.024145580386745417,0.8498879120722507,0.8487742108992709,0.0011137011729798196
hea_ring,d2,2,EARLY,12,11000,0.75,3813,0.0003251275369182948,5.792785371830838e-05,0.0003830553906366032,-0.6975484217985416,0.6975484217985416,256,0.09806218000297041,0.09230036442680825,0.8531637470103329,0.8487742108992709,0.004389536111062076
hea_ring,d2,2,EARLY,12,11000,0.75,3813,0.0003251275369182948,5.792785371830838e-05,0.0003830553906366032,-0.6975484217985416,0.6975484217985416,1024,0.39224872001188166,0.31109032033493245,0.8659955641353686,0.8487742108992709,0.017221353236097747
hea_ring,d2,2,EARLY,12,11000,0.75,3813,0.0003251275369182948,5.792785371830838e-05,0.0003830553906366032,-0.6975484217985416,0.6975484217985416,4096,1.5689948800475266,0.7205925877155707,0.9102581854683531,0.8487742108992709,0.06148397456908228
hea_ring,d2,2,EARLY,12,11000,0.75,3813,0.0003251275369182948,5.792785371830838e-05,0.0003830553906366032,-0.6975484217985416,0.6975484217985416,16384,6.2759795201901065,0.9672168494374312,0.9826704636473219,0.8487742108992709,0.13389625274805106
hea_ring,d2,2,EARLY,12,11000,0.75,3813,0.0003251275369182948,5.792785371830838e-05,0.0003830553906366032,-0.6975484217985416,0.6975484217985416,65536,25.103918080760426,0.999923174689033,0.9999495438259233,0.8487742108992709,0.15117533292665242
hea_ring,d2,2,EARLY,12,11000,0.9,2845,0.00026512398032432023,0.0008614146855244897,0.00112653866584881,0.5293122404732411,0.5293122404732411,1,0.00112653866584881,0.0011260819024685382,0.7647634705313228,0.7646561202366206,0.00010735029470221313
hea_ring,d2,2,EARLY,12,11000,0.9,2845,0.00026512398032432023,0.0008614146855244897,0.00112653866584881,0.5293122404732411,0.5293122404732411,4,0.00450615466339524,0.004493993625281908,0.7649245078322692,0.7646561202366206,0.0002683875956486226
hea_ring,d2,2,EARLY,12,11000,0.9,2845,0.00026512398032432023,0.0008614146855244897,0.00112653866584881,0.5293122404732411,0.5293122404732411,16,0.01802461865358096,0.017812046332018938,0.7655687904707633,0.7646561202366206,0.000912670234142765
hea_ring,d2,2,EARLY,12,11000,0.9,2845,0.00026512398032432023,0.0008614146855244897,0.00112653866584881,0.5293122404732411,0.5293122404732411,64,0.07209847461432384,0.06871339516270934,0.7681475333091804,0.7646561202366206,0.003491413072559846
hea_ring,d2,2,EARLY,12,11000,0.9,2845,0.00026512398032432023,0.0008614146855244897,0.00112653866584881,0.5293122404732411,0.5293122404732411,256,0.28839389845729535,0.23934093168843215,0.7784558433966722,0.7646561202366206,0.013799723160051625
hea_ring,d2,2,EARLY,12,11000,0.9,2845,0.00026512398032432023,0.0008614146855244897,0.00112653866584881,0.5293122404732411,0.5293122404732411,1024,1.1535755938291814,0.6043700350718478,0.8178592271230327,0.7646561202366206,0.053203106886412166
hea_ring,d2,2,EARLY,12,11000,0.9,2845,0.00026512398032432023,0.0008614146855244897,0.00112653866584881,0.5293122404732411,0.5293122404732411,4096,4.614302375316726,0.8959585510855255,0.9172638725004418,0.7646561202366206,0.15260775226382128
hea_ring,d2,2,EARLY,12,11000,0.9,2845,0.00026512398032432023,0.0008614146855244897,0.00112653866584881,0.5293122404732411,0.5293122404732411,16384,18.457209501266902,0.993812584855564,0.9936115679881244,0.7646561202366206,0.2289554477515039
hea_ring,d2,2,EARLY,12,11000,0.9,2845,0.00026512398032432023,0.0008614146855244897,0.00112653866584881,0.5293122404732411,0.5293122404732411,65536,73.82883800506761,0.9999993069629614,0.999999185203307,0.7646561202366206,0.23534306496668644
hea_ring,d2,2,LATE,12,11000,0.1,3492,4.026715124382047e-06,3.234369709538814e-07,4.350152095335928e-06,-0.8512985459516883,0.8512985459516883,1,4.350152095335928e-06,4.350149490558845e-06,0.9256495278455847,0.9256492729758441,2.5486974064570234e-07
hea_ring,d2,2,LATE,12,11000,0.1,3492,4.026715124382047e-06,3.234369709538814e-07,4.350152095335928e-06,-0.8512985459516883,0.8512985459516883,4,1.7400608381343712e-05,1.7400468791302577e-05,0.9256499101493825,0.9256492729758441,6.371735383758903e-07
hea_ring,d2,2,LATE,12,11000,0.1,3492,4.026715124382047e-06,3.234369709538814e-07,4.350152095335928e-06,-0.8512985459516883,0.8512985459516883,16,6.960243352537485e-05,6.959980848611526e-05,0.9256514393548085,0.9256492729758441,2.1663789644410514e-06
hea_ring,d2,2,LATE,12,11000,0.1,3492,4.026715124382047e-06,3.234369709538814e-07,4.350152095335928e-06,-0.8512985459516883,0.8512985459516883,64,0.0002784097341014994,0.00027836617065173,0.9256575560202848,0.9256492729758441,8.283044440671183e-06
hea_ring,d2,2,LATE,12,11000,0.1,3492,4.026715124382047e-06,3.234369709538814e-07,4.350152095335928e-06,-0.8512985459516883,0.8512985459516883,256,0.0011136389364059976,0.001112935898499608,0.9256820201818692,0.9256492729758441,3.274720602508552e-05
hea_ring,d2,2,LATE,12,11000,0.1,3492,4.026715124382047e-06,3.234369709538814e-07,4.350152095335928e-06,-0.8512985459516883,0.8512985459516883,1024,0.00445455574562399,0.004443297656147027,0.9257798367802297,0.9256492729758441,0.00013056380438558612
hea_ring,d2,2,LATE,12,11000,0.1,3492,4.026715124382047e-06,3.234369709538814e-07,4.350152095335928e-06,-0.8512985459516883,0.8512985459516883,4096,0.01781822298249596,0.017638985166465167,0.9261704596771181,0.9256492729758441,0.0005211867012739901
hea_ring,d2,2,LATE,12,11000,0.1,3492,4.026715124382047e-06,3.234369709538814e-07,4.350152095335928e-06,-0.8512985459516883,0.8512985459516883,16384,0.07127289192998384,0.06846679930248932,0.9277224839474539,0.9256492729758441,0.00207321097160984
hea_ring,d2,2,LATE,12,11000,0.1,3492,4.026715124382047e-06,3.234369709538814e-07,4.350152095335928e-06,-0.8512985459516883,0.8512985459516883,65536,0.2850915677199354,0.24384293410568236,0.933752986312688,0.9256492729758441,0.008103713336843898
hea_ring,d2,2,LATE,12,11000,0.25,1342,9.033900413917211e-07,2.0316098657857203e-05,2.1219488699248923e-05,0.9148527983689168,0.9148527983689168,1,2.1219488699248923e-05,2.1219451992526504e-05,0.9574271904689772,0.9574263991844584,7.912845187973971e-07
hea_ring,d2,2,LATE,12,11000,0.25,1342,9.033900413917211e-07,2.0316098657857203e-05,2.1219488699248923e-05,0.9148527983689168,0.9148527983689168,4,8.487795479699569e-05,8.487488619115158e-05,0.9574283773798998,0.9574263991844584,1.978195441454389e-06
hea_ring,d2,2,LATE,12,11000,0.25,1342,9.033900413917211e-07,2.0316098657857203e-05,2.1219488699248923e-05,0.9148527983689168,0.9148527983689168,16,0.00033951181918798277,0.00033945280200847625,0.9574331248333142,0.9574263991844584,6.725648855843147e-06
hea_ring,d2,2,LATE,12,11000,0.25,1342,9.033900413917211e-07,2.0316098657857203e-05,2.1219488699248923e-05,0.9148527983689168,0.9148527983689168,64,0.001358047276751931,0.001357063689045948,0.9574521116020608,0.9574263991844584,2.5712417602408166e-05
hea_ring,d2,2,LATE,12,11000,0.25,1342,9.033900413917211e-07,2.0316098657857203e-05,2.1219488699248923e-05,0.9148527983689168,0.9148527983689168,256,0.005432189107007724,0.005416317781844708,0.9575280099268474,0.9574263991844584,0.00010161074238901335
hea_ring,d2,2,LATE,12,11000,0.25,1342,9.033900413917211e-07,2.0316098657857203e-05,2.1219488699248923e-05,0.9148527983689168,0.9148527983689168,1024,0.021728756428030897,0.021475763055166342,0.9578308212151276,0.9574263991844584,0.0004044220306692603
hea_ring,d2,2,LATE,12,11000,0.25,1342,9.033900413917211e-07,2.0316098657857203e-05,2.1219488699248923e-05,0.9148527983689168,0.9148527983689168,4096,0.08691502571212359,0.08296347043270812,0.9590294297225211,0.9574263991844584,0.0016030305380627663
hea_ring,d2,2,LATE,12,11000,0.25,1342,9.033900413917211e-07,2.0316098657857203e-05,2.1219488699248923e-05,0.9148527983689168,0.9148527983689168,16384,0.34766010284849436,0.29017920993494417,0.9636147387117309,0.9574263991844584,0.006188339527272491
hea_ring,d2,2,LATE,12,11000,0.25,1342,9.033900413917211e-07,2.0316098657857203e-05,2.1219488699248923e-05,0.9148527983689168,0.9148527983689168,65536,1.3906404113939774,0.7310759916095124,0.9784126350486644,0.9574263991844584,0.020986235864206004
hea_ring,d2,2,LATE,12,11000,0.5,1247,3.799387651822726e-05,5.7716790379872026e-05,9.571066689809929e-05,0.2060680852077151,0.2060680852077151,1,9.571066689809929e-05,9.57062811288858e-05,0.6030387641699516,0.6030340426038575,4.721566094101348e-06
hea_ring,d2,2,LATE,12,11000,0.5,1247,3.799387651822726e-05,5.7716790379872026e-05,9.571066689809929e-05,0.2060680852077151,0.2060680852077151,4,0.00038284266759239715,0.0003827438628079814,0.6030458467655023,0.6030340426038575,1.1804161644812794e-05
hea_ring,d2,2,LATE,12,11000,0.5,1247,3.799387651822726e-05,5.7716790379872026e-05,9.571066689809929e-05,0.2060680852077151,0.2060680852077151,16,0.0015313706703695886,0.0015296762884375815,0.6030741801018017,0.6030340426038575,4.013749794418153e-05
hea_ring,d2,2,LATE,12,11000,0.5,1247,3.799387651822726e-05,5.7716790379872026e-05,9.571066689809929e-05,0.2060680852077151,0.2060680852077151,64,0.0061254826814783545,0.006097983948020455,0.6031875605460442,0.6030340426038575,0.00015351794218665393
hea_ring,d2,2,LATE,12,11000,0.5,1247,3.799387651822726e-05,5.7716790379872026e-05,9.571066689809929e-05,0.2060680852077151,0.2060680852077151,256,0.024501930725913418,0.024064538706611727,0.603641825251877,0.6030340426038575,0.0006077826480195281
hea_ring,d2,2,LATE,12,11000,0.5,1247,3.799387651822726e-05,5.7716790379872026e-05,9.571066689809929e-05,0.2060680852077151,0.2060680852077151,1024,0.09800772290365367,0.09127418566544515,0.6054700899515848,0.6030340426038575,0.002436047347727288
hea_ring,d2,2,LATE,12,11000,0.5,1247,3.799387651822726e-05,5.7716790379872026e-05,9.571066689809929e-05,0.2060680852077151,0.2060680852077151,4096,0.3920308916146147,0.29923300034012446,0.6129195560294362,0.6030340426038575,0.00988551342557864
hea_ring,d2,2,LATE,12,11000,0.5,1247,3.799387651822726e-05,5.7716790379872026e-05,9.571066689809929e-05,0.2060680852077151,0.2060680852077151,16384,1.5681235664584587,0.6495879464391145,0.6426376392213807,0.6030340426038575,0.03960359661752322
hea_ring,d2,2,LATE,12,11000,0.5,1247,3.799387651822726e-05,5.7716790379872026e-05,9.571066689809929e-05,0.2060680852077151,0.2060680852077151,65536,6.272494265833835,0.8560607489128225,0.7269510360566599,0.6030340426038575,0.12391699345280238
hea_ring,d2,2,LATE,12,11000,0.75,3820,0.00026954758377194504,0.0001094362217481737,0.00037898380552011876,-0.4224754717527677,0.4224754717527677,1,0.00037898380552011876,0.0003789248089818198,0.711270624446568,0.7112377358763838,3.288857018413083e-05
hea_ring,d2,2,LATE,12,11000,0.75,3820,0.00026954758377194504,0.0001094362217481737,0.00037898380552011876,-0.4224754717527677,0.4224754717527677,4,0.001515935222080475,0.0015144843724891688,0.7113199609143094,0.7112377358763838,8.222503792554292e-05
hea_ring,d2,2,LATE,12,11000,0.75,3820,0.00026954758377194504,0.0001094362217481737,0.00037898380552011876,-0.4224754717527677,0.4224754717527677,16,0.0060637408883219,0.006038557832197306,0.7115173498212336,0.7112377358763838,0.00027961394484976587
hea_ring,d2,2,LATE,12,11000,0.75,3820,0.00026954758377194504,0.0001094362217481737,0.00037898380552011876,-0.4224754717527677,0.4224754717527677,64,0.0242549635532876,0.023847842146132014,0.7123075754519909,0.7112377358763838,0.0010698395756070234
hea_ring,d2,2,LATE,12,11000,0.75,3820,0.00026954758377194504,0.0001094362217481737,0.00037898380552011876,-0.4224754717527677,0.4224754717527677,256,0.0970198542131504,0.0907159059989238,0.7154780160106791,0.7112377358763838,0.004240280134295227
hea_ring,d2,2,LATE,12,11000,0.75,3820,0.00026954758377194504,0.0001094362217481737,0.00037898380552011876,-0.4224754717527677,0.4224754717527677,1024,0.3880794168526016,0.30051885211303125,0.7282390761730934,0.7112377358763838,0.017001340296709522
hea_ring,d2,2,LATE,12,11000,0.75,3820,0.00026954758377194504,0.0001094362217481737,0.00037898380552011876,-0.4224754717527677,0.4224754717527677,4096,1.5523176674104064,0.6697579633070343,0.7768684641415775,0.7112377358763838,0.06563072826519367
hea_ring,d2,2,LATE,12,11000,0.75,3820,0.00026954758377194504,0.0001094362217481737,0.00037898380552011876,-0.4224754717527677,0.4224754717527677,16384,6.209270669641626,0.9036223516827908,0.8918618165294973,0.7112377358763838,0.18062408065311342
hea_ring,d2,2,LATE,12,11000,0.75,3820,0.00026954758377194504,0.0001094362217481737,0.00037898380552011876,-0.4224754717527677,0.4224754717527677,65536,24.837082678566503,0.9917375189693683,0.988056002449979,0.7112377358763838,0.2768182665735952
hea_ring,d2,2,LATE,12,11000,0.9,868,0.0008668621871643795,0.00031762752245750154,0.0011844897096218812,-0.46368884444104413,0.46368884444104413,1,0.0011844897096218812,0.0011839390310442392,0.7319522586490161,0.731844422220522,0.00010783642849410136
hea_ring,d2,2,LATE,12,11000,0.9,868,0.0008668621871643795,0.00031762752245750154,0.0011844897096218812,-0.46368884444104413,0.46368884444104413,4,0.004737958838487525,0.004724060141158084,0.7321140414200777,0.731844422220522,0.000269619199555704
hea_ring,d2,2,LATE,12,11000,0.9,868,0.0008668621871643795,0.00031762752245750154,0.0011844897096218812,-0.46368884444104413,0.46368884444104413,16,0.0189518353539501,0.0187108265223856,0.7327615000342604,0.731844422220522,0.0009170778137383984
hea_ring,d2,2,LATE,12,11000,0.9,868,0.0008668621871643795,0.00031762752245750154,0.0011844897096218812,-0.46368884444104413,0.46368884444104413,64,0.0758073414158004,0.07198356144289755,0.7353559845206348,0.731844422220522,0.003511562300112736
hea_ring,d2,2,LATE,12,11000,0.9,868,0.0008668621871643795,0.00031762752245750154,0.0011844897096218812,-0.46368884444104413,0.46368884444104413,256,0.3032293656632016,0.24825196301595526,0.7457715010870462,0.731844422220522,0.013927078866524112
hea_ring,d2,2,LATE,12,11000,0.9,868,0.0008668621871643795,0.00031762752245750154,0.0011844897096218812,-0.46368884444104413,0.46368884444104413,1024,1.2129174626528063,0.6104962849198357,0.7860632845548593,0.731844422220522,0.05421886233433726
hea_ring,d2,2,LATE,12,11000,0.9,868,0.0008668621871643795,0.00031762752245750154,0.0011844897096218812,-0.46368884444104413,0.46368884444104413,4096,4.851669850611225,0.885530023103164,0.8911216185957902,0.731844422220522,0.15927719637526816
hea_ring,d2,2,LATE,12,11000,0.9,868,0.0008668621871643795,0.00031762752245750154,0.0011844897096218812,-0.46368884444104413,0.46368884444104413,16384,19.4066794024449,0.9894035065961508,0.9868119373989304,0.731844422220522,0.2549675151784083
hea_ring,d2,2,LATE,12,11000,0.9,868,0.0008668621871643795,0.00031762752245750154,0.0011844897096218812,-0.46368884444104413,0.46368884444104413,65536,77.6267176097796,0.9999931218183234,0.9999901437682132,0.731844422220522,0.2681457215476911
hea_ring,d4,4,EARLY,12,11000,0.1,3280,6.860371882463727e-05,3.5645836658537987e-06,7.216830249049107e-05,-0.9012147011127641,0.9012147011127641,1,7.216830249049107e-05,7.216781340310002e-05,0.9506104043606072,0.9506073505563821,3.053804225050527e-06
hea_ring,d4,4,EARLY,12,11000,0.1,3280,6.860371882463727e-05,3.5645836658537987e-06,7.216830249049107e-05,-0.9012147011127641,0.9012147011127641,4,0.0002886732099619643,0.0002886370720670231,0.9506149848690522,0.9506073505563821,7.634312670035115e-06
hea_ring,d4,4,EARLY,12,11000,0.1,3280,6.860371882463727e-05,3.5645836658537987e-06,7.216830249049107e-05,-0.9012147011127641,0.9012147011127641,16,0.0011546928398478572,0.0011540016147028795,0.9506333045276955,0.9506073505563821,2.5953971313330548e-05
hea_ring,d4,4,EARLY,12,11000,0.1,3280,6.860371882463727e-05,3.5645836658537987e-06,7.216830249049107e-05,-0.9012147011127641,0.9012147011127641,64,0.004618771359391429,0.004607274455396984,0.950706545135097,0.9506073505563821,9.919457871487847e-05
hea_ring,d4,4,EARLY,12,11000,0.1,3280,6.860371882463727e-05,3.5645836658537987e-06,7.216830249049107e-05,-0.9012147011127641,0.9012147011127641,256,0.018475085437565715,0.018290326013968898,0.9509988975397761,0.9506073505563821,0.00039154698339394223
hea_ring,d4,4,EARLY,12,11000,0.1,3280,6.860371882463727e-05,3.5645836658537987e-06,7.216830249049107e-05,-0.9012147011127641,0.9012147011127641,1024,0.07390034175026286,0.07099980790539079,0.9521584474795881,0.9506073505563821,0.0015510969232059857
hea_ring,d4,4,EARLY,12,11000,0.1,3280,6.860371882463727e-05,3.5645836658537987e-06,7.216830249049107e-05,-0.9012147011127641,0.9012147011127641,4096,0.29560136700105144,0.25286708426515264,0.9566331774853963,0.9506073505563821,0.006025826929014211
hea_ring,d4,4,EARLY,12,11000,0.1,3280,6.860371882463727e-05,3.5645836658537987e-06,7.216830249049107e-05,-0.9012147011127641,0.9012147011127641,16384,1.1824054680042058,0.673015449303755,0.9717082333673501,0.9506073505563821,0.021100882810968002
hea_ring,d4,4,EARLY,12,11000,0.1,3280,6.860371882463727e-05,3.5645836658537987e-06,7.216830249049107e-05,-0.9012147011127641,0.9012147011127641,65536,4.729621872016823,0.9791596326895919,0.9962055005626226,0.9506073505563821,0.04559815000624046
hea_ring,d4,4,EARLY,12,11000,0.25,491,9.333958915628452e-05,5.9336054201594475e-05,0.000152675643357879,-0.22271748267655328,0.22271748267655328,1,0.000152675643357879,0.00015266456655203624,0.6113668211382232,0.6113587413382766,8.079799946547617e-06
hea_ring,d4,4,EARLY,12,11000,0.25,491,9.333958915628452e-05,5.9336054201594475e-05,0.000152675643357879,-0.22271748267655328,0.22271748267655328,4,0.000610702573431516,0.0006104520112197324,0.6113789414941827,0.6113587413382766,2.0200155906091588e-05
hea_ring,d4,4,EARLY,12,11000,0.25,491,9.333958915628452e-05,5.9336054201594475e-05,0.000152675643357879,-0.22271748267655328,0.22271748267655328,16,0.002442810293726064,0.0024385121035647344,0.6114274307782347,0.6113587413382766,6.868943995808063e-05
hea_ring,d4,4,EARLY,12,11000,0.25,491,9.333958915628452e-05,5.9336054201594475e-05,0.000152675643357879,-0.22271748267655328,0.22271748267655328,64,0.009771241174904256,0.009701577120550232,0.6116215129508762,0.6113587413382766,0.00026277161259957715
hea_ring,d4,4,EARLY,12,11000,0.25,491,9.333958915628452e-05,5.9336054201594475e-05,0.000152675643357879,-0.22271748267655328,0.22271748267655328,256,0.039084964699617024,0.037983371976407415,0.6123997957186965,0.6113587413382766,0.0010410543804199035
hea_ring,d4,4,EARLY,12,11000,0.25,491,9.333958915628452e-05,5.9336054201594475e-05,0.000152675643357879,-0.22271748267655328,0.22271748267655328,1024,0.1563398587984681,0.13976203814394933,0.6155412260697779,0.6113587413382766,0.00418248473150129
hea_ring,d4,4,EARLY,12,11000,0.25,491,9.333958915628452e-05,5.9336054201594475e-05,0.000152675643357879,-0.22271748267655328,0.22271748267655328,4096,0.6253594351938724,0.41405323631705604,0.6283771683806089,0.6113587413382766,0.01701842704233225
hea_ring,d4,4,EARLY,12,11000,0.25,491,9.333958915628452e-05,5.9336054201594475e-05,0.000152675643357879,-0.22271748267655328,0.22271748267655328,16384,2.5014377407754895,0.7426576061022696,0.6763437528015867,0.6113587413382766,0.06498501146331004
hea_ring,d4,4,EARLY,12,11000,0.25,491,9.333958915628452e-05,5.9336054201594475e-05,0.000152675643357879,-0.22271748267655328,0.22271748267655328,65536,10.005750963101958,0.8992935590603357,0.7868550747266758,0.6113587413382766,0.1754963333883992
hea_ring,d4,4,EARLY,12,11000,0.5,1341,6.154651982838495e-05,0.0002553284316465255,0.00031687495147491045,0.6115406437655387,0.6115406437655387,1,0.00031687495147491045,0.0003168435223221481,0.8058006526343219,0.8057703218827694,3.0330751552454238e-05
hea_ring,d4,4,EARLY,12,11000,0.5,1341,6.154651982838495e-05,0.0002553284316465255,0.00031687495147491045,0.6115406437655387,0.6115406437655387,4,0.0012674998058996418,0.001266583481878486,0.8058461480246639,0.8057703218827694,7.582614189449721e-05
hea_ring,d4,4,EARLY,12,11000,0.5,1341,6.154651982838495e-05,0.0002553284316465255,0.00031687495147491045,0.6115406437655387,0.6115406437655387,16,0.005069999223598567,0.005053713757077635,0.806028120552547,0.8057703218827694,0.000257798669777598
hea_ring,d4,4,EARLY,12,11000,0.5,1341,6.154651982838495e-05,0.0002553284316465255,0.00031687495147491045,0.6115406437655387,0.6115406437655387,64,0.02027999689439427,0.020014808744174054,0.8067558549102832,0.8057703218827694,0.0009855330275138074
hea_ring,d4,4,EARLY,12,11000,0.5,1341,6.154651982838495e-05,0.0002553284316465255,0.00031687495147491045,0.6115406437655387,0.6115406437655387,256,0.08111998757757707,0.0769749350599424,0.8096635892429941,0.8057703218827694,0.0038932673602246615
hea_ring,d4,4,EARLY,12,11000,0.5,1341,6.154651982838495e-05,0.0002553284316465255,0.00031687495147491045,0.6115406437655387,0.6115406437655387,1024,0.3244799503103083,0.2651579383446241,0.8211997491230638,0.8057703218827694,0.015429427240294391
hea_ring,d4,4,EARLY,12,11000,0.5,1341,6.154651982838495e-05,0.0002553284316465255,0.00031687495147491045,0.6115406437655387,0.6115406437655387,4096,1.2979198012412332,0.6500378447701114,0.8636743213790113,0.8057703218827694,0.05790399949624192
hea_ring,d4,4,EARLY,12,11000,0.5,1341,6.154651982838495e-05,0.0002553284316465255,0.00031687495147491045,0.6115406437655387,0.6115406437655387,16384,5.191679204964933,0.9309976538433585,0.9547543630431279,0.8057703218827694,0.14898404116035846
hea_ring,d4,4,EARLY,12,11000,0.5,1341,6.154651982838495e-05,0.0002553284316465255,0.00031687495147491045,0.6115406437655387,0.6115406437655387,65536,20.76671681985973,0.9987022601416994,0.9989180624583581,0.8057703218827694,0.1931477405755887
hea_ring,d4,4,EARLY,12,11000,0.75,1038,0.0002454556700835453,0.00037019280442629915,0.0006156484745098445,0.2026109695830315,0.2026109695830315,1,0.0006156484745098445,0.0006154667426641033,0.6013353977526212,0.6013054847915158,2.9912961105438285e-05
hea_ring,d4,4,EARLY,12,11000,0.75,1038,0.0002454556700835453,0.00037019280442629915,0.0006156484745098445,0.2026109695830315,0.2026109695830315,4,0.002462593898039378,0.002458506728232982,0.6013802772734719,0.6013054847915158,7.479248195607635e-05
hea_ring,d4,4,EARLY,12,11000,0.75,1038,0.0002454556700835453,0.00037019280442629915,0.0006156484745098445,0.2026109695830315,0.2026109695830315,16,0.009850375592157512,0.00978053481784018,0.6015599155710044,0.6013054847915158,0.0002544307794886125
hea_ring,d4,4,EARLY,12,11000,0.75,1038,0.0002454556700835453,0.00037019280442629915,0.0006156484745098445,0.2026109695830315,0.2026109695830315,64,0.03940150236863005,0.03828337158267468,0.6022803485511645,0.6013054847915158,0.0009748637596487253
hea_ring,d4,4,EARLY,12,11000,0.75,1038,0.0002454556700835453,0.00037019280442629915,0.0006156484745098445,0.2026109695830315,0.2026109695830315,256,0.1576060094745202,0.1407381164646429,0.6051893731533539,0.6013054847915158,0.0038838883618380615
hea_ring,d4,4,EARLY,12,11000,0.75,1038,0.0002454556700835453,0.00037019280442629915,0.0006156484745098445,0.2026109695830315,0.2026109695830315,1024,0.6304240378980808,0.41571786284303125,0.6170906375506662,0.6013054847915158,0.015785152759150378
hea_ring,d4,4,EARLY,12,11000,0.75,1038,0.0002454556700835453,0.00037019280442629915,0.0006156484745098445,0.2026109695830315,0.2026109695830315,4096,2.521696151592323,0.7418428977921294,0.6617099131450039,0.6013054847915158,0.06040442835348814
hea_ring,d4,4,EARLY,12,11000,0.75,1038,0.0002454556700835453,0.00037019280442629915,0.0006156484745098445,0.2026109695830315,0.2026109695830315,16384,10.086784606369292,0.895632729862852,0.7662610344154789,0.6013054847915158,0.16495554962396308
hea_ring,d4,4,EARLY,12,11000,0.75,1038,0.0002454556700835453,0.00037019280442629915,0.0006156484745098445,0.2026109695830315,0.2026109695830315,65536,40.34713842547717,0.9724280680594224,0.912823507782514,0.6013054847915158,0.3115180229909982
hea_ring,d4,4,EARLY,12,11000,0.9,281,0.00013542773311755403,0.0009379810753531809,0.0010734088084707349,0.7476679303377521,0.7476679303377521,1,0.0010734088084707349,0.00107315475116925,0.8739224661500166,0.873833965168876,8.850098114054905e-05
hea_ring,d4,4,EARLY,12,11000,0.9,281,0.00013542773311755403,0.0009379810753531809,0.0010734088084707349,0.7476679303377521,0.7476679303377521,4,0.0042936352338829396,0.004284194538866754,0.8740551772807326,0.873833965168876,0.0002212121118565502
hea_ring,d4,4,EARLY,12,11000,0.9,281,0.00013542773311755403,0.0009379810753531809,0.0010734088084707349,0.7476679303377521,0.7476679303377521,16,0.017174540935531758,0.017002966428125908,0.8745855324567742,0.873833965168876,0.0007515672878981583
hea_ring,d4,4,EARLY,12,11000,0.9,281,0.00013542773311755403,0.0009379810753531809,0.0010734088084707349,0.7476679303377521,0.7476679303377521,64,0.06869816374212703,0.06593207980898762,0.8766988160496832,0.873833965168876,0.002864850880807235
hea_ring,d4,4,EARLY,12,11000,0.9,281,0.00013542773311755403,0.0009379810753531809,0.0010734088084707349,0.7476679303377521,0.7476679303377521,256,0.27479265496850813,0.23401387924103115,0.8850031252781595,0.873833965168876,0.011169160109283482
hea_ring,d4,4,EARLY,12,11000,0.9,281,0.00013542773311755403,0.0009379810753531809,0.0010734088084707349,0.7476679303377521,0.7476679303377521,1024,1.0991706198740325,0.6211045252374555,0.9149379865896562,0.873833965168876,0.04110402142078018
hea_ring,d4,4,EARLY,12,11000,0.9,281,0.00013542773311755403,0.0009379810753531809,0.0010734088084707349,0.7476679303377521,0.7476679303377521,4096,4.39668247949613,0.9436950999946155,0.9772115589214474,0.873833965168876,0.10337759375257138
hea_ring,d4,4,EARLY,12,11000,0.9,281,0.00013542773311755403,0.0009379810753531809,0.0010734088084707349,0.7476679303377521,0.7476679303377521,16384,17.58672991798452,0.9996801274602749,0.9998290747473854,0.873833965168876,0.12599510957850935
hea_ring,d4,4,EARLY,12,11000,0.9,281,0.00013542773311755403,0.0009379810753531809,0.0010734088084707349,0.7476679303377521,0.7476679303377521,65536,70.34691967193808,0.9999999999968542,0.9999999999981386,0.873833965168876,0.12616603482926259
hea_ring,d4,4,MIDDLE,12,11000,0.1,2853,1.1362112116107365e-05,6.33728782221697e-05,7.473499033827706e-05,0.6959359447381095,0.6959359447381095,1,7.473499033827706e-05,7.473355023878215e-05,0.8479746776373001,0.8479679723690547,6.705268245310592e-06
hea_ring,d4,4,MIDDLE,12,11000,0.1,2853,1.1362112116107365e-05,6.33728782221697e-05,7.473499033827706e-05,0.6959359447381095,0.6959359447381095,4,0.00029893996135310825,0.0002988920533436046,0.8479847353977406,0.8479679723690547,1.6763028685806702e-05
hea_ring,d4,4,MIDDLE,12,11000,0.1,2853,1.1362112116107365e-05,6.33728782221697e-05,7.473499033827706e-05,0.6959359447381095,0.6959359447381095,16,0.001195759845412433,0.001194894206757492,0.8480249647342489,0.8479679723690547,5.6992365194186156e-05
hea_ring,d4,4,MIDDLE,12,11000,0.1,2853,1.1362112116107365e-05,6.33728782221697e-05,7.473499033827706e-05,0.6959359447381095,0.6959359447381095,64,0.004783039381649732,0.0047688154120006385,0.8481858546703036,0.8479679723690547,0.00021788230124886176
hea_ring,d4,4,MIDDLE,12,11000,0.1,2853,1.1362112116107365e-05,6.33728782221697e-05,7.473499033827706e-05,0.6959359447381095,0.6959359447381095,256,0.019132157526598928,0.01890452107269933,0.8488289678194357,0.8479679723690547,0.0008609954503809858
hea_ring,d4,4,MIDDLE,12,11000,0.1,2853,1.1362112116107365e-05,6.33728782221697e-05,7.473499033827706e-05,0.6959359447381095,0.6959359447381095,1024,0.07652863010639571,0.07297598907562934,0.8513937667867513,0.8479679723690547,0.003425794417696526
hea_ring,d4,4,MIDDLE,12,11000,0.1,2853,1.1362112116107365e-05,6.33728782221697e-05,7.473499033827706e-05,0.6959359447381095,0.6959359447381095,4096,0.30611452042558285,0.25478163022267597,0.8614996680333792,0.8479679723690547,0.013531695664324439
hea_ring,d4,4,MIDDLE,12,11000,0.1,2853,1.1362112116107365e-05,6.33728782221697e-05,7.473499033827706e-05,0.6959359447381095,0.6959359447381095,16384,1.2244580817023314,0.6464756238463265,0.8979850898976366,0.8479679723690547,0.050017117528581845
hea_ring,d4,4,MIDDLE,12,11000,0.1,2853,1.1362112116107365e-05,6.33728782221697e-05,7.473499033827706e-05,0.6959359447381095,0.6959359447381095,65536,4.897832326809326,0.9441405957271812,0.9720486868939734,0.8479679723690547,0.12408071452491864
hea_ring,d4,4,MIDDLE,12,11000,0.25,3891,0.00010683804258652103,4.0686556259964546e-05,0.0001475245988464856,-0.4484098709218919,0.4484098709218919,1,0.0001475245988464856,0.00014751590510242473,0.7242181488180054,0.7242049354609459,1.3213357059504993e-05
hea_ring,d4,4,MIDDLE,12,11000,0.25,3891,0.00010683804258652103,4.0686556259964546e-05,0.0001475245988464856,-0.4484098709218919,0.4484098709218919,4,0.0005900983953859424,0.0005898809282127398,0.7242379693366062,0.7242049354609459,3.3033875660337664e-05
hea_ring,d4,4,MIDDLE,12,11000,0.25,3891,0.00010683804258652103,4.0686556259964546e-05,0.0001475245988464856,-0.4484098709218919,0.4484098709218919,16,0.0023603935815437694,0.0023566040219209967,0.7243172571880938,0.7242049354609459,0.00011232172714792377
hea_ring,d4,4,MIDDLE,12,11000,0.25,3891,0.00010683804258652103,4.0686556259964546e-05,0.0001475245988464856,-0.4484098709218919,0.4484098709218919,64,0.009441574326175078,0.009379916793021675,0.7246344998976347,0.7242049354609459,0.00042956443668884514
hea_ring,d4,4,MIDDLE,12,11000,0.25,3891,0.00010683804258652103,4.0686556259964546e-05,0.0001475245988464856,-0.4484098709218919,0.4484098709218919,256,0.03776629730470031,0.03678927733811767,0.7259048594538805,0.7242049354609459,0.0016999239929346155
hea_ring,d4,4,MIDDLE,12,11000,0.25,3891,0.00010683804258652103,4.0686556259964546e-05,0.0001475245988464856,-0.4484098709218919,0.4484098709218919,1024,0.15106518921880124,0.1362901412717585,0.7310039481265059,0.7242049354609459,0.006799012665560045
hea_ring,d4,4,MIDDLE,12,11000,0.25,3891,0.00010683804258652103,4.0686556259964546e-05,0.0001475245988464856,-0.4484098709218919,0.4484098709218919,4096,0.604260756875205,0.41294539941067887,0.75140803680422,0.7242049354609459,0.027203101343274083
hea_ring,d4,4,MIDDLE,12,11000,0.25,3891,0.00010683804258652103,4.0686556259964546e-05,0.0001475245988464856,-0.4484098709218919,0.4484098709218919,16384,2.41704302750082,0.7721585657003605,0.8223003172196585,0.7242049354609459,0.09809538175871257
hea_ring,d4,4,MIDDLE,12,11000,0.25,3891,0.00010683804258652103,4.0686556259964546e-05,0.0001475245988464856,-0.4484098709218919,0.4484098709218919,65536,9.66817211000328,0.9506269449926967,0.9429347112569547,0.7242049354609459,0.21872977579600883
hea_ring,d4,4,MIDDLE,12,11000,0.5,221,3.93662102105234e-05,0.00026316847389692326,0.00030253468410744666,0.7397573747508415,0.7397573747508415,1,0.00030253468410744666,0.0003025139642165183,0.869904021234236,0.8698786873754207,2.5333858815312915e-05
hea_ring,d4,4,MIDDLE,12,11000,0.5,221,3.93662102105234e-05,0.00026316847389692326,0.00030253468410744666,0.7397573747508415,0.7397573747508415,4,0.0012101387364297867,0.0012093826728502796,0.8699420189451699,0.8698786873754207,6.333156974913656e-05
hea_ring,d4,4,MIDDLE,12,11000,0.5,221,3.93662102105234e-05,0.00026316847389692326,0.00030253468410744666,0.7397573747508415,0.7397573747508415,16,0.004840554945719147,0.004826782022301098,0.870093972739661,0.8698786873754207,0.00021528536424031408
hea_ring,d4,4,MIDDLE,12,11000,0.5,221,3.93662102105234e-05,0.00026316847389692326,0.00030253468410744666,0.7397573747508415,0.7397573747508415,64,0.019362219782876586,0.01913656519360388,0.8707011879349438,0.8698786873754207,0.0008225005595230428
hea_ring,d4,4,MIDDLE,12,11000,0.5,221,3.93662102105234e-05,0.00026316847389692326,0.00030253468410744666,0.7397573747508415,0.7397573747508415,256,0.07744887913150635,0.07390541448007448,0.8731199949481554,0.8698786873754207,0.003241307572734664
hea_ring,d4,4,MIDDLE,12,11000,0.5,221,3.93662102105234e-05,0.00026316847389692326,0.00030253468410744666,0.7397573747508415,0.7397573747508415,1024,0.3097955165260254,0.2584366855794625,0.8826070291964886,0.8698786873754207,0.012728341821067857
hea_ring,d4,4,MIDDLE,12,11000,0.5,221,3.93662102105234e-05,0.00026316847389692326,0.00030253468410744666,0.7397573747508415,0.7397573747508415,4096,1.2391820661041015,0.6578437342871921,0.9162738430235657,0.8698786873754207,0.046395155648145
hea_ring,d4,4,MIDDLE,12,11000,0.5,221,3.93662102105234e-05,0.00026316847389692326,0.00030253468410744666,0.7397573747508415,0.7397573747508415,16384,4.956728264416406,0.9547828269288725,0.9804776943205441,0.8698786873754207,0.11059900694512337
hea_ring,d4,4,MIDDLE,12,11000,0.5,221,3.93662102105234e-05,0.00026316847389692326,0.00030253468410744666,0.7397573747508415,0.7397573747508415,65536,19.826913057665625,0.9998319876303883,0.9999063752336986,0.8698786873754207,0.1300276878582779
hea_ring,d4,4,MIDDLE,12,11000,0.75,319,0.0004501973792669071,0.00015565443686993923,0.0006058518161368464,-0.48616333986599486,0.48616333986599486,1,0.0006058518161368464,0.000605711665697746,0.7431379145204929,0.7430816699329974,5.624458749553529e-05
hea_ring,d4,4,MIDDLE,12,11000,0.75,319,0.0004501973792669071,0.00015565443686993923,0.0006058518161368464,-0.48616333986599486,0.48616333986599486,4,0.0024234072645473856,0.002419806856337703,0.7432222875688776,0.7430816699329974,0.0001406176358802469
hea_ring,d4,4,MIDDLE,12,11000,0.75,319,0.0004501973792669071,0.00015565443686993923,0.0006058518161368464,-0.48616333986599486,0.48616333986599486,16,0.009693629058189542,0.009630818511786545,0.7435598524070847,0.7430816699329974,0.0004781824740872631
hea_ring,d4,4,MIDDLE,12,11000,0.75,319,0.0004501973792669071,0.00015565443686993923,0.0006058518161368464,-0.48616333986599486,0.48616333986599486,64,0.03877451623275817,0.03776309768303747,0.7449111936000714,0.7430816699329974,0.0018295236670740067
hea_ring,d4,4,MIDDLE,12,11000,0.75,319,0.0004501973792669071,0.00015565443686993923,0.0006058518161368464,-0.48616333986599486,0.48616333986599486,256,0.15509806493103268,0.1397542657355037,0.7503287813101124,0.7430816699329974,0.007247111377114979
hea_ring,d4,4,MIDDLE,12,11000,0.75,319,0.0004501973792669071,0.00015565443686993923,0.0006058518161368464,-0.48616333986599486,0.48616333986599486,1024,0.6203922597241307,0.42206630586512095,0.77189160383979,0.7430816699329974,0.02880993390679265
hea_ring,d4,4,MIDDLE,12,11000,0.75,319,0.0004501973792669071,0.00015565443686993923,0.0006058518161368464,-0.48616333986599486,0.48616333986599486,4096,2.481569038896523,0.785149594252222,0.8449535680529734,0.7430816699329974,0.10187189811997599
hea_ring,d4,4,MIDDLE,12,11000,0.75,319,0.0004501973792669071,0.00015565443686993923,0.0006058518161368464,-0.48616333986599486,0.48616333986599486,16384,9.926276155586091,0.9606815514182365,0.9586704188471904,0.7430816699329974,0.215588748914193
hea_ring,d4,4,MIDDLE,12,11000,0.75,319,0.0004501973792669071,0.00015565443686993923,0.0006058518161368464,-0.48616333986599486,0.48616333986599486,65536,39.705104622344365,0.9995463136523479,0.9994220149551661,0.7430816699329974,0.25634034502216874
hea_ring,d4,4,MIDDLE,12,11000,0.9,1200,0.0009187076831777896,0.00017562373272622696,0.0010943314159040166,-0.67903008142895,0.67903008142895,1,0.0010943314159040166,0.001094008722158808,0.839615185601644,0.839515040714475,0.00010014488716902914
hea_ring,d4,4,MIDDLE,12,11000,0.9,1200,0.0009187076831777896,0.00017562373272622696,0.0010943314159040166,-0.67903008142895,0.67903008142895,4,0.004377325663616066,0.00436692917944854,0.8397653765068903,0.839515040714475,0.00025033579241529047
hea_ring,d4,4,MIDDLE,12,11000,0.9,1200,0.0009187076831777896,0.00017562373272622696,0.0010943314159040166,-0.67903008142895,0.67903008142895,16,0.017509302654464265,0.017323154678350487,0.840365816067006,0.839515040714475,0.0008507753525309747
hea_ring,d4,4,MIDDLE,12,11000,0.9,1200,0.0009187076831777896,0.00017562373272622696,0.0010943314159040166,-0.67903008142895,0.67903008142895,64,0.07003721061785706,0.06705006064399685,0.8427619813104188,0.839515040714475,0.0032469405959437703
hea_ring,d4,4,MIDDLE,12,11000,0.9,1200,0.0009187076831777896,0.00017562373272622696,0.0010943314159040166,-0.67903008142895,0.67903008142895,256,0.28014884247142824,0.23639403897885858,0.8522322106041866,0.839515040714475,0.01271716988971161
hea_ring,d4,4,MIDDLE,12,11000,0.9,1200,0.0009187076831777896,0.00017562373272622696,0.0010943314159040166,-0.67903008142895,0.67903008142895,1024,1.120595369885713,0.616479109833875,0.8870312887462639,0.839515040714475,0.04751624803178889
hea_ring,d4,4,MIDDLE,12,11000,0.9,1200,0.0009187076831777896,0.00017562373272622696,0.0010943314159040166,-0.67903008142895,0.67903008142895,4096,4.482381479542852,0.9300122982657684,0.9639069361593855,0.839515040714475,0.12439189544491047
hea_ring,d4,4,MIDDLE,12,11000,0.9,1200,0.0009187076831777896,0.00017562373272622696,0.0010943314159040166,-0.67903008142895,0.67903008142895,16384,17.929525918171407,0.9990579965844334,0.9993685980171518,0.839515040714475,0.1598535573026768
hea_ring,d4,4,MIDDLE,12,11000,0.9,1200,0.0009187076831777896,0.00017562373272622696,0.0010943314159040166,-0.67903008142895,0.67903008142895,65536,71.71810367268563,0.9999999997147507,0.9999999997874742,0.839515040714475,0.1604849590729992
hea_ring,d4,4,LATE,12,11000,0.1,3771,3.111909559633338e-05,4.280091410783786e-05,7.392000970417125e-05,0.15803323833770125,0.15803323833770125,1,7.392000970417125e-05,7.391734585269577e-05,0.5790194667891911,0.5790166191688506,2.847620340529211e-06
hea_ring,d4,4,LATE,12,11000,0.1,3771,3.111909559633338e-05,4.280091410783786e-05,7.392000970417125e-05,0.15803323833770125,0.15803323833770125,4,0.000295680038816685,0.00029562062281729927,0.5790237383413871,0.5790166191688506,7.1191725364849745e-06
hea_ring,d4,4,LATE,12,11000,0.1,3771,3.111909559633338e-05,4.280091410783786e-05,7.392000970417125e-05,0.15803323833770125,0.15803323833770125,16,0.00118272015526674,0.0011817027989219414,0.5790408260093929,0.5790166191688506,2.420684054227351e-05
hea_ring,d4,4,LATE,12,11000,0.1,3771,3.111909559633338e-05,4.280091410783786e-05,7.392000970417125e-05,0.15803323833770125,0.15803323833770125,64,0.00473088062106696,0.004714366593914082,0.5791091999694575,0.5790166191688506,9.258080060692286e-05
hea_ring,d4,4,LATE,12,11000,0.1,3771,3.111909559633338e-05,4.280091410783786e-05,7.392000970417125e-05,0.15803323833770125,0.15803323833770125,256,0.01892352248426784,0.018660287502861736,0.5793830646105168,0.5790166191688506,0.00036644544166619664
hea_ring,d4,4,LATE,12,11000,0.1,3771,3.111909559633338e-05,4.280091410783786e-05,7.392000970417125e-05,0.15803323833770125,0.15803323833770125,1024,0.07569408993707136,0.07160620067833111,0.580484180414875,0.5790166191688506,0.0014675612460244292
hea_ring,d4,4,LATE,12,11000,0.1,3771,3.111909559633338e-05,4.280091410783786e-05,7.392000970417125e-05,0.15803323833770125,0.15803323833770125,4096,0.30277635974828543,0.24463796323755227,0.5849637029220138,0.5790166191688506,0.005947083753163218
hea_ring,d4,4,LATE,12,11000,0.1,3771,3.111909559633338e-05,4.280091410783786e-05,7.392000970417125e-05,0.15803323833770125,0.15803323833770125,16384,1.2111054389931417,0.5857291227831692,0.6032041219226624,0.5790166191688506,0.024187502753811763
hea_ring,d4,4,LATE,12,11000,0.1,3771,3.111909559633338e-05,4.280091410783786e-05,7.392000970417125e-05,0.15803323833770125,0.15803323833770125,65536,4.844421755972567,0.8231661668818231,0.66139656798309,0.5790166191688506,0.08237994881423938
hea_ring,d4,4,LATE,12,11000,0.25,3346,3.5986757746743475e-05,0.00011985357056058476,0.00015584032830732824,0.538158599412406,0.538158599412406,1,0.00015584032830732824,0.00015583170202451065,0.7690941949689094,0.769079299706203,1.4895262706371426e-05
hea_ring,d4,4,LATE,12,11000,0.25,3346,3.5986757746743475e-05,0.00011985357056058476,0.00015584032830732824,0.538158599412406,0.538158599412406,4,0.0006233613132293129,0.0006231293886137917,0.7691165380527294,0.769079299706203,3.723834652635816e-05
hea_ring,d4,4,LATE,12,11000,0.25,3346,3.5986757746743475e-05,0.00011985357056058476,0.00015584032830732824,0.538158599412406,0.538158599412406,16,0.0024934452529172518,0.002489362590989247,0.7692059126416355,0.769079299706203,0.00012661293543247965
hea_ring,d4,4,LATE,12,11000,0.25,3346,3.5986757746743475e-05,0.00011985357056058476,0.00015584032830732824,0.538158599412406,0.538158599412406,64,0.009973781011669007,0.0099072098948852,0.7695634456632793,0.769079299706203,0.00048414595707624297
hea_ring,d4,4,LATE,12,11000,0.25,3346,3.5986757746743475e-05,0.00011985357056058476,0.00015584032830732824,0.538158599412406,0.538158599412406,256,0.03989512404667603,0.03884004620933049,0.7709940436316401,0.769079299706203,0.0019147439254371124
hea_ring,d4,4,LATE,12,11000,0.25,3346,3.5986757746743475e-05,0.00011985357056058476,0.00015584032830732824,0.538158599412406,0.538158599412406,1024,0.1595804961867041,0.1436449990688503,0.7767182958822787,0.769079299706203,0.007638996176075663
hea_ring,d4,4,LATE,12,11000,0.25,3346,3.5986757746743475e-05,0.00011985357056058476,0.00015584032830732824,0.538158599412406,0.538158599412406,4096,0.6383219847468165,0.4329170935783614,0.7993160368327765,0.769079299706203,0.030236737126573487
hea_ring,d4,4,LATE,12,11000,0.25,3346,3.5986757746743475e-05,0.00011985357056058476,0.00015584032830732824,0.538158599412406,0.538158599412406,16384,2.553287938987266,0.8023836322915354,0.8732096515740769,0.769079299706203,0.1041303518678739
hea_ring,d4,4,LATE,12,11000,0.25,3346,3.5986757746743475e-05,0.00011985357056058476,0.00015584032830732824,0.538158599412406,0.538158599412406,65536,10.213151755949063,0.9722623248962211,0.9744888969745801,0.769079299706203,0.20540959726837704
hea_ring,d4,4,LATE,12,11000,0.5,1788,0.0002837407781594488,2.7240705521790187e-05,0.000310981483681239,-0.824808183436977,0.824808183436977,1,0.000310981483681239,0.000310966025083274,0.9124245929582981,0.9124040917184886,2.0501239809567195e-05
hea_ring,d4,4,LATE,12,11000,0.5,1788,0.0002837407781594488,2.7240705521790187e-05,0.000310981483681239,-0.824808183436977,0.824808183436977,4,0.001243925934724956,0.0012431913563061478,0.9124553406676982,0.9124040917184886,5.1248949209603545e-05
hea_ring,d4,4,LATE,12,11000,0.5,1788,0.0002837407781594488,2.7240705521790187e-05,0.000310981483681239,-0.824808183436977,0.824808183436977,16,0.004975703738899824,0.004962022841062161,0.9125782816199858,0.9124040917184886,0.00017418990149720148
hea_ring,d4,4,LATE,12,11000,0.5,1788,0.0002837407781594488,2.7240705521790187e-05,0.000310981483681239,-0.824808183436977,0.824808183436977,64,0.019902814955599295,0.019677565537564015,0.9130692424523043,0.9124040917184886,0.0006651507338156781
hea_ring,d4,4,LATE,12,11000,0.5,1788,0.0002837407781594488,2.7240705521790187e-05,0.000310981483681239,-0.824808183436977,0.824808183436977,256,0.07961125982239718,0.07606635403983705,0.9150199360543214,0.9124040917184886,0.00261584433583284
hea_ring,d4,4,LATE,12,11000,0.5,1788,0.0002837407781594488,2.7240705521790187e-05,0.000310981483681239,-0.824808183436977,0.824808183436977,1024,0.3184450392895887,0.26684326552007165,0.9225945122166739,0.9124040917184886,0.010190420498185304
hea_ring,d4,4,LATE,12,11000,0.5,1788,0.0002837407781594488,2.7240705521790187e-05,0.000310981483681239,-0.824808183436977,0.824808183436977,4096,1.273780157158355,0.6827963349479846,0.9484967718511695,0.9124040917184886,0.036092680132680965
hea_ring,d4,4,LATE,12,11000,0.5,1788,0.0002837407781594488,2.7240705521790187e-05,0.000310981483681239,-0.824808183436977,0.824808183436977,16384,5.09512062863342,0.9728437727501555,0.9917150253155016,0.9124040917184886,0.07931093359701302
hea_ring,d4,4,LATE,12,11000,0.5,1788,0.0002837407781594488,2.7240705521790187e-05,0.000310981483681239,-0.824808183436977,0.824808183436977,65536,20.38048251453368,0.9999831006063788,0.9999932138663992,0.9124040917184886,0.08758912214791059
hea_ring,d4,4,LATE,12,11000,0.75,41,0.0002060995722300685,0.0004147683309514519,0.0006208679031815204,0.3360920376977126,0.3360920376977126,1,0.0006208679031815204,0.0006206969360303527,0.6680923060905678,0.6680460188488563,4.628724171151788e-05
hea_ring,d4,4,LATE,12,11000,0.75,41,0.0002060995722300685,0.0004147683309514519,0.0006208679031815204,0.3360920376977126,0.3360920376977126,4,0.002483471612726082,0.0024794532184746186,0.668161748805127,0.6680460188488563,0.00011572995627073812
hea_ring,d4,4,LATE,12,11000,0.75,41,0.0002060995722300685,0.0004147683309514519,0.0006208679031815204,0.3360920376977126,0.3360920376977126,16,0.009933886450904327,0.009864726909245669,0.6684396607070219,0.6680460188488563,0.00039364185816559427
hea_ring,d4,4,LATE,12,11000,0.75,41,0.0002060995722300685,0.0004147683309514519,0.0006208679031815204,0.3360920376977126,0.3360920376977126,64,0.03973554580361731,0.03862630519473487,0.6695534951218387,0.6680460188488563,0.001507476272982422
hea_ring,d4,4,LATE,12,11000,0.75,41,0.0002060995722300685,0.0004147683309514519,0.0006208679031815204,0.3360920376977126,0.3360920376977126,256,0.15894218321446923,0.1421892829448574,0.6740393786379184,0.6680460188488563,0.005993359789062125
hea_ring,d4,4,LATE,12,11000,0.75,41,0.0002060995722300685,0.0004147683309514519,0.0006208679031815204,0.3360920376977126,0.3360920376977126,1024,0.6357687328578769,0.42196745297147187,0.6922015314690124,0.6680460188488563,0.02415551262015614
hea_ring,d4,4,LATE,12,11000,0.75,41,0.0002060995722300685,0.0004147683309514519,0.0006208679031815204,0.3360920376977126,0.3360920376977126,4096,2.5430749314315078,0.761132492766526,0.757476803890777,0.6680460188488563,0.0894307850419207
hea_ring,d4,4,LATE,12,11000,0.75,41,0.0002060995722300685,0.0004147683309514519,0.0006208679031815204,0.3360920376977126,0.3360920376977126,16384,10.172299725726031,0.9276895962694633,0.8864843104674863,0.6680460188488563,0.21843829161863004
hea_ring,d4,4,LATE,12,11000,0.75,41,0.0002060995722300685,0.0004147683309514519,0.0006208679031815204,0.3360920376977126,0.3360920376977126,65536,40.689198902904124,0.9939407952340352,0.9879171881734435,0.6680460188488563,0.31987116932458726
hea_ring,d4,4,LATE,12,11000,0.9,3992,0.0008158618272906714,0.00024034335851178716,0.0010562051858024587,-0.5448926747520467,0.5448926747520467,1,0.0010562051858024587,0.0010558130118591533,0.7725475355553105,0.7724463373760233,0.00010119817928722075
hea_ring,d4,4,LATE,12,11000,0.9,3992,0.0008158618272906714,0.00024034335851178716,0.0010562051858024587,-0.5448926747520467,0.5448926747520467,4,0.004224820743209835,0.00421422270915699,0.7726993399611771,0.7724463373760233,0.00025300258515381646
hea_ring,d4,4,LATE,12,11000,0.9,3992,0.0008158618272906714,0.00024034335851178716,0.0010562051858024587,-0.5448926747520467,0.5448926747520467,16,0.01689928297283934,0.016713574647671557,0.7733066359205426,0.7724463373760233,0.0008602985445193001
hea_ring,d4,4,LATE,12,11000,0.9,3992,0.0008158618272906714,0.00024034335851178716,0.0010562051858024587,-0.5448926747520467,0.5448926747520467,64,0.06759713189135735,0.06463311633171011,0.7757366426170597,0.7724463373760233,0.003290305241036351
hea_ring,d4,4,LATE,12,11000,0.9,3992,0.0008158618272906714,0.00024034335851178716,0.0010562051858024587,-0.5448926747520467,0.5448926747520467,256,0.2703885275654294,0.22714071676849074,0.7854430781779916,0.7724463373760233,0.012996740801968332
hea_ring,d4,4,LATE,12,11000,0.9,3992,0.0008158618272906714,0.00024034335851178716,0.0010562051858024587,-0.5448926747520467,0.5448926747520467,1024,1.0815541102617177,0.5876275464126655,0.8226150876445409,0.7724463373760233,0.05016875026851764
hea_ring,d4,4,LATE,12,11000,0.9,3992,0.0008158618272906714,0.00024034335851178716,0.0010562051858024587,-0.5448926747520467,0.5448926747520467,4096,4.326216441046871,0.891420173920614,0.9185126579276917,0.7724463373760233,0.14606632055166835
hea_ring,d4,4,LATE,12,11000,0.9,3992,0.0008158618272906714,0.00024034335851178716,0.0010562051858024587,-0.5448926747520467,0.5448926747520467,16384,17.304865764187483,0.9935481209092704,0.9936739603210096,0.7724463373760233,0.22122762294498632
hea_ring,d4,4,LATE,12,11000,0.9,3992,0.0008158618272906714,0.00024034335851178716,0.0010562051858024587,-0.5448926747520467,0.5448926747520467,65536,69.21946305674993,0.9999992710167552,0.9999991842604227,0.7724463373760233,0.22755284688439936
hea_ring,dn,12,EARLY,12,11000,0.1,1198,0.00011305281521044018,1.580612579988674e-05,0.00012885894101032693,-0.7546755285126855,0.7546755285126855,1,0.00012885894101032693,0.0001288553671562884,0.8773482298669137,0.8773377642563427,1.0465610571053219e-05
hea_ring,dn,12,EARLY,12,11000,0.1,1198,0.00011305281521044018,1.580612579988674e-05,0.00012885894101032693,-0.7546755285126855,0.7546755285126855,4,0.0005154357640413077,0.0005153004201128195,0.8773639276852668,0.8773377642563427,2.6163428924141918e-05
hea_ring,dn,12,EARLY,12,11000,0.1,1198,0.00011305281521044018,1.580612579988674e-05,0.00012885894101032693,-0.7546755285126855,0.7546755285126855,16,0.002061743056165231,0.0020592665930810944,0.8774267117797933,0.8773377642563427,8.894752345056656e-05
hea_ring,dn,12,EARLY,12,11000,0.1,1198,0.00011305281521044018,1.580612579988674e-05,0.00012885894101032693,-0.7546755285126855,0.7546755285126855,64,0.008246972224660924,0.008206212745344535,0.8776777327724089,0.8773377642563427,0.0003399685160662136
hea_ring,dn,12,EARLY,12,11000,0.1,1198,0.00011305281521044018,1.580612579988674e-05,0.00012885894101032693,-0.7546755285126855,0.7546755285126855,256,0.032987888898643694,0.03233801068430386,0.8786799372886044,0.8773377642563427,0.0013421730322616954
hea_ring,dn,12,EARLY,12,11000,0.1,1198,0.00011305281521044018,1.580612579988674e-05,0.00012885894101032693,-0.7546755285126855,0.7546755285126855,1024,0.13195155559457478,0.12197932387459429,0.8826566076249128,0.8773377642563427,0.005318843368570136
hea_ring,dn,12,EARLY,12,11000,0.1,1198,0.00011305281521044018,1.580612579988674e-05,0.00012885894101032693,-0.7546755285126855,0.7546755285126855,4096,0.5278062223782991,0.39229839467850924,0.8979306929189994,0.8773377642563427,0.020592928662656718
hea_ring,dn,12,EARLY,12,11000,0.1,1198,0.00011305281521044018,1.580612579988674e-05,0.00012885894101032693,-0.7546755285126855,0.7546755285126855,16384,2.1112248895131964,0.8134904618091647,0.945086149454607,0.8773377642563427,0.06774838519826432
hea_ring,dn,12,EARLY,12,11000,0.1,1198,0.00011305281521044018,1.580612579988674e-05,0.00012885894101032693,-0.7546755285126855,0.7546755285126855,65536,8.444899558052786,0.9904786933911502,0.9955838564744275,0.8773377642563427,0.1182460922180848
hea_ring,dn,12,EARLY,12,11000,0.25,2798,5.520113315915685e-05,0.00017437170011482347,0.00022957283327398032,0.5190969909468524,0.5190969909468524,1,0.00022957283327398032,0.00022955358224310593,0.7595702619649396,0.7595484954734262,2.1766491513419695e-05
hea_ring,dn,12,EARLY,12,11000,0.25,2798,5.520113315915685e-05,0.00017437170011482347,0.00022957283327398032,0.5190969909468524,0.5190969909468524,4,0.0009182913330959213,0.0009177827816137128,0.759602912299007,0.7595484954734262,5.44168255808275e-05
hea_ring,dn,12,EARLY,12,11000,0.25,2798,5.520113315915685e-05,0.00017437170011482347,0.00022957283327398032,0.5190969909468524,0.5190969909468524,16,0.003673165332383685,0.0036642385201044363,0.759733520721838,0.7595484954734262,0.00018502524841179646
hea_ring,dn,12,EARLY,12,11000,0.25,2798,5.520113315915685e-05,0.00017437170011482347,0.00022957283327398032,0.5190969909468524,0.5190969909468524,64,0.01469266132953474,0.014547445537149964,0.7602560633558072,0.7595484954734262,0.0007075678823810216
hea_ring,dn,12,EARLY,12,11000,0.25,2798,5.520113315915685e-05,0.00017437170011482347,0.00022957283327398032,0.5190969909468524,0.5190969909468524,256,0.05877064531813896,0.05648599005512074,0.762347694054856,0.7595484954734262,0.0027991985814298515
hea_ring,dn,12,EARLY,12,11000,0.25,2798,5.520113315915685e-05,0.00017437170011482347,0.00022957283327398032,0.5190969909468524,0.5190969909468524,1024,0.23508258127255585,0.20150751586742788,0.7707198809157563,0.7595484954734262,0.011171385442330095
hea_ring,dn,12,EARLY,12,11000,0.25,2798,5.520113315915685e-05,0.00017437170011482347,0.00022957283327398032,0.5190969909468524,0.5190969909468524,4096,0.9403303250902234,0.543864578699703,0.8033117256997628,0.7595484954734262,0.04376323022633666
hea_ring,dn,12,EARLY,12,11000,0.25,2798,5.520113315915685e-05,0.00017437170011482347,0.00022957283327398032,0.5190969909468524,0.5190969909468524,16384,3.7613213003608936,0.8647197389176212,0.8957320663081388,0.7595484954734262,0.13618357083471266
hea_ring,dn,12,EARLY,12,11000,0.25,2798,5.520113315915685e-05,0.00017437170011482347,0.00022957283327398032,0.5190969909468524,0.5190969909468524,65536,15.045285201443575,0.9873728800619708,0.9869782655925603,0.7595484954734262,0.22742977011913412
hea_ring,dn,12,EARLY,12,11000,0.5,632,0.00011776991622505705,0.00028289459768209225,0.00040066451390714927,0.4121270432631863,0.4121270432631863,1,0.00040066451390714927,0.0004005978809610102,0.7060977969490391,0.7060635216315931,3.427531744593093e-05
hea_ring,dn,12,EARLY,12,11000,0.5,632,0.00011776991622505705,0.00028289459768209225,0.00040066451390714927,0.4121270432631863,0.4121270432631863,4,0.001602658055628597,0.0016010295916062285,0.7061492141274047,0.7060635216315931,8.569249581158456e-05
hea_ring,dn,12,EARLY,12,11000,0.5,632,0.00011776991622505705,0.00028289459768209225,0.00040066451390714927,0.4121270432631863,0.4121270432631863,16,0.006410632222514388,0.006382396557638401,0.7063549329018407,0.7060635216315931,0.00029141127024756575
hea_ring,dn,12,EARLY,12,11000,0.5,632,0.00011776991622505705,0.00028289459768209225,0.00040066451390714927,0.4121270432631863,0.4121270432631863,64,0.025642528890057553,0.0251864139075535,0.7071785873374552,0.7060635216315931,0.0011150657058620617
hea_ring,dn,12,EARLY,12,11000,0.5,632,0.00011776991622505705,0.00028289459768209225,0.00040066451390714927,0.4121270432631863,0.4121270432631863,256,0.10257011556023021,0.09552357097854203,0.7104842974978043,0.7060635216315931,0.004420775866211146
hea_ring,dn,12,EARLY,12,11000,0.5,632,0.00011776991622505705,0.00028289459768209225,0.00040066451390714927,0.4121270432631863,0.4121270432631863,1024,0.41028046224092085,0.31317858539536414,0.7237993368950839,0.7060635216315931,0.017735815263490773
hea_ring,dn,12,EARLY,12,11000,0.5,632,0.00011776991622505705,0.00028289459768209225,0.00040066451390714927,0.4121270432631863,0.4121270432631863,4096,1.6411218489636834,0.6818377201148095,0.7743244858558622,0.7060635216315931,0.06826096422426908
hea_ring,dn,12,EARLY,12,11000,0.5,632,0.00011776991622505705,0.00028289459768209225,0.00040066451390714927,0.4121270432631863,0.4121270432631863,16384,6.564487395854734,0.9068569866387639,0.8913034968550931,0.7060635216315931,0.1852399752235
hea_ring,dn,12,EARLY,12,11000,0.5,632,0.00011776991622505705,0.00028289459768209225,0.00040066451390714927,0.4121270432631863,0.4121270432631863,65536,26.257949583418934,0.9920539150167779,0.9880808309612429,0.7060635216315931,0.28201730932964975
hea_ring,dn,12,EARLY,12,11000,0.75,2968,7.247770565320768e-05,0.0005839989286502258,0.0006564766343034335,0.7791918192789559,0.7791918192789559,1,0.0006564766343034335,0.0006563919804985284,0.889646155189555,0.8895959096394779,5.024555007715481e-05
hea_ring,dn,12,EARLY,12,11000,0.75,2968,7.247770565320768e-05,0.0005839989286502258,0.0006564766343034335,0.7791918192789559,0.7791918192789559,4,0.002625906537213734,0.0026224770271575273,0.8897215065509444,0.8895959096394779,0.00012559691146651897
hea_ring,dn,12,EARLY,12,11000,0.75,2968,7.247770565320768e-05,0.0005839989286502258,0.0006564766343034335,0.7791918192789559,0.7791918192789559,16,0.010503626148854936,0.010440668755737702,0.8900227073977376,0.8895959096394779,0.00042679775825971156
hea_ring,dn,12,EARLY,12,11000,0.75,2968,7.247770565320768e-05,0.0005839989286502258,0.0006564766343034335,0.7791918192789559,0.7791918192789559,64,0.04201450459541974,0.040988405128306295,0.8912241764242399,0.8895959096394779,0.0016282667847620225
hea_ring,dn,12,EARLY,12,11000,0.75,2968,7.247770565320768e-05,0.0005839989286502258,0.0006564766343034335,0.7791918192789559,0.7791918192789559,256,0.16805801838167897,0.15238482025383618,0.8959729493878574,0.8895959096394779,0.006377039748379554
hea_ring,dn,12,EARLY,12,11000,0.75,2968,7.247770565320768e-05,0.0005839989286502258,0.0006564766343034335,0.7791918192789559,0.7791918192789559,1024,0.6722320735267159,0.46659903173993716,0.913851054490434,0.8895959096394779,0.024255144850956145
hea_ring,dn,12,EARLY,12,11000,0.75,2968,7.247770565320768e-05,0.0005839989286502258,0.0006564766343034335,0.7791918192789559,0.7791918192789559,4096,2.6889282941068635,0.8745666115071121,0.9629912989049508,0.8895959096394779,0.07339538926547295
hea_ring,dn,12,EARLY,12,11000,0.75,2968,7.247770565320768e-05,0.0005839989286502258,0.0006564766343034335,0.7791918192789559,0.7791918192789559,16384,10.755713176427454,0.9971725027195485,0.9987470370635811,0.8895959096394779,0.10915112742410327
hea_ring,dn,12,EARLY,12,11000,0.75,2968,7.247770565320768e-05,0.0005839989286502258,0.0006564766343034335,0.7791918192789559,0.7791918192789559,65536,43.022852705709816,0.9999999918356666,0.9999999958070331,0.8895959096394779,0.11040408616755526
hea_ring,dn,12,EARLY,12,11000,0.9,655,0.00012477739768596257,0.0008046530137141677,0.0009294304114001303,0.7314970628129264,0.7314970628129264,1,0.0009294304114001303,0.0009292296063819473,0.86582756907379,0.8657485314064632,7.903766732675344e-05
hea_ring,dn,12,EARLY,12,11000,0.9,655,0.00012477739768596257,0.0008046530137141677,0.0009294304114001303,0.7314970628129264,0.7314970628129264,4,0.003717721645600521,0.003710539353775484,0.86594609768821,0.8657485314064632,0.00019756628174671942
hea_ring,dn,12,EARLY,12,11000,0.9,655,0.00012477739768596257,0.0008046530137141677,0.0009294304114001303,0.7314970628129264,0.7314970628129264,16,0.014870886582402085,0.014740742535025119,0.8664198738680016,0.8657485314064632,0.0006713424615383268
hea_ring,dn,12,EARLY,12,11000,0.9,655,0.00012477739768596257,0.0008046530137141677,0.0009294304114001303,0.7314970628129264,0.7314970628129264,64,0.05948354632960834,0.0573810748474914,0.8683093526497956,0.8657485314064632,0.002560821243332345
hea_ring,dn,12,EARLY,12,11000,0.9,655,0.00012477739768596257,0.0008046530137141677,0.0009294304114001303,0.7314970628129264,0.7314970628129264,256,0.23793418531843336,0.2066127933828281,0.8757641869566495,0.8657485314064632,0.010015655550186242
hea_ring,dn,12,EARLY,12,11000,0.9,655,0.00012477739768596257,0.0008046530137141677,0.0009294304114001303,0.7314970628129264,0.7314970628129264,1024,0.9517367412737334,0.5723099956079082,0.9032658176801549,0.8657485314064632,0.03751728627369166
hea_ring,dn,12,EARLY,12,11000,0.9,655,0.00012477739768596257,0.0008046530137141677,0.0009294304114001303,0.7314970628129264,0.7314970628129264,4096,3.8069469650949337,0.9213671414563183,0.9677242344413792,0.8657485314064632,0.10197570303491599
hea_ring,dn,12,EARLY,12,11000,0.9,655,0.00012477739768596257,0.0008046530137141677,0.0009294304114001303,0.7314970628129264,0.7314970628129264,16384,15.227787860379735,0.9990154519835381,0.9994541266373432,0.8657485314064632,0.13370559523088
hea_ring,dn,12,EARLY,12,11000,0.9,655,0.00012477739768596257,0.0008046530137141677,0.0009294304114001303,0.7314970628129264,0.7314970628129264,65536,60.91115144151894,0.9999999997640129,0.9999999998533431,0.8657485314064632,0.13425146844687985
hea_ring,dn,12,MIDDLE,12,11000,0.1,3833,6.93923748394167e-05,6.138669841714217e-05,0.00013077907325655886,-0.06121527108981122,0.06121527108981122,1,0.00013077907325655886,0.00013077055371898537,0.5306096295939758,0.5306076355449056,1.994049070197512e-06
hea_ring,dn,12,MIDDLE,12,11000,0.1,3833,6.93923748394167e-05,6.138669841714217e-05,0.00013077907325655886,-0.06121527108981122,0.06121527108981122,4,0.0005231162930262354,0.0005229285210204553,0.5306126208286986,0.5306076355449056,4.985283793002004e-06
hea_ring,dn,12,MIDDLE,12,11000,0.1,3833,6.93923748394167e-05,6.138669841714217e-05,0.00013077907325655886,-0.06121527108981122,0.06121527108981122,16,0.002092465172104942,0.0020892576576242152,0.5306245876988233,0.5306076355449056,1.6952153917615398e-05
hea_ring,dn,12,MIDDLE,12,11000,0.1,3833,6.93923748394167e-05,6.138669841714217e-05,0.00013077907325655886,-0.06121527108981122,0.06121527108981122,64,0.008369860688419767,0.008317898407024175,0.5306724859498623,0.5306076355449056,6.485040495662897e-05
hea_ring,dn,12,MIDDLE,12,11000,0.1,3833,6.93923748394167e-05,6.138669841714217e-05,0.00013077907325655886,-0.06121527108981122,0.06121527108981122,256,0.03347944275367907,0.03265624090312134,0.5308645630141078,0.5306076355449056,0.0002569274692021395
hea_ring,dn,12,MIDDLE,12,11000,0.1,3833,6.93923748394167e-05,6.138669841714217e-05,0.00013077907325655886,-0.06121527108981122,0.06121527108981122,1024,0.13391777101471627,0.1214301636020277,0.5316400874682229,0.5306076355449056,0.0010324519233172458
hea_ring,dn,12,MIDDLE,12,11000,0.1,3833,6.93923748394167e-05,6.138669841714217e-05,0.00013077907325655886,-0.06121527108981122,0.06121527108981122,4096,0.5356710840588651,0.3721480790781967,0.5348245602067231,0.5306076355449056,0.004216924661817445
hea_ring,dn,12,MIDDLE,12,11000,0.1,3833,6.93923748394167e-05,6.138669841714217e-05,0.00013077907325655886,-0.06121527108981122,0.06121527108981122,16384,2.1426843362354604,0.7048896824219053,0.5473217930776149,0.5306076355449056,0.016714157532709217
hea_ring,dn,12,MIDDLE,12,11000,0.1,3833,6.93923748394167e-05,6.138669841714217e-05,0.00013077907325655886,-0.06121527108981122,0.06121527108981122,65536,8.570737344941842,0.8636633718519857,0.581162758447352,0.5306076355449056,0.05055512290244635
hea_ring,dn,12,MIDDLE,12,11000,0.25,1971,2.7619318368883266e-05,0.00020627100858155263,0.0002338903269504359,0.7638267582161605,0.7638267582161605,1,0.0002338903269504359,0.00023387893282112338,0.8819319851893346,0.8819133791080802,1.860608125436869e-05
hea_ring,dn,12,MIDDLE,12,11000,0.25,1971,2.7619318368883266e-05,0.00020627100858155263,0.0002338903269504359,0.7638267582161605,0.7638267582161605,4,0.0009355613078017436,0.0009351192695026475,0.881959892269104,0.8819133791080802,4.651316102377567e-05
hea_ring,dn,12,MIDDLE,12,11000,0.25,1971,2.7619318368883266e-05,0.00020627100858155263,0.0002338903269504359,0.7638267582161605,0.7638267582161605,16,0.0037422452312069745,0.003734143654180693,0.8820714960321835,0.8819133791080802,0.00015811692410327982
hea_ring,dn,12,MIDDLE,12,11000,0.25,1971,2.7619318368883266e-05,0.00020627100858155263,0.0002338903269504359,0.7638267582161605,0.7638267582161605,64,0.014968980924827898,0.014835874241447921,0.8825175151940547,0.8819133791080802,0.0006041360859745382
hea_ring,dn,12,MIDDLE,12,11000,0.25,1971,2.7619318368883266e-05,0.00020627100858155263,0.0002338903269504359,0.7638267582161605,0.7638267582161605,256,0.05987592369931159,0.05777205435169774,0.8842950681692604,0.8819133791080802,0.002381689061180192
hea_ring,dn,12,MIDDLE,12,11000,0.25,1971,2.7619318368883266e-05,0.00020627100858155263,0.0002338903269504359,0.7638267582161605,0.7638267582161605,1024,0.23950369479724637,0.2082895833048622,0.8912893657000883,0.8819133791080802,0.009375986592008112
hea_ring,dn,12,MIDDLE,12,11000,0.25,1971,2.7619318368883266e-05,0.00020627100858155263,0.0002338903269504359,0.7638267582161605,0.7638267582161605,4096,0.9580147791889855,0.5788194792853639,0.9168343714677698,0.8819133791080802,0.034920992359689595
hea_ring,dn,12,MIDDLE,12,11000,0.25,1971,2.7619318368883266e-05,0.00020627100858155263,0.0002338903269504359,0.7638267582161605,0.7638267582161605,16384,3.832059116755942,0.9301763582835365,0.9746327252286139,0.8819133791080802,0.09271934612053367
hea_ring,dn,12,MIDDLE,12,11000,0.25,1971,2.7619318368883266e-05,0.00020627100858155263,0.0002338903269504359,0.7638267582161605,0.7638267582161605,65536,15.328236467023768,0.9994397886817211,0.9997222599169984,0.8819133791080802,0.11780888080891816
hea_ring,dn,12,MIDDLE,12,11000,0.5,2545,0.00018072997374358175,0.00023041239118755415,0.0004111423649311359,0.12083993692134824,0.12083993692134824,1,0.0004111423649311359,0.0004110590800803169,0.5604322101755608,0.5604199684606741,1.2241714886673805e-05
hea_ring,dn,12,MIDDLE,12,11000,0.5,2545,0.00018072997374358175,0.00023041239118755415,0.0004111423649311359,0.12083993692134824,0.12083993692134824,4,0.0016445694597245436,0.0016427236875968224,0.5604505757534474,0.5604199684606741,3.0607292773265904e-05
hea_ring,dn,12,MIDDLE,12,11000,0.5,2545,0.00018072997374358175,0.00023041239118755415,0.0004111423649311359,0.12083993692134824,0.12083993692134824,16,0.0065782778388981744,0.006546775022399987,0.560524073998785,0.5604199684606741,0.00010410553811091017
hea_ring,dn,12,MIDDLE,12,11000,0.5,2545,0.00018072997374358175,0.00023041239118755415,0.0004111423649311359,0.12083993692134824,0.12083993692134824,64,0.026313111355592698,0.02580639873479278,0.560818634040532,0.5604199684606741,0.0003986655798579042
hea_ring,dn,12,MIDDLE,12,11000,0.5,2545,0.00018072997374358175,0.00023041239118755415,0.0004111423649311359,0.12083993692134824,0.12083993692134824,256,0.10525244542237079,0.0974535290506717,0.5620054431926563,0.5604199684606741,0.0015854747319822282
hea_ring,dn,12,MIDDLE,12,11000,0.5,2545,0.00018072997374358175,0.00023041239118755415,0.0004111423649311359,0.12083993692134824,0.12083993692134824,1024,0.42100978168948316,0.3146594354890221,0.5668580073601263,0.5604199684606741,0.006438038899452159
hea_ring,dn,12,MIDDLE,12,11000,0.5,2545,0.00018072997374358175,0.00023041239118755415,0.0004111423649311359,0.12083993692134824,0.12083993692134824,4096,1.6840391267579327,0.6602043625145281,0.586301107874862,0.5604199684606741,0.025881139414187904
hea_ring,dn,12,MIDDLE,12,11000,0.5,2545,0.00018072997374358175,0.00023041239118755415,0.0004111423649311359,0.12083993692134824,0.12083993692134824,16384,6.736156507031731,0.850118357964327,0.6423708787623861,0.5604199684606741,0.08195091030171198
hea_ring,dn,12,MIDDLE,12,11000,0.5,2545,0.00018072997374358175,0.00023041239118755415,0.0004111423649311359,0.12083993692134824,0.12083993692134824,65536,26.944626028126923,0.9363771663049707,0.7500981220053045,0.5604199684606741,0.18967815354463036
hea_ring,dn,12,MIDDLE,12,11000,0.75,3768,0.00010772918239577092,0.0005351677780783509,0.0006428969604741218,0.6648633015271278,0.6648633015271278,1,0.0006428969604741218,0.0006427816540997682,0.8324912845258619,0.8324316507635638,5.963376229800588e-05
hea_ring,dn,12,MIDDLE,12,11000,0.75,3768,0.00010772918239577092,0.0005351677780783509,0.0006428969604741218,0.6648633015271278,0.6648633015271278,4,0.002571587841896487,0.0025679581640264174,0.8325807273186516,0.8324316507635638,0.00014907655508777928
hea_ring,dn,12,MIDDLE,12,11000,0.75,3768,0.00010772918239577092,0.0005351677780783509,0.0006428969604741218,0.6648633015271278,0.6648633015271278,16,0.010286351367585949,0.010221370699479544,0.8329384028256328,0.8324316507635638,0.0005067520620689603
hea_ring,dn,12,MIDDLE,12,11000,0.75,3768,0.00010772918239577092,0.0005351677780783509,0.0006428969604741218,0.6648633015271278,0.6648633015271278,64,0.041145405470343795,0.04009279449614256,0.8343674883818425,0.8324316507635638,0.0019358376182786463
hea_ring,dn,12,MIDDLE,12,11000,0.75,3768,0.00010772918239577092,0.0005351677780783509,0.0006428969604741218,0.6648633015271278,0.6648633015271278,256,0.16458162188137518,0.1485739130954053,0.8400526058152173,0.8324316507635638,0.0076209550516535
hea_ring,dn,12,MIDDLE,12,11000,0.75,3768,0.00010772918239577092,0.0005351677780783509,0.0006428969604741218,0.6648633015271278,0.6648633015271278,1024,0.6583264875255007,0.4505729048688125,0.8619891627190831,0.8324316507635638,0.029557511955519256
hea_ring,dn,12,MIDDLE,12,11000,0.75,3768,0.00010772918239577092,0.0005351677780783509,0.0006428969604741218,0.6648633015271278,0.6648633015271278,4096,2.633305950102003,0.8399869593517,0.9277615400286419,0.8324316507635638,0.09532988926507802
hea_ring,dn,12,MIDDLE,12,11000,0.75,3768,0.00010772918239577092,0.0005351677780783509,0.0006428969604741218,0.6648633015271278,0.6648633015271278,16384,10.533223800408011,0.9899415518353163,0.9934941771288129,0.8324316507635638,0.1610625263652491
hea_ring,dn,12,MIDDLE,12,11000,0.75,3768,0.00010772918239577092,0.0005351677780783509,0.0006428969604741218,0.6648633015271278,0.6648633015271278,65536,42.132895201632046,0.9999983320184112,0.9999987346723913,0.8324316507635638,0.16756708390882746
hea_ring,dn,12,MIDDLE,12,11000,0.9,2229,0.0002739421347033542,0.000646286610215578,0.0009202287449189322,0.4046216525707698,0.4046216525707698,1,0.0009202287449189322,0.0009198746546516673,0.7023887024331706,0.7023108262853849,7.787614778576035e-05
hea_ring,dn,12,MIDDLE,12,11000,0.9,2229,0.0002739421347033542,0.000646286610215578,0.0009202287449189322,0.4046216525707698,0.4046216525707698,4,0.003680914979675729,0.00367230603121665,0.7025055393576303,0.7023108262853849,0.00019471307224538936
hea_ring,dn,12,MIDDLE,12,11000,0.9,2229,0.0002739421347033542,0.000646286610215578,0.0009202287449189322,0.4046216525707698,0.4046216525707698,16,0.014723659918702916,0.01457498010644212,0.7029731551093201,0.7023108262853849,0.0006623288239352432
hea_ring,dn,12,MIDDLE,12,11000,0.9,2229,0.0002739421347033542,0.000646286610215578,0.0009202287449189322,0.4046216525707698,0.4046216525707698,64,0.058894639674811664,0.05652433269577245,0.7048476480700783,0.7023108262853849,0.0025368217846933883
hea_ring,dn,12,MIDDLE,12,11000,0.9,2229,0.0002739421347033542,0.000646286610215578,0.0009202287449189322,0.4046216525707698,0.4046216525707698,256,0.23557855869924665,0.20073437721567114,0.7123937785637798,0.7023108262853849,0.010082952278394952
hea_ring,dn,12,MIDDLE,12,11000,0.9,2229,0.0002739421347033542,0.000646286610215578,0.0009202287449189322,0.4046216525707698,0.4046216525707698,1024,0.9423142347969866,0.534548039035792,0.7424127939907845,0.7023108262853849,0.040101967705399644
hea_ring,dn,12,MIDDLE,12,11000,0.9,2229,0.0002739421347033542,0.000646286610215578,0.0009202287449189322,0.4046216525707698,0.4046216525707698,4096,3.7692569391879465,0.8372183093413091,0.8346076229013719,0.7023108262853849,0.13229679661598703
hea_ring,dn,12,MIDDLE,12,11000,0.9,2229,0.0002739421347033542,0.000646286610215578,0.0009202287449189322,0.4046216525707698,0.4046216525707698,16384,15.077027756751786,0.9701374865038032,0.9579565690573406,0.7023108262853849,0.25564574277195573
hea_ring,dn,12,MIDDLE,12,11000,0.9,2229,0.0002739421347033542,0.000646286610215578,0.0009202287449189322,0.4046216525707698,0.4046216525707698,65536,60.30811102700714,0.9996906918477433,0.999479736071953,0.7023108262853849,0.29716890978656807
hea_ring,dn,12,LATE,12,11000,0.1,3263,9.608075211725982e-06,0.0001191485372557132,0.00012875661246743918,0.850756011243217,0.850756011243217,1,0.00012875661246743918,0.00012875432289122455,0.9253855699141467,0.9253780056216085,7.5642925381202986e-06
hea_ring,dn,12,LATE,12,11000,0.1,3263,9.608075211725982e-06,0.0001191485372557132,0.00012875661246743918,0.850756011243217,0.850756011243217,4,0.0005150264498697567,0.0005149041018967422,0.9253969156397716,0.9253780056216085,1.8910018163009745e-05
hea_ring,dn,12,LATE,12,11000,0.1,3263,9.608075211725982e-06,0.0001191485372557132,0.00012875661246743918,0.850756011243217,0.850756011243217,16,0.002060105799479027,0.0020578068209599412,0.925442289979477,0.9253780056216085,6.428435786842712e-05
hea_ring,dn,12,LATE,12,11000,0.1,3263,9.608075211725982e-06,0.0001191485372557132,0.00012875661246743918,0.850756011243217,0.850756011243217,64,0.008240423197916107,0.008202366327571372,0.9256236500612748,0.9253780056216085,0.00024564443966623717
hea_ring,dn,12,LATE,12,11000,0.1,3263,9.608075211725982e-06,0.0001191485372557132,0.00012875661246743918,0.850756011243217,0.850756011243217,256,0.03296169279166443,0.032353543021230814,0.9263468766769811,0.9253780056216085,0.0009688710553725777
hea_ring,dn,12,LATE,12,11000,0.1,3263,9.608075211725982e-06,0.0001191485372557132,0.00012875661246743918,0.850756011243217,0.850756011243217,1024,0.13184677116665772,0.1224785649061268,0.9292032965897279,0.9253780056216085,0.0038252909681193437
hea_ring,dn,12,LATE,12,11000,0.1,3263,9.608075211725982e-06,0.0001191485372557132,0.00012875661246743918,0.850756011243217,0.850756011243217,4096,0.5273870846666309,0.39848212647039155,0.9399869585747092,0.9253780056216085,0.014608952953100607
hea_ring,dn,12,LATE,12,11000,0.1,3263,9.608075211725982e-06,0.0001191485372557132,0.00012875661246743918,0.850756011243217,0.850756011243217,16384,2.1095483386665235,0.8384842893308538,0.9714597421905934,0.9253780056216085,0.046081736568984843
hea_ring,dn,12,LATE,12,11000,0.1,3263,9.608075211725982e-06,0.0001191485372557132,0.00012875661246743918,0.850756011243217,0.850756011243217,65536,8.438193354666094,0.9964281804011452,0.998900007559386,0.9253780056216085,0.07352200193777747
hea_ring,dn,12,LATE,12,11000,0.25,1808,9.393293256563673e-05,0.00013781593986662112,0.00023174887243225783,0.189355861111306,0.189355861111306,1,0.00023174887243225783,0.00023172298152148585,0.594688509125961,0.594677930555653,1.0578570308061863e-05
hea_ring,dn,12,LATE,12,11000,0.25,1808,9.393293256563673e-05,0.00013781593986662112,0.00023174887243225783,0.189355861111306,0.189355861111306,4,0.0009269954897290313,0.0009264145651147258,0.5947043783481807,0.594677930555653,2.6447792527695135e-05
hea_ring,dn,12,LATE,12,11000,0.25,1808,9.393293256563673e-05,0.00013781593986662112,0.00023174887243225783,0.189355861111306,0.189355861111306,16,0.0037079819589161253,0.0036980350726325485,0.594767871601332,0.594677930555653,8.994104567905392e-05
hea_ring,dn,12,LATE,12,11000,0.25,1808,9.393293256563673e-05,0.00013781593986662112,0.00023174887243225783,0.189355861111306,0.189355861111306,64,0.014831927835664501,0.014671097019225407,0.5950221042600519,0.594677930555653,0.00034417370439887573
hea_ring,dn,12,LATE,12,11000,0.25,1808,9.393293256563673e-05,0.00013781593986662112,0.00023174887243225783,0.189355861111306,0.189355861111306,256,0.059327711342658004,0.056805596700786304,0.5960430496424891,0.594677930555653,0.0013651190868361196
hea_ring,dn,12,LATE,12,11000,0.25,1808,9.393293256563673e-05,0.00013781593986662112,0.00023174887243225783,0.189355861111306,0.189355861111306,1024,0.23731084537063202,0.20051982851649514,0.6001821873142069,0.594677930555653,0.005504256758553927
hea_ring,dn,12,LATE,12,11000,0.25,1808,9.393293256563673e-05,0.00013781593986662112,0.00023174887243225783,0.189355861111306,0.189355861111306,4096,0.9492433814825281,0.5242388792191319,0.6170991397570932,0.594677930555653,0.022421209201440195
hea_ring,dn,12,LATE,12,11000,0.25,1808,9.393293256563673e-05,0.00013781593986662112,0.00023174887243225783,0.189355861111306,0.189355861111306,16384,3.7969735259301123,0.7991333201902034,0.6747520418199723,0.594677930555653,0.08007411126431929
hea_ring,dn,12,LATE,12,11000,0.25,1808,9.393293256563673e-05,0.00013781593986662112,0.00023174887243225783,0.189355861111306,0.189355861111306,65536,15.18789410372045,0.9208275312823002,0.7919734907168074,0.594677930555653,0.19729556016115446
hea_ring,dn,12,LATE,12,11000,0.5,3192,0.00037401332782588604,2.9872613358078538e-05,0.00040388594118396457,-0.8520740124278208,0.8520740124278208,1,0.00040388594118396457,0.00040386359567289867,0.9260605785654142,0.9260370062139104,2.3572351503853284e-05
hea_ring,dn,12,LATE,12,11000,0.5,3192,0.00037401332782588604,2.9872613358078538e-05,0.00040388594118396457,-0.8520740124278208,0.8520740124278208,4,0.0016155437647358583,0.001614342100641968,0.9260959300779437,0.9260370062139104,5.892386403327787e-05
hea_ring,dn,12,LATE,12,11000,0.5,3192,0.00037401332782588604,2.9872613358078538e-05,0.00040388594118396457,-0.8520740124278208,0.8520740124278208,16,0.006462175058943433,0.006439616410196632,0.9262372518113003,0.9260370062139104,0.00020024559738995862
hea_ring,dn,12,LATE,12,11000,0.5,3192,0.00037401332782588604,2.9872613358078538e-05,0.00040388594118396457,-0.8520740124278208,0.8520740124278208,64,0.025848700235773733,0.025477259454197522,0.9268011814300061,0.9260370062139104,0.0007641752160957305
hea_ring,dn,12,LATE,12,11000,0.5,3192,0.00037401332782588604,2.9872613358078538e-05,0.00040388594118396457,-0.8520740124278208,0.8520740124278208,256,0.10339480094309493,0.09758470274302809,0.9290346695864844,0.9260370062139104,0.002997663372574011
hea_ring,dn,12,LATE,12,11000,0.5,3192,0.00037401332782588604,2.9872613358078538e-05,0.00040388594118396457,-0.8520740124278208,0.8520740124278208,1024,0.4135792037723797,0.3309960489274215,0.9375838540256077,0.9260370062139104,0.011546847811697347
hea_ring,dn,12,LATE,12,11000,0.5,3192,0.00037401332782588604,2.9872613358078538e-05,0.00040388594118396457,-0.8520740124278208,0.8520740124278208,4096,1.6543168150895189,0.77126892974914,0.9646826555503712,0.9260370062139104,0.03864564933646086
hea_ring,dn,12,LATE,12,11000,0.5,3192,0.00037401332782588604,2.9872613358078538e-05,0.00040388594118396457,-0.8520740124278208,0.8520740124278208,16384,6.6172672603580756,0.9904380485250394,0.9972539745879745,0.9260370062139104,0.0712169683740641
hea_ring,dn,12,LATE,12,11000,0.5,3192,0.00037401332782588604,2.9872613358078538e-05,0.00040388594118396457,-0.8520740124278208,0.8520740124278208,65536,26.469069041432302,0.999999641382732,0.999999870386538,0.9260370062139104,0.07396286417262765
hea_ring,dn,12,LATE,12,11000,0.75,3518,0.00037519141091292996,0.00027619590202575283,0.0006513873129386828,-0.15197641544562274,0.15197641544562274,1,0.0006513873129386828,0.0006511800602783438,0.5760123926743567,0.5759882077228113,2.4184951545325184e-05
hea_ring,dn,12,LATE,12,11000,0.75,3518,0.00037519141091292996,0.00027619590202575283,0.0006513873129386828,-0.15197641544562274,0.15197641544562274,4,0.002605549251754731,0.0026009360443810907,0.5760486792538754,0.5759882077228113,6.047153106403247e-05
hea_ring,dn,12,LATE,12,11000,0.75,3518,0.00037519141091292996,0.00027619590202575283,0.0006513873129386828,-0.15197641544562274,0.15197641544562274,16,0.010422197007018925,0.010343522399090173,0.5761939347367163,0.5759882077228113,0.00020572701390497716
hea_ring,dn,12,LATE,12,11000,0.75,3518,0.00037519141091292996,0.00027619590202575283,0.0006513873129386828,-0.15197641544562274,0.15197641544562274,64,0.0416887880280757,0.04043099812691835,0.5767766640777251,0.5759882077228113,0.000788456354913758
hea_ring,dn,12,LATE,12,11000,0.75,3518,0.00037519141091292996,0.00027619590202575283,0.0006513873129386828,-0.15197641544562274,0.15197641544562274,256,0.1667551521123028,0.14785523981886114,0.5791323958395405,0.5759882077228113,0.0031441881167291186
hea_ring,dn,12,LATE,12,11000,0.75,3518,0.00037519141091292996,0.00027619590202575283,0.0006513873129386828,-0.15197641544562274,0.15197641544562274,1024,0.6670206084492112,0.42949113759133684,0.5887982086754661,0.5759882077228113,0.012810000952654721
hea_ring,dn,12,LATE,12,11000,0.75,3518,0.00037519141091292996,0.00027619590202575283,0.0006513873129386828,-0.15197641544562274,0.15197641544562274,4096,2.6680824337968447,0.7462316130957097,0.6250304487405653,0.5759882077228113,0.04904224101775401
hea_ring,dn,12,LATE,12,11000,0.75,3518,0.00037519141091292996,0.00027619590202575283,0.0006513873129386828,-0.15197641544562274,0.15197641544562274,16384,10.672329735187379,0.8901144388374558,0.7119361840399907,0.5759882077228113,0.13594797631717936
hea_ring,dn,12,LATE,12,11000,0.75,3518,0.00037519141091292996,0.00027619590202575283,0.0006513873129386828,-0.15197641544562274,0.15197641544562274,65536,42.689318940749516,0.9624827220534417,0.852902820242965,0.5759882077228113,0.2769146125201537
hea_ring,dn,12,LATE,12,11000,0.9,3015,0.00021938202897336958,0.0007131462984604454,0.0009325283274338149,0.5294898342078731,0.5294898342078731,1,0.0009325283274338149,0.0009322154244699925,0.7648337801146144,0.7647449171039366,8.886301067789759e-05
hea_ring,dn,12,LATE,12,11000,0.9,3015,0.00021938202897336958,0.0007131462984604454,0.0009325283274338149,0.5294898342078731,0.5294898342078731,4,0.0037301133097352598,0.0037217786119593628,0.7649670827505293,0.7647449171039366,0.0002221656465927202
hea_ring,dn,12,LATE,12,11000,0.9,3015,0.00021938202897336958,0.0007131462984604454,0.0009325283274338149,0.5294898342078731,0.5294898342078731,16,0.014920453238941039,0.014774589036341306,0.765500385700211,0.7647449171039366,0.0007554685962744001
hea_ring,dn,12,LATE,12,11000,0.9,3015,0.00021938202897336958,0.0007131462984604454,0.0009325283274338149,0.5294898342078731,0.5294898342078731,64,0.059681812955764156,0.05734820621852947,0.7676347791571783,0.7647449171039366,0.0028898620532417096
hea_ring,dn,12,LATE,12,11000,0.9,3015,0.00021938202897336958,0.0007131462984604454,0.0009325283274338149,0.5294898342078731,0.5294898342078731,256,0.23872725182305662,0.20432318318004228,0.7761727136186868,0.7647449171039366,0.011427796514750233
hea_ring,dn,12,LATE,12,11000,0.9,3015,0.00021938202897336958,0.0007131462984604454,0.0009325283274338149,0.5294898342078731,0.5294898342078731,1024,0.9549090072922265,0.5494511126349667,0.8093017466243553,0.7647449171039366,0.04455682952041873
hea_ring,dn,12,LATE,12,11000,0.9,3015,0.00021938202897336958,0.0007131462984604454,0.0009325283274338149,0.5294898342078731,0.5294898342078731,4096,3.819636029168906,0.8696996083639832,0.9017767752388746,0.7647449171039366,0.137031858134938
hea_ring,dn,12,LATE,12,11000,0.9,3015,0.00021938202897336958,0.0007131462984604454,0.0009325283274338149,0.5294898342078731,0.5294898342078731,16384,15.278544116675624,0.9889829075811353,0.9889337930917699,0.7647449171039366,0.22418887598783332
hea_ring,dn,12,LATE,12,11000,0.9,3015,0.00021938202897336958,0.0007131462984604454,0.0009325283274338149,0.5294898342078731,0.5294898342078731,65536,61.114176466702496,0.9999947894087797,0.9999939428917658,0.7647449171039366,0.23524902578782925
rxry_czbrick,d2,2,EARLY,12,11000,0.1,873,1.2642260344812336e-06,1.426511650491745e-06,2.6907376849729785e-06,0.06031268559430052,0.06031268559430052,1,2.6907376849729785e-06,2.6907340781066436e-06,0.5301563832210252,0.5301563427971503,4.042387491409727e-08
rxry_czbrick,d2,2,EARLY,12,11000,0.1,873,1.2642260344812336e-06,1.426511650491745e-06,2.6907376849729785e-06,0.06031268559430052,0.06031268559430052,4,1.0762950739891914e-05,1.0762871231181914e-05,0.5301564438569045,0.5301563427971503,1.0105975423169156e-07
rxry_czbrick,d2,2,EARLY,12,11000,0.1,873,1.2642260344812336e-06,1.426511650491745e-06,2.6907376849729785e-06,0.06031268559430052,0.06031268559430052,16,4.3051802959567656e-05,4.3050443648138845e-05,0.5301566864012296,0.5301563427971503,3.436040793003414e-07
rxry_czbrick,d2,2,EARLY,12,11000,0.1,873,1.2642260344812336e-06,1.426511650491745e-06,2.6907376849729785e-06,0.06031268559430052,0.06031268559430052,64,0.00017220721183827063,0.00017218511565987712,0.5301576565914372,0.5301563427971503,1.3137942869168029e-06
rxry_czbrick,d2,2,EARLY,12,11000,0.1,873,1.2642260344812336e-06,1.426511650491745e-06,2.6907376849729785e-06,0.06031268559430052,0.06031268559430052,256,0.0006888288473530825,0.0006884740152238441,0.5301615375587335,0.5301563427971503,5.19476158322707e-06
rxry_czbrick,d2,2,EARLY,12,11000,0.1,873,1.2642260344812336e-06,1.426511650491745e-06,2.6907376849729785e-06,0.06031268559430052,0.06031268559430052,1024,0.00275531538941233,0.0027496390074652596,0.5301770647268195,0.5301563427971503,2.0721929669176298e-05
rxry_czbrick,d2,2,EARLY,12,11000,0.1,873,1.2642260344812336e-06,1.426511650491745e-06,2.6907376849729785e-06,0.06031268559430052,0.06031268559430052,4096,0.01102126155764932,0.010930832063026507,0.5302392258910145,0.5301563427971503,8.288309386417225e-05
rxry_czbrick,d2,2,EARLY,12,11000,0.1,873,1.2642260344812336e-06,1.426511650491745e-06,2.6907376849729785e-06,0.06031268559430052,0.06031268559430052,16384,0.04408504623059728,0.042664168395713395,0.5304886918193966,0.5301563427971503,0.00033234902224632545
rxry_czbrick,d2,2,EARLY,12,11000,0.1,873,1.2642260344812336e-06,1.426511650491745e-06,2.6907376849729785e-06,0.06031268559430052,0.06031268559430052,65536,0.17634018492238912,0.1551612892384209,0.5314985076979394,0.5301563427971503,0.001342164900789089
rxry_czbrick,d2,2,EARLY,12,11000,0.25,2187,1.2426809924216015e-05,2.4429133310310888e-06,1.4869723255247104e-05,-0.6714245061461982,0.6714245061461982,1,1.4869723255247104e-05,1.486966254000785e-05,0.8357136238405735,0.8357122530730992,1.3707674743068665e-06
rxry_czbrick,d2,2,EARLY,12,11000,0.25,2187,1.2426809924216015e-05,2.4429133310310888e-06,1.4869723255247104e-05,-0.6714245061461982,0.6714245061461982,4,5.947889302098842e-05,5.94769592568131e-05,0.8357156799872949,0.8357122530730992,3.426914195747699e-06
rxry_czbrick,d2,2,EARLY,12,11000,0.25,2187,1.2426809924216015e-05,2.4429133310310888e-06,1.4869723255247104e-05,-0.6714245061461982,0.6714245061461982,16,0.00023791557208395367,0.0002378807854536875,0.8357239045202801,0.8357122530730992,1.165144718096034e-05
rxry_czbrick,d2,2,EARLY,12,11000,0.25,2187,1.2426809924216015e-05,2.4429133310310888e-06,1.4869723255247104e-05,-0.6714245061461982,0.6714245061461982,64,0.0009516622883358147,0.0009510905007598282,0.8357568017887649,0.8357122530730992,4.454871566572649e-05
rxry_czbrick,d2,2,EARLY,12,11000,0.25,2187,1.2426809924216015e-05,2.4429133310310888e-06,1.4869723255247104e-05,-0.6714245061461982,0.6714245061461982,256,0.0038066491533432587,0.003797451513284677,0.8358883769799325,0.8357122530730992,0.00017612390683330315
rxry_czbrick,d2,2,EARLY,12,11000,0.25,2187,1.2426809924216015e-05,2.4429133310310888e-06,1.4869723255247104e-05,-0.6714245061461982,0.6714245061461982,1024,0.015226596613373035,0.015079987060168897,0.8364144513126552,0.8357122530730992,0.0007021982395560844
rxry_czbrick,d2,2,EARLY,12,11000,0.25,2187,1.2426809924216015e-05,2.4429133310310888e-06,1.4869723255247104e-05,-0.6714245061461982,0.6714245061461982,4096,0.06090638645349214,0.058609701906632165,0.8385148524556177,0.8357122530730992,0.002802599382518589
rxry_czbrick,d2,2,EARLY,12,11000,0.25,2187,1.2426809924216015e-05,2.4429133310310888e-06,1.4869723255247104e-05,-0.6714245061461982,0.6714245061461982,16384,0.24362554581396856,0.20981977099116172,0.8468372856852482,0.8357122530730992,0.011125032612149033
rxry_czbrick,d2,2,EARLY,12,11000,0.25,2187,1.2426809924216015e-05,2.4429133310310888e-06,1.4869723255247104e-05,-0.6714245061461982,0.6714245061461982,65536,0.9745021832558742,0.5717893257180626,0.8779781017983538,0.8357122530730992,0.04226584872525463
rxry_czbrick,d2,2,EARLY,12,11000,0.5,3725,2.6371507243885e-05,6.428912798587704e-05,9.066063522976205e-05,0.4182368747571323,0.4182368747571323,1,9.066063522976205e-05,9.065724442735331e-05,0.7091262589189811,0.7091184373785662,7.821540414898465e-06
rxry_czbrick,d2,2,EARLY,12,11000,0.5,3725,2.6371507243885e-05,6.428912798587704e-05,9.066063522976205e-05,0.4182368747571323,0.4182368747571323,4,0.0003626425409190482,0.00036255932899217214,0.7091379914401355,0.7091184373785662,1.955406156928241e-05
rxry_czbrick,d2,2,EARLY,12,11000,0.5,3725,2.6371507243885e-05,6.428912798587704e-05,9.066063522976205e-05,0.4182368747571323,0.4182368747571323,16,0.0014505701636761928,0.0014491237362986732,0.7091849240468772,0.7091184373785662,6.648666831099437e-05
rxry_czbrick,d2,2,EARLY,12,11000,0.5,3725,2.6371507243885e-05,6.428912798587704e-05,9.066063522976205e-05,0.4182368747571323,0.4182368747571323,64,0.005802280654704771,0.005778728736412363,0.7093726945747643,0.7091184373785662,0.0002542571961980933
rxry_czbrick,d2,2,EARLY,12,11000,0.5,3725,2.6371507243885e-05,6.428912798587704e-05,9.066063522976205e-05,0.4182368747571323,0.4182368747571323,256,0.023209122618819085,0.022833892931854383,0.7101244021255427,0.7091184373785662,0.001005964746976562
rxry_czbrick,d2,2,EARLY,12,11000,0.5,3725,2.6371507243885e-05,6.428912798587704e-05,9.066063522976205e-05,0.4182368747571323,0.4182368747571323,1024,0.09283649047527634,0.0870387444963774,0.713140209491507,0.7091184373785662,0.004021772112940858
rxry_czbrick,d2,2,EARLY,12,11000,0.5,3725,2.6371507243885e-05,6.428912798587704e-05,9.066063522976205e-05,0.4182368747571323,0.4182368747571323,4096,0.37134596190110536,0.29043916296227806,0.7252830559290941,0.7091184373785662,0.016164618550527976
rxry_czbrick,d2,2,EARLY,12,11000,0.5,3725,2.6371507243885e-05,6.428912798587704e-05,9.066063522976205e-05,0.4182368747571323,0.4182368747571323,16384,1.4853838476044214,0.6582112819881827,0.7718561321331369,0.7091184373785662,0.0627376947545707
rxry_czbrick,d2,2,EARLY,12,11000,0.5,3725,2.6371507243885e-05,6.428912798587704e-05,9.066063522976205e-05,0.4182368747571323,0.4182368747571323,65536,5.941535390417686,0.8977705670044724,0.8853314631179896,0.7091184373785662,0.17621302573942343
rxry_czbrick,d2,2,EARLY,12,11000,0.75,458,2.1833563447988556e-05,0.00037592028096512337,0.0003977538444131119,0.8902157012199137,0.8902157012199137,1,0.0003977538444131119,0.0003977374290545003,0.945126221033394,0.9451078506099568,1.8370423437219507e-05
rxry_czbrick,d2,2,EARLY,12,11000,0.75,458,2.1833563447988556e-05,0.00037592028096512337,0.0003977538444131119,0.8902157012199137,0.8902157012199137,4,0.0015910153776524476,0.0015899024228225834,0.9451537703747602,0.9451078506099568,4.591976480339266e-05
rxry_czbrick,d2,2,EARLY,12,11000,0.75,458,2.1833563447988556e-05,0.00037592028096512337,0.0003977538444131119,0.8902157012199137,0.8902157012199137,16,0.00636406151060979,0.006342892522918742,0.9452638921307722,0.9451078506099568,0.00015604152081538647
rxry_czbrick,d2,2,EARLY,12,11000,0.75,458,2.1833563447988556e-05,0.00037592028096512337,0.0003977538444131119,0.8902157012199137,0.8902157012199137,64,0.02545624604243916,0.02510660537150222,0.9457031644647097,0.9451078506099568,0.0005953138547528658
rxry_czbrick,d2,2,EARLY,12,11000,0.75,458,2.1833563447988556e-05,0.00037592028096512337,0.0003977538444131119,0.8902157012199137,0.8902157012199137,256,0.10182498416975665,0.09634271376252597,0.9474405127734171,0.9451078506099568,0.002332662163460286
rxry_czbrick,d2,2,EARLY,12,11000,0.75,458,2.1833563447988556e-05,0.00037592028096512337,0.0003977538444131119,0.8902157012199137,0.8902157012199137,1024,0.4072999366790266,0.328862503511512,0.9540570616561971,0.9451078506099568,0.008949211046240246
rxry_czbrick,d2,2,EARLY,12,11000,0.75,458,2.1833563447988556e-05,0.00037592028096512337,0.0003977538444131119,0.8902157012199137,0.8902157012199137,4096,1.6291997467161063,0.7760222305536071,0.97472796796536,0.9451078506099568,0.029620117355403153
rxry_czbrick,d2,2,EARLY,12,11000,0.75,458,2.1833563447988556e-05,0.00037592028096512337,0.0003977538444131119,0.8902157012199137,0.8902157012199137,16384,6.516798986864425,0.9929701350959478,0.9984139958264244,0.9451078506099568,0.05330614521646759
rxry_czbrick,d2,2,EARLY,12,11000,0.75,458,2.1833563447988556e-05,0.00037592028096512337,0.0003977538444131119,0.8902157012199137,0.8902157012199137,65536,26.0671959474577,0.9999999199431667,0.9999999767262377,0.9451078506099568,0.054892126116280915
rxry_czbrick,d2,2,EARLY,12,11000,0.9,3893,0.001196932068379793,7.347733319822415e-05,0.0012704094015780173,-0.8843249536614645,0.8843249536614645,1,0.0012704094015780173,0.0012702335068252091,0.9422237049900788,0.9421624768307322,6.122815934661574e-05
rxry_czbrick,d2,2,EARLY,12,11000,0.9,3893,0.001196932068379793,7.347733319822415e-05,0.0012704094015780173,-0.8843249536614645,0.8843249536614645,4,0.005081637606312069,0.005070209911895087,0.9423154816767958,0.9421624768307322,0.0001530048460636202
rxry_czbrick,d2,2,EARLY,12,11000,0.9,3893,0.001196932068379793,7.347733319822415e-05,0.0012704094015780173,-0.8843249536614645,0.8843249536614645,16,0.020326550425248276,0.02011055109491272,0.9426817988320864,0.9421624768307322,0.0005193220013541833
rxry_czbrick,d2,2,EARLY,12,11000,0.9,3893,0.001196932068379793,7.347733319822415e-05,0.0012704094015780173,-0.8843249536614645,0.8843249536614645,64,0.0813062017009931,0.07779856085488895,0.9441342626752448,0.9421624768307322,0.00197178584451263
rxry_czbrick,d2,2,EARLY,12,11000,0.9,3893,0.001196932068379793,7.347733319822415e-05,0.0012704094015780173,-0.8843249536614645,0.8843249536614645,256,0.3252248068039724,0.2735941093703064,0.9497293964576154,0.9421624768307322,0.007566919626883273
rxry_czbrick,d2,2,EARLY,12,11000,0.9,3893,0.001196932068379793,7.347733319822415e-05,0.0012704094015780173,-0.8843249536614645,0.8843249536614645,1024,1.3008992272158897,0.7022053775775859,0.9683199253850744,0.9421624768307322,0.02615744855434221
rxry_czbrick,d2,2,EARLY,12,11000,0.9,3893,0.001196932068379793,7.347733319822415e-05,0.0012704094015780173,-0.8843249536614645,0.8843249536614645,4096,5.203596908863559,0.9828951731642976,0.9962959297213506,0.9421624768307322,0.05413345289061844
rxry_czbrick,d2,2,EARLY,12,11000,0.9,3893,0.001196932068379793,7.347733319822415e-05,0.0012704094015780173,-0.8843249536614645,0.8843249536614645,16384,20.814387635454235,0.9999980469821397,0.9999994236199387,0.9421624768307322,0.05783694678920648
rxry_czbrick,d2,2,EARLY,12,11000,0.9,3893,0.001196932068379793,7.347733319822415e-05,0.0012704094015780173,-0.8843249536614645,0.8843249536614645,65536,83.25755054181694,0.9999999999999625,1.0,0.9421624768307322,0.057837523169267824
rxry_czbrick,d2,2,LATE,12,11000,0.1,952,1.0770664909137309e-06,1.0486017632496153e-06,2.125668254163346e-06,-0.013390954871892378,0.013390954871892378,1,2.125668254163346e-06,2.125665995335704e-06,0.5066954845508593,0.5066954774359462,7.114913103123399e-09
rxry_czbrick,d2,2,LATE,12,11000,0.1,952,1.0770664909137309e-06,1.0486017632496153e-06,2.125668254163346e-06,-0.013390954871892378,0.013390954871892378,4,8.502673016653385e-06,8.502623317766255e-06,0.5066954952232388,0.5066954774359462,1.7787292527771115e-08
rxry_czbrick,d2,2,LATE,12,11000,0.1,952,1.0770664909137309e-06,1.0486017632496153e-06,2.125668254163346e-06,-0.013390954871892378,0.013390954871892378,16,3.401069206661354e-05,3.400984266536444e-05,0.5066955379128703,0.5066954774359462,6.0476924024222e-08
rxry_czbrick,d2,2,LATE,12,11000,0.1,952,1.0770664909137309e-06,1.0486017632496153e-06,2.125668254163346e-06,-0.013390954871892378,0.013390954871892378,64,0.00013604276826645415,0.0001360289617077584,0.5066957086732111,0.5066954774359462,2.312372648916039e-07
rxry_czbrick,d2,2,LATE,12,11000,0.1,952,1.0770664909137309e-06,1.0486017632496153e-06,2.125668254163346e-06,-0.013390954871892378,0.013390954871892378,256,0.0005441710730658166,0.0005439493507614419,0.5066963917435849,0.5066954774359462,9.143076387108096e-07
rxry_czbrick,d2,2,LATE,12,11000,0.1,952,1.0770664909137309e-06,1.0486017632496153e-06,2.125668254163346e-06,-0.013390954871892378,0.013390954871892378,1024,0.0021766842922632665,0.002173136483237582,0.5066991244887739,0.5066954774359462,3.6470528276266734e-06
rxry_czbrick,d2,2,LATE,12,11000,0.1,952,1.0770664909137309e-06,1.0486017632496153e-06,2.125668254163346e-06,-0.013390954871892378,0.013390954871892378,4096,0.008706737169053066,0.008650163601602954,0.5067100628567746,0.5066954774359462,1.4585420828328033e-05
rxry_czbrick,d2,2,LATE,12,11000,0.1,952,1.0770664909137309e-06,1.0486017632496153e-06,2.125668254163346e-06,-0.013390954871892378,0.013390954871892378,16384,0.03482694867621226,0.033934667246979244,0.5067539324852037,0.5066954774359462,5.845504925749978e-05
rxry_czbrick,d2,2,LATE,12,11000,0.1,952,1.0770664909137309e-06,1.0486017632496153e-06,2.125668254163346e-06,-0.013390954871892378,0.013390954871892378,65536,0.13930779470484905,0.12581471840111869,0.5069311390717054,0.5066954774359462,0.00023566163575916566
rxry_czbrick,d2,2,LATE,12,11000,0.25,2311,5.960184547664721e-06,7.3763900033038515e-06,1.3336574550968572e-05,0.10618959540373718,0.10618959540373718,1,1.3336574550968572e-05,1.333648662167715e-05,0.5530951477631759,0.5530947977018685,3.5006130738590713e-07
rxry_czbrick,d2,2,LATE,12,11000,0.25,2311,5.960184547664721e-06,7.3763900033038515e-06,1.3336574550968572e-05,0.10618959540373718,0.10618959540373718,4,5.334629820387429e-05,5.33443517703035e-05,0.5530956728579555,0.5530947977018685,8.751560869324493e-07
rxry_czbrick,d2,2,LATE,12,11000,0.25,2311,5.960184547664721e-06,7.3763900033038515e-06,1.3336574550968572e-05,0.10618959540373718,0.10618959540373718,16,0.00021338519281549715,0.00021335189444568985,0.5530977732709004,0.5530947977018685,2.9755690318378214e-06
rxry_czbrick,d2,2,LATE,12,11000,0.25,2311,5.960184547664721e-06,7.3763900033038515e-06,1.3336574550968572e-05,0.10618959540373718,0.10618959540373718,64,0.0008535407712619886,0.0008529995564733659,0.5531061754636498,0.5530947977018685,1.1377761781283802e-05
rxry_czbrick,d2,2,LATE,12,11000,0.25,2311,5.960184547664721e-06,7.3763900033038515e-06,1.3336574550968572e-05,0.10618959540373718,0.10618959540373718,256,0.0034141630850479544,0.0034054814429682165,0.5531397928749946,0.5530947977018685,4.499517312606116e-05
rxry_czbrick,d2,2,LATE,12,11000,0.25,2311,5.960184547664721e-06,7.3763900033038515e-06,1.3336574550968572e-05,0.10618959540373718,0.10618959540373718,1024,0.013656652340191817,0.013518392640411568,0.5532743997966255,0.5530947977018685,0.00017960209475698097
rxry_czbrick,d2,2,LATE,12,11000,0.25,2311,5.960184547664721e-06,7.3763900033038515e-06,1.3336574550968572e-05,0.10618959540373718,0.10618959540373718,4096,0.05462660936076727,0.05246302154510271,0.5538149618676764,0.5530947977018685,0.0007201641658078906
rxry_czbrick,d2,2,LATE,12,11000,0.25,2311,5.960184547664721e-06,7.3763900033038515e-06,1.3336574550968572e-05,0.10618959540373718,0.10618959540373718,16384,0.21850643744306908,0.1867689297244836,0.5560074041362322,0.5530947977018685,0.0029126064343636404
rxry_czbrick,d2,2,LATE,12,11000,0.25,2311,5.960184547664721e-06,7.3763900033038515e-06,1.3336574550968572e-05,0.10618959540373718,0.10618959540373718,65536,0.8740257497722763,0.5001422377450431,0.565022337729828,0.5530947977018685,0.011927540027959482
rxry_czbrick,d2,2,LATE,12,11000,0.5,2712,4.764444347791294e-05,3.305057554236718e-05,8.069501902028013e-05,-0.180852153115895,0.180852153115895,1,8.069501902028013e-05,8.069186966772345e-05,0.5904296058304331,0.5904260765579475,3.529272485591761e-06
rxry_czbrick,d2,2,LATE,12,11000,0.5,2712,4.764444347791294e-05,3.305057554236718e-05,8.069501902028013e-05,-0.180852153115895,0.180852153115895,4,0.0003227800760811205,0.0003227095221640591,0.5904348998996657,0.5904260765579475,8.823341718144917e-06
rxry_czbrick,d2,2,LATE,12,11000,0.5,2712,4.764444347791294e-05,3.305057554236718e-05,8.069501902028013e-05,-0.180852153115895,0.180852153115895,16,0.001291120304324482,0.0012899114023276008,0.5904560781011656,0.5904260765579475,3.000154321808335e-05
rxry_czbrick,d2,2,LATE,12,11000,0.5,2712,4.764444347791294e-05,3.305057554236718e-05,8.069501902028013e-05,-0.180852153115895,0.180852153115895,64,0.005164481217297928,0.005144858078971366,0.590540821612127,0.5904260765579475,0.00011474505417941039
rxry_czbrick,d2,2,LATE,12,11000,0.5,2712,4.764444347791294e-05,3.305057554236718e-05,8.069501902028013e-05,-0.180852153115895,0.180852153115895,256,0.020657924869191713,0.02034533456810233,0.5908802812938255,0.5904260765579475,0.00045420473587798327
rxry_czbrick,d2,2,LATE,12,11000,0.5,2712,4.764444347791294e-05,3.305057554236718e-05,8.069501902028013e-05,-0.180852153115895,0.180852153115895,1024,0.08263169947676685,0.07779044905440582,0.5922455294745982,0.5904260765579475,0.0018194529166506435
rxry_czbrick,d2,2,LATE,12,11000,0.5,2712,4.764444347791294e-05,3.305057554236718e-05,8.069501902028013e-05,-0.180852153115895,0.180852153115895,4096,0.3305267979070674,0.26234972218172914,0.5978022348477231,0.5904260765579475,0.007376158289775558
rxry_czbrick,d2,2,LATE,12,11000,0.5,2712,4.764444347791294e-05,3.305057554236718e-05,8.069501902028013e-05,-0.180852153115895,0.180852153115895,16384,1.3221071916282696,0.6082664729642517,0.6202911432849558,0.5904260765579475,0.029865066727008283
rxry_czbrick,d2,2,LATE,12,11000,0.5,2712,4.764444347791294e-05,3.305057554236718e-05,8.069501902028013e-05,-0.180852153115895,0.180852153115895,65536,5.2884287665130785,0.8352803189253878,0.6892501184476099,0.5904260765579475,0.09882404188966232
rxry_czbrick,d2,2,LATE,12,11000,0.75,2367,6.92568998084308e-05,0.00029366513770719013,0.00036292203751562093,0.6183373140825055,0.6183373140825055,1,0.00036292203751562093,0.00036288136084158194,0.8092033128655595,0.8091686570412527,3.465582430672853e-05
rxry_czbrick,d2,2,LATE,12,11000,0.75,2367,6.92568998084308e-05,0.00029366513770719013,0.00036292203751562093,0.6183373140825055,0.6183373140825055,4,0.0014516881500624837,0.001450491742754129,0.8092552954395906,0.8091686570412527,8.663839833789044e-05
rxry_czbrick,d2,2,LATE,12,11000,0.75,2367,6.92568998084308e-05,0.00029366513770719013,0.00036292203751562093,0.6183373140825055,0.6183373140825055,16,0.005806752600249935,0.005785471852622624,0.8094632115038976,0.8091686570412527,0.0002945544626448138
rxry_czbrick,d2,2,LATE,12,11000,0.75,2367,6.92568998084308e-05,0.00029366513770719013,0.00036292203751562093,0.6183373140825055,0.6183373140825055,64,0.02322701040099974,0.02288076244969055,0.8102946313380758,0.8091686570412527,0.0011259742968230402
rxry_czbrick,d2,2,LATE,12,11000,0.75,2367,6.92568998084308e-05,0.00029366513770719013,0.00036292203751562093,0.6183373140825055,0.6183373140825055,256,0.09290804160399896,0.08751786053018111,0.8136153423691215,0.8091686570412527,0.004446685327868738
rxry_czbrick,d2,2,LATE,12,11000,0.75,2367,6.92568998084308e-05,0.00029366513770719013,0.00036292203751562093,0.6183373140825055,0.6183373140825055,1024,0.37163216641599583,0.29563436400773957,0.8267545154546807,0.8091686570412527,0.01758585841342797
rxry_czbrick,d2,2,LATE,12,11000,0.75,2367,6.92568998084308e-05,0.00029366513770719013,0.00036292203751562093,0.6183373140825055,0.6183373140825055,4096,1.4865286656639833,0.6898648658990318,0.8740117205041216,0.8091686570412527,0.06484306346286883
rxry_czbrick,d2,2,LATE,12,11000,0.75,2367,6.92568998084308e-05,0.00029366513770719013,0.00036292203751562093,0.6183373140825055,0.6183373140825055,16384,5.946114662655933,0.946728541519161,0.9646499642090027,0.8091686570412527,0.15548130716775
rxry_czbrick,d2,2,LATE,12,11000,0.75,2367,6.92568998084308e-05,0.00029366513770719013,0.00036292203751562093,0.6183373140825055,0.6183373140825055,65536,23.784458650623733,0.9994294718836023,0.9995262174188906,0.8091686570412527,0.19035756037763785
rxry_czbrick,d2,2,LATE,12,11000,0.9,652,0.0005361060978967088,0.0007019520144080563,0.001238058112304765,0.1339564878764933,0.1339564878764933,1,0.001238058112304765,0.001237305470794055,0.5670189861865372,0.5669782439382467,4.07422482905373e-05
rxry_czbrick,d2,2,LATE,12,11000,0.9,652,0.0005361060978967088,0.0007019520144080563,0.001238058112304765,0.1339564878764933,0.1339564878764933,4,0.00495223244921906,0.004935544802256685,0.5670801293171851,0.5669782439382467,0.00010188537893840444
rxry_czbrick,d2,2,LATE,12,11000,0.9,652,0.0005361060978967088,0.0007019520144080563,0.001238058112304765,0.1339564878764933,0.1339564878764933,16,0.01980892979687624,0.019525576401528705,0.5673250549183324,0.5669782439382467,0.00034681098008571
rxry_czbrick,d2,2,LATE,12,11000,0.9,652,0.0005361060978967088,0.0007019520144080563,0.001238058112304765,0.1339564878764933,0.1339564878764933,64,0.07923571918750497,0.07477468568149011,0.568310168318358,0.5669782439382467,0.0013319243801113156
rxry_czbrick,d2,2,LATE,12,11000,0.9,652,0.0005361060978967088,0.0007019520144080563,0.001238058112304765,0.1339564878764933,0.1339564878764933,256,0.31694287675001986,0.2536059594982729,0.5723220808839062,0.5669782439382467,0.005343836945659541
rxry_czbrick,d2,2,LATE,12,11000,0.9,652,0.0005361060978967088,0.0007019520144080563,0.001238058112304765,0.1339564878764933,0.1339564878764933,1024,1.2677715070000795,0.5960485407062222,0.588660786014511,0.5669782439382467,0.0216825420762643
rxry_czbrick,d2,2,LATE,12,11000,0.9,652,0.0005361060978967088,0.0007019520144080563,0.001238058112304765,0.1339564878764933,0.1339564878764933,4096,5.071086028000318,0.825098290546584,0.6404106484210788,0.5669782439382467,0.07343240448283206
rxry_czbrick,d2,2,LATE,12,11000,0.9,652,0.0005361060978967088,0.0007019520144080563,0.001238058112304765,0.1339564878764933,0.1339564878764933,16384,20.28434411200127,0.9253990276632936,0.744334169088753,0.5669782439382467,0.17735592515050635
rxry_czbrick,d2,2,LATE,12,11000,0.9,652,0.0005361060978967088,0.0007019520144080563,0.001238058112304765,0.1339564878764933,0.1339564878764933,65536,81.13737644800509,0.9785567778852634,0.8949164072831716,0.5669782439382467,0.32793816334492487
rxry_czbrick,d4,4,EARLY,12,11000,0.1,3932,5.555633218385454e-06,1.532210738957245e-05,2.0877740607957906e-05,0.46779363507679267,0.46779363507679267,1,2.0877740607957906e-05,2.0877570359940325e-05,0.7338987248709457,0.7338968175383963,1.9073325493446092e-06
rxry_czbrick,d4,4,EARLY,12,11000,0.1,3932,5.555633218385454e-06,1.532210738957245e-05,2.0877740607957906e-05,0.46779363507679267,0.46779363507679267,4,8.351096243183162e-05,8.350664481436797e-05,0.7339015858783182,0.7338968175383963,4.768339921912279e-06
rxry_czbrick,d4,4,EARLY,12,11000,0.1,3932,5.555633218385454e-06,1.532210738957245e-05,2.0877740607957906e-05,0.46779363507679267,0.46779363507679267,16,0.0003340438497273265,0.00033396840273612047,0.7339130300103296,0.7338968175383963,1.6212471933285677e-05
rxry_czbrick,d4,4,EARLY,12,11000,0.1,3932,5.555633218385454e-06,1.532210738957245e-05,2.0877740607957906e-05,0.46779363507679267,0.46779363507679267,64,0.001336175398909306,0.0013349433933109362,0.7339588081754608,0.7338968175383963,6.19906370644685e-05
rxry_czbrick,d4,4,EARLY,12,11000,0.1,3932,5.555633218385454e-06,1.532210738957245e-05,2.0877740607957906e-05,0.46779363507679267,0.46779363507679267,256,0.005344701595637224,0.005324928836555005,0.7341419468207638,0.7338968175383963,0.00024512928236752884
rxry_czbrick,d4,4,EARLY,12,11000,0.1,3932,5.555633218385454e-06,1.532210738957245e-05,2.0877740607957906e-05,0.46779363507679267,0.46779363507679267,1024,0.021378806382548896,0.021064657951458433,0.734874903826602,0.7338968175383963,0.0009780862882057262
rxry_czbrick,d4,4,EARLY,12,11000,0.1,3932,5.555633218385454e-06,1.532210738957245e-05,2.0877740607957906e-05,0.46779363507679267,0.46779363507679267,4096,0.08551522553019558,0.08064974746703976,0.7378123224465897,0.7338968175383963,0.003915504908193368
rxry_czbrick,d4,4,EARLY,12,11000,0.1,3932,5.555633218385454e-06,1.532210738957245e-05,2.0877740607957906e-05,0.46779363507679267,0.46779363507679267,16384,0.34206090212078233,0.27337266822309514,0.7495987982681513,0.7338968175383963,0.01570198072975504
rxry_czbrick,d4,4,EARLY,12,11000,0.1,3932,5.555633218385454e-06,1.532210738957245e-05,2.0877740607957906e-05,0.46779363507679267,0.46779363507679267,65536,1.3682436084831293,0.6435214489606506,0.7946142727166183,0.7338968175383963,0.060717455178222024
rxry_czbrick,d4,4,EARLY,12,11000,0.25,1006,4.1824480608521854e-07,6.463533341416666e-05,6.505357822025187e-05,0.9871415280288145,0.9871415280288145,1,6.505357822025187e-05,6.505352415346694e-05,0.993571174227147,0.9935707640144072,4.102127397764832e-07
rxry_czbrick,d4,4,EARLY,12,11000,0.25,1006,4.1824480608521854e-07,6.463533341416666e-05,6.505357822025187e-05,0.9871415280288145,0.9871415280288145,4,0.0002602143128810075,0.0002601883816116333,0.9935717895141766,0.9935707640144072,1.0254997693248669e-06
rxry_czbrick,d4,4,EARLY,12,11000,0.25,1006,4.1824480608521854e-07,6.463533341416666e-05,6.505357822025187e-05,0.9871415280288145,0.9871415280288145,16,0.00104085725152403,0.0010403422235864697,0.9935742502773284,0.9935707640144072,3.486262921126304e-06
rxry_czbrick,d4,4,EARLY,12,11000,0.25,1006,4.1824480608521854e-07,6.463533341416666e-05,6.505357822025187e-05,0.9871415280288145,0.9871415280288145,64,0.00416342900609612,0.00415479681850676,0.9935840871700604,0.9935707640144072,1.3323155653166552e-05
rxry_czbrick,d4,4,EARLY,12,11000,0.25,1006,4.1824480608521854e-07,6.463533341416666e-05,6.505357822025187e-05,0.9871415280288145,0.9871415280288145,256,0.01665371602438448,0.01651459295742148,0.9936233361573164,0.9935707640144072,5.257214290910195e-05
rxry_czbrick,d4,4,EARLY,12,11000,0.25,1006,4.1824480608521854e-07,6.463533341416666e-05,6.505357822025187e-05,0.9871415280288145,0.9871415280288145,1024,0.06661486409753792,0.06442003172405386,0.993778753267124,0.9935707640144072,0.00020798925271670043
rxry_czbrick,d4,4,EARLY,12,11000,0.25,1006,4.1824480608521854e-07,6.463533341416666e-05,6.505357822025187e-05,0.9871415280288145,0.9871415280288145,4096,0.26645945639015167,0.23357197810321598,0.9943751005928528,0.9935707640144072,0.0008043365784455858
rxry_czbrick,d4,4,EARLY,12,11000,0.25,1006,4.1824480608521854e-07,6.463533341416666e-05,6.505357822025187e-05,0.9871415280288145,0.9871415280288145,16384,1.0658378255606067,0.6530685209533227,0.9963604191063462,0.9935707640144072,0.0027896550919389584
rxry_czbrick,d4,4,EARLY,12,11000,0.25,1006,4.1824480608521854e-07,6.463533341416666e-05,6.505357822025187e-05,0.9871415280288145,0.9871415280288145,65536,4.263351302242427,0.9842447200001901,0.9995792481187769,0.9935707640144072,0.006008484104369605
rxry_czbrick,d4,4,EARLY,12,11000,0.5,56,7.66058732322087e-05,0.0001312349348778811,0.0002078408081100898,0.2628408835705464,0.2628408835705464,1,0.0002078408081100898,0.00020782070137652,0.6314331567640559,0.6314204417852732,1.2714978782635278e-05
rxry_czbrick,d4,4,EARLY,12,11000,0.5,56,7.66058732322087e-05,0.0001312349348778811,0.0002078408081100898,0.2628408835705464,0.2628408835705464,4,0.0008313632324403592,0.0008309031395416092,0.6314522305409249,0.6314204417852732,3.178875565168493e-05
rxry_czbrick,d4,4,EARLY,12,11000,0.5,56,7.66058732322087e-05,0.0001312349348778811,0.0002078408081100898,0.2628408835705464,0.2628408835705464,16,0.0033254529297614367,0.0033175482131657446,0.6315285413167655,0.6314204417852732,0.00010809953149226725
rxry_czbrick,d4,4,EARLY,12,11000,0.5,56,7.66058732322087e-05,0.0001312349348778811,0.0002078408081100898,0.2628408835705464,0.2628408835705464,64,0.013301811719045747,0.013173819504346564,0.6318340329810233,0.6314204417852732,0.00041359119575001824
rxry_czbrick,d4,4,EARLY,12,11000,0.5,56,7.66058732322087e-05,0.0001312349348778811,0.0002078408081100898,0.2628408835705464,0.2628408835705464,256,0.05320724687618299,0.05119437075605043,0.6330598402439953,0.6314204417852732,0.0016393984587220745
rxry_czbrick,d4,4,EARLY,12,11000,0.5,56,7.66058732322087e-05,0.0001312349348778811,0.0002078408081100898,0.2628408835705464,0.2628408835705464,1024,0.21282898750473195,0.18317027308121075,0.6380158533786713,0.6314204417852732,0.006595411593398048
rxry_czbrick,d4,4,EARLY,12,11000,0.5,56,7.66058732322087e-05,0.0001312349348778811,0.0002078408081100898,0.2628408835705464,0.2628408835705464,4096,0.8513159500189278,0.4980666391982884,0.6581683874882646,0.6314204417852732,0.026747945702991327
rxry_czbrick,d4,4,EARLY,12,11000,0.5,56,7.66058732322087e-05,0.0001312349348778811,0.0002078408081100898,0.2628408835705464,0.2628408835705464,16384,3.405263800075711,0.7952265507345397,0.7271804531014892,0.6314204417852732,0.09576001131621592
rxry_czbrick,d4,4,EARLY,12,11000,0.5,56,7.66058732322087e-05,0.0001312349348778811,0.0002078408081100898,0.2628408835705464,0.2628408835705464,65536,13.621055200302845,0.9311536244113526,0.8585062969660027,0.6314204417852732,0.22708585518072943
rxry_czbrick,d4,4,EARLY,12,11000,0.75,1570,0.000226890410014816,0.00034227068271623526,0.0005691610927310512,0.2027198875239009,0.2027198875239009,1,0.0005691610927310512,0.0005690057768599762,0.6013876109818586,0.6013599437619505,2.7667219908100726e-05
rxry_czbrick,d4,4,EARLY,12,11000,0.75,1570,0.000226890410014816,0.00034227068271623526,0.0005691610927310512,0.2027198875239009,0.2027198875239009,4,0.002276644370924205,0.0022731509334589727,0.6014291204298234,0.6013599437619505,6.917666787298327e-05
rxry_czbrick,d4,4,EARLY,12,11000,0.75,1570,0.000226890410014816,0.00034227068271623526,0.0005691610927310512,0.2027198875239009,0.2027198875239009,16,0.00910657748369682,0.009046863772349575,0.6015952610569576,0.6013599437619505,0.0002353172950071425
rxry_czbrick,d4,4,EARLY,12,11000,0.75,1570,0.000226890410014816,0.00034227068271623526,0.0005691610927310512,0.2027198875239009,0.2027198875239009,64,0.03642630993478728,0.035469153441256264,0.6022614344344541,0.6013599437619505,0.0009014906725036687
rxry_czbrick,d4,4,EARLY,12,11000,0.75,1570,0.000226890410014816,0.00034227068271623526,0.0005691610927310512,0.2027198875239009,0.2027198875239009,256,0.14570523973914912,0.13119889574941684,0.6049497001854551,0.6013599437619505,0.0035897564235046753
rxry_czbrick,d4,4,EARLY,12,11000,0.75,1570,0.000226890410014816,0.00034227068271623526,0.0005691610927310512,0.2027198875239009,0.2027198875239009,1024,0.5828209589565965,0.3953077943583758,0.6159435848121854,0.6013599437619505,0.014583641050234908
rxry_czbrick,d4,4,EARLY,12,11000,0.75,1570,0.000226890410014816,0.00034227068271623526,0.0005691610927310512,0.2027198875239009,0.2027198875239009,4096,2.331283835826386,0.7285013371293138,0.6577433152435135,0.6013599437619505,0.05638337148156303
rxry_czbrick,d4,4,EARLY,12,11000,0.75,1570,0.000226890410014816,0.00034227068271623526,0.0005691610927310512,0.2027198875239009,0.2027198875239009,16384,9.325135343305544,0.8896192909427901,0.7588728113753523,0.6013599437619505,0.15751286761340189
rxry_czbrick,d4,4,EARLY,12,11000,0.75,1570,0.000226890410014816,0.00034227068271623526,0.0005691610927310512,0.2027198875239009,0.2027198875239009,65536,37.300541373222174,0.9694701321358324,0.9049666504978693,0.6013599437619505,0.30360670673591883
rxry_czbrick,d4,4,EARLY,12,11000,0.9,2715,0.0001644095733090198,0.0011160379144450777,0.0012804474877540974,0.7431998189986005,0.7431998189986005,1,0.0012804474877540974,0.0012800805131194767,0.8717064400960995,0.8715999094993003,0.00010653059679921473
rxry_czbrick,d4,4,EARLY,12,11000,0.9,2715,0.0001644095733090198,0.0011160379144450777,0.0012804474877540974,0.7431998189986005,0.7431998189986005,4,0.00512178995101639,0.005108305400465432,0.8718661797288819,0.8715999094993003,0.00026627022958158886
rxry_czbrick,d4,4,EARLY,12,11000,0.9,2715,0.0001644095733090198,0.0011160379144450777,0.0012804474877540974,0.7431998189986005,0.7431998189986005,16,0.02048715980406556,0.020242625949029203,0.8725044540284917,0.8715999094993003,0.00090454452919142
rxry_czbrick,d4,4,EARLY,12,11000,0.9,2715,0.0001644095733090198,0.0011160379144450777,0.0012804474877540974,0.7431998189986005,0.7431998189986005,64,0.08194863921626223,0.07802485150241945,0.8750460731887271,0.8715999094993003,0.00344616368942674
rxry_czbrick,d4,4,EARLY,12,11000,0.9,2715,0.0001644095733090198,0.0011160379144450777,0.0012804474877540974,0.7431998189986005,0.7431998189986005,256,0.32779455686504894,0.270906615651557,0.8849971243795992,0.8715999094993003,0.01339721488029888
rxry_czbrick,d4,4,EARLY,12,11000,0.9,2715,0.0001644095733090198,0.0011160379144450777,0.0012804474877540974,0.7431998189986005,0.7431998189986005,1024,1.3111782274601957,0.6762405372091748,0.9199181925213802,0.8715999094993003,0.048318283022079855
rxry_czbrick,d4,4,EARLY,12,11000,0.9,2715,0.0001644095733090198,0.0011160379144450777,0.0012804474877540974,0.7431998189986005,0.7431998189986005,4096,5.244712909840783,0.9608225049397918,0.9830442729357188,0.8715999094993003,0.1114443634364185
rxry_czbrick,d4,4,EARLY,12,11000,0.9,2715,0.0001644095733090198,0.0011160379144450777,0.0012804474877540974,0.7431998189986005,0.7431998189986005,16384,20.978851639363132,0.9998966527429561,0.9999427712020548,0.8715999094993003,0.12834286170275444
rxry_czbrick,d4,4,EARLY,12,11000,0.9,2715,0.0001644095733090198,0.0011160379144450777,0.0012804474877540974,0.7431998189986005,0.7431998189986005,65536,83.91540655745253,0.9999999999999896,0.9999999999999725,0.8715999094993003,0.12840009050067214
rxry_czbrick,d4,4,MIDDLE,12,11000,0.1,3730,1.1021616959033018e-06,1.8303129436130543e-05,1.9405291132033843e-05,0.8864060643662413,0.8864060643662413,1,1.9405291132033843e-05,1.9405250786017483e-05,0.9432039536593223,0.9432030321831206,9.214762016762634e-07
rxry_czbrick,d4,4,MIDDLE,12,11000,0.1,3730,1.1021616959033018e-06,1.8303129436130543e-05,1.9405291132033843e-05,0.8864060643662413,0.8864060643662413,4,7.762116452813537e-05,7.76185017287449e-05,0.943205335858457,0.9432030321831206,2.3036753363792073e-06
rxry_czbrick,d4,4,MIDDLE,12,11000,0.1,3730,1.1021616959033018e-06,1.8303129436130543e-05,1.9405291132033843e-05,0.8864060643662413,0.8864060643662413,16,0.0003104846581125415,0.00031043398890425497,0.9432108644729722,0.9432030321831206,7.832289851572583e-06
rxry_czbrick,d4,4,MIDDLE,12,11000,0.1,3730,1.1021616959033018e-06,1.8303129436130543e-05,1.9405291132033843e-05,0.8864060643662413,0.8864060643662413,64,0.001241938632450166,0.0012410959639380756,0.943232976018039,0.9432030321831206,2.9943834918388923e-05
rxry_czbrick,d4,4,MIDDLE,12,11000,0.1,3730,1.1021616959033018e-06,1.8303129436130543e-05,1.9405291132033843e-05,0.8864060643662413,0.8864060643662413,256,0.004967754529800664,0.004954162935310352,0.943321375551304,0.9432030321831206,0.00011834336818339342
rxry_czbrick,d4,4,MIDDLE,12,11000,0.1,3730,1.1021616959033018e-06,1.8303129436130543e-05,1.9405291132033843e-05,0.8864060643662413,0.8864060643662413,1024,0.019871018119202655,0.01965432217151949,0.9436742248444002,0.9432030321831206,0.0004711926612795958
rxry_czbrick,d4,4,MIDDLE,12,11000,0.1,3730,1.1021616959033018e-06,1.8303129436130543e-05,1.9405291132033843e-05,0.8864060643662413,0.8864060643662413,4096,0.07948407247681062,0.07609528617706521,0.9450734852368968,0.9432030321831206,0.0018704530537761999
rxry_czbrick,d4,4,MIDDLE,12,11000,0.1,3730,1.1021616959033018e-06,1.8303129436130543e-05,1.9405291132033843e-05,0.8864060643662413,0.8864060643662413,16384,0.3179362899072425,0.2684071261842572,0.9504673963203908,0.9432030321831206,0.007264364137270163
rxry_czbrick,d4,4,MIDDLE,12,11000,0.1,3730,1.1021616959033018e-06,1.8303129436130543e-05,1.9405291132033843e-05,0.8864060643662413,0.8864060643662413,65536,1.27174515962897,0.6948402130470415,0.9684672628321136,0.9432030321831206,0.02526423064899297
rxry_czbrick,d4,4,MIDDLE,12,11000,0.25,3628,3.168402544763196e-05,2.9144025524524105e-05,6.082805097215607e-05,-0.04175704929737986,0.04175704929737986,1,6.082805097215607e-05,6.0826204172063333e-05,0.5208791585606984,0.5208785246486899,6.339120085518957e-07
rxry_czbrick,d4,4,MIDDLE,12,11000,0.25,3628,3.168402544763196e-05,2.9144025524524105e-05,6.082805097215607e-05,-0.04175704929737986,0.04175704929737986,4,0.00024331220388862428,0.00024327153984707645,0.5208801094526821,0.5208785246486899,1.584803992260575e-06
rxry_czbrick,d4,4,MIDDLE,12,11000,0.25,3628,3.168402544763196e-05,2.9144025524524105e-05,6.082805097215607e-05,-0.04175704929737986,0.04175704929737986,16,0.0009732488155544971,0.0009725539995950458,0.5208839133081219,0.5208785246486899,5.3886594320040615e-06
rxry_czbrick,d4,4,MIDDLE,12,11000,0.25,3628,3.168402544763196e-05,2.9144025524524105e-05,6.082805097215607e-05,-0.04175704929737986,0.04175704929737986,64,0.0038929952622179884,0.0038817186713990485,0.5208991333210683,0.5208785246486899,2.0608672378408244e-05
rxry_czbrick,d4,4,MIDDLE,12,11000,0.25,3628,3.168402544763196e-05,2.9144025524524105e-05,6.082805097215607e-05,-0.04175704929737986,0.04175704929737986,256,0.015571981048871954,0.015392012801796485,0.5209600862638346,0.5208785246486899,8.156161514472071e-05
rxry_czbrick,d4,4,MIDDLE,12,11000,0.25,3628,3.168402544763196e-05,2.9144025524524105e-05,6.082805097215607e-05,-0.04175704929737986,0.04175704929737986,1024,0.062287924195487815,0.05947852209829372,0.5212050279332004,0.5208785246486899,0.00032650328451055977
rxry_czbrick,d4,4,MIDDLE,12,11000,0.25,3628,3.168402544763196e-05,2.9144025524524105e-05,6.082805097215607e-05,-0.04175704929737986,0.04175704929737986,4096,0.24915169678195126,0.20841823045942198,0.5222005554953256,0.5208785246486899,0.0013220308466357356
rxry_czbrick,d4,4,MIDDLE,12,11000,0.25,3628,3.168402544763196e-05,2.9144025524524105e-05,6.082805097215607e-05,-0.04175704929737986,0.04175704929737986,16384,0.996606787127805,0.533545708328359,0.5262975630167365,0.5208785246486899,0.00541903836804658
rxry_czbrick,d4,4,MIDDLE,12,11000,0.25,3628,3.168402544763196e-05,2.9144025524524105e-05,6.082805097215607e-05,-0.04175704929737986,0.04175704929737986,65536,3.98642714851122,0.7932328842265385,0.5405038992628712,0.5208785246486899,0.019625374614181346
rxry_czbrick,d4,4,MIDDLE,12,11000,0.5,694,8.549870255156192e-05,0.00011591937312642104,0.00020141807567798295,0.15103247547401927,0.15103247547401927,1,0.00020141807567798295,0.000201398253765977,0.5755236701560672,0.5755162377370097,7.432419057540329e-06
rxry_czbrick,d4,4,MIDDLE,12,11000,0.5,694,8.549870255156192e-05,0.00011591937312642104,0.00020141807567798295,0.15103247547401927,0.15103247547401927,4,0.0008056723027119318,0.0008052308205702639,0.5755348196559225,0.5755162377370097,1.8581918912796702e-05
rxry_czbrick,d4,4,MIDDLE,12,11000,0.5,694,8.549870255156192e-05,0.00011591937312642104,0.00020141807567798295,0.15103247547401927,0.15103247547401927,16,0.0032226892108477272,0.0032151378262583355,0.5755794280911444,0.5755162377370097,6.31903541347123e-05
rxry_czbrick,d4,4,MIDDLE,12,11000,0.5,694,8.549870255156192e-05,0.00011591937312642104,0.00020141807567798295,0.15103247547401927,0.15103247547401927,64,0.012890756843390909,0.012768598588456111,0.5757580276527196,0.5755162377370097,0.00024178991570988906
rxry_czbrick,d4,4,MIDDLE,12,11000,0.5,694,8.549870255156192e-05,0.00011591937312642104,0.00020141807567798295,0.15103247547401927,0.15103247547401927,256,0.051563027373563636,0.049641630305853265,0.5764750053105914,0.5755162377370097,0.0009587675735817092
rxry_czbrick,d4,4,MIDDLE,12,11000,0.5,694,8.549870255156192e-05,0.00011591937312642104,0.00020141807567798295,0.15103247547401927,0.15103247547401927,1024,0.20625210949425454,0.17790160431323165,0.5793794866529379,0.5755162377370097,0.0038632489159282635
rxry_czbrick,d4,4,MIDDLE,12,11000,0.5,694,8.549870255156192e-05,0.00011591937312642104,0.00020141807567798295,0.15103247547401927,0.15103247547401927,4096,0.8250084379770182,0.48582219752576455,0.5912987381017965,0.5755162377370097,0.01578250036478679
rxry_czbrick,d4,4,MIDDLE,12,11000,0.5,694,8.549870255156192e-05,0.00011591937312642104,0.00020141807567798295,0.15103247547401927,0.15103247547401927,16384,3.3000337519080727,0.7768601135955711,0.6339440495658961,0.5755162377370097,0.058427811828886456
rxry_czbrick,d4,4,MIDDLE,12,11000,0.5,694,8.549870255156192e-05,0.00011591937312642104,0.00020141807567798295,0.15103247547401927,0.15103247547401927,65536,13.20013500763229,0.9041236189564523,0.7290886904162971,0.5755162377370097,0.15357245267928743
rxry_czbrick,d4,4,MIDDLE,12,11000,0.75,1345,0.0001861496429208997,0.00036326668452691866,0.0005494163274478184,0.3223730944232649,0.3223730944232649,1,0.0005494163274478184,0.0005492810835205988,0.6612262345453379,0.6611865472116325,3.968733370540711e-05
rxry_czbrick,d4,4,MIDDLE,12,11000,0.75,1345,0.0001861496429208997,0.00036326668452691866,0.0005494163274478184,0.3223730944232649,0.3223730944232649,4,0.0021976653097912735,0.0021945046115273287,0.6612857749099383,0.6611865472116325,9.922769830583711e-05
rxry_czbrick,d4,4,MIDDLE,12,11000,0.75,1345,0.0001861496429208997,0.00036326668452691866,0.0005494163274478184,0.3223730944232649,0.3223730944232649,16,0.008790661239165094,0.008736288694786706,0.661524047945607,0.6611865472116325,0.0003375007339745384
rxry_czbrick,d4,4,MIDDLE,12,11000,0.75,1345,0.0001861496429208997,0.00036326668452691866,0.0005494163274478184,0.3223730944232649,0.3223730944232649,64,0.035162644956660376,0.03428919738408334,0.6624788784567277,0.6611865472116325,0.0012923312450952018
rxry_czbrick,d4,4,MIDDLE,12,11000,0.75,1345,0.0001861496429208997,0.00036326668452691866,0.0005494163274478184,0.3223730944232649,0.3223730944232649,256,0.1406505798266415,0.12736922094899525,0.6663230308100434,0.6611865472116325,0.005136483598410901
rxry_czbrick,d4,4,MIDDLE,12,11000,0.75,1345,0.0001861496429208997,0.00036326668452691866,0.0005494163274478184,0.3223730944232649,0.3223730944232649,1024,0.562602319306566,0.3891869207198628,0.6819136265784442,0.6611865472116325,0.02072707936681173
rxry_czbrick,d4,4,MIDDLE,12,11000,0.75,1345,0.0001861496429208997,0.00036326668452691866,0.0005494163274478184,0.3223730944232649,0.3223730944232649,4096,2.250409277226264,0.7366276331844965,0.7396866741002351,0.6611865472116325,0.07850012688860264
rxry_czbrick,d4,4,MIDDLE,12,11000,0.75,1345,0.0001861496429208997,0.00036326668452691866,0.0005494163274478184,0.3223730944232649,0.3223730944232649,16384,9.001637108905056,0.914149702412337,0.8642484667381263,0.6611865472116325,0.20306191952649377
rxry_czbrick,d4,4,MIDDLE,12,11000,0.75,1345,0.0001861496429208997,0.00036326668452691866,0.0005494163274478184,0.3223730944232649,0.3223730944232649,65536,36.006548435620225,0.9899716230665424,0.9794516600367834,0.6611865472116325,0.3182651128251509
rxry_czbrick,d4,4,MIDDLE,12,11000,0.9,2096,0.0007063307929364855,0.0005527778444502289,0.0012591086373867143,-0.12195369321344379,0.12195369321344379,1,0.0012591086373867143,0.0012583277493603382,0.5610146873754926,0.5609768466067219,3.7840768770780464e-05
rxry_czbrick,d4,4,MIDDLE,12,11000,0.9,2096,0.0007063307929364855,0.0005527778444502289,0.0012591086373867143,-0.12195369321344379,0.12195369321344379,4,0.005036434549546857,0.005019150969815932,0.5610714769111613,0.5609768466067219,9.463030443945808e-05
rxry_czbrick,d4,4,MIDDLE,12,11000,0.9,2096,0.0007063307929364855,0.0005527778444502289,0.0012591086373867143,-0.12195369321344379,0.12195369321344379,16,0.020145738198187428,0.019852393595928167,0.561298971787355,0.5609768466067219,0.000322125180633126
rxry_czbrick,d4,4,MIDDLE,12,11000,0.9,2096,0.0007063307929364855,0.0005527778444502289,0.0012591086373867143,-0.12195369321344379,0.12195369321344379,64,0.08058295279274971,0.07596755381231046,0.5622141104350717,0.5609768466067219,0.0012372638283498771
rxry_czbrick,d4,4,MIDDLE,12,11000,0.9,2096,0.0007063307929364855,0.0005527778444502289,0.0012591086373867143,-0.12195369321344379,0.12195369321344379,256,0.32233181117099885,0.2569396066820615,0.5659427078903716,0.5609768466067219,0.004965861283649731
rxry_czbrick,d4,4,MIDDLE,12,11000,0.9,2096,0.0007063307929364855,0.0005527778444502289,0.0012591086373867143,-0.12195369321344379,0.12195369321344379,1024,1.2893272446839954,0.5997054643253223,0.5811305144028209,0.5609768466067219,0.020153667796099062
rxry_czbrick,d4,4,MIDDLE,12,11000,0.9,2096,0.0007063307929364855,0.0005527778444502289,0.0012591086373867143,-0.12195369321344379,0.12195369321344379,4096,5.157308978735982,0.8255503831273385,0.6291455732360961,0.5609768466067219,0.06816872662937423
rxry_czbrick,d4,4,MIDDLE,12,11000,0.9,2096,0.0007063307929364855,0.0005527778444502289,0.0012591086373867143,-0.12195369321344379,0.12195369321344379,16384,20.629235914943926,0.9239277768014533,0.7266680732325772,0.5609768466067219,0.16569122662585534
rxry_czbrick,d4,4,MIDDLE,12,11000,0.9,2096,0.0007063307929364855,0.0005527778444502289,0.0012591086373867143,-0.12195369321344379,0.12195369321344379,65536,82.5169436597757,0.9761546228687101,0.8751311553832927,0.5609768466067219,0.3141543087765708
rxry_czbrick,d4,4,LATE,12,11000,0.1,1197,3.285027849751302e-06,1.2188454888700318e-05,1.5473482738451622e-05,0.575399035203884,0.575399035203884,1,1.5473482738451622e-05,1.54734026596241e-05,0.787701006520737,0.787699517601942,1.4889187950339888e-06
rxry_czbrick,d4,4,LATE,12,11000,0.1,1197,3.285027849751302e-06,1.2188454888700318e-05,1.5473482738451622e-05,0.575399035203884,0.575399035203884,4,6.189393095380649e-05,6.18916936455144e-05,0.7877032398990262,0.787699517601942,3.7222970842298864e-06
rxry_czbrick,d4,4,LATE,12,11000,0.1,1197,3.285027849751302e-06,1.2188454888700318e-05,1.5473482738451622e-05,0.575399035203884,0.575399035203884,16,0.00024757572381522595,0.0002475361062565565,0.7877121734133206,0.787699517601942,1.2655811378547988e-05
rxry_czbrick,d4,4,LATE,12,11000,0.1,1197,3.285027849751302e-06,1.2188454888700318e-05,1.5473482738451622e-05,0.575399035203884,0.575399035203884,64,0.0009903028952609038,0.0009896539597117177,0.7877479074873405,0.787699517601942,4.838988539845879e-05
rxry_czbrick,d4,4,LATE,12,11000,0.1,1197,3.285027849751302e-06,1.2188454888700318e-05,1.5473482738451622e-05,0.575399035203884,0.575399035203884,256,0.003961211581043615,0.003950782956496702,0.7878908439666124,0.787699517601942,0.00019132636467034114
rxry_czbrick,d4,4,LATE,12,11000,0.1,1197,3.285027849751302e-06,1.2188454888700318e-05,1.5473482738451622e-05,0.575399035203884,0.575399035203884,1024,0.01584484632417446,0.015678731988830887,0.7884625873006468,0.787699517601942,0.0007630696987047658
rxry_czbrick,d4,4,LATE,12,11000,0.1,1197,3.285027849751302e-06,1.2188454888700318e-05,1.5473482738451622e-05,0.575399035203884,0.575399035203884,4096,0.06337938529669784,0.060782375078593534,0.7907491687184184,0.787699517601942,0.0030496511164763707
rxry_czbrick,d4,4,LATE,12,11000,0.1,1197,3.285027849751302e-06,1.2188454888700318e-05,1.5473482738451622e-05,0.575399035203884,0.575399035203884,16384,0.2535175411867914,0.21557116836896065,0.7998674468726181,0.787699517601942,0.012167929270676114
rxry_czbrick,d4,4,LATE,12,11000,0.1,1197,3.285027849751302e-06,1.2188454888700318e-05,1.5473482738451622e-05,0.575399035203884,0.575399035203884,65536,1.0140701647471655,0.5721485016427447,0.8347171299800178,0.787699517601942,0.04701761237807578
rxry_czbrick,d4,4,LATE,12,11000,0.25,872,3.085684507941915e-05,2.2264519764273168e-05,5.312136484369232e-05,-0.16174895619547028,0.16174895619547028,1,5.312136484369232e-05,5.311999081801805e-05,0.5808765700335123,0.5808744780977352,2.0919357771598257e-06
rxry_czbrick,d4,4,LATE,12,11000,0.25,872,3.085684507941915e-05,2.2264519764273168e-05,5.312136484369232e-05,-0.16174895619547028,0.16174895619547028,4,0.00021248545937476929,0.0002124547906307546,0.5808797080011747,0.5808744780977352,5.229903439540884e-06
rxry_czbrick,d4,4,LATE,12,11000,0.25,872,3.085684507941915e-05,2.2264519764273168e-05,5.312136484369232e-05,-0.16174895619547028,0.16174895619547028,16,0.0008499418374990771,0.0008494165772455395,0.5808922606393955,0.5808744780977352,1.7782541660293916e-05
rxry_czbrick,d4,4,LATE,12,11000,0.25,872,3.085684507941915e-05,2.2264519764273168e-05,5.312136484369232e-05,-0.16174895619547028,0.16174895619547028,64,0.0033997673499963086,0.003391236255039112,0.5809424834508309,0.5808744780977352,6.800535309570144e-05
rxry_czbrick,d4,4,LATE,12,11000,0.25,872,3.085684507941915e-05,2.2264519764273168e-05,5.312136484369232e-05,-0.16174895619547028,0.16174895619547028,256,0.013599069399985234,0.013462783836979193,0.5811435693880529,0.5808744780977352,0.0002690912903177134
rxry_czbrick,d4,4,LATE,12,11000,0.25,872,3.085684507941915e-05,2.2264519764273168e-05,5.312136484369232e-05,-0.16174895619547028,0.16174895619547028,1024,0.05439627759994094,0.052261563286176704,0.5819509357253533,0.5808744780977352,0.0010764576276180993
rxry_czbrick,d4,4,LATE,12,11000,0.25,872,3.085684507941915e-05,2.2264519764273168e-05,5.312136484369232e-05,-0.16174895619547028,0.16174895619547028,4096,0.21758511039976375,0.1862437167610882,0.5852228707492432,0.5808744780977352,0.004348392651507993
rxry_czbrick,d4,4,LATE,12,11000,0.25,872,3.085684507941915e-05,2.2264519764273168e-05,5.312136484369232e-05,-0.16174895619547028,0.16174895619547028,16384,0.870340441599055,0.5003220288139407,0.598636784912464,0.5808744780977352,0.01776230681472879
rxry_czbrick,d4,4,LATE,12,11000,0.25,872,3.085684507941915e-05,2.2264519764273168e-05,5.312136484369232e-05,-0.16174895619547028,0.16174895619547028,65536,3.48136176639622,0.7849642042759373,0.6458548124443915,0.5808744780977352,0.06498033434665629
rxry_czbrick,d4,4,LATE,12,11000,0.5,1003,0.00012185079492434378,6.363807493177193e-05,0.00018548886985611572,-0.3138340324016618,0.3138340324016618,1,0.00018548886985611572,0.0001854733611560799,0.656930137108974,0.6569170162008309,1.3120908143093857e-05
rxry_czbrick,d4,4,LATE,12,11000,0.5,1003,0.00012185079492434378,6.363807493177193e-05,0.00018548886985611572,-0.3138340324016618,0.3138340324016618,4,0.0007419554794244629,0.0007415940675050089,0.6569498195422842,0.6569170162008309,3.280334145328023e-05
rxry_czbrick,d4,4,LATE,12,11000,0.5,1003,0.00012185079492434378,6.363807493177193e-05,0.00018548886985611572,-0.3138340324016618,0.3138340324016618,16,0.0029678219176978516,0.002961593431467394,0.6570285620988884,0.6569170162008309,0.00011154589805750792
rxry_czbrick,d4,4,LATE,12,11000,0.5,1003,0.00012185079492434378,6.363807493177193e-05,0.00018548886985611572,-0.3138340324016618,0.3138340324016618,64,0.011871287670791406,0.011770306527431974,0.6573437357338203,0.6569170162008309,0.0004267195329894502
rxry_czbrick,d4,4,LATE,12,11000,0.5,1003,0.00012185079492434378,6.363807493177193e-05,0.00018548886985611572,-0.3138340324016618,0.3138340324016618,256,0.047485150683165625,0.04589290168158683,0.6586075719811076,0.6569170162008309,0.0016905557802767701
rxry_czbrick,d4,4,LATE,12,11000,0.5,1003,0.00012185079492434378,6.363807493177193e-05,0.00018548886985611572,-0.3138340324016618,0.3138340324016618,1024,0.1899406027326625,0.16626048061024332,0.663706018578819,0.6569170162008309,0.006789002377988074
rxry_czbrick,d4,4,LATE,12,11000,0.5,1003,0.00012185079492434378,6.363807493177193e-05,0.00018548886985611572,-0.3138340324016618,0.3138340324016618,4096,0.75976241093065,0.46936763936175496,0.6843597995174132,0.6569170162008309,0.027442783316582342
rxry_czbrick,d4,4,LATE,12,11000,0.5,1003,0.00012185079492434378,6.363807493177193e-05,0.00018548886985611572,-0.3138340324016618,0.3138340324016618,16384,3.0390496437226,0.7868960820376922,0.7559140109948869,0.6569170162008309,0.09899699479405599
rxry_czbrick,d4,4,LATE,12,11000,0.5,1003,0.00012185079492434378,6.363807493177193e-05,0.00018548886985611572,-0.3138340324016618,0.3138340324016618,65536,12.1561985748904,0.9357366355217013,0.888491364738547,0.6569170162008309,0.23157434853771608
rxry_czbrick,d4,4,LATE,12,11000,0.75,2909,0.0001925620473279126,0.00034933795787975996,0.0005419000052076725,0.28930782255993165,0.28930782255993165,1,0.0005419000052076725,0.0005417654667429153,0.6446898336787518,0.6446539112799659,3.5922398785914744e-05
rxry_czbrick,d4,4,LATE,12,11000,0.75,2909,0.0001925620473279126,0.00034933795787975996,0.0005419000052076725,0.28930782255993165,0.28930782255993165,4,0.00216760002083069,0.0021644955245309324,0.6447437263754072,0.6446539112799659,8.981509544137012e-05
rxry_czbrick,d4,4,LATE,12,11000,0.75,2909,0.0001925620473279126,0.00034933795787975996,0.0005419000052076725,0.28930782255993165,0.28930782255993165,16,0.00867040008332276,0.008617101219146047,0.6449594056499576,0.6446539112799659,0.0003054943699917212
rxry_czbrick,d4,4,LATE,12,11000,0.75,2909,0.0001925620473279126,0.00034933795787975996,0.0005419000052076725,0.28930782255993165,0.28930782255993165,64,0.03468160033329104,0.03382570223900019,0.6458238174493719,0.6446539112799659,0.001169906169406043
rxry_czbrick,d4,4,LATE,12,11000,0.75,2909,0.0001925620473279126,0.00034933795787975996,0.0005419000052076725,0.28930782255993165,0.28930782255993165,256,0.13872640133316416,0.12570787372344527,0.6493059605600443,0.6446539112799659,0.004652049280078452
rxry_czbrick,d4,4,LATE,12,11000,0.75,2909,0.0001925620473279126,0.00034933795787975996,0.0005419000052076725,0.28930782255993165,0.28930782255993165,1024,0.5549056053326566,0.38468551981254867,0.6634648915477698,0.6446539112799659,0.018810980267803923
rxry_czbrick,d4,4,LATE,12,11000,0.75,2909,0.0001925620473279126,0.00034933795787975996,0.0005419000052076725,0.28930782255993165,0.28930782255993165,4096,2.2196224213306266,0.7294729363061866,0.7165926138859344,0.6446539112799659,0.07193870260596857
rxry_czbrick,d4,4,LATE,12,11000,0.75,2909,0.0001925620473279126,0.00034933795787975996,0.0005419000052076725,0.28930782255993165,0.28930782255993165,16384,8.878489685322506,0.9049045176990143,0.836727953790837,0.6446539112799659,0.19207404251087112
rxry_czbrick,d4,4,LATE,12,11000,0.75,2909,0.0001925620473279126,0.00034933795787975996,0.0005419000052076725,0.28930782255993165,0.28930782255993165,65536,35.513958741290026,0.9849642321717339,0.9657820966770386,0.6446539112799659,0.3211281853970728
rxry_czbrick,d4,4,LATE,12,11000,0.9,11,0.00026987924766956313,0.0009540970714295655,0.0012239763190991285,0.5590123052900244,0.5590123052900244,1,0.0012239763190991285,0.0012234613370994464,0.7796238029810285,0.7795061526450122,0.00011765033601629504
rxry_czbrick,d4,4,LATE,12,11000,0.9,11,0.00026987924766956313,0.0009540970714295655,0.0012239763190991285,0.5590123052900244,0.5590123052900244,4,0.004895905276396514,0.0048817929613059596,0.779800283855617,0.7795061526450122,0.00029413121060473113
rxry_czbrick,d4,4,LATE,12,11000,0.9,11,0.00026987924766956313,0.0009540970714295655,0.0012239763190991285,0.5590123052900244,0.5590123052900244,16,0.019583621105586056,0.019336105876567866,0.7805062604678059,0.7795061526450122,0.0010001078227936944
rxry_czbrick,d4,4,LATE,12,11000,0.9,11,0.00026987924766956313,0.0009540970714295655,0.0012239763190991285,0.5590123052900244,0.5590123052900244,64,0.07833448442234422,0.07439738291690508,0.783330350045669,0.7795061526450122,0.003824197400656759
rxry_czbrick,d4,4,LATE,12,11000,0.9,11,0.00026987924766956313,0.0009540970714295655,0.0012239763190991285,0.5590123052900244,0.5590123052900244,256,0.3133379376893769,0.2566881713265758,0.7945885000517381,0.7795061526450122,0.015082347406725871
rxry_czbrick,d4,4,LATE,12,11000,0.9,11,0.00026987924766956313,0.0009540970714295655,0.0012239763190991285,0.5590123052900244,0.5590123052900244,1024,1.2533517507575076,0.6320826173069869,0.8369011176761624,0.7795061526450122,0.05739496503115016
rxry_czbrick,d4,4,LATE,12,11000,0.9,11,0.00026987924766956313,0.0009540970714295655,0.0012239763190991285,0.5590123052900244,0.5590123052900244,4096,5.01340700303003,0.9139556346376291,0.9353769946540355,0.7795061526450122,0.15587084200902324
rxry_czbrick,d4,4,LATE,12,11000,0.9,11,0.00026987924766956313,0.0009540970714295655,0.0012239763190991285,0.5590123052900244,0.5590123052900244,16384,20.05362801212012,0.9967999997653102,0.9969219926522506,0.7795061526450122,0.21741584000723835
rxry_czbrick,d4,4,LATE,12,11000,0.9,11,0.00026987924766956313,0.0009540970714295655,0.0012239763190991285,0.5590123052900244,0.5590123052900244,65536,80.21451204848049,0.9999999456499444,0.9999999412481149,0.7795061526450122,0.22049378860310265
rxry_czbrick,dn,12,EARLY,12,11000,0.1,772,1.2565306723320188e-05,8.861702892031223e-05,0.00010118233564363242,0.7516304275170002,0.7516304275170002,1,0.00010118233564363242,0.00010118010864333378,0.8758234855483258,0.8758152137585,8.271789825764486e-06
rxry_czbrick,dn,12,EARLY,12,11000,0.1,772,1.2565306723320188e-05,8.861702892031223e-05,0.00010118233564363242,0.7516304275170002,0.7516304275170002,4,0.00040472934257452966,0.0004046456562839227,0.8758358928694727,0.8758152137585,2.0679110972698922e-05
rxry_czbrick,dn,12,EARLY,12,11000,0.1,772,1.2565306723320188e-05,8.861702892031223e-05,0.00010118233564363242,0.7516304275170002,0.7516304275170002,16,0.0016189173702981187,0.0016173869936915919,0.8758855177866192,0.8758152137585,7.030402811913916e-05
rxry_czbrick,dn,12,EARLY,12,11000,0.1,772,1.2565306723320188e-05,8.861702892031223e-05,0.00010118233564363242,0.7516304275170002,0.7516304275170002,64,0.006475669481192475,0.0064504703073818125,0.8760839473192534,0.8758152137585,0.00026873356075340915
rxry_czbrick,dn,12,EARLY,12,11000,0.1,772,1.2565306723320188e-05,8.861702892031223e-05,0.00010118233564363242,0.7516304275170002,0.7516304275170002,256,0.0259026779247699,0.025499963896967803,0.8768765269116489,0.8758152137585,0.0010613131531488351
rxry_czbrick,dn,12,EARLY,12,11000,0.1,772,1.2565306723320188e-05,8.861702892031223e-05,0.00010118233564363242,0.7516304275170002,0.7516304275170002,1024,0.1036107116990796,0.09737441598345825,0.8800276018841299,0.8758152137585,0.004212388125629851
rxry_czbrick,dn,12,EARLY,12,11000,0.1,772,1.2565306723320188e-05,8.861702892031223e-05,0.00010118233564363242,0.7516304275170002,0.7516304275170002,4096,0.4144428467963184,0.32690077413622565,0.892263816824989,0.8758152137585,0.016448603066488987
rxry_czbrick,dn,12,EARLY,12,11000,0.1,772,1.2565306723320188e-05,8.861702892031223e-05,0.00010118233564363242,0.7516304275170002,0.7516304275170002,16384,1.6577713871852735,0.7480869393002341,0.9329471713445665,0.8758152137585,0.057131957586066484
rxry_czbrick,dn,12,EARLY,12,11000,0.1,772,1.2565306723320188e-05,8.861702892031223e-05,0.00010118233564363242,0.7516304275170002,0.7516304275170002,65536,6.631085548741094,0.9793691171884025,0.9908152826495458,0.8758152137585,0.11500006889104575
rxry_czbrick,dn,12,EARLY,12,11000,0.25,1814,0.00017476279368115483,1.1793784896352315e-05,0.00018655657857750716,-0.8735634520499908,0.8735634520499908,1,0.00018655657857750716,0.00018655245634791395,0.9367913775438872,0.9367817260249953,9.651518891873323e-06
rxry_czbrick,dn,12,EARLY,12,11000,0.25,1814,0.00017476279368115483,1.1793784896352315e-05,0.00018655657857750716,-0.8735634520499908,0.8735634520499908,4,0.0007462263143100286,0.0007459763209081889,0.936805853370882,0.9367817260249953,2.4127345886637563e-05
rxry_czbrick,dn,12,EARLY,12,11000,0.25,1814,0.00017476279368115483,1.1793784896352315e-05,0.00018655657857750716,-0.8735634520499908,0.8735634520499908,16,0.0029849052572401146,0.0029801734316303734,0.9368637392518755,0.9367817260249953,8.20132268801732e-05
rxry_czbrick,dn,12,EARLY,12,11000,0.25,1814,0.00017476279368115483,1.1793784896352315e-05,0.00018655657857750716,-0.8735634520499908,0.8735634520499908,64,0.011939621028960458,0.011861253146411278,0.9370950033018545,0.9367817260249953,0.0003132772768591474
rxry_czbrick,dn,12,EARLY,12,11000,0.25,1814,0.00017476279368115483,1.1793784896352315e-05,0.00018655657857750716,-0.8735634520499908,0.8735634520499908,256,0.04775848411584183,0.04651092703724095,0.9380155473803793,0.9367817260249953,0.0012338213553839683
rxry_czbrick,dn,12,EARLY,12,11000,0.25,1814,0.00017476279368115483,1.1793784896352315e-05,0.00018655657857750716,-0.8735634520499908,0.8735634520499908,1024,0.19103393646336733,0.17212175091589862,0.941623080997512,0.9367817260249953,0.004841354972516698
rxry_czbrick,dn,12,EARLY,12,11000,0.25,1814,0.00017476279368115483,1.1793784896352315e-05,0.00018655657857750716,-0.8735634520499908,0.8735634520499908,4096,0.7641357458534693,0.5180462122827674,0.9547395299019659,0.9367817260249953,0.017957803876970546
rxry_czbrick,dn,12,EARLY,12,11000,0.25,1814,0.00017476279368115483,1.1793784896352315e-05,0.00018655657857750716,-0.8735634520499908,0.8735634520499908,16384,3.0565429834138773,0.9231019166912073,0.9859532281534628,0.9367817260249953,0.04917150212846744
rxry_czbrick,dn,12,EARLY,12,11000,0.25,1814,0.00017476279368115483,1.1793784896352315e-05,0.00018655657857750716,-0.8735634520499908,0.8735634520499908,65536,12.22617193365551,0.9996852173572525,0.9999078450218292,0.9367817260249953,0.06312611899683385
rxry_czbrick,dn,12,EARLY,12,11000,0.5,3445,1.5079028144500726e-05,0.00033740460383577963,0.00035248363198028034,0.9144412575427372,0.9144412575427372,1,0.00035248363198028034,0.00035247345651324573,0.9572338281580164,0.9572206287713686,1.3199386647788636e-05
rxry_czbrick,dn,12,EARLY,12,11000,0.5,3445,1.5079028144500726e-05,0.00033740460383577963,0.00035248363198028034,0.9144412575427372,0.9144412575427372,4,0.0014099345279211214,0.0014090875877076788,0.9572536228494964,0.9572206287713686,3.299407812784594e-05
rxry_czbrick,dn,12,EARLY,12,11000,0.5,3445,1.5079028144500726e-05,0.00033740460383577963,0.00035248363198028034,0.9144412575427372,0.9144412575427372,16,0.0056397381116844855,0.0056234766779057945,0.9573327489149986,0.9572206287713686,0.00011212014363004563
rxry_czbrick,dn,12,EARLY,12,11000,0.5,3445,1.5079028144500726e-05,0.00033740460383577963,0.00035248363198028034,0.9144412575427372,0.9144412575427372,64,0.022558952446737942,0.022289589804877722,0.9576484077051748,0.9572206287713686,0.0004277789338061888
rxry_czbrick,dn,12,EARLY,12,11000,0.5,3445,1.5079028144500726e-05,0.00033740460383577963,0.00035248363198028034,0.9144412575427372,0.9144412575427372,256,0.09023580978695177,0.0859928590318699,0.9588973750465194,0.9572206287713686,0.0016767462751507978
rxry_czbrick,dn,12,EARLY,12,11000,0.5,3445,1.5079028144500726e-05,0.00033740460383577963,0.00035248363198028034,0.9144412575427372,0.9144412575427372,1024,0.36094323914780707,0.29929759870271133,0.9636667829541464,0.9572206287713686,0.00644615418277783
rxry_czbrick,dn,12,EARLY,12,11000,0.5,3445,1.5079028144500726e-05,0.00033740460383577963,0.00035248363198028034,0.9144412575427372,0.9144412575427372,4096,1.4437729565912283,0.7434356782722416,0.9789103089234528,0.9572206287713686,0.021689680152084168
rxry_czbrick,dn,12,EARLY,12,11000,0.5,3445,1.5079028144500726e-05,0.00033740460383577963,0.00035248363198028034,0.9144412575427372,0.9144412575427372,16384,5.775091826364913,0.9909761107055655,0.9984051959701741,0.9572206287713686,0.04118456719880548
rxry_czbrick,dn,12,EARLY,12,11000,0.5,3445,1.5079028144500726e-05,0.00033740460383577963,0.00035248363198028034,0.9144412575427372,0.9144412575427372,65536,23.100367305459653,0.9999998592195243,0.9999999659297562,0.9572206287713686,0.042779337158387554
rxry_czbrick,dn,12,EARLY,12,11000,0.75,3514,0.0001283763955349908,0.000511823935164092,0.0006402003306990828,0.5989492995268935,0.5989492995268935,1,0.0006402003306990828,0.0006400689184751931,0.7995361347513723,0.7994746497634467,6.148498792557522e-05
rxry_czbrick,dn,12,EARLY,12,11000,0.75,3514,0.0001283763955349908,0.000511823935164092,0.0006402003306990828,0.5989492995268935,0.5989492995268935,4,0.002560801322796331,0.002557031633070819,0.7996283603211755,0.7994746497634467,0.00015371055772872566
rxry_czbrick,dn,12,EARLY,12,11000,0.75,3514,0.0001283763955349908,0.000511823935164092,0.0006402003306990828,0.5989492995268935,0.5989492995268935,16,0.010243205291185324,0.010176467866355605,0.7999972380720916,0.7994746497634467,0.0005225883086448224
rxry_czbrick,dn,12,EARLY,12,11000,0.75,3514,0.0001283763955349908,0.000511823935164092,0.0006402003306990828,0.5989492995268935,0.5989492995268935,64,0.0409728211647413,0.03989482991848353,0.8014722631794257,0.7994746497634467,0.001997613415978927
rxry_czbrick,dn,12,EARLY,12,11000,0.75,3514,0.0001283763955349908,0.000511823935164092,0.0006402003306990828,0.5989492995268935,0.5989492995268935,256,0.1638912846589652,0.1475346637601725,0.8073587257696659,0.7994746497634467,0.00788407600621921
rxry_czbrick,dn,12,EARLY,12,11000,0.75,3514,0.0001283763955349908,0.000511823935164092,0.0006402003306990828,0.5989492995268935,0.5989492995268935,1024,0.6555651386358607,0.44451910855004123,0.8303473076566072,0.7994746497634467,0.030872657893160516
rxry_czbrick,dn,12,EARLY,12,11000,0.75,3514,0.0001283763955349908,0.000511823935164092,0.0006402003306990828,0.5989492995268935,0.5989492995268935,4096,2.622260554543443,0.8223533850551263,0.9022756604201664,0.7994746497634467,0.10280101065671965
rxry_czbrick,dn,12,EARLY,12,11000,0.75,3514,0.0001283763955349908,0.000511823935164092,0.0006402003306990828,0.5989492995268935,0.5989492995268935,16384,10.489042218173772,0.9827037654945328,0.9864761431464586,0.7994746497634467,0.18700149338301186
rxry_czbrick,dn,12,EARLY,12,11000,0.75,3514,0.0001283763955349908,0.000511823935164092,0.0006402003306990828,0.5989492995268935,0.5989492995268935,65536,41.95616887269509,0.9999838436125474,0.9999850524113715,0.7994746497634467,0.20051040264792475
rxry_czbrick,dn,12,EARLY,12,11000,0.9,2735,0.00025522323793233183,0.000787329745359321,0.001042552983291653,0.5103879763951843,0.5103879763951843,1,0.001042552983291653,0.0010421510935977908,0.7552923998716979,0.7551939881975922,9.841167410573615e-05
rxry_czbrick,dn,12,EARLY,12,11000,0.9,2735,0.00025522323793233183,0.000787329745359321,0.001042552983291653,0.5103879763951843,0.5103879763951843,4,0.004170211933166612,0.004159688620394262,0.7554400312425421,0.7551939881975922,0.00024604304494990625
rxry_czbrick,dn,12,EARLY,12,11000,0.9,2735,0.00025522323793233183,0.000787329745359321,0.001042552983291653,0.5103879763951843,0.5103879763951843,16,0.016680847732666447,0.016497240958953312,0.7560307160332733,0.7551939881975922,0.000836727835681117
rxry_czbrick,dn,12,EARLY,12,11000,0.9,2735,0.00025522323793233183,0.000787329745359321,0.001042552983291653,0.5103879763951843,0.5103879763951843,64,0.06672339093066579,0.06379571074024408,0.7583955908154657,0.7551939881975922,0.0032016026178735
rxry_czbrick,dn,12,EARLY,12,11000,0.9,2735,0.00025522323793233183,0.000787329745359321,0.001042552983291653,0.5103879763951843,0.5103879763951843,256,0.26689356372266315,0.22418559602076474,0.7678634828750085,0.7551939881975922,0.012669494677416293
rxry_czbrick,dn,12,EARLY,12,11000,0.9,2735,0.00025522323793233183,0.000787329745359321,0.001042552983291653,0.5103879763951843,0.5103879763951843,1024,1.0675742548906526,0.579873643463957,0.8044655407148557,0.7551939881975922,0.04927155251726345
rxry_czbrick,dn,12,EARLY,12,11000,0.9,2735,0.00025522323793233183,0.000787329745359321,0.001042552983291653,0.5103879763951843,0.5103879763951843,4096,4.27029701956261,0.8807325079486981,0.9025062158255486,0.7551939881975922,0.14731222762795637
rxry_czbrick,dn,12,EARLY,12,11000,0.9,2735,0.00025522323793233183,0.000787329745359321,0.001042552983291653,0.5103879763951843,0.5103879763951843,16384,17.08118807825044,0.9904102448733754,0.9896860187319445,0.7551939881975922,0.2344920305343523
rxry_czbrick,dn,12,EARLY,12,11000,0.9,2735,0.00025522323793233183,0.000787329745359321,0.001042552983291653,0.5103879763951843,0.5103879763951843,65536,68.32475231300177,0.9999963746783304,0.9999955123893285,0.7551939881975922,0.24480152419173629
rxry_czbrick,dn,12,MIDDLE,12,11000,0.1,3503,6.336213332680787e-05,2.6586277270772408e-05,8.994841059758028e-05,-0.408854984893138,0.408854984893138,1,8.994841059758028e-05,8.994504147109005e-05,0.7044351498123211,0.704427492446569,7.65736575214504e-06
rxry_czbrick,dn,12,MIDDLE,12,11000,0.1,3503,6.336213332680787e-05,2.6586277270772408e-05,8.994841059758028e-05,-0.408854984893138,0.408854984893138,4,0.00035979364239032113,0.0003597114188272818,0.7044466360754655,0.704427492446569,1.9143628896545195e-05
rxry_czbrick,dn,12,MIDDLE,12,11000,0.1,3503,6.336213332680787e-05,2.6586277270772408e-05,8.994841059758028e-05,-0.408854984893138,0.408854984893138,16,0.0014391745695612845,0.0014377465075655093,0.7044925836981296,0.704427492446569,6.509125156062279e-05
rxry_czbrick,dn,12,MIDDLE,12,11000,0.1,3503,6.336213332680787e-05,2.6586277270772408e-05,8.994841059758028e-05,-0.408854984893138,0.408854984893138,64,0.005756698278245138,0.005733449478472631,0.704676415066274,0.704427492446569,0.0002489226197049943
rxry_czbrick,dn,12,MIDDLE,12,11000,0.1,3503,6.336213332680787e-05,2.6586277270772408e-05,8.994841059758028e-05,-0.408854984893138,0.408854984893138,256,0.023026793112980552,0.022656391379061478,0.7054123789876209,0.704427492446569,0.0009848865410518881
rxry_czbrick,dn,12,MIDDLE,12,11000,0.1,3503,6.336213332680787e-05,2.6586277270772408e-05,8.994841059758028e-05,-0.408854984893138,0.408854984893138,1024,0.09210717245192221,0.0863829881705267,0.7083654569305412,0.704427492446569,0.003937964483972212
rxry_czbrick,dn,12,MIDDLE,12,11000,0.1,3503,6.336213332680787e-05,2.6586277270772408e-05,8.994841059758028e-05,-0.408854984893138,0.408854984893138,4096,0.36842868980768884,0.2884936125438521,0.7202635314278658,0.704427492446569,0.01583603898129682
rxry_czbrick,dn,12,MIDDLE,12,11000,0.1,3503,6.336213332680787e-05,2.6586277270772408e-05,8.994841059758028e-05,-0.408854984893138,0.408854984893138,16384,1.4737147592307553,0.6550288603953183,0.7660516305685159,0.704427492446569,0.06162413812194689
rxry_czbrick,dn,12,MIDDLE,12,11000,0.1,3503,6.336213332680787e-05,2.6586277270772408e-05,8.994841059758028e-05,-0.408854984893138,0.408854984893138,65536,5.894859036923021,0.8945413733196217,0.8791877636699649,0.704427492446569,0.17476027122339588
rxry_czbrick,dn,12,MIDDLE,12,11000,0.25,3157,0.0001301475409401784,4.9279634417751027e-05,0.00017942717535792942,-0.4507004379972455,0.4507004379972455,1,0.00017942717535792942,0.0001794143481114536,0.7253663304347084,0.7253502189986227,1.611143608570842e-05
rxry_czbrick,dn,12,MIDDLE,12,11000,0.25,3157,0.0001301475409401784,4.9279634417751027e-05,0.00017942717535792942,-0.4507004379972455,0.4507004379972455,4,0.0007177087014317177,0.000717387356434985,0.7253904982938589,0.7253502189986227,4.0279295236200774e-05
rxry_czbrick,dn,12,MIDDLE,12,11000,0.25,3157,0.0001301475409401784,4.9279634417751027e-05,0.00017942717535792942,-0.4507004379972455,0.4507004379972455,16,0.0028708348057268707,0.0028652349283385353,0.7254871781563517,0.7253502189986227,0.00013695915772893308
rxry_czbrick,dn,12,MIDDLE,12,11000,0.25,3157,0.0001301475409401784,4.9279634417751027e-05,0.00017942717535792942,-0.4507004379972455,0.4507004379972455,64,0.011483339222907483,0.011392294985467833,0.7258740303835534,0.7253502189986227,0.0005238113849306281
rxry_czbrick,dn,12,MIDDLE,12,11000,0.25,3157,0.0001301475409401784,4.9279634417751027e-05,0.00017942717535792942,-0.4507004379972455,0.4507004379972455,256,0.04593335689162993,0.04449519059905039,0.7274234337255568,0.7253502189986227,0.002073214726934114
rxry_czbrick,dn,12,MIDDLE,12,11000,0.25,3157,0.0001301475409401784,4.9279634417751027e-05,0.00017942717535792942,-0.4507004379972455,0.4507004379972455,1024,0.18373342756651972,0.16224389521288293,0.7336447476371027,0.7253502189986227,0.008294528638480014
rxry_czbrick,dn,12,MIDDLE,12,11000,0.25,3157,0.0001301475409401784,4.9279634417751027e-05,0.00017942717535792942,-0.4507004379972455,0.4507004379972455,4096,0.7349337102660789,0.46747052042117837,0.7584257504431566,0.7253502189986227,0.0330755314445339
rxry_czbrick,dn,12,MIDDLE,12,11000,0.25,3157,0.0001301475409401784,4.9279634417751027e-05,0.00017942717535792942,-0.4507004379972455,0.4507004379972455,16384,2.9397348410643156,0.808538362382222,0.8395793791496179,0.7253502189986227,0.11422916015099516
rxry_czbrick,dn,12,MIDDLE,12,11000,0.25,3157,0.0001301475409401784,4.9279634417751027e-05,0.00017942717535792942,-0.4507004379972455,0.4507004379972455,65536,11.758939364257262,0.9647060977868459,0.9579653287611433,0.7253502189986227,0.23261510976252053
rxry_czbrick,dn,12,MIDDLE,12,11000,0.5,3573,0.00031112020284673617,3.501296630901481e-05,0.00034613316915575097,-0.7976907766775748,0.7976907766775748,1,0.00034613316915575097,0.00034611138267339023,0.8988704942395254,0.8988453883387875,2.5105900737898423e-05
rxry_czbrick,dn,12,MIDDLE,12,11000,0.5,3573,0.00031112020284673617,3.501296630901481e-05,0.00034613316915575097,-0.7976907766775748,0.7976907766775748,4,0.0013845326766230039,0.0013835963547803884,0.898908148149981,0.8988453883387875,6.275981119352458e-05
rxry_czbrick,dn,12,MIDDLE,12,11000,0.5,3573,0.00031112020284673617,3.501296630901481e-05,0.00034613316915575097,-0.7976907766775748,0.7976907766775748,16,0.0055381307064920155,0.005520829305562871,0.899058704367848,0.8988453883387875,0.00021331602906049518
rxry_czbrick,dn,12,MIDDLE,12,11000,0.5,3573,0.00031112020284673617,3.501296630901481e-05,0.00034613316915575097,-0.7976907766775748,0.7976907766775748,64,0.022152522825968062,0.02186836952112575,0.8996599704229578,0.8988453883387875,0.00081458208417029
rxry_czbrick,dn,12,MIDDLE,12,11000,0.5,3573,0.00031112020284673617,3.501296630901481e-05,0.00034613316915575097,-0.7976907766775748,0.7976907766775748,256,0.08861009130387225,0.08415543948872788,0.9020491893959931,0.8988453883387875,0.0032038010572056352
rxry_czbrick,dn,12,MIDDLE,12,11000,0.5,3573,0.00031112020284673617,3.501296630901481e-05,0.00034613316915575097,-0.7976907766775748,0.7976907766775748,1024,0.354440365215489,0.2904304463296483,0.9113228971732608,0.8988453883387875,0.012477508834473294
rxry_czbrick,dn,12,MIDDLE,12,11000,0.5,3573,0.00031112020284673617,3.501296630901481e-05,0.00034613316915575097,-0.7976907766775748,0.7976907766775748,4096,1.417761460861956,0.7114478583586002,0.9426743722428654,0.8988453883387875,0.04382898390407797
rxry_czbrick,dn,12,MIDDLE,12,11000,0.5,3573,0.00031112020284673617,3.501296630901481e-05,0.00034613316915575097,-0.7976907766775748,0.7976907766775748,16384,5.671045843447824,0.9762463016829431,0.9915214352830519,0.8988453883387875,0.09267604694426446
rxry_czbrick,dn,12,MIDDLE,12,11000,0.5,3573,0.00031112020284673617,3.501296630901481e-05,0.00034613316915575097,-0.7976907766775748,0.7976907766775748,65536,22.684183373791296,0.9999866375637281,0.9999939133773442,0.8988453883387875,0.10114852503855676
rxry_czbrick,dn,12,MIDDLE,12,11000,0.75,3478,0.00026567351841076404,0.0003698504693902724,0.0006355239878010364,0.16392292498662228,0.16392292498662228,1,0.0006355239878010364,0.0006353274688500586,0.5819868147430083,0.5819614624933112,2.5352249697130347e-05
rxry_czbrick,dn,12,MIDDLE,12,11000,0.75,3478,0.00026567351841076404,0.0003698504693902724,0.0006355239878010364,0.16392292498662228,0.16392292498662228,4,0.0025420959512041457,0.0025377121873525537,0.5820248523640621,0.5819614624933112,6.33898707509406e-05
rxry_czbrick,dn,12,MIDDLE,12,11000,0.75,3478,0.00026567351841076404,0.0003698504693902724,0.0006355239878010364,0.16392292498662228,0.16392292498662228,16,0.010168383804816583,0.010093587259118297,0.5821771131451297,0.5819614624933112,0.00021565065181849974
rxry_czbrick,dn,12,MIDDLE,12,11000,0.75,3478,0.00026567351841076404,0.0003698504693902724,0.0006355239878010364,0.16392292498662228,0.16392292498662228,64,0.04067353521926633,0.03947713109196471,0.5827878818183567,0.5819614624933112,0.0008264193250455687
rxry_czbrick,dn,12,MIDDLE,12,11000,0.75,3478,0.00026567351841076404,0.0003698504693902724,0.0006355239878010364,0.16392292498662228,0.16392292498662228,256,0.16269414087706532,0.14468674240600898,0.585256062961083,0.5819614624933112,0.0032946004677718577
rxry_czbrick,dn,12,MIDDLE,12,11000,0.75,3478,0.00026567351841076404,0.0003698504693902724,0.0006355239878010364,0.16392292498662228,0.16392292498662228,1024,0.6507765635082613,0.4232412678620545,0.5953762856779118,0.5819614624933112,0.013414823184600633
rxry_czbrick,dn,12,MIDDLE,12,11000,0.75,3478,0.00026567351841076404,0.0003698504693902724,0.0006355239878010364,0.16392292498662228,0.16392292498662228,4096,2.603106254033045,0.7433488062396502,0.6334042842222186,0.5819614624933112,0.05144282172890746
rxry_czbrick,dn,12,MIDDLE,12,11000,0.75,3478,0.00026567351841076404,0.0003698504693902724,0.0006355239878010364,0.16392292498662228,0.16392292498662228,16384,10.41242501613218,0.8904695536129474,0.7245505517697746,0.5819614624933112,0.1425890892764634
rxry_czbrick,dn,12,MIDDLE,12,11000,0.75,3478,0.00026567351841076404,0.0003698504693902724,0.0006355239878010364,0.16392292498662228,0.16392292498662228,65536,41.64970006452872,0.9644606314725033,0.8681552174003866,0.5819614624933112,0.28619375490707544
rxry_czbrick,dn,12,MIDDLE,12,11000,0.9,3037,0.00023744976313166697,0.0008189208041645002,0.0010563705672961671,0.5504422965145055,0.5504422965145055,1,0.0010563705672961671,0.0010559816621942225,0.7753225088324903,0.7752211482572527,0.00010136057523757458
rxry_czbrick,dn,12,MIDDLE,12,11000,0.9,3037,0.00023744976313166697,0.0008189208041645002,0.0010563705672961671,0.5504422965145055,0.5504422965145055,4,0.0042254822691846685,0.004214914727988454,0.7754745556241226,0.7752211482572527,0.0002534073668698511
rxry_czbrick,dn,12,MIDDLE,12,11000,0.9,3037,0.00023744976313166697,0.0008189208041645002,0.0010563705672961671,0.5504422965145055,0.5504422965145055,16,0.016901929076738674,0.016716616846297747,0.7760828066324462,0.7752211482572527,0.0008616583751934748
rxry_czbrick,dn,12,MIDDLE,12,11000,0.9,3037,0.00023744976313166697,0.0008189208041645002,0.0010563705672961671,0.5504422965145055,0.5504422965145055,64,0.0676077163069547,0.06464939071834655,0.7785164019028994,0.7752211482572527,0.0032952536456466452
rxry_czbrick,dn,12,MIDDLE,12,11000,0.9,3037,0.00023744976313166697,0.0008189208041645002,0.0010563705672961671,0.5504422965145055,0.5504422965145055,256,0.2704308652278188,0.22725612655774508,0.7882335175011467,0.7752211482572527,0.013012369243893929
rxry_czbrick,dn,12,MIDDLE,12,11000,0.9,3037,0.00023744976313166697,0.0008189208041645002,0.0010563705672961671,0.5504422965145055,0.5504422965145055,1024,1.0817234609112751,0.5883410541632981,0.825393994924548,0.7752211482572527,0.05017284666729527
rxry_czbrick,dn,12,MIDDLE,12,11000,0.9,3037,0.00023744976313166697,0.0008189208041645002,0.0010563705672961671,0.5504422965145055,0.5504422965145055,4096,4.3268938436451005,0.8928784919210734,0.9207704864521393,0.7752211482572527,0.14554933819488658
rxry_czbrick,dn,12,MIDDLE,12,11000,0.9,3037,0.00023744976313166697,0.0008189208041645002,0.0010563705672961671,0.5504422965145055,0.5504422965145055,16384,17.307575374580402,0.9939312149802187,0.994139520118019,0.7752211482572527,0.21891837186076624
rxry_czbrick,dn,12,MIDDLE,12,11000,0.9,3037,0.00023744976313166697,0.0008189208041645002,0.0010563705672961671,0.5504422965145055,0.5504422965145055,65536,69.23030149832161,0.9999994329880623,0.9999993758087035,0.7752211482572527,0.22477822755145072
rxry_czbrick,dn,12,LATE,12,11000,0.1,472,4.923631882413201e-05,2.1819930754248568e-05,7.105624957838058e-05,-0.3858406295373222,0.3858406295373222,1,7.105624957838058e-05,7.105410091224593e-05,0.6929261486521627,0.6929203147686611,5.833883501615844e-06
rxry_czbrick,dn,12,LATE,12,11000,0.1,472,4.923631882413201e-05,2.1819930754248568e-05,7.105624957838058e-05,-0.3858406295373222,0.3858406295373222,4,0.0002842249983135223,0.00028417322372343017,0.692934899620748,0.6929203147686611,1.4584852086829692e-05
rxry_czbrick,dn,12,LATE,12,11000,0.1,472,4.923631882413201e-05,2.1819930754248568e-05,7.105624957838058e-05,-0.3858406295373222,0.3858406295373222,16,0.0011368999932540892,0.0011360024079311176,0.6929699052131322,0.6929203147686611,4.9590444471059314e-05
rxry_czbrick,dn,12,LATE,12,11000,0.1,472,4.923631882413201e-05,2.1819930754248568e-05,7.105624957838058e-05,-0.3858406295373222,0.3858406295373222,64,0.004547599973016357,0.004532986871397349,0.6931099549554294,0.6929203147686611,0.00018964018676825845
rxry_czbrick,dn,12,LATE,12,11000,0.1,472,4.923631882413201e-05,2.1819930754248568e-05,7.105624957838058e-05,-0.3858406295373222,0.3858406295373222,256,0.018190399892065428,0.017957173330307673,0.6936705844763422,0.6929203147686611,0.000750269707681106
rxry_czbrick,dn,12,LATE,12,11000,0.1,472,4.923631882413201e-05,2.1819930754248568e-05,7.105624957838058e-05,-0.3858406295373222,0.3858406295373222,1024,0.07276159956826171,0.06913107624179492,0.6959195185776479,0.6929203147686611,0.0029992038089867723
rxry_czbrick,dn,12,LATE,12,11000,0.1,472,4.923631882413201e-05,2.1819930754248568e-05,7.105624957838058e-05,-0.3858406295373222,0.3858406295373222,4096,0.29104639827304685,0.23898892235893315,0.7049882123923701,0.6929203147686611,0.012067897623708967
rxry_czbrick,dn,12,LATE,12,11000,0.1,472,4.923631882413201e-05,2.1819930754248568e-05,7.105624957838058e-05,-0.3858406295373222,0.3858406295373222,16384,1.1641855930921874,0.5910954634351276,0.7407893976267039,0.6929203147686611,0.04786908285804281
rxry_czbrick,dn,12,LATE,12,11000,0.1,472,4.923631882413201e-05,2.1819930754248568e-05,7.105624957838058e-05,-0.3858406295373222,0.3858406295373222,65536,4.6567423723687495,0.8611616391544706,0.8425207707723764,0.6929203147686611,0.1496004560037153
rxry_czbrick,dn,12,LATE,12,11000,0.25,2052,4.8696073018800685e-05,0.0001067764523378637,0.00015547252535666437,0.3735732675971059,0.3735732675971059,1,0.00015547252535666437,0.00015546212616882494,0.6867991283484391,0.686786633798553,1.2494549886166162e-05
rxry_czbrick,dn,12,LATE,12,11000,0.25,2052,4.8696073018800685e-05,0.0001067764523378637,0.00015547252535666437,0.3735732675971059,0.3735732675971059,4,0.0006218901014266575,0.0006216411428366453,0.6868178708786635,0.686786633798553,3.12370801105466e-05
rxry_czbrick,dn,12,LATE,12,11000,0.25,2052,4.8696073018800685e-05,0.0001067764523378637,0.00015547252535666437,0.3735732675971059,0.3735732675971059,16,0.00248756040570663,0.002483250909025984,0.6868928494442741,0.686786633798553,0.00010621564572110831
rxry_czbrick,dn,12,LATE,12,11000,0.25,2052,4.8696073018800685e-05,0.0001067764523378637,0.00015547252535666437,0.3735732675971059,0.3735732675971059,64,0.00995024162282652,0.009880248087040085,0.6871928976346094,0.686786633798553,0.0004062638360564641
rxry_czbrick,dn,12,LATE,12,11000,0.25,2052,4.8696073018800685e-05,0.0001067764523378637,0.00015547252535666437,0.3735732675971059,0.3735732675971059,256,0.03980096649130608,0.03869346435380125,0.688395157363029,0.686786633798553,0.0016085235644760498
rxry_czbrick,dn,12,LATE,12,11000,0.25,2052,4.8696073018800685e-05,0.0001067764523378637,0.00015547252535666437,0.3735732675971059,0.3735732675971059,1024,0.15920386596522432,0.14252678032744207,0.6932324503947142,0.686786633798553,0.006445816596161169
rxry_czbrick,dn,12,LATE,12,11000,0.25,2052,4.8696073018800685e-05,0.0001067764523378637,0.00015547252535666437,0.3735732675971059,0.3735732675971059,4096,0.6368154638608973,0.4238738967171546,0.7127422410816717,0.686786633798553,0.025955607283118742
rxry_czbrick,dn,12,LATE,12,11000,0.25,2052,4.8696073018800685e-05,0.0001067764523378637,0.00015547252535666437,0.3735732675971059,0.3735732675971059,16384,2.547261855443589,0.7678317641666517,0.7818202662947268,0.686786633798553,0.0950336324961738
rxry_czbrick,dn,12,LATE,12,11000,0.25,2052,4.8696073018800685e-05,0.0001067764523378637,0.00015547252535666437,0.3735732675971059,0.3735732675971059,65536,10.189047421774356,0.9370685051551044,0.9104911735732041,0.686786633798553,0.2237045397746511
rxry_czbrick,dn,12,LATE,12,11000,0.5,3557,0.00013117850823826045,0.00019726251091841827,0.0003284410191566787,0.20120508348755695,0.20120508348755695,1,0.0003284410191566787,0.00032838926595285165,0.6006183964150122,0.6006025417437785,1.58546712337726e-05
rxry_czbrick,dn,12,LATE,12,11000,0.5,3557,0.00013117850823826045,0.00019726251091841827,0.0003284410191566787,0.20120508348755695,0.20120508348755695,4,0.0013137640766267148,0.0013125999549873126,0.6006421812791765,0.6006025417437785,3.963953539798393e-05
rxry_czbrick,dn,12,LATE,12,11000,0.5,3557,0.00013117850823826045,0.00019726251091841827,0.0003284410191566787,0.20120508348755695,0.20120508348755695,16,0.005255056306506859,0.005235127453921712,0.6007373549125874,0.6006025417437785,0.0001348131688089227
rxry_czbrick,dn,12,LATE,12,11000,0.5,3557,0.00013117850823826045,0.00019726251091841827,0.0003284410191566787,0.20120508348755695,0.20120508348755695,64,0.021020225226027436,0.020698776410616244,0.6011185896934649,0.6006025417437785,0.0005160479496864046
rxry_czbrick,dn,12,LATE,12,11000,0.5,3557,0.00013117850823826045,0.00019726251091841827,0.0003284410191566787,0.20120508348755695,0.20120508348755695,256,0.08408090090410975,0.07908948077245553,0.6026517520540822,0.6006025417437785,0.002049210310303695
rxry_czbrick,dn,12,LATE,12,11000,0.5,3557,0.00013117850823826045,0.00019726251091841827,0.0003284410191566787,0.20120508348755695,0.20120508348755695,1024,0.336323603616439,0.2661071072089109,0.608889368749517,0.6006025417437785,0.008286827005738573
rxry_czbrick,dn,12,LATE,12,11000,0.5,3557,0.00013117850823826045,0.00019726251091841827,0.0003284410191566787,0.20120508348755695,0.20120508348755695,4096,1.345294414465756,0.6135847250283752,0.6340508811158936,0.6006025417437785,0.03344833937211511
rxry_czbrick,dn,12,LATE,12,11000,0.5,3557,0.00013117850823826045,0.00019726251091841827,0.0003284410191566787,0.20120508348755695,0.20120508348755695,16384,5.381177657863024,0.8401334374049507,0.7099708589598871,0.6006025417437785,0.10936831721610862
rxry_czbrick,dn,12,LATE,12,11000,0.5,3557,0.00013117850823826045,0.00019726251091841827,0.0003284410191566787,0.20120508348755695,0.20120508348755695,65536,21.524710631452095,0.9437150770725594,0.8438912183632565,0.6006025417437785,0.24328867661947806
rxry_czbrick,dn,12,LATE,12,11000,0.75,3845,0.00018706149833991833,0.00045193221109274674,0.0006389937094326651,0.41451223829416983,0.41451223829416983,1,0.0006389937094326651,0.0006388246311995546,0.7073109737921867,0.707256119147085,5.485464510168736e-05
rxry_czbrick,dn,12,LATE,12,11000,0.75,3845,0.00018706149833991833,0.00045193221109274674,0.0006389937094326651,0.41451223829416983,0.41451223829416983,4,0.0025559748377306604,0.0025518384595910873,0.7073932663446252,0.707256119147085,0.00013714719754021054
rxry_czbrick,dn,12,LATE,12,11000,0.75,3845,0.00018706149833991833,0.00045193221109274674,0.0006389937094326651,0.41451223829416983,0.41451223829416983,16,0.010223899350922641,0.010152272250525798,0.7077225620844889,0.707256119147085,0.0004664429374039436
rxry_czbrick,dn,12,LATE,12,11000,0.75,3845,0.00018706149833991833,0.00045193221109274674,0.0006389937094326651,0.41451223829416983,0.41451223829416983,64,0.040895597403690566,0.039745372168850206,0.7090416655223292,0.707256119147085,0.0017855463752441958
rxry_czbrick,dn,12,LATE,12,11000,0.75,3845,0.00018706149833991833,0.00045193221109274674,0.0006389937094326651,0.41451223829416983,0.41451223829416983,256,0.16358238961476226,0.14621583132199453,0.714343230599946,0.707256119147085,0.007087111452861006
rxry_czbrick,dn,12,LATE,12,11000,0.75,3845,0.00018706149833991833,0.00045193221109274674,0.0006389937094326651,0.41451223829416983,0.41451223829416983,1024,0.654329558459049,0.43314186344268646,0.7356173761983041,0.707256119147085,0.02836125705121917
rxry_czbrick,dn,12,LATE,12,11000,0.75,3845,0.00018706149833991833,0.00045193221109274674,0.0006389937094326651,0.41451223829416983,0.41451223829416983,4096,2.617318233836196,0.7804351495860609,0.8090939870889482,0.707256119147085,0.10183786794186322
rxry_czbrick,dn,12,LATE,12,11000,0.75,3845,0.00018706149833991833,0.00045193221109274674,0.0006389937094326651,0.41451223829416983,0.41451223829416983,16384,10.469272935344785,0.9489064362122936,0.9344416194563824,0.707256119147085,0.2271855003092974
rxry_czbrick,dn,12,LATE,12,11000,0.75,3845,0.00018706149833991833,0.00045193221109274674,0.0006389937094326651,0.41451223829416983,0.41451223829416983,65536,41.87709174137914,0.9985026179222604,0.9976399607535225,0.707256119147085,0.2903838416064375
rxry_czbrick,dn,12,LATE,12,11000,0.9,546,0.00021370505902775554,0.0008905639471432935,0.001104269006171049,0.6129474650950167,0.6129474650950167,1,0.001104269006171049,0.0011038883701292648,0.806579408947065,0.8064737325475084,0.00010567639955660901
rxry_czbrick,dn,12,LATE,12,11000,0.9,546,0.00021370505902775554,0.0008905639471432935,0.001104269006171049,0.6129474650950167,0.6129474650950167,4,0.004417076024684196,0.004405971181343694,0.8067379140862247,0.8064737325475084,0.00026418153871632377
rxry_czbrick,dn,12,LATE,12,11000,0.9,546,0.00021370505902775554,0.0008905639471432935,0.001104269006171049,0.6129474650950167,0.6129474650950167,16,0.017668304098736785,0.0174718099760096,0.8073718131140923,0.8064737325475084,0.0008980805665839142
rxry_czbrick,dn,12,LATE,12,11000,0.9,546,0.00021370505902775554,0.0008905639471432935,0.001104269006171049,0.6129474650950167,0.6129474650950167,64,0.07067321639494714,0.06753142254499968,0.8099049940763242,0.8064737325475084,0.0034312615288157877
rxry_czbrick,dn,12,LATE,12,11000,0.9,546,0.00021370505902775554,0.0008905639471432935,0.001104269006171049,0.6129474650950167,0.6129474650950167,256,0.28269286557978857,0.2368898443663059,0.8199700770302392,0.8064737325475084,0.013496344482730738
rxry_czbrick,dn,12,LATE,12,11000,0.9,546,0.00021370505902775554,0.0008905639471432935,0.001104269006171049,0.6129474650950167,0.6129474650950167,1024,1.1307714623191543,0.6096101619926113,0.8576502728567493,0.8064737325475084,0.0511765403092409
rxry_czbrick,dn,12,LATE,12,11000,0.9,546,0.00021370505902775554,0.0008905639471432935,0.001104269006171049,0.6129474650950167,0.6129474650950167,4096,4.523085849276617,0.9148044911097896,0.946279352100829,0.8064737325475084,0.1398056195533206
rxry_czbrick,dn,12,LATE,12,11000,0.9,546,0.00021370505902775554,0.0008905639471432935,0.001104269006171049,0.6129474650950167,0.6129474650950167,16384,18.092343397106468,0.9976159103412506,0.9980552870604605,0.8064737325475084,0.1915815545129521
rxry_czbrick,dn,12,LATE,12,11000,0.9,546,0.00021370505902775554,0.0008905639471432935,0.001104269006171049,0.6129474650950167,0.6129474650950167,65536,72.36937358842587,0.9999999867158847,0.9999999878380621,0.8064737325475084,0.19352625529055367
