family,regime,depth,position,layer,qubit,gate,n,seed,n_rows,n_S_zero,n_delta_zero,n_var_le_zero,n_underflow,n_r_numerically_zero,n_nonfinite_log10_M_LE,n_nonfinite_log10_M_SWAP,mean_F_plus,mean_F_minus,median_F_plus,median_F_minus,mean_S,median_S,mean_log10_S,geometric_mean_S,iqr_log10_S,median_abs_r,mean_abs_r,iqr_log10_abs_r,frac_abs_r_lt_1e-1,frac_abs_r_lt_1e-2,frac_abs_r_lt_1e-3,median_log10_R,median_log10_R_times_S,median_log10_S,n_nan_log10_S,median_log10_abs_r,n_nan_log10_abs_r,median_log10_M_LE,n_nan_log10_M_LE,median_log10_M_SWAP,n_nan_log10_M_SWAP,median_log10_M_LE_ceil,median_log10_M_SWAP_ceil,n_nonfinite_ceil,max_abs_r_minus_s,max_abs_log10S_minus_log10A
rx_product,product,1,k=0,0,0,RX,2,11000,25000,0,0,0,0,0,0,0,0.2459189561230568,0.2497187677662725,0.123239798329766,0.1287389319529105,0.4956377238893294,0.4900186018871814,-0.6148115206808036,0.2427663447354014,0.7930935770090849,0.7052076542434722,0.6364016099135259,0.3789463777670967,0.06208,0.00636,0.0006,0.8807164400157173,0.4444801467569473,-0.3097874348905308,0,-0.151682982626098,0,0.736691548284684,0,1.5417597486888317,0,0.7781512503836436,1.5440680443502757,0.0,2.220446049250313e-16,8.881784197001252e-16
rx_product,product,1,k=0,0,0,RX,4,11000,25000,0,0,0,0,0,0,0,0.0614606743848085,0.0616138134591617,0.0079647053238182,0.0079952205064451,0.1230744878439702,0.0313341446282599,-1.8095378748112936,0.0155046556483345,1.6912161523895572,0.712034749288302,0.6379529551928873,0.379874186448254,0.06284,0.00608,0.00072,1.814884630767973,0.3108665132953013,-1.5039821566278655,0,-0.1474988112050602,0,2.077136853120308,0,3.917106214963832,0,2.0791812460476247,3.917137724133035,0.0,2.220446049250313e-16,1.7763568394002505e-15
rx_product,product,1,k=0,0,0,RX,6,11000,25000,0,0,0,0,0,0,0,0.015481444042766,0.015859873813312,0.0005354519531645,0.0005329437479661,0.031341317856078,0.0021498103946316,-2.9940442120231023,0.0010138081728389,2.220214821332347,0.7031114888830888,0.6341282738638573,0.3857884074393284,0.06372,0.00744,0.001,2.9692455114717515,0.3017089825122867,-2.6675998503047675,0,-0.152975805649004,0,3.273958567074413,0,6.275801615571576,0,3.2740423146821027,6.275801796855173,0.0,2.220446049250313e-16,1.7763568394002505e-15
rx_product,product,1,k=0,0,0,RX,8,11000,25000,0,0,0,0,0,0,0,0.0038682616787921,0.0038255947480433,3.385474197595593e-05,3.328968184319315e-05,0.0076938564268354,0.0001308174015937,-4.202139330884337,6.278568966845192e-05,2.689911619302542,0.7082816969783912,0.6368196505936414,0.3817266986032175,0.066,0.00668,0.00084,4.184407084423176,0.3010712311461307,-3.8833344818980935,0,-0.1497939818300972,0,4.480665891161381,0,8.673679512277737,0,4.4806751171045995,8.673679512934715,0.0,2.220446049250313e-16,1.7763568394002505e-15
rx_product,product,1,k=0,0,0,RX,10,11000,25000,0,0,0,0,0,0,0,0.0010425327280008,0.0009435795499221,1.9201498675616805e-06,1.89154543775618e-06,0.001986112277923,7.4064434101498686e-06,-5.435136043426082,3.6716726676088447e-06,3.1150961621372857,0.7033297969577669,0.6353754720770518,0.3806683709220149,0.06328,0.00636,0.00088,5.431423359193857,0.3010323877575316,-5.1303903011012695,0,-0.1528409887596587,0,5.720633378374841,0,11.17125041963506,0,5.720633853278592,11.171250419637126,0.0,2.220446049250313e-16,3.552713678800501e-15
rx_product,product,1,k=0,0,0,RX,12,11000,25000,0,0,0,0,0,0,0,0.0002366634566946,0.0002480871721745,1.1945827919803878e-07,1.229411824823501e-07,0.0004847506288692,4.953575066546421e-07,-6.628492832747523,2.3523783148589047e-07,3.436919260265457,0.708555725222775,0.6382656569761996,0.3799211217760436,0.06292,0.00604,0.00076,6.606111438323072,0.3010301514424394,-6.305081287906096,0,-0.1496259884931827,0,6.918387305168235,0,13.550020181885582,0,6.9183873289567925,13.550020181885586,0.0,2.220446049250313e-16,3.552713678800501e-15
rx_product,product,1,k=0,0,0,RX,14,11000,25000,0,0,0,0,0,0,0,5.827939921957773e-05,5.595829449258179e-05,8.080530569984933e-09,7.835843462937358e-09,0.0001142376937121,3.1702229369053094e-08,-7.803818214872039,1.5710202576715052e-08,3.752351872845289,0.7117706249071849,0.6388834485138,0.3818220862059681,0.06304,0.00644,0.00088,7.799940293955611,0.3010300057397748,-7.498910288376578,0,-0.1476599395210278,0,8.086580267671172,0,15.872760824080206,0,8.086580268836379,15.872760824080206,0.0,2.220446049250313e-16,3.552713678800501e-15
rx_product,product,1,k=0,0,0,RX,16,11000,25000,0,0,0,0,0,0,0,1.6144844274370843e-05,1.216021136306174e-05,5.287497415012047e-10,5.370285022698542e-10,2.830505563743258e-05,2.110777964165018e-09,-8.9944820870282,1.0127865214895624e-09,4.043604656209627,0.7081762599149911,0.638273956694438,0.3725949106370086,0.06264,0.00616,0.00064,8.97658763866438,0.3010299963217937,-8.675557642409526,0,-0.149858636248832,0,9.271602912500754,0,18.27870331981296,0,9.27160291257097,18.27870331981296,0.0,2.220446049250313e-16,3.552713678800501e-15
rx_product,product,1,k=0,0,0,RX,18,11000,25000,0,0,0,0,0,0,0,4.353822299791037e-06,3.546336670059131e-06,3.143271400897924e-11,3.1700665700559876e-11,7.900158969850168e-06,1.259059384777468e-10,-10.202310614995271,6.276093211095363e-11,4.267044989496756,0.7081353924316649,0.639286340397758,0.3758486737013897,0.06036,0.0064,0.00072,10.200983783545052,0.3010299957038596,-9.899953787833075,0,-0.1498836991745306,0,10.487556281111395,0,20.695864921585336,0,10.487556281121895,20.695864921585336,0.0,2.220446049250313e-16,3.552713678800501e-15
rx_product,product,1,k=0,0,0,RX,20,11000,25000,0,0,0,0,0,0,0,7.630865044343188e-07,1.1813676830654915e-06,1.922371233092308e-12,1.874737729357734e-12,1.94445418749981e-06,7.666301855671965e-12,-11.44164759027412,3.6170324891327978e-12,4.604932359561969,0.7047893874019031,0.6370802314153226,0.3797978612560065,0.06288,0.00572,0.00076,11.416444120136491,0.3010299956663873,-11.1154141244698,0,-0.1519406441022429,0,11.705486126413431,0,23.143240202415413,0,11.705486126413746,23.143240202415413,0.0,2.220446049250313e-16,3.552713678800501e-15
rx_product,product,1,k=0,0,0,RX,2,11001,25000,0,0,0,0,0,0,0,0.2492255924804417,0.2478426513745691,0.1281189725568366,0.1255670586986303,0.4970682438550108,0.4943698647559191,-0.6100716164372856,0.2454304160339353,0.7779755666485036,0.7080451121745215,0.6383378158600842,0.3773870870015506,0.06216,0.00588,0.00052,0.8807324225173273,0.4445476600458461,-0.305948013036615,0,-0.149939070920439,0,0.7350899941263203,0,1.5464977640268431,0,0.7781512503836436,1.5563025007672873,0.0,2.220446049250313e-16,8.881784197001252e-16
rx_product,product,1,k=0,0,0,RX,4,11001,25000,0,0,0,0,0,0,0,0.0631422001621275,0.0619523034402586,0.0079143061874149,0.0080646317129912,0.1250945036023862,0.0321978853712246,-1.806227103240654,0.0156233044806861,1.6915662724320584,0.7135127092272975,0.6389977372169908,0.3793121904449293,0.06448,0.00684,0.00072,1.8039421377814011,0.311157031258419,-1.4921726501102746,0,-0.1465982874959137,0,2.068322428218649,0,3.906843602903583,0,2.0718820073061255,3.9068464850354774,0.0,2.220446049250313e-16,1.7763568394002505e-15
rx_product,product,1,k=0,0,0,RX,6,11001,25000,0,0,0,0,0,0,0,0.0158269020832366,0.0155167761251315,0.0005166650606062,0.0005320394733498,0.0313436782083681,0.0020756951891237,-3.008772981870055,0.0009800021266438,2.247269671682477,0.703905971904162,0.6351218138717911,0.3830826068943464,0.0636,0.00576,0.00076,2.9844916232373437,0.301683985658522,-2.6828364216000544,0,-0.1524853503719753,0,3.281839575488167,0,6.2850211071015085,0,3.2820553558727332,6.285021282588164,0.0,2.220446049250313e-16,1.7763568394002505e-15
rx_product,product,1,k=0,0,0,RX,8,11001,25000,0,0,0,0,0,0,0,0.0040110353104141,0.0037454068719143,3.308337758245453e-05,3.247090680216702e-05,0.0077564421823284,0.000129028585444,-4.214555019576895,6.101617520289668e-05,2.7196510580298616,0.7056162959216561,0.6339292870403871,0.3868490404926821,0.06676,0.00644,0.0008,4.190395924746756,0.3010705037161616,-3.8893140671402007,0,-0.1514313979070933,0,4.512225525760315,0,8.7046389096001,0,4.51223065027507,8.704638910003869,0.0,2.220446049250313e-16,3.552713678800501e-15
rx_product,product,1,k=0,0,0,RX,10,11001,25000,0,0,0,0,0,0,0,0.000946816020986,0.0009572254181117,2.1101828732842674e-06,2.0527090692272293e-06,0.0019040414390978,8.453731147372797e-06,-5.38858677685497,4.087080795438922e-06,3.0924246789547296,0.7012599343390182,0.635960179305993,0.3796399493380111,0.06232,0.00572,0.00076,5.373985075533271,0.301032605295024,-5.072951569519932,0,-0.1541209733598998,0,5.685262978298455,0,11.061957859057229,0,5.685263271503986,11.061957859059724,0.0,2.220446049250313e-16,3.552713678800501e-15
rx_product,product,1,k=0,0,0,RX,12,11001,25000,0,0,0,0,0,0,0,0.0002264817667425,0.0002302016987774,1.21022535414091e-07,1.169051976957843e-07,0.0004566834655199,4.731876557493811e-07,-6.632823503869986,2.3290375800796105e-07,3.4353631552286217,0.7118958179841322,0.6388602056818306,0.3798591544075285,0.06392,0.0062,0.00072,6.625996834166063,0.3010301465956746,-6.324966638652764,0,-0.1475835584784988,0,6.918498311441311,0,13.547403143041787,0,6.918498339555288,13.547403143041794,0.0,2.220446049250313e-16,3.552713678800501e-15
rx_product,product,1,k=0,0,0,RX,14,11001,25000,0,0,0,0,0,0,0,6.436063518899731e-05,7.1328418118629e-05,7.3111146747795405e-09,7.542062374875491e-09,0.0001356890533076,3.0078774841603276e-08,-7.84267159977532,1.4365753171303483e-08,3.76527431743974,0.7010169273303073,0.6335521329512049,0.3854344039340817,0.0634,0.00608,0.0004,7.822769866182624,0.301030005104141,-7.521739858792646,0,-0.154271495075604,0,8.116458462576555,0,15.951000529293417,0,8.116458464079823,15.951000529293417,0.0,2.220446049250313e-16,3.552713678800501e-15
rx_product,product,1,k=0,0,0,RX,16,11001,25000,0,0,0,0,0,0,0,1.4108967159998049e-05,1.2523687947655204e-05,5.16437446190102e-10,5.278604854668936e-10,2.6632655107653253e-05,2.0639789752541622e-09,-9.0253409945753,9.433199198534063e-10,4.089446227556156,0.70740770001394,0.6368548106600261,0.3818652271764347,0.06308,0.006,0.00076,8.986324818481386,0.3010299963156875,-8.685294822201005,0,-0.1503302173151199,0,9.287891403265482,0,18.257954410957332,0,9.287891403443012,18.257954410957332,0.0,2.220446049250313e-16,3.552713678800501e-15
rx_product,product,1,k=0,0,0,RX,18,11001,25000,0,0,0,0,0,0,0,3.0370700009394948e-06,3.7655162093597696e-06,2.7230817049220787e-11,2.8493974342753412e-11,6.802586210299264e-06,1.1081580220240563e-10,-10.258131639984612,5.5191012319607184e-11,4.41819046627825,0.7065543139574857,0.6350365798758948,0.3857778882608416,0.0636,0.0066,0.0006,10.256428303825665,0.3010299956990296,-9.955398308132398,0,-0.1508544477357389,0,10.576633955268672,0,20.825039886911384,0,10.576633955274788,20.825039886911384,0.0,2.220446049250313e-16,3.552713678800501e-15
rx_product,product,1,k=0,0,0,RX,20,11001,25000,0,0,0,0,0,0,0,5.636189387060082e-07,7.615784459187987e-07,1.7666486061098484e-12,1.711111078374496e-12,1.325197384624807e-06,7.309577140441442e-12,-11.473365749898552,3.3622828864026138e-12,4.656826735641401,0.7090972839978824,0.6384745250685387,0.37844828229525,0.06448,0.00544,0.00064,11.437137835435111,0.3010299956663145,-11.136107839769354,0,-0.1492941780869397,0,11.752455620114464,0,23.18746587750858,0,11.752455620114628,23.18746587750858,0.0,2.220446049250313e-16,3.552713678800501e-15
rx_product,product,1,k=0,0,0,RX,2,11002,25000,0,0,0,0,0,0,0,0.2474228679577644,0.2544846556056116,0.1275440587067107,0.1318010029339393,0.501907523563376,0.5030631848664104,-0.5973225797829764,0.2527420013889005,0.7634176046337748,0.7145272810610303,0.6400338525404584,0.3796831226476087,0.06284,0.00636,0.00056,0.873802771863387,0.4472448979870726,-0.2983774640210565,0,-0.1459811854560475,0,0.717552140335501,0,1.5291711085884727,0,0.7781512503836436,1.5314789170422551,0.0,2.220446049250313e-16,1.7763568394002505e-15
rx_product,product,1,k=0,0,0,RX,4,11002,25000,0,0,0,0,0,0,0,0.0625552973728284,0.061635562571474,0.0081937792152578,0.0075980623022856,0.1241908599443024,0.0320353246384225,-1.8153362614205688,0.0152990244459604,1.6955161392931803,0.7085467297926131,0.6396642886161569,0.378178794672155,0.06204,0.00564,0.00056,1.805643980879651,0.3109979607650526,-1.4943708859305072,0,-0.1496315021442888,0,2.0787004190811573,0,3.9257961229811977,0,2.0791812460476247,3.925827424899372,0.0,2.220446049250313e-16,1.7763568394002505e-15
rx_product,product,1,k=0,0,0,RX,6,11002,25000,0,0,0,0,0,0,0,0.01586225180394,0.0150743971935757,0.0005128077571209,0.0005043213560354,0.0309366489975158,0.0020317025626705,-3.0092030036985333,0.0009790322461718,2.2574359810101265,0.7085825793268589,0.6375889482173707,0.3853160345524569,0.06356,0.00672,0.00072,2.993804519189266,0.3016786006729073,-2.692139887201786,0,-0.1496095326616435,0,3.2916469188908035,0,6.2934610333914485,0,3.29170175656256,6.293461213121146,0.0,2.220446049250313e-16,1.7763568394002505e-15
rx_product,product,1,k=0,0,0,RX,8,11002,25000,0,0,0,0,0,0,0,0.0038826436025829,0.0041348697540456,3.102748722223788e-05,3.1195444859491775e-05,0.0080175133566286,0.0001215467834911,-4.217415584126015,6.0615601048978093e-05,2.705820074576099,0.7046467281924973,0.6347167265153784,0.3869118246999252,0.065,0.00652,0.00064,4.21632001538028,0.3010686446771657,-3.915256529782021,0,-0.1520285606967542,0,4.5127217078730935,0,8.723756121516649,0,4.512731075188789,8.723756121933794,0.0,2.220446049250313e-16,3.552713678800501e-15
rx_product,product,1,k=0,0,0,RX,10,11002,25000,0,0,0,0,0,0,0,0.0009212551336964,0.0009761337040206,1.9964512271116432e-06,1.9525464837132184e-06,0.0018973888377171,8.052356129715904e-06,-5.427905525336555,3.733313619561163e-06,3.1016851365258895,0.7025630646380034,0.6334942209707216,0.3921029154308018,0.0644,0.0062,0.00048,5.39510982279791,0.3010324967025442,-5.094077030573693,0,-0.1533146858099899,0,5.715409798677554,0,11.125393460625329,0,5.715410374354195,11.12539346062636,0.0,2.220446049250313e-16,3.552713678800501e-15
rx_product,product,1,k=0,0,0,RX,12,11002,25000,0,0,0,0,0,0,0,0.0002621189601333,0.0002252095505615,1.2459070262600858e-07,1.3283738398912362e-07,0.0004873285106949,5.240435972026673e-07,-6.608260926854375,2.464558170292624e-07,3.4112465842924005,0.7057496686955065,0.6372624275554554,0.37701193883926,0.06388,0.00684,0.0006,6.581662709490439,0.3010301598160723,-6.280632590512698,0,-0.1513493179706829,0,6.896111179056284,0,13.498966658551405,0,6.896111226517597,13.49896665855141,0.0,2.220446049250313e-16,3.552713678800501e-15
rx_product,product,1,k=0,0,0,RX,14,11002,25000,0,0,0,0,0,0,0,5.345970213459592e-05,4.825951446255765e-05,8.06250806152793e-09,8.066702395263488e-09,0.0001017192165971,3.222086081281847e-08,-7.809586135830872,1.5502932787587564e-08,3.711445244604497,0.7093934332696014,0.6380791968808114,0.3814954953503653,0.06244,0.0064,0.0006,7.792892961714088,0.3010300057380268,-7.491862956197919,0,-0.1491128360742528,0,8.090079256262673,0,15.89187076857458,0,8.090079259264696,15.89187076857458,0.0,2.220446049250313e-16,3.552713678800501e-15
rx_product,product,1,k=0,0,0,RX,16,11002,25000,0,0,0,0,0,0,0,1.7052641123232833e-05,1.83355122369419e-05,4.81827181977133e-10,4.809295054047532e-10,3.538815336017473e-05,1.911583587459504e-09,-9.02353869198062,9.472427893901962e-10,4.0464666766107875,0.7199956866235477,0.6409470805983625,0.3757095403567335,0.06264,0.00744,0.00068,9.01963670525546,0.3010299962697047,-8.718606709011663,0,-0.1426701057054867,0,9.296531523217665,0,18.341042273909437,0,9.296531523306973,18.341042273909437,0.0,2.220446049250313e-16,3.552713678800501e-15
rx_product,product,1,k=0,0,0,RX,18,11002,25000,0,0,0,0,0,0,0,3.452575663250351e-06,3.840213391483644e-06,2.7512319370683192e-11,2.7354102178866822e-11,7.292789054733993e-06,1.1040030513786528e-10,-10.273492403140306,5.3273054298567126e-11,4.3710514000724965,0.7121904035038732,0.6411625448976506,0.3730715031104383,0.06112,0.006,0.00044,10.258059724614718,0.3010299956986921,-9.95702972890537,0,-0.1474038826741803,0,10.553353296705122,0,20.820824474098693,0,10.553353296710824,20.820824474098693,0.0,2.220446049250313e-16,3.552713678800501e-15
rx_product,product,1,k=0,0,0,RX,20,11002,25000,0,0,0,0,0,0,0,8.656956608702288e-07,1.0643874158107074e-06,1.9979985515217927e-12,1.909543856008385e-12,1.930083076680936e-06,7.73685041016476e-12,-11.438098732713431,3.646710330155695e-12,4.616942799110269,0.7077054922459547,0.6372801485062696,0.3793331423567186,0.06388,0.0064,0.00044,11.412466106016163,0.3010299956664379,-11.111436110349684,0,-0.1501474339799985,0,11.692710937095946,0,23.097552441268355,0,11.692710937096162,23.097552441268355,0.0,2.220446049250313e-16,3.552713678800501e-15
rx_product,product,1,k=0,0,0,RX,2,11003,25000,0,0,0,0,0,0,0,0.2484324159484637,0.2512482114609812,0.1275761017423217,0.1321741388932212,0.4996806274094448,0.4996365342653695,-0.6025523625403885,0.2497167289528161,0.765879415154942,0.7041679856859142,0.6370902627542955,0.3796485498806605,0.06172,0.00584,0.00036,0.8766531065636936,0.4456463555424845,-0.3013458128309376,0,-0.1523237236053441,0,0.7298214824063494,0,1.5290511452527389,0,0.7781512503836436,1.5314789170422551,0.0,2.220446049250313e-16,8.881784197001252e-16
rx_product,product,1,k=0,0,0,RX,4,11003,25000,0,0,0,0,0,0,0,0.0637600008628242,0.060824224104358,0.008388105834983,0.0079073448493851,0.1245842249671823,0.0326195334170583,-1.7964178843794905,0.0159801965118048,1.6703894946234468,0.7115420813421308,0.6384809673942633,0.3804012429846699,0.06432,0.00656,0.00048,1.7972710501692877,0.3113164097488335,-1.486522256537436,0,-0.147799410397077,0,2.0689287908979828,0,3.898231067730408,0,2.0718820073061255,3.89825883155111,0.0,2.220446049250313e-16,1.7763568394002505e-15
rx_product,product,1,k=0,0,0,RX,6,11003,25000,0,0,0,0,0,0,0,0.015836173018819,0.0160945919340743,0.0005314311891824,0.0005250698902161,0.0319307649528934,0.0021529112204415,-2.9908194655898344,0.0010213639722285,2.2594133032191297,0.7068154619717482,0.6362876945652173,0.3832428157885637,0.06476,0.00604,0.0004,2.9687212236407587,0.3017008696996859,-2.6669739327731303,0,-0.1506939586366533,0,3.2595135464078107,0,6.261833541452857,0,3.2595936160850707,6.2618335906843345,0.0,2.220446049250313e-16,1.7763568394002505e-15
rx_product,product,1,k=0,0,0,RX,8,11003,25000,0,0,0,0,0,0,0,0.0040231575816305,0.0038337559255543,3.321181628044706e-05,3.2628279375608056e-05,0.0078569135071849,0.0001298392912015,-4.206479903145363,6.216130120537653e-05,2.7269958334913955,0.7092727481854261,0.6357135603554481,0.3852226927982428,0.06544,0.00632,0.00076,4.187652210049871,0.301070661459939,-3.886593867444041,0,-0.1491867265124251,0,4.496313031084783,0,8.704191313943344,0,4.496320612486791,8.704191314392755,0.0,2.220446049250313e-16,1.7763568394002505e-15
rx_product,product,1,k=0,0,0,RX,10,11003,25000,0,0,0,0,0,0,0,0.0009758614662635,0.0009506704252007,1.890575960712598e-06,1.984740388059339e-06,0.0019265318914643,7.76868004790314e-06,-5.432928765362967,3.690381246466268e-06,3.1472305019639224,0.7037180716431564,0.6346709749908189,0.3855641074632848,0.06436,0.00636,0.00088,5.410684665561623,0.3010324785316975,-5.109652786490598,0,-0.1526012971232764,0,5.715839161604246,0,11.112739769849137,0,5.715839617028489,11.11273976985095,0.0,2.220446049250313e-16,3.552713678800501e-15
rx_product,product,1,k=0,0,0,RX,12,11003,25000,0,0,0,0,0,0,0,0.0002814353734826,0.0002394879608624,1.359788915579446e-07,1.4234068865789946e-07,0.0005209233343451,5.649350165561219e-07,-6.567535396187102,2.7068525790483156e-07,3.4195912539974636,0.708775879670096,0.6374504876422943,0.3800932918340527,0.06456,0.00596,0.00084,6.549031686928481,0.3010301775809099,-6.248001505453061,0,-0.1494910706990978,0,6.841155130626371,0,13.387058495149065,0,6.841155172359079,13.38705849514907,0.0,2.220446049250313e-16,3.552713678800501e-15
rx_product,product,1,k=0,0,0,RX,14,11003,25000,0,0,0,0,0,0,0,5.889601752944652e-05,6.0709160792571055e-05,7.398538873338904e-09,7.535294169394763e-09,0.000119605178322,3.0547096474731507e-08,-7.83035862429475,1.4778874994064474e-08,3.752638317696624,0.7116884679462343,0.6378163038604128,0.3849125799056714,0.063,0.00644,0.00068,7.816060069790651,0.3010300053572283,-7.515030064456854,0,-0.1477100715825637,0,8.122944002844548,0,15.938379370313967,0,8.122944003037006,15.938379370313967,0.0,2.220446049250313e-16,3.552713678800501e-15
rx_product,product,1,k=0,0,0,RX,16,11003,25000,0,0,0,0,0,0,0,1.2030781015820453e-05,1.0239282430354656e-05,5.018052355583854e-10,5.111429933356701e-10,2.2270063446175107e-05,1.9604958700164208e-09,-9.020073230977813,9.54831568214669e-10,4.030652052736665,0.711078878988292,0.6380297974036436,0.3809918461615132,0.06252,0.0062,0.00044,9.008664065181964,0.3010299962955169,-8.707634068741196,0,-0.1480822211260318,0,9.30658390569156,0,18.31401223851002,0,9.306583905798558,18.31401223851002,0.0,2.220446049250313e-16,3.552713678800501e-15
rx_product,product,1,k=0,0,0,RX,18,11003,25000,0,0,0,0,0,0,0,3.333912464811896e-06,3.5856423365087185e-06,2.965843958686703e-11,2.947191419178468e-11,6.919554801320615e-06,1.1533457004154567e-10,-10.247639276399266,5.6540640457416623e-11,4.319779128865278,0.7090813219724874,0.6365317026251666,0.3830188434958451,0.0652,0.00664,0.00048,10.239070496031736,0.3010299957008264,-9.93804050033203,0,-0.1493039560666816,0,10.528295166985938,0,20.765993124758474,0,10.528295166987998,20.765993124758474,0.0,2.220446049250313e-16,3.552713678800501e-15
rx_product,product,1,k=0,0,0,RX,20,11003,25000,0,0,0,0,0,0,0,7.740679238097238e-07,7.136719196214451e-07,1.930736533653092e-12,1.8353755314133527e-12,1.487739843431169e-06,7.752935391381812e-12,-11.43601175428264,3.664276570626125e-12,4.563355031698597,0.7120644514955478,0.6392001497171836,0.3794395574528348,0.06112,0.00572,0.00072,11.411563832509636,0.3010299956664379,-11.11053383684314,0,-0.1474806959891798,0,11.70824687082968,0,23.128119507254837,0,11.708246870830068,23.128119507254837,0.0,2.220446049250313e-16,7.105427357601002e-15
rx_product,product,1,k=0,0,0,RX,2,11004,25000,0,0,0,0,0,0,0,0.2498586962654744,0.2496608261689607,0.1277060836025294,0.13008932057046,0.499519522434435,0.4960892790224657,-0.6005900446399168,0.2508476029549202,0.7653910839235314,0.707250918778374,0.6347732272963394,0.3845199326740406,0.0668,0.00708,0.00064,0.8813916162135884,0.4451183587927075,-0.3044401603516866,0,-0.1504264796864203,0,0.7321547082150481,0,1.548493451713896,0,0.7781512503836436,1.5563025007672873,0.0,2.220446049250313e-16,1.7763568394002505e-15
rx_product,product,1,k=0,0,0,RX,4,11004,25000,0,0,0,0,0,0,0,0.0618601784094264,0.0624122485171345,0.0080077832786934,0.0081126717715192,0.1242724269265609,0.0321096494176163,-1.8188426528430512,0.0151760010230334,1.6964547913383277,0.7051569323922106,0.6353875924849204,0.3855998309041839,0.0652,0.00688,0.0006,1.804909081295591,0.3110433977293803,-1.493364461895754,0,-0.151714220367044,0,2.096967125436186,0,3.9592655220891695,0,2.09864027906281,3.959279939653517,0.0,2.220446049250313e-16,1.7763568394002505e-15
rx_product,product,1,k=0,0,0,RX,6,11004,25000,0,0,0,0,0,0,0,0.0155951134369786,0.0154007124533539,0.000501360551155,0.0005156903078546,0.0309958258903325,0.0020392995052531,-3.009396243750419,0.0009785967210469,2.2710836101862704,0.7083771413083786,0.6365042754750874,0.384695866357025,0.06352,0.00592,0.0006,2.992192166514287,0.3016703590773992,-2.6905190291663965,0,-0.1497354615507869,0,3.2899753643628484,0,6.302662594211985,0,3.290145940378518,6.3026626928932075,0.0,2.220446049250313e-16,1.7763568394002505e-15
rx_product,product,1,k=0,0,0,RX,8,11004,25000,0,0,0,0,0,0,0,0.0040469839610241,0.0041551365026558,3.2321687791206405e-05,3.221752350911679e-05,0.0082021204636799,0.0001261778501457,-4.224906491962834,5.957904094796735e-05,2.762458059912972,0.7018761894613111,0.633484579012476,0.3914200033692933,0.06512,0.00548,0.0004,4.200087157026308,0.30106998964326,-3.899016877049602,0,-0.1537394904274978,0,4.502993519364351,0,8.701857163623155,0,4.503000334586348,8.701857163707986,0.0,2.220446049250313e-16,3.552713678800501e-15
rx_product,product,1,k=0,0,0,RX,10,11004,25000,0,0,0,0,0,0,0,0.000939597334752,0.0009272581763331,1.8908966839178264e-06,1.857687271633842e-06,0.0018668555110851,7.452375087250494e-06,-5.4340233909752245,3.6810914685638823e-06,3.1330328255842277,0.6994014285193191,0.6334291576914431,0.39150336337224,0.06432,0.00596,0.0006,5.4287380844897,0.3010323700165611,-5.127705296169922,0,-0.1552734882272541,0,5.740780480327069,0,11.170339709773105,0,5.740780984388856,11.170339709773884,0.0,2.220446049250313e-16,3.552713678800501e-15
rx_product,product,1,k=0,0,0,RX,12,11004,25000,0,0,0,0,0,0,0,0.0002338959246408,0.0002193117274021,1.1613553444149441e-07,1.1659348169024914e-07,0.000453207652043,4.664243076925734e-07,-6.636179604556321,2.3111088224299158e-07,3.4219110576366933,0.7104295341860132,0.640424527265189,0.3764693814659977,0.0616,0.00548,0.0004,6.632248977295534,0.3010301425021877,-6.331218848281284,0,-0.1484789925485328,0,6.924955791435664,0,13.565178373855046,0,6.924955814112362,13.565178373855057,0.0,2.220446049250313e-16,3.552713678800501e-15
rx_product,product,1,k=0,0,0,RX,14,11004,25000,0,0,0,0,0,0,0,5.9338324327861944e-05,5.6406373849295354e-05,8.064933621742848e-09,8.096803922048943e-09,0.0001157446981771,3.2430797062007754e-08,-7.805898808223468,1.5635119026600807e-08,3.7351335085666753,0.7060896324696548,0.6368327485229018,0.3843483138059238,0.06408,0.00516,0.00056,7.790072401555512,0.3010300060193493,-7.489042393782157,0,-0.1511401653818673,0,8.09328323734129,0,15.874382246451535,0,8.093283239190551,15.874382246451535,0.0,2.220446049250313e-16,3.552713678800501e-15
rx_product,product,1,k=0,0,0,RX,16,11004,25000,0,0,0,0,0,0,0,1.4104696463128254e-05,1.4820064252164096e-05,4.808259094824942e-10,5.269610880741786e-10,2.8924760715292353e-05,2.0003285752018803e-09,-9.002869924483939,9.934135411020106e-10,3.9973213789548607,0.7055309934473688,0.6361845470915637,0.388314244481619,0.06424,0.0066,0.00076,8.99992866720494,0.3010299963062355,-8.698898670964278,0,-0.1514839035721766,0,9.294251114801746,0,18.295224149050803,0,9.29425111498816,18.295224149050803,0.0,2.220446049250313e-16,3.552713678800501e-15
rx_product,product,1,k=0,0,0,RX,18,11004,25000,0,0,0,0,0,0,0,3.6001403073310157e-06,4.454951759467969e-06,3.096632057308001e-11,3.018264091341909e-11,8.055092066798985e-06,1.2099124059733246e-10,-10.241750388643052,5.7312534092717566e-11,4.29781386419782,0.7058611785688045,0.6349437776948603,0.3812236417112505,0.06696,0.00644,0.00052,10.218276075160404,0.3010299957026152,-9.917246079459408,0,-0.1512807036954482,0,10.52124964072348,0,20.75125944149072,0,10.521249640729213,20.75125944149072,0.0,2.220446049250313e-16,3.552713678800501e-15
rx_product,product,1,k=0,0,0,RX,20,11004,25000,0,0,0,0,0,0,0,1.1019520268021648e-06,7.668696225589514e-07,2.009470916211351e-12,1.973933622520187e-12,1.8688216493611165e-06,7.684110420646044e-12,-11.420272184567729,3.79951195583195e-12,4.56905145673981,0.7042853153520855,0.6356620182332953,0.3805021254035161,0.06244,0.00572,0.0008,11.415436424704517,0.3010299956663882,-11.114406429037366,0,-0.1522513667842646,0,11.721183070991234,0,23.158013604118462,0,11.721183070991897,23.158013604118462,0.0,2.220446049250313e-16,3.552713678800501e-15
rx_product,product,1,k=0,0,0,RX,2,11005,25000,0,0,0,0,0,0,0,0.2495428811094774,0.2464630380414185,0.1281938499380044,0.1252674438835467,0.4960059191508959,0.4923995222815132,-0.6116507460863405,0.2445396317741459,0.7815192716656227,0.7100003140855579,0.6372123881734985,0.3853031285026068,0.06564,0.00636,0.00052,0.8818201964564372,0.4442482344711405,-0.3076823780210774,0,-0.1487414591677517,0,0.7377446325093711,0,1.5569046267590778,0,0.7781512503836436,1.568201724066995,0.0,2.220446049250313e-16,1.7763568394002505e-15
rx_product,product,1,k=0,0,0,RX,4,11005,25000,0,0,0,0,0,0,0,0.0625099126766305,0.0628899784294651,0.008096435396704,0.008086732878801,0.1253998911060957,0.0337757704455436,-1.795754605555986,0.016004621008195,1.693187604319049,0.7071932956437141,0.6368197397844335,0.3836541627693039,0.06372,0.00632,0.00056,1.7828541579381063,0.3114596281095241,-1.4713947378621144,0,-0.1504618666398055,0,2.0569419190641742,0,3.8885937092679184,0,2.060697840353612,3.8886287217586495,0.0,2.220446049250313e-16,1.7763568394002505e-15
rx_product,product,1,k=0,0,0,RX,6,11005,25000,0,0,0,0,0,0,0,0.015956416244556,0.0156446687159973,0.0005053440689505,0.000489591646663,0.0316010849605533,0.0020031358868423,-3.0036596187867586,0.0009916088204765,2.263982038867131,0.7076401918753102,0.6368384248555827,0.3834706684925165,0.06276,0.00664,0.00048,2.999858403323553,0.3016667707135911,-2.6982896378279047,0,-0.1501875085675487,0,3.299036532952321,0,6.314861994579621,0,3.299180297057545,6.314862149184588,0.0,2.220446049250313e-16,1.7763568394002505e-15
rx_product,product,1,k=0,0,0,RX,8,11005,25000,0,0,0,0,0,0,0,0.0040541340873419,0.0041161176162673,3.119057218162971e-05,3.144436865829644e-05,0.0081702517036092,0.0001241041506246,-4.212973234431641,6.123881320415806e-05,2.721525324530565,0.709052581155363,0.6378943508112696,0.379553841783053,0.0648,0.00708,0.00068,4.207274177537892,0.3010695424594198,-3.90621369342886,0,-0.1493215593181433,0,4.4903288914743715,0,8.707407531147714,0,4.490337640873367,8.707407531571851,0.0,2.220446049250313e-16,3.552713678800501e-15
rx_product,product,1,k=0,0,0,RX,10,11005,25000,0,0,0,0,0,0,0,0.0009798819157733,0.0009373949844122,1.9569984089921985e-06,1.9511912772172865e-06,0.0019172769001855,7.777528173270923e-06,-5.432733225356859,3.6920432055265367e-06,3.136994383661533,0.7049271701695901,0.6341667784687305,0.3874348700193377,0.06416,0.00676,0.0006,5.410190947056747,0.3010324503093606,-5.109158766007905,0,-0.1518557502233635,0,5.7235960193549875,0,11.14658172192989,0,5.723596433990599,11.14658172193171,0.0,2.220446049250313e-16,3.552713678800501e-15
rx_product,product,1,k=0,0,0,RX,12,11005,25000,0,0,0,0,0,0,0,0.0002397457175766,0.0002207498962614,1.2624498826950925e-07,1.242971610468937e-07,0.000460495613838,4.927370535327897e-07,-6.623537474805744,2.379372978551825e-07,3.4493000935588274,0.6977846409923281,0.6312989967068247,0.3878240407341305,0.06568,0.00628,0.00056,6.60841490887586,0.3010301512247872,-6.307384782476687,0,-0.1562785941152777,0,6.90480187427592,0,13.53784916021046,0,6.904801908813493,13.537849160210468,0.0,2.220446049250313e-16,3.552713678800501e-15
rx_product,product,1,k=0,0,0,RX,14,11005,25000,0,0,0,0,0,0,0,5.983544978708864e-05,6.026135113832134e-05,7.549686081477169e-09,7.312621573241001e-09,0.0001200968009254,2.9477813005038093e-08,-7.838647975814629,1.449946654294014e-08,3.791240399726336,0.7089385072356129,0.6379219606219265,0.3813697333706505,0.06188,0.00572,0.00048,7.83153474547816,0.3010300050084282,-7.530504740652901,0,-0.1493914335627209,0,8.115269468822138,0,15.948561599793075,0,8.115269469774114,15.948561599793075,0.0,2.220446049250313e-16,3.552713678800501e-15
rx_product,product,1,k=0,0,0,RX,16,11005,25000,0,0,0,0,0,0,0,1.8294937146302313e-05,1.2570084982215602e-05,4.622119321206338e-10,4.695259271540314e-10,3.0865022128517914e-05,1.8691547494137822e-09,-9.030000950881464,9.33252257452484e-10,4.049889082154642,0.7093691631245223,0.6370582131138832,0.3826694733401734,0.06392,0.0058,0.00044,9.029384753298787,0.3010299962689062,-8.72835475704127,0,-0.1491276946346523,0,9.32727242795162,0,18.33594706307172,0,9.327272428063484,18.33594706307172,0.0,2.220446049250313e-16,3.552713678800501e-15
rx_product,product,1,k=0,0,0,RX,18,11005,25000,0,0,0,0,0,0,0,2.989268470840772e-06,3.845925078325829e-06,3.338811540910685e-11,3.407008632718464e-11,6.835193549166601e-06,1.3276896363671064e-10,-10.206583801004385,6.214643190838249e-11,4.324832496585237,0.7093321305529886,0.6386901668431454,0.3770465967094172,0.06464,0.00664,0.00056,10.177933463534323,0.3010299957063402,-9.876903467827551,0,-0.1491503675348458,0,10.473255111348216,0,20.659591918029143,0,10.473255111355536,20.659591918029143,0.0,2.220446049250313e-16,3.552713678800501e-15
rx_product,product,1,k=0,0,0,RX,20,11005,25000,0,0,0,0,0,0,0,1.2014269994565165e-06,1.0713110026003322e-06,1.8758983644045797e-12,1.8650492340715177e-12,2.272738002056849e-06,7.50948782232839e-12,-11.445158674495104,3.587908223320219e-12,4.56653038801654,0.7019936288545501,0.6353779858048991,0.3873121738034761,0.06448,0.00716,0.00064,11.425419747351247,0.3010299956663633,-11.124389751684047,0,-0.1536668298961238,0,11.729949551358471,0,23.143033727170703,0,11.729949551358889,23.143033727170703,0.0,2.220446049250313e-16,3.552713678800501e-15
rx_product,product,1,k=0,0,0,RX,2,11006,25000,0,0,0,0,0,0,0,0.2498410765412716,0.2517312815223265,0.1294339878768863,0.1332239332810356,0.5015723580635981,0.5037291566408164,-0.6051931739970492,0.2482028854371487,0.76016595492207,0.7066211176029211,0.6369612881342424,0.3832372444156054,0.06284,0.00648,0.00056,0.8788152244990569,0.4462493404403215,-0.29780292959327,0,-0.1508133877110656,0,0.7207199373285936,0,1.5284926999114772,0,0.7781512503836436,1.5314789170422551,0.0,2.220446049250313e-16,1.7763568394002505e-15
rx_product,product,1,k=0,0,0,RX,4,11006,25000,0,0,0,0,0,0,0,0.0611444326527271,0.0624999386227188,0.0077778484880798,0.0078867780458931,0.123644371275446,0.0322237636902754,-1.8165872178754912,0.0152550200269277,1.7240148481642978,0.7087935105014542,0.6364096469263054,0.3809358023704612,0.06336,0.00612,0.00076,1.8034485446301656,0.3110368842252529,-1.49182373807835,0,-0.1494802681761905,0,2.081378208566429,0,3.919264475335163,0,2.0827853703164503,3.919287340504382,0.0,2.220446049250313e-16,1.7763568394002505e-15
rx_product,product,1,k=0,0,0,RX,6,11006,25000,0,0,0,0,0,0,0,0.0153323382240182,0.0161838212380368,0.0004746488408025,0.0004914401027893,0.031516159462055,0.0019503240586132,-3.023655542208706,0.0009469879608083,2.263712505787815,0.7082188054114698,0.6370640434391206,0.384374289427265,0.06572,0.00648,0.00076,3.011586830877675,0.3016489951071697,-2.709893237827354,0,-0.1498325462793373,0,3.32222297215492,0,6.347171730156662,0,3.3223226735699356,6.347171872269769,0.0,2.220446049250313e-16,1.7763568394002505e-15
rx_product,product,1,k=0,0,0,RX,8,11006,25000,0,0,0,0,0,0,0,0.0039720051230059,0.0038640665391811,3.220224555712414e-05,3.392982159469183e-05,0.007836071662187,0.0001304246806689,-4.206501088826738,6.215826893705285e-05,2.6983410220517263,0.7057614200014553,0.6354373268159021,0.3861579950451439,0.06456,0.007,0.0008,4.185717402739098,0.301071420458384,-3.884640268615829,0,-0.1513420857789298,0,4.50039795819719,0,8.706073786269467,0,4.500401156838725,8.706073786589561,0.0,2.220446049250313e-16,3.552713678800501e-15
rx_product,product,1,k=0,0,0,RX,10,11006,25000,0,0,0,0,0,0,0,0.0009616166610417,0.0009732108207482,1.9672590810573724e-06,2.0011397759541896e-06,0.00193482748179,8.00854232823755e-06,-5.409126271201405,3.898286274517829e-06,3.1081559627484725,0.7078291922919498,0.6368061865070789,0.3751955429292914,0.06376,0.00588,0.0006,5.3974791589055595,0.3010324790715097,-5.0964465909212,0,-0.1500715301561953,0,5.707154167963427,0,11.125475449183714,0,5.7071546147716985,11.125475449184592,0.0,2.220446049250313e-16,3.552713678800501e-15
rx_product,product,1,k=0,0,0,RX,12,11006,25000,0,0,0,0,0,0,0,0.0002600763923794,0.0002637852651951,1.3685549812088197e-07,1.3059061138479812e-07,0.0005238616575746,5.304615170951973e-07,-6.5836358175157965,2.608339885700967e-07,3.410810835508795,0.7048453168056747,0.6343177776104799,0.3846896330619044,0.06792,0.0068,0.0008,6.576376394031255,0.3010301612794297,-6.275346200734138,0,-0.1519061823487197,0,6.893136952096247,0,13.451525929278036,0,6.893136972980724,13.451525929278043,0.0,2.220446049250313e-16,3.552713678800501e-15
rx_product,product,1,k=0,0,0,RX,14,11006,25000,0,0,0,0,0,0,0,7.163974807270888e-05,6.784121310887399e-05,7.506542670926058e-09,7.518015702466811e-09,0.0001394809611815,3.001146968657703e-08,-7.830317675148775,1.4780268543525892e-08,3.783846392112496,0.7051247568030062,0.6380297100455364,0.3732373565093981,0.06372,0.00596,0.00052,7.823742752301635,0.3010300053385588,-7.522712745044746,0,-0.1517340370664483,0,8.117377791071881,0,15.916191972524643,0,8.117377793519532,15.916191972524643,0.0,2.220446049250313e-16,3.552713678800501e-15
rx_product,product,1,k=0,0,0,RX,16,11006,25000,0,0,0,0,0,0,0,2.101642765826921e-05,2.1521250649031688e-05,4.951707563723347e-10,4.6131132599816483e-10,4.253767830730091e-05,1.9332895562476947e-09,-9.032295611350785,9.283342821122268e-10,4.05429295745318,0.7035152009200907,0.6346963599027224,0.3865886981146842,0.06584,0.00604,0.00052,9.014733093738077,0.3010299962721801,-8.71370309759336,0,-0.1527265144536983,0,9.321493225335333,0,18.331234171491207,0,9.321493225409691,18.331234171491207,0.0,2.220446049250313e-16,3.552713678800501e-15
rx_product,product,1,k=0,0,0,RX,18,11006,25000,0,0,0,0,0,0,0,3.6791895528721776e-06,2.7337559534098536e-06,3.0381356928252665e-11,3.068655554904043e-11,6.412945506282033e-06,1.1787959003148176e-10,-10.233892380656409,5.835897014587563e-11,4.330854351544372,0.7056408075500261,0.6351698015851832,0.3881533947711722,0.06416,0.00652,0.0006,10.229591469181509,0.301029995700862,-9.928561473471376,0,-0.1514163117286235,0,10.523289989807497,0,20.750419827398137,0,10.523289989818885,20.750419827398137,0.0,2.220446049250313e-16,3.552713678800501e-15
rx_product,product,1,k=0,0,0,RX,20,11006,25000,0,0,0,0,0,0,0,6.999643710530746e-07,1.029811835071718e-06,1.916686057481526e-12,1.721985992979133e-12,1.729776206124793e-06,7.711485961860799e-12,-11.440709334313317,3.6248552245752194e-12,4.626786634389859,0.7029606823772947,0.6348344839569886,0.3889879018467439,0.06612,0.00744,0.00084,11.413891997962594,0.3010299956663944,-11.112862002296602,0,-0.1530689650976686,0,11.733101473209436,0,23.152121860173764,0,11.73310147320996,23.152121860173764,0.0,2.220446049250313e-16,3.552713678800501e-15
rx_product,product,1,k=0,0,0,RX,2,11007,25000,0,0,0,0,0,0,0,0.2491788735461317,0.2505475632943407,0.1291143178349217,0.1308968473484515,0.4997264368404724,0.5001671877844777,-0.598243446447966,0.2522066616177844,0.7581909891864903,0.706940577673691,0.6366212335059104,0.3858126591269977,0.06664,0.00656,0.00076,0.8751715175587622,0.4462204911070038,-0.3008848024727786,0,-0.150617089652798,0,0.7248476864254748,0,1.5323236104063294,0,0.7781512503836436,1.5440680443502757,0.0,2.220446049250313e-16,8.881784197001252e-16
rx_product,product,1,k=0,0,0,RX,4,11007,25000,0,0,0,0,0,0,0,0.0621496663464619,0.0620902235217277,0.0078679050284848,0.0077549815540909,0.1242398898681897,0.0309920935850186,-1.8291550795324427,0.0148198879643127,1.7238006030596214,0.703283227129982,0.6359057613725412,0.3765787644764474,0.06368,0.00668,0.0008,1.8192158621880723,0.3107197386885243,-1.508749085906583,0,-0.1528697415662055,0,2.0910423715775424,0,3.947671438808447,0,2.093421685162235,3.9477032279245465,0.0,2.220446049250313e-16,1.7763568394002505e-15
rx_product,product,1,k=0,0,0,RX,6,11007,25000,0,0,0,0,0,0,0,0.0154947982569643,0.0158919035004681,0.0004763519339311,0.0004795858439725,0.0313867017574325,0.0019344307331088,-3.034126326866069,0.0009244292383668,2.282031867524506,0.6993032089632468,0.6333258058060943,0.3870277141693528,0.0648,0.00664,0.00076,3.0150333963296463,0.3016380690096747,-2.71344685834677,0,-0.155334479598119,0,3.3260888788946734,0,6.362186322684703,0,3.3261309567107946,6.362186440374307,0.0,2.220446049250313e-16,1.7763568394002505e-15
rx_product,product,1,k=0,0,0,RX,8,11007,25000,0,0,0,0,0,0,0,0.0039611017195278,0.0040807112813816,3.2253857491739586e-05,3.180164474134824e-05,0.0080418130009094,0.00013026799351,-4.219143681822295,6.037488522889483e-05,2.757702520503278,0.7061294605145031,0.6381439405881877,0.375178069382126,0.06168,0.00556,0.00044,4.186223524547179,0.3010697273129834,-3.885162551895254,0,-0.1511156688899125,0,4.49290893406269,0,8.69390304657123,0,4.492913932933224,8.693903046800134,0.0,2.220446049250313e-16,3.552713678800501e-15
rx_product,product,1,k=0,0,0,RX,10,11007,25000,0,0,0,0,0,0,0,0.0009714972844577,0.0009522658031225,1.940296071465551e-06,1.952995168191166e-06,0.0019237630875802,8.002487877672044e-06,-5.419027734841159,3.810414886092912e-06,3.088416001827016,0.7098121507990998,0.6386752685662039,0.3762379605774173,0.06232,0.00688,0.00068,5.397807534238222,0.3010325122869526,-5.096774980749064,0,-0.1488565707053932,0,5.683351443548148,0,11.088109012206823,0,5.683352134934021,11.088109012208552,0.0,2.220446049250313e-16,3.552713678800501e-15
rx_product,product,1,k=0,0,0,RX,12,11007,25000,0,0,0,0,0,0,0,0.0002426600708503,0.0002611017556672,1.2274345155195586e-07,1.1899367610367437e-07,0.0005037618265176,4.969931379892812e-07,-6.6348788981246845,2.3180409394823234e-07,3.5095042193329817,0.7065607122568427,0.635572338445118,0.3845397397371521,0.06336,0.00668,0.00088,6.604679850853101,0.3010301522331153,-6.303649664788429,0,-0.1508505149719233,0,6.912445465376179,0,13.516033028967598,0,6.912445495976923,13.516033028967604,0.0,2.220446049250313e-16,3.552713678800501e-15
rx_product,product,1,k=0,0,0,RX,14,11007,25000,0,0,0,0,0,0,0,5.641472477743002e-05,5.753463173127021e-05,7.756278679271016e-09,7.93809228922481e-09,0.0001139493565087,3.053374459818183e-08,-7.82841251348176,1.4845249002907574e-08,3.710653077004025,0.7070984328191826,0.6362346979074771,0.3769025945990302,0.06704,0.00776,0.00108,7.816249939106623,0.3010300052522736,-7.515219931445643,0,-0.1505201253941814,0,8.119453941703448,0,15.94563158088636,0,8.119453943756355,15.94563158088636,0.0,2.220446049250313e-16,3.552713678800501e-15
rx_product,product,1,k=0,0,0,RX,16,11007,25000,0,0,0,0,0,0,0,1.684952707493389e-05,1.6227529414299555e-05,4.5755953237541446e-10,4.5095400639012136e-10,3.3077056489233445e-05,1.878037802757003e-09,-9.025094037105744,9.438564823884643e-10,4.03136270764672,0.7115057720823041,0.6386351495679916,0.3808007433371594,0.06656,0.00668,0.00088,9.027325670399597,0.301029996252983,-8.726295674291666,0,-0.1478215723954603,0,9.341634189070351,0,18.38085058542241,0,9.3416341892161,18.38085058542241,0.0,2.220446049250313e-16,3.552713678800501e-15
rx_product,product,1,k=0,0,0,RX,18,11007,25000,0,0,0,0,0,0,0,3.49110486489139e-06,4.255904420480439e-06,2.9536629859413225e-11,3.0582882292575523e-11,7.74700928537183e-06,1.206594540077516e-10,-10.236327958699254,5.8032601718875446e-11,4.345789814891181,0.7117947476143981,0.6375813646399727,0.3866507963991429,0.06304,0.00664,0.00032,10.219468641633284,0.301029995702561,-9.918438645942569,0,-0.1476452210278518,0,10.51421158632892,0,20.744225558284633,0,10.514211586338993,20.744225558284633,0.0,2.220446049250313e-16,3.552713678800501e-15
rx_product,product,1,k=0,0,0,RX,20,11007,25000,0,0,0,0,0,0,0,6.926239579253307e-07,1.0804124458364929e-06,1.9257098994633256e-12,2.0134598679815754e-12,1.7730364037618236e-06,8.055694687026443e-12,-11.424166536387856,3.765593742540696e-12,4.576907861229504,0.7098340215188388,0.6378763369357258,0.3784100714433064,0.0632,0.00588,0.0006,11.394927017282336,0.3010299956666369,-11.09389702161626,0,-0.1488431900015677,0,11.683495148894783,0,23.06356088518811,0,11.683495148895176,23.06356088518811,0.0,2.220446049250313e-16,3.552713678800501e-15
rx_product,product,1,k=0,0,0,RX,2,11008,25000,0,0,0,0,0,0,0,0.2505691600574481,0.2502192359276471,0.1305457739359216,0.1308290246044334,0.5007883959850954,0.4966767982860344,-0.6055764925815107,0.2479839123479966,0.7589419935462397,0.7057745185585869,0.6359786070161871,0.3862942774704014,0.06572,0.00712,0.00064,0.879177161495666,0.4451227239021884,-0.3039261289275115,0,-0.1513340255602587,0,0.7246738791690082,0,1.5389639148372205,0,0.7781512503836436,1.5440680443502757,0.0,2.220446049250313e-16,1.7763568394002505e-15
rx_product,product,1,k=0,0,0,RX,4,11008,25000,0,0,0,0,0,0,0,0.06218524880364,0.0613430793727663,0.0079558495698167,0.0080288905473366,0.1235283281764064,0.031970450107961,-1.8144945939945916,0.0153287028708772,1.6762054307811485,0.7114365402845555,0.6392125105280361,0.3811824840171403,0.06128,0.00568,0.00056,1.8068795257868313,0.3110310565789218,-1.495251251282823,0,-0.1478638326618413,0,2.074308346394255,0,3.928146886038901,0,2.0755469613925306,3.928190920835872,0.0,2.220446049250313e-16,1.7763568394002505e-15
rx_product,product,1,k=0,0,0,RX,6,11008,25000,0,0,0,0,0,0,0,0.0152862334912004,0.0160983683022667,0.0004969302049636,0.000501676769109,0.0313846017934671,0.0019802267526752,-3.0160367113053113,0.0009637475537283,2.287276500799078,0.7120597541701748,0.638202117029578,0.381965543874992,0.06276,0.00636,0.00092,3.0050007104149152,0.3016518033121207,-2.7032850773866945,0,-0.1474835601314172,0,3.2916907808076092,0,6.310157676728341,0,3.291812630826369,6.310157811066175,0.0,2.220446049250313e-16,1.7763568394002505e-15
rx_product,product,1,k=0,0,0,RX,8,11008,25000,0,0,0,0,0,0,0,0.0038464132704981,0.0037804275475336,3.289637914248918e-05,3.2338941631218895e-05,0.0076268408180317,0.0001258731705388,-4.198609530599941,6.329807016129934e-05,2.711300439690723,0.7078432431653221,0.6362020812915625,0.3853073941804759,0.065,0.00628,0.00084,4.2011278888692445,0.3010702780860104,-3.900066885980922,0,-0.15006290927571,0,4.4808459470786355,0,8.69216979400903,0,4.480847394947456,8.692169794420069,0.0,2.220446049250313e-16,1.7763568394002505e-15
rx_product,product,1,k=0,0,0,RX,10,11008,25000,0,0,0,0,0,0,0,0.0009763021847414,0.0010059938698125,1.926699155671306e-06,2.0080596331485356e-06,0.0019822960545539,8.021772820193768e-06,-5.421820852869963,3.785987250569933e-06,3.1207635477441227,0.7053350266544336,0.6354400067257107,0.3859609633411077,0.06352,0.00704,0.00044,5.3967622417279095,0.3010325427892213,-5.095729641688639,0,-0.1516045487504938,0,5.709763564142867,0,11.092763363399085,0,5.709764196569648,11.092763363401131,0.0,2.220446049250313e-16,3.552713678800501e-15
rx_product,product,1,k=0,0,0,RX,12,11008,25000,0,0,0,0,0,0,0,0.0002378743914788,0.0002519252048383,1.3190363118781553e-07,1.291864195709509e-07,0.0004897995963172,5.265687896272101e-07,-6.604279417648886,2.487256545021103e-07,3.4562637675522625,0.7102989983478549,0.6392061120640763,0.3769711816881444,0.06244,0.00604,0.00044,6.579575049485461,0.3010301637686501,-6.278544910623581,0,-0.1485587980121528,0,6.881000178044152,0,13.456737232921183,0,6.881000183613418,13.456737232921194,0.0,2.220446049250313e-16,3.552713678800501e-15
rx_product,product,1,k=0,0,0,RX,14,11008,25000,0,0,0,0,0,0,0,5.6673758125622173e-05,6.23014569716951e-05,7.991745908971032e-09,8.646450037384585e-09,0.0001189752150973,3.333075884734591e-08,-7.814701057945796,1.5321417324934325e-08,3.783539525809716,0.7051680747569382,0.6365218078827561,0.3795579594262479,0.06044,0.00644,0.00064,7.7781848439341825,0.3010300062666213,-7.47715483831024,0,-0.1517073578867872,0,8.093179687369934,0,15.872609129172716,0,8.09317968797866,15.872609129172716,0.0,2.220446049250313e-16,3.552713678800501e-15
rx_product,product,1,k=0,0,0,RX,16,11008,25000,0,0,0,0,0,0,0,1.8117809945229086e-05,1.8018352146061964e-05,4.944863766865651e-10,4.919619221917158e-10,3.6136162091291054e-05,1.9251407355354616e-09,-9.029452444912996,9.344316825831646e-10,4.00707751579411,0.7005106988037012,0.635207508007716,0.3815985953423418,0.06212,0.00576,0.00052,9.016567513210568,0.3010299962776184,-8.715537516712,0,-0.154585227408506,0,9.310688289818012,0,18.326979714364462,0,9.310688289994284,18.326979714364462,0.0,2.220446049250313e-16,3.552713678800501e-15
rx_product,product,1,k=0,0,0,RX,18,11008,25000,0,0,0,0,0,0,0,2.6318733540168393e-06,3.445380090507679e-06,3.187261990121958e-11,3.0403954716675675e-11,6.077253444524517e-06,1.2424960024058343e-10,-10.203452002019583,6.259620410692689e-11,4.268725993283896,0.7113337715757246,0.636539253388106,0.3861284429711522,0.0642,0.00624,0.00088,10.206735330010885,0.3010299957033133,-9.90570533430648,0,-0.1479265720714837,0,10.513649497828087,0,20.70600041521268,0,10.513649497832406,20.70600041521268,0.0,2.220446049250313e-16,3.552713678800501e-15
rx_product,product,1,k=0,0,0,RX,20,11008,25000,0,0,0,0,0,0,0,1.430585534238429e-06,8.633277418816311e-07,1.98837767754582e-12,1.980327269971739e-12,2.29391327612006e-06,7.897273505546688e-12,-11.435607805634836,3.667686395567303e-12,4.581880683950686,0.7093822601087238,0.6371363968353215,0.3804679220886576,0.06204,0.00608,0.00068,11.403552822529058,0.3010299956664788,-11.102522826861664,0,-0.1491196766104855,0,11.697782722293436,0,23.096610441873565,0,11.697782722294136,23.096610441873565,0.0,2.220446049250313e-16,3.552713678800501e-15
rx_product,product,1,k=0,0,0,RX,2,11009,25000,0,0,0,0,0,0,0,0.2516123941575904,0.2525185234743137,0.1310264850602043,0.1349803624310773,0.5041309176319042,0.5101518501979028,-0.5990978196589847,0.2517109914878831,0.754702854020473,0.7031333055402095,0.6349672294727452,0.3886830855365908,0.0632,0.00656,0.0008,0.8705410590543643,0.4476318261681238,-0.2923005342509395,0,-0.1529623328786578,0,0.7158096970360018,0,1.5220664311607313,0,0.7781512503836436,1.5314789170422551,0.0,2.220446049250313e-16,8.881784197001252e-16
rx_product,product,1,k=0,0,0,RX,4,11009,25000,0,0,0,0,0,0,0,0.0636114775156699,0.0620688023932187,0.008259964345936,0.0083411885460687,0.1256802799088887,0.0325023297599912,-1.79417326938891,0.0160630026353476,1.6884959287914223,0.705148679494549,0.6345460405778048,0.3900414751541854,0.06368,0.00668,0.00076,1.799621202558843,0.3112377245457876,-1.4880855146521554,0,-0.1517193031545079,0,2.064464589324106,0,3.9119413873637248,0,2.06632192548654,3.911982762789137,0.0,2.220446049250313e-16,1.7763568394002505e-15
rx_product,product,1,k=0,0,0,RX,6,11009,25000,0,0,0,0,0,0,0,0.0152970604526196,0.0154828403325582,0.0005150599790883,0.0005053171747852,0.0307799007851778,0.0020700679217313,-3.005355393435847,0.0009877444692062,2.2558792327144257,0.7065004589084161,0.6366774116474337,0.3807183913519312,0.06136,0.00548,0.0004,2.985692962769556,0.3016812049706592,-2.6840154072029945,0,-0.1508875517187096,0,3.2870372381108046,0,6.30061437547379,0,3.287129620719111,6.30061458107823,0.0,2.220446049250313e-16,1.7763568394002505e-15
rx_product,product,1,k=0,0,0,RX,8,11009,25000,0,0,0,0,0,0,0,0.0037018625197135,0.0038593349953917,3.14139232905421e-05,3.130628973090578e-05,0.0075611975151052,0.0001271345930117,-4.227293173289784,5.9252520158521664e-05,2.7132630314310013,0.7085485534748247,0.639520348009983,0.3786971207359042,0.06124,0.00576,0.00052,4.196794310761116,0.3010695773463614,-3.8957362664898407,0,-0.1496303843175885,0,4.496479325667131,0,8.709721011850085,0,4.496486827305949,8.70972101203726,0.0,2.220446049250313e-16,1.7763568394002505e-15
rx_product,product,1,k=0,0,0,RX,10,11009,25000,0,0,0,0,0,0,0,0.0009282318334559,0.0009771454111003,2.0468404427676892e-06,2.114219899978843e-06,0.0019053772445562,8.292416656822069e-06,-5.412314626782439,3.869771958066885e-06,3.103039637408473,0.7036628191232788,0.6356793759172666,0.3838317357475474,0.06164,0.00672,0.0006,5.382351665391598,0.3010325947835386,-5.0813188851197975,0,-0.1526353960761287,0,5.703380803701858,0,11.090731980486996,0,5.703381236835242,11.090731980489943,0.0,2.220446049250313e-16,3.552713678800501e-15
rx_product,product,1,k=0,0,0,RX,12,11009,25000,0,0,0,0,0,0,0,0.0002258684293461,0.0002351859114524,1.2158651000566338e-07,1.28898341407173e-07,0.0004610543407986,5.060151112750868e-07,-6.610119072702518,2.454035988049115e-07,3.4569715373886742,0.7022397863777342,0.6344084583015812,0.3866690871460027,0.06272,0.00592,0.00048,6.596866744266406,0.3010301561323598,-6.295836577962556,0,-0.153514568651532,0,6.892468429064785,0,13.501241857505343,0,6.892468463925524,13.501241857505356,0.0,2.220446049250313e-16,3.552713678800501e-15
rx_product,product,1,k=0,0,0,RX,14,11009,25000,0,0,0,0,0,0,0,6.177155973994495e-05,5.527378003515136e-05,7.818864132944903e-09,8.354520300769207e-09,0.000117045339775,3.2839997226144844e-08,-7.809287330567091,1.5513602856095417e-08,3.735535179411293,0.7071889813047927,0.6360493271452976,0.3833714260083833,0.0652,0.00624,0.00048,7.784626897695695,0.3010300059830126,-7.483596888644568,0,-0.1504645150087725,0,8.097144238724193,0,15.876457722854155,0,8.097144239206447,15.876457722854155,0.0,2.220446049250313e-16,3.552713678800501e-15
rx_product,product,1,k=0,0,0,RX,16,11009,25000,0,0,0,0,0,0,0,1.7238940718155324e-05,1.4899226659956906e-05,4.730932731018686e-10,4.884727676157165e-10,3.213816737811222e-05,1.888517993796844e-09,-9.03736285167388,9.175656529212325e-10,4.051557761017629,0.7115690939057477,0.6387549879007746,0.3788136935877783,0.06456,0.00632,0.00076,9.0249094944631,0.3010299962726499,-8.723879498108591,0,-0.147782923210437,0,9.30405089327337,0,18.324501702966224,0,9.304050893402966,18.324501702966224,0.0,2.220446049250313e-16,3.552713678800501e-15
rx_product,product,1,k=0,0,0,RX,18,11009,25000,0,0,0,0,0,0,0,5.048021416409281e-06,4.249554547711239e-06,2.816067034013254e-11,2.9177085554985614e-11,9.29757596412052e-06,1.166425615072163e-10,-10.247854450815332,5.651263391713813e-11,4.352771823373623,0.7029213040953864,0.6332674847114896,0.3890216355335366,0.06636,0.00536,0.00084,10.23417314265915,0.3010299957003477,-9.93314314695372,0,-0.1530932939259284,0,10.559545099676072,0,20.78555159250952,0,10.55954509968062,20.78555159250952,0.0,2.220446049250313e-16,3.552713678800501e-15
rx_product,product,1,k=0,0,0,RX,20,11009,25000,0,0,0,0,0,0,0,7.928881266033905e-07,1.0294943977424023e-06,1.9863533005906298e-12,1.926635526931363e-12,1.8223825243457936e-06,7.73005721984044e-12,-11.427584947869107,3.736070408106748e-12,4.544237498428277,0.7077218855299473,0.636926031159349,0.3788765004111494,0.06356,0.00724,0.00064,11.412847312928342,0.3010299956664246,-11.111817317261302,0,-0.1501373742233695,0,11.707011746407948,0,23.127012768615486,0,11.707011746408051,23.127012768615486,0.0,2.220446049250313e-16,3.552713678800501e-15
hea_ring,d2,2,EARLY,0,0,RY,4,11000,4000,0,0,0,0,0,0,0,0.06319391469602222,0.062475755757777834,0.036169336411990265,0.03639371489386886,0.12566967045380004,0.09623125368106306,-1.0853531837991577,0.0821574244650494,0.5868114062619518,0.5407474038144336,0.5280992606347392,0.4678400606403312,0.091,0.0075,0.00025,1.3451789999668642,0.3285266447711763,-1.0166839929876947,0,-0.2670055635781211,0,1.6469437955962862,0,3.082882100985265,0,,,,,
hea_ring,d2,2,LATE,1,0,RY,4,11000,4000,0,0,0,0,0,0,0,0.0626362547122693,0.06251853661887061,0.03708830998408794,0.03514959846017499,0.1251547913311399,0.09924765278165693,-1.086541647141593,0.08193290489627712,0.5855761331657519,0.5560435533466144,0.5358811485554388,0.4695238878334049,0.09125,0.01,0.00025,1.333539576680237,0.32859790353351304,-1.003279821842265,0,-0.2548911918101395,0,1.6474319636348276,0,3.085015810866743,0,,,,,
hea_ring,d2,2,EARLY,0,0,RY,4,11001,4000,0,0,0,0,0,0,0,0.06173834392147128,0.06205610403383535,0.03623478205688053,0.03377634405641067,0.12379444795530666,0.09449415159702247,-1.0973866910252479,0.07991224083495232,0.6039772908928958,0.5419031676597298,0.5277857272571418,0.4665291286718511,0.09075,0.0085,0.0015,1.3537424024549247,0.32775700171228506,-1.0245950698969666,0,-0.2660783165383934,0,1.6608412763129508,0,3.1030026246753515,0,,,,,
hea_ring,d2,2,LATE,1,0,RY,4,11001,4000,0,0,0,0,0,0,0,0.0620542179629549,0.06196545607160786,0.0356124362996843,0.035586633218662574,0.12401967403456277,0.09725496789815871,-1.0922456092833859,0.08086384554604464,0.5703518870318753,0.5449601003515534,0.5322202415312823,0.44424789702560313,0.08225,0.00725,0.00075,1.342325804718715,0.32860575612624443,-1.012088205303007,0,-0.2636353130132112,0,1.6550609756338899,0,3.066756438154041,0,,,,,
hea_ring,d2,2,EARLY,0,0,RY,4,11002,4000,0,0,0,0,0,0,0,0.062327811624046006,0.0644094545804685,0.037763783117211784,0.038431490685561426,0.1267372662045145,0.09768224835565441,-1.0852262225468619,0.0821814458025184,0.588536705066578,0.5207615906149758,0.5194117633070818,0.47671526344749293,0.0955,0.01025,0.0005,1.34003679215432,0.32790387864911136,-1.0101843921857663,0,-0.2833610551666256,0,1.6706469313814707,0,3.1002020561617654,0,,,,,
hea_ring,d2,2,LATE,1,0,RY,4,11002,4000,0,0,0,0,0,0,0,0.06502565103519384,0.06198262199098518,0.036739360763454576,0.03607618730429282,0.12700827302617904,0.09981087146149932,-1.0802014052069961,0.08313781278969817,0.5749936933623728,0.5488850126081091,0.5356029289963724,0.4497607327891781,0.0895,0.01075,0.002,1.3299937223599985,0.32847935140401097,-1.0008221579687997,0,-0.2605186311050852,0,1.6235175416602805,0,3.0479042059654775,0,,,,,
hea_ring,d2,2,EARLY,0,0,RY,4,11003,4000,0,0,0,0,0,0,0,0.062413944687797436,0.06295638933049996,0.0355848252852332,0.036663841008247544,0.1253703340182974,0.09813640202401837,-1.0908619418921544,0.0811218895683259,0.5852430792149346,0.5447993411494955,0.5320973053483188,0.44173003871696714,0.0875,0.0095,0.00075,1.3381749821150974,0.32820307828427014,-1.0081698716149115,0,-0.26376349363123835,0,1.674284876582469,0,3.070826648236179,0,,,,,
hea_ring,d2,2,LATE,1,0,RY,4,11003,4000,0,0,0,0,0,0,0,0.06327569174274884,0.06323076140974503,0.03518389271748912,0.03781819148694493,0.12650645315249387,0.09882131752439105,-1.0797733705420347,0.08321979266639273,0.5715439960466226,0.5560253324802348,0.5397234244197062,0.44102814584713895,0.0845,0.00675,0.00025,1.3333724459175842,0.3286393675413529,-1.0051494305767688,0,-0.25490554396804,0,1.631263347600799,0,3.0474147072822984,0,,,,,
hea_ring,d2,2,EARLY,0,0,RY,4,11004,4000,0,0,0,0,0,0,0,0.06482508804429003,0.06340609743553145,0.03650960501807251,0.035091544350558446,0.12823118547982149,0.09670153597108147,-1.0852216486865627,0.08218231131761776,0.6232852286129258,0.5479858614926276,0.5347246926126638,0.46141584321597373,0.08925,0.0085,0.00025,1.3432458392924072,0.3286117670464353,-1.0145666340306168,0,-0.26123077649122184,0,1.6675971323939769,0,3.1102471773388407,0,,,,,
hea_ring,d2,2,LATE,1,0,RY,4,11004,4000,0,0,0,0,0,0,0,0.06353133378895058,0.06261507934859742,0.0364712711407664,0.03509738092925382,0.12614641313754799,0.09709288206648564,-1.0888963368135487,0.0814898771691813,0.5994178412721718,0.5483066500383997,0.5283563161486693,0.47102293848182225,0.093,0.01,0.00075,1.3413542192755457,0.3281601367633058,-1.0128126502686956,0,-0.2609764952166809,0,1.670404883586664,0,3.097172107459116,0,,,,,
hea_ring,d2,2,EARLY,0,0,RY,4,11005,4000,0,0,0,0,0,0,0,0.06240599461248561,0.06491742545225239,0.03490112539030098,0.0372890975669858,0.127323420064738,0.09767755682702586,-1.0883822842618738,0.08158638974858595,0.6089849837108959,0.5427717370942329,0.5315149164722529,0.460661693135992,0.09175,0.0075,0.00075,1.340236330083529,0.3284364035073334,-1.0102052343870942,0,-0.26538280558479643,0,1.6625024869261922,0,3.0920681580575504,0,,,,,
hea_ring,d2,2,LATE,1,0,RY,4,11005,4000,0,0,0,0,0,0,0,0.06306786589597277,0.06275372175504478,0.036953390327650465,0.037241051641788814,0.12582158765101756,0.09885656745198752,-1.082923978570957,0.08261825567146114,0.5739454565223938,0.5473019616256087,0.5315328227209062,0.4802024885683951,0.09025,0.00875,0.00075,1.3350125531604566,0.3288307726608459,-1.0049944762793717,0,-0.2617730246394929,0,1.6452577609509653,0,3.0574203863084737,0,,,,,
hea_ring,d2,2,EARLY,0,0,RY,4,11006,4000,0,0,0,0,0,0,0,0.0633080495352933,0.06326615229000047,0.0364641967310503,0.03667122330470192,0.12657420182529375,0.09778010104693946,-1.0835788775349182,0.08249376448523442,0.5895266669163042,0.5408214194607419,0.5283969133929832,0.4490448952079528,0.08725,0.00925,0.0005,1.339513463758918,0.3287007172512349,-1.009749544484154,0,-0.2669461219708451,0,1.658891932310938,0,3.073431781719985,0,,,,,
hea_ring,d2,2,LATE,1,0,RY,4,11006,4000,0,0,0,0,0,0,0,0.062622226770342,0.06342999854363471,0.03635296611124368,0.036034673357873276,0.1260522253139767,0.0987047593982187,-1.0838770253318122,0.08243715107056947,0.5685373871369896,0.5519398527268365,0.5374031070467118,0.4526046811010127,0.08375,0.00925,0.001,1.335794328566537,0.3286614779823619,-1.0056619060426004,0,-0.25810824857829673,0,1.648435953012966,0,3.0451757521986735,0,,,,,
hea_ring,d2,2,EARLY,0,0,RY,4,11007,4000,0,0,0,0,0,0,0,0.06484999578457375,0.06123234795402659,0.03658711354309889,0.03526608677181626,0.12608234373860033,0.09703822950947026,-1.0928319205637536,0.08075475045560565,0.6026345932764543,0.5409692192825587,0.5278959754091982,0.4607219943625148,0.09475,0.008,0.00125,1.342640390375524,0.3282329188783353,-1.0130571362085523,0,-0.2668274545631297,0,1.696185257042111,0,3.085036737725649,0,,,,,
hea_ring,d2,2,LATE,1,0,RY,4,11007,4000,0,0,0,0,0,0,0,0.0593969112015898,0.06312620909598182,0.033557266577646315,0.03537750760699289,0.1225231202975716,0.09376349177990947,-1.1024562291552784,0.07898484511291311,0.5965319506827266,0.5526867354534044,0.536801706888032,0.4578932029718071,0.0905,0.00625,0.00025,1.3548123601836135,0.327656423665847,-1.0279662384180852,0,-0.25752098568125703,0,1.663687161912117,0,3.1007033452134065,0,,,,,
hea_ring,d2,2,EARLY,0,0,RY,4,11008,4000,0,0,0,0,0,0,0,0.06242489458081039,0.06013564619807122,0.034887263313245216,0.034879412825461684,0.12256054077888161,0.09232793884302215,-1.0998554035381225,0.07945927468924023,0.5885380050354563,0.5212630221760904,0.5197123983679184,0.4623111675126121,0.09575,0.00625,0.001,1.363853873290597,0.3268993110926171,-1.0346668697977943,0,-0.2829430858293397,0,1.6867547557018787,0,3.108215834613027,0,,,,,
hea_ring,d2,2,LATE,1,0,RY,4,11008,4000,0,0,0,0,0,0,0,0.06137011205851957,0.06226310493909525,0.033950213411346894,0.03705815377422651,0.1236332169976148,0.0943490790273614,-1.0975619237107808,0.07988000369526572,0.5787527958999622,0.545228394518597,0.5332594178777983,0.44672775567167294,0.09025,0.011,0.0025,1.3532468806474651,0.32804972121096243,-1.025262364926482,0,-0.26342154121071953,0,1.6377974666714803,0,3.04518818740089,0,,,,,
hea_ring,d2,2,EARLY,0,0,RY,4,11009,4000,0,0,0,0,0,0,0,0.059829961967227105,0.06186760009130384,0.03554236873693145,0.03404134880238874,0.12169756205853095,0.09278091956359044,-1.1044883690077545,0.07861612453251629,0.5912045760984458,0.5262940409766239,0.5197628728142005,0.48245811499902475,0.09825,0.00875,0.0005,1.3603812330720244,0.3266474590899106,-1.032541404089647,0,-0.27877156063621666,0,1.7081423426942655,0,3.1332277034426568,0,,,,,
hea_ring,d2,2,LATE,1,0,RY,4,11009,4000,0,0,0,0,0,0,0,0.06193857494783441,0.062046402112418554,0.035346963507695436,0.035701359257907093,0.12398497706025298,0.09623382303005312,-1.0946394251340898,0.08041935302335522,0.5901393237794355,0.5616496735622177,0.5427748828781009,0.44333168488294095,0.0865,0.00625,0.00075,1.3469997800382645,0.3280155224624163,-1.0166723665821211,0,-0.2505345016145264,0,1.6435824956387237,0,3.0624669696020987,0,,,,,
hea_ring,d2,2,EARLY,0,0,RY,6,11000,4000,0,0,0,0,0,0,0,0.015489000876366238,0.01559255885505511,0.00631881953129088,0.006289270522198419,0.031081559731421345,0.017111506214978655,-1.8421004816783284,0.01438465725368024,0.7996585857658629,0.5406564838069721,0.5294454291832408,0.4645559731036357,0.09625,0.00825,0.00075,2.0720535135787808,0.3059199873790215,-1.7667117625120183,0,-0.26707859258203914,0,2.4301891998906067,0,4.583892479861792,0,,,,,
hea_ring,d2,2,LATE,1,0,RY,6,11000,4000,0,0,0,0,0,0,0,0.015970651414223425,0.015178088327062047,0.00605203575789081,0.006134248488829028,0.031148739741285472,0.016826016337408066,-1.8429855468793876,0.014355372065767032,0.802469885594411,0.5523366364912055,0.5370848083928863,0.45486766284459373,0.09275,0.01125,0.0005,2.081670756364789,0.3059019257183616,-1.7740187821988613,0,-0.2577961803302121,0,2.4324623189841503,0,4.588077227010082,0,,,,,
hea_ring,d2,2,EARLY,0,0,RY,6,11001,4000,0,0,0,0,0,0,0,0.01549164928029907,0.015542004887375498,0.006445581007393937,0.006556112539308845,0.031033654167674566,0.018079282793831704,-1.8294909578548082,0.01480843086556789,0.7885862389407428,0.5528759329538422,0.5329073285751119,0.4514913286444562,0.08875,0.0085,0.001,2.04890599048981,0.3062475904697777,-1.7428188059347107,0,-0.25737231800507177,0,2.4317860391034665,0,4.540949004090313,0,,,,,
hea_ring,d2,2,LATE,1,0,RY,6,11001,4000,0,0,0,0,0,0,0,0.015489967067058895,0.015457661285546969,0.0061879774232114215,0.006308093768868393,0.03094762835260587,0.01771219753375885,-1.8339251478856353,0.014658004548233197,0.8004596052161959,0.5555946416265574,0.540711207235062,0.45889449218599543,0.08725,0.00825,0.0015,2.058112253404065,0.3061031477103764,-1.7517276010917366,0,-0.25524195635172875,0,2.417217416489348,0,4.530827304886614,0,,,,,
hea_ring,d2,2,EARLY,0,0,RY,6,11002,4000,0,0,0,0,0,0,0,0.014976783914696423,0.01535349883989621,0.006046186554762706,0.005813552754297478,0.03033028275459263,0.01657530697598238,-1.8489204284878376,0.014160532057103681,0.8089157532428417,0.5425770194237626,0.5310608542497168,0.4504646084658007,0.08975,0.00825,0.00075,2.087860787229957,0.3056888904341538,-1.7805384558290065,0,-0.2655386057526834,0,2.4769039133347945,0,4.6325996410273405,0,,,,,
hea_ring,d2,2,LATE,1,0,RY,6,11002,4000,0,0,0,0,0,0,0,0.015134111505166829,0.01534693054573071,0.0060463197877167404,0.006197427193712045,0.03048104205089754,0.01674051877299417,-1.8486432413074603,0.014169572860017849,0.8146535899055385,0.5535414379174856,0.5377069719168519,0.44406698498653435,0.0915,0.007,0.00075,2.081948271138387,0.3058559049990198,-1.7762311564317066,0,-0.25684988451706997,0,2.446285647663513,0,4.626756545616111,0,,,,,
hea_ring,d2,2,EARLY,0,0,RY,6,11003,4000,0,0,0,0,0,0,0,0.015705681664499108,0.01531247770159595,0.0064903086823666824,0.006022325774917995,0.031018159366095054,0.017059717825125664,-1.8366914492075406,0.014564934999402245,0.7999566718689373,0.5401806883170621,0.5279882645781597,0.47476942156038554,0.095,0.01125,0.00075,2.0743882802226112,0.30597091355894446,-1.7680281632832524,0,-0.26746095349877075,0,2.464583074677493,0,4.606873807052652,0,,,,,
hea_ring,d2,2,LATE,1,0,RY,6,11003,4000,0,0,0,0,0,0,0,0.015591655514646348,0.015318819294616247,0.006228417806828111,0.0065292181751483575,0.03091047480926259,0.017354252279612466,-1.836601663770847,0.01456794644507138,0.7985382659497284,0.5572640283962543,0.5406735817111405,0.446702049747126,0.084,0.008,0.0005,2.0672835052187706,0.30607009576537636,-1.7605940980821786,0,-0.2539389920911416,0,2.4221756954827636,0,4.546358297694809,0,,,,,
hea_ring,d2,2,EARLY,0,0,RY,6,11004,4000,0,0,0,0,0,0,0,0.015853253374447634,0.015835925053393797,0.006367913796612895,0.0064006820209191176,0.031689178427841434,0.017564777679579563,-1.8205581301128169,0.015116173565448063,0.7919850201506329,0.5478123156316597,0.5318934622279646,0.4456710943711994,0.0855,0.00825,0.001,2.0617477321966424,0.3061237121819279,-1.7553573433630492,0,-0.26136822401697557,0,2.4202160813125673,0,4.5318810162306935,0,,,,,
hea_ring,d2,2,LATE,1,0,RY,6,11004,4000,0,0,0,0,0,0,0,0.0161113859157363,0.01564569638059902,0.006791408918028827,0.006268443523657925,0.03175708229633532,0.017334339098772286,-1.820953176287741,0.015102429731116564,0.7860910121275264,0.5634011876984701,0.5420551642287669,0.44852491641516556,0.08225,0.0095,0.00075,2.0664904309734484,0.30610606685676156,-1.7610927324643098,0,-0.24918225889419288,0,2.4130223473515153,0,4.542384682524535,0,,,,,
hea_ring,d2,2,EARLY,0,0,RY,6,11005,4000,0,0,0,0,0,0,0,0.015282524190718964,0.01587166365762412,0.006394473967676401,0.006132198842069831,0.031154187848343087,0.017470992795269688,-1.8414367233804776,0.014406658996902529,0.7976361853864689,0.5561667241175068,0.5387934835703491,0.4577703452457038,0.09125,0.008,0.001,2.063766237776999,0.30601302337179304,-1.7576824829584172,0,-0.25479499914442993,0,2.447207479199438,0,4.572177576695211,0,,,,,
hea_ring,d2,2,LATE,1,0,RY,6,11005,4000,0,0,0,0,0,0,0,0.015785264423648217,0.015437341963203998,0.006186911686624035,0.006173903425163753,0.031222606386852213,0.017627620540644845,-1.840265872873627,0.01444555150675278,0.8166724927128493,0.5656345300388756,0.5461859409533176,0.44952499260770085,0.08225,0.00725,0.0005,2.0601312631837687,0.30606522485224485,-1.7538063393841061,0,-0.24746413433258996,0,2.4188738252611914,0,4.541335903142068,0,,,,,
hea_ring,d2,2,EARLY,0,0,RY,6,11006,4000,0,0,0,0,0,0,0,0.015790888261283297,0.015926008665914614,0.006261530429349245,0.006371148440882325,0.03171689692719791,0.01762576519146865,-1.830249106045458,0.014782602328120682,0.8283939979602133,0.5423524410447746,0.5287328695135816,0.4561439046620136,0.08825,0.00875,0.00125,2.06047390785213,0.30607440890176973,-1.7538522093377142,0,-0.265718404894918,0,2.4295053263594126,0,4.570215790176701,0,,,,,
hea_ring,d2,2,LATE,1,0,RY,6,11006,4000,0,0,0,0,0,0,0,0.015691851331905177,0.0159700501409711,0.006401039804610747,0.006758104925285055,0.03166190147287628,0.017932766280913573,-1.8227724291809702,0.015039298206475246,0.809608474629627,0.5562696781547853,0.5370627040640743,0.4470669893454153,0.0855,0.00925,0.001,2.0530676105200967,0.30618353260321285,-1.7463528642663146,0,-0.2547147035141572,0,2.416527570188337,0,4.541421041867603,0,,,,,
hea_ring,d2,2,EARLY,0,0,RY,6,11007,4000,0,0,0,0,0,0,0,0.015345395332534824,0.014990776409731267,0.0060965655907647956,0.005964707160402126,0.030336171742266087,0.016271118687041262,-1.8571056142806375,0.01389614655473098,0.816347315603958,0.5449855449097505,0.5287859327328932,0.44693079238062383,0.09425,0.00925,0.00075,2.093509176310234,0.3057387545321988,-1.78858266429011,0,-0.26361505666641516,0,2.45630953796461,0,4.599119581513946,0,,,,,
hea_ring,d2,2,LATE,1,0,RY,6,11007,4000,0,0,0,0,0,0,0,0.01523967637440336,0.015615299393399387,0.005996622574390587,0.006211243690707068,0.030854975767802745,0.016930962874951626,-1.8441991380843996,0.014315313452780525,0.7869733395672622,0.5532908546553235,0.5355510492274854,0.45824441099056024,0.08975,0.0095,0.001,2.076865435627589,0.305960579231199,-1.7713183426641264,0,-0.25704650886293745,0,2.4233826622557664,0,4.561357167896373,0,,,,,
hea_ring,d2,2,EARLY,0,0,RY,6,11008,4000,0,0,0,0,0,0,0,0.015625267396081787,0.015262532915053795,0.006239199998418701,0.006449786172849999,0.03088780031113558,0.016826357224334877,-1.8417438483661013,0.014396474477004123,0.8040155473395787,0.5407535844638212,0.5314587048793259,0.460242767335686,0.08575,0.007,0.0015,2.0791403662428465,0.3057580695233204,-1.7740098952342223,0,-0.2670006033843426,0,2.477928990395581,0,4.645483458605888,0,,,,,
hea_ring,d2,2,LATE,1,0,RY,6,11008,4000,0,0,0,0,0,0,0,0.015099534907003307,0.015526474717439112,0.005828677867740895,0.006249855677102488,0.030626009624442414,0.016936074139737668,-1.8479716317138901,0.01419150218111138,0.7981920823478075,0.5577050732283946,0.5385434577914163,0.451748240503249,0.0805,0.00725,0.00125,2.0765648393497607,0.30584152279968924,-1.7711872582165475,0,-0.25359544325255534,0,2.4408128128870796,0,4.5938021668137345,0,,,,,
hea_ring,d2,2,EARLY,0,0,RY,6,11009,4000,0,0,0,0,0,0,0,0.015915180798165306,0.014924889934724583,0.006453337529141577,0.006058098773193318,0.03084007073288989,0.017236891958835918,-1.8319191747524628,0.014725865356094606,0.7943098630334176,0.556625773377823,0.5393862583283194,0.4689333671885979,0.08525,0.0075,0.0,2.069859909045502,0.306135867625411,-1.7635411479838443,0,-0.25443669256411783,0,2.4305231257400397,0,4.542182329225636,0,,,,,
hea_ring,d2,2,LATE,1,0,RY,6,11009,4000,0,0,0,0,0,0,0,0.016003236007523253,0.015788816926272906,0.006263814465404623,0.00632659998587755,0.03179205293379616,0.018018379947425597,-1.8259681097594767,0.014929040294858528,0.8100393175110563,0.5449241483254073,0.5357856064137122,0.45339792510912014,0.091,0.00625,0.00025,2.050135839622111,0.3061913856635118,-1.7442843293656518,0,-0.2636639546442979,0,2.4441542568487247,0,4.570182060000327,0,,,,,
hea_ring,d2,2,EARLY,0,0,RY,8,11000,4000,0,0,0,0,0,0,0,0.003913213023929357,0.0037875996642246818,0.0010381055818058868,0.0010383728301146715,0.007700812688154039,0.002898176680381933,-2.604036553716909,0.0024886478448466,0.9786184946228254,0.5460264927125962,0.5383185293197774,0.45100401586574546,0.087,0.00925,0.00125,2.839738469208741,0.30186837695688506,-2.537875196536205,0,-0.26278628837154194,0,3.2263553675079146,0,6.14721599548975,0,,,,,
hea_ring,d2,2,LATE,1,0,RY,8,11000,4000,0,0,0,0,0,0,0,0.003830366478294399,0.0037966024437348232,0.0010717754372422724,0.0010550398833294628,0.0076269689220292225,0.002910390500084373,-2.6077728912568134,0.002467329258201033,0.9938756711899908,0.5552486792676303,0.539501031038412,0.4518252710448243,0.0965,0.01075,0.001,2.838033984108211,0.30188132126957923,-2.5360488568974695,0,-0.2555124965156106,0,3.215650979308433,0,6.095731020210511,0,,,,,
hea_ring,d2,2,EARLY,0,0,RY,8,11001,4000,0,0,0,0,0,0,0,0.00388010175021323,0.003887790377622983,0.0010864018973205333,0.0011124315423082958,0.007767892127836213,0.0030084621843326827,-2.5999195742301366,0.0025123516437455884,1.0156675502450638,0.5342402396171936,0.524285416633645,0.467922097458938,0.09225,0.011,0.002,2.8234282731586777,0.3018804470359575,-2.5216554457552216,0,-0.27226340398702836,0,3.255075604419459,0,6.126930021741682,0,,,,,
hea_ring,d2,2,LATE,1,0,RY,8,11001,4000,0,0,0,0,0,0,0,0.003833257429751203,0.00393639434270028,0.0011493733696492936,0.0010391102006169165,0.007769651772451484,0.0030446329445087956,-2.5931762931287694,0.0025516652950868437,1.0296269769233835,0.5539421113986462,0.5353740868059873,0.4693377436568671,0.0875,0.0075,0.00075,2.8184680312116903,0.30190822377508564,-2.516465539415599,0,-0.25653562704457633,0,3.2068554129147584,0,6.119087597512911,0,,,,,
hea_ring,d2,2,EARLY,0,0,RY,8,11002,4000,0,0,0,0,0,0,0,0.003728110973704178,0.003985526283893531,0.0010587802098724,0.0010921880547088835,0.0077136372575977085,0.0030259138452725866,-2.604093654266849,0.002488320661736761,1.000675795431492,0.5529139443663151,0.5348063849187839,0.4541218823469812,0.08875,0.0105,0.00125,2.8212082701956236,0.3019098116974186,-2.5191434693319525,0,-0.2573424744791347,0,3.2340610914386327,0,6.1214055461257715,0,,,,,
hea_ring,d2,2,LATE,1,0,RY,8,11002,4000,0,0,0,0,0,0,0,0.003879683847546325,0.0039316045449816215,0.0010525784779960067,0.001117790822557737,0.007811288392527946,0.0029898298438643294,-2.598898340753892,0.0025182663322001336,0.994990789494012,0.5626043718000882,0.5368056087469362,0.4831301901589192,0.09525,0.011,0.00025,2.8264243157313733,0.30188958907954744,-2.524354506106739,0,-0.2497970622783238,0,3.2248520267095033,0,6.101793839046627,0,,,,,
hea_ring,d2,2,EARLY,0,0,RY,8,11003,4000,0,0,0,0,0,0,0,0.0038763158176996636,0.003964055528546892,0.001108468394448368,0.0010545845864848398,0.007840371346246556,0.0031126917711951996,-2.578786108423552,0.0026376301081926738,0.9889899343177553,0.559406105635434,0.5381517579230931,0.45154973898386364,0.09525,0.012,0.001,2.808986540257303,0.30194925228918845,-2.506863902347894,0,-0.25227279783580187,0,3.1930013391333585,0,6.083238595062722,0,,,,,
hea_ring,d2,2,LATE,1,0,RY,8,11003,4000,0,0,0,0,0,0,0,0.003980577893885425,0.004058625175396319,0.001076074515311858,0.0011455579549984967,0.008039203069281744,0.0032057752526519654,-2.575201743343746,0.002659489356985038,0.972211060189041,0.5732526432803933,0.5456937702960394,0.453407432312723,0.086,0.00725,0.001,2.796225806899236,0.30197387761554206,-2.494066996504604,0,-0.24165393410903221,0,3.171689360006308,0,6.015826763713906,0,,,,,
hea_ring,d2,2,EARLY,0,0,RY,8,11004,4000,0,0,0,0,0,0,0,0.0038865757174588343,0.003667039740301015,0.001103477944010713,0.0010876430334975013,0.00755361545775985,0.00300330768270067,-2.5950816660327924,0.00254049493836677,0.9806305551668353,0.557537213062427,0.5413222979886386,0.4272844921341184,0.081,0.007,0.0005,2.8242146914200106,0.30190093863063017,-2.5224001733918815,0,-0.25372614541189253,0,3.19388267444957,0,6.09272576354358,0,,,,,
hea_ring,d2,2,LATE,1,0,RY,8,11004,4000,0,0,0,0,0,0,0,0.003910569397187446,0.0038580366514284043,0.0010965755042999122,0.0010553019414917893,0.007768606048615851,0.0030249683950842304,-2.5923354655967246,0.0025566103008371295,0.9895632094730513,0.5520468127993088,0.5400367340405986,0.44860540831841433,0.089,0.014,0.00025,2.8210920939162794,0.30192267657875327,-2.51927935132659,0,-0.2580244581045513,0,3.206243604513153,0,6.062618685094449,0,,,,,
hea_ring,d2,2,EARLY,0,0,RY,8,11005,4000,0,0,0,0,0,0,0,0.003614979355968855,0.003775379443367477,0.001113144018340223,0.0011220774057558306,0.007390358799336332,0.0029695574767602062,-2.5858749002285504,0.0025949267305620982,0.9225282368156393,0.5635481316124009,0.5388972524060502,0.45269415693740633,0.088,0.01,0.0015,2.829328101042125,0.30190435476032906,-2.5273082667012474,0,-0.2490689875643205,0,3.1909941908735657,0,6.099778228877443,0,,,,,
hea_ring,d2,2,LATE,1,0,RY,8,11005,4000,0,0,0,0,0,0,0,0.00385037916702814,0.0037841666887991703,0.001142066731056501,0.0010490291172144594,0.0076345458558273105,0.003045678221483143,-2.5827337872256186,0.0026137630415568425,0.961103646415645,0.5695472152132561,0.5461993425052267,0.4502413754610993,0.0825,0.00925,0.00075,2.818155406009886,0.3019110522497406,-2.5163159840992764,0,-0.24447027633951554,0,3.18441840431369,0,6.079546083101013,0,,,,,
hea_ring,d2,2,EARLY,0,0,RY,8,11006,4000,0,0,0,0,0,0,0,0.0038791958709261188,0.003986383014801465,0.001164868753427493,0.0011353798292224914,0.007865578885727583,0.0033749087771274312,-2.568005124835766,0.0027039264565867564,0.9623541202619421,0.5709903990099386,0.5419505228774888,0.456678611838811,0.0885,0.0125,0.001,2.773647557497915,0.3020099301640615,-2.4717379633596046,0,-0.24337119707006422,0,3.1747462772856894,0,6.054395753256403,0,,,,,
hea_ring,d2,2,LATE,1,0,RY,8,11006,4000,0,0,0,0,0,0,0,0.004058566719950298,0.0038044443407874605,0.0011192752753506406,0.0011477551514705608,0.007863011060737758,0.003313207076138841,-2.565933008529765,0.0027168583215881406,0.955427233567284,0.5662270197533981,0.5442080857446345,0.4326499490244789,0.08275,0.008,0.0005,2.7816511622561917,0.30197935935007747,-2.4797515641023127,0,-0.24700942946106974,0,3.16052864092483,0,6.013438612656367,0,,,,,
hea_ring,d2,2,EARLY,0,0,RY,8,11007,4000,0,0,0,0,0,0,0,0.004187727607540509,0.004168808690425264,0.0011548169633652746,0.001239681187145996,0.008356536297965773,0.0032797563783053527,-2.5679600839929106,0.0027042068963510435,0.9909046831870967,0.53928190463712,0.5289544052199718,0.4718208857832385,0.09075,0.00875,0.001,2.786054816198074,0.30196702810324316,-2.484158415867518,0,-0.26818415215542757,0,3.2105901420435687,0,6.051593192338476,0,,,,,
hea_ring,d2,2,LATE,1,0,RY,8,11007,4000,0,0,0,0,0,0,0,0.004006827824841073,0.004181600020569022,0.0010960154185433676,0.0011505999400317382,0.008188427845410094,0.0031605079750138365,-2.5737391019930937,0.002668461234141759,0.9922884052392309,0.5459519935881083,0.5338704402968599,0.45953252651783855,0.0955,0.00975,0.001,2.802195884134937,0.30195817242004086,-2.500243117327539,0,-0.2628455481438404,0,3.189149284794797,0,6.06879142619921,0,,,,,
hea_ring,d2,2,EARLY,0,0,RY,8,11008,4000,0,0,0,0,0,0,0,0.0038831481625711756,0.0036072513725758106,0.0010684276639209302,0.0010600316950356101,0.007490399535146986,0.0030171124516795997,-2.5974875657030387,0.00252646004424169,0.9865000471414191,0.542774458150652,0.5304654392711847,0.46372794996804373,0.0915,0.01075,0.00125,2.8222787675662793,0.3018881050237958,-2.5204085255592847,0,-0.26538061387825695,0,3.236712741004918,0,6.104308606655843,0,,,,,
hea_ring,d2,2,LATE,1,0,RY,8,11008,4000,0,0,0,0,0,0,0,0.003805601265150548,0.003766829774052562,0.0010963783902160741,0.001044062353198479,0.00757243103920311,0.0030182423874868395,-2.60352480050305,0.002491582084727042,0.9933472310988822,0.5580513009654147,0.5389031362094981,0.442674158822017,0.09275,0.00875,0.001,2.821940445174677,0.3019097651159157,-2.520245902942251,0,-0.25332589065310684,0,3.2168270439586815,0,6.113615131927965,0,,,,,
hea_ring,d2,2,EARLY,0,0,RY,8,11009,4000,0,0,0,0,0,0,0,0.004057969351628824,0.004050788484521224,0.0011087726690549539,0.0011116469414948768,0.008108757836150048,0.003207169481895708,-2.5683636546343576,0.002701695163764151,0.9850155203961202,0.5530603585758728,0.5357620360349676,0.4604088230258224,0.08725,0.00675,0.00075,2.79595435808671,0.3019566375272069,-2.4938781581367726,0,-0.2572274741753303,0,3.1998268222172563,0,6.08362216065005,0,,,,,
hea_ring,d2,2,LATE,1,0,RY,8,11009,4000,0,0,0,0,0,0,0,0.003914759415466536,0.004119349466719701,0.0012017927157012699,0.001191930063494039,0.008034108882186237,0.0033114715395657877,-2.5533105883854414,0.0027969803264246995,0.9711253713615582,0.5403288661483829,0.5288502977563082,0.46080944861051154,0.09325,0.0105,0.001,2.781882500933678,0.30196058340956866,-2.479978975117259,0,-0.2673418303988743,0,3.1829920107646905,0,6.069090290004462,0,,,,,
hea_ring,d2,2,EARLY,0,0,RY,10,11000,4000,0,0,0,0,0,0,0,0.0009617301179505524,0.0009527082674808498,0.0001866067214422514,0.0001782326406422861,0.001914438385431402,0.0005247875615952496,-3.3591195454266143,0.00043740168785871326,1.1476369292516804,0.5376289050704274,0.5274953995993077,0.45862996007613066,0.08775,0.0105,0.00025,3.5811824418790854,0.30118027021497995,-3.2800166848187073,0,-0.26951744175390857,0,4.0232087185319285,0,7.690983692044671,0,,,,,
hea_ring,d2,2,LATE,1,0,RY,10,11000,4000,0,0,0,0,0,0,0,0.001015839916845685,0.000978361892572738,0.00018212350344318316,0.00018889104883000786,0.001994201809418423,0.0005396643608889023,-3.3524725031510965,0.00044414778117445486,1.1478232897398377,0.5552358409571285,0.5385707545332757,0.43885178373405254,0.083,0.01075,0.00225,3.569037888027986,0.30118262938939466,-3.267876394764583,0,-0.2555225086926579,0,3.983184543879427,0,7.614464907256018,0,,,,,
hea_ring,d2,2,EARLY,0,0,RY,10,11001,4000,0,0,0,0,0,0,0,0.0009749649605735326,0.0010183220518646884,0.00019332919643782657,0.0001929993123186073,0.0019932870124382213,0.0005684953092742744,-3.340264771265694,0.00045680960690327375,1.1558673518616,0.5506299022251999,0.535020319241572,0.4650028027117522,0.08725,0.008,0.00075,3.546465918461232,0.3011913276404836,-3.2452731422707926,0,-0.25914020773327984,0,3.986240645420895,0,7.6057560409802285,0,,,,,
hea_ring,d2,2,LATE,1,0,RY,10,11001,4000,0,0,0,0,0,0,0,0.0010204188376396587,0.0010573842343552685,0.0001877548445341692,0.0002034019693657203,0.002077803071994928,0.0005570300533535147,-3.337189457207106,0.00046005583442510823,1.1555146443449398,0.5600397649540185,0.540871701273942,0.4383929982386256,0.07675,0.00925,0.001,3.555324877118116,0.30119115134856034,-3.2541213760201737,0,-0.2517811353606129,0,3.960200497120806,0,7.571476128093566,0,,,,,
hea_ring,d2,2,EARLY,0,0,RY,10,11002,4000,0,0,0,0,0,0,0,0.000923366946873376,0.0009949580138128814,0.0001899226990309216,0.0002025457852442275,0.0019183249606862574,0.000556079544220889,-3.3471968971684265,0.000449575983301207,1.1017449853422119,0.5429643549990963,0.5328920497857752,0.4404781357166005,0.0855,0.0085,0.0005,3.556064215490327,0.3011867352997004,-3.254863081561316,0,-0.26522868120046017,0,3.9654561006755378,0,7.604433713472931,0,,,,,
hea_ring,d2,2,LATE,1,0,RY,10,11002,4000,0,0,0,0,0,0,0,0.001005189108890229,0.0009826240528516608,0.00020921150236637056,0.00019417228516004233,0.0019878131617418896,0.0005664651803033106,-3.334273785341873,0.00046315484836072636,1.1025615046147381,0.5621635165305312,0.5409150787563451,0.43245319990054376,0.0865,0.0085,0.00075,3.5480302103563632,0.30119604589539817,-3.246826800214594,0,-0.2501374234608734,0,3.9351586416357236,0,7.548384173705243,0,,,,,
hea_ring,d2,2,EARLY,0,0,RY,10,11003,4000,0,0,0,0,0,0,0,0.0010847387567837652,0.0010454816683956156,0.00021302810717956718,0.00020522564721429243,0.002130220425179381,0.0005908698410429692,-3.3185436258035406,0.0004802378369054832,1.1434417485449777,0.5617775450280029,0.5407447804939477,0.4531307755184336,0.08875,0.01025,0.00125,3.5297355282586427,0.30120370244542904,-3.228508204610417,0,-0.25043562628651705,0,3.938505331584384,0,7.510515263807987,0,,,,,
hea_ring,d2,2,LATE,1,0,RY,10,11003,4000,0,0,0,0,0,0,0,0.0011204400637911708,0.0010944193195076162,0.0002114820414161016,0.00020632646090609349,0.0022148593832987873,0.0006099493466822251,-3.31176839052666,0.00048778855864219843,1.1340789912473195,0.5508681590803484,0.5347009909590723,0.45950676507872423,0.08775,0.0095,0.001,3.5158835398536645,0.30120820292898487,-3.214706281399299,0,-0.25895233159874076,0,3.9284245875752863,0,7.49221730512636,0,,,,,
hea_ring,d2,2,EARLY,0,0,RY,10,11004,4000,0,0,0,0,0,0,0,0.000999465370308963,0.001037061185483886,0.00019548685852836302,0.0001835335676203174,0.002036526555792849,0.000540915965362452,-3.342830556514506,0.00045411876017809565,1.1715467894576723,0.5594731487582898,0.5392347397536862,0.44864439261320443,0.087,0.00875,0.00025,3.5680772898550543,0.3011869514051084,-3.266870200777369,0,-0.2522207527484356,0,3.9767361021433194,0,7.600191898885324,0,,,,,
hea_ring,d2,2,LATE,1,0,RY,10,11004,4000,0,0,0,0,0,0,0,0.0009755421703886634,0.0010187694006781906,0.00019400342813640048,0.0001934597699618401,0.0019943115710668543,0.0005401556325916508,-3.3443753354437993,0.0004525063359739923,1.1587348460708098,0.5581168683236823,0.5391599416980372,0.4592555994632662,0.08525,0.00825,0.0015,3.568669310214248,0.30118992947222156,-3.267481100457921,0,-0.25327485210046463,0,3.9772007166209127,0,7.593440995285324,0,,,,,
hea_ring,d2,2,EARLY,0,0,RY,10,11005,4000,0,0,0,0,0,0,0,0.0010512676583420335,0.0009254768910709818,0.00020230289409535766,0.00020175245284810616,0.0019767445494130154,0.0005772425777944371,-3.3351447034953257,0.00046222698535376515,1.143889099292934,0.5446730069139643,0.5312893555233393,0.45559887156912937,0.0905,0.00875,0.00075,3.5398456184595717,0.30119142581531433,-3.238641683097283,0,-0.2638641742501101,0,3.970567059092943,0,7.592996793160969,0,,,,,
hea_ring,d2,2,LATE,1,0,RY,10,11005,4000,0,0,0,0,0,0,0,0.0010287448303164923,0.0009181321855118366,0.0002002802142054825,0.00019025340913800585,0.0019468770158283292,0.0005626728856805486,-3.337132666231027,0.00046011599804522034,1.1157885531184268,0.5728564802823006,0.546625791567844,0.44280752941502644,0.0855,0.00975,0.0005,3.5509910114020666,0.3011944146844643,-3.249744095944678,0,-0.24195417941664513,0,3.9531763773085067,0,7.562811226498301,0,,,,,
hea_ring,d2,2,EARLY,0,0,RY,10,11006,4000,0,0,0,0,0,0,0,0.0010167285607891726,0.0010817224788024099,0.0001982814101961769,0.00018820010761094332,0.0020984510395915825,0.0005388540575833469,-3.342747413784765,0.0004542057064536788,1.1709377828513832,0.5425993403653713,0.535885620812044,0.4563897523001096,0.0865,0.00725,0.002,3.569716459591633,0.3011878532234893,-3.2685290488168084,0,-0.2655207467471871,0,3.9826785660292274,0,7.598398670945857,0,,,,,
hea_ring,d2,2,LATE,1,0,RY,10,11006,4000,0,0,0,0,0,0,0,0.0009790093601268425,0.0010599260464353368,0.0001973265937142282,0.000192754049199781,0.002038935406562179,0.0005359901043872424,-3.3414152489247804,0.0004556010864770209,1.142822048348659,0.5497923900330679,0.5342246516674442,0.4561383035639557,0.08375,0.0065,0.00075,3.5720044500962755,0.301185283685792,-3.270843260875054,0,-0.25980129143845626,0,3.957973463742899,0,7.616067354797029,0,,,,,
hea_ring,d2,2,EARLY,0,0,RY,10,11007,4000,0,0,0,0,0,0,0,0.0010462543839069914,0.0010107226168928252,0.00019939556580311475,0.00019587624886821916,0.0020569770007998166,0.0005491325296073054,-3.3333130511398914,0.0004641805607725355,1.1607099234188802,0.5486785675162096,0.5349458562096708,0.458926025022382,0.09025,0.0095,0.00025,3.5614792534143174,0.30118642356243575,-3.2603228332353185,0,-0.26068203365686005,0,3.965251109359114,0,7.576610456542264,0,,,,,
hea_ring,d2,2,LATE,1,0,RY,10,11007,4000,0,0,0,0,0,0,0,0.0010385664890073408,0.0010237394034295709,0.00019900897107401526,0.00019903331640011205,0.0020623058924369117,0.0005747085958076511,-3.32689931492555,0.0004710865285315615,1.1648726818103645,0.5690291383464159,0.5416418776566282,0.452682818791807,0.0855,0.0095,0.002,3.5417438157761683,0.30119537478734504,-3.2405524167276667,0,-0.24486554396763355,0,3.9414949444199756,0,7.569764223226478,0,,,,,
hea_ring,d2,2,EARLY,0,0,RY,10,11008,4000,0,0,0,0,0,0,0,0.0009311509119459822,0.0009096754109066227,0.00019645300322259642,0.00019831586386481924,0.001840826322852605,0.0005413988177675285,-3.3544463753983846,0.0004421337060568089,1.1236858643322396,0.5489446854535676,0.5327890468344043,0.4525514025612203,0.08075,0.007,0.0015,3.5676791517090445,0.3011827570078116,-3.266482792709887,0,-0.26047141607946184,0,3.9924261392478777,0,7.607224482057925,0,,,,,
hea_ring,d2,2,LATE,1,0,RY,10,11008,4000,0,0,0,0,0,0,0,0.0009068073698167509,0.0009295674576476496,0.0001845781079850789,0.0001908609199095556,0.0018363748274644004,0.0005327857878001609,-3.3516000722815544,0.0004450409025794022,1.1595732947248463,0.5619855222741286,0.5407304798850776,0.4481203109421854,0.087,0.0075,0.00075,3.5746371480207193,0.3011882802818928,-3.2734473975744,0,-0.25027487639630613,0,3.9651363700520132,0,7.566134311574714,0,,,,,
hea_ring,d2,2,EARLY,0,0,RY,10,11009,4000,0,0,0,0,0,0,0,0.0009824201786032439,0.0010315123929941538,0.00019257549453924346,0.00020698012114270503,0.0020139325715973974,0.0005665614747662189,-3.330326144072422,0.00046738401599257656,1.1744362207558923,0.5507006658015361,0.5358708241530874,0.44776094804816574,0.0995,0.01175,0.001,3.5479248372280416,0.3011939824271279,-3.2467529690607186,0,-0.2590843991973837,0,3.952918172427581,0,7.556508846126951,0,,,,,
hea_ring,d2,2,LATE,1,0,RY,10,11009,4000,0,0,0,0,0,0,0,0.0009856517699736765,0.0010051850660884514,0.00020593879125429762,0.0002068009792491315,0.0019908368360621277,0.0005658741511370602,-3.331557047234667,0.00046606120399312516,1.164533817180784,0.5563664266106596,0.5382834701549324,0.45790417816676016,0.08625,0.00825,0.001,3.548447968604803,0.30119309404852945,-3.247280145849766,0,-0.25463908613601294,0,3.9431926508623176,0,7.527831723500414,0,,,,,
hea_ring,d2,2,EARLY,0,0,RY,12,11000,4000,0,0,0,0,0,0,0,0.0002327820098268041,0.0002334277106923262,3.4903983296994095e-05,3.2669441772477075e-05,0.00046620972051913023,9.617465810817858e-05,-4.097012443536802,7.998113382424386e-05,1.2611474052964384,0.5609289236359403,0.5399098075970683,0.4452851998465447,0.08525,0.01075,0.001,4.317995705147748,0.3010576603190587,-4.016939400561652,0,-0.2510922131181963,0,4.724625443349492,0,9.089131900633994,0,,,,,
hea_ring,d2,2,LATE,1,0,RY,12,11000,4000,0,0,0,0,0,0,0,0.0002196087671832066,0.00025417565259832785,3.176590802887028e-05,3.421358062949171e-05,0.0004737844197815344,9.565738890503728e-05,-4.092496354205319,8.081717134855604e-05,1.2520412013337188,0.5723252274356417,0.5491972300212826,0.4308578131598005,0.084,0.009,0.001,4.32033947989432,0.3010577065501103,-4.01928154530632,0,-0.24235711107688684,0,4.72208785080765,0,9.091146192409951,0,,,,,
hea_ring,d2,2,EARLY,0,0,RY,12,11001,4000,0,0,0,0,0,0,0,0.00023056836019908535,0.00024149912907900744,3.3712340070882795e-05,3.2731790139163715e-05,0.0004720674892780928,9.32413940497939e-05,-4.113816559430483,7.694553800068796e-05,1.3008346665459136,0.5579154188221207,0.5366379073158737,0.44541545242248654,0.08825,0.011,0.00125,4.331447784505426,0.3010560462242182,-4.030391531790428,0,-0.25343165612132745,0,4.772518655413128,0,9.181152566970882,0,,,,,
hea_ring,d2,2,LATE,1,0,RY,12,11001,4000,0,0,0,0,0,0,0,0.00022536219427519654,0.00023477345904215788,3.362869617083977e-05,3.36359137482133e-05,0.0004601356533173544,9.593132583073774e-05,-4.112577850573003,7.71653178513602e-05,1.249970362876847,0.5571005909299511,0.5342778964690954,0.4598603668422066,0.09725,0.00825,0.0005,4.31909371942999,0.3010572858817673,-4.018039557148226,0,-0.25406638192474484,0,4.732275527324965,0,9.108870901224694,0,,,,,
hea_ring,d2,2,EARLY,0,0,RY,12,11002,4000,0,0,0,0,0,0,0,0.0002719933448047579,0.00025699219033381695,3.439464288341411e-05,3.719655264879512e-05,0.0005289855351385748,0.00010351327267006198,-4.082195839880924,8.275688973031647e-05,1.3091762763950645,0.546698591916068,0.5322795785253661,0.46691059118659195,0.09,0.00925,0.001,4.286068485780574,0.3010598492091887,-3.9850044651699035,0,-0.2622520451380262,0,4.753121109760295,0,9.074496361536651,0,,,,,
hea_ring,d2,2,LATE,1,0,RY,12,11002,4000,0,0,0,0,0,0,0,0.0002544191843157409,0.00025597335418411454,3.453202937941239e-05,3.458176239618492e-05,0.0005103925384998554,9.529752262735976e-05,-4.091399280497413,8.102158212781162e-05,1.301484391569967,0.546441343732597,0.537111225066749,0.45519877572656964,0.08625,0.0095,0.00075,4.32198375477622,0.3010581851939451,-4.020918422153585,0,-0.26245645748637614,0,4.726693820871005,0,9.0851299589668,0,,,,,
hea_ring,d2,2,EARLY,0,0,RY,12,11003,4000,0,0,0,0,0,0,0,0.00023850881962620484,0.0002457481957797261,3.374566870699216e-05,3.684983083450848e-05,0.00048425701540593096,9.796245596100831e-05,-4.0881829901476285,8.162383765374074e-05,1.26633451462712,0.5643462665146444,0.5411678160976203,0.45061427479882366,0.0905,0.009,0.00025,4.310002983534724,0.3010586370751209,-4.008940341998199,0,-0.248454345894419,0,4.715953495974874,0,9.086645336197709,0,,,,,
hea_ring,d2,2,LATE,1,0,RY,12,11003,4000,0,0,0,0,0,0,0,0.00024429817008111553,0.0002502756873904836,3.496916158023996e-05,3.627165178173454e-05,0.0004945738574715993,0.00010217304420923764,-4.079162227887875,8.333698265749775e-05,1.2333696826105873,0.5653889244901771,0.5439569859112264,0.4402426663866037,0.09275,0.01,0.001,4.291717241073111,0.3010594948076757,-3.9906638789138844,0,-0.24765275711801213,0,4.687108296765615,0,9.043031238447588,0,,,,,
hea_ring,d2,2,EARLY,0,0,RY,12,11004,4000,0,0,0,0,0,0,0,0.00023502136517795596,0.00024037865515444612,3.1501685977905165e-05,3.272774486375901e-05,0.00047540002033240206,9.280900466138982e-05,-4.114905259423022,7.67528906180538e-05,1.2749465585136863,0.5508251851989168,0.536158905137223,0.44909779316489973,0.08875,0.0105,0.00075,4.333460781115623,0.3010573020307348,-4.03240988774209,0,-0.25898622197734866,0,4.76748587482692,0,9.167287996149026,0,,,,,
hea_ring,d2,2,LATE,1,0,RY,12,11004,4000,0,0,0,0,0,0,0,0.0002437937452540985,0.0002474872472657706,3.299746671124845e-05,3.211255962312864e-05,0.0004912809925198691,9.909110449415373e-05,-4.104890768084217,7.85433158603109e-05,1.2874325138402458,0.5609215140898758,0.5423986821381294,0.4615904115175899,0.0845,0.008,0.00075,4.305033564658772,0.301059371961236,-4.003965994893692,0,-0.2510979294908764,0,4.739249586614813,0,9.125241055796264,0,,,,,
hea_ring,d2,2,EARLY,0,0,RY,12,11005,4000,0,0,0,0,0,0,0,0.00023561133117221868,0.00022071233605345185,3.426373807147867e-05,3.323275415423488e-05,0.00045632366722567056,9.462760613779064e-05,-4.103548247223187,7.878649000485791e-05,1.2752592477823392,0.5525532081345146,0.5392202920410619,0.4586999095473047,0.08,0.008,0.00075,4.325037038119559,0.3010575228799577,-4.02398221648976,0,-0.2576258985281358,0,4.7432118377660935,0,9.11122355318372,0,,,,,
hea_ring,d2,2,LATE,1,0,RY,12,11005,4000,0,0,0,0,0,0,0,0.00022730605369228213,0.00022660768494978242,3.296528122150124e-05,3.479713420069374e-05,0.0004539137386420645,9.545989762317283e-05,-4.0938215521898655,8.05709432163574e-05,1.2425751155004274,0.5624206797827114,0.5408345287663945,0.4409954473751485,0.08975,0.008,0.00075,4.321242055611338,0.3010584851899738,-4.020179036036277,0,-0.2499387581850962,0,4.74958783871082,0,9.114819211615632,0,,,,,
hea_ring,d2,2,EARLY,0,0,RY,12,11006,4000,0,0,0,0,0,0,0,0.0002699492125312278,0.0002645240537071683,3.433732411712929e-05,3.371568259909525e-05,0.0005344732662383961,9.669176820612508e-05,-4.0836263744968235,8.248474298231061e-05,1.280411635127079,0.5505208495272225,0.5350403356462603,0.4524582463418332,0.09175,0.007,0.00025,4.315671752849811,0.3010576681195105,-4.014610498736117,0,-0.2592262332292954,0,4.7500980266317185,0,9.122401454733588,0,,,,,
hea_ring,d2,2,LATE,1,0,RY,12,11006,4000,0,0,0,0,0,0,0,0.0002565215212210292,0.0002888438126602337,3.396136872456585e-05,3.6318882552594225e-05,0.0005453653338812627,9.61463703581887e-05,-4.078569233352085,8.345085039285955e-05,1.2817724019001844,0.548124588616967,0.5323017642963882,0.4516437392422939,0.087,0.00975,0.00175,4.318122887918996,0.3010579239971731,-4.017067108762402,0,-0.26112072510079815,0,4.7454485144196585,0,9.08321955070294,0,,,,,
hea_ring,d2,2,EARLY,0,0,RY,12,11007,4000,0,0,0,0,0,0,0,0.00023631999187486818,0.0002414126015799094,3.239958144969445e-05,3.3691710389849796e-05,0.0004777325934547776,9.218442295075559e-05,-4.116334747288761,7.650067245717777e-05,1.277191113814891,0.561756425695789,0.5375533175255698,0.4559445054923844,0.09325,0.00925,0.0005,4.3363988247023375,0.30105621464768806,-4.035342466051281,0,-0.25045195712330126,0,4.767154983248227,0,9.156316605686847,0,,,,,
hea_ring,d2,2,LATE,1,0,RY,12,11007,4000,0,0,0,0,0,0,0,0.00023695611280423424,0.00022727215390404266,3.4053041024707564e-05,3.332053455938925e-05,0.0004642282667082769,9.053000870168728e-05,-4.117867004069949,7.623124206061837e-05,1.2801541237789502,0.5545719208349867,0.536890828380191,0.45347650536058903,0.088,0.009,0.0,4.3442681164275,0.3010564791891839,-4.043207438941862,0,-0.25604212346301225,0,4.757838004664983,0,9.154195083271224,0,,,,,
hea_ring,d2,2,EARLY,0,0,RY,12,11008,4000,0,0,0,0,0,0,0,0.00025264630534930306,0.0002618941070208477,3.2122052732595534e-05,3.2383310856521356e-05,0.0005145404123701507,9.299062575249855e-05,-4.089365943010811,8.140180911732161e-05,1.3149111558120135,0.5514818292533392,0.535943069777053,0.4580810034472599,0.091,0.01075,0.0005,4.332620893916147,0.3010568531392348,-4.031560941504001,0,-0.25846880386284843,0,4.757081551157826,0,9.143378050823841,0,,,,,
hea_ring,d2,2,LATE,1,0,RY,12,11008,4000,0,0,0,0,0,0,0,0.00024870254428954253,0.0002517188219459715,3.338117385423769e-05,3.394108804693245e-05,0.0005004213662355141,9.328119159080721e-05,-4.086340899201214,8.197078625236595e-05,1.2862138979595614,0.5529653536736747,0.5336138584119026,0.4672092525064137,0.08925,0.0085,0.001,4.331256976024939,0.3010567270293978,-4.030206226288847,0,-0.2573022942550688,0,4.769511114778988,0,9.153764016020517,0,,,,,
hea_ring,d2,2,EARLY,0,0,RY,12,11009,4000,0,0,0,0,0,0,0,0.00025059615492260487,0.0002564864364262172,3.586052688506922e-05,3.642563479725162e-05,0.0005070825913488222,0.00010022523617908639,-4.080019071660685,8.317272457292877e-05,1.2737982553906422,0.5415948277461631,0.5297948664374396,0.45982224697930074,0.0925,0.01375,0.00275,4.300083770473769,0.30105805441152,-3.9990229482518185,0,-0.2663254927439694,0,4.740013600524425,0,9.108316681363089,0,,,,,
hea_ring,d2,2,LATE,1,0,RY,12,11009,4000,0,0,0,0,0,0,0,0.0002494978411235743,0.0002438574258159043,3.446442041043693e-05,3.499424974474239e-05,0.0004933552669394786,0.00010132652602485526,-4.081803373633007,8.28317098519865e-05,1.2788471708197928,0.5608436640120575,0.5377629647217252,0.4576143823723707,0.0865,0.008,0.00125,4.295336924617063,0.3010591764750654,-3.9942771633174363,0,-0.2511581833552943,0,4.7102601080621,0,9.044496773116721,0,,,,,
hea_ring,d2,2,EARLY,0,0,RY,14,11000,4000,0,0,0,0,0,0,0,6.257317263106293e-05,5.6803181713618495e-05,5.6978018761332395e-06,5.850849381633441e-06,0.0001193763543446814,1.5809881938127635e-05,-4.855421024415183,1.3950153153267954e-05,1.368411964005121,0.5379029249593175,0.530051561228578,0.45427195645344753,0.09475,0.00825,0.001,5.102106256550649,0.3010345223608919,-4.801071393297034,0,-0.2692961012026509,0,5.520966554784092,0,10.663056583622197,0,,,,,
hea_ring,d2,2,LATE,1,0,RY,14,11000,4000,0,0,0,0,0,0,0,5.6624320274406515e-05,6.108774533855037e-05,5.981251830105376e-06,5.799218728549229e-06,0.00011771206561295687,1.676124009941884e-05,-4.855923712333527,1.393401544753164e-05,1.4121879020867842,0.5548981860154854,0.5372395532577954,0.4440288194807673,0.087,0.009,0.00075,5.076728071096104,0.30103493751951715,-4.775693875314294,0,-0.25578669552057587,0,5.495156339022991,0,10.600125703189656,0,,,,,
hea_ring,d2,2,EARLY,0,0,RY,14,11001,4000,0,0,0,0,0,0,0,5.856058553457881e-05,5.720660524455681e-05,5.813113612495881e-06,5.827945761932796e-06,0.00011576719077913562,1.702165255575461e-05,-4.863343482678354,1.3697979670315194e-05,1.4072701051238496,0.5576452809723311,0.5342404262065285,0.4702427824146827,0.09225,0.01,0.00075,5.0700330374257465,0.3010348705416339,-4.768998303742004,0,-0.25364203613012326,0,5.508042596706595,0,10.63016905572496,0,,,,,
hea_ring,d2,2,LATE,1,0,RY,14,11001,4000,0,0,0,0,0,0,0,6.173116025317176e-05,5.815631317738629e-05,5.947841603846506e-06,5.683403403235541e-06,0.00011988747343055806,1.7007896404487407e-05,-4.851003546267326,1.4092772908052173e-05,1.3541808649537561,0.5500136723166377,0.5328882492012736,0.45974455506077916,0.08425,0.00775,0.0005,5.070384763327287,0.30103488588055827,-4.7693494058356976,0,-0.2596265169135783,0,5.501819517731751,0,10.64471609596881,0,,,,,
hea_ring,d2,2,EARLY,0,0,RY,14,11002,4000,0,0,0,0,0,0,0,6.393380903256247e-05,5.82132811522616e-05,5.803615561102978e-06,6.249376805030571e-06,0.00012214709018482407,1.7442266656622422e-05,-4.848507371950351,1.41740065151032e-05,1.422262781081571,0.5628530259184643,0.5397837947531421,0.46260090845036755,0.0895,0.0105,0.0015,5.059432714273158,0.30103498614149604,-4.758397190890368,0,-0.24960500516408118,0,5.479303168768313,0,10.619883333652457,0,,,,,
hea_ring,d2,2,LATE,1,0,RY,14,11002,4000,0,0,0,0,0,0,0,5.708114697741724e-05,6.74276506923954e-05,5.717572357150417e-06,5.958508299465038e-06,0.00012450879766981264,1.777584320732552e-05,-4.843574678152082,1.4335911848426106e-05,1.4398776823355552,0.5651326341454728,0.5402640463158259,0.46283249182521286,0.08375,0.0065,0.00125,5.05120518149298,0.301035056873975,-4.75017013077769,0,-0.2478496154398732,0,5.487134538943458,0,10.609377705143599,0,,,,,
hea_ring,d2,2,EARLY,0,0,RY,14,11003,4000,0,0,0,0,0,0,0,5.5163424565073575e-05,6.380086623524767e-05,6.329015293959626e-06,6.608556669412573e-06,0.00011896429080032125,1.817961483643758e-05,-4.834167736408099,1.4649819155878012e-05,1.354499597785126,0.5534494086908559,0.5408500962539976,0.43646142092529977,0.08275,0.00825,0.00125,5.041451015806288,0.30103540375002424,-4.740415407356062,0,-0.2569220888512077,0,5.443790209636683,0,10.508262855130166,0,,,,,
hea_ring,d2,2,LATE,1,0,RY,14,11003,4000,0,0,0,0,0,0,0,5.860529002745053e-05,6.471188455602867e-05,6.732054372688461e-06,6.706850045880056e-06,0.00012331717458347922,1.938389509011541e-05,-4.832322139476479,1.47122081432972e-05,1.395223948254034,0.5646937878809527,0.5441879262733417,0.4317036455925414,0.08,0.0055,0.00075,5.013594536208046,0.30103570263308965,-4.712558971101737,0,-0.24818699653616505,0,5.434027862587025,0,10.493000009973063,0,,,,,
hea_ring,d2,2,EARLY,0,0,RY,14,11004,4000,0,0,0,0,0,0,0,6.484722148784502e-05,6.769452168505535e-05,6.467387416568594e-06,6.351611025469781e-06,0.00013254174317290035,1.788924998316384e-05,-4.843697194607281,1.4331868192667037e-05,1.4195270239984392,0.5427566010299263,0.53336670403846,0.4626087096967094,0.08925,0.007,0.00125,5.048442450646206,0.3010352172247095,-4.747407874319397,0,-0.2653949117586309,0,5.483037669037862,0,10.57171392448295,0,,,,,
hea_ring,d2,2,LATE,1,0,RY,14,11004,4000,0,0,0,0,0,0,0,6.125374366773341e-05,6.732527291597022e-05,6.3202130685632655e-06,6.082822148454534e-06,0.00012857901658370362,1.7823366144616486e-05,-4.834754289065315,1.4630046649898373e-05,1.430894478284058,0.559299913971133,0.5405988152869965,0.4514966379949342,0.0865,0.00825,0.0005,5.050046125936721,0.30103518693939035,-4.749010303274236,0,-0.25235526096028854,0,5.449439029734151,0,10.55061824485464,0,,,,,
hea_ring,d2,2,EARLY,0,0,RY,14,11005,4000,0,0,0,0,0,0,0,6.082883589238071e-05,6.76598419823293e-05,5.574673189451335e-06,5.82803787212709e-06,0.00012848867787471,1.590742931881386e-05,-4.86886556207695,1.3524911684760501e-05,1.4201084245818274,0.5651315892009436,0.540635554880936,0.45621367129925944,0.0885,0.01025,0.001,5.0994350094236225,0.30103461993258174,-4.798400109071868,0,-0.2478504164671138,0,5.5073794385152794,0,10.671746056887642,0,,,,,
hea_ring,d2,2,LATE,1,0,RY,14,11005,4000,0,0,0,0,0,0,0,5.470123790296473e-05,6.559536197794355e-05,5.611681081761907e-06,5.60432889098231e-06,0.00012029659988090827,1.6179095216003914e-05,-4.873203287174664,1.3390497502416524e-05,1.4157434966613653,0.5497353143200342,0.5371005206795794,0.4482066227832364,0.08825,0.00725,0.00025,5.092080795267359,0.30103450968052536,-4.791045800938144,0,-0.2598466381308962,0,5.525117267109064,0,10.666461172993472,0,,,,,
hea_ring,d2,2,EARLY,0,0,RY,14,11006,4000,0,0,0,0,0,0,0,6.572972390278745e-05,7.03883954638054e-05,6.323568781854366e-06,6.4234219600474315e-06,0.00013611811936659285,1.7870184091217337e-05,-4.8355019932236605,1.4604880464183806e-05,1.4319061208822097,0.5435760267987213,0.5332663454813864,0.44989926738496805,0.08325,0.0085,0.00075,5.048905171573484,0.30103506668211466,-4.747871102501575,0,-0.26473975336336186,0,5.483615063371252,0,10.57607441230485,0,,,,,
hea_ring,d2,2,LATE,1,0,RY,14,11006,4000,0,0,0,0,0,0,0,6.581365553545063e-05,5.964574998907155e-05,6.253012888140042e-06,6.307960517540018e-06,0.00012545940552452219,1.8797596285128678e-05,-4.837363827037363,1.454240290930988e-05,1.4625919849625788,0.5635707039723603,0.5386694547389979,0.45973615025878456,0.0815,0.00775,0.0015,5.026933712551204,0.30103532268975197,-4.725897906197552,0,-0.24905162618005333,0,5.480773228831024,0,10.534785534279296,0,,,,,
hea_ring,d2,2,EARLY,0,0,RY,14,11007,4000,0,0,0,0,0,0,0,6.594045819453685e-05,5.7254508870655125e-05,6.245159492644003e-06,6.465361759108714e-06,0.00012319496706519198,1.784216048194602e-05,-4.839206536478349,1.4480830280827842e-05,1.4009159658807704,0.5503391685061028,0.533485366410489,0.4540723410355716,0.0845,0.01025,0.00125,5.049588809347437,0.30103525483158844,-4.748552559001762,0,-0.25936957782342707,0,5.469373464354415,0,10.572723804795594,0,,,,,
hea_ring,d2,2,LATE,1,0,RY,14,11007,4000,0,0,0,0,0,0,0,6.098193325596716e-05,5.678177996170819e-05,6.220100519953913e-06,5.790875927008933e-06,0.00011776371321767534,1.68181386511911e-05,-4.853744466234794,1.4004110656085943e-05,1.3836269401335395,0.5722121568571694,0.547203461976127,0.4622176295517834,0.08225,0.01,0.0005,5.075256660984714,0.3010348064796937,-4.774222502609623,0,-0.2424429288290886,0,5.4791644156150365,0,10.619668302951718,0,,,,,
hea_ring,d2,2,EARLY,0,0,RY,14,11008,4000,0,0,0,0,0,0,0,5.936115843651405e-05,6.18141000372041e-05,5.598119389236126e-06,5.888869601906578e-06,0.00012117525847371814,1.579026565785464e-05,-4.871895745701904,1.3430873364573743e-05,1.3891249830450114,0.5495957675929746,0.53159180246898,0.4595855666820361,0.09675,0.00925,0.00075,5.102645517515748,0.3010346565722015,-4.801610689650905,0,-0.25995663012171155,0,5.530339504748288,0,10.657505509277179,0,,,,,
hea_ring,d2,2,LATE,1,0,RY,14,11008,4000,0,0,0,0,0,0,0,6.0284966269208975e-05,6.169422947155739e-05,6.267385982799822e-06,5.929572946531341e-06,0.00012197919574076636,1.6809858396620997e-05,-4.866544222410414,1.359739699566688e-05,1.3893748495031542,0.5522994350933565,0.5399799210889998,0.44394467174008073,0.08475,0.00775,0.00075,5.07547157115672,0.30103489237510184,-4.774435968815183,0,-0.2578254479823068,0,5.497320202711317,0,10.58288037548445,0,,,,,
hea_ring,d2,2,EARLY,0,0,RY,14,11009,4000,0,0,0,0,0,0,0,6.4769952211832e-05,5.9870483521263936e-05,6.459394418966456e-06,6.516176779669733e-06,0.00012464043573309593,1.8304308953503968e-05,-4.822222444129089,1.5058355848587314e-05,1.3702190071604177,0.5423929841647729,0.5319640316782246,0.4711743072366445,0.0895,0.00825,0.0005,5.038482662832559,0.3010352959937044,-4.737446773152034,0,-0.26568606849231957,0,5.445868204215657,0,10.53914043850261,0,,,,,
hea_ring,d2,2,LATE,1,0,RY,14,11009,4000,0,0,0,0,0,0,0,7.098707734767056e-05,6.641442315291611e-05,6.549160012821547e-06,6.543933618943145e-06,0.0001374015005005867,1.8603044857571865e-05,-4.826482994399438,1.491135142453283e-05,1.3938588461694454,0.5643869700799538,0.5410872005226808,0.4470551858916276,0.08325,0.00675,0.00075,5.031450889639952,0.3010355589806286,-4.730416026722629,0,-0.24842305302474815,0,5.443516450682054,0,10.526765000376535,0,,,,,
hea_ring,d2,2,EARLY,0,0,RY,16,11000,4000,0,0,0,0,0,0,0,1.671791831003014e-05,1.622830348057779e-05,1.0292181418372627e-06,9.57909110724618e-07,3.2946221790607926e-05,2.7745972716775692e-06,-5.636692687116609,2.3083800531240926e-06,1.5250829662592462,0.5498252302772829,0.5330598472978475,0.450531651084923,0.0905,0.01075,0.00075,5.857830764232093,0.30103080470153465,-5.556800051619552,0,-0.25977537277455404,0,6.302513122253215,0,12.165528233421956,0,,,,,
hea_ring,d2,2,LATE,1,0,RY,16,11000,4000,0,0,0,0,0,0,0,1.8122736412698765e-05,1.576279154215289e-05,1.0309490712533488e-06,1.0422336036298528e-06,3.3885527954851656e-05,3.0420297507101782e-06,-5.625244803966771,2.370037381738696e-06,1.479100277826645,0.5507239154761878,0.5333982200001312,0.4590706360396909,0.091,0.00725,0.0005,5.817867586623333,0.3010308971873963,-5.5168367727753775,0,-0.2590661174125084,0,6.2520484391234685,0,12.123449389019815,0,,,,,
hea_ring,d2,2,EARLY,0,0,RY,16,11001,4000,0,0,0,0,0,0,0,1.4936162839956406e-05,1.3284221779703731e-05,1.0163918140346528e-06,1.0949516870122365e-06,2.8220384619660137e-05,2.924632586441823e-06,-5.613510060526341,2.434949393165225e-06,1.4876008634182494,0.5411504943669494,0.5320321289872925,0.44575719943574427,0.08675,0.00875,0.00175,5.83496024082574,0.30103085510795236,-5.5339295715093275,0,-0.2666819670023759,0,6.282209038145552,0,12.176323947470866,0,,,,,
hea_ring,d2,2,LATE,1,0,RY,16,11001,4000,0,0,0,0,0,0,0,1.5868027626399938e-05,1.365778678511543e-05,1.1071491891784999e-06,1.0822987987792731e-06,2.9525814411515365e-05,2.981175204744403e-06,-5.607058732675268,2.4713898991027896e-06,1.4811390609897463,0.568526243566332,0.5465968469200986,0.43940672436885286,0.0835,0.0085,0.0005,5.826643439698197,0.301030849640159,-5.52561249967683,0,-0.24524960802903906,0,6.23978860403555,0,12.111040725176316,0,,,,,
hea_ring,d2,2,EARLY,0,0,RY,16,11002,4000,0,0,0,0,0,0,0,1.639144631347545e-05,1.64138132803922e-05,1.0604689781495388e-06,1.1029102024313587e-06,3.280525959386765e-05,3.023901888053922e-06,-5.605433998796109,2.480652902274447e-06,1.5220950899977366,0.5430372762591609,0.5307895378911498,0.46451735080957185,0.09575,0.012,0.0005,5.820463710190323,0.30103088486013485,-5.51943274216821,0,-0.2651705310734514,0,6.219703527493496,0,12.087116622031544,0,,,,,
hea_ring,d2,2,LATE,1,0,RY,16,11002,4000,0,0,0,0,0,0,0,1.4262229825527079e-05,1.6355068865043627e-05,1.0653954135629669e-06,1.092032745095704e-06,3.061729869057071e-05,2.905898857290401e-06,-5.594247637735034,2.545378446210716e-06,1.5139741707873426,0.5584061093202878,0.5421407703739615,0.43223886277207124,0.086,0.00825,0.0005,5.837750730999886,0.30103085889290027,-5.536719530302021,0,-0.2530498496956983,0,6.214482853328427,0,12.067927461310834,0,,,,,
hea_ring,d2,2,EARLY,0,0,RY,16,11003,4000,0,0,0,0,0,0,0,1.8313914874486524e-05,1.6192575500025138e-05,1.0281848701536807e-06,1.0629251610540762e-06,3.4506490374511665e-05,2.9061178072062855e-06,-5.586294925472171,2.5924182763090342e-06,1.5237804609144447,0.5599288283481199,0.5436276865096354,0.43282436747678377,0.08575,0.0075,0.0005,5.837717524871593,0.301030862220804,-5.5366868213075655,0,-0.25186730120700773,0,6.2122994371489035,0,12.119617950714048,0,,,,,
hea_ring,d2,2,LATE,1,0,RY,16,11003,4000,0,0,0,0,0,0,0,1.5879065318992055e-05,1.684094026607015e-05,1.0489192810209122e-06,1.0752964451854312e-06,3.27200055850622e-05,2.9803642201682695e-06,-5.584329147327356,2.6041791212843243e-06,1.5098678878457052,0.5649752583113268,0.541918211253254,0.452118159357642,0.0895,0.00925,0.001,5.826761886490214,0.30103087146615426,-5.525730753841508,0,-0.24797057179139095,0,6.227641018154566,0,12.112588262705733,0,,,,,
hea_ring,d2,2,EARLY,0,0,RY,16,11004,4000,0,0,0,0,0,0,0,1.6779334454492743e-05,1.858344289316531e-05,9.876975072461878e-07,9.382705334453857e-07,3.5362777347658056e-05,2.825451312489408e-06,-5.630195371466767,2.343174479057699e-06,1.5623683303120277,0.5600236147630975,0.5360555270755447,0.4579249332247745,0.08675,0.0095,0.0005,5.849943027401057,0.3010308082961566,-5.548912275193124,0,-0.25179366282677806,0,6.28634154915139,0,12.174611611411692,0,,,,,
hea_ring,d2,2,LATE,1,0,RY,16,11004,4000,0,0,0,0,0,0,0,1.99595345538246e-05,1.6863011649953935e-05,9.592957818759686e-07,1.0051805410233971e-06,3.682254620377853e-05,2.7445775687866826e-06,-5.630636938986716,2.3407932746761776e-06,1.5404551319042472,0.557873297439194,0.5400784052786906,0.4362992362862871,0.08875,0.00775,0.00075,5.862555777193597,0.3010307910324994,-5.561524957600449,0,-0.25346481229302603,0,6.271544155389579,0,12.178979297714662,0,,,,,
hea_ring,d2,2,EARLY,0,0,RY,16,11005,4000,0,0,0,0,0,0,0,1.6298403770732238e-05,1.535233208545121e-05,9.999226379886317e-07,1.0005562509095301e-06,3.165073585618345e-05,2.9432982936215866e-06,-5.620179060337808,2.397844080077901e-06,1.5194997037669422,0.5614137454253235,0.5404557194575121,0.45637671571598004,0.0865,0.0075,0.00075,5.832196687438129,0.301030840944311,-5.531165784451746,0,-0.25071696199385896,0,6.256149804450223,0,12.134581997706416,0,,,,,
hea_ring,d2,2,LATE,1,0,RY,16,11005,4000,0,0,0,0,0,0,0,1.6064783913695883e-05,1.632718503952712e-05,1.0193135577253843e-06,1.0492231352505784e-06,3.2391968953223005e-05,3.0657186368347133e-06,-5.614434781063104,2.4297702984583855e-06,1.514305103762159,0.5647353221020728,0.5427110937004551,0.4572834472221715,0.092,0.00925,0.001,5.814498509418822,0.30103088013547996,-5.5134677265412755,0,-0.24815505398503568,0,6.238284090893217,0,12.107962961713898,0,,,,,
hea_ring,d2,2,EARLY,0,0,RY,16,11006,4000,0,0,0,0,0,0,0,1.4033252252983354e-05,1.4258027762178966e-05,1.0764936913768734e-06,1.0077129137434762e-06,2.8291280015162317e-05,2.8786320828452148e-06,-5.634432710600706,2.3204236831611356e-06,1.527096869672934,0.5443344611507914,0.530451238751935,0.468889489401379,0.0935,0.00875,0.0015,5.841845078545406,0.3010308338292509,-5.5408144222061075,0,-0.26413422511619533,0,6.282892306036864,0,12.179524084089234,0,,,,,
hea_ring,d2,2,LATE,1,0,RY,16,11006,4000,0,0,0,0,0,0,0,1.355548623648982e-05,1.527326546274581e-05,1.0189420685821855e-06,9.71463131098964e-07,2.882875169923563e-05,2.8567958403718335e-06,-5.634330160006239,2.320971672912956e-06,1.5277193586742612,0.5692642084948696,0.5474519880884428,0.44420759333554705,0.08025,0.0055,0.00025,5.845152196702781,0.3010308377286033,-5.544121449458517,0,-0.24468613326884037,0,6.262822635813416,0,12.135794041775013,0,,,,,
hea_ring,d2,2,EARLY,0,0,RY,16,11007,4000,0,0,0,0,0,0,0,1.3722844114382213e-05,1.3955358296822154e-05,9.96877576636697e-07,9.337837514126826e-07,2.7678202411204373e-05,2.7413501885522967e-06,-5.625821427398696,2.366892713085712e-06,1.5084452471278187,0.5481303144287855,0.5331813437927484,0.46375341815667104,0.09,0.00825,0.00075,5.86306678294398,0.3010307871912765,-5.562036082214377,0,-0.26111617854251523,0,6.3016777345930475,0,12.183860010692445,0,,,,,
hea_ring,d2,2,LATE,1,0,RY,16,11007,4000,0,0,0,0,0,0,0,1.4852348593343588e-05,1.2518640137180538e-05,9.879174307734302e-07,9.357638725315405e-07,2.7370988730524128e-05,2.7165248665180224e-06,-5.631347717074188,2.3369654023884344e-06,1.500857224154129,0.5437644713983669,0.5320933523872957,0.4648820725123669,0.09575,0.01,0.00075,5.867018031299956,0.3010307834340251,-5.565987223756512,0,-0.2645891721593391,0,6.28455308695185,0,12.16944951518914,0,,,,,
hea_ring,d2,2,EARLY,0,0,RY,16,11008,4000,0,0,0,0,0,0,0,1.4789460259171342e-05,1.4691650578035284e-05,1.1074133276798034e-06,1.0838245949332755e-06,2.9481110837206622e-05,2.9921412404670406e-06,-5.602805543441591,2.4957119387472e-06,1.4736012608618587,0.5489605053509516,0.5358477694455842,0.46075078029332417,0.0885,0.01,0.001,5.825048912273917,0.30103086264075873,-5.524017946555895,0,-0.26045890203579913,0,6.220289493193268,0,12.102988041384997,0,,,,,
hea_ring,d2,2,LATE,1,0,RY,16,11008,4000,0,0,0,0,0,0,0,1.4429212611836933e-05,1.3122814991896651e-05,1.033448869668726e-06,1.0911646346778244e-06,2.7552027603733582e-05,3.003482741357404e-06,-5.616590785640899,2.417737877153581e-06,1.5276996803643783,0.5534758029349173,0.536829081460377,0.4600052065049653,0.09175,0.00775,0.001,5.823407793749287,0.30103086464146767,-5.52237682392594,0,-0.25690136121199847,0,6.26791879135131,0,12.140325451029657,0,,,,,
hea_ring,d2,2,EARLY,0,0,RY,16,11009,4000,0,0,0,0,0,0,0,1.584959920424788e-05,1.4197959798572405e-05,1.0233971581942538e-06,1.0740744735003604e-06,3.0047559002820286e-05,2.7600087177818013e-06,-5.612691879320742,2.4395409956487983e-06,1.4854326306486403,0.5402903778873037,0.5264684195444019,0.47287683252857626,0.09625,0.00875,0.00175,5.860120631938308,0.30103081390505926,-5.5590897699062705,0,-0.26737278216233606,0,6.319657704355679,0,12.220143593955322,0,,,,,
hea_ring,d2,2,LATE,1,0,RY,16,11009,4000,0,0,0,0,0,0,0,1.5492102889102427e-05,1.4593030919694115e-05,1.0073977529340126e-06,1.021935455834096e-06,3.0085133808796543e-05,2.8418119440710192e-06,-5.617178233325133,2.414469738990064e-06,1.4943505587968842,0.5588873612722165,0.5398973447398853,0.44980571615731346,0.0895,0.00675,0.001,5.847435515069952,0.30103083164014155,-5.546404669376505,0,-0.25267572300603314,0,6.2520612036671865,0,12.142488359819623,0,,,,,
hea_ring,d4,4,EARLY,0,0,RY,4,11000,4000,0,0,0,0,0,0,0,0.06441914532604787,0.0625091122206522,0.0461553445802999,0.04630114819493776,0.1269282575467001,0.1120830247566275,-0.9927459283517144,0.10168433942363353,0.4077619040119853,0.4991775860845393,0.4959755299696391,0.4845393031739017,0.1075,0.01125,0.00075,1.282003205768443,0.3320671952362989,-0.9504602506149191,0,-0.3017449321127301,0,1.6067363802595773,0,2.962434841035239,0,,,,,
hea_ring,d4,4,MIDDLE,2,0,RY,4,11000,4000,0,0,0,0,0,0,0,0.06274286461054836,0.06354236358600425,0.04449996882962064,0.045798729326043085,0.12628522819655263,0.11115060906981179,-1.0026931943571578,0.09938178792534844,0.42583155663396566,0.4864376113501596,0.4912948841864187,0.4958501176449408,0.10375,0.0105,0.001,1.2881694483402302,0.3317163931636666,-0.9540881570492792,0,-0.31297285440449674,0,1.6489294726177395,0,2.9925072418356002,0,,,,,
hea_ring,d4,4,LATE,3,0,RY,4,11000,4000,0,0,0,0,0,0,0,0.06259555517220719,0.06416896624415126,0.04546375638677166,0.04599454515302878,0.12676452141635847,0.11328987438256707,-0.9978929198153849,0.10048635201292393,0.4138160531079945,0.5098408145500197,0.5055455246518638,0.48720361683164853,0.10125,0.0085,0.00075,1.2807256016166848,0.33227822043965743,-0.9458089600006867,0,-0.29256540067604864,0,1.6043633391502055,0,2.960008691521151,0,,,,,
hea_ring,d4,4,EARLY,0,0,RY,4,11001,4000,0,0,0,0,0,0,0,0.06377300046631035,0.06258777305024664,0.04824316586387361,0.0457523098149996,0.126360773516557,0.11244177738807346,-0.9964431982131938,0.10082234672438276,0.41002340276666494,0.48799170735794384,0.49421324694587937,0.4708859250991164,0.1,0.0095,0.001,1.2826542376215835,0.33161666450239163,-0.9490723058800822,0,-0.3115875617061362,0,1.6342545786720224,0,2.9889345632002273,0,,,,,
hea_ring,d4,4,MIDDLE,2,0,RY,4,11001,4000,0,0,0,0,0,0,0,0.062133773100741224,0.06155932845015594,0.04477270387477382,0.04430140391338955,0.12369310155089716,0.10742413686551128,-1.0157077847083835,0.09644777547612439,0.43547728224196447,0.4931410949928125,0.49419461404166587,0.47940130996013014,0.09975,0.0115,0.00125,1.3002290176755058,0.33079476759345083,-0.9688981595074904,0,-0.3070288130342598,0,1.6449445240189238,0,3.017826694031515,0,,,,,
hea_ring,d4,4,LATE,3,0,RY,4,11001,4000,0,0,0,0,0,0,0,0.06318208136121083,0.06209478923594126,0.04655652294790836,0.046454261990151964,0.12527687059715206,0.11213402549746718,-0.9993032545653467,0.10016056032542807,0.40017220219013816,0.4978220896266665,0.4979961769944955,0.48439652287587803,0.1005,0.0105,0.00125,1.284061744919614,0.3318058044736847,-0.9502625933212407,0,-0.30292583755033464,0,1.6156246172768451,0,2.958604831043103,0,,,,,
hea_ring,d4,4,EARLY,0,0,RY,4,11002,4000,0,0,0,0,0,0,0,0.0631076474486475,0.062045433510422694,0.046323025264661644,0.044793260345174446,0.12515308095907018,0.11119405847401131,-1.0042793906534613,0.09901947271287909,0.4179190827150632,0.49882705359371593,0.4982523952129136,0.46564183008695414,0.09825,0.01075,0.001,1.286553161347636,0.3316825789330663,-0.9539184205385876,0,-0.30205000662478954,0,1.606504830020055,0,2.9828918840948737,0,,,,,
hea_ring,d4,4,MIDDLE,2,0,RY,4,11002,4000,0,0,0,0,0,0,0,0.06157782859058996,0.0633248886762158,0.04538436250309804,0.047077841255439894,0.12490271726680577,0.10998614554847905,-1.0047384953808387,0.09891485179387682,0.4197760460804696,0.4816884338913519,0.4904778996347627,0.47594234427113713,0.09575,0.00725,0.001,1.2919513945433962,0.33044508552449947,-0.9586620230898518,0,-0.31723381371239134,0,1.6540965442600082,0,3.0108795931506034,0,,,,,
hea_ring,d4,4,LATE,3,0,RY,4,11002,4000,0,0,0,0,0,0,0,0.0613991050506353,0.06233531146973174,0.04409186520816049,0.04515826413708732,0.12373441652036705,0.10797140467708324,-1.0066221564248983,0.09848675846566791,0.4128365350743435,0.5030525800733086,0.4993615722304605,0.48303724378860263,0.0955,0.0085,0.0005,1.2968575245747758,0.3310150530120451,-0.9666912680164468,0,-0.2983866194252452,0,1.6159334302696884,0,2.9872510383731994,0,,,,,
hea_ring,d4,4,EARLY,0,0,RY,4,11003,4000,0,0,0,0,0,0,0,0.06180643501482985,0.06187778000358325,0.045064066847584516,0.04469012592450616,0.12368421501841312,0.11030951994214754,-1.0074164691947454,0.09830679349456613,0.41481099876207894,0.506204907832484,0.5033406710910958,0.4758596983829029,0.1035,0.00775,0.00075,1.2916264932859756,0.3313206702735586,-0.9573870222082668,0,-0.29567365431897724,0,1.6144135012607457,0,2.985120312344267,0,,,,,
hea_ring,d4,4,MIDDLE,2,0,RY,4,11003,4000,0,0,0,0,0,0,0,0.06437542166316794,0.06142162173301223,0.047047657779658664,0.04544787767481814,0.12579704339618017,0.1115266386443978,-1.0058461977066413,0.09866288313323512,0.42612995361453465,0.49191172862950355,0.4949462938848449,0.460524498960257,0.09275,0.0085,0.001,1.2855586039208584,0.3314769468124103,-0.9526213912391956,0,-0.3081128272374558,0,1.6334801470924254,0,2.9835443347496984,0,,,,,
hea_ring,d4,4,LATE,3,0,RY,4,11003,4000,0,0,0,0,0,0,0,0.06314199483081476,0.06392050873464915,0.04713584491532022,0.04577780908455884,0.12706250356546392,0.11452231552695592,-0.9959378205995792,0.10093973945486134,0.4239881729269237,0.50841348559505,0.5105881906056562,0.45398754488109594,0.08975,0.01075,0.002,1.2747944334579138,0.3320090808985881,-0.9411101277251457,0,-0.29378300466515006,0,1.5957386926037995,0,2.9398882536213753,0,,,,,
hea_ring,d4,4,EARLY,0,0,RY,4,11004,4000,0,0,0,0,0,0,0,0.06139311106029641,0.06274085931511203,0.04397348076550242,0.046237955968593605,0.12413397037540844,0.10981456779142029,-1.0095420726590452,0.09782681796055866,0.43024907274210633,0.49635412749792807,0.4972108492089187,0.49128143714913397,0.1155,0.01075,0.00125,1.2934802336023867,0.33106604382295907,-0.9593401438012283,0,-0.3042083628263712,0,1.6457980917944088,0,2.992110832193939,0,,,,,
hea_ring,d4,4,MIDDLE,2,0,RY,4,11004,4000,0,0,0,0,0,0,0,0.06349852141193503,0.06155401421827017,0.04682355002727776,0.044148815648329856,0.12505253563020516,0.1074740071354321,-1.0098149917232728,0.09776536100574879,0.415067584411444,0.4907202546651505,0.4948230900549949,0.4730121845786251,0.1035,0.012,0.0015,1.3003560367805826,0.33060171047671993,-0.9686965634344709,0,-0.3091660211844093,0,1.6489067156525925,0,3.0138279471497906,0,,,,,
hea_ring,d4,4,LATE,3,0,RY,4,11004,4000,0,0,0,0,0,0,0,0.06386843855268906,0.061626543993581875,0.04623953744774338,0.044654767664222425,0.12549498254627092,0.11048043230884876,-1.0043870125246237,0.09899493788436463,0.41969910463284865,0.5018520755692726,0.5010552587874778,0.47078470814480755,0.1025,0.01125,0.00125,1.2915211165650882,0.33129124413107236,-0.9567146353075724,0,-0.29942427620022194,0,1.6178017824779016,0,2.980956636659456,0,,,,,
hea_ring,d4,4,EARLY,0,0,RY,4,11005,4000,0,0,0,0,0,0,0,0.061621096709072065,0.06228133464664486,0.04539533654230325,0.044526764205557144,0.12390243135571694,0.10809816422468266,-1.0082891983782956,0.09810944108796105,0.4275844059097804,0.5036325564124634,0.5028593410404848,0.4551264306142043,0.09475,0.00825,0.00075,1.2987444259507321,0.33063621163888446,-0.9661816839255399,0,-0.2978862142413167,0,1.6204104727316437,0,2.988253407968458,0,,,,,
hea_ring,d4,4,MIDDLE,2,0,RY,4,11005,4000,0,0,0,0,0,0,0,0.06261001367695883,0.06214557753151321,0.046156837120809965,0.04607272346677019,0.12475559120847204,0.10943076230126682,-1.0078065418829625,0.09821853637668133,0.4152696183720016,0.4776040858417128,0.4872867178789185,0.48791790660920015,0.10525,0.0125,0.001,1.2943439554294571,0.3307483306619977,-0.960860614158596,0,-0.3209321765378538,0,1.647357089006286,0,3.021897181972034,0,,,,,
hea_ring,d4,4,LATE,3,0,RY,4,11005,4000,0,0,0,0,0,0,0,0.06214767773007678,0.06299403775371347,0.04540612718967249,0.04537585644308147,0.12514171548379024,0.10967040276457118,-1.0019403830277858,0.09955420691692951,0.4150531748879813,0.49548305395359227,0.5015705984920884,0.4793508140623484,0.09625,0.011,0.001,1.29391451908108,0.3313772905885263,-0.9599105620585566,0,-0.30497120148877677,0,1.6255021759562596,0,2.977956777815995,0,,,,,
hea_ring,d4,4,EARLY,0,0,RY,4,11006,4000,0,0,0,0,0,0,0,0.06233666013336908,0.06266482004461488,0.04567555961019813,0.047433397322576426,0.12500148017798396,0.11163500448413938,-1.0009230634903843,0.09978768248988323,0.3997462502117779,0.5057640506023529,0.5035324741161429,0.47320415375348973,0.0945,0.0095,0.0005,1.2861882324425997,0.3316856795052185,-0.9521996318145933,0,-0.2960520443608575,0,1.6246968250139529,0,2.9852330066649033,0,,,,,
hea_ring,d4,4,MIDDLE,2,0,RY,4,11006,4000,0,0,0,0,0,0,0,0.06304869586249633,0.06249410017254091,0.0453000049268705,0.04463499059682701,0.12554279603503724,0.1114383351492316,-1.0086476772921003,0.09802849220164167,0.42674690081147326,0.5098583703050737,0.5006342706384903,0.4770454214698228,0.08925,0.00925,0.00175,1.2871451605711979,0.3312613079464616,-0.952965384747624,0,-0.2925504671185112,0,1.6252856360627082,0,3.0113902072848266,0,,,,,
hea_ring,d4,4,LATE,3,0,RY,4,11006,4000,0,0,0,0,0,0,0,0.06384409098174369,0.061762191960027184,0.04671290312506908,0.04501573476883216,0.1256062829417709,0.11179359207354567,-1.0044852135305395,0.09897255605847105,0.42265614771036375,0.49185989121469953,0.4955818983536361,0.4664662231387654,0.10575,0.00875,0.00175,1.284929533274295,0.3316276279650436,-0.951583102646874,0,-0.30815859381271576,0,1.621259054770713,0,2.9701963935765106,0,,,,,
hea_ring,d4,4,EARLY,0,0,RY,4,11007,4000,0,0,0,0,0,0,0,0.060826619982371696,0.061250837141917966,0.04475388628876299,0.04446248319538487,0.12207745712428966,0.10777806112494018,-1.0169093014696313,0.09618131235058806,0.4116115797375647,0.49265250154071394,0.49572659088180715,0.47404254846058136,0.098,0.01025,0.001,1.3002068609551607,0.330454354328002,-0.9674696335178745,0,-0.3074593077097242,0,1.6571517994926324,0,3.032655527119343,0,,,,,
hea_ring,d4,4,MIDDLE,2,0,RY,4,11007,4000,0,0,0,0,0,0,0,0.06184639147847616,0.05999429068247462,0.04620151548496741,0.042515890560698544,0.12184068216095079,0.106553374699544,-1.0219371360519138,0.09507424032694048,0.431278514701644,0.4887729824172924,0.49200703983673344,0.5155428292383245,0.10925,0.0115,0.00075,1.3032846007793304,0.33062957947407146,-0.9724327961870803,0,-0.31089293050933764,0,1.6590944833549361,0,3.035943950053884,0,,,,,
hea_ring,d4,4,LATE,3,0,RY,4,11007,4000,0,0,0,0,0,0,0,0.06167279329192182,0.06157827760550345,0.04482098149272048,0.04504682713896277,0.12325107089742525,0.10969599272633881,-1.010238327606849,0.09767010900017012,0.42399020597759085,0.4994417082477059,0.4989130442411537,0.4984228090979411,0.10675,0.01025,0.001,1.2921033212492552,0.33151879818154745,-0.9598093115641687,0,-0.30151521827557515,0,1.648872209727727,0,3.0089997589441246,0,,,,,
hea_ring,d4,4,EARLY,0,0,RY,4,11008,4000,0,0,0,0,0,0,0,0.06225397414312678,0.06261330187173113,0.046466324127202495,0.045656231461780855,0.12486727601485789,0.11174093904502405,-1.0030686043347627,0.09929591809320606,0.40716719987760286,0.4976584602597245,0.4952251846332815,0.4925800106857031,0.10875,0.011,0.00075,1.2864369053723803,0.33143167110378396,-0.9517876907749034,0,-0.30306865919430587,0,1.6416902680674843,0,3.0038676063287646,0,,,,,
hea_ring,d4,4,MIDDLE,2,0,RY,4,11008,4000,0,0,0,0,0,0,0,0.0628699416572105,0.06295594617751206,0.045875283991657204,0.04590380180026947,0.12582588783472257,0.10934285831764282,-1.004110346665558,0.09905802237290894,0.42774420104178323,0.48730268648512787,0.4929561844635706,0.474175240452252,0.103,0.0115,0.0015,1.2927677337672556,0.33097556969814557,-0.9612095775207019,0,-0.3122012028053286,0,1.6558216266034642,0,3.010399236030664,0,,,,,
hea_ring,d4,4,LATE,3,0,RY,4,11008,4000,0,0,0,0,0,0,0,0.06160398642354616,0.06244032688830617,0.04527124045017053,0.04482753481577585,0.12404431331185234,0.109380209859549,-1.006230563544458,0.09857560165296651,0.4212481649488411,0.5028307297685743,0.5015431154966479,0.45550514051495605,0.09775,0.01025,0.00175,1.2918034835459258,0.3313450855512751,-0.9610612495802782,0,-0.2985782110925879,0,1.603834701997307,0,2.9642414234099412,0,,,,,
hea_ring,d4,4,EARLY,0,0,RY,4,11009,4000,0,0,0,0,0,0,0,0.062080697763245665,0.0626659305415614,0.044123348554526376,0.04531701535750743,0.12474662830480707,0.11026965663129426,-1.0078254216211715,0.09821426669326194,0.42807223484256407,0.507430347055851,0.5028590557964188,0.48314857121397287,0.0985,0.00975,0.00075,1.291316287218737,0.33098690362424055,-0.9575439932245045,0,-0.2946235637779455,0,1.6311041043639953,0,2.9768756977066744,0,,,,,
hea_ring,d4,4,MIDDLE,2,0,RY,4,11009,4000,0,0,0,0,0,0,0,0.06327794817642925,0.06119827464782173,0.045649666289142146,0.04472502199604471,0.12447622282425098,0.10950737402539595,-1.0101545277461923,0.09768895688234494,0.427625161079068,0.49207494377515754,0.49546901574150926,0.4735211217321903,0.09775,0.0075,0.0005,1.2939281968327008,0.3308477717385445,-0.9605566427173307,0,-0.3079687485075168,0,1.6594191817912112,0,3.0233226546960155,0,,,,,
hea_ring,d4,4,LATE,3,0,RY,4,11009,4000,0,0,0,0,0,0,0,0.06248746539814762,0.06215013656173377,0.045572467837737524,0.044912373206925184,0.12463760195988138,0.11116393504058594,-1.0043669823208157,0.09899950375980576,0.40961014815009245,0.5149508753299348,0.5117321037089488,0.4611166070884021,0.09475,0.00775,0.00075,1.2870773113275036,0.3311952384681762,-0.9540361182778851,0,-0.28823419970863984,0,1.6008025035884481,0,2.9548537044416676,0,,,,,
hea_ring,d4,4,EARLY,0,0,RY,6,11000,4000,0,0,0,0,0,0,0,0.016062859944094968,0.015558444763768053,0.010816589737205076,0.010722729507754283,0.03162130470786302,0.026144717349714058,-1.6241544559705472,0.023759951183943497,0.4651307345104869,0.49777817438413124,0.49705762107245127,0.47926359247060424,0.1075,0.01025,0.00075,1.890008179212306,0.3084731214458267,-1.5826160491308112,0,-0.3029641496035995,0,2.262831082950517,0,4.234451622517474,0,,,,,
hea_ring,d4,4,MIDDLE,2,0,RY,6,11000,4000,0,0,0,0,0,0,0,0.01538360149014553,0.01551786814943487,0.010340261832291163,0.010659372952865169,0.0309014696395804,0.025370278697468482,-1.634521177701315,0.023199510539723918,0.47345385854165123,0.49762336791796713,0.4985699604103352,0.47510352206610545,0.101,0.0135,0.002,1.9037081362716661,0.3081026951617033,-1.5956747657311112,0,-0.3030992410021695,0,2.286392215416373,0,4.252262465770478,0,,,,,
hea_ring,d4,4,LATE,3,0,RY,6,11000,4000,0,0,0,0,0,0,0,0.016094568056577017,0.01562514517851257,0.011064110933502552,0.01071608980935589,0.03171971323508958,0.026475404780541622,-1.6186954490915642,0.02406049461276112,0.4584310630182571,0.5024263052561577,0.502475010732541,0.48052437884105875,0.0935,0.00725,0.001,1.8857754776227074,0.30843754125031253,-1.5771574112829747,0,-0.29892763065965333,0,2.2495374169294324,0,4.239949269079222,0,,,,,
hea_ring,d4,4,EARLY,0,0,RY,6,11001,4000,0,0,0,0,0,0,0,0.016018944013122732,0.015692281922534922,0.010665198892159868,0.010873618520264534,0.03171122593565765,0.026133088835544608,-1.6253660131579442,0.023693760096927453,0.4499373467447396,0.500657683468652,0.5010141753434686,0.48769073263015605,0.09875,0.00825,0.0005,1.892057095190161,0.3082712073357132,-1.5828092804702285,0,-0.3004591304760065,0,2.2590693417212995,0,4.243691035892262,0,,,,,
hea_ring,d4,4,MIDDLE,2,0,RY,6,11001,4000,0,0,0,0,0,0,0,0.016157355805392022,0.01634267933064176,0.010834165879796659,0.011095618464535625,0.03250003513603377,0.026848774962133747,-1.614119226306591,0.024315363908739243,0.45860424795155996,0.4940890107738555,0.4954726791370012,0.4873052232311249,0.10225,0.01025,0.00075,1.880894195404088,0.3084713982843871,-1.5710755457208494,0,-0.30619481157834416,0,2.274625174029757,0,4.221985082003924,0,,,,,
hea_ring,d4,4,LATE,3,0,RY,6,11001,4000,0,0,0,0,0,0,0,0.015830139213401314,0.016385556879514894,0.01106741807286853,0.011132179024581905,0.032215696092916205,0.026364998858559377,-1.6175885217689663,0.024121898084707157,0.4636226129243626,0.48319285271497725,0.49146570716713645,0.48941704823359466,0.10225,0.00825,0.001,1.887640992468146,0.3083238992088837,-1.5789722475869765,0,-0.31587950767915063,0,2.2829614903028945,0,4.248929186934477,0,,,,,
hea_ring,d4,4,EARLY,0,0,RY,6,11002,4000,0,0,0,0,0,0,0,0.015272938333898561,0.015378259087007155,0.010182436536761983,0.010567057534424149,0.03065119742090571,0.025405282004220597,-1.6390303353756974,0.022959882682268704,0.4597613899982498,0.5055793250819386,0.5026928633984165,0.4657856009486513,0.10025,0.0105,0.00125,1.9037264998762207,0.3081380119976561,-1.5950759800323433,0,-0.2962107031943245,0,2.2730903179427364,0,4.249538589247827,0,,,,,
hea_ring,d4,4,MIDDLE,2,0,RY,6,11002,4000,0,0,0,0,0,0,0,0.015380005228240607,0.015607976836443284,0.010568326984019823,0.010480323727766897,0.03098798206468389,0.025871933319649577,-1.6347991597060492,0.023184665812899723,0.4568853868138485,0.49054862965924617,0.4943855582828363,0.4917561803196984,0.10525,0.01275,0.00075,1.895591849300232,0.3081069441073061,-1.5871711202956535,0,-0.3093179543431128,0,2.306272933115904,0,4.273129822245496,0,,,,,
hea_ring,d4,4,LATE,3,0,RY,6,11002,4000,0,0,0,0,0,0,0,0.015481533584990765,0.015340552163296675,0.010563021288752644,0.010760817223880491,0.030822085748287438,0.025987379988508967,-1.6328093090035345,0.023291137056558733,0.46086140865777026,0.506198382974522,0.5028642500452085,0.45951866156022203,0.0985,0.01125,0.001,1.894099070944661,0.30833421559128527,-1.5852375384762576,0,-0.29567926493493407,0,2.273406992625386,0,4.243114124398525,0,,,,,
hea_ring,d4,4,EARLY,0,0,RY,6,11003,4000,0,0,0,0,0,0,0,0.015164068394486334,0.015576252692193633,0.010718455189859293,0.010640915915146591,0.030740321086679966,0.02548566120686791,-1.6350929477146783,0.02316898734183786,0.4674881454984412,0.500076217450834,0.49991303682920646,0.47218743292138543,0.097,0.00975,0.0005,1.9022536402273165,0.308087446055087,-1.5937041150780542,0,-0.3009638426131153,0,2.2948379406961834,0,4.271768915206255,0,,,,,
hea_ring,d4,4,MIDDLE,2,0,RY,6,11003,4000,0,0,0,0,0,0,0,0.015636713674221026,0.015271609139539125,0.010363296152234561,0.010649731802437851,0.03090832281376015,0.025696593392087033,-1.635704352910654,0.023136392701031197,0.4622618208833402,0.4935128627904749,0.49755883094914927,0.47771438526347826,0.097,0.01,0.00025,1.8980705771630295,0.30823603797587773,-1.5901244527438436,0,-0.3067015781201986,0,2.2920356634087677,0,4.269754366164127,0,,,,,
hea_ring,d4,4,LATE,3,0,RY,6,11003,4000,0,0,0,0,0,0,0,0.015103483110446432,0.015595378810949339,0.010943344317877902,0.010411903363499576,0.03069886192139577,0.025880863546632944,-1.6343620593418955,0.023208012016347437,0.45267079562428214,0.5012129045652085,0.501292498744653,0.48774679572629415,0.1045,0.0115,0.0015,1.8955257327318613,0.30832466311507756,-1.5870212755808601,0,-0.2999777606082779,0,2.298744459596084,0,4.262973972416429,0,,,,,
hea_ring,d4,4,EARLY,0,0,RY,6,11004,4000,0,0,0,0,0,0,0,0.015627979581189118,0.015849083062783015,0.010161789089022922,0.010524081486166563,0.03147706264397213,0.026076325162309406,-1.6286644043260585,0.023514491721570756,0.4755611220765599,0.5165038539810486,0.5080141495141266,0.4683786304062393,0.103,0.009,0.001,1.8923938477696094,0.30836043091501286,-1.583753679783964,0,-0.2869264549494237,0,2.2576367467967864,0,4.229868637706768,0,,,,,
hea_ring,d4,4,MIDDLE,2,0,RY,6,11004,4000,0,0,0,0,0,0,0,0.015705773641482165,0.015801039634290342,0.01080049446223149,0.010776938936937607,0.03150681327577251,0.025964306719082786,-1.6229381492070785,0.023826587756295373,0.4468255383101989,0.4865996429746337,0.49517083984880944,0.47989910959819454,0.10625,0.011,0.001,1.8935436144136233,0.30829583683767525,-1.5856232728555382,0,-0.31282821406754524,0,2.2872182985917817,0,4.264269447961398,0,,,,,
hea_ring,d4,4,LATE,3,0,RY,6,11004,4000,0,0,0,0,0,0,0,0.015519784795465874,0.015880454927201932,0.010654127843046752,0.011167349452548894,0.031400239722667804,0.026747637627510937,-1.6217518721417554,0.023891759140784345,0.4424177989511766,0.5003157175752049,0.5011834272027045,0.46119930966846295,0.1015,0.0105,0.0005,1.881405505669307,0.3084604317333187,-1.5727145853766953,0,-0.3007558555565718,0,2.265580295063817,0,4.218426280139011,0,,,,,
hea_ring,d4,4,EARLY,0,0,RY,6,11005,4000,0,0,0,0,0,0,0,0.01589391242898379,0.015337782356806712,0.010977925015618907,0.01030000968998545,0.031231694785790503,0.025269496114799762,-1.6316162959824285,0.023355206095069463,0.46397830606680723,0.5012203298738149,0.5039154524577886,0.47494183456608124,0.09625,0.01,0.00075,1.9062818137866786,0.3081535751229807,-1.5974034201279748,0,-0.29997132216855044,0,2.2739715545773485,0,4.258666824644395,0,,,,,
hea_ring,d4,4,MIDDLE,2,0,RY,6,11005,4000,0,0,0,0,0,0,0,0.015631546253304634,0.015474702703415744,0.010750552287805588,0.010763279340618355,0.031106248956720383,0.02571383059568058,-1.6335279601364174,0.023252627792569935,0.4621524582985217,0.49397465553479303,0.49538984122811774,0.4905894865926569,0.0965,0.01025,0.00125,1.8981035293107333,0.3081784074433179,-1.5898333043809352,0,-0.3062953362554892,0,2.2901258205320305,0,4.268274886992893,0,,,,,
hea_ring,d4,4,LATE,3,0,RY,6,11005,4000,0,0,0,0,0,0,0,0.015769924895332247,0.015477070032107054,0.010912956017589022,0.0109159358065079,0.0312469949274393,0.026418581371913365,-1.6265532840795098,0.023629074735873924,0.4401737196274689,0.5096711701293768,0.5016314710598726,0.47426963392855814,0.10275,0.011,0.00175,1.8873236357962684,0.30835776008708016,-1.578090622742967,0,-0.29270996617630834,0,2.264416504647052,0,4.224950531891135,0,,,,,
hea_ring,d4,4,EARLY,0,0,RY,6,11006,4000,0,0,0,0,0,0,0,0.016015158752042354,0.015455867580181092,0.010680650526109225,0.010635877120804185,0.03147102633222344,0.02564168033161618,-1.626461294806866,0.02363408021419753,0.4672483106295011,0.5102217438746037,0.5044908389954545,0.4667945804817389,0.1,0.00875,0.002,1.8992986951776718,0.30825146838352957,-1.5910535215686625,0,-0.29224104537271184,0,2.25364914811949,0,4.218294637073059,0,,,,,
hea_ring,d4,4,MIDDLE,2,0,RY,6,11006,4000,0,0,0,0,0,0,0,0.015937875696837887,0.015670871241032173,0.010710632144855244,0.010757792057209134,0.03160874693787006,0.026465948571714675,-1.6226659593186468,0.023841525521510885,0.4604384466086353,0.5026019480065358,0.5011210333338126,0.47512490662419915,0.0975,0.01075,0.00075,1.8858043048765145,0.30840942497743096,-1.5773129647220214,0,-0.298775972020714,0,2.267438566235993,0,4.236906734484556,0,,,,,
hea_ring,d4,4,LATE,3,0,RY,6,11006,4000,0,0,0,0,0,0,0,0.015487772427446351,0.01611304555336392,0.010368655113794882,0.010996915894969959,0.03160081798081027,0.026044561840019687,-1.621139825316599,0.02392545329237184,0.45477395195070947,0.5017230520389733,0.5018125253746176,0.46493112959859006,0.09375,0.0085,0.0005,1.8927893117561343,0.3082502984037675,-1.5842829445271251,0,-0.2995359458242241,0,2.268578583202859,0,4.249741399797102,0,,,,,
hea_ring,d4,4,EARLY,0,0,RY,6,11007,4000,0,0,0,0,0,0,0,0.01579596355854076,0.01583001102949722,0.010465001604666537,0.010629346197661564,0.031625974588037974,0.026430680406192036,-1.6275310282271411,0.023575937513442734,0.4737538355354731,0.5041239105296333,0.5064322240413375,0.46509772208332434,0.09575,0.00975,0.0015,1.8865581437205685,0.3084026635048235,-1.5778916695883738,0,-0.2974627091737418,0,2.249843721910461,0,4.214222989971891,0,,,,,
hea_ring,d4,4,MIDDLE,2,0,RY,6,11007,4000,0,0,0,0,0,0,0,0.015488115865223619,0.015858968660050467,0.010136698919372918,0.010857253267282693,0.03134708452527409,0.025561976643039573,-1.6291586822563433,0.023487744702441173,0.45995404012985874,0.5082064645962747,0.5011476993588839,0.4770153974847708,0.1,0.00975,0.001,1.9016326534099581,0.3081410141194215,-1.5924055722732082,0,-0.2939598232197528,0,2.2737419636985914,0,4.251300728271388,0,,,,,
hea_ring,d4,4,LATE,3,0,RY,6,11007,4000,0,0,0,0,0,0,0,0.015829082484740735,0.015817669454084162,0.01107287441323314,0.010672106051309142,0.0316467519388249,0.02633078116349881,-1.6200576710050443,0.02398514393396698,0.44992255863233455,0.4886968695841548,0.4969300547835728,0.4936637209173245,0.106,0.0125,0.00075,1.8877488568158325,0.3082678489791957,-1.5795362729896687,0,-0.31096045483557977,0,2.272429146267638,0,4.236178466660717,0,,,,,
hea_ring,d4,4,EARLY,0,0,RY,6,11008,4000,0,0,0,0,0,0,0,0.015509056870694968,0.01558998825575825,0.010294571820801941,0.010695087535447612,0.031099045126453218,0.025064444799228897,-1.6322835543287935,0.02331935026168546,0.46444266802187895,0.5099265406801616,0.5076271993623623,0.47475578712545846,0.09225,0.00975,0.00075,1.90943280576466,0.30822711294046956,-1.6009419428407727,0,-0.29249238334349326,0,2.2628208843503534,0,4.239056892601164,0,,,,,
hea_ring,d4,4,MIDDLE,2,0,RY,6,11008,4000,0,0,0,0,0,0,0,0.015552649457411936,0.01539253361326818,0.010440532194794554,0.010371303884142629,0.030945183070680116,0.025208404438983253,-1.6368580957852308,0.023075010335099348,0.46446198700566965,0.49148927878910986,0.49583461119056677,0.5007893197057742,0.10375,0.01,0.00125,1.9068650209344746,0.3080923746883669,-1.5984546427894388,0,-0.3084859513090299,0,2.2992972888296626,0,4.26717943592317,0,,,,,
hea_ring,d4,4,LATE,3,0,RY,6,11008,4000,0,0,0,0,0,0,0,0.015348601129174301,0.015200730789191845,0.01019309064344013,0.010650204457945036,0.030549331918366146,0.025077170751056775,-1.6384360093365917,0.022991324475588867,0.46111822338862196,0.4993550032404701,0.5003383517960648,0.46839528759195614,0.0995,0.0105,0.0005,1.9086666362668625,0.3080610157526288,-1.6007214635100753,0,-0.30159059744555294,0,2.2782456622358396,0,4.258247561315931,0,,,,,
hea_ring,d4,4,EARLY,0,0,RY,6,11009,4000,0,0,0,0,0,0,0,0.015205338067862808,0.015286225266916592,0.010343674228153878,0.010472089386994766,0.0304915633347794,0.02528130061911185,-1.6432674012417579,0.02273697052335846,0.4708492420734054,0.4932063054318331,0.4978125072945851,0.4875256607505,0.10175,0.01,0.00075,1.9049654533432796,0.30811000350699835,-1.5972005871484596,0,-0.3069713852194288,0,2.2937238714027686,0,4.2736255838997455,0,,,,,
hea_ring,d4,4,MIDDLE,2,0,RY,6,11009,4000,0,0,0,0,0,0,0,0.015336201639835036,0.015543419635677095,0.010698490016876139,0.010622956628045802,0.03087962127551213,0.02569813521329147,-1.6359769045448327,0.02312187747318256,0.45840567973764257,0.47920438004444127,0.48905099096720994,0.48409450587490443,0.103,0.0085,0.00175,1.898319212915228,0.308181015331365,-1.5900984096508126,0,-0.3194792679728283,0,2.3286723090843595,0,4.2940630713615295,0,,,,,
hea_ring,d4,4,LATE,3,0,RY,6,11009,4000,0,0,0,0,0,0,0,0.015476007118168208,0.015542987893175781,0.010468492262807227,0.010523870450220898,0.03101899501134399,0.02590242705381233,-1.6273096834124972,0.023587956412562994,0.4660477040332438,0.5019460479993605,0.4987558344815183,0.48055846807092595,0.10725,0.01,0.00025,1.8960355203253174,0.3083069359408209,-1.5866595432070256,0,-0.2993429610008441,0,2.272477104769763,0,4.249183985321867,0,,,,,
hea_ring,d4,4,EARLY,0,0,RY,8,11000,4000,0,0,0,0,0,0,0,0.003949742558919275,0.003992551602795691,0.002494049036112507,0.002559477194608817,0.007942294161714967,0.006121215457770649,-2.2500184918603137,0.005623173817227571,0.5101375382882782,0.5017764489177599,0.49907503269539205,0.4846275707537461,0.1015,0.00875,0.001,2.5158508848987937,0.3027590152375812,-2.2131623376570295,0,-0.2994898181199269,0,2.894414878951784,0,5.494521947695458,0,,,,,
hea_ring,d4,4,MIDDLE,2,0,RY,8,11000,4000,0,0,0,0,0,0,0,0.003954499534277882,0.003916737927012077,0.0024630703519452693,0.002556381057546759,0.007871237461289957,0.006095830435296885,-2.2498525825187925,0.00562532239458081,0.5030588082528995,0.49809810920747777,0.49992154536405486,0.47293609672869263,0.0995,0.00925,0.00125,2.5176833764640145,0.3027444354733475,-2.2149671434866782,0,-0.3026857712306404,0,2.917668740834184,0,5.527560362954974,0,,,,,
hea_ring,d4,4,LATE,3,0,RY,8,11000,4000,0,0,0,0,0,0,0,0.0038960854027319546,0.004046786367561819,0.002414208714002965,0.00254941072080213,0.007942871770293774,0.006165945232037744,-2.2532025056909717,0.005582098482794949,0.5241367013148548,0.509141878651814,0.5046698644935087,0.4687740294773106,0.0975,0.0085,0.001,2.512510527404895,0.3027879830812177,-2.2100003372193573,0,-0.29316119524183304,0,2.8999608919482007,0,5.498884925409982,0,,,,,
hea_ring,d4,4,EARLY,0,0,RY,8,11001,4000,0,0,0,0,0,0,0,0.003950744193030477,0.003933963426372412,0.0024867686168553085,0.0025490409213907864,0.007884707619402888,0.006213735579892584,-2.247259197307255,0.005659014447492411,0.5060655137842958,0.5046684646401693,0.5051211013181236,0.46346734681550367,0.1,0.00925,0.0015,2.509635705417612,0.30277514565513663,-2.206647231732934,0,-0.29699385513103577,0,2.9101769272095517,0,5.482565379636485,0,,,,,
hea_ring,d4,4,MIDDLE,2,0,RY,8,11001,4000,0,0,0,0,0,0,0,0.0038831950156092494,0.0039257928260911165,0.002366708479818928,0.002464969788347186,0.007808987841700366,0.00606199061628246,-2.258643243250919,0.00551260350316388,0.5152431584596529,0.4985865753552646,0.499617155625905,0.4624750649455229,0.0985,0.01,0.0005,2.5201455889665434,0.30273010124108657,-2.2173848043062776,0,-0.3022594193183647,0,2.9308803584177556,0,5.50546917842604,0,,,,,
hea_ring,d4,4,LATE,3,0,RY,8,11001,4000,0,0,0,0,0,0,0,0.003984775697979725,0.00393057810963032,0.0024970652346476743,0.002448318051298507,0.007915353807610047,0.00601274195718058,-2.253234420937614,0.005581688283007961,0.5193793571992804,0.510254932932191,0.5045743759381628,0.4620962126960466,0.09625,0.0095,0.00125,2.5237008555112683,0.3027183396065809,-2.220927436191192,0,-0.29221279137887524,0,2.8972780661708413,0,5.4944825747619,0,,,,,
hea_ring,d4,4,EARLY,0,0,RY,8,11002,4000,0,0,0,0,0,0,0,0.003910375232730761,0.0037775613779528574,0.0025112361856739302,0.002448488025996988,0.0076879366106836185,0.005989208949598257,-2.265084649524184,0.005431444554045162,0.49667306684375356,0.5030365003215294,0.4987352783541433,0.4907234016089607,0.10075,0.012,0.001,2.5256916598915877,0.302707934665712,-2.222630537087615,0,-0.29840050298989373,0,2.916165857200537,0,5.530870801532856,0,,,,,
hea_ring,d4,4,MIDDLE,2,0,RY,8,11002,4000,0,0,0,0,0,0,0,0.003801699758807911,0.003782136032534418,0.0024613163915817586,0.0024000346219048424,0.007583835791342329,0.0057334741816225596,-2.2709927605279736,0.005358055890503637,0.5021383066158851,0.48658382099229047,0.49630389718399126,0.471931694733474,0.09775,0.01225,0.0005,2.544217323241157,0.3026427355943444,-2.241582170386209,0,-0.31284233855780524,0,2.9340991277912183,0,5.559752247527207,0,,,,,
hea_ring,d4,4,LATE,3,0,RY,8,11002,4000,0,0,0,0,0,0,0,0.003759051278108082,0.0039060958606141594,0.0023833716058758686,0.0024495959515167887,0.007665147138722241,0.005950099065336365,-2.2637921105781866,0.00544763359444286,0.49324938407317065,0.5084351734941399,0.5031156827356,0.48477763547437047,0.106,0.011,0.00125,2.5280801554221943,0.30272761313528407,-2.225475975977753,0,-0.293764434113555,0,2.9174080427857034,0,5.517819942134004,0,,,,,
hea_ring,d4,4,EARLY,0,0,RY,8,11003,4000,0,0,0,0,0,0,0,0.003903757173946086,0.0038241006906152295,0.0025623532178068666,0.002346244392288227,0.007727857864561315,0.005918380357147956,-2.263869523336078,0.005446662643222025,0.5054668064551604,0.5050300387407536,0.5058156088216189,0.4724571690049744,0.096,0.012,0.0005,2.5307814842549172,0.302712501847165,-2.2277971533537286,0,-0.29668279136261355,0,2.9199047146403974,0,5.528202671996185,0,,,,,
hea_ring,d4,4,MIDDLE,2,0,RY,8,11003,4000,0,0,0,0,0,0,0,0.0038016149790807024,0.0038948613938389292,0.002385968776719305,0.0023963031351976064,0.007696476372919632,0.0058809121355192255,-2.2702721385193216,0.005366953857915745,0.532866846846417,0.49728982728859183,0.4932447045547897,0.48840921054010633,0.10475,0.0105,0.001,2.5331024205699713,0.3026646631146179,-2.230555312949628,0,-0.3033904635327931,0,2.957686884958807,0,5.566751930032915,0,,,,,
hea_ring,d4,4,LATE,3,0,RY,8,11003,4000,0,0,0,0,0,0,0,0.0037101006905624657,0.0038323125227796404,0.0023024225194693726,0.002471715826270283,0.0075424132133421065,0.005899526950145931,-2.2723013452555945,0.005341935682271929,0.5061248361066575,0.5029900430336518,0.5048290839351032,0.47159695254604306,0.09825,0.01075,0.0015,2.5315391894575443,0.3027001516902812,-2.22918281066515,0,-0.2984406119683262,0,2.9141162527745603,0,5.521352413012909,0,,,,,
hea_ring,d4,4,EARLY,0,0,RY,8,11004,4000,0,0,0,0,0,0,0,0.003908021558000895,0.003979757802415608,0.0024471124948122775,0.002466204322710835,0.007887779360416503,0.005973355107415444,-2.255144342746428,0.005557195268222862,0.5090540869871032,0.49481583858332645,0.49846000912531657,0.47802539007581946,0.102,0.01275,0.001,2.5263717128233654,0.3027175425123483,-2.2237816744664682,0,-0.30555640748725277,0,2.91262908541216,0,5.498205789781299,0,,,,,
hea_ring,d4,4,MIDDLE,2,0,RY,8,11004,4000,0,0,0,0,0,0,0,0.0038328425979226744,0.003946908912306721,0.002505573087212875,0.0024591437893209884,0.007779751510229396,0.005982926329535185,-2.25749894909846,0.0055271474539655245,0.5034902822680085,0.49527457895621496,0.49563179139905855,0.4845346861578727,0.09525,0.00825,0.0005,2.5258661541592,0.30272199039567105,-2.2230865175303443,0,-0.3051540370341861,0,2.9191382405399158,0,5.535848880778639,0,,,,,
hea_ring,d4,4,LATE,3,0,RY,8,11004,4000,0,0,0,0,0,0,0,0.0038780280017976752,0.003969769894338641,0.0025249998288980058,0.002494828656649067,0.007847797896136315,0.006021714663362493,-2.250883321345158,0.005611987288518078,0.5045750099658313,0.5063551057257871,0.5048297557523682,0.4761081477776797,0.1025,0.01125,0.00125,2.522857189863063,0.3027377895320653,-2.220279852142389,0,-0.2955448092040475,0,2.890437720778882,0,5.470128095368783,0,,,,,
hea_ring,d4,4,EARLY,0,0,RY,8,11005,4000,0,0,0,0,0,0,0,0.003953231472477108,0.0038697763520503074,0.0024682569655979144,0.002407258286740062,0.007823007824527415,0.005958360324587939,-2.258736851327853,0.005511415441546128,0.5148529579428682,0.5062570660215993,0.5066248209886322,0.48000143536327433,0.095,0.00775,0.00125,2.5278536757745895,0.3027301467057266,-2.2248732654757104,0,-0.2956289039650344,0,2.898036560401104,0,5.503958034590539,0,,,,,
hea_ring,d4,4,MIDDLE,2,0,RY,8,11005,4000,0,0,0,0,0,0,0,0.0038734233111906977,0.0038106691717948076,0.0023513383206935105,0.0024475901783832313,0.007684092482985506,0.005878277594828114,-2.2692532168095942,0.005379560340445624,0.5309435645142213,0.5057082935655494,0.5016610055315983,0.47703108356673385,0.0955,0.0095,0.00075,2.5334146780374907,0.3027140464467388,-2.2307499156694144,0,-0.29609992838935395,0,2.914113126596434,0,5.523856961106526,0,,,,,
hea_ring,d4,4,LATE,3,0,RY,8,11005,4000,0,0,0,0,0,0,0,0.003955717131037463,0.0038695426814411445,0.002435510235458553,0.002459122574320487,0.007825259812478608,0.005995750608469585,-2.258353691323852,0.005516280080359519,0.5078821903659163,0.5144419347920917,0.5098251505204452,0.46203597633197047,0.0895,0.00925,0.001,2.525035283590416,0.30275002625602054,-2.2221564540506837,0,-0.2886636597105662,0,2.8972840125821597,0,5.466562334055572,0,,,,,
hea_ring,d4,4,EARLY,0,0,RY,8,11006,4000,0,0,0,0,0,0,0,0.003880120312779863,0.0038727623813781184,0.0023983336482017643,0.002421093126599729,0.00775288269415798,0.005958902542208806,-2.265195434721491,0.005430059210826151,0.5081707947531584,0.49797396867004373,0.5010964900986423,0.470525909185708,0.09475,0.01175,0.001,2.5274036948362575,0.30270880942777967,-2.2248337731015813,0,-0.30279337130816414,0,2.9246252324190465,0,5.526680736786089,0,,,,,
hea_ring,d4,4,MIDDLE,2,0,RY,8,11006,4000,0,0,0,0,0,0,0,0.004006395925776568,0.0039040456697100948,0.002446651184984868,0.0024695863404068045,0.007910441595486662,0.005909715227590496,-2.261809970152292,0.005472553675141269,0.5116060837644243,0.4933676330773846,0.4950155026081261,0.4758991353376704,0.1015,0.009,0.00125,2.5311125175689337,0.3026837212573992,-2.228433469238739,0,-0.3068297252462572,0,2.9320045452257926,0,5.531883702417351,0,,,,,
hea_ring,d4,4,LATE,3,0,RY,8,11006,4000,0,0,0,0,0,0,0,0.00405592498571645,0.0039329131965196665,0.0025002725282094896,0.002472723582150068,0.007988838182236117,0.00611516861282007,-2.2516939124696203,0.005601522535594074,0.5213747694708968,0.5011770240276594,0.5004329628596544,0.4856480551259533,0.1005,0.01,0.001,2.5166166965425703,0.30273922867973124,-2.213591566404566,0,-0.300008863738514,0,2.9149844526681874,0,5.500839112989732,0,,,,,
hea_ring,d4,4,EARLY,0,0,RY,8,11007,4000,0,0,0,0,0,0,0,0.00401878124134644,0.003845333157146374,0.002592599255151271,0.0024573604495981023,0.007864114398492814,0.0060186215394880255,-2.255499547070494,0.005552651962101812,0.5029547347990553,0.5007536181181431,0.5035619826685701,0.46991735193417256,0.093,0.00825,0.001,2.523046262468138,0.3027332495596817,-2.220502971520193,0,-0.3003759041895241,0,2.9129227205108954,0,5.510012111971001,0,,,,,
hea_ring,d4,4,MIDDLE,2,0,RY,8,11007,4000,0,0,0,0,0,0,0,0.004028306290794459,0.0038536257936117118,0.002551121729438533,0.002430806486636428,0.007881932084406173,0.005982564989520099,-2.2523351075538502,0.005593258514781284,0.4975431685262248,0.5003422945194775,0.4946411394744927,0.4830634143725807,0.1045,0.0095,0.00075,2.5256717387736347,0.3027193146263716,-2.223112576649824,0,-0.30073278501118295,0,2.916231962310433,0,5.5101393499020475,0,,,,,
hea_ring,d4,4,LATE,3,0,RY,8,11007,4000,0,0,0,0,0,0,0,0.0038909629839289266,0.003952265423831255,0.0026016238612980467,0.002495796170577246,0.007843228407760182,0.006153644640915159,-2.251237498304177,0.005607412451826153,0.4934208080885871,0.4881837884726862,0.4973118877538516,0.4810752128238388,0.101,0.0165,0.002,2.5140072995674005,0.30275111690154355,-2.2108676089229684,0,-0.3114166977630214,0,2.902100177407437,0,5.507027275823118,0,,,,,
hea_ring,d4,4,EARLY,0,0,RY,8,11008,4000,0,0,0,0,0,0,0,0.0038015700625550863,0.003923361290386226,0.002423898588185064,0.0024945929178043402,0.007724931352941312,0.00595061794887158,-2.2598379341369084,0.005497459845358015,0.5060025919493572,0.4945443647665899,0.49807740033335485,0.4821327652857199,0.101,0.008,0.00125,2.527966331525511,0.30267095690953894,-2.2254379328069196,0,-0.3057947527783403,0,2.9357424786655795,0,5.5409096547802035,0,,,,,
hea_ring,d4,4,MIDDLE,2,0,RY,8,11008,4000,0,0,0,0,0,0,0,0.0037447765083297845,0.0039434371681792,0.0024116004110514557,0.0025307167846591234,0.007688213676508985,0.006022128117823742,-2.2665653776483468,0.005412957563858299,0.5203051130989538,0.4901201966486385,0.4964903079100774,0.48482405471952594,0.10425,0.011,0.0005,2.523116008287325,0.3026847506196766,-2.2202500107696554,0,-0.3096975470429374,0,2.943944718058991,0,5.561214854128618,0,,,,,
hea_ring,d4,4,LATE,3,0,RY,8,11008,4000,0,0,0,0,0,0,0,0.0038223174324197038,0.003988493010048429,0.0024046573734402337,0.0024908041943387483,0.007810810442468133,0.006007665804823318,-2.254603553707966,0.005564119468939924,0.507941756638389,0.5109002156281836,0.5061851304154528,0.47425037953044547,0.10075,0.0125,0.001,2.5241017030161315,0.3027441614812698,-2.2212942410795433,0,-0.2916639184763705,0,2.893573200380721,0,5.493336049277933,0,,,,,
hea_ring,d4,4,EARLY,0,0,RY,8,11009,4000,0,0,0,0,0,0,0,0.0039297730680483995,0.0038780823091362207,0.002479382862645446,0.002466764594205393,0.007807855377184619,0.006013027469882253,-2.258546140438365,0.005513836190138772,0.5036105681834484,0.5090185031933494,0.5030913079175919,0.485410844573844,0.1025,0.00925,0.0015,2.5238627860506546,0.30272371279516075,-2.220906840145717,0,-0.29326656852333755,0,2.91187436200049,0,5.524197648728762,0,,,,,
hea_ring,d4,4,MIDDLE,2,0,RY,8,11009,4000,0,0,0,0,0,0,0,0.004042063321800489,0.0038341436651921066,0.002552557362212726,0.0024481874552128844,0.007876206986992597,0.0060046691858480225,-2.253367307231033,0.005579980648139385,0.5004383069111362,0.5033827284738706,0.5016836220958661,0.46742160368451063,0.0985,0.009,0.001,2.5243839861003736,0.3027154010903057,-2.2215109170188123,0,-0.2981017165994492,0,2.9063013744684065,0,5.493574472081304,0,,,,,
hea_ring,d4,4,LATE,3,0,RY,8,11009,4000,0,0,0,0,0,0,0,0.003996255336268882,0.003910325992604838,0.0025244813444597327,0.002485073373085021,0.007906581328873721,0.006049174719575461,-2.247709445438717,0.005653150591367624,0.4966528863320958,0.5054508971907645,0.5035358762030863,0.4831290026525986,0.099,0.01025,0.00125,2.520920140328867,0.3027487986087203,-2.2183039093602406,0,-0.29632104892053224,0,2.89442870192493,0,5.491408456660231,0,,,,,
hea_ring,d4,4,EARLY,0,0,RY,10,11000,4000,0,0,0,0,0,0,0,0.001004302744269633,0.0009915511931330786,0.0005812741026411431,0.0005739088119675244,0.0019958539374027116,0.0014058521362558096,-2.8870740839687206,0.0012969580109947123,0.564510186476388,0.49028628105706884,0.4947381123846719,0.4762290061191224,0.099,0.01,0.001,3.153595908390378,0.3014269861138208,-2.852060390861637,0,-0.30955026814649655,0,3.5615487283950085,0,6.789583588686813,0,,,,,
hea_ring,d4,4,MIDDLE,2,0,RY,10,11000,4000,0,0,0,0,0,0,0,0.0009757654041920353,0.0010221637923974248,0.0005579813499494949,0.0005929438498834886,0.00199792919658946,0.001414918124595804,-2.8893392014218158,0.0012902111732693263,0.5709084035947045,0.5019732429939945,0.5014897203833449,0.4928106164275794,0.09175,0.00725,0.00075,3.1507899945161126,0.30142563549704904,-2.849268727733312,0,-0.29931947078348575,0,3.5606045739762804,0,6.779627221453026,0,,,,,
hea_ring,d4,4,LATE,3,0,RY,10,11000,4000,0,0,0,0,0,0,0,0.0009898917655528532,0.0010020576069639,0.0005821004029373709,0.0005777736745334205,0.0019919493725167534,0.0014001231386023597,-2.883157169278964,0.0013087082214914777,0.5786355755974921,0.4983276000366258,0.5003684246888869,0.4905780676831919,0.09925,0.012,0.0015,3.1552557292416874,0.3014255814290747,-2.8538338613014513,0,-0.30248519917448946,0,3.557549895010416,0,6.771063229248092,0,,,,,
hea_ring,d4,4,EARLY,0,0,RY,10,11001,4000,0,0,0,0,0,0,0,0.00098995358571867,0.000981043275772461,0.0005696559309460855,0.0005747200482375296,0.0019709968614911306,0.001394069468171031,-2.8845541275138613,0.0013045053738200637,0.5523749675354148,0.4945255670904064,0.49876631098606966,0.4681763292369554,0.09775,0.00875,0.00075,3.1571502167625596,0.30142538094666116,-2.8557155875995286,0,-0.3058112652059452,0,3.544862204636103,0,6.771065773584945,0,,,,,
hea_ring,d4,4,MIDDLE,2,0,RY,10,11001,4000,0,0,0,0,0,0,0,0.0009830978196287913,0.0009671387418622873,0.0005678509537552219,0.0005831698979973935,0.0019502365614910788,0.0014153200576135405,-2.8914397388793334,0.0012839859193226075,0.5544632974619188,0.4944840022296763,0.4963147449232197,0.4832207771450362,0.103,0.00775,0.00025,3.150541771050742,0.30142217743794264,-2.8491453411470395,0,-0.3058477562997712,0,3.5643836907012876,0,6.8198031254728395,0,,,,,
hea_ring,d4,4,LATE,3,0,RY,10,11001,4000,0,0,0,0,0,0,0,0.000984462444189377,0.0009613979084318016,0.0005623952814069908,0.0005448428110265166,0.0019458603526211786,0.001392755331897541,-2.8909709881968926,0.001285372522717774,0.5659922685192527,0.5223925486304922,0.5144018725366837,0.451718803101992,0.08975,0.0115,0.00175,3.157487407203923,0.3014262206405258,-2.856125170360536,0,-0.28200304383532104,0,3.5254868254904164,0,6.762601102514004,0,,,,,
hea_ring,d4,4,EARLY,0,0,RY,10,11002,4000,0,0,0,0,0,0,0,0.0009800315483864228,0.0009773049005891577,0.0005721183346272666,0.0005693722847678656,0.0019573364489755803,0.0013848330041071864,-2.8928895969328794,0.0012797065801646024,0.5580878484878276,0.4925365002326105,0.4934919596117492,0.4788789086779065,0.11,0.011,0.00175,3.1600781333216252,0.3014180685507679,-2.858602621818253,0,-0.3075616013721649,0,3.563878657049705,0,6.804165314729314,0,,,,,
hea_ring,d4,4,MIDDLE,2,0,RY,10,11002,4000,0,0,0,0,0,0,0,0.0009719329915107146,0.0009938608099369051,0.0005451495343144884,0.0005803158337529324,0.0019657938014476196,0.0013463337831583484,-2.898201158673259,0.0012641506762611568,0.5722822594286616,0.49439149508530933,0.4974381677494669,0.4748428039158589,0.09625,0.01175,0.00075,3.172275639788516,0.3014130140718434,-2.870847298736919,0,-0.30592901079965784,0,3.5767320714646207,0,6.826333389424294,0,,,,,
hea_ring,d4,4,LATE,3,0,RY,10,11002,4000,0,0,0,0,0,0,0,0.0009741266041985712,0.0009783340411575981,0.0005401650345903349,0.0005606705865219602,0.0019524606453561692,0.0013587287605331937,-2.8936520736018876,0.0012774618121347621,0.5704262803684021,0.5095877578321153,0.5059825501340455,0.47330189969778647,0.09525,0.008,0.0005,3.1683030448090275,0.30141614876471223,-2.866867255091663,0,-0.2927811147213021,0,3.5451306744131905,0,6.775608567293293,0,,,,,
hea_ring,d4,4,EARLY,0,0,RY,10,11003,4000,0,0,0,0,0,0,0,0.0009724276770733711,0.0010090891370370554,0.00055248765048384,0.0005762798504656658,0.0019815168141104266,0.0013779893891502637,-2.8901268968854055,0.001287873191914364,0.5666273925077596,0.4997496430280502,0.4981525667958927,0.4651355751827221,0.09475,0.0085,0.00025,3.1622572497819763,0.30142051258881497,-2.8607541377625783,0,-0.3012475513816161,0,3.5585873213270185,0,6.78039316696915,0,,,,,
hea_ring,d4,4,MIDDLE,2,0,RY,10,11003,4000,0,0,0,0,0,0,0,0.0009782178750718754,0.0009927643762540873,0.0005823262107045324,0.0005800639803817541,0.0019709822513259627,0.0014158307859915204,-2.8882156166019324,0.0012935534643029713,0.5491713015018536,0.4924861469958667,0.49302716257617135,0.4810392472681464,0.106,0.01275,0.001,3.1505338093346915,0.3014226369098232,-2.84898865321856,0,-0.3076060098177048,0,3.5713997457883497,0,6.791688187285075,0,,,,,
hea_ring,d4,4,LATE,3,0,RY,10,11003,4000,0,0,0,0,0,0,0,0.000991373085159121,0.0009675543086019981,0.0005687800059765361,0.0005713925298126581,0.001958927393761119,0.0014122375335811322,-2.888645240294135,0.0012922744555956972,0.5442192239247312,0.49690983022444235,0.5013100483553986,0.4709241521713445,0.10075,0.00975,0.0005,3.1515304750779833,0.30143270247136966,-2.8500922532954442,0,-0.3037224116803249,0,3.559497099844763,0,6.783603749431148,0,,,,,
hea_ring,d4,4,EARLY,0,0,RY,10,11004,4000,0,0,0,0,0,0,0,0.0009915008755599594,0.0009806636492911748,0.0005731590283139091,0.0005689799007857668,0.0019721645248511346,0.001411310278902205,-2.884663195408093,0.0013041778039437736,0.5602759016456669,0.5012567146963358,0.49915816062889884,0.48524686546060664,0.1035,0.0125,0.00125,3.151926609008618,0.3014225004530149,-2.850377495639643,0,-0.2999397968230292,0,3.547589627245232,0,6.787801797471897,0,,,,,
hea_ring,d4,4,MIDDLE,2,0,RY,10,11004,4000,0,0,0,0,0,0,0,0.0009854620620925497,0.0009965682590403666,0.0005748044239883856,0.0005605226465966746,0.0019820303211329163,0.0014066624705888374,-2.8922953674906378,0.0012814587548692154,0.5623936047807869,0.5024859348706945,0.4989493757545142,0.49199171833089145,0.1095,0.00975,0.00125,3.1533718043669356,0.30142637794919724,-2.8518101374418334,0,-0.2988761281383915,0,3.570220961762275,0,6.785430877591221,0,,,,,
hea_ring,d4,4,LATE,3,0,RY,10,11004,4000,0,0,0,0,0,0,0,0.0009561421511191918,0.0010014485588724826,0.000561482753345269,0.0005749327053502205,0.0019575907099916743,0.001402269016189936,-2.88938547271318,0.0012900737168672577,0.5545536936939648,0.48736135552174364,0.49342976511031134,0.49753139060954976,0.113,0.01,0.001,3.1546254079208005,0.3014242651416863,-2.853168661867734,0,-0.3121489132957056,0,3.5745973801300366,0,6.813471112817584,0,,,,,
hea_ring,d4,4,EARLY,0,0,RY,10,11005,4000,0,0,0,0,0,0,0,0.001011862586681194,0.0009838723733191384,0.0005833989176227673,0.0005451240801017037,0.001995734960000332,0.0014098602997650695,-2.8826147602423293,0.0013103437445390008,0.5570317361658637,0.5021415104520014,0.5009572489139279,0.48352208254642975,0.10625,0.0105,0.00125,3.152203097766046,0.30143560115713464,-2.850823936041503,0,-0.29917396303859956,0,3.5440808292958668,0,6.7585657137696105,0,,,,,
hea_ring,d4,4,MIDDLE,2,0,RY,10,11005,4000,0,0,0,0,0,0,0,0.0009982041089271908,0.001018165791099426,0.0005791904865274046,0.0005850224250269691,0.0020163699000266167,0.0013893737457390048,-2.8853260331109722,0.001302188833542947,0.5506529519545462,0.4851951612317501,0.4942776893875177,0.49298577757088385,0.1025,0.01275,0.0015,3.1587288506665985,0.3014194102636687,-2.8571809120177307,0,-0.3140835495479848,0,3.565597058960692,0,6.793316372913963,0,,,,,
hea_ring,d4,4,LATE,3,0,RY,10,11005,4000,0,0,0,0,0,0,0,0.000992559589034898,0.0009852613785251145,0.0005814538032994861,0.0005717733769514088,0.0019778209675600125,0.0014191377231171011,-2.885366745338748,0.0013020667676964257,0.5532077762995771,0.5035574283283233,0.501967176873228,0.47900442961633277,0.09775,0.00825,0.001,3.1494774097793803,0.3014304112489856,-2.847975513393397,0,-0.2979510261089175,0,3.549795839263828,0,6.768428353038237,0,,,,,
hea_ring,d4,4,EARLY,0,0,RY,10,11006,4000,0,0,0,0,0,0,0,0.000987695416999725,0.0009717105533018799,0.0005416639560945811,0.0005651750615688446,0.0019594059703016047,0.001379518339143761,-2.896214326570371,0.001269947225020904,0.5684806105351514,0.5082983793949171,0.509150227005919,0.45226110549455945,0.0905,0.00875,0.0,3.1617473442520136,0.30142008263493825,-2.8602725342201705,0,-0.2938812824266006,0,3.530695985532554,0,6.7633134256695735,0,,,,,
hea_ring,d4,4,MIDDLE,2,0,RY,10,11006,4000,0,0,0,0,0,0,0,0.0009421726856989398,0.00098702017970886,0.0005509323038878056,0.0005679822648087901,0.0019291928654077998,0.0013643065780414756,-2.896168318451902,0.0012700817673183013,0.5516100340942125,0.4935413186508094,0.4934573769408503,0.493311073618124,0.10075,0.01175,0.00225,3.1665099311820812,0.3014151045945974,-2.865088149325301,0,-0.3066765261309567,0,3.572968222282788,0,6.825913770521224,0,,,,,
hea_ring,d4,4,LATE,3,0,RY,10,11006,4000,0,0,0,0,0,0,0,0.000969604775793595,0.000972729699629201,0.0005634375148693334,0.0005713602486507383,0.001942334475422796,0.0014097122536357537,-2.8936571309968486,0.0012774469360735095,0.5723512806889532,0.49843670935188344,0.4959795717864717,0.482791696254981,0.10725,0.00825,0.001,3.1522544147627687,0.30142574509244624,-2.850869527648384,0,-0.3023900121748544,0,3.5540139301585643,0,6.80191830433095,0,,,,,
hea_ring,d4,4,EARLY,0,0,RY,10,11007,4000,0,0,0,0,0,0,0,0.0009789717257648294,0.0009809289994988741,0.0005708859182459842,0.0005632984266479152,0.001959900725263703,0.0013888324392737875,-2.8866509419494064,0.001298222279581496,0.5632563894563476,0.49665849693718633,0.49904647211757724,0.4826766704169686,0.096,0.01125,0.00075,3.1587411567884955,0.3014213226107707,-2.8573501616511408,0,-0.3039421432302949,0,3.5632041464533146,0,6.796882876772456,0,,,,,
hea_ring,d4,4,MIDDLE,2,0,RY,10,11007,4000,0,0,0,0,0,0,0,0.0009784695932576408,0.0009848415227666158,0.0005617931266643323,0.0005597332850726798,0.0019633111160242567,0.001391050473527678,-2.8926813232366166,0.0012803204335528886,0.5717051149729064,0.4902029721936632,0.49797423119200684,0.4880650908832782,0.10175,0.01425,0.00125,3.1581120264772773,0.3014171938497776,-2.8566571115897776,0,-0.30962416379388435,0,3.584316389086888,0,6.831469496641025,0,,,,,
hea_ring,d4,4,LATE,3,0,RY,10,11007,4000,0,0,0,0,0,0,0,0.0009718605905014508,0.0009947026047983007,0.0005701550796029149,0.0005573977188576984,0.0019665631952997514,0.001413637440039163,-2.8872120090025026,0.0012965461831158356,0.5612909878724239,0.5045625242402072,0.5024402529259622,0.4876563204763267,0.10275,0.0115,0.0015,3.1511623870534713,0.3014235920829442,-2.8496619706205513,0,-0.297085015210258,0,3.552934550967466,0,6.778589789295063,0,,,,,
hea_ring,d4,4,EARLY,0,0,RY,10,11008,4000,0,0,0,0,0,0,0,0.0009703986250986552,0.000951901805070387,0.0005649108640386818,0.0005359856432394143,0.0019223004301690421,0.0013726357668894249,-2.9026122172014737,0.0012513758886694248,0.5714734400289334,0.5017079843576058,0.49960496236408897,0.46251303611640115,0.10275,0.01025,0.00125,3.1638776547279854,0.3014183875888172,-2.862444699300637,0,-0.299548991118748,0,3.5914670738962453,0,6.818831079578601,0,,,,,
hea_ring,d4,4,MIDDLE,2,0,RY,10,11008,4000,0,0,0,0,0,0,0,0.0009756429811547718,0.0009841592804462707,0.0005677735226013315,0.0005526739078444571,0.0019598022616010425,0.0013451641645788287,-2.8951826229444597,0.001272967679347099,0.5605732755221848,0.4946038038721703,0.4965700829787481,0.48949673301284524,0.109,0.00975,0.001,3.1726942779859644,0.30141038544633547,-2.871224710965367,0,-0.3057425479501328,0,3.570678169536996,0,6.832721855474805,0,,,,,
hea_ring,d4,4,LATE,3,0,RY,10,11008,4000,0,0,0,0,0,0,0,0.0009537291467043339,0.000970355676520613,0.0005403953501929399,0.0005695128087028938,0.0019240848232249467,0.001385855485060584,-2.900562394492931,0.0012572962073685698,0.5618530395195518,0.5042605369789369,0.504249700686683,0.47883027465062655,0.09975,0.00925,0.0005,3.159732638706404,0.3014184447953119,-2.858282059343341,0,-0.29734502450118405,0,3.566845252547301,0,6.796360032013176,0,,,,,
hea_ring,d4,4,EARLY,0,0,RY,10,11009,4000,0,0,0,0,0,0,0,0.0009692252894193138,0.0009852879136118052,0.0005633938686778691,0.0005700527150712244,0.001954513203031119,0.0014014285226690748,-2.8923379828278324,0.0012813330173339769,0.5608374431375576,0.5030237411948895,0.5027666039327253,0.48024944962726857,0.105,0.013,0.00125,3.1548108135312,0.30142719205220625,-2.85342913536354,0,-0.29841152232350965,0,3.547966945991525,0,6.774405045189546,0,,,,,
hea_ring,d4,4,MIDDLE,2,0,RY,10,11009,4000,0,0,0,0,0,0,0,0.0009605653025664832,0.0009960353299166582,0.0005805629118238177,0.0005940018462970807,0.001956600632483141,0.0013829748444791003,-2.888610530596874,0.0012923777409227706,0.5590802387704357,0.498866847641869,0.502232238778189,0.4634868902202468,0.09775,0.00925,0.0015,3.1605185551442094,0.3014255093414917,-2.8591857196548043,0,-0.30201536807842877,0,3.555976475275436,0,6.773626285452355,0,,,,,
hea_ring,d4,4,LATE,3,0,RY,10,11009,4000,0,0,0,0,0,0,0,0.0009784591844197788,0.0009617068527735914,0.0005846379975224732,0.000535782582217444,0.0019401660371933702,0.001388049624730165,-2.891447287328761,0.0012839636026251745,0.5614457968529432,0.5005219784815866,0.5029756788004616,0.4689357079551579,0.0955,0.00825,0.0015,3.1589390976961877,0.30141808064715514,-2.85759503277572,0,-0.3005770224834856,0,3.5429664900759397,0,6.769152636975705,0,,,,,
hea_ring,d4,4,EARLY,0,0,RY,12,11000,4000,0,0,0,0,0,0,0,0.00024413947913269,0.00024084475192523314,0.0001324989103695544,0.00012603441169326882,0.0004849842310579231,0.0003169575282172801,-3.5306717563590655,0.00029466478951256913,0.6056203063854659,0.4920116088589044,0.49781640240614883,0.490830753386874,0.11,0.0075,0.001,3.800141474371202,0.30111879670661645,-3.498998943362353,0,-0.308024667257074,0,4.214432462083709,0,8.09538109311321,0,,,,,
hea_ring,d4,4,MIDDLE,2,0,RY,12,11000,4000,0,0,0,0,0,0,0,0.00023858621041633282,0.00024257185016760176,0.000126993008900046,0.00012556346555513159,0.0004811580605839345,0.00030241063772430037,-3.5381178698787346,0.0002896557339632363,0.6136262635117671,0.5011148311025388,0.5055194195664076,0.45553930959196437,0.09625,0.012,0.0015,3.8205257902169842,0.3011160037774394,-3.519402972512659,0,-0.30006275339102867,0,4.20796139762224,0,8.104058452017854,0,,,,,
hea_ring,d4,4,LATE,3,0,RY,12,11000,4000,0,0,0,0,0,0,0,0.00024220504593813036,0.00024212354399348908,0.00012576378643575878,0.00012949449228535353,0.0004843285899316194,0.0003109556645319279,-3.5320832334497245,0.0002937086699182246,0.6004527257138297,0.5051490279403477,0.5028325107519775,0.4652328303289339,0.10475,0.008,0.0005,3.8084226685282987,0.3011181854691847,-3.507301528938772,0,-0.2965805108633527,0,4.209228313386646,0,8.069351515351556,0,,,,,
hea_ring,d4,4,EARLY,0,0,RY,12,11001,4000,0,0,0,0,0,0,0,0.0002431225016989754,0.00024493662634649134,0.00013099109190442987,0.00012634760845200562,0.0004880591280454668,0.00031789626828162534,-3.5286222576769664,0.00029605864172275,0.6049603351087529,0.5008196473618374,0.5059491931152996,0.46715611274860447,0.09775,0.0095,0.001,3.798848686852952,0.3011185563596377,-3.4977145702166044,0,-0.3003186715053736,0,4.187905044781351,0,8.061317983561224,0,,,,,
hea_ring,d4,4,MIDDLE,2,0,RY,12,11001,4000,0,0,0,0,0,0,0,0.00023839124268138282,0.0002496632906095126,0.00012491853863383427,0.00012596300905399154,0.00048805453329089536,0.0003169328329563184,-3.532192857146296,0.00029363454195162315,0.6152854219682498,0.4920508463857305,0.4997815354663196,0.4693591634957304,0.0955,0.01175,0.002,3.80015191878584,0.3011198901772998,-3.4990327679126647,0,-0.30799002530160147,0,4.220966494543823,0,8.104039854550045,0,,,,,
hea_ring,d4,4,LATE,3,0,RY,12,11001,4000,0,0,0,0,0,0,0,0.0002507426683405457,0.00024079553421576722,0.0001356246572887635,0.00012328012069210719,0.0004915382025563129,0.00031988667717632046,-3.524919959524172,0.00029859328756585686,0.5953166828770229,0.5088031034500983,0.5066493595408662,0.4676267321893949,0.1015,0.011,0.0015,3.7961141320800773,0.3011213532252299,-3.4950038487593993,0,-0.29345025121380225,0,4.180943398960813,0,8.040248172803043,0,,,,,
hea_ring,d4,4,EARLY,0,0,RY,12,11002,4000,0,0,0,0,0,0,0,0.00024809889044772666,0.0002481675934163967,0.0001326334108087793,0.0001281075373406857,0.0004962664838641233,0.000319690281083654,-3.522683418563154,0.00030013495726284557,0.6183668704028271,0.509156410278746,0.5051660846550118,0.47068203724996116,0.0975,0.01225,0.00075,3.7964039874700037,0.30112265063703636,-3.495270573828471,0,-0.2931487846026116,0,4.183827049596368,0,8.061998930533212,0,,,,,
hea_ring,d4,4,MIDDLE,2,0,RY,12,11002,4000,0,0,0,0,0,0,0,0.00024790201515845304,0.0002395593548893183,0.00013048565347048802,0.00012622692216641615,0.0004874613700477714,0.00031602519082962635,-3.530766219253077,0.0002946007042824028,0.6131986102824563,0.507347133429123,0.5012380088890233,0.47179088549391895,0.10175,0.01075,0.0005,3.801394887152826,0.30111946099403375,-3.5002783018590984,0,-0.2946948205369345,0,4.209241755205149,0,8.086603303549056,0,,,,,
hea_ring,d4,4,LATE,3,0,RY,12,11002,4000,0,0,0,0,0,0,0,0.0002459270625427131,0.00024665000346902824,0.00012636643950549362,0.0001302732034060788,0.0004925770660117413,0.0003160719968582969,-3.5229736555106466,0.00029993444549891995,0.6151353618279511,0.5090168019878962,0.5073298866274615,0.4572835856465339,0.0975,0.012,0.00125,3.80131864115147,0.3011207069635988,-3.5002139808937276,0,-0.2932678955188214,0,4.18237929115059,0,8.064896142964216,0,,,,,
hea_ring,d4,4,EARLY,0,0,RY,12,11003,4000,0,0,0,0,0,0,0,0.0002405177134687964,0.00025027204860738765,0.00012402108874663134,0.00013429809438808142,0.000490789762076184,0.00032506830745078805,-3.5294825978832276,0.0002954727281600079,0.6137015826527694,0.5129524600743015,0.5053694789543033,0.46378870192159294,0.0905,0.00925,0.00025,3.7891581806254484,0.3011215959223037,-3.4880253749240593,0,-0.28992289881126143,0,4.2018474537506645,0,8.073650157685755,0,,,,,
hea_ring,d4,4,MIDDLE,2,0,RY,12,11003,4000,0,0,0,0,0,0,0,0.00024364666296782566,0.00024389815136117909,0.00012689098364922213,0.0001329112428828901,0.00048754481432900475,0.0003229102584872822,-3.5309168662710118,0.00029449853162540925,0.6123237675701723,0.4869695849058048,0.4952797449280939,0.4770095127858699,0.10275,0.01,0.00175,3.792021092326654,0.3011209138030224,-3.490918225813594,0,-0.31249818159678067,0,4.211728812167822,0,8.103139251421076,0,,,,,
hea_ring,d4,4,LATE,3,0,RY,12,11003,4000,0,0,0,0,0,0,0,0.00023339644019955026,0.0002442867881638624,0.00012251577580003176,0.00012469382504069586,0.00047768322836341267,0.00031275266603982335,-3.5353737542171007,0.00029149173537828865,0.6014469104257323,0.5179306601269591,0.5124028275650953,0.4461253198709117,0.09025,0.0105,0.0005,3.8059085618198147,0.30111851145668855,-3.5047989833921136,0,-0.2857283799337177,0,4.1766729507163864,0,8.069932354107339,0,,,,,
hea_ring,d4,4,EARLY,0,0,RY,12,11004,4000,0,0,0,0,0,0,0,0.0002469361159397937,0.0002368259657322766,0.00012631086904876806,0.00012826286972862492,0.00048376208167207025,0.00031518528550529253,-3.5325413472430296,0.0002933990158525215,0.6060681940716242,0.5013209700776758,0.5055060029574135,0.4642758963203765,0.09825,0.0105,0.00075,3.8025359523992024,0.3011192012457211,-3.5014340717370844,0,-0.2998841306759721,0,4.204346989641434,0,8.087524801764921,0,,,,,
hea_ring,d4,4,MIDDLE,2,0,RY,12,11004,4000,0,0,0,0,0,0,0,0.00023351362586964986,0.0002448239747573034,0.00012694167085781823,0.00012744902907951296,0.00047833760062695324,0.00030225257332347185,-3.535714968616532,0.0002912628074970697,0.6108424803736523,0.4852618643775486,0.4913006588623788,0.47373122814908475,0.1015,0.01125,0.0005,3.820756560056722,0.30111555702671455,-3.519629996858355,0,-0.31402386030211316,0,4.233259230395644,0,8.133657066441181,0,,,,,
hea_ring,d4,4,LATE,3,0,RY,12,11004,4000,0,0,0,0,0,0,0,0.00023856877727187326,0.00025040989437384586,0.0001251358992625797,0.00012788204827673537,0.0004889786716457191,0.0003111769998146867,-3.5307855777932393,0.0002945875728411811,0.6202998143409224,0.5086833949418668,0.5037554051485196,0.4795691898527032,0.1035,0.012,0.00075,3.808139833334411,0.3011182149722007,-3.5069925110185767,0,-0.2935524602104029,0,4.202411536000749,0,8.113421904900006,0,,,,,
hea_ring,d4,4,EARLY,0,0,RY,12,11005,4000,0,0,0,0,0,0,0,0.0002448015367292968,0.00024001267672567778,0.00012323248839837792,0.00012667896568120522,0.0004848142134549746,0.00030596704194608124,-3.537845191306387,0.0002898376559443323,0.6178444803383205,0.5014374649026769,0.5040327190571471,0.4732465293686532,0.101,0.00925,0.00075,3.815446371544871,0.30111819921435123,-3.5143253537485273,0,-0.2997832342458232,0,4.207740433860902,0,8.105088265449758,0,,,,,
hea_ring,d4,4,MIDDLE,2,0,RY,12,11005,4000,0,0,0,0,0,0,0,0.00024654472711652055,0.00023780760400769974,0.00012530656396541568,0.0001277886502089335,0.0004843523311242203,0.0003103987209998293,-3.5348132548848183,0.00029186817672103156,0.5974505101772221,0.503963577733959,0.49818836822932,0.4634514787057524,0.10375,0.00975,0.001,3.809190930917734,0.30111636673274456,-3.5080803828216114,0,-0.29760085160090244,0,4.2099379399523915,0,8.107188213322733,0,,,,,
hea_ring,d4,4,LATE,3,0,RY,12,11005,4000,0,0,0,0,0,0,0,0.00024702843089148584,0.000239312234209989,0.00012815005289924434,0.00012845490171504444,0.00048634066510147485,0.0003204557033958555,-3.5316380446048146,0.00029400990069546767,0.6127194886488398,0.5071289767975184,0.5037248588244899,0.46526636301137536,0.0925,0.00925,0.0025,3.7953405551769785,0.3011199942575764,-3.4942319982839525,0,-0.2948815826580679,0,4.203011843826204,0,8.071163591337864,0,,,,,
hea_ring,d4,4,EARLY,0,0,RY,12,11006,4000,0,0,0,0,0,0,0,0.00023669437322586956,0.00024096557079466213,0.00012766539202802555,0.00013209438020997779,0.0004776599440205317,0.00031709746362467307,-3.532108217433865,0.00029369177400544806,0.5950436818058886,0.496639780057646,0.49555225150995397,0.47128188530169524,0.10225,0.01,0.001,3.7999098401904954,0.30111867990745256,-3.498807252202085,0,-0.30395849722527724,0,4.216521354381859,0,8.094420330324759,0,,,,,
hea_ring,d4,4,MIDDLE,2,0,RY,12,11006,4000,0,0,0,0,0,0,0,0.0002456279146784322,0.00024027958843324729,0.00013086743830540858,0.00012929463408401567,0.00048590750311167954,0.0003189242662917336,-3.52764185629669,0.000296727736496946,0.6072778362435356,0.4795415577219576,0.4898579218608821,0.49209666552462716,0.11025,0.01175,0.00175,3.7974299661135653,0.30111827420649995,-3.49631243726252,0,-0.3191737509653989,0,4.238680541850989,0,8.117125497911907,0,,,,,
hea_ring,d4,4,LATE,3,0,RY,12,11006,4000,0,0,0,0,0,0,0,0.00024117401734044625,0.00023509510426712426,0.00012914020455998047,0.0001251091254691884,0.0004762691216075705,0.0003147453585032161,-3.5354828629926143,0.0002914185124550291,0.5989817277347167,0.49647231219308485,0.5038183634755591,0.4549535672374594,0.093,0.0075,0.0015,3.8031788935157476,0.30111835529504116,-3.502040668443067,0,-0.30410496834466844,0,4.226989181483075,0,8.08843642069208,0,,,,,
hea_ring,d4,4,EARLY,0,0,RY,12,11007,4000,0,0,0,0,0,0,0,0.0002498404397625137,0.00024932754609502237,0.0001312299083546386,0.0001302582067527986,0.000499167985857536,0.00032834980929515175,-3.527297893899608,0.00029696283875039597,0.626940750166094,0.5039905671819532,0.49815395807078283,0.4811439770834619,0.10525,0.0115,0.00025,3.7847955279714802,0.3011229754367486,-3.4836632811300596,0,-0.2975775936607534,0,4.199535153264342,0,8.090646011443923,0,,,,,
hea_ring,d4,4,MIDDLE,2,0,RY,12,11007,4000,0,0,0,0,0,0,0,0.0002478296500470584,0.0002471383111781325,0.00012843905744905874,0.00012988940312012788,0.0004949679612251908,0.000319453524671548,-3.5258542774490533,0.0002979516004271715,0.6253408769163267,0.5023918840469693,0.497210259782376,0.47319858647811763,0.104,0.0105,0.0015,3.796698883267558,0.3011183875556316,-3.4955923183500364,0,-0.2989573852626253,0,4.214186326739203,0,8.1074077975602,0,,,,,
hea_ring,d4,4,LATE,3,0,RY,12,11007,4000,0,0,0,0,0,0,0,0.0002458738165624821,0.0002511240501804207,0.00013300927756528484,0.0001278255222232715,0.0004969978667429028,0.0003262603562803806,-3.518515105483188,0.0003030294897267312,0.6132306866057049,0.5095083775168472,0.5035917230842258,0.46834493217636525,0.09325,0.01,0.00075,3.7875565350829383,0.3011217507818984,-3.486435705747274,0,-0.2928488273388,0,4.196656303835454,0,8.048897985317558,0,,,,,
hea_ring,d4,4,EARLY,0,0,RY,12,11008,4000,0,0,0,0,0,0,0,0.0002489664527432263,0.0002455479252371581,0.0001259064724065484,0.0001318118839795697,0.0004945143779803843,0.00031785469798793525,-3.528641739040712,0.00029604536157075385,0.6018702322982765,0.49887076366712313,0.5009295002901104,0.48705062953367884,0.097,0.0125,0.002,3.798892297013853,0.3011195940270077,-3.497771373474542,0,-0.3020119561172356,0,4.212797574585219,0,8.06414369983813,0,,,,,
hea_ring,d4,4,MIDDLE,2,0,RY,12,11008,4000,0,0,0,0,0,0,0,0.0002400329110323849,0.00025743810863871974,0.00012897630867222826,0.00013931717785428842,0.0004974710196711047,0.00032657387124230153,-3.522413094769466,0.00030032183248101255,0.6096166498457212,0.4860557757787558,0.4930442024045487,0.46752582705297147,0.0995,0.01125,0.0015,3.7871323868274724,0.3011206436662255,-3.486018649085608,0,-0.3133138918018004,0,4.201773673057442,0,8.079679251774174,0,,,,,
hea_ring,d4,4,LATE,3,0,RY,12,11008,4000,0,0,0,0,0,0,0,0.00025028996187279805,0.0002486492175635224,0.00013294674358540782,0.00013462335405249663,0.0004989391794363205,0.0003276162550242478,-3.5169488038440297,0.00030412435169927893,0.601538723037589,0.4887274698062094,0.4926663446549594,0.48829090854959933,0.10825,0.00725,0.00075,3.785742309814765,0.3011212436118518,-3.484634643583859,0,-0.31093330386233764,0,4.216318725443513,0,8.067147636609452,0,,,,,
hea_ring,d4,4,EARLY,0,0,RY,12,11009,4000,0,0,0,0,0,0,0,0.0002312664556203576,0.0002344142438471829,0.00012595314704958387,0.0001268603581050111,0.0004656806994675405,0.00030717445130481135,-3.5417633033184175,0.000287234562479873,0.5912197216029775,0.5029391670446672,0.4951798833459149,0.4886348667034535,0.10175,0.01375,0.00075,3.81374510912908,0.30111644409110916,-3.5126149090008827,0,-0.298484541829668,0,4.215121111702384,0,8.10992644285834,0,,,,,
hea_ring,d4,4,MIDDLE,2,0,RY,12,11009,4000,0,0,0,0,0,0,0,0.00023010847461133816,0.00023702936952089902,0.00012063226878353416,0.00012800194346134126,0.00046713784413223716,0.00030419702455521623,-3.5472800180191686,0.0002836089826446765,0.6048150507007763,0.48495111935382085,0.4916044183684003,0.4838477696849337,0.102,0.01375,0.00125,3.8179545140183,0.3011143993463514,-3.5168450536301616,0,-0.31430203471616713,0,4.255117624415158,0,8.136496638192245,0,,,,,
hea_ring,d4,4,LATE,3,0,RY,12,11009,4000,0,0,0,0,0,0,0,0.0002373154625475631,0.0002361599445127613,0.0001248580939683889,0.0001279622469316257,0.0004734754070603244,0.0003174299813191226,-3.5360283943261255,0.0002910526820577599,0.6063193944249958,0.49904094147365885,0.5002257682920684,0.4887443594289186,0.105,0.0105,0.001,3.799507275717782,0.301119523654662,-3.498352120840015,0,-0.30186383871988176,0,4.21118229099382,0,8.087389660442865,0,,,,,
hea_ring,d4,4,EARLY,0,0,RY,14,11000,4000,0,0,0,0,0,0,0,6.14500030013026e-05,6.10053501559943e-05,2.8602858046980295e-05,2.8508572990104954e-05,0.0001224553531572969,7.215755079745202e-05,-4.171324262201186,6.740245851761159e-05,0.6660332725067031,0.523366075760655,0.5162939077534658,0.45507747227736073,0.09175,0.01325,0.0015,4.442772882947581,0.30105024114816503,-4.141718233862422,0,-0.2811944777330273,0,4.829272598722399,0,9.356810065579609,0,,,,,
hea_ring,d4,4,MIDDLE,2,0,RY,14,11000,4000,0,0,0,0,0,0,0,6.127271717643484e-05,6.130763431935747e-05,2.81266639830602e-05,2.8176550935436956e-05,0.0001225803514957923,7.038476314919124e-05,-4.1772377868364305,6.649090026001e-05,0.6737452521986991,0.49159170972433575,0.49661459581692563,0.4908970609350027,0.10775,0.013,0.0015,4.453568950328721,0.30104963267999585,-4.152521352497578,0,-0.3083954504439325,0,4.883354570524386,0,9.410214854952116,0,,,,,
hea_ring,d4,4,LATE,3,0,RY,14,11000,4000,0,0,0,0,0,0,0,6.145405125891227e-05,6.117501244687727e-05,2.8064648036938213e-05,2.8390812470405608e-05,0.00012262906370578953,7.169269717698188e-05,-4.172256350174404,6.725795368536784e-05,0.6729425555246653,0.5040675320986898,0.5038389016410171,0.4749388743174837,0.10225,0.014,0.001,4.44557228471975,0.30105048342265883,-4.144525087157584,0,-0.29751130770436535,0,4.843195835701074,0,9.361188757080054,0,,,,,
hea_ring,d4,4,EARLY,0,0,RY,14,11001,4000,0,0,0,0,0,0,0,6.320262819022186e-05,6.0747960582347734e-05,3.102702557903555e-05,2.9452538712233736e-05,0.00012395058877256958,7.339186682605115e-05,-4.1569565391351535,6.966962306441004e-05,0.6677626696311285,0.4883629452274441,0.49389906860804833,0.48767337623093837,0.1035,0.00975,0.0005,4.435398737283136,0.3010507083665339,-4.134352136737034,0,-0.3112573282468407,0,4.8585163542410985,0,9.356386458710038,0,,,,,
hea_ring,d4,4,MIDDLE,2,0,RY,14,11001,4000,0,0,0,0,0,0,0,6.198455758683523e-05,6.278338445857973e-05,3.0302034541203115e-05,3.098796376032581e-05,0.00012476794204541498,7.473639995288469e-05,-4.155383053045178,6.992249989410524e-05,0.6486803149617177,0.48810938755341027,0.49512105466218387,0.4883193914116066,0.10375,0.01,0.001,4.42751905099178,0.30105085252374186,-4.126468003117364,0,-0.3114828398262973,0,4.852339390072853,0,9.35532467091916,0,,,,,
hea_ring,d4,4,LATE,3,0,RY,14,11001,4000,0,0,0,0,0,0,0,6.352945982412403e-05,6.225839733785755e-05,2.9951038910639195e-05,2.946743087957921e-05,0.0001257878571619816,7.381143766661427e-05,-4.151374252692339,7.057091482338954e-05,0.6598213901640362,0.5080485584272483,0.5107199578827302,0.4621397585277806,0.09475,0.00875,0.00075,4.432928332886522,0.3010511877045077,-4.131876336792443,0,-0.2940947767375247,0,4.8051455318649685,0,9.293123838434003,0,,,,,
hea_ring,d4,4,EARLY,0,0,RY,14,11002,4000,0,0,0,0,0,0,0,6.212925364878674e-05,6.1031129662797784e-05,3.088852021102124e-05,3.009620465114193e-05,0.00012316038331158452,7.591538633345475e-05,-4.151215779384866,7.059667072736044e-05,0.652325846646288,0.5002100578518349,0.4993653099802332,0.4924731173032284,0.10575,0.01075,0.00075,4.420724392080186,0.3010508547952928,-4.119670194065751,0,-0.3008475847222833,0,4.8293466106421725,0,9.323002237121926,0,,,,,
hea_ring,d4,4,MIDDLE,2,0,RY,14,11002,4000,0,0,0,0,0,0,0,6.146019370851263e-05,6.173330535544941e-05,2.954427240475829e-05,2.970920947387839e-05,0.00012319349906396204,7.38663228822699e-05,-4.158563932626035,6.941224122159942e-05,0.6596325902415798,0.49756784717207386,0.49769093137141407,0.49635918456404976,0.09725,0.0145,0.00125,4.432607053305505,0.3010507944134573,-4.1315535274360276,0,-0.30314807019976364,0,4.857395193677654,0,9.355231142144035,0,,,,,
hea_ring,d4,4,LATE,3,0,RY,14,11002,4000,0,0,0,0,0,0,0,6.110150890903358e-05,6.285352962873178e-05,2.9470992217120878e-05,3.067914112862624e-05,0.00012395503853776535,7.521372775715833e-05,-4.151501922573343,7.055017208661305e-05,0.6486608800179514,0.5056139853778638,0.5039458279989245,0.4746720366190973,0.0955,0.00875,0.00125,4.4247537007803,0.301051375073242,-4.123702892995054,0,-0.29618098216483923,0,4.8208766396476,0,9.352898941772326,0,,,,,
hea_ring,d4,4,EARLY,0,0,RY,14,11003,4000,0,0,0,0,0,0,0,5.9026210645491264e-05,6.236444311646282e-05,2.828921527758802e-05,2.9429111241442164e-05,0.00012139065376195407,7.103239144028464e-05,-4.169023060516758,6.776055266136341e-05,0.6558506538789635,0.5045027656165986,0.49895557900944937,0.48117826990418955,0.097,0.01075,0.00075,4.449591191888592,0.3010504942067045,-4.148543570184574,0,-0.2971364490492,0,4.8433140973074575,0,9.344245791863871,0,,,,,
hea_ring,d4,4,MIDDLE,2,0,RY,14,11003,4000,0,0,0,0,0,0,0,5.982027775896867e-05,5.966163580058426e-05,2.9877108956173503e-05,2.976170682885396e-05,0.00011948191355955295,7.251587429793092e-05,-4.171811630539693,6.73268614277854e-05,0.6415146210930507,0.48377787210322554,0.4903451391616019,0.48373318610095306,0.10575,0.0115,0.001,4.440618734926222,0.30105018573719144,-4.13956691691295,0,-0.31535404448422477,0,4.87276472522097,0,9.4030539960809,0,,,,,
hea_ring,d4,4,LATE,3,0,RY,14,11003,4000,0,0,0,0,0,0,0,6.227738115557305e-05,6.021670674757737e-05,2.8922208467811815e-05,2.9186516123854336e-05,0.00012249408790315043,7.332812793852937e-05,-4.164809921602936,6.842110415569336e-05,0.6537702076942709,0.5103772067240435,0.504016102544459,0.47571075038128163,0.099,0.01025,0.0005,4.435777621488933,0.3010508959234479,-4.134729407901275,0,-0.29210873514287655,0,4.837065565862568,0,9.349499167853853,0,,,,,
hea_ring,d4,4,EARLY,0,0,RY,14,11004,4000,0,0,0,0,0,0,0,6.066246582335826e-05,6.306463556620804e-05,2.9509438126072827e-05,2.9445768905319576e-05,0.0001237271013895663,7.293815427132195e-05,-4.162393121165652,6.88029213821235e-05,0.6611450382543724,0.4947398864879867,0.49868470156519223,0.4859085280807832,0.10025,0.00925,0.001,4.438091988605684,0.30105066938111413,-4.137045240952039,0,-0.3056230801182842,0,4.855395980971352,0,9.357907093276602,0,,,,,
hea_ring,d4,4,MIDDLE,2,0,RY,14,11004,4000,0,0,0,0,0,0,0,5.998480645413044e-05,5.976246302277903e-05,3.0488867382787703e-05,2.8812352169688994e-05,0.00011974726947690945,7.105192864168876e-05,-4.170209335521948,6.757571732353624e-05,0.6458797717865106,0.4846189312899955,0.49141196952248367,0.49470939919055346,0.10275,0.0095,0.0005,4.449470925317124,0.3010501567133499,-4.148424130426797,0,-0.31459962487294835,0,4.878313050164072,0,9.384598804018948,0,,,,,
hea_ring,d4,4,LATE,3,0,RY,14,11004,4000,0,0,0,0,0,0,0,6.063786732482818e-05,6.064364334594613e-05,3.0834739951539315e-05,2.8611378683291892e-05,0.00012128151067077431,7.582430171616512e-05,-4.161229502238812,6.898751440573209e-05,0.6527034890823469,0.5174894935726821,0.5078294015642921,0.4758314064268283,0.1045,0.00975,0.00025,4.421242533393034,0.30105090330415063,-4.120191605017549,0,-0.28609846873247224,0,4.820084798156495,0,9.320291704207056,0,,,,,
hea_ring,d4,4,EARLY,0,0,RY,14,11005,4000,0,0,0,0,0,0,0,5.9652025174112405e-05,5.828249899345088e-05,2.7634379329021875e-05,2.8362890199819472e-05,0.00011793452416756328,6.968721232254282e-05,-4.179758857320502,6.610604009276321e-05,0.6829687249355771,0.507230869704915,0.5044777365703568,0.47234848153200104,0.091,0.00925,0.00025,4.457897046230292,0.3010497918536119,-4.156847037867001,0,-0.2947943269156824,0,4.8617565706890336,0,9.378881141162228,0,,,,,
hea_ring,d4,4,MIDDLE,2,0,RY,14,11005,4000,0,0,0,0,0,0,0,6.0465386073550866e-05,5.902806826640601e-05,2.9497474381954013e-05,2.7952296113193555e-05,0.00011949345433995687,6.941291621960768e-05,-4.1736160267954485,6.704771370480856e-05,0.6551836797590118,0.4935277023614783,0.4952920437023277,0.48327017756566437,0.10525,0.011,0.00125,4.459607756941136,0.3010496289429949,-4.158559783783414,0,-0.3066884677708068,0,4.873747153903684,0,9.395969277263644,0,,,,,
hea_ring,d4,4,LATE,3,0,RY,14,11005,4000,0,0,0,0,0,0,0,5.9548023120101834e-05,5.996298103563755e-05,2.946551249247849e-05,2.8996617770657002e-05,0.0001195110041557394,7.145983850414403e-05,-4.16961234949868,6.766867152917487e-05,0.6665851089335337,0.5006381413841462,0.4995886974145899,0.4653087896640394,0.1,0.007,0.0005,4.446991470082098,0.30105019603588445,-4.145937989519507,0,-0.30047608554239624,0,4.843240991184475,0,9.349871507301218,0,,,,,
hea_ring,d4,4,EARLY,0,0,RY,14,11006,4000,0,0,0,0,0,0,0,6.239677303734004e-05,6.12399427202335e-05,2.9335522150055713e-05,2.7783148624206043e-05,0.00012363671575757354,6.886250413995617e-05,-4.178855984078223,6.624361370119789e-05,0.6894038839990868,0.48892678285730573,0.49042805274607554,0.4854692227816159,0.105,0.01225,0.0015,4.463071239500046,0.30104930464306,-4.162017409758874,0,-0.3107561735395843,0,4.895569966979132,0,9.42697818586389,0,,,,,
hea_ring,d4,4,MIDDLE,2,0,RY,14,11006,4000,0,0,0,0,0,0,0,6.29037953275742e-05,6.095717801043231e-05,2.8582597396512197e-05,2.869386182341586e-05,0.00012386097333800652,7.192056594659542e-05,-4.177666286156892,6.642532895798901e-05,0.6665716157162094,0.4937340450302747,0.49507241807013314,0.4745400816443965,0.10275,0.013,0.0015,4.444198578450114,0.3010499757368388,-4.143146910853488,0,-0.3065069255027958,0,4.890166983925801,0,9.389450000346972,0,,,,,
hea_ring,d4,4,LATE,3,0,RY,14,11006,4000,0,0,0,0,0,0,0,6.25679152279944e-05,6.039514673778276e-05,2.9013564096016793e-05,2.7609543183380273e-05,0.00012296306196577718,7.076529886579461e-05,-4.175659102709445,6.673303813425495e-05,0.6835640101608651,0.506645481621479,0.5006227554838536,0.48560441236365226,0.1025,0.013,0.001,4.451236552847093,0.3010499945422396,-4.150179663123055,0,-0.29529583078931243,0,4.864108348785786,0,9.397989077246425,0,,,,,
hea_ring,d4,4,EARLY,0,0,RY,14,11007,4000,0,0,0,0,0,0,0,6.271605527457084e-05,6.18393144340752e-05,2.931060002727661e-05,2.8616656154699285e-05,0.00012455536970864606,7.255044338814925e-05,-4.164188990533295,6.851899896413027e-05,0.6597481891890173,0.4983954633283167,0.4965503479305245,0.4919774487739188,0.09975,0.00775,0.001,4.4404123074319735,0.3010502692370074,-4.139359931589196,0,-0.30242596208471173,0,4.85678118463709,0,9.410196443269214,0,,,,,
hea_ring,d4,4,MIDDLE,2,0,RY,14,11007,4000,0,0,0,0,0,0,0,6.414634838014139e-05,6.380213604485038e-05,2.895752828814423e-05,2.926133258909725e-05,0.00012794848442499178,7.299427580253055e-05,-4.163203578244648,6.867464478753948e-05,0.6861141922478287,0.49277145429249547,0.49382697855735774,0.49062524306504257,0.1005,0.00975,0.001,4.437762203641231,0.30105025381694483,-4.1367112019862065,0,-0.3073545715322201,0,4.874387837003667,0,9.415432593507404,0,,,,,
hea_ring,d4,4,LATE,3,0,RY,14,11007,4000,0,0,0,0,0,0,0,6.065675014956573e-05,6.434583861287906e-05,2.8879464766428982e-05,3.044059832938254e-05,0.0001250025887624448,7.445228491987461e-05,-4.160565261636331,6.909310950624614e-05,0.6618813389314124,0.5149440418928449,0.5079622945246596,0.4708161579599136,0.09875,0.01075,0.0015,4.429173162961992,0.3010508078900629,-4.128121972014826,0,-0.28823996624672477,0,4.840914717064516,0,9.378331468115913,0,,,,,
hea_ring,d4,4,EARLY,0,0,RY,14,11008,4000,0,0,0,0,0,0,0,6.100488235066635e-05,6.100265441487568e-05,2.8222688278005446e-05,3.0496322549672038e-05,0.00012200753676554202,7.468577859502757e-05,-4.160723144787452,6.906799600449895e-05,0.6558585080227166,0.502990810731148,0.4952101476276269,0.4939039307125339,0.106,0.01125,0.00075,4.427809097757866,0.30105089714989,-4.1267621166174635,0,-0.29843996033411435,0,4.8645688573969466,0,9.384016566761083,0,,,,,
hea_ring,d4,4,MIDDLE,2,0,RY,14,11008,4000,0,0,0,0,0,0,0,5.91112127249676e-05,6.164735565119395e-05,2.9322974133740142e-05,2.9645989211665955e-05,0.00012075856837616154,7.250944963500136e-05,-4.1671336305823745,6.805599210533832e-05,0.6502189755778525,0.4879799486423697,0.4965775475976124,0.48480058347635213,0.1035,0.0125,0.00125,4.4406592055595935,0.30105071538467465,-4.1396053947991645,0,-0.3115980503859071,0,4.856011120690523,0,9.365914691675309,0,,,,,
hea_ring,d4,4,LATE,3,0,RY,14,11008,4000,0,0,0,0,0,0,0,6.140481507853467e-05,5.971773408679394e-05,2.9484916480123953e-05,2.8453712930503356e-05,0.0001211225491653286,7.439819842828631e-05,-4.165700961741664,6.828086877708088e-05,0.6674343882601774,0.49328381535946986,0.5002965742294477,0.47830270479308157,0.0985,0.009,0.0005,4.429491237442813,0.3010510182343036,-4.1284375814863115,0,-0.3069031599685069,0,4.855873996172589,0,9.364042006735811,0,,,,,
hea_ring,d4,4,EARLY,0,0,RY,14,11009,4000,0,0,0,0,0,0,0,6.224170560539882e-05,6.019234329981535e-05,3.0166422295853023e-05,2.8155361852006577e-05,0.00012243404890521418,7.303093027449792e-05,-4.164943227691725,6.840010561558431e-05,0.662386950541523,0.5004922779187555,0.5017982098314808,0.4606274408171032,0.0975,0.00875,0.00225,4.437546652145874,0.30105032869355375,-4.136493167242811,0,-0.30060262077377836,0,4.858465137161881,0,9.381397991663473,0,,,,,
hea_ring,d4,4,MIDDLE,2,0,RY,14,11009,4000,0,0,0,0,0,0,0,6.0869332401129695e-05,6.292736866608498e-05,2.957889675254637e-05,2.9063649859633916e-05,0.00012379670106721466,7.188131435574063e-05,-4.169762557659593,6.764527121080889e-05,0.6569859548722667,0.48447002327832267,0.4901254542993477,0.4767226866935512,0.10325,0.012,0.00075,4.444439176464336,0.30104979612688076,-4.143384285214987,0,-0.3147330910804286,0,4.880386870187504,0,9.397738508290004,0,,,,,
hea_ring,d4,4,LATE,3,0,RY,14,11009,4000,0,0,0,0,0,0,0,6.353562672284564e-05,6.122898842848913e-05,2.8275756108759472e-05,2.906897374366071e-05,0.0001247646151513348,7.347747404057504e-05,-4.1644992683910305,6.84700636531313e-05,0.6435711954120751,0.512597752671314,0.5073350254080136,0.47350802457258045,0.094,0.011,0.001,4.434900017967698,0.3010508428107457,-4.1338457893118825,0,-0.29022338814687765,0,4.8286373895201145,0,9.340062750995632,0,,,,,
hea_ring,d4,4,EARLY,0,0,RY,16,11000,4000,0,0,0,0,0,0,0,1.568303403686327e-05,1.5505693667402976e-05,6.955991739673076e-06,6.535683627866998e-06,3.1188727704266244e-05,1.7256383655256123e-05,-4.798494573733831,1.5903965548120082e-05,0.6972373698668637,0.5078795785578497,0.503669630668698,0.45726287231540774,0.09975,0.012,0.001,5.064085722533892,0.30103484621932397,-4.763050277666089,0,-0.29423930438950646,0,5.465814627928852,0,10.61446976799532,0,,,,,
hea_ring,d4,4,MIDDLE,2,0,RY,16,11000,4000,0,0,0,0,0,0,0,1.5668264189039307e-05,1.5866864229904746e-05,6.878306557792459e-06,6.819323795496301e-06,3.153512841894405e-05,1.680655978222614e-05,-4.799984014713906,1.5849515294615354e-05,0.7068116866080301,0.49348252399436954,0.4944438268406736,0.49124036928047904,0.10575,0.00975,0.0005,5.075554901317896,0.3010347437063823,-4.774521237014375,0,-0.3067282231203733,0,5.521040607476854,0,10.647413127428129,0,,,,,
hea_ring,d4,4,LATE,3,0,RY,16,11000,4000,0,0,0,0,0,0,0,1.5834243029480893e-05,1.5834921603437294e-05,6.85354488629185e-06,6.93771258613967e-06,3.166916463291819e-05,1.7118816863996307e-05,-4.7917282331366895,1.6153690841970614e-05,0.7027070312059402,0.5041002042321774,0.5006071390111182,0.485236196312085,0.10275,0.00825,0.00075,5.067562817856603,0.3010348385425865,-4.7665262703511475,0,-0.2974834170040096,0,5.490801787709375,0,10.63519794198813,0,,,,,
hea_ring,d4,4,EARLY,0,0,RY,16,11001,4000,0,0,0,0,0,0,0,1.5348910113687616e-05,1.4932337137781e-05,6.597977100733655e-06,6.726773235723361e-06,3.0281247251468614e-05,1.6789684179692757e-05,-4.811553278423715,1.5432870841771243e-05,0.7060127004943428,0.4873083613750891,0.4943021359337156,0.4883658246553978,0.10325,0.01075,0.001,5.075991615133592,0.3010346124268177,-4.77495747305545,0,-0.31219613759260095,0,5.519265100754078,0,10.684077556099592,0,,,,,
hea_ring,d4,4,MIDDLE,2,0,RY,16,11001,4000,0,0,0,0,0,0,0,1.5523490289622002e-05,1.5397784440765713e-05,6.461635690142281e-06,6.4457104106833254e-06,3.092127473038771e-05,1.653379219495916e-05,-4.810050430601895,1.5486367796034846e-05,0.709452288705358,0.4856299266381725,0.48982394495411335,0.48682888529006446,0.11,0.0135,0.001,5.0826626577648035,0.3010346262913637,-4.781627572664634,0,-0.31369456973408694,0,5.517313464007174,0,10.669219264719981,0,,,,,
hea_ring,d4,4,LATE,3,0,RY,16,11001,4000,0,0,0,0,0,0,0,1.5018898128923245e-05,1.4818453798559696e-05,6.277587532506251e-06,6.612152165489826e-06,2.983735192748294e-05,1.6600941433656655e-05,-4.8149995955802245,1.5310888874480982e-05,0.7110519913581177,0.5197656340181677,0.5106618981138984,0.4638091096544925,0.1045,0.01,0.00175,5.08090225324929,0.3010347174659138,-4.779867286270676,0,-0.284192438993611,0,5.483855792272234,0,10.639790994408083,0,,,,,
hea_ring,d4,4,EARLY,0,0,RY,16,11002,4000,0,0,0,0,0,0,0,1.5447499446637198e-05,1.5437241909919933e-05,7.2698422689874234e-06,7.054787774080062e-06,3.088474135655714e-05,1.7799301378717037e-05,-4.788275090598165,1.628264331528476e-05,0.6917605445221859,0.5022136741212574,0.5006413564939866,0.4817942479442787,0.0995,0.01125,0.00125,5.050631354976972,0.3010349834255357,-4.74959707374345,0,-0.29911146745600814,0,5.46930344032311,0,10.593603258970045,0,,,,,
hea_ring,d4,4,MIDDLE,2,0,RY,16,11002,4000,0,0,0,0,0,0,0,1.5157964898357145e-05,1.5491117622726657e-05,6.85711839003617e-06,6.566873473380274e-06,3.06490825210838e-05,1.731986824859508e-05,-4.799200734429722,1.5878126790740755e-05,0.706555535485144,0.49389491460856283,0.49475449077648603,0.4867439372324911,0.10275,0.012,0.0015,5.062490627840967,0.30103484597548036,-4.7614554166336465,0,-0.30636545340618815,0,5.498058744225181,0,10.636778390891942,0,,,,,
hea_ring,d4,4,LATE,3,0,RY,16,11002,4000,0,0,0,0,0,0,0,1.5497584246910397e-05,1.5308343534195235e-05,6.709910968544219e-06,7.115065109518856e-06,3.080592778110563e-05,1.787416437778114e-05,-4.789049358999913,1.625364017272569e-05,0.6905345417785966,0.5185424240599255,0.5131030449650389,0.46645291568083996,0.09475,0.00775,0.00075,5.0488091581142145,0.3010350610331489,-4.747774266248493,0,-0.28521573842084935,0,5.438593113741504,0,10.571336732777102,0,,,,,
hea_ring,d4,4,EARLY,0,0,RY,16,11003,4000,0,0,0,0,0,0,0,1.5098943913668148e-05,1.547664613204786e-05,6.800865690996609e-06,6.557887103533206e-06,3.0575590045716006e-05,1.642975446480123e-05,-4.812667739633811,1.5393318677222516e-05,0.7114774433555393,0.5122394681895606,0.5029822399051193,0.4836719608703426,0.1065,0.01,0.001,5.085403338035005,0.3010346309476368,-4.784368930682402,0,-0.2905269625870689,0,5.506877805497428,0,10.6727588530225,0,,,,,
hea_ring,d4,4,MIDDLE,2,0,RY,16,11003,4000,0,0,0,0,0,0,0,1.4836765326426909e-05,1.48192066916734e-05,6.518005368637327e-06,6.79737629678429e-06,2.9655972018100307e-05,1.6219498568772626e-05,-4.819138783388462,1.516565655443743e-05,0.7039727418323389,0.4972425625215077,0.49935463535523933,0.48495006133363705,0.098,0.01025,0.00075,5.090996561738835,0.3010346198082767,-4.7899626708403105,0,-0.3034317041086193,0,5.519595700489381,0,10.695636833351221,0,,,,,
hea_ring,d4,4,LATE,3,0,RY,16,11003,4000,0,0,0,0,0,0,0,1.5133294396545874e-05,1.4868063210324779e-05,6.672724719000842e-06,6.64617377413067e-06,3.0001357606870656e-05,1.6716376574459482e-05,-4.805640540269369,1.5644419746023337e-05,0.6904396470981489,0.5070255758860593,0.5030599203517413,0.4741362007497684,0.0965,0.008,0.00125,5.077892483972141,0.3010346099843817,-4.77685785399621,0,-0.29497014247699427,0,5.5010832836346095,0,10.664678608071007,0,,,,,
hea_ring,d4,4,EARLY,0,0,RY,16,11004,4000,0,0,0,0,0,0,0,1.522073984634752e-05,1.63426401313247e-05,6.388950435198407e-06,6.780087477565933e-06,3.156337997767222e-05,1.6677056786714992e-05,-4.80436465976016,1.5690447867214927e-05,0.7311429542694174,0.4901655517899856,0.4944960828657055,0.48522493785408977,0.11125,0.01175,0.0005,5.078914556074537,0.301034677380847,-4.777880613095034,0,-0.3096572326305747,0,5.518680919010918,0,10.691761409563641,0,,,,,
hea_ring,d4,4,MIDDLE,2,0,RY,16,11004,4000,0,0,0,0,0,0,0,1.611291900880011e-05,1.543796335497782e-05,6.692256268905976e-06,6.79737836343928e-06,3.1550882363777924e-05,1.663127166138742e-05,-4.801144000870723,1.580723825037342e-05,0.7197022107269007,0.48527938915059426,0.4906681072096567,0.4839629998146963,0.09925,0.009,0.00125,5.080108241379506,0.3010347388532577,-4.779074548289863,0,-0.31400815389087977,0,5.532805504509419,0,10.657178537773511,0,,,,,
hea_ring,d4,4,LATE,3,0,RY,16,11004,4000,0,0,0,0,0,0,0,1.5614257072218273e-05,1.5695743794541872e-05,6.672600002038894e-06,6.671229834633604e-06,3.131000086676014e-05,1.6801702726388938e-05,-4.803203440770794,1.5732457210942877e-05,0.7070944972662634,0.5156746613171452,0.504831144565195,0.4728034230918963,0.1025,0.009,0.00075,5.075681727581057,0.3010346675272557,-4.774646705659537,0,-0.2876242087101062,0,5.487296410594963,0,10.662155049003118,0,,,,,
hea_ring,d4,4,EARLY,0,0,RY,16,11005,4000,0,0,0,0,0,0,0,1.5531823542479892e-05,1.5175734906198386e-05,6.610561333876741e-06,6.395744632698248e-06,3.070755844867828e-05,1.6227004887523877e-05,-4.81085685483912,1.5457638453956286e-05,0.7099946110585256,0.49660679229111304,0.5033453906160265,0.4497692571603922,0.0925,0.00575,0.00075,5.090795973436018,0.301034536462907,-4.789761658864167,0,-0.30398734836163643,0,5.511220449009432,0,10.659697870254686,0,,,,,
hea_ring,d4,4,MIDDLE,2,0,RY,16,11005,4000,0,0,0,0,0,0,0,1.55005722434918e-05,1.5542655913791567e-05,6.371397752703661e-06,6.8096941469771905e-06,3.1043228157283364e-05,1.638891407162339e-05,-4.814589752142683,1.532534457081136e-05,0.7317639760251557,0.4946733381969971,0.49636336634935063,0.49019976006948335,0.1075,0.01025,0.0015,5.086483869955776,0.301034584747395,-4.7854498307033175,0,-0.30568154339990533,0,5.531941811509654,0,10.690020751543525,0,,,,,
hea_ring,d4,4,LATE,3,0,RY,16,11005,4000,0,0,0,0,0,0,0,1.5013636187921938e-05,1.5728828259733672e-05,6.654102506591813e-06,6.707894607259589e-06,3.074246444765561e-05,1.6403435203856245e-05,-4.805143074731202,1.5662350019162444e-05,0.7122461202324466,0.4979732404704422,0.4983483633494961,0.48149302666081584,0.0985,0.01025,0.0005,5.086100427531088,0.30103467205045265,-4.785065193085265,0,-0.3027940244205255,0,5.503647405191485,0,10.645035434086736,0,,,,,
hea_ring,d4,4,EARLY,0,0,RY,16,11006,4000,0,0,0,0,0,0,0,1.5142964820188617e-05,1.454765709704715e-05,6.458442738434738e-06,6.1540640127981875e-06,2.9690621917235767e-05,1.579417015565237e-05,-4.821788977032814,1.5073393019386671e-05,0.7091627953919328,0.5020028041845777,0.49839114060204975,0.48309188765207767,0.103,0.01075,0.00175,5.102538078499919,0.30103444653966616,-4.801503196990702,0,-0.29929385690928845,0,5.525624947595432,0,10.693578789317451,0,,,,,
hea_ring,d4,4,MIDDLE,2,0,RY,16,11006,4000,0,0,0,0,0,0,0,1.4764212289612397e-05,1.485954952637458e-05,6.362189266968027e-06,6.6499841219561056e-06,2.9623761815986973e-05,1.589155141006124e-05,-4.820486957277644,1.5118651029786502e-05,0.7125011481535468,0.4912161702939994,0.4913137717084952,0.49241939893661923,0.10275,0.0115,0.0005,5.099868288252133,0.30103448432639235,-4.798833703951408,0,-0.3087273589779219,0,5.541004031602398,0,10.727994407569996,0,,,,,
hea_ring,d4,4,LATE,3,0,RY,16,11006,4000,0,0,0,0,0,0,0,1.4767879638434439e-05,1.498974347555972e-05,6.384038805276121e-06,6.396754290833172e-06,2.975762311399416e-05,1.5938367864200458e-05,-4.815943616144711,1.5277643929129923e-05,0.7105422237975283,0.5052823981809087,0.5004721043922645,0.5083824876784563,0.11025,0.0095,0.001,5.098591830741787,0.301034475886961,-4.797556180752838,0,-0.2964659968774338,0,5.507089364786214,0,10.67488500206997,0,,,,,
hea_ring,d4,4,EARLY,0,0,RY,16,11007,4000,0,0,0,0,0,0,0,1.5168611658784956e-05,1.4717849309538115e-05,6.5434103716248345e-06,6.6019843839152964e-06,2.988646096832307e-05,1.663562473391804e-05,-4.813858825528967,1.535115916049025e-05,0.6918688894189113,0.4968075186600518,0.5006863511038644,0.4631601651951297,0.099,0.009,0.001,5.079995168070029,0.30103472309369117,-4.778960885714431,0,-0.3038118583607082,0,5.5000487226498,0,10.66683615553493,0,,,,,
hea_ring,d4,4,MIDDLE,2,0,RY,16,11007,4000,0,0,0,0,0,0,0,1.502641896853859e-05,1.562036480505971e-05,6.808348740428086e-06,6.704308218435111e-06,3.0646783773598294e-05,1.66238477812063e-05,-4.80796093131345,1.5561056109749285e-05,0.7201404157853588,0.48353505605788727,0.48863797788958924,0.48989339239225504,0.10075,0.00675,0.0015,5.080303606612401,0.3010346696411559,-4.779268455377503,0,-0.3155720672397519,0,5.523519782416816,0,10.675070674852309,0,,,,,
hea_ring,d4,4,LATE,3,0,RY,16,11007,4000,0,0,0,0,0,0,0,1.498611490843016e-05,1.5065975703812516e-05,6.343862759353178e-06,6.92250227977914e-06,3.0052090612242678e-05,1.685369497930947e-05,-4.799958809430151,1.5850435184551707e-05,0.699992606278312,0.5127487871375633,0.5080529180154211,0.4728567444765171,0.09625,0.00825,0.00075,5.0743390673587285,0.3010348587483387,-4.773304870484866,0,-0.29009535831944666,0,5.46534435121033,0,10.601601695125137,0,,,,,
hea_ring,d4,4,EARLY,0,0,RY,16,11008,4000,0,0,0,0,0,0,0,1.55024374870187e-05,1.4826712108271716e-05,6.721867601834919e-06,6.4922647771247435e-06,3.0329149595290413e-05,1.633219458715419e-05,-4.817976478399105,1.5206298855582964e-05,0.7108875600899269,0.5036554803678135,0.500795958483885,0.47674321635091416,0.10275,0.00725,0.00075,5.087991378289908,0.30103460647278935,-4.786955462476776,0,-0.29786643671571444,0,5.5189629689682995,0,10.665735887513637,0,,,,,
hea_ring,d4,4,MIDDLE,2,0,RY,16,11008,4000,0,0,0,0,0,0,0,1.4888546330815654e-05,1.4850878459508418e-05,6.3416532825009975e-06,6.405628297407061e-06,2.9739424790324072e-05,1.5629907393389216e-05,-4.8240361341190106,1.4995600640896605e-05,0.6906388440458917,0.5067897897756598,0.5002800315857896,0.4905581391869381,0.103,0.0095,0.0015,5.107078175958984,0.30103438923840375,-4.806043969959558,0,-0.29517214707827444,0,5.527212032718868,0,10.697469866451218,0,,,,,
hea_ring,d4,4,LATE,3,0,RY,16,11008,4000,0,0,0,0,0,0,0,1.473632051476043e-05,1.4913020532809867e-05,6.4897236336907015e-06,6.460661257936734e-06,2.9649341047570302e-05,1.617692175635166e-05,-4.813995561345757,1.534632667246772e-05,0.6877248504136544,0.4952368961309186,0.5010723053101122,0.45075176589824173,0.099,0.01175,0.00175,5.092138140974968,0.30103460744654775,-4.791104122116005,0,-0.3051870337440971,0,5.491209112811572,0,10.661580394982465,0,,,,,
hea_ring,d4,4,EARLY,0,0,RY,16,11009,4000,0,0,0,0,0,0,0,1.5575025699676798e-05,1.4608035895656659e-05,6.7567079711459694e-06,6.534523362590549e-06,3.0183061595333454e-05,1.6755898815718283e-05,-4.813511863978203,1.536342823222625e-05,0.7404911812179229,0.4779432254654401,0.48951328062420757,0.4963152825602759,0.10325,0.01025,0.0005,5.0768662350994145,0.3010345606353946,-4.77583227089198,0,-0.32062369011740827,0,5.522907592567757,0,10.698340284164662,0,,,,,
hea_ring,d4,4,MIDDLE,2,0,RY,16,11009,4000,0,0,0,0,0,0,0,1.554935693914717e-05,1.4532766146041377e-05,6.600251906338915e-06,6.2970373236304305e-06,3.0082123085188547e-05,1.62815572786076e-05,-4.822310259469021,1.5055311322326446e-05,0.7183619583018643,0.48861539500053053,0.4934782044419862,0.47829496385243375,0.0995,0.012,0.0015,5.08933801124813,0.30103458675706873,-4.788304070294333,0,-0.3110328540296596,0,5.5417821676797026,0,10.688885303484026,0,,,,,
hea_ring,d4,4,LATE,3,0,RY,16,11009,4000,0,0,0,0,0,0,0,1.4990395601945668e-05,1.5021666459379694e-05,6.396504230878706e-06,6.392013664349522e-06,3.001206206132536e-05,1.6573451732746884e-05,-4.809868783654488,1.54928464411152e-05,0.7199334063561249,0.5119338779649187,0.5079502495313537,0.47781278637379615,0.097,0.0105,0.00125,5.08162335678098,0.3010346660990373,-4.78058703541017,0,-0.29078613070063564,0,5.480837495605355,0,10.638125468855554,0,,,,,
hea_ring,dn,4,EARLY,0,0,RY,4,11000,4000,0,0,0,0,0,0,0,0.06223223169463189,0.06353852753692388,0.04589406831683687,0.04661717338051921,0.12577075923155578,0.11181881373385277,-1.0009984294464824,0.09977036718448591,0.4131964737095022,0.5091618782065084,0.5018082459785496,0.47069952443029334,0.09975,0.012,0.00125,1.2848117835251163,0.33156526330679836,-0.9514851194892883,0,-0.29314412765489706,0,1.593507352638282,0,2.9629847209382065,0,,,,,
hea_ring,dn,4,MIDDLE,2,0,RY,4,11000,4000,0,0,0,0,0,0,0,0.06332747348193662,0.0630690239197812,0.04668641162656062,0.046289533676255365,0.12639649740171782,0.11100780664174305,-1.0007945707554915,0.09981721058601493,0.41843007912892816,0.4958182844506366,0.49861501104515843,0.47106089686859876,0.104,0.01075,0.00125,1.286997244800438,0.3319041204229951,-0.954646556663065,0,-0.3046774627940787,0,1.6132854009360473,0,2.9736074827978425,0,,,,,
hea_ring,dn,4,LATE,3,0,RY,4,11000,4000,0,0,0,0,0,0,0,0.06405188961510534,0.0618015780251265,0.04678333445311495,0.04585797854795717,0.12585346764023184,0.11199690022846526,-0.9981482215137595,0.10042729807975699,0.414295450377686,0.4926829300928104,0.49755936044729926,0.47264424925048326,0.098,0.01075,0.001,1.2843772894403522,0.33152233826524213,-0.9507939986658624,0,-0.30743248610692275,0,1.6270022171985006,0,2.9842043962588987,0,,,,,
hea_ring,dn,4,EARLY,0,0,RY,4,11001,4000,0,0,0,0,0,0,0,0.06496594815362505,0.06289938072955584,0.047997892478346224,0.046790731775090716,0.12786532888318092,0.1131864496461539,-0.9905052407340363,0.10221032265647323,0.41115306069411095,0.48486701352056505,0.4918807283386945,0.4817794918702913,0.105,0.00875,0.00025,1.278952185543622,0.3320137879535039,-0.9462055756819481,0,-0.31437740318656016,0,1.6246934472288332,0,2.969851191235784,0,,,,,
hea_ring,dn,4,MIDDLE,2,0,RY,4,11001,4000,0,0,0,0,0,0,0,0.06431269686445694,0.06434783903377422,0.046909553948178445,0.04647844483289333,0.12866053589823115,0.11370761671114746,-0.9970169516948953,0.1006892366336995,0.4333746634866925,0.49330060971550527,0.4921301529474381,0.475074431598703,0.1,0.00975,0.001,1.277601921277139,0.3317558552239983,-0.9442105322240544,0,-0.3068883642940167,0,1.638862567747704,0,2.9905802957382366,0,,,,,
hea_ring,dn,4,LATE,3,0,RY,4,11001,4000,0,0,0,0,0,0,0,0.06321418311381191,0.0641806719129341,0.045635756708299474,0.047370280869675666,0.12739485502674602,0.1129355631817306,-0.9941552385962409,0.10135490277995018,0.41794069500136566,0.5085673667202831,0.5020868664242099,0.48145593590186153,0.09825,0.008,0.0015,1.2801781182945438,0.33193130434264756,-0.9471693725535888,0,-0.2936515114129856,0,1.6168299685248404,0,2.9648754735055647,0,,,,,
hea_ring,dn,4,EARLY,0,0,RY,4,11002,4000,0,0,0,0,0,0,0,0.06336235151290182,0.06220427659030303,0.046667152269574005,0.044000944034036094,0.12556662810320487,0.11078705663782418,-1.001203770165189,0.09972320546066935,0.4218069945132279,0.5118585366325492,0.5079038910700544,0.4635267213977746,0.089,0.0095,0.0015,1.2893946595847292,0.33169145091072094,-0.9555109771302608,0,-0.29085010395656286,0,1.613131195974531,0,2.9662234968907915,0,,,,,
hea_ring,dn,4,MIDDLE,2,0,RY,4,11002,4000,0,0,0,0,0,0,0,0.061994802847624854,0.06381624228074301,0.044808463241592905,0.04623306688485145,0.12581104512836785,0.1101534708569856,-1.0039299046901047,0.09909918784868434,0.4176669154083712,0.47072598541308985,0.4845761024151137,0.5036723866653212,0.10925,0.0095,0.00075,1.29166472699162,0.33123472084330235,-0.95800187992729,0,-0.32723182770592857,0,1.660092602474549,0,3.020264950659641,0,,,,,
hea_ring,dn,4,LATE,3,0,RY,4,11002,4000,0,0,0,0,0,0,0,0.06021711664297416,0.06315930557161988,0.04370901528657761,0.046179972894579036,0.12337642221459405,0.10913359471922253,-1.0095598606640133,0.09782281121315536,0.4172288898619946,0.4910304699428343,0.49510451849339515,0.4939969582842813,0.10625,0.01075,0.00125,1.292581143576614,0.331082800549589,-0.9620415395376862,0,-0.30889156163704584,0,1.628920853572478,0,3.0003344301253723,0,,,,,
hea_ring,dn,4,EARLY,0,0,RY,4,11003,4000,0,0,0,0,0,0,0,0.06456175707865998,0.0629233608289867,0.04726105281371498,0.04498413190275552,0.12748511790764666,0.11230587438286004,-0.9970699561970066,0.10067694852641522,0.4243967323609903,0.5067801637235474,0.5030751818361209,0.4743472299006609,0.09625,0.0105,0.001,1.2806324135704559,0.332082144703396,-0.9495975287107973,0,-0.29518039613521857,0,1.6001340476521926,0,2.9662636225295698,0,,,,,
hea_ring,dn,4,MIDDLE,2,0,RY,4,11003,4000,0,0,0,0,0,0,0,0.06344962900684235,0.062324062473812135,0.045506947775131645,0.04410006081209539,0.12577369148065448,0.11055489803055098,-1.0086998166371486,0.09801672407012041,0.4475132538725789,0.4856731916065875,0.49224739226343883,0.4940276748417285,0.1015,0.00875,0.001,1.2884110330244996,0.3312009400926602,-0.9564221300129856,0,-0.3136558693176491,0,1.6449045463892158,0,3.012797565076223,0,,,,,
hea_ring,dn,4,LATE,3,0,RY,4,11003,4000,0,0,0,0,0,0,0,0.062259072207806944,0.06397495511395884,0.044933376105317405,0.04619554749850378,0.1262340273217658,0.1128231649639126,-1.0046293628275635,0.09893971093254147,0.4226540568956473,0.5003479181028108,0.4998563706722341,0.4886287053736486,0.10425,0.014,0.00125,1.2811642885099817,0.33188944235713425,-0.9476017228315257,0,-0.30072790590955634,0,1.6173737009689981,0,2.965955564204777,0,,,,,
hea_ring,dn,4,EARLY,0,0,RY,4,11004,4000,0,0,0,0,0,0,0,0.062425206482258515,0.06178516709845404,0.046131110110025714,0.044797314794078974,0.12421037358071256,0.10945839759612253,-1.006407958153926,0.09853534507547401,0.4155319269257406,0.49486592429824916,0.4963501018675106,0.485253699441619,0.099,0.01175,0.00175,1.2923670920111021,0.33100103369060874,-0.9607509320741512,0,-0.3055124613022181,0,1.6232074270163834,0,2.9828621707201943,0,,,,,
hea_ring,dn,4,MIDDLE,2,0,RY,4,11004,4000,0,0,0,0,0,0,0,0.062145854837669046,0.06222966836173298,0.045276424521863534,0.04490212830467853,0.12437552319940202,0.10819564628731057,-1.010001208139943,0.09772345024370925,0.42661640594133365,0.48402873711091177,0.49246472503089184,0.4899308336168328,0.10825,0.00975,0.00025,1.2963136283152576,0.3309166015750285,-0.965790214567402,0,-0.31512886835715337,0,1.6464296206662001,0,3.0066821482212287,0,,,,,
hea_ring,dn,4,LATE,3,0,RY,4,11004,4000,0,0,0,0,0,0,0,0.061153497141266375,0.0628143020159348,0.044380889386405976,0.04484865756449241,0.12396779915720117,0.11115713098540593,-1.0109156406761939,0.09751790425078109,0.4210042601415156,0.5034956508386227,0.5003396845605397,0.4909478298547696,0.10875,0.0125,0.002,1.2867160041107542,0.3312340297281792,-0.9540626750155741,0,-0.29800427683358865,0,1.6238043021772448,0,2.9701973452020307,0,,,,,
hea_ring,dn,4,EARLY,0,0,RY,4,11005,4000,0,0,0,0,0,0,0,0.06356162170287571,0.062337815988148096,0.045462613422348454,0.04630654092176287,0.1258994376910238,0.11218498063463056,-1.0029403761390574,0.09932524017030961,0.41957397441452005,0.4891510280111632,0.49270428897233215,0.5011122789115279,0.109,0.01,0.001,1.283487862087965,0.33147756012184565,-0.9500652959482891,0,-0.31055704266022777,0,1.6445196747003705,0,2.9995767623592817,0,,,,,
hea_ring,dn,4,MIDDLE,2,0,RY,4,11005,4000,0,0,0,0,0,0,0,0.061295765135557345,0.06404744578156626,0.043268762036853384,0.04738926856369724,0.12534321091712364,0.11061301305537341,-1.0064469180265865,0.0985265060216295,0.42624999829691856,0.48100598118352755,0.48271524201292026,0.5118288537586916,0.11075,0.00975,0.00075,1.2873758850784007,0.33132304079627634,-0.9561937784898931,0,-0.31784952379823256,0,1.6593112716462044,0,3.0426663175159616,0,,,,,
hea_ring,dn,4,LATE,3,0,RY,4,11005,4000,0,0,0,0,0,0,0,0.06485164028010555,0.06113905227610039,0.04784320083801879,0.04402342083734656,0.12599069255620596,0.11392878704554946,-0.9978902832340395,0.10048696206268612,0.414170831603799,0.5032728150808761,0.5038362920534879,0.46778969302524437,0.09625,0.00925,0.0015,1.275316483313626,0.3319441323358574,-0.9433666267480312,0,-0.2981965280890534,0,1.6075092446032773,0,2.968167695526633,0,,,,,
hea_ring,dn,4,EARLY,0,0,RY,4,11006,4000,0,0,0,0,0,0,0,0.0642109600698931,0.06392869219601513,0.04770759092293281,0.04760614964054313,0.12813965226590823,0.11193382126216615,-0.9923477082061449,0.10177762019149399,0.4096734653697711,0.49342574434509834,0.4965749975675601,0.48314838567277224,0.10325,0.00975,0.0005,1.2840803984494922,0.3316932818436383,-0.9510386874344029,0,-0.3067782422306571,0,1.6241734308110116,0,2.958172657502932,0,,,,,
hea_ring,dn,4,MIDDLE,2,0,RY,4,11006,4000,0,0,0,0,0,0,0,0.06370227016388523,0.06225880913674834,0.046608722806838865,0.04463296769019384,0.12596107930063358,0.11118052667662967,-1.0087053262655918,0.09801548059978446,0.42681990579433515,0.4879462115755982,0.4901239885388209,0.49381816169982407,0.102,0.01275,0.0015,1.2864957034635003,0.3311197481375956,-0.9539712962184738,0,-0.3116282227032145,0,1.6591488067942386,0,3.0039504725317228,0,,,,,
hea_ring,dn,4,LATE,3,0,RY,4,11006,4000,0,0,0,0,0,0,0,0.06288581058558398,0.0629357362531853,0.04507999252379031,0.04629140694697484,0.12582154683876925,0.11072110388094313,-1.0047094682076734,0.09892146323981044,0.4252383720556575,0.4972482843053045,0.49704498968999355,0.47842507492583947,0.09475,0.01125,0.00125,1.2884775447586914,0.3310582051201802,-0.9557696289822786,0,-0.30342670828025076,0,1.6377644050903757,0,2.995346702663553,0,,,,,
hea_ring,dn,4,EARLY,0,0,RY,4,11007,4000,0,0,0,0,0,0,0,0.0630334371890837,0.06254749761072877,0.04690077326065865,0.046965940711889254,0.12558093479981247,0.11053885427455136,-0.9983941985071609,0.10037043387456246,0.4028537387271742,0.5001284398474264,0.4999119522288405,0.4671361995938814,0.10325,0.0125,0.00075,1.2885229927098218,0.3316755809153781,-0.9564850432561808,0,-0.3009184504120438,0,1.6140298397992863,0,2.9552780815829784,0,,,,,
hea_ring,dn,4,MIDDLE,2,0,RY,4,11007,4000,0,0,0,0,0,0,0,0.06361257376383835,0.0625587701046465,0.044529423319376676,0.04426233844172877,0.12617134386848483,0.10977343633576842,-1.0083999949613525,0.09808441474105763,0.4435382659824023,0.49626940292865523,0.4960424778906813,0.46941727678706174,0.10475,0.011,0.00175,1.291382663221706,0.33116207807535125,-0.9595027408354486,0,-0.30428250258251455,0,1.625259103002337,0,3.00278363297806,0,,,,,
hea_ring,dn,4,LATE,3,0,RY,4,11007,4000,0,0,0,0,0,0,0,0.062248135515002974,0.061972165053379,0.04552678127465465,0.045816577168460805,0.12422030056838197,0.11091190766493446,-1.0024912645827135,0.09942800727425977,0.41219972452313247,0.5052938112853658,0.501780797314317,0.48470612075392727,0.1055,0.0115,0.002,1.2889707803945252,0.3314795714472521,-0.955021826775285,0,-0.29645604207149845,0,1.6111686976362263,0,2.9827959452524775,0,,,,,
hea_ring,dn,4,EARLY,0,0,RY,4,11008,4000,0,0,0,0,0,0,0,0.06253258987829904,0.06225147332193441,0.04569688840082789,0.045536022459445526,0.12478406320023347,0.1105419748645218,-1.0047033149244633,0.09892286481435573,0.41813023257222426,0.5065199266443097,0.5055141069179802,0.45569303379970794,0.09675,0.0095,0.00025,1.28864024028117,0.3316290356067188,-0.9564727954815229,0,-0.2954034664074373,0,1.5993518711777197,0,2.9657081053126637,0,,,,,
hea_ring,dn,4,MIDDLE,2,0,RY,4,11008,4000,0,0,0,0,0,0,0,0.06188866976618536,0.06259865818557259,0.045072513889255615,0.04471849943433703,0.12448732795175793,0.10720204983393665,-1.0135479458796461,0.09692862547065763,0.4475555521113821,0.4900589740702983,0.4889168877772742,0.49959110406875407,0.10825,0.0125,0.00075,1.3010223655862454,0.3300282904439759,-0.9697969197186114,0,-0.30975165450542935,0,1.6635234202450224,0,3.0374160653920916,0,,,,,
hea_ring,dn,4,LATE,3,0,RY,4,11008,4000,0,0,0,0,0,0,0,0.06317258476285147,0.062442235350907656,0.04598769926112309,0.04465403793192172,0.12561482011375913,0.11168246513657001,-1.0024865146213944,0.09942909474322607,0.4200946937057124,0.4993741105630486,0.5017856157558775,0.4748497408804588,0.0925,0.01075,0.001,1.2855636105754904,0.3312653545390309,-0.9520150196124582,0,-0.3015739769147294,0,1.6319958883435646,0,2.982160211350635,0,,,,,
hea_ring,dn,4,EARLY,0,0,RY,4,11009,4000,0,0,0,0,0,0,0,0.06276964482731533,0.0643947630814508,0.04589631008404517,0.046776735054795224,0.12716440790876612,0.11231916976581229,-0.9937555039742653,0.10144823510779896,0.4045271571378458,0.5040382311966005,0.499038714880943,0.47756769073763394,0.1025,0.00925,0.0015,1.2838163393454736,0.33205304004154323,-0.9495461397140428,0,-0.2975365472557173,0,1.6049361210212436,0,2.9592782141553,0,,,,,
hea_ring,dn,4,MIDDLE,2,0,RY,4,11009,4000,0,0,0,0,0,0,0,0.06316571233887688,0.06375009481003724,0.04659143563664836,0.0469716068256814,0.12691580714891415,0.11064961413313022,-0.9988307962392737,0.10026958183510243,0.4221125277680823,0.48711655662755604,0.4915827232370452,0.48175336317742296,0.094,0.007,0.00075,1.2879595939275477,0.3311061484337608,-0.9560500990008649,0,-0.3123671262095231,0,1.6391254930064956,0,2.999782866915806,0,,,,,
hea_ring,dn,4,LATE,3,0,RY,4,11009,4000,0,0,0,0,0,0,0,0.0626388797585294,0.06231422341415889,0.0463071763285538,0.04649055393795901,0.12495310317268829,0.11196546145977987,-1.0010155538519223,0.09976643327648892,0.413718103099747,0.5087451932229505,0.5044482596944154,0.4781579835277575,0.1,0.01,0.001,1.282474894656573,0.3317600213958349,-0.9509159256489013,0,-0.2934997000043168,0,1.6117462577922084,0,2.9628011648690356,0,,,,,
hea_ring,dn,6,EARLY,0,0,RY,6,11000,4000,0,0,0,0,0,0,0,0.015213856174861526,0.015820667013703976,0.010625433141925041,0.010902261430991992,0.0310345231885655,0.02648815361898115,-1.6221371530289508,0.02387057315601855,0.45114782646452634,0.5032590104474528,0.49679700527284826,0.5061443099436597,0.11175,0.01025,0.001,1.885422020212364,0.3083808286048857,-1.5769484268423704,0,-0.2982084568996862,0,2.259085805677959,0,4.227638498247353,0,,,,,
hea_ring,dn,6,MIDDLE,3,0,RY,6,11000,4000,0,0,0,0,0,0,0,0.015324957988884518,0.015442797258527097,0.010566359531520068,0.010697518276774336,0.030767755247411613,0.025941861651236665,-1.6289471178613635,0.023499189427747213,0.4510273961479867,0.49842805411255686,0.49712220922602995,0.4638853987446747,0.1,0.0075,0.00075,1.8957363943481302,0.30829369019482644,-1.5859988651247485,0,-0.30239754426261756,0,2.263669792600121,0,4.231037745363208,0,,,,,
hea_ring,dn,6,LATE,5,0,RY,6,11000,4000,0,0,0,0,0,0,0,0.015805346814371946,0.01582462868639714,0.01119460979426303,0.011163167879706216,0.03162997550076909,0.026813929545479977,-1.6098908586555172,0.024553258793105114,0.43298636233010024,0.49648216553194435,0.49598497272362785,0.47900125738799226,0.09675,0.01075,0.001,1.8808556232077212,0.3084953574832724,-1.5716395872132582,0,-0.30409641406062765,0,2.265722640026663,0,4.230570381392548,0,,,,,
hea_ring,dn,6,EARLY,0,0,RY,6,11001,4000,0,0,0,0,0,0,0,0.015723442428565684,0.015435202526741304,0.011216804136893098,0.010878962379973982,0.031158644955306986,0.026215339070508235,-1.6226857358952298,0.023840439868711573,0.4501343153023234,0.4904243901783329,0.4979499632096831,0.46281493799346873,0.0975,0.00975,0.0005,1.8900947773439432,0.30834270585852586,-1.581444526483668,0,-0.3094279636031439,0,2.278152459391087,0,4.238889541731357,0,,,,,
hea_ring,dn,6,MIDDLE,3,0,RY,6,11001,4000,0,0,0,0,0,0,0,0.015451061758672157,0.015419692781712638,0.010792002426794874,0.010755188215519218,0.030870754540384796,0.025676817778231713,-1.6263820156054147,0.023638394940986244,0.437773108208134,0.4984077527397194,0.5003432285305105,0.4736992309461759,0.1025,0.01225,0.001,1.9003381410886888,0.30825081219102457,-1.5904588014612782,0,-0.3024152321223238,0,2.2599395516181264,0,4.222649706827566,0,,,,,
hea_ring,dn,6,LATE,5,0,RY,6,11001,4000,0,0,0,0,0,0,0,0.015828960138635245,0.015362891866608941,0.011091713688728428,0.010638248174028659,0.031191852005244186,0.02633103875337476,-1.6203725297179792,0.023967761270840816,0.4363025863488761,0.49876315147855793,0.4976790856770703,0.469822658434893,0.097,0.00975,0.00075,1.888010820565155,0.30851311252693014,-1.579532044666085,0,-0.30210564216630575,0,2.2622845691572935,0,4.202716293150905,0,,,,,
hea_ring,dn,6,EARLY,0,0,RY,6,11002,4000,0,0,0,0,0,0,0,0.015431817303667942,0.016036896833378174,0.010899189222308144,0.01111986949076571,0.03146871413704611,0.026838086538766744,-1.6179652846104373,0.024100980725102226,0.44155605502315187,0.4954701765293633,0.49856246364297835,0.4811337712233208,0.10275,0.01125,0.00125,1.8801892196419199,0.30843074689091854,-1.571248469760051,0,-0.30498249464113936,0,2.2662805704694224,0,4.234082686629714,0,,,,,
hea_ring,dn,6,MIDDLE,3,0,RY,6,11002,4000,0,0,0,0,0,0,0,0.015582474254240395,0.015769658944928492,0.01087889564349934,0.01097816260375631,0.03135213319916889,0.02623010568147803,-1.6205790600932641,0.02395636602151024,0.4473236374867571,0.4831834094524493,0.4923418285407022,0.47472347551398114,0.1005,0.01025,0.001,1.8896445958462498,0.3083472704694816,-1.5811999880795655,0,-0.31588799742397117,0,2.2978033088744905,0,4.239882808441811,0,,,,,
hea_ring,dn,6,LATE,5,0,RY,6,11002,4000,0,0,0,0,0,0,0,0.015553761918125308,0.015633636685848107,0.010932510620177997,0.011006681330201249,0.031187398603973415,0.02654017825921394,-1.6186235486434768,0.024064478323416662,0.4337586678373966,0.5089312289304342,0.5086911531920602,0.45960363971139023,0.095,0.008,0.00125,1.8849069559373925,0.3084627252787935,-1.5760961991156222,0,-0.29334090197043666,0,2.2387116418611437,0,4.195371716754719,0,,,,,
hea_ring,dn,6,EARLY,0,0,RY,6,11003,4000,0,0,0,0,0,0,0,0.015546354982019223,0.015291422213938739,0.010830493851381833,0.010768982422785553,0.030837777195957962,0.02618898605877735,-1.6220730010661017,0.023874099466605476,0.4338499790712522,0.511708050457673,0.5044344010229342,0.46154242463250816,0.1005,0.01075,0.00075,1.890956391074802,0.30829042429880793,-1.5818814235860619,0,-0.29097775677708737,0,2.2477262505036624,0,4.2077958679023375,0,,,,,
hea_ring,dn,6,MIDDLE,3,0,RY,6,11003,4000,0,0,0,0,0,0,0,0.01512624924716171,0.015624533523947623,0.010641118361431733,0.010801681106428228,0.03075078277110933,0.02578528892038238,-1.6233813681288998,0.023802283952984508,0.4340737663835199,0.5091367752674534,0.5010292849396624,0.4945992726906354,0.10175,0.00725,0.0015,1.8979039315492852,0.3082559176324954,-1.5886280804650081,0,-0.2931655420434487,0,2.267783391551439,0,4.259348396850555,0,,,,,
hea_ring,dn,6,LATE,5,0,RY,6,11003,4000,0,0,0,0,0,0,0,0.015152944230976963,0.015902198566580882,0.010913377128978004,0.010747458420856244,0.03105514279755785,0.026451238840863703,-1.6209375526444256,0.023936599168586464,0.437344821847339,0.5150761996544151,0.5112985204900774,0.4779817721006412,0.09775,0.00825,0.001,1.886837230088609,0.3085260572203259,-1.577553988195123,0,-0.2881285182993695,0,2.232920386257626,0,4.181488759328365,0,,,,,
hea_ring,dn,6,EARLY,0,0,RY,6,11004,4000,0,0,0,0,0,0,0,0.015663022033094484,0.015933479929092862,0.011204922618441618,0.010912316312143146,0.03159650196218735,0.026824493852301887,-1.614537365553923,0.024291964313632033,0.44155326354179625,0.486085924429268,0.49741648411853023,0.5076191290015002,0.1045,0.0095,0.00125,1.8799276003906538,0.3084993701341363,-1.5714684894415023,0,-0.31328696282176954,0,2.271885245821629,0,4.251641497109473,0,,,,,
hea_ring,dn,6,MIDDLE,3,0,RY,6,11004,4000,0,0,0,0,0,0,0,0.015585463862212866,0.015599834364482631,0.010936497643991867,0.011022681962853668,0.031185298226695496,0.026102668562583097,-1.6265805003000773,0.023627594003360775,0.4507132133688092,0.48159607710581276,0.48780371038269665,0.4872808131100806,0.1055,0.01075,0.00125,1.8921634858021248,0.3083433356630455,-1.5833150911742706,0,-0.3173170595729072,0,2.28823332303584,0,4.253999374744366,0,,,,,
hea_ring,dn,6,LATE,5,0,RY,6,11004,4000,0,0,0,0,0,0,0,0.01567703808382275,0.015670828239958225,0.01082800078371631,0.010769102621926551,0.031347866323780976,0.02656663621888527,-1.6211078509505736,0.02392721483757808,0.4589314275080898,0.5025610852864233,0.5017797951772098,0.4764521953163563,0.0935,0.00975,0.00175,1.8838289990451833,0.3084240511160058,-1.5756634367323552,0,-0.29881114356645977,0,2.2629022553650477,0,4.23425786548451,0,,,,,
hea_ring,dn,6,EARLY,0,0,RY,6,11005,4000,0,0,0,0,0,0,0,0.015755192657362554,0.015549722470045192,0.011086085942166958,0.011079417863572258,0.03130491512740775,0.02674162883358395,-1.6177298901335646,0.02411404737862069,0.4469218326348554,0.48698935576214847,0.48998437483233104,0.4717202709402483,0.1025,0.00775,0.00025,1.8819948046623303,0.3084538777022764,-1.572812212064973,0,-0.3124805632226658,0,2.2954504629948005,0,4.2529447034453245,0,,,,,
hea_ring,dn,6,MIDDLE,3,0,RY,6,11005,4000,0,0,0,0,0,0,0,0.01569251816439277,0.015474435659484262,0.011050821153576343,0.010477992937443005,0.031166953823877033,0.026495571273581285,-1.6244241574995644,0.023745200580160705,0.45250204463273147,0.5035063728642609,0.4976450563497161,0.4793254393887983,0.1035,0.00775,0.001,1.885925472893462,0.30840583758882456,-1.5768267285670223,0,-0.29799507100354894,0,2.271914162247199,0,4.219708993789169,0,,,,,
hea_ring,dn,6,LATE,5,0,RY,6,11005,4000,0,0,0,0,0,0,0,0.01560853130308924,0.015704364785029686,0.011071804315923039,0.010886741964325182,0.03131289608811893,0.026251041871386036,-1.6168534213794141,0.024162762136108358,0.4394565554306662,0.49750547536685485,0.49868847655214993,0.46953161511625574,0.10225,0.01125,0.001,1.889985865757264,0.3084784367089003,-1.5808534605872686,0,-0.30320214238960363,0,2.2660304284030843,0,4.240671923720188,0,,,,,
hea_ring,dn,6,EARLY,0,0,RY,6,11006,4000,0,0,0,0,0,0,0,0.015568050129584255,0.0156235461148892,0.01115430410390033,0.01079312529309815,0.03119159624447345,0.026511087300509772,-1.6193096230473987,0.0240264926032133,0.4273734542623848,0.4945607095941822,0.49550427032457267,0.47852009094636255,0.09875,0.01075,0.001,1.8841833207093375,0.308416555970661,-1.5765724624918946,0,-0.30578039419817005,0,2.2706420183392986,0,4.239732232253928,0,,,,,
hea_ring,dn,6,MIDDLE,3,0,RY,6,11006,4000,0,0,0,0,0,0,0,0.015733603341201746,0.015459522010223395,0.010697787866692388,0.010793314909783167,0.03119312535142514,0.02585494313386029,-1.6268712236266447,0.0236117826256229,0.4596946814534313,0.47782110508980424,0.49137101062454824,0.48376149928265477,0.1025,0.00875,0.00075,1.8961534019402713,0.30814100968919933,-1.587456416085303,0,-0.3207346960337156,0,2.3028718190900888,0,4.289190187510664,0,,,,,
hea_ring,dn,6,LATE,5,0,RY,6,11006,4000,0,0,0,0,0,0,0,0.01569269331200908,0.014979541139814484,0.01089508800877692,0.010314093545781602,0.030672234451823564,0.026198481823821663,-1.6308044460154982,0.023398906067024983,0.4473283341850389,0.5037023733774231,0.498820457027409,0.48417335803120065,0.101,0.01025,0.0015,1.8900542523760797,0.3082855696222184,-1.5817238797356026,0,-0.2978260052729461,0,2.2851413623730217,0,4.244765344969399,0,,,,,
hea_ring,dn,6,EARLY,0,0,RY,6,11007,4000,0,0,0,0,0,0,0,0.015386716086354146,0.015366739606430655,0.010449780044816979,0.010396436323614295,0.030753455692784804,0.026062169318644902,-1.6266237779072719,0.023625239622110272,0.44039237830648226,0.5133229381507383,0.5068025160094369,0.4768925508388112,0.1055,0.0095,0.00125,1.8928187682927269,0.30837283910364166,-1.5839895508585986,0,-0.28960932968513853,0,2.2429653513604304,0,4.197589986078604,0,,,,,
hea_ring,dn,6,MIDDLE,3,0,RY,6,11007,4000,0,0,0,0,0,0,0,0.015449043564546799,0.015257976990693764,0.0108496278460194,0.01075738192189258,0.030707020555240563,0.0260068355023704,-1.6316848552750507,0.023351519449036892,0.44914875290337575,0.49627987543000807,0.5015126283112594,0.4719803438615262,0.0985,0.00975,0.0015,1.8935081720004723,0.30824535564222755,-1.584912489568449,0,-0.304273339151535,0,2.268728705779732,0,4.239028868771662,0,,,,,
hea_ring,dn,6,LATE,5,0,RY,6,11007,4000,0,0,0,0,0,0,0,0.0154093814608783,0.01577512828181061,0.01118597752611834,0.01101910087227603,0.03118450974268891,0.026436174670414307,-1.6183833842225455,0.02407778963647041,0.4341379985014395,0.4958102583838716,0.49985900944267997,0.4767733747273662,0.09575,0.0105,0.001,1.885744925591859,0.3084050489186826,-1.5778014255996775,0,-0.3046844928646366,0,2.262331213785525,0,4.2151155667457445,0,,,,,
hea_ring,dn,6,EARLY,0,0,RY,6,11008,4000,0,0,0,0,0,0,0,0.01598807770559823,0.015528312247754665,0.011311496978877313,0.01097337089336703,0.03151638995335289,0.026673150917718415,-1.6122377030976462,0.024420935518423916,0.44258584986196947,0.4932221917677829,0.4957886220794453,0.4964542700895631,0.103,0.01175,0.00075,1.8838750720968063,0.30847931946698015,-1.5739256825661312,0,-0.3069573913724337,0,2.2686745163694173,0,4.227331951987583,0,,,,,
hea_ring,dn,6,MIDDLE,3,0,RY,6,11008,4000,0,0,0,0,0,0,0,0.0155964633327198,0.016046934819778067,0.010674174867408143,0.011409730557051091,0.031643398152497865,0.02664828778317619,-1.6175417264407543,0.02412449736469112,0.44243008603557255,0.4872124483560441,0.49030208577382295,0.4871344261492587,0.1035,0.01175,0.001,1.8829719856884048,0.3084889039581703,-1.5743307000465976,0,-0.3122816246702075,0,2.2687914382122862,0,4.240231541747212,0,,,,,
hea_ring,dn,6,LATE,5,0,RY,6,11008,4000,0,0,0,0,0,0,0,0.015765074263187767,0.01584178773187206,0.010723289464262663,0.01131444661369459,0.031606861995059826,0.02665403685797659,-1.615385472132418,0.024244572342666512,0.449850105349793,0.49786205118447135,0.5024971599701185,0.4861479537619659,0.0975,0.0085,0.001,1.8823825616745804,0.3083946889506718,-1.5742370095938436,0,-0.3028909837696929,0,2.2683116387431355,0,4.222048060675295,0,,,,,
hea_ring,dn,6,EARLY,0,0,RY,6,11009,4000,0,0,0,0,0,0,0,0.01592930708242416,0.01577221570422748,0.010960670001160393,0.010765714717227037,0.03170152278665164,0.026466656209969804,-1.614865169117762,0.02427363576388878,0.4465833001313271,0.5022282138283809,0.49721877692751965,0.4967128573706375,0.10625,0.01325,0.0005,1.8855676688870864,0.3084553523135134,-1.5773009333880437,0,-0.2990988945356929,0,2.263807329755872,0,4.2307772827679475,0,,,,,
hea_ring,dn,6,MIDDLE,3,0,RY,6,11009,4000,0,0,0,0,0,0,0,0.015679036333001335,0.015787331580434032,0.010971941594209406,0.010688769215036888,0.031466367913435364,0.026073939076836028,-1.6204330027958311,0.02396442412646615,0.4560893335022391,0.498283043302726,0.49711101690877774,0.4737079958043502,0.10025,0.00925,0.00125,1.8926048468014238,0.30836408137821303,-1.5837933630672687,0,-0.3025238987423291,0,2.286103138990398,0,4.255691718080692,0,,,,,
hea_ring,dn,6,LATE,5,0,RY,6,11009,4000,0,0,0,0,0,0,0,0.015440852950863775,0.01580876515912067,0.010719033466782952,0.01118062617042449,0.031249618109984445,0.026225160459087363,-1.619086172311648,0.02403885775878527,0.43996589642229034,0.5095276858071203,0.5031906125271731,0.4708565129374201,0.1055,0.008,0.00125,1.8891877088692037,0.3082928787622792,-1.581282020868549,0,-0.2928322604363795,0,2.2625051120932302,0,4.234172183232708,0,,,,,
hea_ring,dn,8,EARLY,0,0,RY,8,11000,4000,0,0,0,0,0,0,0,0.0038934812142001726,0.0038776821327669575,0.0028000096656925337,0.0026492660903915995,0.007771163346967131,0.0065769650586793545,-2.223279799126422,0.005980261857950954,0.42931405991480176,0.49931274473050385,0.5006539170466473,0.4658754858049641,0.09475,0.01175,0.001,2.4849377394194745,0.30285080385833996,-2.181974465941889,0,-0.3016273493651665,0,2.86420147734565,0,5.419460222249464,0,,,,,
hea_ring,dn,8,MIDDLE,4,0,RY,8,11000,4000,0,0,0,0,0,0,0,0.0038303235643625958,0.003999927017587445,0.002622568145659171,0.0027771120076648236,0.00783025058195004,0.006557774788101182,-2.223272968389743,0.005980355918356912,0.45409877793556364,0.5190418118392732,0.5105005536022523,0.4667741964110397,0.09425,0.01225,0.00175,2.4862610388438697,0.30289598534176254,-2.1832435138026467,0,-0.2847976560243808,0,2.8385203382911808,0,5.381108032509645,0,,,,,
hea_ring,dn,8,LATE,7,0,RY,8,11000,4000,0,0,0,0,0,0,0,0.0039026493379529965,0.0038414276519303757,0.002722638378956672,0.0026445396765066784,0.007744076989883371,0.006437775206278681,-2.2267910321744546,0.0059321068885363724,0.4481583656416932,0.5084478142447154,0.5093040775338791,0.471097526094323,0.091,0.0105,0.00125,2.494102112367562,0.30287126950778953,-2.191264193047175,0,-0.2937536290231422,0,2.8674777356604872,0,5.411094921994215,0,,,,,
hea_ring,dn,8,EARLY,0,0,RY,8,11001,4000,0,0,0,0,0,0,0,0.003991320947424161,0.004003339346116253,0.002744954087248736,0.0028355451747944784,0.007994660293540413,0.006682351110296848,-2.213958324275023,0.006110006548780252,0.44969765904158865,0.50869482915228,0.5037140895020804,0.4688341051265353,0.1015,0.009,0.00125,2.477851636539376,0.30290264116616505,-2.175070718853808,0,-0.2935426793970139,0,2.853410926034939,0,5.422263470637086,0,,,,,
hea_ring,dn,8,MIDDLE,4,0,RY,8,11001,4000,0,0,0,0,0,0,0,0.003951985122182093,0.0039114815592783455,0.00272980414694291,0.0027616134960573874,0.00786346668146044,0.00668783721907029,-2.223442818253555,0.0059780174957490455,0.43872002886086214,0.5122546605646767,0.5059736148499024,0.47164039620558423,0.10075,0.00675,0.00075,2.477670253909845,0.3029162685005138,-2.174714318071284,0,-0.29051408481105767,0,2.842600690671501,0,5.398612358172979,0,,,,,
hea_ring,dn,8,LATE,7,0,RY,8,11001,4000,0,0,0,0,0,0,0,0.003982305091289655,0.003880811907879086,0.002759712349479627,0.00263793388998683,0.00786311699916874,0.006643229378374672,-2.224579801506945,0.005962387510402353,0.4637255191139589,0.49448212436576316,0.5005122455879069,0.4732778802553118,0.098,0.008,0.001,2.4806463546020305,0.3028890458164626,-2.1776207530935823,0,-0.30584944250527557,0,2.8750841309230513,0,5.4402840592491675,0,,,,,
hea_ring,dn,8,EARLY,0,0,RY,8,11002,4000,0,0,0,0,0,0,0,0.0038669893309216828,0.00399796028013988,0.0027412594619116992,0.0027708936391198295,0.007864949611061562,0.006632806825131029,-2.221428089580869,0.006005814448660554,0.4451268037779639,0.499894734783225,0.4971642415420699,0.4794100245411652,0.09375,0.0095,0.0005,2.481321589735619,0.30287260905530955,-2.178302701424114,0,-0.30112145924145717,0,2.881777468344375,0,5.435956501490938,0,,,,,
hea_ring,dn,8,MIDDLE,4,0,RY,8,11002,4000,0,0,0,0,0,0,0,0.003860487880490683,0.0039760777120786215,0.0026627344379374857,0.0027649951376160853,0.007836565592569305,0.006580736681297554,-2.219843203988562,0.006027771711483045,0.44222996237938617,0.4914136363753629,0.49669902249608605,0.4936990344759099,0.09875,0.01025,0.002,2.484287846726639,0.30285062894022374,-2.1817255050733353,0,-0.3085527964147272,0,2.869960367188563,0,5.434952929589247,0,,,,,
hea_ring,dn,8,LATE,7,0,RY,8,11002,4000,0,0,0,0,0,0,0,0.0038933774862940397,0.003990299474224613,0.002724393808227477,0.0028115292115365106,0.007883676960518653,0.006750835575480459,-2.214343172745292,0.006104594587023512,0.43686083427827427,0.5083912486597534,0.5083536554079872,0.4686593889327015,0.09325,0.0095,0.001,2.4738573984943164,0.3029110850729,-2.1706424722840447,0,-0.2938019363543653,0,2.850431310817694,0,5.399441304232922,0,,,,,
hea_ring,dn,8,EARLY,0,0,RY,8,11003,4000,0,0,0,0,0,0,0,0.004032277983525594,0.0039240245697458945,0.0027896576475135416,0.0027797884357604694,0.007956302553271488,0.006727438748767169,-2.214141664503105,0.006107427714320634,0.4470840277819379,0.4903551865900099,0.49414084870527736,0.4905966062123312,0.103,0.01125,0.0015,2.4747832487770967,0.3028930332070441,-2.1721502537646478,0,-0.3094892286641592,0,2.8658049599065234,0,5.430231233867508,0,,,,,
hea_ring,dn,8,MIDDLE,4,0,RY,8,11003,4000,0,0,0,0,0,0,0,0.003940966040473269,0.004003065442971569,0.0027100651010410317,0.0028187562424047533,0.007944031483444837,0.006680210819022134,-2.214552275363606,0.006101656075218363,0.4415843732447575,0.5012141547932688,0.49746017026343775,0.4773891002754391,0.109,0.01025,0.001,2.478251947544951,0.3029087234508183,-2.175209895821813,0,-0.2999766725946929,0,2.8762358539857673,0,5.420073723218157,0,,,,,
hea_ring,dn,8,LATE,7,0,RY,8,11003,4000,0,0,0,0,0,0,0,0.003916852493500505,0.003953926399312493,0.0027897772873055476,0.002804865750580572,0.007870778892812999,0.006635716307361227,-2.2185716391554813,0.00604544620309529,0.4360352245831234,0.48841713253428787,0.4929807725192423,0.47650139297571903,0.10075,0.0115,0.001,2.481020228186045,0.3028783071564445,-2.1781121894335467,0,-0.31120950373513734,0,2.8723899892434606,0,5.421336278335614,0,,,,,
hea_ring,dn,8,EARLY,0,0,RY,8,11004,4000,0,0,0,0,0,0,0,0.003897138679027703,0.004026112425763166,0.002645650585911863,0.0027774497808368053,0.00792325110479087,0.006674847273768025,-2.21800104102957,0.006053394237177582,0.4376709307222115,0.49726070189419136,0.4999793531697364,0.48272181607955206,0.099,0.01125,0.00075,2.4786501077044387,0.30289895478028983,-2.1755586830817766,0,-0.303415861774459,0,2.870229563475175,0,5.434787994869543,0,,,,,
hea_ring,dn,8,MIDDLE,4,0,RY,8,11004,4000,0,0,0,0,0,0,0,0.0038651411028406083,0.003923571147461104,0.0027227505415672614,0.0027279836563651226,0.007788712250301712,0.006600917909111461,-2.225734610741026,0.005946554304540963,0.4438951884480242,0.49563273606700575,0.49662249967794553,0.47577181575316446,0.10275,0.00975,0.00025,2.4831250858725507,0.30287151118838995,-2.1803956682260175,0,-0.30484006610967607,0,2.8941238913203398,0,5.443387842428036,0,,,,,
hea_ring,dn,8,LATE,7,0,RY,8,11004,4000,0,0,0,0,0,0,0,0.00381436678406878,0.0039863132300654,0.0026238182110842377,0.002742405554797816,0.00780068001413418,0.006579606335056103,-2.2237471587371025,0.005973829748756634,0.4409083089565533,0.5003860818070844,0.5004228328725255,0.47595333150202607,0.1,0.01075,0.00125,2.48488222742914,0.3028887786831458,-2.1818000919857186,0,-0.30069478512874903,0,2.86840605564052,0,5.434038924118109,0,,,,,
hea_ring,dn,8,EARLY,0,0,RY,8,11005,4000,0,0,0,0,0,0,0,0.003877521116832739,0.003994028051314493,0.0025653731776872375,0.002733253321348974,0.00787154916814723,0.006634601536461513,-2.2234296239816302,0.005978199116262006,0.44792056121577484,0.5159393746934877,0.5110434068560618,0.4616334116000913,0.09175,0.008,0.001,2.4809640575490914,0.30288143424722413,-2.178185169109045,0,-0.2874013324429443,0,2.8520218277329423,0,5.415366642514128,0,,,,,
hea_ring,dn,8,MIDDLE,4,0,RY,8,11005,4000,0,0,0,0,0,0,0,0.0039020311030498666,0.004036337313856205,0.0027010543038650837,0.002811813021705576,0.007938368416906072,0.006557931962549224,-2.219037639919859,0.006038962879493571,0.4497639197285075,0.4842110837177849,0.49353978404228505,0.5027031085545725,0.101,0.01175,0.001,2.4859335861144074,0.3028748263666001,-2.18323310308853,0,-0.3149653238551169,0,2.8978967437515593,0,5.454456751237267,0,,,,,
hea_ring,dn,8,LATE,7,0,RY,8,11005,4000,0,0,0,0,0,0,0,0.0039711491211240684,0.003987314112584801,0.002738789407500894,0.0027776554761948583,0.007958463233708869,0.006647444475169594,-2.2152912310775226,0.006091282883622863,0.4452931979667807,0.5027020667708688,0.4979776263413052,0.46791279086188436,0.10925,0.01,0.00075,2.4803246354262702,0.30291201723251104,-2.177345282112502,0,-0.29868933289762944,0,2.861133879869775,0,5.400857352038285,0,,,,,
hea_ring,dn,8,EARLY,0,0,RY,8,11006,4000,0,0,0,0,0,0,0,0.003873440534346753,0.003923044426767475,0.002637304854342673,0.002791474709145797,0.007796484961114228,0.006597388763235047,-2.2236120700268516,0.005975688216943953,0.4528327114252626,0.49322959376558306,0.4959161895552768,0.466782419976537,0.10125,0.01075,0.00125,2.483707070209295,0.30288583917505196,-2.1806279385729557,0,-0.30695088199057463,0,2.8724372845718698,0,5.429943238532374,0,,,,,
hea_ring,dn,8,MIDDLE,4,0,RY,8,11006,4000,0,0,0,0,0,0,0,0.003854909723269648,0.0038135949292948577,0.0027421407302947324,0.002665363283150198,0.007668504652564506,0.006533061230842302,-2.2329188449526303,0.005848993719743963,0.4476067388990188,0.4997024034503543,0.4974565142732994,0.4717751602226276,0.10825,0.00775,0.00025,2.4880846635249316,0.3028443323743353,-2.1848832779958394,0,-0.30128856748728006,0,2.875988810551762,0,5.427430632166184,0,,,,,
hea_ring,dn,8,LATE,7,0,RY,8,11006,4000,0,0,0,0,0,0,0,0.0037688333965183256,0.003826264218526217,0.002653380444251686,0.002552070943085457,0.0075950976150445425,0.006453812388754821,-2.2357132895040093,0.005811479504386041,0.4468604453699383,0.5027533123316847,0.4983626303726637,0.49217596209714914,0.11175,0.015,0.002,2.492946441487077,0.30283595081165804,-2.1901836655951215,0,-0.29864506869603663,0,2.882316753427091,0,5.459080187814194,0,,,,,
hea_ring,dn,8,EARLY,0,0,RY,8,11007,4000,0,0,0,0,0,0,0,0.0038941163260962338,0.0038984723199118306,0.0026863393372887293,0.0026419554656614648,0.007792588646008065,0.0064591087421546275,-2.227757390371793,0.0059189219016549995,0.4525734114097808,0.4957328184241022,0.49977155116538313,0.47011545409213573,0.09925,0.0065,0.00025,2.4928619286032583,0.3028160975432803,-2.1898274049400435,0,-0.3047523307707914,0,2.8860428474182998,0,5.457265759111176,0,,,,,
hea_ring,dn,8,MIDDLE,4,0,RY,8,11007,4000,0,0,0,0,0,0,0,0.0037976118853366497,0.0039497116442162835,0.002613136813816464,0.00276002409363844,0.007747323529552933,0.00654464124582102,-2.227792279901563,0.005918446417586751,0.44957664289541843,0.5179844839401248,0.5075955571871158,0.47027211593965007,0.096,0.009,0.0,2.4870686948124483,0.30286134431890566,-2.184114172715457,0,-0.2856833021605919,0,2.8543812673997704,0,5.417739449004033,0,,,,,
hea_ring,dn,8,LATE,7,0,RY,8,11007,4000,0,0,0,0,0,0,0,0.003914020875542487,0.0038955031625574365,0.0027161229854256188,0.0026789241534479194,0.007809524038099923,0.0065524002324550985,-2.2276401295085124,0.005920520244779617,0.44848435310642776,0.5001440045675909,0.5023320416054587,0.480588976054859,0.09725,0.01,0.00125,2.4865581771939778,0.3028464334711818,-2.1835995829758637,0,-0.3009049348608931,0,2.895927407550264,0,5.447345710454728,0,,,,,
hea_ring,dn,8,EARLY,0,0,RY,8,11008,4000,0,0,0,0,0,0,0,0.003935319498376299,0.0038426329081744396,0.002717459531443124,0.00262646716558833,0.007777952406550738,0.006613876478759762,-2.221704128975451,0.006001998340697917,0.43946940552182645,0.5061883790321947,0.5023755620150778,0.48297166771849426,0.1005,0.0125,0.00175,2.4822183471631867,0.3028567721528852,-2.1795439311678724,0,-0.29568783467802595,0,2.880785440003618,0,5.446689602650242,0,,,,,
hea_ring,dn,8,MIDDLE,4,0,RY,8,11008,4000,0,0,0,0,0,0,0,0.0039771595038699935,0.003969657382605802,0.0027445286834893398,0.0027570690812802282,0.007946816886475794,0.006705290427755783,-2.214458539649343,0.006102973164983919,0.44278451838317845,0.5070043855735062,0.5044425790937712,0.4649228750155834,0.0965,0.0125,0.0015,2.476467010966944,0.3029175262020569,-2.173582483739196,0,-0.2949882905975062,0,2.8534365831264106,0,5.39947077985795,0,,,,,
hea_ring,dn,8,LATE,7,0,RY,8,11008,4000,0,0,0,0,0,0,0,0.003911536401379631,0.0040068885407687355,0.0027058761759285416,0.0027858523159276574,0.007918424942148367,0.006580843771639393,-2.2168927650721852,0.006068861619315747,0.44688833400224537,0.4941296198164069,0.4977426278409722,0.45689317962897846,0.093,0.01225,0.0005,2.484793963189615,0.30286714700095385,-2.181718419174536,0,-0.3061591181355636,0,2.868131435477335,0,5.418700368637095,0,,,,,
hea_ring,dn,8,EARLY,0,0,RY,8,11009,4000,0,0,0,0,0,0,0,0.003920257160755278,0.003942449890906706,0.0027241907607004094,0.002779636665325244,0.007862707051661984,0.006567716347904052,-2.220418959917603,0.00601978582637974,0.44084990402962543,0.4930522029989689,0.49853348955512433,0.4791283439758822,0.10475,0.012,0.001,2.485150347742487,0.3028902699117433,-2.1825856122540577,0,-0.30710709654361257,0,2.8817065642669712,0,5.44249070361999,0,,,,,
hea_ring,dn,8,MIDDLE,4,0,RY,8,11009,4000,0,0,0,0,0,0,0,0.003946083790371783,0.003917146335658602,0.0027695288404026345,0.00279635357162684,0.007863230126030386,0.006559970070986581,-2.2223041918147555,0.005993711131626404,0.44129839058472453,0.5108994257931088,0.5053100944174965,0.45705019073777226,0.09825,0.00925,0.002,2.4859269910146864,0.30287799238393465,-2.1830981672417247,0,-0.29166458565856285,0,2.8460037798001503,0,5.4087023562869465,0,,,,,
hea_ring,dn,8,LATE,7,0,RY,8,11009,4000,0,0,0,0,0,0,0,0.003974296302584378,0.003860227372748787,0.0027966837113183205,0.002709661675048216,0.007834523675333166,0.0064638224403662705,-2.221232252906687,0.006008523264911392,0.44203657714309674,0.5051045273282018,0.4987494995883638,0.48819517762199927,0.10575,0.014,0.001,2.492389991673173,0.3028603415830555,-2.1895105885111903,0,-0.2966187628680344,0,2.868857507572682,0,5.427353131433191,0,,,,,
hea_ring,dn,10,EARLY,0,0,RY,10,11000,4000,0,0,0,0,0,0,0,0.0009583167206628364,0.0009849389867157743,0.000674942071096891,0.0006839634636607343,0.0019432557073786108,0.0016500630255142828,-2.8284120667704915,0.0014845264272600588,0.4458896606328553,0.49246573319098674,0.49631021971101524,0.4879372233354151,0.1045,0.0105,0.00075,3.08392876094398,0.3014786460474479,-2.782499515858297,0,-0.3076239859134716,0,3.4944799151705936,0,6.661794328149773,0,,,,,
hea_ring,dn,10,MIDDLE,5,0,RY,10,11000,4000,0,0,0,0,0,0,0,0.0009786650892320138,0.0009448985823161243,0.0006624939497829563,0.0006672081395411005,0.0019235636715481382,0.0016259845968590052,-2.8352434906546726,0.0014613576229625161,0.44508256588243,0.4944645959671336,0.4975738964132016,0.477614272512537,0.0995,0.01325,0.0015,3.090393048565694,0.30148931917206645,-2.7888835730411476,0,-0.3058648053505245,0,3.494566693869921,0,6.66241787473556,0,,,,,
hea_ring,dn,10,LATE,9,0,RY,10,11000,4000,0,0,0,0,0,0,0,0.0009524515193653114,0.0009551168335013692,0.0006648142462239266,0.0006613162858382265,0.0019075683528666802,0.0016313437235788227,-2.8341475624470984,0.001465049968891976,0.4408193554288413,0.4931572739982261,0.49522440683685987,0.49867206216512916,0.1085,0.0105,0.001,3.0889758920668156,0.30148397572182706,-2.78745452585252,0,-0.3070145577123436,0,3.505676843908512,0,6.681330917119556,0,,,,,
hea_ring,dn,10,EARLY,0,0,RY,10,11001,4000,0,0,0,0,0,0,0,0.0009751636693071326,0.0009725282135795504,0.0006689942892827371,0.0006556452711371518,0.0019476918828866831,0.0016080401120760282,-2.828407380039191,0.001484542447758372,0.45084959303660277,0.5118682338704659,0.5096443484720408,0.451684116791988,0.089,0.011,0.001,3.0951871714750228,0.3014853209867161,-2.7937031260423573,0,-0.2908418464095758,0,3.455000940031601,0,6.623443241720121,0,,,,,
hea_ring,dn,10,MIDDLE,5,0,RY,10,11001,4000,0,0,0,0,0,0,0,0.0009766130146050894,0.0009862065732358257,0.0006733409234923922,0.0006741729763423307,0.001962819587840915,0.0016427766226888535,-2.8257850724161333,0.00149353336002138,0.44922160763469776,0.49933421065833544,0.5039874386556822,0.4671788216803484,0.09375,0.006,0.00025,3.085944754177313,0.30149337482414995,-2.7844215785921786,0,-0.3016087091742743,0,3.4804783288321053,0,6.645341015980409,0,,,,,
hea_ring,dn,10,LATE,9,0,RY,10,11001,4000,0,0,0,0,0,0,0,0.0009795796042514002,0.000993708897777477,0.000673981988618439,0.000682042015222222,0.0019732885020288774,0.0016698646523146284,-2.8231288821232505,0.0015026959567726755,0.439743585901442,0.4915019524614562,0.49124132075424976,0.48739588923333277,0.10225,0.01025,0.001,3.078842932923427,0.30149113130580285,-2.7773187778958413,0,-0.30847477364431,0,3.487078896775956,0,6.646316432832554,0,,,,,
hea_ring,dn,10,EARLY,0,0,RY,10,11002,4000,0,0,0,0,0,0,0,0.0009643134897247119,0.0009926644970748636,0.0006767536336799569,0.0007073367242247167,0.0019569779867995756,0.0016578850912986366,-2.8244801006438127,0.0014980278910517904,0.431002476145828,0.4882398382797982,0.49534029935643425,0.49523731396365905,0.104,0.0095,0.0005,3.0818415011710205,0.30149338294285144,-2.7804455948756024,0,-0.31136678746824975,0,3.4861572105841305,0,6.628321178282254,0,,,,,
hea_ring,dn,10,MIDDLE,5,0,RY,10,11002,4000,0,0,0,0,0,0,0,0.0009669296700795954,0.0009824396555461166,0.0006695800297956211,0.0006840821505283529,0.001949369325625712,0.0016595662575664529,-2.8287933170471007,0.0014832237909544112,0.45047087127995056,0.49838586898494824,0.4982415684879951,0.4845145343169628,0.1025,0.0095,0.00125,3.0814672038283053,0.3014973053726495,-2.7800054044729223,0,-0.3024342805063003,0,3.4828717513692116,0,6.633474852999987,0,,,,,
hea_ring,dn,10,LATE,9,0,RY,10,11002,4000,0,0,0,0,0,0,0,0.0009764191389301996,0.0009813891057802013,0.0006788959923013378,0.0006568589933991049,0.001957808244710401,0.0016545076365350464,-2.8264286015281934,0.0014913219101984475,0.4505817243716841,0.49731453194996383,0.49769767370993984,0.4948536680908233,0.10925,0.01025,0.00075,3.082894425487617,0.3014886746788683,-2.7813312283046265,0,-0.30336885064719876,0,3.4919381280925856,0,6.666385940409111,0,,,,,
hea_ring,dn,10,EARLY,0,0,RY,10,11003,4000,0,0,0,0,0,0,0,0.000955601651522666,0.0009848884641051753,0.0006553776868266604,0.0006720317956675378,0.001940490115627841,0.0016350233025804466,-2.8255534413987973,0.0014943301486942937,0.435557853355899,0.4933834815419742,0.4993186725067155,0.47035716955967205,0.10175,0.01,0.0005,3.0879323918091632,0.30148311713114273,-2.7864760633265657,0,-0.3068154267846483,0,3.4766954945982134,0,6.641052562446022,0,,,,,
hea_ring,dn,10,MIDDLE,5,0,RY,10,11003,4000,0,0,0,0,0,0,0,0.0009850160752711884,0.0009902939859017805,0.0006727809642107217,0.0006886605632084592,0.0019753100611729687,0.0016818311495027912,-2.8170249173899418,0.0015239653146771716,0.4482147936053731,0.5108201151263562,0.5081111077124273,0.45832596863646197,0.091,0.0105,0.00175,3.0756941247629923,0.30150403319204777,-2.7742176103515424,0,-0.29173201036944507,0,3.4456910490029706,0,6.5827035935125595,0,,,,,
hea_ring,dn,10,LATE,9,0,RY,10,11003,4000,0,0,0,0,0,0,0,0.000972448751866328,0.0009648277016306486,0.0006720423636039643,0.0006694942894444033,0.0019372764534969764,0.001608299886626602,-2.8280711311762143,0.0014856922873766366,0.44572002431541335,0.49296522639736595,0.4979928778430837,0.4678581053466734,0.097,0.01125,0.00125,3.0950472752136813,0.30147600205855185,-2.7936329686785566,0,-0.3071837147050156,0,3.5057895854724146,0,6.662941833574633,0,,,,,
hea_ring,dn,10,EARLY,0,0,RY,10,11004,4000,0,0,0,0,0,0,0,0.000982282110818013,0.000975846204647095,0.0006912452915285562,0.0006687636197591268,0.001958128315465108,0.001630960179336748,-2.8246004838905963,0.0014976127062474498,0.4351809192780909,0.5010008322796398,0.49988163444341993,0.46987316501674525,0.09775,0.01075,0.00125,3.0890556522273154,0.30148425382670907,-2.787556685519129,0,-0.3001615579212952,0,3.4735733958472643,0,6.626328174002851,0,,,,,
hea_ring,dn,10,MIDDLE,5,0,RY,10,11004,4000,0,0,0,0,0,0,0,0.0009903822668289961,0.0009839742553886424,0.0006987928554800797,0.0006834262611641383,0.0019743565222176385,0.0016707370717159635,-2.8223602050709986,0.001505358000088096,0.44585441480076415,0.4943070873969249,0.49652227587276676,0.46651357906232527,0.1015,0.01075,0.00125,3.0786833585967095,0.3014990252299041,-2.7770920029080814,0,-0.30600318686099226,0,3.4713040151897214,0,6.620135997209536,0,,,,,
hea_ring,dn,10,LATE,9,0,RY,10,11004,4000,0,0,0,0,0,0,0,0.0009761041790481345,0.000985852378416749,0.0006801263808344177,0.0006799847409598203,0.0019619565574648837,0.0016533706065784376,-2.822708496791298,0.0015041512301030538,0.4410982397850942,0.5034197776188019,0.5078182782736257,0.4856221273691974,0.099,0.0095,0.00125,3.0832405740185935,0.3014943207409231,-2.781629826382039,0,-0.298069726582529,0,3.4580937807174235,0,6.619007676142945,0,,,,,
hea_ring,dn,10,EARLY,0,0,RY,10,11005,4000,0,0,0,0,0,0,0,0.00099400596793083,0.0009916597860878888,0.0006770691270882891,0.0006791059719914717,0.001985665754018719,0.0016587456591014957,-2.8216049461295167,0.001507978167515427,0.445131308919847,0.49727021477090827,0.49915743511045524,0.49257312896112676,0.1005,0.00975,0.00075,3.0816800500695356,0.3014895424994588,-2.780220202063407,0,-0.3034075547891181,0,3.4667735715633237,0,6.626109370530626,0,,,,,
hea_ring,dn,10,MIDDLE,5,0,RY,10,11005,4000,0,0,0,0,0,0,0,0.0009862676093778259,0.0009948882357631557,0.000672581357244615,0.0006815770209763373,0.0019811558451409816,0.001649959877607346,-2.82686749059414,0.0014898155722315955,0.45958841894630353,0.4876117591342731,0.49502370293633224,0.484906211035117,0.09775,0.009,0.00025,3.083990462594273,0.3014909073250549,-2.7825266768559516,0,-0.3119258510995052,0,3.48298659471853,0,6.6337488895667,0,,,,,
hea_ring,dn,10,LATE,9,0,RY,10,11005,4000,0,0,0,0,0,0,0,0.0009947591152942577,0.0009927031705813404,0.0006787359199179679,0.0006896704524793379,0.001987462285875598,0.0016607266744888712,-2.8245335823234052,0.00149784342609039,0.45222397677226445,0.4953761632249389,0.4952067463817132,0.4943427163533092,0.1035,0.009,0.00125,3.0812017785116383,0.3014915137783354,-2.779701842238369,0,-0.3050649471029928,0,3.490126992931728,0,6.656822992125802,0,,,,,
hea_ring,dn,10,EARLY,0,0,RY,10,11006,4000,0,0,0,0,0,0,0,0.0010000804059624804,0.0010129819146848045,0.0007024914736127722,0.0007018200239565996,0.0020130623206472847,0.0016892555296346688,-2.8110246285694642,0.0015451668116066664,0.4449339716363081,0.4978362051560403,0.4975518726514348,0.49505910590786784,0.1035,0.009,0.0005,3.0737534557057096,0.30150160197474474,-2.7723046811569647,0,-0.3029135318734464,0,3.4693624415996425,0,6.615694753509333,0,,,,,
hea_ring,dn,10,MIDDLE,5,0,RY,10,11006,4000,0,0,0,0,0,0,0,0.00100210367214803,0.000996285288439339,0.0006931912362554034,0.0007085787761670352,0.001998388960587369,0.0016801392928808296,-2.8155164016620344,0.0015292679906529787,0.4488808181067174,0.51501559312941,0.5068617404605792,0.4964307267245819,0.1075,0.00925,0.0015,3.076293121039695,0.3015051831149116,-2.7746547201180722,0,-0.28817964037089666,0,3.4608793517067316,0,6.618224835343257,0,,,,,
hea_ring,dn,10,LATE,9,0,RY,10,11006,4000,0,0,0,0,0,0,0,0.0010102833730848285,0.0010052570393645345,0.0006974244235416437,0.0006939034835016515,0.002015540412449362,0.001733435965819632,-2.8113234076166984,0.001544104157763556,0.4492963500867009,0.4950354621783551,0.49856424817831463,0.49116131665806684,0.10575,0.00825,0.00075,3.0627118296273506,0.30150892376586524,-2.7610922281744115,0,-0.30536369121462614,0,3.466900135403337,0,6.622257222593274,0,,,,,
hea_ring,dn,10,EARLY,0,0,RY,10,11007,4000,0,0,0,0,0,0,0,0.0009781733382158498,0.0009792083494394768,0.0006693268490945695,0.0006707757503353018,0.0019573816876553266,0.0016434163638060439,-2.829614280617552,0.0014804226443408312,0.448796643281987,0.49818592718518284,0.49789677133820875,0.4750088253503715,0.10375,0.00975,0.00075,3.0856970369257026,0.3014932950745701,-2.784252393024355,0,-0.3026086304941378,0,3.4784955783587375,0,6.643445306849183,0,,,,,
hea_ring,dn,10,MIDDLE,5,0,RY,10,11007,4000,0,0,0,0,0,0,0,0.0009544707414878808,0.0009994575986430297,0.0006532483086058803,0.0006880931969261439,0.0019539283401309106,0.001631874309917055,-2.830613426638865,0.0014770206710926356,0.45725147524275345,0.5004228016329977,0.493448661122971,0.4936667496483619,0.108,0.00925,0.001,3.0887498028279423,0.30147980303964395,-2.7873132979036703,0,-0.30066291159101716,0,3.4935720026159642,0,6.670661946918795,0,,,,,
hea_ring,dn,10,LATE,9,0,RY,10,11007,4000,0,0,0,0,0,0,0,0.0009723990043226112,0.0009872201976623847,0.0006598142468266185,0.0006925681938613083,0.0019596192019849957,0.0016610071899780762,-2.8257889478290177,0.0014935200325837928,0.44215552614717213,0.48816738460969994,0.489422498771803,0.47957586825595705,0.10775,0.0105,0.0005,3.081081931231987,0.30149094454767256,-2.7796284882092133,0,-0.31143124052325377,0,3.511441073486007,0,6.652383369235174,0,,,,,
hea_ring,dn,10,EARLY,0,0,RY,10,11008,4000,0,0,0,0,0,0,0,0.0009740735564813803,0.000987512139715468,0.0006744245085931774,0.0006895830406202158,0.001961585696196848,0.0016499504988089703,-2.8220694893786678,0.0015063660204953807,0.4365936846629852,0.5044259190836714,0.501423111984441,0.47011197346955647,0.09075,0.01125,0.0005,3.0840612271609436,0.30149399403112676,-2.7825291006821953,0,-0.29720260631571244,0,3.471095914684803,0,6.633403571062856,0,,,,,
hea_ring,dn,10,MIDDLE,5,0,RY,10,11008,4000,0,0,0,0,0,0,0,0.0009602168791508759,0.0009981484025187283,0.000656611869404836,0.0006947462072667823,0.0019583652816696044,0.0016852976974139069,-2.825613149140605,0.0014941247190851192,0.4453363126034109,0.5121901071480867,0.5030205104038287,0.46758280282438003,0.09925,0.011,0.0015,3.0749116472520996,0.30149596893947006,-2.773323378998516,0,-0.2905688141351658,0,3.4733558968988794,0,6.615821507639305,0,,,,,
hea_ring,dn,10,LATE,9,0,RY,10,11008,4000,0,0,0,0,0,0,0,0.000996872794079894,0.0009728635414796774,0.0006808606613887017,0.0006878536892259309,0.0019697363355595716,0.001665795359229282,-2.8220250281516237,0.0015065202437536968,0.4445508678334136,0.5063004198528853,0.5062950111130423,0.47964186244471463,0.10625,0.01,0.002,3.0799109750524445,0.30149751680583337,-2.778378363541699,0,-0.2955917198965371,0,3.4572663974808524,0,6.629249840184895,0,,,,,
hea_ring,dn,10,EARLY,0,0,RY,10,11009,4000,0,0,0,0,0,0,0,0.0009736681511181314,0.000968079624695796,0.0006724492147696453,0.0006865314018418564,0.0019417477758139272,0.0016515097429784032,-2.828476714949564,0.0014843054601707468,0.43701675957975716,0.49558089208114,0.4998307935151557,0.47062583917549483,0.1,0.0105,0.00075,3.08360091932889,0.30148745711592206,-2.782118860337687,0,-0.30488544824094155,0,3.471830093019241,0,6.629276332676012,0,,,,,
hea_ring,dn,10,MIDDLE,5,0,RY,10,11009,4000,0,0,0,0,0,0,0,0.0009714039406368791,0.0009722394539195904,0.0006711550208389517,0.0006839343405649552,0.0019436433945564694,0.0016511971740973612,-2.829727390999712,0.0014800371239763973,0.4429157465233753,0.4992043350994446,0.4996696303611885,0.47979436499722483,0.102,0.00875,0.001,3.083700460161979,0.30149268056995226,-2.7822010776229207,0,-0.30172168863190507,0,3.47435791798026,0,6.622841401100942,0,,,,,
hea_ring,dn,10,LATE,9,0,RY,10,11009,4000,0,0,0,0,0,0,0,0.0009574805969764759,0.0009568408328593246,0.0006452524231808087,0.000677081142408543,0.0019143214298358007,0.0016031012185713125,-2.834503361642808,0.0014638502066201793,0.43673040048285605,0.5058973166028586,0.5038830716626143,0.46834435779899675,0.097,0.00825,0.00025,3.096504760474469,0.30148491292321133,-2.795039059335836,0,-0.29593763621828917,0,3.4754865340054053,0,6.625144780137971,0,,,,,
hea_ring,dn,12,EARLY,0,0,RY,12,11000,4000,0,0,0,0,0,0,0,0.0002399409212396892,0.00024175963568823878,0.00016682313407600266,0.00016213334064589608,0.00048170055692792804,0.0004007487504415217,-3.4355874787840404,0.00036678580630923396,0.456362238151959,0.49029195549403115,0.497949791042796,0.48666754611849355,0.10375,0.0085,0.00075,3.698252513128328,0.3011427454064537,-3.3971278327220222,0,-0.3095452333022383,0,4.105844585102057,0,7.875561404927954,0,,,,,
hea_ring,dn,12,MIDDLE,6,0,RY,12,11000,4000,0,0,0,0,0,0,0,0.00024018611463867166,0.00024066574181401878,0.0001676421734668164,0.00016947233808325862,0.0004808518564526905,0.0004110029813462694,-3.4312568633422877,0.00037046154760145256,0.439179717410215,0.5084905228981869,0.501330646868572,0.472579059314124,0.102,0.01225,0.0015,3.6872861624972426,0.30114474642051525,-3.386155052787595,0,-0.29371726103822915,0,4.080554736034099,0,7.8479679117410175,0,,,,,
hea_ring,dn,12,LATE,11,0,RY,12,11000,4000,0,0,0,0,0,0,0,0.00024056627788798245,0.00023990826325169878,0.00016586707888605515,0.00017054464177929,0.00048047454113968124,0.00040385026313241937,-3.4348862051056175,0.00036737854930714834,0.4488849563626687,0.4959364154599818,0.499869672156086,0.48215396246852904,0.102,0.01075,0.0005,3.69496658889363,0.3011428608760709,-3.393779631508715,0,-0.30457400130889695,0,4.076844296008878,0,7.853476709402959,0,,,,,
hea_ring,dn,12,EARLY,0,0,RY,12,11001,4000,0,0,0,0,0,0,0,0.00024979906552012566,0.00023932061716071569,0.00016840049847457214,0.0001655038211050113,0.0004891196826808413,0.0004070235445227658,-3.4287803512685904,0.00037258009468032767,0.45445877339573304,0.5138021812745973,0.5071057097024655,0.46483175540767707,0.0995,0.011,0.0005,3.691538677322617,0.3011445822483454,-3.390380471428078,0,-0.28920406181103964,0,4.067578615622622,0,7.846649638517461,0,,,,,
hea_ring,dn,12,MIDDLE,6,0,RY,12,11001,4000,0,0,0,0,0,0,0,0.00024468179088376826,0.00024377871019144005,0.00017034171668580626,0.00016526046284933836,0.0004884605010752084,0.00041012891245435356,-3.4288117290623323,0.000372553176725962,0.451835463882142,0.49809603634461563,0.5002062201878531,0.4778455772902993,0.1035,0.009,0.00075,3.6882346411633793,0.3011435761253607,-3.387079614165806,0,-0.3026869168462753,0,4.076202423252198,0,7.858554107096326,0,,,,,
hea_ring,dn,12,LATE,11,0,RY,12,11001,4000,0,0,0,0,0,0,0,0.00024567627464025673,0.00024626798251027555,0.0001674726187916494,0.00017087624541195658,0.0004919442571505322,0.00040910818204063066,-3.426315640902373,0.0003747005746143145,0.46559385536821063,0.5112838811048854,0.5038333973633743,0.47851414603869996,0.09325,0.0075,0.00175,3.6893086503043855,0.30114543431736984,-3.388161907131327,0,-0.2913378998791204,0,4.082657175290324,0,7.830070593727452,0,,,,,
hea_ring,dn,12,EARLY,0,0,RY,12,11002,4000,0,0,0,0,0,0,0,0.0002447478246039366,0.00024220215989548683,0.00017185543068088462,0.00016513532443543016,0.0004869499844994234,0.00040963048948379813,-3.4315146224593023,0.0003702417393520204,0.4502640696294442,0.49942978913972336,0.4979630965067603,0.47234409890851736,0.105,0.0105,0.001,3.6887459652429624,0.3011449962516286,-3.387607725591888,0,-0.30152559432599596,0,4.08465515861321,0,7.828953685799847,0,,,,,
hea_ring,dn,12,MIDDLE,6,0,RY,12,11002,4000,0,0,0,0,0,0,0,0.00024274725319543556,0.00023825089818979345,0.00016606392171199973,0.00016648960893839268,0.00048099815138522906,0.00040004728643001263,-3.431271782091469,0.00037044882183998534,0.4372702788306939,0.506886092361851,0.4988409481233481,0.46883923968641394,0.1025,0.01,0.001,3.699065961059364,0.30114285075995495,-3.397888671768435,0,-0.29508962527578064,0,4.080791245409541,0,7.8573725259064275,0,,,,,
hea_ring,dn,12,LATE,11,0,RY,12,11002,4000,0,0,0,0,0,0,0,0.0002417878159766625,0.000247528073745204,0.0001684944837390679,0.00016734418257658052,0.0004893158897218665,0.00040596249476799713,-3.4287566333312185,0.0003726004427920935,0.451960206440432,0.5036524042838906,0.5008918787483352,0.4741022200215803,0.0945,0.01075,0.00125,3.692694478288451,0.3011443858165488,-3.391514087287942,0,-0.2978690969619596,0,4.081701552288475,0,7.852497325095815,0,,,,,
hea_ring,dn,12,EARLY,0,0,RY,12,11003,4000,0,0,0,0,0,0,0,0.0002399189982669161,0.00024038771452071072,0.000164717426190784,0.0001605908924246783,0.00048030671278762683,0.0004034194981500234,-3.4394667265206387,0.0003635241548887042,0.4584883428847628,0.5181656689755081,0.5077862247338614,0.4616812288800324,0.10125,0.0105,0.00075,3.695444813252051,0.30114362465242084,-3.3942431153293198,0,-0.28553136550673175,0,4.069330034205097,0,7.826157441116655,0,,,,,
hea_ring,dn,12,MIDDLE,6,0,RY,12,11003,4000,0,0,0,0,0,0,0,0.00024147172627057232,0.0002461644095292652,0.0001660124897305656,0.00017270037423747236,0.0004876361357998375,0.00040331644363160327,-3.429421188888832,0.0003720307271884586,0.44452586414511774,0.4964808930751414,0.4994905544288008,0.48393644809525294,0.1,0.01275,0.00125,3.6955002322164496,0.30114361755298136,-3.394354071483466,0,-0.3040974640796452,0,4.0887857446651985,0,7.84835334250131,0,,,,,
hea_ring,dn,12,LATE,11,0,RY,12,11003,4000,0,0,0,0,0,0,0,0.0002400973609553816,0.00024815177127406437,0.00016456226725885734,0.00017454396914019695,0.00048824913222944593,0.00040527496009983574,-3.4292995494880554,0.0003721349420349086,0.4483408986764559,0.5076632663245119,0.5003943147041174,0.48388788452725595,0.098,0.01075,0.00125,3.693393548115324,0.30114259012904965,-3.3922502368801446,0,-0.2944242611279064,0,4.080189139561608,0,7.863594806549036,0,,,,,
hea_ring,dn,12,EARLY,0,0,RY,12,11004,4000,0,0,0,0,0,0,0,0.00023633583792676173,0.00024542369515473546,0.00016119929525695671,0.00016985382647278366,0.00048175953308149714,0.0003969991105644187,-3.4362419782999023,0.00036623346143145694,0.4448083231179294,0.507809805814242,0.5021049193417568,0.4724820174360997,0.096,0.009,0.002,3.7023705012540202,0.3011425326094348,-3.401210466599177,0,-0.2942989189511095,0,4.088369489191475,0,7.842600224125224,0,,,,,
hea_ring,dn,12,MIDDLE,6,0,RY,12,11004,4000,0,0,0,0,0,0,0,0.00024246089013607035,0.00024074974953049527,0.00017135967773523105,0.0001629839765702518,0.0004832106396665656,0.0004002472303152104,-3.431584444001309,0.00037018222035667457,0.44163901800389693,0.5078935500248221,0.5013271170472946,0.48856026664836383,0.11,0.012,0.001,3.698830927469224,0.30114467333941297,-3.397671664884958,0,-0.29422730245774015,0,4.084104844148256,0,7.865521139468945,0,,,,,
hea_ring,dn,12,LATE,11,0,RY,12,11004,4000,0,0,0,0,0,0,0,0.000239814041692615,0.00024171703558184204,0.00016163115977602143,0.00016461947630716154,0.00048153107727445706,0.0004039565410267218,-3.4361319440623883,0.00036632626326715633,0.442651153110988,0.5056561330604188,0.502191601456047,0.47008962617014893,0.0975,0.00975,0.00125,3.694786520127594,0.3011429171229807,-3.3936653649966653,0,-0.2961447214215831,0,4.0775562745698375,0,7.857042049140702,0,,,,,
hea_ring,dn,12,EARLY,0,0,RY,12,11005,4000,0,0,0,0,0,0,0,0.0002527404014922958,0.00024155764081890292,0.00017566988897945406,0.00016971012943527196,0.0004942980423111987,0.0004213388226246518,-3.4236812253127984,0.0003769804032755227,0.4459336412231232,0.4898021295694238,0.49647333417720607,0.48135739466807914,0.09525,0.01075,0.00075,3.676497786470428,0.30114787569749923,-3.3753685664047257,0,-0.3099793318686981,0,4.096330693735219,0,7.84171592714822,0,,,,,
hea_ring,dn,12,MIDDLE,6,0,RY,12,11005,4000,0,0,0,0,0,0,0,0.00024430970661854477,0.00024307921855367456,0.00016779802544008456,0.0001650165265327599,0.00048738892517221933,0.0004072011505165064,-3.433163601452581,0.0003688386285738679,0.4575626664704262,0.49614444976293115,0.5002674381307253,0.4734646401408661,0.09675,0.00875,0.001,3.691323971145197,0.3011437675595534,-3.390191004907949,0,-0.3043918825396801,0,4.082761966909214,0,7.828201998294089,0,,,,,
hea_ring,dn,12,LATE,11,0,RY,12,11005,4000,0,0,0,0,0,0,0,0.00023565223025917405,0.00025209242167265045,0.00016360703885084303,0.00017526544866037065,0.0004877446519318245,0.00040946576363419757,-3.429602001538271,0.0003718758694521352,0.44758716277277655,0.499457885237946,0.502422670029647,0.4586070951362251,0.096,0.0095,0.0005,3.688937270278781,0.3011443159638958,-3.3877824051238044,0,-0.30150112606739987,0,4.066549022341865,0,7.826151372555206,0,,,,,
hea_ring,dn,12,EARLY,0,0,RY,12,11006,4000,0,0,0,0,0,0,0,0.0002459044176675005,0.0002530685565108112,0.00016350966913929063,0.00017896963536163463,0.0004989729741783116,0.00042214781098878816,-3.423621374551767,0.00037703235907908826,0.4574348763523579,0.4994359755005001,0.49841772425406505,0.4883764211520355,0.10575,0.00875,0.00025,3.675670140050437,0.3011467483519261,-3.374535570080144,0,-0.30152018429090327,0,4.070480427373827,0,7.841331339325258,0,,,,,
hea_ring,dn,12,MIDDLE,6,0,RY,12,11006,4000,0,0,0,0,0,0,0,0.000247392471315462,0.0002476444151158693,0.00016859642420672392,0.00016584485154954985,0.0004950368864313314,0.0004168111949014109,-3.427064497303747,0.0003740550330356265,0.4594012524807902,0.5151210289984617,0.5099290805581564,0.4688181532960147,0.09775,0.0065,0.00075,3.681258323677892,0.30114841454225716,-3.380060661226978,0,-0.28809072086179227,0,4.050493879378794,0,7.8081367950437865,0,,,,,
hea_ring,dn,12,LATE,11,0,RY,12,11006,4000,0,0,0,0,0,0,0,0.0002515931210485446,0.00025197583024286923,0.00017306141170863215,0.00017458135397799247,0.0005035689512914138,0.0004225410610703455,-3.416156026587927,0.00038356941786208776,0.4464956732554608,0.5118329965946178,0.5067215137829236,0.47286967864822743,0.093,0.012,0.00125,3.6753037627706115,0.3011493145352364,-3.37413108353111,0,-0.2908717553495705,0,4.060711403621179,0,7.820052147330073,0,,,,,
hea_ring,dn,12,EARLY,0,0,RY,12,11007,4000,0,0,0,0,0,0,0,0.0002489333364052956,0.00023851438353883947,0.00017026544104656858,0.0001634886319864046,0.000487447719944135,0.0004064484275115274,-3.433956624572437,0.00036816574258553315,0.4463403027405155,0.4930183686771978,0.4974249345007604,0.4728858060316674,0.0995,0.0085,0.00175,3.692146551239026,0.30114348354114084,-3.3909945589275843,0,-0.30713690171731384,0,4.0909613777777665,0,7.866101911643229,0,,,,,
hea_ring,dn,12,MIDDLE,6,0,RY,12,11007,4000,0,0,0,0,0,0,0,0.00024805827774968263,0.00025044765883123067,0.0001750500238405604,0.0001742559933584898,0.0004985059365809133,0.00041817523704425533,-3.4191418185484066,0.00038094140694039396,0.4431648244387896,0.49014276784154187,0.4986058357768779,0.47779417229574334,0.09325,0.009,0.00125,3.6797996253820386,0.3011474145420765,-3.3786417066477106,0,-0.3096774427747754,0,4.0793386680349,0,7.829009179186466,0,,,,,
hea_ring,dn,12,LATE,11,0,RY,12,11007,4000,0,0,0,0,0,0,0,0.00024276049506458518,0.0002453294586909121,0.000165051995069296,0.00016714865790192846,0.00048808995375549725,0.00040892980723260404,-3.431863410440359,0.0003699445123951581,0.453897180181722,0.5026283369324748,0.5034036841544942,0.4811954274658512,0.0945,0.01,0.00125,3.6895311629278975,0.3011448680549911,-3.3883512337927786,0,-0.29875303061476166,0,4.0829871273937846,0,7.840555333721257,0,,,,,
hea_ring,dn,12,EARLY,0,0,RY,12,11008,4000,0,0,0,0,0,0,0,0.00024154311333915367,0.00024472304837553445,0.00016539673884451297,0.00016988474538378015,0.00048626616171468804,0.0004095914604921532,-3.4286605193618493,0.00037268291234243234,0.4432881289498454,0.4991675326462879,0.5008976618175544,0.47433701740448775,0.095,0.00975,0.00075,3.6887817236901563,0.30114552029846986,-3.387649106487048,0,-0.30175367230710115,0,4.080968366724637,0,7.842686968675845,0,,,,,
hea_ring,dn,12,MIDDLE,6,0,RY,12,11008,4000,0,0,0,0,0,0,0,0.0002465596421746078,0.00024744991258108975,0.00017006350704309376,0.00017388046844530987,0.0004940095547556975,0.0004120226265498802,-3.421335484615171,0.00037902208416816746,0.44030680122036836,0.5009286703534499,0.49879482016489346,0.468951967545535,0.09525,0.01025,0.00175,3.68626038606876,0.30114530491723346,-3.3850789719138588,0,-0.3002241322863116,0,4.073486220772592,0,7.841733814390577,0,,,,,
hea_ring,dn,12,LATE,11,0,RY,12,11008,4000,0,0,0,0,0,0,0,0.00023829511233120076,0.0002491717863624817,0.00016312733675131474,0.0001710533506614737,0.0004874668986936825,0.00041191930688357157,-3.4270984747665887,0.00037402576961101424,0.44490616588914955,0.5072556682440632,0.5065312015080227,0.4828687157076866,0.09,0.009,0.00125,3.686332596533232,0.30114716997447677,-3.385187852196184,0,-0.2947731305539502,0,4.057993664969876,0,7.8326428519864715,0,,,,,
hea_ring,dn,12,EARLY,0,0,RY,12,11009,4000,0,0,0,0,0,0,0,0.00024138282130200058,0.00024365213812006358,0.00016612487420220414,0.00016751816617797716,0.0004850349594220642,0.0004057734862682833,-3.4335475887315643,0.0003685126590900752,0.44949059210739106,0.4932675978083393,0.4972897570174903,0.46933808115653086,0.09825,0.01325,0.0015,3.6928485601984335,0.3011427162801852,-3.3917163343764116,0,-0.3069174225935535,0,4.08365013233295,0,7.8593681584810104,0,,,,,
hea_ring,dn,12,MIDDLE,6,0,RY,12,11009,4000,0,0,0,0,0,0,0,0.0002463638827106136,0.00024001727412498273,0.00017350595702750733,0.0001657313493910426,0.00048638115683559624,0.00041428518628103776,-3.430902181542994,0.00037076422157710464,0.44490984035101944,0.4864613025769452,0.489855659347644,0.5002761659963777,0.10675,0.0105,0.00025,3.683836576990654,0.30114458358060103,-3.3827005994711214,0,-0.31295170174075737,0,4.1158570325906325,0,7.864368676901529,0,,,,,
hea_ring,dn,12,LATE,11,0,RY,12,11009,4000,0,0,0,0,0,0,0,0.0002458267468072433,0.0002462725056717769,0.00016975530908110392,0.00017263389455678281,0.0004920992524790202,0.00041824995811579567,-3.426158472534941,0.000374836200871332,0.4369141907111298,0.49293210424368455,0.49862757032919636,0.47380675784875737,0.09525,0.0125,0.0005,3.6796945059021944,0.3011461530417805,-3.378564093873446,0,-0.3072129775210315,0,4.074147818217643,0,7.819862929172052,0,,,,,
hea_ring,dn,14,EARLY,0,0,RY,14,11000,4000,0,0,0,0,0,0,0,6.002383225419483e-05,6.185842552362945e-05,4.2237536309818945e-05,4.259878008355388e-05,0.00012188225777782428,0.00010215020280780481,-4.032164223047614,9.286151761215837e-05,0.4560521427280042,0.5077011695503532,0.5000274613595317,0.48296510735094184,0.10125,0.012,0.00075,4.291822044441946,0.3010589667676329,-3.9907607691801443,0,-0.29439183666886026,0,4.681931258316988,0,9.034288368008433,0,,,,,
hea_ring,dn,14,MIDDLE,7,0,RY,14,11000,4000,0,0,0,0,0,0,0,5.957848105641666e-05,6.216188314266402e-05,4.220161440211818e-05,4.321646921388674e-05,0.00012174036419908068,0.00010320622700783752,-4.031159237596665,9.307665397886892e-05,0.43899508537911247,0.4935548081087158,0.494653635137259,0.4779943438971359,0.102,0.013,0.0015,4.287360079229181,0.30105841788623433,-3.9862942269661783,0,-0.3066646248367043,0,4.694373465900666,0,9.060604789410808,0,,,,,
hea_ring,dn,14,LATE,13,0,RY,14,11000,4000,0,0,0,0,0,0,0,6.125404515578283e-05,6.00986294342776e-05,4.2314268306604685e-05,4.0878124455547265e-05,0.00012135267459006043,0.00010039196690767301,-4.035856693072485,9.207533485014776e-05,0.4461416561300888,0.5048906359205542,0.5003705982560588,0.48901781698861607,0.0975,0.0085,0.00025,4.299363654772204,0.30105801590645553,-3.998301036938975,0,-0.296802686072634,0,4.701799345942981,0,9.073339674183796,0,,,,,
hea_ring,dn,14,EARLY,0,0,RY,14,11001,4000,0,0,0,0,0,0,0,6.209237891066227e-05,5.973280196542698e-05,4.272389370272918e-05,4.129403729942043e-05,0.00012182518087608926,0.00010215858678069672,-4.034779984145642,9.230389250699945e-05,0.4543891638624178,0.4936034180502684,0.4985704708495226,0.47576081649612545,0.10275,0.01025,0.002,4.291792460773996,0.30105834100600926,-3.990725154053231,0,-0.3066219027680371,0,4.687631123034468,0,9.053540571388641,0,,,,,
hea_ring,dn,14,MIDDLE,7,0,RY,14,11001,4000,0,0,0,0,0,0,0,6.095224662795773e-05,6.0323066400999016e-05,4.2050592335174744e-05,4.2897551956342386e-05,0.00012127531302895675,0.00010112691796972667,-4.0364013908102825,9.195992516749802e-05,0.4469324983865133,0.5056093146397018,0.5041891791996052,0.45624751183936196,0.095,0.01125,0.001,4.29618914441875,0.3010582027938895,-3.9951332549917735,0,-0.29618493546535435,0,4.662602546199349,0,9.039633674418699,0,,,,,
hea_ring,dn,14,LATE,13,0,RY,14,11001,4000,0,0,0,0,0,0,0,6.047586123273087e-05,6.105006613303668e-05,4.095294216660341e-05,4.102845572832028e-05,0.00012152592736576755,0.00010138616693453005,-4.03451652102562,9.235990530575933e-05,0.46039226022160795,0.4982747452995896,0.4960219354005242,0.4787520670743268,0.10025,0.00925,0.0015,4.295083459226502,0.30105880625760006,-3.994021299990861,0,-0.30253114275799686,0,4.690095000350702,0,9.052524648134842,0,,,,,
hea_ring,dn,14,EARLY,0,0,RY,14,11002,4000,0,0,0,0,0,0,0,6.082756535392457e-05,6.234332393891353e-05,4.225924959989792e-05,4.448933201668524e-05,0.0001231708892928381,0.00010349934072837026,-4.024133833472198,9.459456110479634e-05,0.4541312883666979,0.49263790738466773,0.4925864068359706,0.4972676252400769,0.10625,0.00925,0.00075,4.286116905502159,0.30105901261611145,-3.9850624193437367,0,-0.30747222272177627,0,4.696331900885832,0,9.066601582924102,0,,,,,
hea_ring,dn,14,MIDDLE,7,0,RY,14,11002,4000,0,0,0,0,0,0,0,6.113670277329437e-05,6.135182266079432e-05,4.240773981519346e-05,4.208026202106007e-05,0.0001224885254340887,0.00010326274634455914,-4.027529587986268,9.38578090242201e-05,0.45057205972723935,0.5034994026253818,0.5017094702366626,0.4610050835477285,0.0985,0.0105,0.00075,4.287112160114672,0.30105877529638625,-3.986056335704368,0,-0.2980010429201708,0,4.668754164725901,0,9.023523594021718,0,,,,,
hea_ring,dn,14,LATE,13,0,RY,14,11002,4000,0,0,0,0,0,0,0,6.124718081227403e-05,6.008362385840922e-05,4.285626410086264e-05,4.099105037472803e-05,0.00012133080467068325,0.00010140014244331094,-4.032728798118947,9.274087772931532e-05,0.4466709799461035,0.49529554512724194,0.4983971835477558,0.4582644241532041,0.09375,0.00825,0.001,4.295026901816714,0.30105830168163616,-3.9939614353103945,0,-0.305135664320384,0,4.692358555299303,0,9.053552602885876,0,,,,,
hea_ring,dn,14,EARLY,0,0,RY,14,11003,4000,0,0,0,0,0,0,0,6.0409947969616403e-05,6.269958263839977e-05,4.1334744070824385e-05,4.3599406874086344e-05,0.0001231095306080162,0.00010368960038269648,-4.028274134745625,9.369703871087342e-05,0.45262608296250395,0.5047803641144946,0.5059028540856583,0.44973330960442504,0.087,0.0095,0.00125,4.285324581981861,0.3010588550291986,-3.984264806190681,0,-0.2968975482311573,0,4.67075886692834,0,9.03153340353338,0,,,,,
hea_ring,dn,14,MIDDLE,7,0,RY,14,11003,4000,0,0,0,0,0,0,0,6.053374842003706e-05,6.141641159700081e-05,4.180399146837221e-05,4.34239993290641e-05,0.00012195016001703788,0.00010342010069156634,-4.030667809780485,9.318203488371545e-05,0.44022271270634716,0.49259486122063545,0.4973881933538683,0.4777676495023052,0.10025,0.00925,0.0005,4.286450729133131,0.30105875375638513,-3.985395044971083,0,-0.30751013600886556,0,4.692721718412594,0,9.058772476900627,0,,,,,
hea_ring,dn,14,LATE,13,0,RY,14,11003,4000,0,0,0,0,0,0,0,6.0902180497740636e-05,6.182692247996052e-05,4.1790809506824764e-05,4.270792616027541e-05,0.00012272910297770115,0.00010252381755711276,-4.032159479663934,9.28625318553296e-05,0.4534534915754955,0.4995369348309839,0.4977831730039593,0.4661279889416042,0.1095,0.01125,0.00175,4.290247076398758,0.30105864840222285,-3.9891752461264165,0,-0.3014323961532058,0,4.684030178494717,0,9.049807213868426,0,,,,,
hea_ring,dn,14,EARLY,0,0,RY,14,11004,4000,0,0,0,0,0,0,0,6.153835589454226e-05,6.101363200283824e-05,4.2330459598933926e-05,4.238674684293606e-05,0.0001225519878973805,0.00010291153488706543,-4.031931092904351,9.291137924156257e-05,0.4604200837728252,0.4786836128084393,0.4879432225073966,0.4894143521296235,0.1085,0.012,0.001,4.288591215080471,0.3010583655205854,-3.9875359457822497,0,-0.31995144731288094,0,4.71240739146757,0,9.062122037844308,0,,,,,
hea_ring,dn,14,MIDDLE,7,0,RY,14,11004,4000,0,0,0,0,0,0,0,6.130751318682565e-05,6.114207917648365e-05,4.206306565889414e-05,4.254296415225082e-05,0.00012244959236330932,0.0001029725329288604,-4.032269533170171,9.28390027687984e-05,0.45415726423724,0.4926461157822544,0.4972388532140775,0.4767216433401164,0.09525,0.0075,0.00025,4.288339295005743,0.30105841579545745,-3.987278607119928,0,-0.3074650313074933,0,4.699136989430002,0,9.059646775455422,0,,,,,
hea_ring,dn,14,LATE,13,0,RY,14,11004,4000,0,0,0,0,0,0,0,6.141507938367544e-05,6.018254960156219e-05,4.114897112910067e-05,4.1378805417264155e-05,0.00012159762898523763,0.00010016132569464781,-4.0381550130668895,9.158935211866308e-05,0.4669625598864946,0.49263122120296066,0.4908277964222435,0.4894175369368144,0.10875,0.0075,0.00075,4.300363982837229,0.30105794412204623,-3.9992999678814947,0,-0.3074780956038082,0,4.714264431513842,0,9.083145233360536,0,,,,,
hea_ring,dn,14,EARLY,0,0,RY,14,11005,4000,0,0,0,0,0,0,0,6.149109562788349e-05,6.063306363852255e-05,4.266843738132711e-05,4.208145130299036e-05,0.00012212415926640604,0.00010338247931773872,-4.03292970161962,9.269798596144297e-05,0.4604977332102247,0.48543433922977164,0.4906562179435166,0.4910798768906946,0.1005,0.01275,0.00075,4.286614854633893,0.30105897182406083,-3.9855530605214873,0,-0.3138695317539456,0,4.727963151829547,0,9.08980837458293,0,,,,,
hea_ring,dn,14,MIDDLE,7,0,RY,14,11005,4000,0,0,0,0,0,0,0,6.0606198248628175e-05,6.149482839490041e-05,4.1694356504977026e-05,4.22055936036842e-05,0.00012210102664352856,0.00010276137667316538,-4.031908971738989,9.291611188361806e-05,0.4425837235185828,0.5004256754405012,0.5023948835118421,0.46817680533194433,0.09575,0.006,0.0,4.289238487354812,0.30105857897511146,-3.9881701008971113,0,-0.30066041911255664,0,4.68195167672039,0,9.04496636264276,0,,,,,
hea_ring,dn,14,LATE,13,0,RY,14,11005,4000,0,0,0,0,0,0,0,6.180440905357748e-05,6.006656500968579e-05,4.338593238353741e-05,4.205800261200288e-05,0.00012187097406326327,0.00010216598617329031,-4.0292383935082645,9.34892350912883e-05,0.44281672412425355,0.48817029280894153,0.49340098105102675,0.4837915011579046,0.0965,0.0085,0.0005,4.2917510286400855,0.30105834880045235,-3.9906937589755698,0,-0.3114286707464451,0,4.701881385388035,0,9.049633860220615,0,,,,,
hea_ring,dn,14,EARLY,0,0,RY,14,11006,4000,0,0,0,0,0,0,0,6.100460687989067e-05,6.037167499473861e-05,4.160920186441894e-05,4.1496684443442485e-05,0.0001213762818746293,0.0001007462326983786,-4.036767009596079,9.188253959437313e-05,0.44166593258527787,0.4991609282565851,0.4996933605885737,0.48337976633256785,0.0985,0.009,0.0015,4.29782603037084,0.3010581464623183,-3.996771193968384,0,-0.3017594170317125,0,4.692020669349304,0,9.049516593949413,0,,,,,
hea_ring,dn,14,MIDDLE,7,0,RY,14,11006,4000,0,0,0,0,0,0,0,6.045361831043557e-05,6.153719938612408e-05,4.2209512400965586e-05,4.297720795558619e-05,0.00012199081769655966,0.00010229201861349164,-4.031428128588168,9.301904392715172e-05,0.44549671951466774,0.48550988989341104,0.4949630420487064,0.4656864711918423,0.09825,0.00675,0.0005,4.291215066860808,0.3010588273396,-3.990158251853034,0,-0.3138019425839762,0,4.698324361825945,0,9.055304574379932,0,,,,,
hea_ring,dn,14,LATE,13,0,RY,14,11006,4000,0,0,0,0,0,0,0,6.114810178900246e-05,6.092386832180648e-05,4.273321060059346e-05,4.157164153142382e-05,0.00012207197011080892,0.00010109510937436657,-4.033407580810803,9.259604113534526e-05,0.45941976374784455,0.5005033158686303,0.5005679542246348,0.48127933490748365,0.10225,0.01175,0.00125,4.296329947217439,0.30105878754652493,-3.995269853545161,0,-0.30059306189736495,0,4.68791448076545,0,9.057802064999919,0,,,,,
hea_ring,dn,14,EARLY,0,0,RY,14,11007,4000,0,0,0,0,0,0,0,5.900876182616718e-05,6.0287571380509646e-05,4.0968438577084024e-05,4.1917557777302805e-05,0.00011929633320667683,9.829835599770091e-05,-4.042125252304495,9.075587487762565e-05,0.4494370735061386,0.49506165774612454,0.4951163157950504,0.47991168489973646,0.10225,0.009,0.0,4.308507470039897,0.3010581307949196,-4.007453746052835,0,-0.3053407115988974,0,4.6947728187260065,0,9.07781161793391,0,,,,,
hea_ring,dn,14,MIDDLE,7,0,RY,14,11007,4000,0,0,0,0,0,0,0,6.040163132797213e-05,6.030694060645547e-05,4.0711391281362905e-05,4.1354093856388736e-05,0.0001207085719344276,0.00010078647657545956,-4.038446607734779,9.15278776951653e-05,0.45249002243682357,0.5096781989748022,0.5026011854965081,0.4618994762606158,0.1015,0.012,0.0005,4.297661203461609,0.30105817236003296,-3.9965977375569848,0,-0.29270402857538136,0,4.669225043699043,0,9.035822267052104,0,,,,,
hea_ring,dn,14,LATE,13,0,RY,14,11007,4000,0,0,0,0,0,0,0,5.9777653464551534e-05,6.003761784954799e-05,4.07321036164723e-05,4.234708071230913e-05,0.00011981527131409953,0.00010019748841483367,-4.039004489939477,9.14103790988874e-05,0.4523786367013827,0.482663344632116,0.49332892286870006,0.47675566096882954,0.10625,0.00875,0.00175,4.300202509194054,0.3010581291738388,-3.9991431651576956,0,-0.31635569132626273,0,4.704416568096796,0,9.081340048290611,0,,,,,
hea_ring,dn,14,EARLY,0,0,RY,14,11008,4000,0,0,0,0,0,0,0,5.911848962367162e-05,6.122182904321349e-05,4.1096019270848996e-05,4.303613041686356e-05,0.0001203403186668851,0.00010040176863284207,-4.035877670916999,9.207088741761203e-05,0.4432905675745227,0.4891320058339099,0.49340470755623345,0.4805886073768718,0.106,0.00975,0.001,4.299313816072406,0.3010581549148308,-3.998258639094178,0,-0.31057393400136296,0,4.7041143574292335,0,9.0761971953075,0,,,,,
hea_ring,dn,14,MIDDLE,7,0,RY,14,11008,4000,0,0,0,0,0,0,0,6.10703677555679e-05,6.0846059446187915e-05,4.209110452947466e-05,4.217179595939251e-05,0.0001219164272017558,0.00010175408072507437,-4.0324164900129285,9.280759316254811e-05,0.448316499863084,0.5074417222709222,0.5076324892374574,0.47335955733729784,0.09125,0.00875,0.001,4.293509437513817,0.30105876355261496,-3.9924481649512575,0,-0.294614001021524,0,4.6599612859567685,0,9.038613884365944,0,,,,,
hea_ring,dn,14,LATE,13,0,RY,14,11008,4000,0,0,0,0,0,0,0,6.091367129428206e-05,5.8857145258343496e-05,4.2095109956101064e-05,4.005360396478532e-05,0.00011977081655262556,9.803293248629571e-05,-4.040529793078247,9.108989614536868e-05,0.45382055347860506,0.4919124680838347,0.4989999203267153,0.48512169009684125,0.1005,0.0095,0.00075,4.309685612321666,0.3010575289900892,-4.008628033681808,0,-0.3081121696847384,0,4.689733143444588,0,9.06722978439425,0,,,,,
hea_ring,dn,14,EARLY,0,0,RY,14,11009,4000,0,0,0,0,0,0,0,5.799217260772651e-05,6.086615755000919e-05,4.0151263655294986e-05,4.17818421129691e-05,0.0001188583301577357,9.915324625425575e-05,-4.044774725176609,9.020389168943365e-05,0.4402883894627756,0.4921765284067019,0.4981704753595968,0.4876135029647483,0.10725,0.01025,0.001,4.304750446674676,0.30105792412359733,-4.003693062655664,0,-0.30787912164443687,0,4.711823965972513,0,9.088191376722175,0,,,,,
hea_ring,dn,14,MIDDLE,7,0,RY,14,11009,4000,0,0,0,0,0,0,0,6.094441506263852e-05,5.979873484676691e-05,4.252611760655841e-05,4.139425349280654e-05,0.00012074314990940544,0.00010003101783561846,-4.036268087542478,9.198815587400992e-05,0.448284411773761,0.48819195247349734,0.4952726609615147,0.4824181965556136,0.097,0.009,0.00175,4.300921235441999,0.30105794021042964,-3.9998653141683578,0,-0.31140941544247847,0,4.716161265587626,0,9.084330856371855,0,,,,,
hea_ring,dn,14,LATE,13,0,RY,14,11009,4000,0,0,0,0,0,0,0,6.00490928905108e-05,5.943563117537239e-05,4.194729707654794e-05,4.194992403679154e-05,0.00011948472406588319,9.999585028984338e-05,-4.0423786506766,9.070293687344491e-05,0.44649843822770974,0.49148276130316637,0.49457895371146565,0.49277224313458856,0.1025,0.012,0.0015,4.3010779846207585,0.3010576013508943,-4.000018034057382,0,-0.30849176015725466,0,4.70323994953636,0,9.084556781735802,0,,,,,
rxry_czbrick,d2,2,EARLY,0,0,RX,4,11000,4000,0,0,0,0,0,0,0,0.061207668837901366,0.06049470630407403,0.03972523375819798,0.03810669427764586,0.1217023751419754,0.09943149626061909,-1.1136124196252206,0.0769817146965948,0.610054647918354,0.49044593317687557,0.49347944060483906,0.47078179394972186,0.09975,0.01125,0.0015,1.3328391197572946,0.32851073758129623,-1.0024771588448433,0,-0.3094088636097355,0,1.7546415068856631,0,3.1282276268869436,0,,,,,
rxry_czbrick,d2,2,LATE,1,0,RX,4,11000,4000,0,0,0,0,0,0,0,0.06032196007688309,0.062130599280836675,0.03746986540579443,0.03847343714085621,0.12245255935771976,0.08848458468147655,-1.1575917117220593,0.06956780300448415,0.6792056982239371,0.3033064679691444,0.368682327877667,0.7259558624809105,0.23375,0.03725,0.00375,1.3781430320344104,0.32343484349497725,-1.0531324264159831,0,-0.5181183324374766,0,2.222453906953791,0,3.70131356724694,0,,,,,
rxry_czbrick,d2,2,EARLY,0,0,RX,4,11001,4000,0,0,0,0,0,0,0,0.061779694725494265,0.06089826552361656,0.038296953066977474,0.038981146417066556,0.12267796024911083,0.10073889590242949,-1.110120954296488,0.07760309560408377,0.5941152973904191,0.4825644091038199,0.48853775309600794,0.4888375146958969,0.107,0.0085,0.001,1.327105263600671,0.328435833048055,-0.9968028133922009,0,-0.3164447318858398,0,1.7492913098979068,0,3.141635582874266,0,,,,,
rxry_czbrick,d2,2,LATE,1,0,RX,4,11001,4000,0,0,0,0,0,0,0,0.06033944341482149,0.06159987065207261,0.03889808936861833,0.038874839351689686,0.12193931406689408,0.08927780444340444,-1.1572904869952927,0.06961607166167745,0.6613975069379747,0.3054762794626572,0.3724122698750847,0.7193218409590308,0.2245,0.0375,0.0095,1.3726251483777743,0.32428799783651274,-1.0492564990259257,0,-0.5150225082093944,0,2.201006086860872,0,3.657849426444301,0,,,,,
rxry_czbrick,d2,2,EARLY,0,0,RX,4,11002,4000,0,0,0,0,0,0,0,0.06149910446599992,0.06357635332681916,0.038114155791319895,0.04119793042184337,0.1250754577928191,0.10123528596440949,-1.110560198390045,0.07752464775124826,0.6222912588310443,0.48790878930546566,0.4879784957906455,0.48319307631743075,0.09725,0.007,0.00025,1.324257667590512,0.32879788664260584,-0.9946681038205308,0,-0.31166135932422223,0,1.7587414786246556,0,3.172081377905246,0,,,,,
rxry_czbrick,d2,2,LATE,1,0,RX,4,11002,4000,0,0,0,0,0,0,0,0.06262266693242141,0.0631617823799934,0.03904718184573876,0.03853435173800235,0.1257844493124148,0.0914817764184804,-1.1552568173879498,0.06994282710535078,0.7035432501414112,0.30625302322183373,0.3698239855101613,0.7125981045808867,0.2255,0.0385,0.00475,1.3641606662104344,0.3241769148857993,-1.038665589700373,0,-0.5139202989875196,0,2.2206182286934664,0,3.6888434564964125,0,,,,,
rxry_czbrick,d2,2,EARLY,0,0,RX,4,11003,4000,0,0,0,0,0,0,0,0.062342113084350344,0.061975991785980386,0.03925470865374131,0.03966676727193639,0.12431810487033074,0.10142323533474597,-1.1091549232457907,0.07777590562606192,0.6135058080090987,0.4915462222571997,0.491636403788214,0.4775310449045614,0.10525,0.01175,0.00075,1.3248452677198603,0.32922825133558736,-0.9938625472021132,0,-0.3084357411879458,0,1.750748979663837,0,3.1403614918091547,0,,,,,
rxry_czbrick,d2,2,LATE,1,0,RX,4,11003,4000,0,0,0,0,0,0,0,0.06278344215928726,0.06261919358097975,0.04078965554462176,0.03950760550190541,0.12540263574026703,0.09358359699613122,-1.14639689680745,0.07138436542568355,0.6858114039726967,0.29827343785513155,0.3661252476946382,0.7233826996373922,0.225,0.03675,0.00375,1.3555951230259868,0.32436161221018717,-1.0288002807292809,0,-0.5253855313899272,0,2.234770249357199,0,3.6912768441566213,0,,,,,
rxry_czbrick,d2,2,EARLY,0,0,RX,4,11004,4000,0,0,0,0,0,0,0,0.06275929074649557,0.06294681410233391,0.039175336171800426,0.041018258106101824,0.1257061048488295,0.10354806109708682,-1.0981093654527099,0.07977937589437645,0.586732671861335,0.4836253509394899,0.4895689256414617,0.49393519831463495,0.10475,0.012,0.00125,1.315918746557615,0.32879579042383583,-0.984858030478882,0,-0.3154909438367184,0,1.7543406665799544,0,3.161779710257368,0,,,,,
rxry_czbrick,d2,2,LATE,1,0,RX,4,11004,4000,0,0,0,0,0,0,0,0.06271174643283399,0.06280922245496896,0.03940930772590984,0.039386677221207575,0.12552096888780293,0.093120261104065,-1.1452336643345247,0.07157582057674468,0.6838602940333813,0.30255552016251963,0.36772570670706983,0.722918574422494,0.22975,0.03375,0.0045,1.3588573991457382,0.32463330006874674,-1.030955844482403,0,-0.519195073342335,0,2.1782789476852464,0,3.650313821073155,0,,,,,
rxry_czbrick,d2,2,EARLY,0,0,RX,4,11005,4000,0,0,0,0,0,0,0,0.06401443057069295,0.06145384016819583,0.041212425703820416,0.03950386458225594,0.12546827073888878,0.10224728693097418,-1.0955303531635472,0.0802545468414275,0.5874892983805466,0.4834772279072704,0.48645982040674984,0.49247775629160395,0.10625,0.0135,0.00125,1.3184282483148029,0.3286034143733508,-0.990348225469426,0,-0.3156239768827388,0,1.752010196523676,0,3.1387825532575446,0,,,,,
rxry_czbrick,d2,2,LATE,1,0,RX,4,11005,4000,0,0,0,0,0,0,0,0.06224527884986268,0.06238348087948245,0.0395743859449888,0.040999560845657826,0.12462875972934512,0.0930085657163862,-1.1408325696249033,0.07230485014768036,0.6768356033842817,0.3090163280363322,0.3692505360409815,0.741947149338319,0.2365,0.04225,0.0055,1.3571878688379528,0.32483143125842756,-1.0314770543833236,0,-0.510019101695938,0,2.186488131815607,0,3.6468022965449762,0,,,,,
rxry_czbrick,d2,2,EARLY,0,0,RX,4,11006,4000,0,0,0,0,0,0,0,0.06332667540334291,0.06154346196053321,0.041188836742319296,0.03989523973415499,0.12487013736387613,0.10108570444570948,-1.1068662791513544,0.07818685076835696,0.582348859139255,0.4700443056228764,0.4863456461746056,0.5111430890213627,0.11275,0.0115,0.0015,1.3252727674928375,0.3284396903493078,-0.9953103567310558,0,-0.3278612123305932,0,1.76414469692762,0,3.157015800191928,0,,,,,
rxry_czbrick,d2,2,LATE,1,0,RX,4,11006,4000,0,0,0,0,0,0,0,0.061069793673449654,0.06267796786705093,0.037817368547740676,0.04025113698926808,0.12374776154050059,0.09165912111991774,-1.154216136138421,0.07011062907165024,0.6699830439465537,0.30601541429993806,0.37412672427596955,0.7198815402619042,0.22725,0.0325,0.0045,1.363551287748976,0.3244500813363587,-1.0378243368521496,0,-0.5142567638363502,0,2.2014563824853086,0,3.6445797887564755,0,,,,,
rxry_czbrick,d2,2,EARLY,0,0,RX,4,11007,4000,0,0,0,0,0,0,0,0.06318277492365632,0.062049632842844246,0.039838909485772095,0.03924703681589102,0.12523240776650055,0.0990806860064804,-1.1109239475712593,0.07745974312508362,0.6168543253052926,0.48898844818030973,0.4934061581501475,0.4848054254456511,0.10275,0.01125,0.00125,1.3320920596672998,0.32811111647699154,-1.0040112663000964,0,-0.310701401352804,0,1.7468826214027005,0,3.1591641569761,0,,,,,
rxry_czbrick,d2,2,LATE,1,0,RX,4,11007,4000,0,0,0,0,0,0,0,0.06186949020824769,0.06210033099713644,0.038475834819805564,0.039312275310927534,0.12396982120538413,0.08909747652164623,-1.1557302804532747,0.06986661775371665,0.6887468443324969,0.30691544162998996,0.3725277938308857,0.7207784353373048,0.225,0.0335,0.00625,1.3731462980214668,0.32350223601975936,-1.0501345962895545,0,-0.5129812653999504,0,2.2029051354268967,0,3.669052336333527,0,,,,,
rxry_czbrick,d2,2,EARLY,0,0,RX,4,11008,4000,0,0,0,0,0,0,0,0.06191240971607075,0.06265290944498136,0.03804089956569649,0.03758096557012591,0.12456531916105211,0.10034886119108209,-1.1116136667638061,0.07733682406285917,0.6226017124637582,0.4953453941349899,0.49655289884576737,0.4875997469511589,0.10425,0.012,0.00075,1.3274114908247427,0.328738006561353,-0.998487581963094,0,-0.30509187349943223,0,1.738824044351115,0,3.166398280777484,0,,,,,
rxry_czbrick,d2,2,LATE,1,0,RX,4,11008,4000,0,0,0,0,0,0,0,0.06106614420170576,0.06257432709038141,0.038332626081827505,0.03974138348084859,0.12364047129208719,0.08985340856250755,-1.1594167569856408,0.06927607010129992,0.6851192261218302,0.3185344068439284,0.3766066541405727,0.7120839944197384,0.22475,0.033,0.004,1.3727463196329128,0.3234810824588767,-1.0464654447663087,0,-0.4968436500148396,0,2.196926072087823,0,3.6823107949673624,0,,,,,
rxry_czbrick,d2,2,EARLY,0,0,RX,4,11009,4000,0,0,0,0,0,0,0,0.06191069044281246,0.06164344873115884,0.03708275816283488,0.03767911624937138,0.12355413917397129,0.098022606829469,-1.1206677768793614,0.07574120724972612,0.6413031110981675,0.4800338332818602,0.48741971064900974,0.49001478294221046,0.108,0.01475,0.0015,1.3371845553620165,0.3276523169321374,-1.0086737867730382,0,-0.31872816782069757,0,1.7698465335229936,0,3.1777296857066837,0,,,,,
rxry_czbrick,d2,2,LATE,1,0,RX,4,11009,4000,0,0,0,0,0,0,0,0.06144814960054406,0.06162537393070981,0.03731615999651866,0.038273361626855254,0.12307352353125386,0.08714006024754899,-1.1652351248423114,0.06835414811766995,0.7242809656142841,0.30120882173882,0.36788346605972183,0.7098518397288398,0.22325,0.0415,0.00475,1.382910637726109,0.3233374203294428,-1.0597821444403326,0,-0.5211323748075403,0,2.2202389862982557,0,3.7025866039844866,0,,,,,
rxry_czbrick,d2,2,EARLY,0,0,RX,6,11000,4000,0,0,0,0,0,0,0,0.015606741073660096,0.015783537340009656,0.006551952297070391,0.006786028489758836,0.03139027841366975,0.01765837312462578,-1.8723552210533845,0.013416671268565073,0.8755741319179067,0.474662529830262,0.48915114898838113,0.4944297205620308,0.104,0.012,0.00075,2.059633599891274,0.30589879338920556,-1.753050011515302,0,-0.3236150504518298,0,2.5725548431682626,0,4.715606993236877,0,,,,,
rxry_czbrick,d2,2,LATE,1,0,RX,6,11000,4000,0,0,0,0,0,0,0,0.015806501261518037,0.01569259587243146,0.006710226853760892,0.006861188143447065,0.031499097133949494,0.01587188257310236,-1.9159229621470606,0.012136041080078663,0.9266048587095732,0.3038460453013604,0.36777892745979596,0.710175770443357,0.22375,0.03475,0.00375,2.104072744477442,0.3051175833803341,-1.7993716021849147,0,-0.5173464892004775,0,3.031480030736499,0,5.244052163064431,0,,,,,
rxry_czbrick,d2,2,EARLY,0,0,RX,6,11001,4000,0,0,0,0,0,0,0,0.015448389430546692,0.016114309697579612,0.006656284823821449,0.00665874522238263,0.03156269912812631,0.0178953821912258,-1.8716579612607787,0.013438229035212326,0.9130137709379207,0.4646528618544751,0.48161646724496465,0.5029650687460626,0.10625,0.0105,0.0,2.052689462780084,0.30587174546060714,-1.7472590575346714,0,-0.3328713918794888,0,2.5790254648609348,0,4.705461553805003,0,,,,,
rxry_czbrick,d2,2,LATE,1,0,RX,6,11001,4000,0,0,0,0,0,0,0,0.015597617298997586,0.015581202076517479,0.006780568534414934,0.006553537616355425,0.031178819375515063,0.015419516794125641,-1.9243929029923565,0.011901647875799788,0.9529160452497012,0.3108973015035015,0.3752071870110825,0.740125352972677,0.227,0.039,0.007,2.1167643576400446,0.30503151360245595,-1.8119292413464625,0,-0.5073831100906525,0,3.006017275397123,0,5.249533093661501,0,,,,,
rxry_czbrick,d2,2,EARLY,0,0,RX,6,11002,4000,0,0,0,0,0,0,0,0.015273225346263757,0.015233282978863333,0.0067321442619875695,0.006830317234725194,0.03050650832512709,0.017815792682285832,-1.8645926072426477,0.013658637932266718,0.862181348061922,0.48895458192146224,0.49446126258009654,0.4663095955290605,0.10225,0.01,0.0015,2.055309246724561,0.3059797606268142,-1.7491948507340884,0,-0.3107314810766828,0,2.531670951883643,0,4.624973049174928,0,,,,,
rxry_czbrick,d2,2,LATE,1,0,RX,6,11002,4000,0,0,0,0,0,0,0,0.015441671361522817,0.01551963670643877,0.006709364671260537,0.006994849609682352,0.030961308067961588,0.01557421025920496,-1.9081789432989094,0.012354382882376445,0.9413485525348637,0.2981600611271604,0.3614149632390612,0.7364555995557723,0.24125,0.0325,0.004,2.112775390390948,0.30511359303160124,-1.8075940742321794,0,-0.5255505498142319,0,3.028316833785116,0,5.229066902969256,0,,,,,
rxry_czbrick,d2,2,EARLY,0,0,RX,6,11003,4000,0,0,0,0,0,0,0,0.015472884776896387,0.015524261255634173,0.006940709200956235,0.006823770725292912,0.030997146032530554,0.018383455781067714,-1.8720214838679812,0.013426985383007309,0.8840651825626602,0.47900781993020036,0.4837367767020776,0.4875923809909741,0.11425,0.01025,0.00125,2.0420557315946493,0.30608755846466484,-1.7355729734470045,0,-0.31965739655483283,0,2.55783114760826,0,4.687118829110861,0,,,,,
rxry_czbrick,d2,2,LATE,1,0,RX,6,11003,4000,0,0,0,0,0,0,0,0.015598278771992732,0.01512802968188919,0.006889558659364784,0.006763183584781651,0.03072630845388192,0.015849977569038633,-1.9234267025230065,0.011928155647382596,0.9294628329728793,0.3062148768891686,0.36691208309539125,0.7375516832889417,0.237,0.04025,0.004,2.1053388100805623,0.3052058314209535,-1.7999714977748267,0,-0.5139737215807879,0,3.0416535300536305,0,5.209805317705854,0,,,,,
rxry_czbrick,d2,2,EARLY,0,0,RX,6,11004,4000,0,0,0,0,0,0,0,0.015317427678569116,0.015760901127247384,0.006536691545597801,0.006989990891544153,0.0310783288058165,0.018080776174946443,-1.8613989912913897,0.013759447918805238,0.8911688374078417,0.48193379733833347,0.4900704152624883,0.48948236825972125,0.1045,0.00925,0.00125,2.049097646867109,0.30611591028745644,-1.7427829768622465,0,-0.3170126205640862,0,2.556584499971611,0,4.682377518971506,0,,,,,
rxry_czbrick,d2,2,LATE,1,0,RX,6,11004,4000,0,0,0,0,0,0,0,0.015068138742179623,0.01559786332783935,0.0065938462350439596,0.0067902207395791675,0.03066600207001897,0.015933869365241972,-1.9118012297703417,0.012251768164639104,0.9287502319253071,0.31523094106161126,0.37552175787002057,0.7162644815935348,0.222,0.03825,0.005,2.102673222830483,0.30512080175191836,-1.7976787485247512,0,-0.501371163564357,0,3.013656195167664,0,5.222796066515399,0,,,,,
rxry_czbrick,d2,2,EARLY,0,0,RX,6,11005,4000,0,0,0,0,0,0,0,0.015572627680126383,0.015429181111993493,0.0071499318331551005,0.006737030005190695,0.031001808792119875,0.0177882374783805,-1.8755718484916974,0.013317667002455161,0.8978915341904163,0.4639495023147615,0.4804328895125555,0.5080584785999254,0.11325,0.0125,0.001,2.054951096645708,0.30594880686772763,-1.7498670880287455,0,-0.33352939369632484,0,2.581771524321679,0,4.694414989559119,0,,,,,
rxry_czbrick,d2,2,LATE,1,0,RX,6,11005,4000,0,0,0,0,0,0,0,0.015727019121987568,0.015356915578798936,0.006763315515939727,0.006969030663937401,0.0310839347007865,0.015951050295628558,-1.9209338967776421,0.011996818907877693,0.958917746223692,0.2978738272713949,0.3635149111750156,0.7260146693851524,0.23175,0.03525,0.00375,2.102555278188389,0.30513239116076696,-1.7972112488292693,0,-0.5259676557496773,0,3.012616315189442,0,5.246867997566158,0,,,,,
rxry_czbrick,d2,2,EARLY,0,0,RX,6,11006,4000,0,0,0,0,0,0,0,0.015139607623041866,0.0159467190444728,0.006741770899597585,0.006326960628999897,0.031086326667514663,0.01777032325636879,-1.883270923298393,0.013083654786485035,0.9346817531607932,0.48457404254103503,0.4958600173615204,0.47501316365866086,0.1045,0.01,0.0015,2.055918759414694,0.3059104259473281,-1.7503047311033235,0,-0.31463985687118884,0,2.561931012410686,0,4.688585649768318,0,,,,,
rxry_czbrick,d2,2,LATE,1,0,RX,6,11006,4000,0,0,0,0,0,0,0,0.01594968692680989,0.016027286640796275,0.006811631576901239,0.006902117490135084,0.03197697356760617,0.01604607551983841,-1.9156394402129768,0.012143966479485305,0.9549187087654416,0.30011021980728503,0.37010580676385874,0.7290166358242675,0.229,0.0365,0.00675,2.099891764327305,0.3051526539894498,-1.7946311760894171,0,-0.5227192206050385,0,3.0237826351532737,0,5.166860188330746,0,,,,,
rxry_czbrick,d2,2,EARLY,0,0,RX,6,11007,4000,0,0,0,0,0,0,0,0.015645462960525065,0.01569700270076886,0.006586726391017006,0.006854675538637401,0.03134246566129392,0.01783252747617215,-1.872895402359212,0.013399993806734019,0.8861370092156546,0.47559642479147346,0.48468254411634704,0.509605930723447,0.115,0.01175,0.00125,2.0550203009234655,0.3059145129867247,-1.7487871407225173,0,-0.3227614283867736,0,2.5752884197064536,0,4.689918200388059,0,,,,,
rxry_czbrick,d2,2,LATE,1,0,RX,6,11007,4000,0,0,0,0,0,0,0,0.015690690455779355,0.015565790624340468,0.006625849622140778,0.006536158513209708,0.031256481080119816,0.0162088240465676,-1.923064040122383,0.011938120545482551,0.9423793190256322,0.2901234743239841,0.36166388739381433,0.7306182314530043,0.236,0.04225,0.005,2.0950172584618274,0.3051302064441631,-1.79024849217645,0,-0.5374171496007303,0,3.0719612356169854,0,5.258618823892303,0,,,,,
rxry_czbrick,d2,2,EARLY,0,0,RX,6,11008,4000,0,0,0,0,0,0,0,0.014931238625656375,0.01551881790571522,0.0064978674506750034,0.006398941323107197,0.030450056531371596,0.017562136450204623,-1.8856899803495404,0.013010980310464845,0.8861062809367213,0.47466049388624965,0.48885856529226307,0.49904786930641387,0.0965,0.0115,0.0015,2.061431837544932,0.30589484506722164,-1.7554229253591005,0,-0.3236169169200326,0,2.5667386124798677,0,4.702920306223922,0,,,,,
rxry_czbrick,d2,2,LATE,1,0,RX,6,11008,4000,0,0,0,0,0,0,0,0.0155021928068732,0.015387797295982775,0.0064871632040526,0.006745116844711022,0.030889990102855976,0.014980841255591624,-1.9270163867755,0.011829969181084025,0.9403105937384648,0.3069046678739863,0.3698249497880593,0.7364316228991256,0.236,0.0355,0.00575,2.1293178835568987,0.304954280028234,-1.8244637980712914,0,-0.5129965129951843,0,3.0283496765089204,0,5.232141924497858,0,,,,,
rxry_czbrick,d2,2,EARLY,0,0,RX,6,11009,4000,0,0,0,0,0,0,0,0.015337468554948866,0.015928530424376905,0.006437069891573236,0.006896725986756081,0.03126599897932577,0.017452741023530657,-1.8779978315355959,0.013243481477462102,0.8774860770224902,0.47485230774001785,0.48345622705141317,0.5011064042650344,0.10875,0.009,0.001,2.0648024243119907,0.30588219812719175,-1.7581366181520641,0,-0.32344151719413605,0,2.5718489762389494,0,4.696610268078201,0,,,,,
rxry_czbrick,d2,2,LATE,1,0,RX,6,11009,4000,0,0,0,0,0,0,0,0.015345977923309839,0.015804924543328366,0.006511075068880904,0.006751257935521655,0.031150902466638205,0.015553637500357206,-1.9296158587365748,0.01175937232651499,0.9644897658393101,0.3128801336093817,0.3694324926959174,0.7029805080546141,0.22225,0.036,0.00475,2.112703435429792,0.305034948231787,-1.808168044545511,0,-0.504622015719436,0,3.0124962315805166,0,5.23071760446806,0,,,,,
rxry_czbrick,d2,2,EARLY,0,0,RX,8,11000,4000,0,0,0,0,0,0,0,0.003858040396520812,0.0038797649985371505,0.0011814230940730662,0.0011168278971062295,0.007737805395057962,0.003042198238338704,-2.6304551897799615,0.0023417730853168206,1.060354168632971,0.4841882395459699,0.4873590050608054,0.4764927155388314,0.103,0.0115,0.001,2.818697290481397,0.30187661313960334,-2.5168125263842978,0,-0.3149857668371471,0,3.3445693368200007,0,6.21379686154396,0,,,,,
rxry_czbrick,d2,2,LATE,1,0,RX,8,11000,4000,0,0,0,0,0,0,0,0.00393640876880675,0.003882405490081567,0.0011264933472613656,0.0011918683106129262,0.007818814258888316,0.0027933334401334655,-2.673761400860263,0.0021195252716440676,1.1042008087005102,0.31146186455433156,0.36846223424555913,0.7181300837798226,0.23,0.03525,0.0045,2.8556458369790247,0.3017543440128385,-2.5538772280914483,0,-0.5065951316396923,0,3.7964520728044517,0,6.726371799932314,0,,,,,
rxry_czbrick,d2,2,EARLY,0,0,RX,8,11001,4000,0,0,0,0,0,0,0,0.003936387923504524,0.003926043030133644,0.001243452370268904,0.0011194790379149594,0.007862430953638169,0.00312875653928217,-2.626792346028829,0.0023616071443261534,1.0697626313931639,0.47699818905087255,0.48822494272471767,0.4888766812713926,0.105,0.00925,0.00075,2.806394874837654,0.30190499917264324,-2.5046283654784647,0,-0.3214832722468066,0,3.325386922939056,0,6.192980010193406,0,,,,,
rxry_czbrick,d2,2,LATE,1,0,RX,8,11001,4000,0,0,0,0,0,0,0,0.003974948581346268,0.003959940247621926,0.001203679472178799,0.0011653350884286817,0.007934888828968192,0.00292789492164523,-2.6715303678881357,0.0021304415919589895,1.1211693940626861,0.3105437017206214,0.37151708852143694,0.7184152967677861,0.224,0.03675,0.006,2.8353375381069634,0.30178667281509286,-2.533444515934053,0,-0.5078772752737166,0,3.7621439599363478,0,6.723657714365734,0,,,,,
rxry_czbrick,d2,2,EARLY,0,0,RX,8,11002,4000,0,0,0,0,0,0,0,0.0039380382888578565,0.0038341790540282732,0.001178162652587683,0.0011902303166186792,0.007772217342886131,0.0031171709346478117,-2.6293909005359493,0.0023475189107229713,1.043136720680749,0.4920653716175406,0.49472685403306604,0.475358747885669,0.10175,0.00875,0.001,2.8079525298716987,0.30189718998602144,-2.5062393848667748,0,-0.3079771970742943,0,3.318790221730552,0,6.191987600112268,0,,,,,
rxry_czbrick,d2,2,LATE,1,0,RX,8,11002,4000,0,0,0,0,0,0,0,0.003988132320237834,0.004016568758792269,0.0011792475282460335,0.0012162676869783894,0.008004701079030105,0.0028560781957187803,-2.6735526914443777,0.0021205440992156225,1.1270701787388027,0.3054343970634237,0.367935070909415,0.7189113907693181,0.22475,0.04175,0.0055,2.845933730875079,0.3017623103476237,-2.5442299297386057,0,-0.5150820726748002,0,3.7883350492081798,0,6.7221722610893195,0,,,,,
rxry_czbrick,d2,2,EARLY,0,0,RX,8,11003,4000,0,0,0,0,0,0,0,0.003900366034225441,0.0037457300834227566,0.0011217774679319985,0.0010354845033023665,0.0076460961176481965,0.00300241594560143,-2.6540161759253977,0.002218113801408596,1.1198466883472022,0.4973084081162826,0.4948351974871572,0.48303069944301513,0.1015,0.01425,0.00125,2.8248314681205695,0.3018692793986679,-2.5225292543233673,0,-0.30337424751028363,0,3.3276047688989934,0,6.238424941618035,0,,,,,
rxry_czbrick,d2,2,LATE,1,0,RX,8,11003,4000,0,0,0,0,0,0,0,0.0037636371960103263,0.0038013466966435525,0.0011171955704689257,0.0011198269872151434,0.007564983892653879,0.002672161000567737,-2.7023203520185657,0.001984630438900501,1.1450420738095661,0.3006738577375372,0.3638168445331869,0.7243531452162607,0.2325,0.036,0.0035,2.8747515507487997,0.3017156424345655,-2.5731375594730252,0,-0.5219046364022061,0,3.7956621992880546,0,6.745879849057828,0,,,,,
rxry_czbrick,d2,2,EARLY,0,0,RX,8,11004,4000,0,0,0,0,0,0,0,0.0041777382078974626,0.004088171554104733,0.0011941767843546914,0.0011611165830786104,0.008265909762002196,0.0031160437929814763,-2.618012618503728,0.0024098354094712186,1.0848630031499704,0.47978389898261276,0.48768551547138395,0.49586712584489834,0.1065,0.008,0.00075,2.808612642778912,0.3018853420182912,-2.5063965199026383,0,-0.3189543306795234,0,3.3413698104662806,0,6.22780316206613,0,,,,,
rxry_czbrick,d2,2,LATE,1,0,RX,8,11004,4000,0,0,0,0,0,0,0,0.00415792972820759,0.004156200600361116,0.00119562276794402,0.001188712940813238,0.008314130328568706,0.0027888405021151692,-2.6663604248419843,0.002155954420798333,1.1534222805827983,0.3076387596745626,0.36890387130529767,0.7309202699340063,0.23325,0.03825,0.00525,2.856397516067009,0.30175646619649554,-2.55457636153165,0,-0.5119589483005091,0,3.781591240288013,0,6.730791639357857,0,,,,,
rxry_czbrick,d2,2,EARLY,0,0,RX,8,11005,4000,0,0,0,0,0,0,0,0.003890759893585182,0.0038785970307457784,0.0011513111336689408,0.001117887525058008,0.0077693569243309606,0.0030085531079090456,-2.6449566887000753,0.002264870167197479,1.1066345984547312,0.4818748740520796,0.48645539562303275,0.49561237160537763,0.10975,0.01075,0.00125,2.823551539674501,0.30186395433616653,-2.5216423448233587,0,-0.3170657189952154,0,3.3689700520481383,0,6.30842522633424,0,,,,,
rxry_czbrick,d2,2,LATE,1,0,RX,8,11005,4000,0,0,0,0,0,0,0,0.0037716005968997726,0.0037499709750128166,0.0010776663769995988,0.0010719442416030891,0.007521571571912589,0.0026303759935969876,-2.6978419858077145,0.0020052014694123587,1.1444472239881147,0.3121820465066001,0.372634418857937,0.7383548933277613,0.23225,0.03975,0.0065,2.8817173461681396,0.3017162209682833,-2.579984283406498,0,-0.5055937584326949,0,3.8190142921543906,0,6.804529351247552,0,,,,,
rxry_czbrick,d2,2,EARLY,0,0,RX,8,11006,4000,0,0,0,0,0,0,0,0.003999223130149021,0.004055840645453763,0.0012509284565121617,0.001191537365005427,0.008055063775602783,0.003181041027042439,-2.6231614738392626,0.0023814338703420633,1.073381813938659,0.47780384858137004,0.48455828350294544,0.5085739468169913,0.1105,0.01025,0.00125,2.799186152132944,0.30192843585951445,-2.497430789703449,0,-0.3207503762763918,0,3.315088069437174,0,6.190003300183976,0,,,,,
rxry_czbrick,d2,2,LATE,1,0,RX,8,11006,4000,0,0,0,0,0,0,0,0.00401592821228531,0.003885679870547941,0.0012098211199758303,0.0011908921432426927,0.007901608082833252,0.0028519771753098564,-2.6758629332379176,0.002109293754629488,1.094184064893283,0.2961095930485307,0.3618031054745621,0.7248502064845712,0.23525,0.039,0.006,2.8468177049165315,0.30176632221190913,-2.544853990008548,0,-0.5285476334545169,0,3.7960257730191875,0,6.697786559888781,0,,,,,
rxry_czbrick,d2,2,EARLY,0,0,RX,8,11007,4000,0,0,0,0,0,0,0,0.004017257992362739,0.0042166767105306395,0.0011623474720521654,0.0011124538633727294,0.008233934702893379,0.003100866879645798,-2.613079524211435,0.0024373644686160193,1.0727162810613624,0.4907483511941681,0.4920680889917768,0.4825410122125453,0.1025,0.00925,0.00075,2.810386440253211,0.301901949603014,-2.5085169103320237,0,-0.30914115438265316,0,3.3257905107866614,0,6.200927737675058,0,,,,,
rxry_czbrick,d2,2,LATE,1,0,RX,8,11007,4000,0,0,0,0,0,0,0,0.004085665785860392,0.004120857448737123,0.001189727194192786,0.001173968581287603,0.008206523234597515,0.0027485439245336363,-2.6616692847700114,0.0021793687298224994,1.1354643650694776,0.2938632078269748,0.36644343134627944,0.697907609799396,0.22375,0.037,0.00325,2.862635520621058,0.30174006428561295,-2.560897375290244,0,-0.531854785465868,0,3.784486185309259,0,6.72081138772505,0,,,,,
rxry_czbrick,d2,2,EARLY,0,0,RX,8,11008,4000,0,0,0,0,0,0,0,0.004034317207074149,0.0040723677917966035,0.0011915712169947384,0.0011046082160963925,0.008106684998870755,0.0030221269129819895,-2.632652057145795,0.0023299571973157455,1.113311630733588,0.4776065549129752,0.49118544101856015,0.5005241389223254,0.10175,0.01125,0.002,2.821375889163722,0.3018870037225527,-2.5196873817819196,0,-0.3209297311437275,0,3.3411328966327565,0,6.239031701316653,0,,,,,
rxry_czbrick,d2,2,LATE,1,0,RX,8,11008,4000,0,0,0,0,0,0,0,0.004041800314737449,0.004008008585925374,0.0011614425337016085,0.0011955937880720525,0.008049808900662822,0.002819105663666078,-2.6703945776260123,0.0021360205292595916,1.1282925397262131,0.29829091924044926,0.3641663670488034,0.708329628877266,0.22625,0.039,0.00475,2.8518166123376267,0.3017511215329398,-2.549888685557189,0,-0.5253600746943641,0,3.7859622724401714,0,6.73911343486928,0,,,,,
rxry_czbrick,d2,2,EARLY,0,0,RX,8,11009,4000,0,0,0,0,0,0,0,0.003958214864697703,0.003747061376397651,0.0011112333827809513,0.0010978420473117942,0.007705276241095354,0.0029739976112627634,-2.6504030976473314,0.002236644196328563,1.111018075774676,0.48887259614128725,0.49505292909592763,0.4929553042923892,0.103,0.00825,0.00075,2.828456324011527,0.30185422712902454,-2.526659491798522,0,-0.3108043088771099,0,3.346984561694152,0,6.215346982339435,0,,,,,
rxry_czbrick,d2,2,LATE,1,0,RX,8,11009,4000,0,0,0,0,0,0,0,0.0037607991086711905,0.0038993605389021422,0.001104426978060917,0.0011581034992241318,0.007660159647573332,0.0027044245913779505,-2.6981471046521426,0.002003793185612868,1.1390028325343735,0.3280367659619546,0.3815594995742421,0.6969251765718675,0.21275,0.0335,0.00425,2.8695867523667595,0.30172967455701394,-2.567925179320107,0,-0.48407764457505026,0,3.7660411960690667,0,6.728378671136889,0,,,,,
rxry_czbrick,d2,2,EARLY,0,0,RX,10,11000,4000,0,0,0,0,0,0,0,0.0009578142368475989,0.00098245535170933,0.00019934748475177377,0.00019636232611772517,0.001940269588556929,0.0005266252450836761,-3.420557107604571,0.0003797020067279292,1.260797642993773,0.4764944893709109,0.48714970663916585,0.47887891876651145,0.09975,0.01025,0.001,3.5797107819926364,0.3011785966014249,-3.2784983322614387,0,-0.3219421394828357,0,4.119707479555677,0,7.736538781936184,0,,,,,
rxry_czbrick,d2,2,LATE,1,0,RX,10,11000,4000,0,0,0,0,0,0,0,0.0010277784072382876,0.0009673892777252167,0.00019727371333556025,0.00019943088395477202,0.0019951676849635043,0.00046401592624008145,-3.465182190248541,0.00034262402268639224,1.3049127272414172,0.3015987450066395,0.3658268457796475,0.7184754515069325,0.2295,0.0375,0.00325,3.63467867604709,0.3011506583926151,-3.333467113909235,0,-0.52057047258578,0,4.64018288878621,0,8.344838805078323,0,,,,,
rxry_czbrick,d2,2,EARLY,0,0,RX,10,11001,4000,0,0,0,0,0,0,0,0.00096386559924086,0.000917223559554769,0.00020609679859706067,0.00019341718674995364,0.0018810891587956288,0.0005399420558659621,-3.3981517436732847,0.0003998050323878932,1.2506180617281175,0.48504725773451646,0.49152829235083617,0.49662383677082556,0.10775,0.0085,0.00125,3.5688581241782513,0.3011779072286722,-3.2676528447287607,0,-0.31421598217244107,0,4.104944726218873,0,7.746860113642523,0,,,,,
rxry_czbrick,d2,2,LATE,1,0,RX,10,11001,4000,0,0,0,0,0,0,0,0.0009506062079484265,0.0009245821216950302,0.00020274143638538284,0.0001940804271708538,0.0018751883296434567,0.0004738665332541151,-3.4430860380253643,0.00036050721590731946,1.2843498407998353,0.3032176201253368,0.3675505123756406,0.7219862229686922,0.22925,0.0395,0.00625,3.6254775801179804,0.3011503978433214,-3.3243441362322574,0,-0.5182456776830058,0,4.5980545206912105,0,8.353159400055393,0,,,,,
rxry_czbrick,d2,2,EARLY,0,0,RX,10,11002,4000,0,0,0,0,0,0,0,0.0010225233496752057,0.001000262773945892,0.00020661156038288478,0.00020221210699547718,0.002022786123621098,0.000560493710167776,-3.393126954138289,0.0004044576422622102,1.2457987784408044,0.48727814968191463,0.4948330379492467,0.4901267150808617,0.094,0.011,0.0015,3.552603201258953,0.3011858679328032,-3.2514292589468345,0,-0.3122230674224492,0,4.104330192794945,0,7.723768986226659,0,,,,,
rxry_czbrick,d2,2,LATE,1,0,RX,10,11002,4000,0,0,0,0,0,0,0,0.0010192584255755061,0.0009907075363697361,0.00018808104072144265,0.00020653926790881237,0.002009965961945242,0.0004823395263490469,-3.451801456583026,0.000353344669021981,1.2990531877692502,0.307945080499856,0.3714203773480282,0.6955505815791483,0.2175,0.03575,0.0055,3.6178172248130487,0.3011550750991967,-3.3166472917667837,0,-0.5115267605930028,0,4.5339934198908765,0,8.293978412102671,0,,,,,
rxry_czbrick,d2,2,EARLY,0,0,RX,10,11003,4000,0,0,0,0,0,0,0,0.0009239571191960238,0.0009587202101138024,0.00019411341029534326,0.00019727241442311715,0.0018826773293098263,0.0005105764688205804,-3.4089788163384993,0.0003899610074121448,1.2372024807273392,0.4758621043906883,0.4862536838295649,0.49175914880703453,0.10525,0.0075,0.00075,3.5930817825394294,0.30117086502253865,-3.2919393346057837,0,-0.3225189055148583,0,4.146673689612331,0,7.793551140241282,0,,,,,
rxry_czbrick,d2,2,LATE,1,0,RX,10,11003,4000,0,0,0,0,0,0,0,0.0009454394132605337,0.0010002856087104025,0.00019524697532296022,0.00018880742746778674,0.001945725021970936,0.0004440352957614137,-3.44964371534206,0.00035510458896138766,1.27581637892765,0.28705628598012956,0.3564219966591731,0.7398525212418412,0.24225,0.04275,0.00325,3.6537153439729626,0.30114445664791,-3.3525825076981213,0,-0.5420329594633002,0,4.580689609777137,0,8.325192854036217,0,,,,,
rxry_czbrick,d2,2,EARLY,0,0,RX,10,11004,4000,0,0,0,0,0,0,0,0.0009940900641368633,0.0009457598283398611,0.0001921255462817153,0.00019211422658444447,0.0019398498924767243,0.0005170920321662656,-3.4098923260523204,0.00038914161230304515,1.2494007942363607,0.48552123360951205,0.49205079607980245,0.4950054291710066,0.10425,0.009,0.0015,3.587645806284561,0.3011737204659741,-3.286432236206055,0,-0.3137917738076301,0,4.129294661934164,0,7.76389800148185,0,,,,,
rxry_czbrick,d2,2,LATE,1,0,RX,10,11004,4000,0,0,0,0,0,0,0,0.0009883294595424605,0.0009956305615800238,0.00018727705112258855,0.0001913090989327411,0.0019839600211224843,0.00044513973246475963,-3.4583701036185888,0.0003480405901433942,1.2985921924188442,0.3066098952007592,0.3690132597311341,0.7276781011964711,0.23225,0.038,0.00625,3.652639986766182,0.3011465553640722,-3.351503655206259,0,-0.513413856433423,0,4.5933628118424075,0,8.334115881666893,0,,,,,
rxry_czbrick,d2,2,EARLY,0,0,RX,10,11005,4000,0,0,0,0,0,0,0,0.0009667825678875934,0.0009185605440574922,0.0001869031195085227,0.00019813340499580745,0.0018853431119450856,0.0004995688911669115,-3.4253226571266087,0.0003755582812834286,1.2759504209886825,0.4747106206869399,0.4872662871515515,0.4937165047996945,0.1025,0.00825,0.00075,3.6025663546474758,0.30117053279948314,-3.3014046404374398,0,-0.3235712864167393,0,4.137250767730206,0,7.774689697979059,0,,,,,
rxry_czbrick,d2,2,LATE,1,0,RX,10,11005,4000,0,0,0,0,0,0,0,0.0009568680001239628,0.0009849522883594007,0.00018865449152959796,0.0001925101023730786,0.0019418202884833632,0.00046316789444974084,-3.4698483776455213,0.00033896247520675285,1.3185476475196203,0.3062065438689274,0.3667728390032994,0.7075193090053874,0.225,0.032,0.00425,3.6353996767660646,0.30115084808744075,-3.3342615553942547,0,-0.5139855332210859,0,4.581674056868925,0,8.291956621625562,0,,,,,
rxry_czbrick,d2,2,EARLY,0,0,RX,10,11006,4000,0,0,0,0,0,0,0,0.0010299066945799644,0.001043070081571063,0.00021498554513596304,0.000214379831184521,0.002072976776151028,0.0005652359318236356,-3.371428901164376,0.00042517830752376954,1.2551404495185525,0.478941148568109,0.4849246565711774,0.49023693774426835,0.11075,0.01025,0.0015,3.5489375390469373,0.3011895083516871,-3.2477705344781578,0,-0.31971784892701605,0,4.108795166817272,0,7.719709851498166,0,,,,,
rxry_czbrick,d2,2,LATE,1,0,RX,10,11006,4000,0,0,0,0,0,0,0,0.001035877141668395,0.0010792821079852817,0.000213498155125156,0.00022166747119245294,0.0021151592496536768,0.0005215523863628074,-3.416226116971181,0.00038350751894486695,1.2955115855935166,0.3113361717096762,0.3740920427728077,0.7295246364025696,0.22925,0.03475,0.0045,3.5838681370895475,0.30116345890297946,-3.2827020658500716,0,-0.5067707173694065,0,4.536174530048381,0,8.182363439210292,0,,,,,
rxry_czbrick,d2,2,EARLY,0,0,RX,10,11007,4000,0,0,0,0,0,0,0,0.0009186031336872517,0.0009712812389402669,0.000190848824584846,0.00019429307150883998,0.0018898843726275188,0.0005072228910584823,-3.4168870633775623,0.0003829243083753823,1.2581802984844872,0.4825872732717096,0.48880435551594825,0.4915145031692755,0.10625,0.01175,0.001,3.595949235894641,0.30117380047053466,-3.2948024566642493,0,-0.31642413914585354,0,4.1118011366532325,0,7.754566217238629,0,,,,,
rxry_czbrick,d2,2,LATE,1,0,RX,10,11007,4000,0,0,0,0,0,0,0,0.0009677794262736123,0.0009362121257183389,0.00019777776205530113,0.00019963605677324956,0.0019039915519919513,0.0004790597460712342,-3.455836683610382,0.0003500767886144761,1.2964681627973245,0.3062006568671025,0.36796953141413946,0.7022447522693049,0.22225,0.033,0.0055,3.620786688473559,0.3011525725423001,-3.319610459625001,0,-0.5139938854658702,0,4.593669293371746,0,8.274682940198225,0,,,,,
rxry_czbrick,d2,2,EARLY,0,0,RX,10,11008,4000,0,0,0,0,0,0,0,0.0009502787944226837,0.0009462549029732087,0.00018191110782220352,0.00017773773508588048,0.0018965336973958927,0.0004798097249070763,-3.436071944229266,0.00036637687646611937,1.286366222087505,0.47490012713032115,0.48513066507459895,0.5008307706431396,0.10775,0.01225,0.00125,3.6201130070079675,0.30116399811184236,-3.318931008785196,0,-0.3233977898448462,0,4.164759334386577,0,7.826368054957268,0,,,,,
rxry_czbrick,d2,2,LATE,1,0,RX,10,11008,4000,0,0,0,0,0,0,0,0.0009315174028341154,0.0008959467639038636,0.0001836264946769609,0.00016756882865942525,0.0018274641667379789,0.00042634247371455686,-3.4855947491805215,0.0003268927215063142,1.2964859166813856,0.30156112995453854,0.3681578126760948,0.7070381517939827,0.223,0.03625,0.005,3.671417131766394,0.3011402428756351,-3.370241827608023,0,-0.5206246546308266,0,4.615333160950371,0,8.381499957948094,0,,,,,
rxry_czbrick,d2,2,EARLY,0,0,RX,10,11009,4000,0,0,0,0,0,0,0,0.0009818828793085417,0.0009372343969231712,0.00019058116257001683,0.00018620588345129858,0.001919117276231713,0.00048249446068639493,-3.422345393600778,0.0003781417296777635,1.2942878885075495,0.4911899013258465,0.4957754467903511,0.4800844766720517,0.0985,0.0085,0.00025,3.6176529568504816,0.3011714304612667,-3.3165081743958593,0,-0.30875059928545134,0,4.130529597094681,0,7.785309297165965,0,,,,,
rxry_czbrick,d2,2,LATE,1,0,RX,10,11009,4000,0,0,0,0,0,0,0,0.0009615307305534926,0.0009345171579971277,0.00019843206181506225,0.00018746183295288132,0.0018960478885506203,0.00045572354564525343,-3.4717397097317635,0.00033748951919064155,1.3306380205123625,0.300889632180333,0.3650911294983189,0.7265243261079203,0.23525,0.037,0.0065,3.6424797256762877,0.30114786280131245,-3.3412985376719764,0,-0.5215928575746238,0,4.6177416153155635,0,8.357003956692564,0,,,,,
rxry_czbrick,d2,2,EARLY,0,0,RX,12,11000,4000,0,0,0,0,0,0,0,0.00023468153583685824,0.0002579463049457655,3.4346095307970445e-05,3.3725248502619964e-05,0.0004926278407826238,9.069815943350163e-05,-4.1762299913597705,6.664537387207663e-05,1.4278860738649213,0.4861369439415354,0.4887987740287968,0.4889504860063455,0.10625,0.00975,0.001,4.34345306110549,0.3010553055775014,-4.042401563295019,0,-0.3132413867566044,0,4.890744558980169,0,9.26255647729176,0,,,,,
rxry_czbrick,d2,2,LATE,1,0,RX,12,11000,4000,0,0,0,0,0,0,0,0.0002404922723129069,0.0002508652090701645,3.393725155978531e-05,3.400418451746062e-05,0.0004913574813830714,8.071023281968013e-05,-4.215991104287927,6.081474579170215e-05,1.4351732387061573,0.3005210326340525,0.36544622525475173,0.7343660723351286,0.23525,0.04025,0.0095,4.39411927547591,0.3010508542617436,-4.09307140762319,0,-0.5221251278550856,0,5.390733677864151,0,9.833044972318653,0,,,,,
rxry_czbrick,d2,2,EARLY,0,0,RX,12,11001,4000,0,0,0,0,0,0,0,0.00022972143663187443,0.00021675082933875027,3.1922549783583795e-05,3.3646819728030635e-05,0.0004464722659706247,8.30370655925286e-05,-4.181323947011085,6.586823905133091e-05,1.400498244439191,0.48695463869714767,0.4894289131064894,0.4917467652263383,0.10375,0.00875,0.001,4.381776643115658,0.3010533575699612,-4.0807281731370555,0,-0.3125114963081902,0,4.899979769982143,0,9.338236691651456,0,,,,,
rxry_czbrick,d2,2,LATE,1,0,RX,12,11001,4000,0,0,0,0,0,0,0,0.00022667013322430883,0.00022726401650935925,3.118436460979349e-05,3.216014304411474e-05,0.00045393414973366814,7.72136750880144e-05,-4.227605121506426,5.9209975106618004e-05,1.439930751197041,0.30213112382497465,0.36698793534964863,0.7340401089711686,0.23275,0.02875,0.0045,4.4133545470161835,0.3010495860960667,-4.112305781712556,0,-0.5198045369171145,0,5.399329307988454,0,9.867444606919477,0,,,,,
rxry_czbrick,d2,2,EARLY,0,0,RX,12,11002,4000,0,0,0,0,0,0,0,0.00024127937048742465,0.0002472107682910558,3.3623544960473774e-05,3.344486834395434e-05,0.0004884901387784804,9.001958724118647e-05,-4.170468796008932,6.753535763014555e-05,1.3896209815740765,0.4832805000433217,0.4885831282633022,0.50004868572659,0.108,0.00975,0.001,4.346714141202083,0.3010552910831592,-4.045663088003611,0,-0.3158007516162026,0,4.906639355252091,0,9.27225318486618,0,,,,,
rxry_czbrick,d2,2,LATE,1,0,RX,12,11002,4000,0,0,0,0,0,0,0,0.00024415945073398755,0.000237934831262266,3.4388002079855924e-05,3.3969555101488375e-05,0.0004820942819962536,8.250056513370501e-05,-4.217462022796571,6.0609119830466935e-05,1.428553770720884,0.31206715605075774,0.37595163326805975,0.7318340767944429,0.227,0.0425,0.0065,4.384594342130631,0.30105147062481796,-4.083543095948384,0,-0.5057519735031726,0,5.336215874862237,0,9.772531358061482,0,,,,,
rxry_czbrick,d2,2,EARLY,0,0,RX,12,11003,4000,0,0,0,0,0,0,0,0.0002548570448016646,0.0002509725777350036,3.502547681105809e-05,3.500526187077845e-05,0.0005058296225366682,9.544727996562121e-05,-4.157189658044524,6.963223610917896e-05,1.4321000325994309,0.4822165898018006,0.488181245400975,0.5023187771647628,0.10825,0.01175,0.00125,4.32128855679027,0.30105674678417493,-4.020236443566745,0,-0.31675785336214857,0,4.895971774982576,0,9.244941330462764,0,,,,,
rxry_czbrick,d2,2,LATE,1,0,RX,12,11003,4000,0,0,0,0,0,0,0,0.0002497689987899104,0.00026081581693010485,3.5737759549385756e-05,3.533278655308744e-05,0.0005105848157200153,8.660676089436916e-05,-4.198533057798549,6.330921699173772e-05,1.4598477708059887,0.3027253722406902,0.3638459696983001,0.723747617438079,0.23225,0.03725,0.003,4.363500170072552,0.30105264136111987,-4.062448208525879,0,-0.5189511785587633,0,5.359375171266622,0,9.806765406743693,0,,,,,
rxry_czbrick,d2,2,EARLY,0,0,RX,12,11004,4000,0,0,0,0,0,0,0,0.0002230747582105175,0.00022789240465211148,3.4310435106142944e-05,3.566161298421952e-05,0.000450967162862629,9.515379543620104e-05,-4.164572288024325,6.84585524807233e-05,1.4023267590027757,0.48929717216598423,0.492676056715646,0.48697183634416297,0.103,0.008,0.001,4.3226378956306934,0.30105709014906457,-4.021574362109723,0,-0.31042735041008995,0,4.836127786539359,0,9.233878802846927,0,,,,,
rxry_czbrick,d2,2,LATE,1,0,RX,12,11004,4000,0,0,0,0,0,0,0,0.00021078380288152331,0.0002294975173930333,3.522617084562546e-05,3.568318777827114e-05,0.00044028132027455665,8.61896638701108e-05,-4.214140490567834,6.107444223244416e-05,1.4396496830870587,0.31281101364999564,0.37194818309394634,0.6913722833797233,0.21875,0.035,0.00775,4.36560171667171,0.30105229929277,-4.064544819169885,0,-0.5047179729040059,0,5.307867195932842,0,9.785699859052873,0,,,,,
rxry_czbrick,d2,2,EARLY,0,0,RX,12,11005,4000,0,0,0,0,0,0,0,0.00023041745150674517,0.00022454638477595706,3.257413683992203e-05,3.2398436932969756e-05,0.00045496383628270223,8.598469673759696e-05,-4.2065426798579315,6.215231651807356e-05,1.413979603064102,0.48917745622369174,0.493623477287956,0.48129249441498667,0.10475,0.01,0.00075,4.366635378284542,0.3010536690889567,-4.065578836165541,0,-0.31053357737576587,0,4.8871268444868665,0,9.310640922943584,0,,,,,
rxry_czbrick,d2,2,LATE,1,0,RX,12,11005,4000,0,0,0,0,0,0,0,0.0002258056974832987,0.00022662666262837327,3.184167440674532e-05,3.174457855644875e-05,0.000452432360111672,7.840870336760157e-05,-4.251007870973673,5.610378079230052e-05,1.4743876132879983,0.31499756419644637,0.3728501528547546,0.7082471414436244,0.22325,0.03375,0.0055,4.4066844632178235,0.301050528138183,-4.105636548466602,0,-0.5016928396072637,0,5.334518533546231,0,9.841573043561917,0,,,,,
rxry_czbrick,d2,2,EARLY,0,0,RX,12,11006,4000,0,0,0,0,0,0,0,0.00023433434345463216,0.00024654377510121065,3.325144235212606e-05,3.3218534373704445e-05,0.00048087811855584284,8.820859462995651e-05,-4.173740811254122,6.702845186483167e-05,1.3912075419393872,0.484290204007101,0.48562411782306797,0.4893237582009417,0.09925,0.01075,0.0005,4.355547503706898,0.30105505198403293,-4.054489109654952,0,-0.31489432075850077,0,4.88436510962341,0,9.267788659600313,0,,,,,
rxry_czbrick,d2,2,LATE,1,0,RX,12,11006,4000,0,0,0,0,0,0,0,0.00025218032927317157,0.0002346825296066022,3.146542617863665e-05,3.166896719855561e-05,0.00048686285887977374,7.524968830382967e-05,-4.229609284891112,5.893736497381861e-05,1.4314221161606255,0.31269672487437644,0.368833360656034,0.7166556353395533,0.228,0.037,0.004,4.424542803536909,0.3010498147169933,-4.123495311367009,0,-0.5048766678415353,0,5.35553433096984,0,9.87267554433905,0,,,,,
rxry_czbrick,d2,2,EARLY,0,0,RX,12,11007,4000,0,0,0,0,0,0,0,0.0002375016190935005,0.00023148063866999024,3.1758649058390486e-05,3.4862830997082547e-05,0.00046898225776349073,9.160237799206351e-05,-4.172543437943182,6.721350790942958e-05,1.3890571910479097,0.4862200456954039,0.4916879306666507,0.4930640816240572,0.0985,0.01075,0.001,4.339150427206329,0.3010563063740239,-4.038093902672356,0,-0.3131671455017979,0,4.876087319586704,0,9.24827722102873,0,,,,,
rxry_czbrick,d2,2,LATE,1,0,RX,12,11007,4000,0,0,0,0,0,0,0,0.000254532839852898,0.000222261137825349,3.5195324223211725e-05,3.485804754122334e-05,0.000476793977678247,8.00782990512395e-05,-4.2259647834653205,5.943403511666219e-05,1.4501974760656968,0.3054998880379699,0.3654506481804973,0.7310078151028028,0.23375,0.04225,0.00575,4.397535749380063,0.3010504442130437,-4.096486355478596,0,-0.5149889488634602,0,5.3597408971087965,0,9.851838662529094,0,,,,,
rxry_czbrick,d2,2,EARLY,0,0,RX,12,11008,4000,0,0,0,0,0,0,0,0.00024385350264157074,0.00023766321581580408,3.3024869152053525e-05,3.314724313728781e-05,0.0004815167184573748,8.709621360317055e-05,-4.173497097111231,6.70660769483409e-05,1.4326219649712848,0.48073858094012745,0.48668911932584513,0.48925859293964696,0.10725,0.0085,0.00175,4.361057048733018,0.30105466508935685,-4.060000787273859,0,-0.31809102892099805,0,4.888033141216891,0,9.283937594934972,0,,,,,
rxry_czbrick,d2,2,LATE,1,0,RX,12,11008,4000,0,0,0,0,0,0,0,0.00025117755503410364,0.00023351323179467248,3.405176114897787e-05,3.384567094714357e-05,0.00048469078682877615,7.797321156963745e-05,-4.2246654973466775,5.961211116462039e-05,1.4390334560717215,0.306154220798189,0.3666426494636901,0.72082867682227,0.2295,0.04025,0.00425,4.409107027984563,0.30104994319452194,-4.108054666553704,0,-0.5140597488361789,0,5.388961899707613,0,9.85691671066539,0,,,,,
rxry_czbrick,d2,2,EARLY,0,0,RX,12,11009,4000,0,0,0,0,0,0,0,0.0002508949270913398,0.0002370014689876499,3.0822114701024595e-05,3.273584862748384e-05,0.0004878963960789897,8.407706142832968e-05,-4.1928236883211545,6.414699429792014e-05,1.4493886572491101,0.47793575858814885,0.48229426485603843,0.4928811406619809,0.10675,0.00925,0.001,4.376375213110014,0.30105329443885265,-4.075322476466521,0,-0.32063082145174054,0,4.936206003617477,0,9.3597956907218,0,,,,,
rxry_czbrick,d2,2,LATE,1,0,RX,12,11009,4000,0,0,0,0,0,0,0,0.00023928694062348444,0.00024938156488940675,3.0247030943615702e-05,3.058548642218852e-05,0.0004886685055128911,7.145700647653425e-05,-4.23795265816961,5.7815906827727026e-05,1.4733884117391964,0.3023015935353002,0.36626531377333676,0.7403262410249479,0.23575,0.0385,0.005,4.447004739386079,0.3010490270308095,-4.145955273258384,0,-0.5195596618707725,0,5.351992076679715,0,9.850982365673183,0,,,,,
rxry_czbrick,d2,2,EARLY,0,0,RX,14,11000,4000,0,0,0,0,0,0,0,5.697876761644096e-05,5.8466223588555655e-05,5.64657157301882e-06,5.390405133192692e-06,0.00011544499120499662,1.5663244841782325e-05,-4.944528861175755,1.1362427857882145e-05,1.5069058004984548,0.4870324056703757,0.49199901540732355,0.5020227175056373,0.10675,0.00875,0.00125,5.106153275422095,0.3010344303779555,-4.8051195098743165,0,-0.3124421634720051,0,5.671434248296665,0,10.787136377497248,0,,,,,
rxry_czbrick,d2,2,LATE,1,0,RX,14,11000,4000,0,0,0,0,0,0,0,5.419203216123911e-05,5.8565136226334737e-05,5.946590853547786e-06,5.784571035591324e-06,0.00011275716838757385,1.3928670978737122e-05,-4.993125092403914,1.0159560189115764e-05,1.5383663687797675,0.30060119395793594,0.36396386499650507,0.7319529414149447,0.2345,0.04475,0.0045,5.157123667580898,0.30103360081282826,-4.85609042129602,0,-0.5220092991806325,0,6.120074838360988,0,11.356585798785474,0,,,,,
rxry_czbrick,d2,2,EARLY,0,0,RX,14,11001,4000,0,0,0,0,0,0,0,5.83893647076305e-05,5.846172854098223e-05,5.1128573198104475e-06,5.43331957614676e-06,0.00011685109324861273,1.389347781164607e-05,-4.963134498546801,1.0885929100517608e-05,1.527343481248149,0.4866316380072815,0.4929382512824628,0.47357435049766605,0.10325,0.0095,0.0005,5.158223972887418,0.30103381050552214,-4.857189511845428,0,-0.31279966675687987,0,5.686551107104496,0,10.877812038371856,0,,,,,
rxry_czbrick,d2,2,LATE,1,0,RX,14,11001,4000,0,0,0,0,0,0,0,5.802853236870051e-05,5.9879190496704207e-05,5.286239184211831e-06,5.275041196428046e-06,0.00011790772286540471,1.2521713413449256e-05,-5.0118452608651785,9.730938753895763e-06,1.5547074049770346,0.3058036865840545,0.3725967203588532,0.7275092768737308,0.229,0.0375,0.00575,5.20337004213204,0.3010331812982021,-4.902336266902797,0,-0.5145572966940155,0,6.109639182546246,0,11.377069918990259,0,,,,,
rxry_czbrick,d2,2,EARLY,0,0,RX,14,11002,4000,0,0,0,0,0,0,0,5.87668452908751e-05,5.707353877625863e-05,5.676893654218526e-06,5.608528536485501e-06,0.00011584038406713373,1.4752786539905315e-05,-4.943499435328375,1.13893926272866e-05,1.539549290203138,0.49618643704935184,0.4951540989068963,0.47410166606161197,0.099,0.009,0.00075,5.132160697532907,0.30103407685126937,-4.831126040828782,0,-0.3043551114796974,0,5.6578078387437625,0,10.829090754171286,0,,,,,
rxry_czbrick,d2,2,LATE,1,0,RX,14,11002,4000,0,0,0,0,0,0,0,6.112926600400641e-05,5.918070854512749e-05,5.610340273609954e-06,5.698777867932366e-06,0.00012030997454913389,1.326370710874072e-05,-4.996360847755821,1.008414663631135e-05,1.6021418749225527,0.30281294867974146,0.3714822002155769,0.7014785007687028,0.22325,0.034,0.006,5.178368770587548,0.30103348822447007,-4.87733515116544,0,-0.5188256233316386,0,6.143324556194105,0,11.37602886709459,0,,,,,
rxry_czbrick,d2,2,EARLY,0,0,RX,14,11003,4000,0,0,0,0,0,0,0,5.486363535274772e-05,5.66525138018154e-05,5.969736587855068e-06,5.37840242017584e-06,0.00011151614915456312,1.505876458228866e-05,-4.945405765094614,1.1339508604799392e-05,1.5484380654360734,0.4909179465351817,0.4896385724114093,0.47900606014339453,0.1055,0.012,0.001,5.123245497218066,0.30103429619985045,-4.822210699245552,0,-0.30899109106439737,0,5.632362112127959,0,10.792167388798525,0,,,,,
rxry_czbrick,d2,2,LATE,1,0,RX,14,11003,4000,0,0,0,0,0,0,0,5.66717897701227e-05,5.8307457769093034e-05,5.526558254515092e-06,5.641278786036918e-06,0.00011497924753921574,1.3205499726760213e-05,-4.996407283483968,1.0083068474653182e-05,1.5918402394671158,0.3144832263676208,0.37699420272021217,0.7498637283487989,0.234,0.03875,0.0055,5.180278276771414,0.3010334159963315,-4.879245167511072,0,-0.5024025185080734,0,6.149311995953164,0,11.36856287030455,0,,,,,
rxry_czbrick,d2,2,EARLY,0,0,RX,14,11004,4000,0,0,0,0,0,0,0,5.913407653328474e-05,5.858789609786275e-05,6.095223710669934e-06,5.806231486675408e-06,0.00011772197263114749,1.603631196070198e-05,-4.92830420577965,1.1794941581120323e-05,1.5513717496365507,0.4968620489732233,0.4979599466269101,0.46464432724130994,0.09075,0.00925,0.001,5.095929831253751,0.30103446237519504,-4.794895527112169,0,-0.30376418117016796,0,5.602155585129401,0,10.7715760807504,0,,,,,
rxry_czbrick,d2,2,LATE,1,0,RX,14,11004,4000,0,0,0,0,0,0,0,5.488061094844171e-05,6.132550473256439e-05,6.078060023034291e-06,6.141944561613467e-06,0.0001162061156810061,1.5069629446803078e-05,-4.974034484758812,1.0616112575743862e-05,1.5733751111174064,0.30690135971802335,0.3665557726207944,0.7170722505691227,0.23125,0.03875,0.00375,5.122930818732215,0.30103387378170243,-4.82189749431916,0,-0.5130012509003461,0,6.115131859906649,0,11.307419503993682,0,,,,,
rxry_czbrick,d2,2,EARLY,0,0,RX,14,11005,4000,0,0,0,0,0,0,0,6.438579452720969e-05,6.162191657233204e-05,6.149461968311359e-06,5.8008124701256355e-06,0.00012600771109954172,1.644851349045302e-05,-4.925298108053592,1.1876866966660395e-05,1.5475741157497929,0.49763941460321853,0.49396815978913267,0.49448240788539466,0.1035,0.011,0.002,5.084908133203857,0.30103453694541216,-4.7838736129171675,0,-0.30308526852305573,0,5.634755268220332,0,10.795445718476365,0,,,,,
rxry_czbrick,d2,2,LATE,1,0,RX,14,11005,4000,0,0,0,0,0,0,0,5.97886171170761e-05,6.094444505784723e-05,5.888448976902669e-06,5.637568452592826e-06,0.00012073306217492333,1.3873834578432685e-05,-4.972220432857923,1.0660548912962614e-05,1.608657802961054,0.31388850142321945,0.3748232321199323,0.7186189245349223,0.22325,0.04075,0.0045,5.158836604943455,0.3010336628130288,-4.857803500199178,0,-0.5032249933319551,0,6.118632145731976,0,11.318477152816378,0,,,,,
rxry_czbrick,d2,2,EARLY,0,0,RX,14,11006,4000,0,0,0,0,0,0,0,5.7958761066592136e-05,5.687992392796209e-05,5.953726270717627e-06,5.9418037059302495e-06,0.00011483868499455423,1.591192615844854e-05,-4.929873020419083,1.1752411232264401e-05,1.5431014203958213,0.4804292448794524,0.4856699467101059,0.5175412075747798,0.11475,0.014,0.00125,5.0993158302934045,0.30103450562951606,-4.79828179742413,0,-0.3183705670839197,0,5.65413165159789,0,10.806361968513698,0,,,,,
rxry_czbrick,d2,2,LATE,1,0,RX,14,11006,4000,0,0,0,0,0,0,0,5.896950968913511e-05,5.919837851714022e-05,5.934812635828734e-06,5.8168545712611655e-06,0.00011816788820627534,1.3938043480335795e-05,-4.981131123038583,1.0444048428627589e-05,1.5765710956256331,0.2975979997335152,0.3617953737655164,0.7304788815215396,0.2325,0.04175,0.00475,5.156833106455943,0.3010335535383346,-4.855798192641542,0,-0.5263699923086989,0,6.123864687054651,0,11.372186118987988,0,,,,,
rxry_czbrick,d2,2,EARLY,0,0,RX,14,11007,4000,0,0,0,0,0,0,0,5.662549310061997e-05,5.752268695837011e-05,5.864636838316326e-06,5.654752588844271e-06,0.00011414818005899008,1.548438833294833e-05,-4.92941415434991,1.1764835135680613e-05,1.5228149941474909,0.4850544764959887,0.48979859604131776,0.48917342704641964,0.10525,0.0125,0.00225,5.111140431325866,0.30103432239687944,-4.810106057104564,0,-0.31420949269449916,0,5.647377039419994,0,10.79793068786947,0,,,,,
rxry_czbrick,d2,2,LATE,1,0,RX,14,11007,4000,0,0,0,0,0,0,0,5.6510043237882824e-05,5.9545585348620255e-05,5.6116249142891365e-06,5.849749421763286e-06,0.00011605562858650308,1.3716208795592377e-05,-4.978633206491875,1.0504292185538214e-05,1.5721340001741897,0.29316060166412533,0.3623759363188676,0.7209650106649412,0.2345,0.038,0.0045,5.163799144915752,0.3010335362908565,-4.8627659236624385,0,-0.5328944008845371,0,6.126901882167003,0,11.33446268863499,0,,,,,
rxry_czbrick,d2,2,EARLY,0,0,RX,14,11008,4000,0,0,0,0,0,0,0,6.205701540999921e-05,6.020466899314778e-05,6.284361025158202e-06,6.23358111670612e-06,0.000122261684403147,1.6809019061846422e-05,-4.9084053739433235,1.2347943284662339e-05,1.4988564633480639,0.4958450498000613,0.49323358010842744,0.5062036113205619,0.10375,0.01,0.00075,5.075491728077278,0.30103474463675095,-4.774457733980736,0,-0.304654060252569,0,5.606961022096351,0,10.711183379430555,0,,,,,
rxry_czbrick,d2,2,LATE,1,0,RX,14,11008,4000,0,0,0,0,0,0,0,6.214959008989968e-05,6.220346361464877e-05,6.140061976744056e-06,6.190271488296093e-06,0.00012435305370454844,1.4324318510467221e-05,-4.958837819688828,1.0994163221820974e-05,1.5044650888171827,0.30430192156782065,0.3648913721821891,0.7464398642485418,0.23825,0.0345,0.00375,5.144959569193695,0.30103371901586184,-4.84392603085659,0,-0.5166953249925037,0,6.095579381413639,0,11.2716464134392,0,,,,,
rxry_czbrick,d2,2,EARLY,0,0,RX,14,11009,4000,0,0,0,0,0,0,0,6.138836118805042e-05,5.855948609158258e-05,5.719542787742928e-06,5.73290949181562e-06,0.00011994784727963299,1.5633546731391955e-05,-4.942126077908201,1.142546599521364e-05,1.534268076882694,0.4766233474584658,0.48591217076524806,0.5009062594807907,0.09825,0.01075,0.00075,5.106976658925127,0.30103436257003535,-4.805942583875494,0,-0.32182469228196453,0,5.669794608242998,0,10.847036525254213,0,,,,,
rxry_czbrick,d2,2,LATE,1,0,RX,14,11009,4000,0,0,0,0,0,0,0,6.159397133401873e-05,6.0479280118302016e-05,5.831604193924134e-06,5.625898342212149e-06,0.00012207325145232074,1.3797018219865693e-05,-4.9899186517834995,1.0234846844620128e-05,1.558971300018018,0.29760934877531775,0.36672197744189383,0.6995390114950972,0.22725,0.04275,0.009,5.16124843172925,0.30103359411710295,-4.86021478937748,0,-0.526353430458954,0,6.1310313859123875,0,11.406986621772582,0,,,,,
rxry_czbrick,d2,2,EARLY,0,0,RX,16,11000,4000,0,0,0,0,0,0,0,1.4465433804975834e-05,1.528429821907927e-05,9.850583325731192e-07,1.0111383695163925e-06,2.9749732024055104e-05,2.637507112530011e-06,-5.707276802216236,1.9621093069422876e-06,1.6778129325424551,0.47952368327921346,0.4877786062941776,0.4938693860146419,0.09625,0.00925,0.00075,5.879837244825154,0.3010307279289286,-5.578806398574908,0,-0.31918997089537215,0,6.438196386293786,0,12.322109533732807,0,,,,,
rxry_czbrick,d2,2,LATE,1,0,RX,16,11000,4000,0,0,0,0,0,0,0,1.499153283681008e-05,1.6247411899886377e-05,9.888410944251847e-07,9.500853984255195e-07,3.123894473669646e-05,2.389685641282573e-06,-5.756254599219063,1.752852614630952e-06,1.7190575294299588,0.3021855783007512,0.3616619083073476,0.708075876705596,0.2295,0.03425,0.00525,5.922690381060464,0.30103060288225825,-5.621659640098487,0,-0.5197262898198381,0,6.898939382515019,0,12.859623455324844,0,,,,,
rxry_czbrick,d2,2,EARLY,0,0,RX,16,11001,4000,0,0,0,0,0,0,0,1.513320743678068e-05,1.4950256062971983e-05,1.0254523201998168e-06,1.0210808237284147e-06,3.0083463499752664e-05,2.834730514707192e-06,-5.695791643018252,2.0146905853503697e-06,1.6797941344618499,0.4718517013705269,0.4823761356039127,0.5043497302087085,0.112,0.0105,0.00125,5.848519348288017,0.3010307874144029,-5.547488632072168,0,-0.32619447503731613,0,6.4603576467286175,0,12.361910962224625,0,,,,,
rxry_czbrick,d2,2,LATE,1,0,RX,16,11001,4000,0,0,0,0,0,0,0,1.4752155918560293e-05,1.481149434094111e-05,1.0419826373681707e-06,1.00890094342473e-06,2.9563650259501404e-05,2.413422487500782e-06,-5.743346064939451,1.805734663794013e-06,1.7047475592055443,0.31563794278735036,0.3728336215679165,0.7368862833433886,0.233,0.03675,0.00475,5.918399142422537,0.30103062303938977,-5.617368596911639,0,-0.5008108198455763,0,6.8899726787334785,0,12.883564022099335,0,,,,,
rxry_czbrick,d2,2,EARLY,0,0,RX,16,11002,4000,0,0,0,0,0,0,0,1.4589970918289786e-05,1.4956762313720646e-05,9.444128141845574e-07,9.445070977683267e-07,2.9546733232010435e-05,2.457235986581706e-06,-5.716987570442478,1.918723653973922e-06,1.6785617714300942,0.47346823838811514,0.48589469981980277,0.5034671221640183,0.11,0.01025,0.001,5.910583949712115,0.30103066699638914,-5.60955332212775,0,-0.3247091973351972,0,6.4721419349315195,0,12.425118626491994,0,,,,,
rxry_czbrick,d2,2,LATE,1,0,RX,16,11002,4000,0,0,0,0,0,0,0,1.5505399321627642e-05,1.5230124210792845e-05,9.13160541113632e-07,8.917753663362383e-07,3.073552353242048e-05,2.1377548660789524e-06,-5.769838651023361,1.6988747007323833e-06,1.7215029858678577,0.29985378273366486,0.36825153822663365,0.7136762552291019,0.22375,0.03725,0.0035,5.971072696697787,0.3010305327910774,-5.670042102165805,0,-0.5230905982313157,0,6.942810648943459,0,12.946330930742622,0,,,,,
rxry_czbrick,d2,2,EARLY,0,0,RX,16,11003,4000,0,0,0,0,0,0,0,1.500513617105812e-05,1.638947448899053e-05,1.1474027493634073e-06,1.0857512822007904e-06,3.1394610660048655e-05,3.0234351836493e-06,-5.665823581998502,2.158621100658354e-06,1.6405368760476557,0.47361762754149167,0.4851807077703966,0.4809739838549012,0.1095,0.014,0.00175,5.820530774893697,0.3010308181908452,-5.519499741519095,0,-0.32457214733789264,0,6.399018404446736,0,12.27705036703658,0,,,,,
rxry_czbrick,d2,2,LATE,1,0,RX,16,11003,4000,0,0,0,0,0,0,0,1.6587513985757156e-05,1.6858628446170503e-05,1.1029132074038981e-06,1.0928206852042738e-06,3.344614243192766e-05,2.6612540052399117e-06,-5.716082117078201,1.9227281421006182e-06,1.6550974418569293,0.297920511427442,0.364532845945772,0.7172619889792754,0.2305,0.037,0.0055,5.875944776802529,0.30103067189509636,-5.574914077394812,0,-0.5258996077885353,0,6.862285369602868,0,12.821194874963545,0,,,,,
rxry_czbrick,d2,2,EARLY,0,0,RX,16,11004,4000,0,0,0,0,0,0,0,1.5820488823886606e-05,1.6255948279544365e-05,1.0043373819807958e-06,1.0018964888928808e-06,3.2076437103430974e-05,2.716760528628403e-06,-5.675327803751077,2.1118943885924653e-06,1.6977800223477013,0.4974679233617789,0.49736299817658186,0.4791638388096292,0.10275,0.01325,0.00125,5.866979278496856,0.3010307760987936,-5.565948641292474,0,-0.3032349173336467,0,6.364842356987337,0,12.265309573349999,0,,,,,
rxry_czbrick,d2,2,LATE,1,0,RX,16,11004,4000,0,0,0,0,0,0,0,1.6311252138970093e-05,1.599604991679697e-05,1.0834049213918625e-06,1.0739274236540044e-06,3.230730205576707e-05,2.529978887982933e-06,-5.714502944093432,1.9297322544408542e-06,1.7321225528157003,0.3012787005944352,0.3679685720681426,0.6981020891995685,0.221,0.036,0.00475,5.897913787212433,0.30103064852235084,-5.596883150425963,0,-0.5210315859907451,0,6.847127322947772,0,12.798531852635826,0,,,,,
rxry_czbrick,d2,2,EARLY,0,0,RX,16,11005,4000,0,0,0,0,0,0,0,1.4939484373514466e-05,1.435737159286225e-05,9.96528369270109e-07,1.0247399747229859e-06,2.929685596637672e-05,2.65918002921174e-06,-5.693498890175682,2.025354782541479e-06,1.678737172113192,0.4810065729343776,0.4883149760499032,0.48835834319170685,0.10175,0.014,0.001,5.876283026220518,0.30103073680643533,-5.5752522622285365,0,-0.31784912102676116,0,6.42313026991223,0,12.326466851960305,0,,,,,
rxry_czbrick,d2,2,LATE,1,0,RX,16,11005,4000,0,0,0,0,0,0,0,1.4965599176709587e-05,1.4651252714891618e-05,9.759284702829871e-07,9.878065320345815e-07,2.9616851891601206e-05,2.377348387281677e-06,-5.7420552932982485,1.811109491963428e-06,1.7074907918500797,0.29170625227344804,0.3558175302175025,0.701618835838548,0.2295,0.03775,0.006,5.924938337917426,0.3010306055668619,-5.623907822690328,0,-0.5350542630342725,0,6.925737782577233,0,12.911255886007641,0,,,,,
rxry_czbrick,d2,2,EARLY,0,0,RX,16,11006,4000,0,0,0,0,0,0,0,1.4448665154613402e-05,1.4995823470132279e-05,9.98984104600586e-07,9.546799777942408e-07,2.944448862474568e-05,2.5873531479639205e-06,-5.703405975407657,1.979675573863941e-06,1.6446432324229248,0.47712847186090396,0.48792101924132397,0.4835210062162932,0.09625,0.0095,0.001,5.888175033170995,0.3010307123940539,-5.587144338193545,0,-0.32136470795464567,0,6.4432107864976755,0,12.373985014597235,0,,,,,
rxry_czbrick,d2,2,LATE,1,0,RX,16,11006,4000,0,0,0,0,0,0,0,1.4753070468041071e-05,1.470900367831782e-05,9.860921776085115e-07,9.189968265751124e-07,2.946207414635889e-05,2.2545259174147845e-06,-5.759523942428914,1.73970678626421e-06,1.67519199827092,0.3033849619252932,0.36824304257867907,0.6935469074420226,0.21825,0.0375,0.003,5.947975274109336,0.30103057588618265,-5.646944777637703,0,-0.5180060074580135,0,6.855285863375693,0,12.902278607717925,0,,,,,
rxry_czbrick,d2,2,EARLY,0,0,RX,16,11007,4000,0,0,0,0,0,0,0,1.430012488318155e-05,1.5381310265883475e-05,1.0692855223914714e-06,1.0191730300982625e-06,2.9681435149065025e-05,2.730477000682278e-06,-5.72601369018709,1.879257576369907e-06,1.6754131367335674,0.4822857165443166,0.4870275559716648,0.4946693873208422,0.10425,0.0105,0.0005,5.864794058400399,0.30103076610181434,-5.563763419363918,0,-0.3166956019517281,0,6.4382488457835425,0,12.353717076057553,0,,,,,
rxry_czbrick,d2,2,LATE,1,0,RX,16,11007,4000,0,0,0,0,0,0,0,1.4943342205291848e-05,1.5032169591410005e-05,1.0167838722400694e-06,1.0403663451029632e-06,2.9975511796701848e-05,2.482518518339412e-06,-5.775424009502314,1.6771657714644445e-06,1.6999611768273768,0.31009686852742213,0.3727851778319317,0.7024823291285343,0.2195,0.034,0.00525,5.906138763463456,0.3010306307209567,-5.6051080820141745,0,-0.5085026312132761,0,6.849454696160455,0,12.842859123312618,0,,,,,
rxry_czbrick,d2,2,EARLY,0,0,RX,16,11008,4000,0,0,0,0,0,0,0,1.6698145910431417e-05,1.591303349690165e-05,1.0364324341642762e-06,1.082881598697795e-06,3.261117940733307e-05,2.8516339829981434e-06,-5.680569700823056,2.0865572211400325e-06,1.650781240900697,0.4818559071379902,0.49033906643948433,0.470856598554782,0.1085,0.01075,0.0005,5.845937448184312,0.30103079087776363,-5.544906640983358,0,-0.3170828196743174,0,6.37602400997243,0,12.309641218088345,0,,,,,
rxry_czbrick,d2,2,LATE,1,0,RX,16,11008,4000,0,0,0,0,0,0,0,1.5349157131910787e-05,1.550269404194641e-05,9.989951688065748e-07,1.0035081857181579e-06,3.085185117385719e-05,2.503230364052885e-06,-5.734131450166965,1.8444570632823375e-06,1.6660821815935831,0.31168326803795104,0.3751759183562718,0.7133027777214238,0.226,0.04,0.00575,5.902529829798839,0.30103064950225855,-5.601499198320731,0,-0.5062865117458278,0,6.883743855997325,0,12.837735014823874,0,,,,,
rxry_czbrick,d2,2,EARLY,0,0,RX,16,11009,4000,0,0,0,0,0,0,0,1.6432749026810087e-05,1.6699773768002004e-05,9.145837762783205e-07,9.267899204324844e-07,3.313252279481209e-05,2.486620847373485e-06,-5.7099353962815735,1.950134671555808e-06,1.689129554681207,0.4820817419536234,0.49018627254082126,0.47234751301016675,0.09875,0.01075,0.00075,5.905421072535601,0.3010307062514963,-5.604390429742521,0,-0.31687931854541795,0,6.406123714132171,0,12.381428661007408,0,,,,,
rxry_czbrick,d2,2,LATE,1,0,RX,16,11009,4000,0,0,0,0,0,0,0,1.527155949934571e-05,1.629426263564566e-05,9.211695030324552e-07,9.129693678411149e-07,3.156582213499137e-05,2.1797617922771815e-06,-5.758545280617946,1.7436315526455859e-06,1.7045294669288582,0.31233104588438754,0.37295452376931726,0.7192613226621256,0.2345,0.03875,0.00525,5.962625350126235,0.3010305705132126,-5.661594545727699,0,-0.5053849087107047,0,6.927673884772181,0,12.953212596344915,0,,,,,
rxry_czbrick,d4,4,EARLY,0,0,RX,4,11000,4000,0,0,0,0,0,0,0,0.06352023769783435,0.06354609085830627,0.043516474670738665,0.04297930124905708,0.1270663285561406,0.10612742719285889,-1.0345888016726985,0.09234453490965422,0.501411233138545,0.49809753178344573,0.4979345022307007,0.46737282558852633,0.09975,0.012,0.00125,1.3058380435656114,0.3299288280475773,-0.9741723648784483,0,-0.3026856144973028,0,1.681780500959647,0,3.048009470993618,0,,,,,
rxry_czbrick,d4,4,MIDDLE,2,0,RX,4,11000,4000,0,0,0,0,0,0,0,0.06378095634240952,0.06254818666337206,0.04351393822933414,0.04154804971369626,0.12632914300578155,0.10096568761936679,-1.0539490147662405,0.08831835781763817,0.5204770483549812,0.44818102604223553,0.46273400665207975,0.52450031001607,0.12925,0.0135,0.002,1.3251150118193107,0.32850102535701947,-0.9958262376264265,0,-0.3485465373310076,0,1.792096158398631,0,3.1891671435009092,0,,,,,
rxry_czbrick,d4,4,LATE,3,0,RX,4,11000,4000,0,0,0,0,0,0,0,0.06351062970554774,0.06400792950720778,0.0430621733028172,0.043507950471789535,0.12751855921275554,0.09608662373732939,-1.0895704522511418,0.08136348603513217,0.6031183878348145,0.3024525028958362,0.3663885262839675,0.7294179622406733,0.2315,0.041,0.0055,1.3445005782068833,0.32535549842015093,-1.0173372134665022,0,-0.5193428679137253,0,2.157829116218445,0,3.6081944844408866,0,,,,,
rxry_czbrick,d4,4,EARLY,0,0,RX,4,11001,4000,0,0,0,0,0,0,0,0.06251269036391281,0.06402514306466027,0.04258006931341911,0.042895185980534156,0.12653783342857308,0.10445235502576222,-1.032277165778391,0.09283737116273728,0.5035468629536597,0.49527058806778035,0.49390095097410003,0.48834422687454754,0.101,0.00925,0.0015,1.3115025760747814,0.33009916035189385,-0.9810817713351524,0,-0.3051574630027828,0,1.673174703725584,0,3.060672114024875,0,,,,,
rxry_czbrick,d4,4,MIDDLE,2,0,RX,4,11001,4000,0,0,0,0,0,0,0,0.062096831725510115,0.06544507367388175,0.04171952494429225,0.04373537681033357,0.12754190539939186,0.10319009171949876,-1.046072082363707,0.08993482991097805,0.5279473872898931,0.4407746313743729,0.46600834077794573,0.5410703590832672,0.126,0.01325,0.00125,1.3163685210069613,0.3287514424724658,-0.9863620015280625,0,-0.3557834363386506,0,1.7806496633255362,0,3.1700559454303523,0,,,,,
rxry_czbrick,d4,4,LATE,3,0,RX,4,11001,4000,0,0,0,0,0,0,0,0.0634321121104579,0.062203054827628466,0.04169986086952178,0.042253758748693845,0.12563516693808638,0.09402004472810283,-1.087977172372856,0.08166252941416138,0.5908056266057762,0.304018380643177,0.3684110669398868,0.7084711313150653,0.22475,0.033,0.00325,1.3544476553593916,0.3250267838977378,-1.0267795617857298,0,-0.517100158637022,0,2.1388278001763448,0,3.5822854487027946,0,,,,,
rxry_czbrick,d4,4,EARLY,0,0,RX,4,11002,4000,0,0,0,0,0,0,0,0.06035969833001754,0.06216419862040591,0.04038464720754204,0.04058829334188272,0.12252389695042346,0.10199901939245465,-1.0524663474137093,0.08862038911160897,0.503066682829407,0.5154682923874141,0.508797151303855,0.4611718616313447,0.0935,0.00775,0.001,1.3215518830128141,0.329142911303351,-0.9914040057828551,0,-0.28779804438273654,0,1.6529757927278215,0,3.0445717373231425,0,,,,,
rxry_czbrick,d4,4,MIDDLE,2,0,RX,4,11002,4000,0,0,0,0,0,0,0,0.061097569677489784,0.06207474061971665,0.04194403957871487,0.04113653412085324,0.12317231029720643,0.09888225775195425,-1.0688784826910638,0.08533388481920257,0.548396411866656,0.4621567724762591,0.4786366452393252,0.50724075777828,0.106,0.00975,0.00075,1.3327759341649363,0.32794189554035036,-1.0048816271518328,0,-0.3352106813654608,0,1.7678854419890335,0,3.1710722585006685,0,,,,,
rxry_czbrick,d4,4,LATE,3,0,RX,4,11002,4000,0,0,0,0,0,0,0,0.061000285712909275,0.06133045572582796,0.03986175031043457,0.03860141857696444,0.12233074143873723,0.08912564834074954,-1.114075511485087,0.07689967219562821,0.6181086994599365,0.3015193800480427,0.37069327128353646,0.7379217132046769,0.23775,0.03725,0.0045,1.374790821010925,0.323844507704278,-1.0499973116499461,0,-0.5206850062258153,0,2.1791976492252374,0,3.659185306364221,0,,,,,
rxry_czbrick,d4,4,EARLY,0,0,RX,4,11003,4000,0,0,0,0,0,0,0,0.06134357111827623,0.06297095915237223,0.04183192012288896,0.04319227650443216,0.12431453027064845,0.10394666051536952,-1.041426618586465,0.09090198804058268,0.48861898422263084,0.4964813693723184,0.5024067743495121,0.4617258407774415,0.09375,0.01025,0.0005,1.3158724069838814,0.33009129443575635,-0.9831894618324657,0,-0.30409704432199686,0,1.661363765908586,0,3.035929105694188,0,,,,,
rxry_czbrick,d4,4,MIDDLE,2,0,RX,4,11003,4000,0,0,0,0,0,0,0,0.06261903163763508,0.06262021776542046,0.04217256186012894,0.04205610025186486,0.1252392494030555,0.10249420549574999,-1.0529315541353494,0.08852551171927311,0.5254153017056157,0.45785583565834787,0.47274006475198926,0.5177860760364137,0.108,0.0105,0.00125,1.3198638263874745,0.328575814190654,-0.9893007088870043,0,-0.3392715595544047,0,1.747766893066017,0,3.1418280099069875,0,,,,,
rxry_czbrick,d4,4,LATE,3,0,RX,4,11003,4000,0,0,0,0,0,0,0,0.06148287031322436,0.06217844968417458,0.042544703242658764,0.04047735525428854,0.12366131999739895,0.09287642050686004,-1.0962359950415383,0.08012425509377001,0.5919427617481589,0.2908402045058942,0.36187041185873475,0.746091073513758,0.24075,0.04075,0.005,1.3553055775732712,0.3248073136956677,-1.0320946561042343,0,-0.5363455664609031,0,2.1906177639946556,0,3.6255941725020153,0,,,,,
rxry_czbrick,d4,4,EARLY,0,0,RX,4,11004,4000,0,0,0,0,0,0,0,0.06294188349701527,0.06264364349528093,0.04228755717395653,0.04071648628388795,0.1255855269922962,0.1061268914887781,-1.037107850564272,0.0918104570579554,0.5015887603526421,0.5169053829016927,0.5081248189119012,0.46684781381054985,0.09925,0.014,0.00125,1.3062478072900876,0.3299550970160264,-0.9741746022192246,0,-0.28658894624155745,0,1.6432322193409497,0,3.0350178410327953,0,,,,,
rxry_czbrick,d4,4,MIDDLE,2,0,RX,4,11004,4000,0,0,0,0,0,0,0,0.062362735232495935,0.06342718876288812,0.04304933821377263,0.042510998176243736,0.12578992399538405,0.10268021207896258,-1.0488799775298225,0.08935523934959709,0.5171322548308488,0.4597515845320016,0.47337800018666176,0.518424861318472,0.11425,0.01,0.00125,1.3193813133575456,0.32849904834572347,-0.9885132466620405,0,-0.33747678164289124,0,1.7633258879835703,0,3.153913824408297,0,,,,,
rxry_czbrick,d4,4,LATE,3,0,RX,4,11004,4000,0,0,0,0,0,0,0,0.06257317003451783,0.0633868243495933,0.04210816980020585,0.042418497734638974,0.12595999438411112,0.09599895863260796,-1.088658466095034,0.08153452283221661,0.6083562170433449,0.30562502876340764,0.3660120726255087,0.6986699783615554,0.22625,0.0405,0.005,1.3456570645941777,0.3252730211029957,-1.017733498032897,0,-0.5148110999761841,0,2.137660032010302,0,3.6019773491050633,0,,,,,
rxry_czbrick,d4,4,EARLY,0,0,RX,4,11005,4000,0,0,0,0,0,0,0,0.06218034046478141,0.06305473871509767,0.042953191974982596,0.04269226355102841,0.12523507917987908,0.10527838246712114,-1.040457484114451,0.09110506365183067,0.5072490610453946,0.5177656192383262,0.5060413299908773,0.48226416289494667,0.099,0.00725,0.00075,1.3062640431264019,0.32996927055165015,-0.9776607963274202,0,-0.28586679693927075,0,1.643419442253891,0,3.0402214743384475,0,,,,,
rxry_czbrick,d4,4,MIDDLE,2,0,RX,4,11005,4000,0,0,0,0,0,0,0,0.06171583564519766,0.06320316827854575,0.04215388334781213,0.04245576646535187,0.12491900392374342,0.10102179479873874,-1.0580053774427811,0.08749729412282671,0.5286532971436014,0.44432883429830616,0.4628388766057577,0.5486656437207715,0.12175,0.0115,0.0005,1.325501802885599,0.3278803801440249,-0.9955849273527169,0,-0.3522955028901456,0,1.7952313872708026,0,3.197411375682027,0,,,,,
rxry_czbrick,d4,4,LATE,3,0,RX,4,11005,4000,0,0,0,0,0,0,0,0.06255850625669776,0.06316117291430776,0.04181597471922128,0.04224634744481755,0.12571967917100552,0.0935603732890331,-1.0904393541420414,0.08120086317301023,0.5951115470177727,0.29709169060597784,0.3636704986819813,0.7559446533981006,0.2425,0.04125,0.0065,1.3555392318722825,0.32500440484740084,-1.0289080583308368,0,-0.5271096374166842,0,2.1722009153516684,0,3.638361488508402,0,,,,,
rxry_czbrick,d4,4,EARLY,0,0,RX,4,11006,4000,0,0,0,0,0,0,0,0.06192482458958232,0.062047724207980104,0.041790313525514655,0.04193134378438074,0.12397254879756242,0.10434414247102645,-1.038804213984133,0.09145254293849973,0.4863402832890683,0.5052369081193926,0.5005615475417509,0.48481633826727577,0.10575,0.0075,0.0015,1.3137776953054683,0.3300691980383459,-0.981531966926851,0,-0.2965049497981648,0,1.6733946813989382,0,3.0577501689410083,0,,,,,
rxry_czbrick,d4,4,MIDDLE,2,0,RX,4,11006,4000,0,0,0,0,0,0,0,0.0637718639510882,0.06337785935887738,0.04266150309410951,0.04346671049071023,0.12714972330996557,0.10312644834492453,-1.043451368134293,0.09047917497491119,0.5283874866324922,0.4531969836858373,0.4684176503148509,0.5233388311065801,0.1125,0.0105,0.00075,1.3160324270186952,0.3286553365804375,-0.9866299400479148,0,-0.34371299716146697,0,1.7719257829408648,0,3.166448979832408,0,,,,,
rxry_czbrick,d4,4,LATE,3,0,RX,4,11006,4000,0,0,0,0,0,0,0,0.06336101199978249,0.062126018243165694,0.04376157291455776,0.0424786544644534,0.1254870302429482,0.09624153959549345,-1.0851490014586953,0.08219605963061792,0.5760258216469025,0.2880685305102346,0.36025734653682556,0.7490530848776205,0.24425,0.03425,0.00325,1.3418285510151433,0.3250722855376999,-1.01663743904914,0,-0.5405041908783839,0,2.181078761605253,0,3.601189363033085,0,,,,,
rxry_czbrick,d4,4,EARLY,0,0,RX,4,11007,4000,0,0,0,0,0,0,0,0.06057482024407608,0.06178574065134557,0.040026806450001694,0.04222632704110363,0.12236056089542165,0.10303715593688391,-1.0476908288328992,0.08960023963229863,0.4935595413080658,0.5129613277037632,0.5035164799773705,0.48519166199583164,0.0945,0.01225,0.001,1.316270230989088,0.32923833896581944,-0.9870061390209326,0,-0.2899154213667751,0,1.6677589964251578,0,3.0752889389331455,0,,,,,
rxry_czbrick,d4,4,MIDDLE,2,0,RX,4,11007,4000,0,0,0,0,0,0,0,0.06066314628818964,0.06201834083505436,0.04041119066115568,0.041869317342026355,0.12268148712324398,0.10066473857608609,-1.0601197525295079,0.08707234632245667,0.5267079926690118,0.4415653532634439,0.4602781830693791,0.5352124435465586,0.128,0.01075,0.0005,1.326175307515905,0.3280442166947282,-0.9971226301682399,0,-0.3550050155939416,0,1.7839542248572715,0,3.1828002528231583,0,,,,,
rxry_czbrick,d4,4,LATE,3,0,RX,4,11007,4000,0,0,0,0,0,0,0,0.06168700197056934,0.0621877579704433,0.04232036785316407,0.04205853183905181,0.12387475994101266,0.09528627256960137,-1.0946784689906826,0.08041212350356791,0.5770536365485353,0.3177925713846386,0.37057565074170296,0.7123489090704243,0.22675,0.03325,0.0075,1.3468450508805039,0.3251271946723445,-1.0209696625371083,0,-0.49785625904367176,0,2.1332500219776467,0,3.6013710066907407,0,,,,,
rxry_czbrick,d4,4,EARLY,0,0,RX,4,11008,4000,0,0,0,0,0,0,0,0.06268587068205461,0.061179160919159245,0.041632078538337704,0.041823471340750325,0.12386503160121387,0.10444213753072965,-1.0472580127482811,0.08968957937098256,0.4956110842349979,0.5026421499797467,0.5000880155939016,0.4570544541235918,0.0985,0.01,0.00025,1.3143199815841213,0.3292848399211671,-0.9811242579820586,0,-0.29874117013847235,0,1.6679817116319562,0,3.0635071540739744,0,,,,,
rxry_czbrick,d4,4,MIDDLE,2,0,RX,4,11008,4000,0,0,0,0,0,0,0,0.06277268169809408,0.06090467672092895,0.04214344337588141,0.04080092671532781,0.12367735841902303,0.10070638071486925,-1.0619923853862419,0.08669770765907764,0.5188287024851217,0.4498318350458261,0.4638805882097061,0.5165826845148748,0.1215,0.0115,0.00175,1.3257922697800821,0.32794630297551625,-0.9969430466937448,0,-0.34694984965649844,0,1.7848322483482693,0,3.188635586094135,0,,,,,
rxry_czbrick,d4,4,LATE,3,0,RX,4,11008,4000,0,0,0,0,0,0,0,0.061371331594910844,0.061471945171890974,0.041594401452697306,0.04098989499585802,0.1228432767668018,0.09144135486844794,-1.109199775026185,0.07776787373097928,0.6084057441427959,0.2907094984895521,0.3594221691605452,0.745356747131655,0.24125,0.0385,0.0045,1.3630394824363656,0.32382298265977116,-1.038857351644105,0,-0.5365407842371952,0,2.225765461693416,0,3.6804533766557457,0,,,,,
rxry_czbrick,d4,4,EARLY,0,0,RX,4,11009,4000,0,0,0,0,0,0,0,0.06162180028859316,0.06160885487849485,0.04097857864147818,0.040382888563732164,0.123230655167088,0.10280698700170518,-1.0552488983343988,0.08805440801103502,0.5247440135597707,0.5074116194970346,0.5035121122801218,0.4857233002739433,0.09875,0.013,0.0005,1.3165551323466305,0.329323056135629,-0.9879773761606878,0,-0.2946395984893849,0,1.6723332621659073,0,3.0539700886244603,0,,,,,
rxry_czbrick,d4,4,MIDDLE,2,0,RX,4,11009,4000,0,0,0,0,0,0,0,0.06217258516009365,0.06148615639887642,0.04141046430217696,0.03984521656406148,0.12365874155897007,0.09868411727405069,-1.067957196171719,0.08551509919487194,0.5434712756569956,0.45314780686887823,0.4687666585546185,0.5122426840581448,0.11875,0.016,0.0005,1.3335185443533688,0.3276300668596004,-1.0057527463847808,0,-0.34376013224615365,0,1.783558520271595,0,3.187795998398481,0,,,,,
rxry_czbrick,d4,4,LATE,3,0,RX,4,11009,4000,0,0,0,0,0,0,0,0.062261463330239755,0.06249018080226755,0.04076055343927169,0.04081915939385956,0.12475164413250729,0.09288730667615114,-1.1034807731470568,0.07879873160319892,0.6165171685810575,0.3064960637718005,0.3688469812445965,0.7327213316392829,0.23675,0.03775,0.00425,1.3568622049591998,0.3247117490546858,-1.032043898865683,0,-0.5135751153570437,0,2.1826443945844116,0,3.623951680003481,0,,,,,
rxry_czbrick,d4,4,EARLY,0,0,RX,6,11000,4000,0,0,0,0,0,0,0,0.01589964757464267,0.015412998608167501,0.008742248147328838,0.008388948938927554,0.031312646182810176,0.02143168378857907,-1.7176064926918317,0.0191599118783317,0.6170374049415566,0.5003285874632608,0.4982111281779616,0.4799075437941813,0.102,0.011,0.00125,1.9763365082406041,0.30713232175595984,-1.668943715409788,0,-0.3007446882945985,0,2.391879450570703,0,4.455004737281406,0,,,,,
rxry_czbrick,d4,4,MIDDLE,2,0,RX,6,11000,4000,0,0,0,0,0,0,0,0.015387111680930935,0.015898600667931712,0.008650677861277562,0.008671312280562032,0.03128571234886265,0.020956082986598755,-1.7323184565502705,0.018521729763453024,0.6382026512454342,0.44940484000898107,0.4650303229924141,0.5233683260296633,0.1175,0.00925,0.00075,1.9850656242167088,0.3068089311923645,-1.6786898973354454,0,-0.3473622607973158,0,2.4796532528818727,0,4.562560315498237,0,,,,,
rxry_czbrick,d4,4,LATE,3,0,RX,6,11000,4000,0,0,0,0,0,0,0,0.015666234819923523,0.015554792269395297,0.008860981662458784,0.009134101593085952,0.031221027089318825,0.019957510203897466,-1.7688156026052837,0.017028813825063174,0.6979253188178789,0.2998453843816711,0.3660978790870204,0.6929621164895748,0.219,0.038,0.00275,2.0054390897571643,0.3060652612432886,-1.6998937007710309,0,-0.5231030890796038,0,2.857678492695724,0,4.969997891212491,0,,,,,
rxry_czbrick,d4,4,EARLY,0,0,RX,6,11001,4000,0,0,0,0,0,0,0,0.015466784753088852,0.015437733964753945,0.008188670318646145,0.008736354129332234,0.030904518717842798,0.02135503232444269,-1.727289282331482,0.01873745995366882,0.6400174290507366,0.5109404870788012,0.5032308342868,0.4961439437010201,0.10575,0.008,0.00125,1.9777002661245298,0.3070040997703982,-1.6704997679596678,0,-0.291629701030351,0,2.3808014679116978,0,4.437990166385893,0,,,,,
rxry_czbrick,d4,4,MIDDLE,2,0,RX,6,11001,4000,0,0,0,0,0,0,0,0.015515907111803536,0.015407864764739777,0.008620333298374208,0.008976533517767726,0.030923771876543313,0.02076178461231503,-1.7413853367865253,0.018139055232672223,0.6747643185861469,0.45153067117792883,0.4637642133670095,0.5285235572038081,0.125,0.012,0.0015,1.9897701875189033,0.30678196330524654,-1.6827353281108588,0,-0.34531275106630843,0,2.4996266293689975,0,4.560785220778683,0,,,,,
rxry_czbrick,d4,4,LATE,3,0,RX,6,11001,4000,0,0,0,0,0,0,0,0.015255902914958142,0.015862001867843062,0.008458386922374382,0.008795540456988216,0.031117904782801204,0.019466765401433245,-1.7775952042103136,0.01668801939365917,0.7243004202396994,0.30576793048734585,0.36918387165191224,0.7264022207515595,0.2315,0.03675,0.00525,2.0175176563185615,0.30608234655854094,-1.710706204928376,0,-0.5146080779440645,0,2.878160233716546,0,4.989631730052723,0,,,,,
rxry_czbrick,d4,4,EARLY,0,0,RX,6,11002,4000,0,0,0,0,0,0,0,0.015899773998868463,0.01629932391393968,0.008366357158809616,0.009471707908335078,0.032199097912808144,0.022330410780124897,-1.7105062740402317,0.01947572914104668,0.645084681281219,0.494649011597123,0.4994339870968829,0.4757986646221041,0.099,0.01,0.00075,1.9584976004499108,0.3074232963500101,-1.6511032888338688,0,-0.3057029473523119,0,2.3929955751844725,0,4.407760922998463,0,,,,,
rxry_czbrick,d4,4,MIDDLE,2,0,RX,6,11002,4000,0,0,0,0,0,0,0,0.0163917114604656,0.015791076931120238,0.00909207830768459,0.00843460611514808,0.03218278839158584,0.022031911925466906,-1.723463238059736,0.018903262357966154,0.6787051921084535,0.45397167487967804,0.4702745082834036,0.5116066299484345,0.1145,0.01125,0.0005,1.9643485195352757,0.30713204179431397,-1.6569478250095915,0,-0.3429712676782506,0,2.462327131846012,0,4.517109663937552,0,,,,,
rxry_czbrick,d4,4,LATE,3,0,RX,6,11002,4000,0,0,0,0,0,0,0,0.016072948715721735,0.01621483444090412,0.008730631754042307,0.008563009344639317,0.03228778315662586,0.020141639793528107,-1.7627705433142182,0.017267499682222964,0.7336041684054364,0.30699794978587597,0.368614118351983,0.7227881063517901,0.23075,0.037,0.00525,2.001537971953681,0.30626000130448416,-1.6959052688808975,0,-0.512864527461229,0,2.8536907002675,0,4.977877373820295,0,,,,,
rxry_czbrick,d4,4,EARLY,0,0,RX,6,11003,4000,0,0,0,0,0,0,0,0.015305406201501625,0.014799113395646692,0.008319928550731867,0.008133764993162084,0.030104519597148317,0.020843712883600478,-1.7412296915007424,0.018145557190496934,0.6373699707865603,0.4920639877632995,0.4995220187352539,0.4635429058646453,0.09625,0.00975,0.001,1.987781903099779,0.30681252219379385,-1.6810249743864158,0,-0.3079784181164571,0,2.4059840764386324,0,4.482848938475708,0,,,,,
rxry_czbrick,d4,4,MIDDLE,2,0,RX,6,11003,4000,0,0,0,0,0,0,0,0.014985011408453045,0.015325052345473338,0.00844263337367435,0.00837291049648834,0.030310063753926385,0.020410385247970998,-1.7488419114819682,0.017830276932816205,0.6482470602977339,0.4620172614604763,0.47478434565596606,0.5117711777381211,0.113,0.01175,0.00075,1.9964363406929633,0.30673690864054215,-1.6901488260459832,0,-0.33534180983901674,0,2.4839222211619343,0,4.549526595195603,0,,,,,
rxry_czbrick,d4,4,LATE,3,0,RX,6,11003,4000,0,0,0,0,0,0,0,0.01506731030762614,0.01540923441788099,0.008093538072852813,0.008229030396349497,0.03047654472550713,0.01871278232889715,-1.7950071255199331,0.01603219086272766,0.7323283203251392,0.3054429184816899,0.3623156341850434,0.748471040223788,0.2425,0.035,0.0045,2.0351528943021817,0.3058057365371014,-1.7278616504625726,0,-0.515069975377244,0,2.9069762722067414,0,5.058900685114622,0,,,,,
rxry_czbrick,d4,4,EARLY,0,0,RX,6,11004,4000,0,0,0,0,0,0,0,0.015870357533105707,0.015531662195260278,0.008463102950691626,0.008617843203009286,0.031402019728365975,0.021591587671301406,-1.729374137184177,0.01864772529384038,0.647301578371626,0.49874274681684405,0.4981903384360945,0.47207475436250806,0.0985,0.0095,0.0015,1.9734838917521418,0.3070240665066224,-1.6657154228546058,0,-0.302123415958107,0,2.3731559884473663,0,4.42891086056378,0,,,,,
rxry_czbrick,d4,4,MIDDLE,2,0,RX,6,11004,4000,0,0,0,0,0,0,0,0.01525074922085716,0.015616983980320857,0.008295343419489138,0.00874710525508085,0.030867733201178013,0.020934120110300797,-1.7472287759201532,0.017896628542007208,0.6691530870039726,0.46188205252376346,0.47369326321024585,0.4978408348878355,0.11675,0.0125,0.002,1.985838584640318,0.3068440812802633,-1.6791452976831671,0,-0.33546891301547443,0,2.46802608566128,0,4.547961642733157,0,,,,,
rxry_czbrick,d4,4,LATE,3,0,RX,6,11004,4000,0,0,0,0,0,0,0,0.015770783242445355,0.015483731061550331,0.008586508510776058,0.00816859002140086,0.03125451430399569,0.019085065618601155,-1.780493662843801,0.016577015255901436,0.7256100855901246,0.28873697544554444,0.35595348537084437,0.7390743282882142,0.243,0.04375,0.0055,2.025924980652464,0.30589868208370063,-1.7193063430297113,0,-0.5394976317332459,0,2.907826169367771,0,5.018731687926224,0,,,,,
rxry_czbrick,d4,4,EARLY,0,0,RX,6,11005,4000,0,0,0,0,0,0,0,0.016423944573619138,0.015630812457826725,0.008701004842574038,0.00870408630047621,0.03205475703144586,0.022194311636491597,-1.712604683968393,0.01938185392175752,0.6338130921966576,0.49714765369758607,0.49912249999015207,0.4908514075816839,0.106,0.009,0.0005,1.9605555763428755,0.3071887857718636,-1.6537583213445581,0,-0.303514660230363,0,2.3770585467883434,0,4.400323188583288,0,,,,,
rxry_czbrick,d4,4,MIDDLE,2,0,RX,6,11005,4000,0,0,0,0,0,0,0,0.01609862891430364,0.01634468435150317,0.008672511148540622,0.009092542735859018,0.03244331326580681,0.02123559232559928,-1.7267589779417492,0.0187603536969031,0.6546170748488158,0.44797324121001236,0.4624759670857391,0.5309491028737903,0.122,0.01,0.0005,1.9805445502265728,0.3069060621129802,-1.672935651606955,0,-0.3487482429902905,0,2.509553540476298,0,4.548267582224531,0,,,,,
rxry_czbrick,d4,4,LATE,3,0,RX,6,11005,4000,0,0,0,0,0,0,0,0.015932385411830337,0.015862607872740565,0.00858809894791994,0.008776327802653005,0.0317949932845709,0.01944323262129142,-1.7695157367284051,0.01700138347747558,0.6982688826155705,0.3062384212475109,0.3695431784171775,0.7050233573919604,0.22125,0.03225,0.00425,2.0176536595518417,0.30609289881047763,-1.7112315367960083,0,-0.5139403253714152,0,2.83695036444655,0,4.965408900522027,0,,,,,
rxry_czbrick,d4,4,EARLY,0,0,RX,6,11006,4000,0,0,0,0,0,0,0,0.015561298629840022,0.01559800624317159,0.00833615961500482,0.009125651204198518,0.03115930487301161,0.022102593680679686,-1.7183585598747382,0.019126761395748662,0.6390387742399695,0.4998087748893258,0.4981822838467447,0.46615639563966504,0.09475,0.011,0.0015,1.9631804642663737,0.30727993066111303,-1.655556810273015,0,-0.3011961304620906,0,2.3868325047434404,0,4.411055361832393,0,,,,,
rxry_czbrick,d4,4,MIDDLE,2,0,RX,6,11006,4000,0,0,0,0,0,0,0,0.015477724221305838,0.015765235415155295,0.008241637832700849,0.008967866167272319,0.031242959636461138,0.02108494703616258,-1.734199576406026,0.018441677525197504,0.6555556476242508,0.4568647342214358,0.46765952267044847,0.528725493564697,0.12825,0.01425,0.00075,1.982915063092823,0.3068973708032873,-1.6760274860860411,0,-0.3402124082532366,0,2.4894619341557385,0,4.552570738477593,0,,,,,
rxry_czbrick,d4,4,LATE,3,0,RX,6,11006,4000,0,0,0,0,0,0,0,0.01584180431135778,0.015723406572397472,0.008812463519589451,0.008850423613284746,0.03156521088375525,0.019951614853708097,-1.7668148044250065,0.017107446699740667,0.7117175277234731,0.29288488779948707,0.35867141642728506,0.7422024413184846,0.2425,0.044,0.00525,2.0068141997655267,0.30611501797113005,-1.70002227832784,0,-0.5333031074628403,0,2.894362711820157,0,5.020073075833556,0,,,,,
rxry_czbrick,d4,4,EARLY,0,0,RX,6,11007,4000,0,0,0,0,0,0,0,0.016002976674881254,0.015610844435844566,0.00897843671932733,0.008507246754531444,0.031613821110725825,0.02218596742998053,-1.7141096689576394,0.019314805138999337,0.6422673181075385,0.4838936020107672,0.4923442262580653,0.4938105848783723,0.10025,0.008,0.00075,1.9617193183412813,0.3072810535708027,-1.653921895442723,0,-0.31525016471740813,0,2.4038975927722896,0,4.434012344166003,0,,,,,
rxry_czbrick,d4,4,MIDDLE,2,0,RX,6,11007,4000,0,0,0,0,0,0,0,0.01575448290248493,0.015948223020499086,0.008571319848363752,0.009096393605158595,0.03170270592298401,0.021142275848062247,-1.731329874199029,0.018563938705806533,0.6730163118413783,0.44285296700476784,0.46905583524178135,0.5303036318049027,0.116,0.01175,0.00075,1.982615946430315,0.30678856055534565,-1.6748482735736987,0,-0.35374049104668337,0,2.4868055677195784,0,4.546911768777397,0,,,,,
rxry_czbrick,d4,4,LATE,3,0,RX,6,11007,4000,0,0,0,0,0,0,0,0.01568181405891206,0.015794304673361577,0.008511484084684572,0.008871359055693664,0.03147611873227364,0.01941498496977241,-1.7738842146468856,0.016831227312516933,0.7254210045358911,0.29209895492012017,0.3600370691381885,0.7350053570150007,0.239,0.035,0.00625,2.0181501767434016,0.30598764497871056,-1.7118629492505053,0,-0.5344700078783629,0,2.9115804521702433,0,5.029443666454889,0,,,,,
rxry_czbrick,d4,4,EARLY,0,0,RX,6,11008,4000,0,0,0,0,0,0,0,0.015851180433631845,0.015970681766128658,0.008835101193369518,0.008622975786138002,0.031821862199760506,0.022107045163951847,-1.7183144961075503,0.019128702106379604,0.6289726187735671,0.5002069205081736,0.5004172401030766,0.47885023317971587,0.092,0.00875,0.0005,1.963042042919994,0.307225720372826,-1.6554696350216234,0,-0.30085032856224503,0,2.382842131727923,0,4.3993578917798954,0,,,,,
rxry_czbrick,d4,4,MIDDLE,2,0,RX,6,11008,4000,0,0,0,0,0,0,0,0.015715152699692807,0.01603984269501692,0.008714047776837488,0.00870819154924473,0.03175499539470973,0.021294521493423053,-1.7358919674335322,0.018369952467586305,0.6603811367737786,0.45530754867878476,0.46993240394587893,0.525449900641734,0.11375,0.01025,0.0015,1.9789245710512389,0.3068515710021771,-1.6717321388469346,0,-0.3416951562898086,0,2.4870433062611164,0,4.534801613838226,0,,,,,
rxry_czbrick,d4,4,LATE,3,0,RX,6,11008,4000,0,0,0,0,0,0,0,0.016186115450707392,0.0156856225107195,0.008623604098440074,0.00822507000875796,0.031871737961426894,0.019436229076414215,-1.7723533204605573,0.01689066231973567,0.7264237136920655,0.3052814235231934,0.3627797871982973,0.7264417217785946,0.23225,0.0335,0.005,2.017553381410538,0.3060099320084415,-1.7113880342342918,0,-0.5152996304844898,0,2.87511165114068,0,5.00016272680892,0,,,,,
rxry_czbrick,d4,4,EARLY,0,0,RX,6,11009,4000,0,0,0,0,0,0,0,0.016296925071543508,0.01591789825056531,0.008893001095558663,0.008556857491564401,0.03221482332210882,0.02225728452254539,-1.71297396295611,0.019365380607821874,0.6451222123868963,0.494378245846248,0.4980417708566618,0.4821470117264407,0.105,0.01075,0.0015,1.9604409860394951,0.30720214085315356,-1.6525278551036164,0,-0.3059406694780522,0,2.3916059061854105,0,4.40625917435988,0,,,,,
rxry_czbrick,d4,4,MIDDLE,2,0,RX,6,11009,4000,0,0,0,0,0,0,0,0.015727215468323577,0.015912374170650848,0.008259141534536059,0.008859438863438193,0.031639589638974425,0.02143967339171325,-1.7361471361849947,0.018359162413248316,0.6752478147916041,0.4623442185561424,0.4725933500654412,0.4990452664280686,0.1225,0.01,0.00125,1.9755368430941482,0.30696177792515356,-1.6687818597241255,0,-0.3350345798173697,0,2.463600261203957,0,4.549854091535165,0,,,,,
rxry_czbrick,d4,4,LATE,3,0,RX,6,11009,4000,0,0,0,0,0,0,0,0.01623966704374196,0.016054266635534463,0.008725098272654296,0.008321682771263135,0.032293933679276424,0.019462935199626837,-1.7693257347872393,0.01700882313586658,0.7297267386439741,0.30392390317960727,0.3657173948685909,0.7130576771386588,0.23,0.043,0.00625,2.0171587643529327,0.30612222164836955,-1.7107916840263164,0,-0.5172351571955651,0,2.8812290073536144,0,5.015940664202344,0,,,,,
rxry_czbrick,d4,4,EARLY,0,0,RX,8,11000,4000,0,0,0,0,0,0,0,0.003882324227303661,0.004160573817037388,0.0018634042139979864,0.0018732889339886471,0.008042898044341051,0.004739364001241753,-2.391652277411972,0.004058333402680211,0.7487356461160859,0.5001900172715634,0.498203784239606,0.47297464264624123,0.10075,0.01,0.001,2.626870773529867,0.30235620715024303,-2.3242801049912263,0,-0.30086498025175773,0,3.0858877616472684,0,5.786553016847219,0,,,,,
rxry_czbrick,d4,4,MIDDLE,2,0,RX,8,11000,4000,0,0,0,0,0,0,0,0.003996660646638194,0.003953040668511796,0.0018355790981330528,0.0017977643490336619,0.00794970131514999,0.004499847917591081,-2.4109072093108326,0.0038823330645933116,0.7919827775036676,0.44624835490018333,0.4658121985937549,0.5024417039465147,0.11525,0.01125,0.001,2.649072281696706,0.3022675686313039,-2.3468021668800207,0,-0.35042337247719735,0,3.1808209164631416,0,5.894869416447636,0,,,,,
rxry_czbrick,d4,4,LATE,3,0,RX,8,11000,4000,0,0,0,0,0,0,0,0.003994060183395243,0.004005860835386077,0.0018716164765678956,0.0018150589307620569,0.007999921018781319,0.004262176639126017,-2.44032781744581,0.003628040968549976,0.8439512545062211,0.2947759570391235,0.3558776231517819,0.7661135076807503,0.25525,0.04675,0.00725,2.6727715624278563,0.30213456459438004,-2.3703687288089736,0,-0.5305080573948588,0,3.582056010106654,0,6.374349755936043,0,,,,,
rxry_czbrick,d4,4,EARLY,0,0,RX,8,11001,4000,0,0,0,0,0,0,0,0.003850135509443576,0.003944141148461012,0.0017611430046418233,0.0019151457379744732,0.007794276657904588,0.004684479157988014,-2.3933983343634537,0.004042049853117341,0.7253604345664,0.49230072600591057,0.49594107344927957,0.4881819010207285,0.098,0.01125,0.00075,2.6317566295702743,0.3023507517306019,-2.3293389064785517,0,-0.307769524444235,0,3.089219776209223,0,5.7809135595725385,0,,,,,
rxry_czbrick,d4,4,MIDDLE,2,0,RX,8,11001,4000,0,0,0,0,0,0,0,0.0037802192974156763,0.003853598576021832,0.0017818763853441602,0.0017818708771460195,0.007633817873437507,0.004451755407986072,-2.4128728577809673,0.003864801047777103,0.7235662691738916,0.4663747099914505,0.47164556998524315,0.5252996730804447,0.115,0.008,0.0005,2.653569701445952,0.30226747836140433,-2.3514687181268004,0,-0.3312650102559067,0,3.175646640284966,0,5.885331917005411,0,,,,,
rxry_czbrick,d4,4,LATE,3,0,RX,8,11001,4000,0,0,0,0,0,0,0,0.003815521665937106,0.003833016068075662,0.0017392677177842841,0.0017721731720575598,0.007648537734012768,0.004098237688174204,-2.4466591015010115,0.0035755338877534143,0.773309371710341,0.29442658829070967,0.36069823851605715,0.7113304686753842,0.23225,0.04175,0.008,2.6897014495858027,0.3020951886769483,-2.3874028574969586,0,-0.5310229792189374,0,3.5754945154396918,0,6.367589429098099,0,,,,,
rxry_czbrick,d4,4,EARLY,0,0,RX,8,11002,4000,0,0,0,0,0,0,0,0.003922856165898429,0.003917709969585697,0.0017349655746449516,0.0017017858181550263,0.007840566135484126,0.00450980380989432,-2.4085681286289593,0.003903299458788473,0.735175096517557,0.5088239182529162,0.5044593807848109,0.46717530988281764,0.0995,0.00875,0.00025,2.6480151369411544,0.3022899116876867,-2.3458424133071505,0,-0.293432483653945,0,3.0646774693550123,0,5.804687362260762,0,,,,,
rxry_czbrick,d4,4,MIDDLE,2,0,RX,8,11002,4000,0,0,0,0,0,0,0,0.0039044410831568692,0.0038955905175392445,0.0017350886140587662,0.001676629268108402,0.007800031600696114,0.004300305550293091,-2.425057181519853,0.0037578792279571098,0.7483557774660143,0.463294654433152,0.47413148054580656,0.5033544663984371,0.1135,0.01125,0.00075,2.6688008887568184,0.30219771965132125,-2.3665007116519785,0,-0.3341427119907287,0,3.1638196317190306,0,5.914491424431461,0,,,,,
rxry_czbrick,d4,4,LATE,3,0,RX,8,11002,4000,0,0,0,0,0,0,0,0.0039026496540467514,0.0038008812287678136,0.0016457958255020786,0.0017322955008832758,0.007703530882814565,0.003914104382598294,-2.461629204461341,0.0034543854484820726,0.8070159961813785,0.2948988954942594,0.3624949704766296,0.7385682079240672,0.23775,0.03975,0.00475,2.709420953009535,0.3020573766875032,-2.407367596619741,0,-0.5303268978598052,0,3.5793516758394963,0,6.394468389148116,0,,,,,
rxry_czbrick,d4,4,EARLY,0,0,RX,8,11003,4000,0,0,0,0,0,0,0,0.004024395159530295,0.0039319351111932275,0.001785423511642644,0.0018210755864508138,0.007956330270723523,0.004605447783339047,-2.389001044257405,0.004083184045333651,0.7521478101107675,0.5031626822150554,0.5019692594093521,0.4913363660361616,0.0935,0.00625,0.001,2.6388993160994407,0.30229959648831417,-2.3367281544702756,0,-0.29829157752415303,0,3.084043444871133,0,5.805460916906565,0,,,,,
rxry_czbrick,d4,4,MIDDLE,2,0,RX,8,11003,4000,0,0,0,0,0,0,0,0.0040132954089022975,0.004027903417897495,0.0017972896248214757,0.0018126653979809394,0.008041198826799793,0.004470651834902403,-2.399317419123575,0.003987333677811002,0.7779316000010046,0.4496212721932914,0.4690888996913463,0.5211080824262642,0.1155,0.013,0.00125,2.651746532137056,0.30225421823591225,-2.3496291588092664,0,-0.34715315060571506,0,3.1805346884182897,0,5.924188833198615,0,,,,,
rxry_czbrick,d4,4,LATE,3,0,RX,8,11003,4000,0,0,0,0,0,0,0,0.003970432460179178,0.004007754603331723,0.0017801792220754117,0.0018426119759578463,0.007978187063510899,0.004100526750371932,-2.4419407730201437,0.0036145915332872537,0.8276881812571877,0.2948448410664916,0.36068097407267796,0.7134289421983756,0.22975,0.039,0.005,2.6890826244400032,0.3021029229084602,-2.3871604674681914,0,-0.5304064815056602,0,3.574729886346796,0,6.367940712532171,0,,,,,
rxry_czbrick,d4,4,EARLY,0,0,RX,8,11004,4000,0,0,0,0,0,0,0,0.003842940815355397,0.00376430617210727,0.0017273992304321396,0.0017032795875265,0.007607246987462667,0.004458008444287506,-2.413989629185574,0.0038548756287654887,0.7547285967965705,0.4962959508262559,0.4967902134131486,0.4940789233166064,0.1075,0.0115,0.00175,2.653054869216116,0.3022844874411832,-2.350859242048063,0,-0.30425926867203185,0,3.087450936037424,0,5.8160208042837365,0,,,,,
rxry_czbrick,d4,4,MIDDLE,2,0,RX,8,11004,4000,0,0,0,0,0,0,0,0.0038973956494776796,0.003773210350269765,0.001767355419003097,0.001666193804606172,0.007670605999747445,0.004333331931225771,-2.4215696863818086,0.0037881774422173524,0.7754804972609122,0.44847246505374694,0.46782110518140485,0.5233266653537159,0.12,0.01175,0.00175,2.665216757149609,0.3022187742213365,-2.3631781797791214,0,-0.3482642239840995,0,3.2122205186079062,0,5.934776793814759,0,,,,,
rxry_czbrick,d4,4,LATE,3,0,RX,8,11004,4000,0,0,0,0,0,0,0,0.003879669467581493,0.0037900924546169635,0.0017180358282721264,0.0017228155320813399,0.007669761922198457,0.003956387359648634,-2.4692630593932208,0.00339419618202748,0.7990785855799047,0.305578139496714,0.3666774606922881,0.7114040974012414,0.22825,0.03575,0.004,2.7046552688417633,0.30204138417200777,-2.40270119676335,0,-0.514877717634885,0,3.576724099824898,0,6.343732029295886,0,,,,,
rxry_czbrick,d4,4,EARLY,0,0,RX,8,11005,4000,0,0,0,0,0,0,0,0.0037363937551919664,0.0038293588101226995,0.0016790452644758662,0.0017887030320592715,0.007565752565314666,0.004390144808201786,-2.4115873927339195,0.0038762573904192266,0.7368585379435846,0.49629313465102587,0.500662022916524,0.4716709148143767,0.09475,0.00825,0.0,2.6597778410326445,0.30229902336756864,-2.357521171166953,0,-0.3042617325067556,0,3.0640038624698045,0,5.797555249592711,0,,,,,
rxry_czbrick,d4,4,MIDDLE,2,0,RX,8,11005,4000,0,0,0,0,0,0,0,0.00390443019147985,0.0038417777760684914,0.0017390320626073264,0.0017674815998953825,0.0077462079675483415,0.004255721170295435,-2.4229907297290607,0.0037758025051173824,0.7664592122272316,0.45546983737019286,0.46947388424376957,0.5016131804026637,0.10925,0.012,0.001,2.6732708860731234,0.30219792105281673,-2.371026884402103,0,-0.3415404044381714,0,3.1929408628092144,0,5.949332139761514,0,,,,,
rxry_czbrick,d4,4,LATE,3,0,RX,8,11005,4000,0,0,0,0,0,0,0,0.0037615518934987985,0.0037541345974615855,0.0016678363775160289,0.001729638337601511,0.007515686490960384,0.003953262330499582,-2.472325070323632,0.0033703494286626114,0.8133882408481306,0.2927039957991453,0.360043332261185,0.7280252900363166,0.235,0.041,0.0055,2.7053589118089008,0.3020469509484647,-2.403044376424373,0,-0.5335713677456094,0,3.6052184361843462,0,6.399255405348434,0,,,,,
rxry_czbrick,d4,4,EARLY,0,0,RX,8,11006,4000,0,0,0,0,0,0,0,0.003869579917714554,0.003999256856130096,0.0017995216585619581,0.001842894920591383,0.00786883677384465,0.004635241984113623,-2.394555000823304,0.004031298891982228,0.7280397721387084,0.49719312946757666,0.4973825422805734,0.4963408015769277,0.10725,0.00925,0.00025,2.636252262855246,0.30231895882767534,-2.333927595632353,0,-0.3034748871424788,0,3.0947268309408114,0,5.801576105887522,0,,,,,
rxry_czbrick,d4,4,MIDDLE,2,0,RX,8,11006,4000,0,0,0,0,0,0,0,0.0038092589451577696,0.004003111545053556,0.0018106186687039632,0.0017707660759217637,0.007812370490211326,0.004477932946382618,-2.4102281737090663,0.0038884079849177034,0.7641362983645554,0.45486217790355404,0.4713671025330251,0.5299038300672088,0.12,0.013,0.0005,2.651134451488234,0.30225138783501526,-2.3489224140221756,0,-0.3421201802683771,0,3.1653217652728003,0,5.900024547055458,0,,,,,
rxry_czbrick,d4,4,LATE,3,0,RX,8,11006,4000,0,0,0,0,0,0,0,0.003959437592756656,0.0039462043346474625,0.0017671533966323281,0.0017552869058767135,0.007905641927404118,0.004123431474972587,-2.4470916302051937,0.003571974664132847,0.8133716029616713,0.3037045245641208,0.36696470149902427,0.7350601655282009,0.237,0.0415,0.0075,2.6869363287337533,0.3021104340498355,-2.3847413183397466,0,-0.5175488489328499,0,3.564361227133748,0,6.370396897553091,0,,,,,
rxry_czbrick,d4,4,EARLY,0,0,RX,8,11007,4000,0,0,0,0,0,0,0,0.003870765878814772,0.003921023929681302,0.0017721052884370396,0.0017831715629273957,0.0077917898084960725,0.00459876277401859,-2.4106640380302444,0.0038845074791789315,0.7677508708828746,0.4972549183087872,0.5028938909459263,0.4821568360078382,0.093,0.01175,0.0015,2.639601870303087,0.30232652401473814,-2.3373589929598566,0,-0.3034209210886034,0,3.0856596914248895,0,5.808742409439644,0,,,,,
rxry_czbrick,d4,4,MIDDLE,2,0,RX,8,11007,4000,0,0,0,0,0,0,0,0.0038481979845144693,0.003915700483866873,0.0018016840816765436,0.0017293864044890337,0.0077638984683813415,0.0043544288112969155,-2.4260968660609645,0.0037488937671299257,0.772658739575296,0.4548864214651972,0.4656342568742305,0.5241125593814739,0.132,0.016,0.0015,2.663155840922838,0.3022187655663524,-2.361068850778741,0,-0.3420970380752791,0,3.2016331274548433,0,5.9518922310245195,0,,,,,
rxry_czbrick,d4,4,LATE,3,0,RX,8,11007,4000,0,0,0,0,0,0,0,0.003939942349890097,0.0038911320381982244,0.0018250859209646925,0.001794834739328924,0.00783107438808832,0.004081416809650166,-2.4620369829886766,0.0034511434936185643,0.8158917986249814,0.3129112819261949,0.37469004619781665,0.711912771683394,0.225,0.03575,0.0055,2.6911200536800104,0.3020866402290585,-2.389189051901047,0,-0.5045787782613886,0,3.547277758686204,0,6.320108492592997,0,,,,,
rxry_czbrick,d4,4,EARLY,0,0,RX,8,11008,4000,0,0,0,0,0,0,0,0.004026166417215362,0.003795144860499418,0.0017806656921333253,0.0017106398020777292,0.007821311277714781,0.0045241634906123575,-2.407412787889176,0.003913697114819498,0.7682066236460272,0.48990183931175635,0.494696926163189,0.485509303121089,0.10325,0.012,0.001,2.6467393646944304,0.30230580848621913,-2.344461712302886,0,-0.30989096986455633,0,3.102460433450994,0,5.828533632877917,0,,,,,
rxry_czbrick,d4,4,MIDDLE,2,0,RX,8,11008,4000,0,0,0,0,0,0,0,0.003841902112863974,0.0039825936115005945,0.001693329347398429,0.0018037324726798319,0.007824495724364569,0.00429171957444071,-2.42724147739971,0.0037390263227638706,0.79598148858042,0.45052482513360836,0.47049551391437944,0.50236317526945,0.115,0.01075,0.00075,2.6696895533174114,0.30222458692481213,-2.3673686665624065,0,-0.3462813148985696,0,3.2013019962056193,0,5.941428696460662,0,,,,,
rxry_czbrick,d4,4,LATE,3,0,RX,8,11008,4000,0,0,0,0,0,0,0,0.003951517281970215,0.003957000902728917,0.0017601160047768208,0.001765425549904561,0.007908518184699133,0.004029203748435807,-2.461905541818153,0.0034521881557353865,0.8341250539483234,0.30390529054981635,0.36555823844282564,0.7662635314679365,0.24825,0.03475,0.002,2.6967741276884603,0.3020600791655066,-2.394780841979623,0,-0.5172617593035668,0,3.5695795464139053,0,6.381768931775598,0,,,,,
rxry_czbrick,d4,4,EARLY,0,0,RX,8,11009,4000,0,0,0,0,0,0,0,0.0039567668463958835,0.003955060710518638,0.0018321607341383783,0.0018500339853857015,0.007911827556914521,0.00476906199438178,-2.394277255337104,0.004033877863689543,0.7453826204692029,0.4965800570556221,0.4925712330084229,0.4924203598804513,0.10575,0.0105,0.00075,2.624244825141785,0.3023446546570032,-2.3215677061515825,0,-0.30401074064916533,0,3.09886178773775,0,5.7988447219444055,0,,,,,
rxry_czbrick,d4,4,MIDDLE,2,0,RX,8,11009,4000,0,0,0,0,0,0,0,0.0038989891718911244,0.00397205526525543,0.0017363588755718578,0.001815877860890729,0.007871044437146554,0.004433195763214808,-2.410647512823306,0.0038846552902009877,0.7731620053272759,0.4569832342713118,0.4687074970012334,0.49488348376787983,0.117,0.01375,0.00125,2.6561060110769033,0.3022508101445247,-2.353283094790715,0,-0.3400997497644097,0,3.1798763134115373,0,5.913707054755106,0,,,,,
rxry_czbrick,d4,4,LATE,3,0,RX,8,11009,4000,0,0,0,0,0,0,0,0.0038940190517567316,0.003949388074433434,0.001748847466283488,0.0017949349252257816,0.007843407126190166,0.004078429343083313,-2.4606470553193778,0.003462206318948524,0.8153284798827913,0.2905698637898717,0.36210064243646056,0.7469452353212569,0.24375,0.0395,0.0045,2.6917332015250564,0.3020872520048761,-2.3895072484437687,0,-0.5367494398304402,0,3.585521928370766,0,6.368369220295874,0,,,,,
rxry_czbrick,d4,4,EARLY,0,0,RX,10,11000,4000,0,0,0,0,0,0,0,0.0009338642210777844,0.0009629397556956605,0.00035895376556733453,0.00035835011438385906,0.001896803976773445,0.0009347171158105439,-3.099001558691357,0.0007961564929910259,0.8585611102159652,0.48820670253077036,0.4938605245035039,0.49035485044159305,0.0985,0.0115,0.0005,3.3306504387011686,0.3012940483333062,-3.029319805739876,0,-0.31139630080761027,0,3.8021784523815434,0,7.210507860741672,0,,,,,
rxry_czbrick,d4,4,MIDDLE,2,0,RX,10,11000,4000,0,0,0,0,0,0,0,0.0009405633398995187,0.0009340367388885653,0.0003586928517036662,0.000368675444842357,0.001874600078788084,0.0008985492260288097,-3.1173391339295424,0.0007632395487031905,0.8772125032689653,0.45387198451185373,0.469823346166059,0.5141053481157085,0.11575,0.011,0.002,3.347718909150351,0.3012790811501771,-3.0464581385928993,0,-0.343066623621909,0,3.9002713807998557,0,7.300719266768831,0,,,,,
rxry_czbrick,d4,4,LATE,3,0,RX,10,11000,4000,0,0,0,0,0,0,0,0.0009167572824954492,0.0009392924295713545,0.0003362793110242884,0.000363504997570438,0.0018560497120668035,0.0008098824721154256,-3.1565963438230393,0.0006972742964971588,0.8910058129153962,0.31071136090676266,0.37549596520638395,0.7160060441750514,0.21875,0.03125,0.004,3.3928220887447713,0.3012440367722651,-3.0915782923240682,0,-0.5076428969288087,0,4.277576852593712,0,7.755796159711644,0,,,,,
rxry_czbrick,d4,4,EARLY,0,0,RX,10,11001,4000,0,0,0,0,0,0,0,0.0009683282992504875,0.0009505243643891369,0.0003708193511867985,0.000375225174642705,0.0019188526636396243,0.0009532977515033863,-3.082817074331289,0.0008263859516302197,0.838487421143002,0.4938175010112109,0.4974195027548376,0.46970245640192865,0.1025,0.008,0.00025,3.322070260346411,0.30129888481992184,-3.020771434495755,0,-0.3064335617054481,0,3.7728747901379514,0,7.16712923800909,0,,,,,
rxry_czbrick,d4,4,MIDDLE,2,0,RX,10,11001,4000,0,0,0,0,0,0,0,0.0009569242560171161,0.0009263045442454228,0.0003715927525307996,0.00036627503056631846,0.0018832288002625388,0.0008949464945697106,-3.0994766851025015,0.0007952859589446335,0.8574379744115683,0.4566090095026071,0.4717267898795455,0.5097630642596951,0.11525,0.011,0.00075,3.3494461327898595,0.30128587017706043,-3.0482029620871014,0,-0.34045554686444834,0,3.8642610100292805,0,7.2518565029030535,0,,,,,
rxry_czbrick,d4,4,LATE,3,0,RX,10,11001,4000,0,0,0,0,0,0,0,0.0009668177221999071,0.0009651257383479696,0.00036692764509446544,0.00036844349709804397,0.0019319434605478767,0.0008277750613811125,-3.1376272695157836,0.0007284046850490254,0.9087345661529813,0.3005702091456723,0.36272251295728164,0.7210067367962076,0.23475,0.042,0.00575,3.3833305849538684,0.30124633499002096,-3.0820877242602385,0,-0.522054068994807,0,4.266954415280672,0,7.747613964480012,0,,,,,
rxry_czbrick,d4,4,EARLY,0,0,RX,10,11002,4000,0,0,0,0,0,0,0,0.0009660893381938752,0.000979435281817406,0.0003510333698973641,0.00034600622426702286,0.0019455246200112812,0.0009355300704383349,-3.088074073703641,0.0008164431061249723,0.8372882731953819,0.5052223774211821,0.505546161095696,0.48304672236711665,0.10075,0.00975,0.001,3.33029385088487,0.30129454842609826,-3.028942248882511,0,-0.29651745287536224,0,3.7679368079627276,0,7.186110472417983,0,,,,,
rxry_czbrick,d4,4,MIDDLE,2,0,RX,10,11002,4000,0,0,0,0,0,0,0,0.0009595041708495252,0.0009451439602565452,0.00037587234218903397,0.0003611494924235434,0.0019046481311060705,0.0008787979900932881,-3.106783766313725,0.0007820170712065141,0.8650725739910952,0.4605202169281869,0.47148181473483103,0.5038745598185805,0.10925,0.01075,0.00125,3.3574354880462245,0.301277001529098,-3.0561109716542876,0,-0.33675129955020877,0,3.8769538948523525,0,7.271604661907476,0,,,,,
rxry_czbrick,d4,4,LATE,3,0,RX,10,11002,4000,0,0,0,0,0,0,0,0.0009547744563226132,0.0009342763969301431,0.0003586883530650347,0.000348556693504741,0.0018890508532527562,0.0008344646627392615,-3.1474357396172774,0.0007121381637268551,0.9171158990440906,0.29913358591108397,0.35928050046811927,0.7323344294333863,0.239,0.04625,0.007,3.379866885733418,0.30124037059685826,-3.0785920869393735,0,-0.5241348896494905,0,4.288913351979785,0,7.775679545631478,0,,,,,
rxry_czbrick,d4,4,EARLY,0,0,RX,10,11003,4000,0,0,0,0,0,0,0,0.000998468502005,0.0009880217858350446,0.00035363038313232975,0.00036822192456290167,0.001986490287840045,0.000939304317717574,-3.0832710271817825,0.0008255226105523009,0.8529115583291706,0.5015819825185719,0.501528611779587,0.48859353908761693,0.10125,0.008,0.001,3.3284599138482687,0.301294184030491,-3.0271941132190454,0,-0.2996580744189288,0,3.7850628567235396,0,7.1894711519872105,0,,,,,
rxry_czbrick,d4,4,MIDDLE,2,0,RX,10,11003,4000,0,0,0,0,0,0,0,0.0010385281228075785,0.0009799805016814413,0.00037625210640004144,0.00035842132536694426,0.0020185086244890195,0.0009420756608272786,-3.092035762657557,0.0008090292756557601,0.8839549302696721,0.45007607550259776,0.466862500705147,0.5233124656235066,0.121,0.00975,0.00125,3.3272381783692824,0.3012848922808762,-3.025914496013651,0,-0.3467140756609936,0,3.8990843500817713,0,7.286242657680054,0,,,,,
rxry_czbrick,d4,4,LATE,3,0,RX,10,11003,4000,0,0,0,0,0,0,0,0.0010321994178077354,0.0009911737876490247,0.0003729414537796287,0.00036295818196046463,0.00202337320545676,0.0008490166939415875,-3.1339598116052447,0.000734581841157829,0.9337146042331157,0.30199386734662725,0.36358155269103837,0.7331965149842721,0.235,0.03425,0.00425,3.3722984548822703,0.3012500157207927,-3.071083779694998,0,-0.5200018899935206,0,4.297324014167254,0,7.752506675466458,0,,,,,
rxry_czbrick,d4,4,EARLY,0,0,RX,10,11004,4000,0,0,0,0,0,0,0,0.0009548539773957794,0.0010048855837241698,0.00035844267919145134,0.0003682264931401866,0.001959739561119949,0.0009321706698270477,-3.083586203104284,0.0008249237301303645,0.8589785591345267,0.4956837385910926,0.4984782721415064,0.47189224127564977,0.0975,0.0115,0.00175,3.331843444651317,0.30129327119801164,-3.0305045777135518,0,-0.30479533913506635,0,3.7897561297940667,0,7.2006187675586215,0,,,,,
rxry_czbrick,d4,4,MIDDLE,2,0,RX,10,11004,4000,0,0,0,0,0,0,0,0.0009575654575291286,0.000992943230696311,0.0003500992143492498,0.0003656642406625473,0.0019505086882254398,0.0008925311784068684,-3.098767683217093,0.0007965853532012956,0.8620900863768677,0.4507378101423671,0.46965001606467477,0.526513947078436,0.11675,0.01275,0.00025,3.350685474616604,0.30127573779966976,-3.049376605026586,0,-0.346076013222407,0,3.871501554376811,0,7.282528812622041,0,,,,,
rxry_czbrick,d4,4,LATE,3,0,RX,10,11004,4000,0,0,0,0,0,0,0,0.0010255812675149171,0.0009888868962827648,0.00037493890100671065,0.00036116667729143854,0.002014468163797682,0.0008374664417345526,-3.1300441762372913,0.0007412348393951228,0.9413184538723338,0.29489549684813343,0.35932508215813347,0.7290007196747796,0.236,0.0355,0.00325,3.3782792298076085,0.3012443116784176,-3.07703260351136,0,-0.5303318899027949,0,4.295674197001445,0,7.754404479162628,0,,,,,
rxry_czbrick,d4,4,EARLY,0,0,RX,10,11005,4000,0,0,0,0,0,0,0,0.0009757624932251569,0.0009696138232965487,0.0003688810221500893,0.0003561401282217197,0.0019453763165217053,0.0009678536357307912,-3.084234199307171,0.0008236938069441854,0.8574940639777813,0.5056622317711135,0.5064782173498521,0.4740693476056915,0.096,0.00875,0.001,3.3155717970771033,0.3013057418120304,-3.014190315398199,0,-0.29613951479435296,0,3.7646733676713096,0,7.137104196102441,0,,,,,
rxry_czbrick,d4,4,MIDDLE,2,0,RX,10,11005,4000,0,0,0,0,0,0,0,0.0009669835219176401,0.000990489553881315,0.00035997867210562013,0.0003824454823032514,0.0019574730757989547,0.0009567980734253977,-3.095385244257745,0.0008028136642061787,0.8603071450953044,0.44719524667797894,0.46722501159953483,0.5204320173359178,0.11775,0.01075,0.00175,3.320497069546936,0.30128962497417255,-3.0191797390468498,0,-0.34950282967239654,0,3.8800076039855433,0,7.279424013297245,0,,,,,
rxry_czbrick,d4,4,LATE,3,0,RX,10,11005,4000,0,0,0,0,0,0,0,0.0009809449222463798,0.0009498087685797177,0.00037063093146939846,0.0003505421013531526,0.0019307536908260978,0.0008303323814922031,-3.142751376051644,0.0007198609644851626,0.9373821038342673,0.3140656474122567,0.37464842461222014,0.7083552946300095,0.22375,0.03075,0.00575,3.38197597136555,0.3012519689456581,-3.0807480250450006,0,-0.502979600791261,0,4.25327282279032,0,7.744176957216881,0,,,,,
rxry_czbrick,d4,4,EARLY,0,0,RX,10,11006,4000,0,0,0,0,0,0,0,0.0009672381350109224,0.0009630638368825131,0.0003742641695007402,0.000360645699265246,0.0019303019718934355,0.0009413428646263048,-3.078553720221696,0.0008345383133574258,0.8270409159183321,0.4961766763827305,0.5006590915703643,0.4736283062576221,0.10825,0.00925,0.00125,3.3275714866067645,0.30129739982067205,-3.0262521798694175,0,-0.3043636628662244,0,3.778917191613829,0,7.179981520148287,0,,,,,
rxry_czbrick,d4,4,MIDDLE,2,0,RX,10,11006,4000,0,0,0,0,0,0,0,0.0009828888943641206,0.0009962812550434361,0.0003560100058248451,0.00035983680672210556,0.001979170149407557,0.0009105148221591735,-3.087709789010485,0.0008171282230448285,0.8631466218514099,0.4457262170774643,0.4668959362299423,0.5283403295857034,0.1245,0.01225,0.0015,3.3420061157079815,0.30128298003432796,-3.040713013291784,0,-0.350931825713256,0,3.896110898881333,0,7.299424412716309,0,,,,,
rxry_czbrick,d4,4,LATE,3,0,RX,10,11006,4000,0,0,0,0,0,0,0,0.0009684974041976757,0.0009982878186346003,0.00036972195133357403,0.000363310835055206,0.001966785222832276,0.0008479835890310051,-3.1264306541018323,0.0007474279700986474,0.8963733836284815,0.30394568511441444,0.36725258666664434,0.7179031769203992,0.22975,0.0385,0.0045,3.3728782306131455,0.301246559938664,-3.071612829237481,0,-0.5172040197211125,0,4.267457861193191,0,7.751918788745511,0,,,,,
rxry_czbrick,d4,4,EARLY,0,0,RX,10,11007,4000,0,0,0,0,0,0,0,0.0010460262280216686,0.000959460225793884,0.00038096646001929495,0.0003776689832413805,0.0020054864538155527,0.0009706382165132574,-3.0781668631456807,0.0008352820273564321,0.824326796476226,0.49097361067790224,0.48795905255360006,0.5006841838507078,0.112,0.01075,0.00125,3.314244899015704,0.30129472770788746,-3.0129426195141433,0,-0.30894188654098864,0,3.79049421242229,0,7.185637602929022,0,,,,,
rxry_czbrick,d4,4,MIDDLE,2,0,RX,10,11007,4000,0,0,0,0,0,0,0,0.000987927939379326,0.001029619288303851,0.00037891646598417776,0.0003825834156551066,0.0020175472276831767,0.0009431319659060486,-3.084880064475745,0.0008224697532736102,0.8434500285520956,0.44223219473727726,0.4611959450888371,0.5354265071084626,0.12225,0.008,0.00075,3.326682641832644,0.30129089383025054,-3.0254275639960735,0,-0.35434964442546785,0,3.8709074872746547,0,7.246312393427603,0,,,,,
rxry_czbrick,d4,4,LATE,3,0,RX,10,11007,4000,0,0,0,0,0,0,0,0.0009967514394694137,0.0009677555309108278,0.0003829265882419826,0.00039757402703169084,0.0019645069703802414,0.000877738476653454,-3.1285565394810217,0.0007437782263734844,0.8849400963768992,0.30096697141871687,0.36418877005366745,0.711375623804323,0.22775,0.0345,0.0055,3.35794333651006,0.3012583507760185,-3.056634864742618,0,-0.5214811622760401,0,4.257514810175681,0,7.681557642116987,0,,,,,
rxry_czbrick,d4,4,EARLY,0,0,RX,10,11008,4000,0,0,0,0,0,0,0,0.0009719672850254177,0.0009305350354596674,0.00038238482375937315,0.0003599914175177639,0.0019025023204850848,0.0009652043805505538,-3.0797473374790987,0.0008322478128845493,0.828335691264217,0.5034736820393662,0.5026198181585677,0.47866581842982797,0.09775,0.00975,0.0005,3.3166824332570597,0.30130844807701385,-3.015380732627446,0,-0.29802344221159716,0,3.767297537088868,0,7.163799679579778,0,,,,,
rxry_czbrick,d4,4,MIDDLE,2,0,RX,10,11008,4000,0,0,0,0,0,0,0,0.0009410815354670674,0.000960137352804681,0.0003873124113215454,0.0003748194884792399,0.0019012188882717488,0.0009358798141103803,-3.1001946698598717,0.0007939722617119797,0.8626759818898373,0.44241760899185323,0.4613833209045828,0.5371613981321508,0.1235,0.01025,0.001,3.330145620327841,0.3012891521576553,-3.028779948064769,0,-0.3541675958805405,0,3.900463921454978,0,7.29857774678953,0,,,,,
rxry_czbrick,d4,4,LATE,3,0,RX,10,11008,4000,0,0,0,0,0,0,0,0.0009804282879036193,0.000990845920205733,0.0003847027303603257,0.000379791967708622,0.001971274208109352,0.0008989687601592076,-3.1287325862359356,0.0007434767875730164,0.8997099011049272,0.28873880772896765,0.35587426082046497,0.7484440345611281,0.247,0.041,0.005,3.3475285566718647,0.3012628791938208,-3.0462554003107396,0,-0.5394948465458574,0,4.296093831209817,0,7.757157200731252,0,,,,,
rxry_czbrick,d4,4,EARLY,0,0,RX,10,11009,4000,0,0,0,0,0,0,0,0.0009466370948723557,0.0009930998960281843,0.00035368018193598016,0.00034015222250284333,0.00193973699090054,0.0009318956258775129,-3.0928483155926316,0.0008075170194467456,0.8616724703685033,0.5093537955372063,0.5047209445186043,0.4756911130862381,0.10375,0.00825,0.0,3.331935402106512,0.30129217406058784,-3.0306328038889747,0,-0.2929804602718289,0,3.7704530087857147,0,7.159840859989133,0,,,,,
rxry_czbrick,d4,4,MIDDLE,2,0,RX,10,11009,4000,0,0,0,0,0,0,0,0.0009641289206212979,0.0009339503093236307,0.00036890702240654734,0.000345554695465492,0.0018980792299449285,0.0008959472767946738,-3.1158176956598576,0.0007659180498220561,0.8542084560942196,0.44463729977022254,0.46195229902346713,0.5323554346258663,0.1195,0.01125,0.001,3.3490011162467406,0.30127507479184334,-3.0477175464444097,0,-0.351994114010748,0,3.8957683049421963,0,7.304685323583032,0,,,,,
rxry_czbrick,d4,4,LATE,3,0,RX,10,11009,4000,0,0,0,0,0,0,0,0.0009213421322917931,0.0009695772637976634,0.00034191243577435225,0.0003604319585745758,0.0018909193960894566,0.0008045075776481256,-3.1560883068202155,0.0006980904441451047,0.9047552734171926,0.28847131870697684,0.3565033242317862,0.7131709946124944,0.23225,0.03925,0.0055,3.3956750344504436,0.30123581276566136,-3.0944699326871894,0,-0.5398974471904907,0,4.307797932097008,0,7.802072058790873,0,,,,,
rxry_czbrick,d4,4,EARLY,0,0,RX,12,11000,4000,0,0,0,0,0,0,0,0.00024589708807687204,0.00026479450540109635,7.575603029360875e-05,8.285980366545373e-05,0.0005106915934779683,0.00020801441290959428,-3.7492937939990614,0.00017811734214764652,0.9421807960506192,0.49521631854542425,0.4991560745282558,0.4776707523574557,0.10225,0.00875,0.00075,3.983003327869878,0.30108846651430743,-3.681906723832622,0,-0.3052051257750662,0,4.454287356234076,0,8.49195875336061,0,,,,,
rxry_czbrick,d4,4,MIDDLE,2,0,RX,12,11000,4000,0,0,0,0,0,0,0,0.00026258778999960376,0.0002395136091940061,7.833930114385086e-05,7.884250431865747e-05,0.0005021013991936098,0.00020141294309221886,-3.770036678847277,0.00016981002313687634,0.9565882160523373,0.44860473438245485,0.4692575226423907,0.529060853442167,0.11175,0.0135,0.00125,3.9969952394854236,0.3010856744699919,-3.695912624623933,0,-0.3481361677919528,0,4.5604147538878275,0,8.61395258529599,0,,,,,
rxry_czbrick,d4,4,LATE,3,0,RX,12,11000,4000,0,0,0,0,0,0,0,0.00025131874369782326,0.00024874731967592035,7.727760687623636e-05,8.082169779875131e-05,0.0005000660633737436,0.00018538944090258486,-3.8070723817470755,0.00015592926014623376,1.0091702489723757,0.29796805468094845,0.3646130051346416,0.7312308704594327,0.238,0.03975,0.00625,4.032993860938976,0.301077859773903,-3.731915067756969,0,-0.525830300132032,0,4.9462176027153095,0,9.087185409905459,0,,,,,
rxry_czbrick,d4,4,EARLY,0,0,RX,12,11001,4000,0,0,0,0,0,0,0,0.00023075337182602957,0.00023754769184048508,7.519690137799181e-05,7.436891191825492e-05,0.0004683010636665146,0.0001897501676984959,-3.775583967929974,0.00016765481550511612,0.9500479979520606,0.5058755209220372,0.5010333838759748,0.4894897546145227,0.09975,0.00975,0.001,4.022911280911762,0.3010835178066127,-3.72181783752795,0,-0.29595634322074593,0,4.5002193906835615,0,8.57123012967958,0,,,,,
rxry_czbrick,d4,4,MIDDLE,2,0,RX,12,11001,4000,0,0,0,0,0,0,0,0.00023961474512234525,0.00022883362578494297,7.28729894789062e-05,7.240778912357928e-05,0.0004684483709072883,0.00018202317526906588,-3.7961893189646707,0.00015988608963978098,0.9587667006677667,0.45763582210042375,0.4709952920064679,0.5202754302327067,0.11825,0.01025,0.001,4.040945916171577,0.30108145202245984,-3.739873434223128,0,-0.33947998911713695,0,4.599285347141208,0,8.686975091258235,0,,,,,
rxry_czbrick,d4,4,LATE,3,0,RX,12,11001,4000,0,0,0,0,0,0,0,0.00023127686574973567,0.00023470594496478503,7.506331454788432e-05,7.450906085379447e-05,0.00046598281071452073,0.00017353225716180715,-3.8326820894756812,0.00014700019488884296,1.0108900119495927,0.2947751078831071,0.3586409761279167,0.7439728249364628,0.24225,0.04125,0.005,4.061716284631022,0.30107565607469366,-3.7606198770208232,0,-0.5305091930161983,0,4.978104292297333,0,9.17651291904947,0,,,,,
rxry_czbrick,d4,4,EARLY,0,0,RX,12,11002,4000,0,0,0,0,0,0,0,0.0002375306348417196,0.0002384167994314705,7.682049140955656e-05,8.083622020120843e-05,0.0004759474342731901,0.0002071920438831879,-3.7592275654030924,0.00017408944253410544,0.915135902285412,0.498442610363546,0.4984345759143397,0.4788312850241764,0.10375,0.00975,0.00075,3.9847028751347002,0.30108821288305143,-3.683626926004064,0,-0.3023848397797188,0,4.451772779494199,0,8.503506800494401,0,,,,,
rxry_czbrick,d4,4,MIDDLE,2,0,RX,12,11002,4000,0,0,0,0,0,0,0,0.0002428643041589086,0.00023911040072412384,8.060880834739453e-05,7.885468196996906e-05,0.00048197470488303245,0.00019527733066975427,-3.7753907294871882,0.00016772942977138412,0.9468372755641621,0.451192407184908,0.4682101312098852,0.5091907220752588,0.11575,0.01325,0.00125,4.0104307836656385,0.3010848656302796,-3.7093484098180998,0,-0.34563825458876646,0,4.536127436054005,0,8.628671047936885,0,,,,,
rxry_czbrick,d4,4,LATE,3,0,RX,12,11002,4000,0,0,0,0,0,0,0,0.00023782311335610685,0.00023710440137043065,7.850541757570769e-05,7.762294153124846e-05,0.0004749275147265375,0.00018404940239613715,-3.8142925727984056,0.0001533583499754142,0.966692942755643,0.29316016848707926,0.364527145059507,0.7380310153607134,0.2345,0.03975,0.00825,4.036151960024371,0.3010768874220964,-3.735065589716644,0,-0.5328952291486319,0,4.953357181878223,0,9.10124778298681,0,,,,,
rxry_czbrick,d4,4,EARLY,0,0,RX,12,11003,4000,0,0,0,0,0,0,0,0.00024312997097329593,0.0002417005210030991,7.502429523065255e-05,7.375668528724136e-05,0.00048483049197639507,0.00019508422239470784,-3.767673598893688,0.0001707365105031502,0.9620648517416752,0.505824584154656,0.5030160990453388,0.46658056252612895,0.09825,0.0115,0.00075,4.010861322416137,0.3010863084516855,-3.709778236197989,0,-0.2960000698947476,0,4.449294674536501,0,8.53923046715428,0,,,,,
rxry_czbrick,d4,4,MIDDLE,2,0,RX,12,11003,4000,0,0,0,0,0,0,0,0.00023766800689351754,0.0002440485493217433,7.492791174083346e-05,7.557227894310561e-05,0.00048171655621526084,0.00018099676118858834,-3.7781241580525045,0.00016667706405727297,0.9592569392522177,0.4515019818148856,0.469800728943209,0.5239042315540635,0.1155,0.01125,0.001,4.0434213412432385,0.30108127127006545,-3.742329201191692,0,-0.3453403406530897,0,4.567864159419039,0,8.646020988732648,0,,,,,
rxry_czbrick,d4,4,LATE,3,0,RX,12,11003,4000,0,0,0,0,0,0,0,0.0002461847312866741,0.0002443630777309355,7.104763945932718e-05,7.466839125993202e-05,0.0004905478090176096,0.00017128729638358223,-3.8253914767399633,0.00014948875442385377,1.0101296632139514,0.291671312575013,0.35669482402299946,0.7538951154867735,0.24725,0.0385,0.0065,4.06734296514115,0.3010743525276467,-3.7662754151827658,0,-0.5351063204085291,0,4.9883935414608285,0,9.129482852802187,0,,,,,
rxry_czbrick,d4,4,EARLY,0,0,RX,12,11004,4000,0,0,0,0,0,0,0,0.00024333652078131955,0.00024111865426005585,7.47787887435444e-05,7.983153109027982e-05,0.0004844551750413754,0.00019757536909724085,-3.765607652314481,0.00017155064200583613,0.9190348875457186,0.4951428556886642,0.4958318218170017,0.46470523672516495,0.111,0.012,0.00125,4.005352282709468,0.30108562811226336,-3.704267198116465,0,-0.3052695080956503,0,4.4603665286435525,0,8.512235181073429,0,,,,,
rxry_czbrick,d4,4,MIDDLE,2,0,RX,12,11004,4000,0,0,0,0,0,0,0,0.00023760010632592493,0.00023836589519643885,7.400958377547006e-05,7.78933613035823e-05,0.0004759660015223638,0.0001919834566885797,-3.7825518018358326,0.00016498641968588584,0.9323885570168837,0.46195203323757683,0.4748760504953595,0.5161943084281073,0.11225,0.014,0.00125,4.0178206427053755,0.3010839100852307,-3.7167362070837937,0,-0.33540321080975566,0,4.54461342667642,0,8.627258937944475,0,,,,,
rxry_czbrick,d4,4,LATE,3,0,RX,12,11004,4000,0,0,0,0,0,0,0,0.00023562984149845794,0.00023907967959218567,7.588202411552399e-05,7.78062028339042e-05,0.0004747095210906437,0.00017470113433519448,-3.8215129238377608,0.0001508297725592699,0.9669813507657059,0.29333345894151575,0.35956676131800214,0.719373685191922,0.23425,0.04125,0.0055,4.058775064178258,0.301075394595407,-3.7577042793983386,0,-0.532638419059045,0,4.974561703007942,0,9.105984980866724,0,,,,,
rxry_czbrick,d4,4,EARLY,0,0,RX,12,11005,4000,0,0,0,0,0,0,0,0.00023399798914787572,0.0002370075443555868,7.740251769328597e-05,7.600638688135832e-05,0.00047100553350346247,0.000202726991522792,-3.768017502670959,0.00017060136328981852,0.8946580538912672,0.49398798024617796,0.4978971162567707,0.47828121185235184,0.10425,0.0105,0.0005,3.99417031032925,0.30108698036227,-3.6930885659739845,0,-0.30628364477463843,0,4.474413059526856,0,8.544252583137977,0,,,,,
rxry_czbrick,d4,4,MIDDLE,2,0,RX,12,11005,4000,0,0,0,0,0,0,0,0.00023325690435173468,0.00022483127139045922,7.825827491564122e-05,7.462970911339858e-05,0.0004580881757421939,0.00019131403722051009,-3.7879718097257293,0.00016294017945009802,0.9415708856760747,0.4544152708234815,0.4660218821608294,0.5112907319285791,0.1175,0.0105,0.00125,4.019337831159363,0.3010827570879313,-3.7182534782648755,0,-0.342547082872581,0,4.5566369459831195,0,8.661308253953539,0,,,,,
rxry_czbrick,d4,4,LATE,3,0,RX,12,11005,4000,0,0,0,0,0,0,0,0.00023286499107067754,0.00023427693215048183,7.544693120212859e-05,7.762762310323948e-05,0.00046714192322115937,0.00017563731581165496,-3.826246228127543,0.0001491948292925697,0.978913162896367,0.30943210154223,0.37129932474931643,0.7188355818084632,0.23025,0.035,0.00425,4.056455151290576,0.3010756689283869,-3.75538320932837,0,-0.5094346344847783,0,4.947961414218158,0,9.091923340346776,0,,,,,
rxry_czbrick,d4,4,EARLY,0,0,RX,12,11006,4000,0,0,0,0,0,0,0,0.00024685749900663046,0.00024124363384288444,7.675455803037937e-05,7.591729552751221e-05,0.00048810113284951487,0.00019997807044804555,-3.762704621762339,0.0001727012091463375,0.9448541151939116,0.5047375671356344,0.5028313438293005,0.47233953110511717,0.098,0.0105,0.00125,4.000111474554201,0.3010861685449313,-3.69901777866139,0,-0.2969343704274973,0,4.443974700628071,0,8.501564512811285,0,,,,,
rxry_czbrick,d4,4,MIDDLE,2,0,RX,12,11006,4000,0,0,0,0,0,0,0,0.00023887686954549185,0.00024292717766536494,7.592908228887322e-05,7.446122740446062e-05,0.00048180404721085687,0.00019461521541242407,-3.7799896547363487,0.00016596264406789789,0.9272115156488501,0.4508302080546008,0.46845475082720484,0.5151784011525024,0.1175,0.01325,0.00125,4.011898147058899,0.3010833873394858,-3.7108232089444977,0,-0.34598699182900305,0,4.558903841743808,0,8.657996563350434,0,,,,,
rxry_czbrick,d4,4,LATE,3,0,RX,12,11006,4000,0,0,0,0,0,0,0,0.00025100570790546607,0.000252560373542707,7.892208510637368e-05,7.907311380948336e-05,0.0005035660814481731,0.00017745055173517591,-3.808640898207388,0.00015536711512914282,0.9729368125451212,0.2833379205576175,0.3506331725992419,0.7664790629690069,0.25575,0.046,0.0055,4.051992238774255,0.30107512659931746,-3.750922647509019,0,-0.5476953730021865,0,5.001696860679511,0,9.155022504299458,0,,,,,
rxry_czbrick,d4,4,EARLY,0,0,RX,12,11007,4000,0,0,0,0,0,0,0,0.00024843181138793267,0.0002497225363981842,7.999206191180612e-05,8.224887657756034e-05,0.0004981543477861167,0.00020766768985309612,-3.7348856662346925,0.0001841256672835291,0.9020127133011946,0.4985043350283393,0.5013825873034305,0.47410194455201854,0.0905,0.00925,0.00075,3.9837083830276696,0.3010880688657709,-3.682631620047533,0,-0.3023310612571639,0,4.443413543272053,0,8.484782505889946,0,,,,,
rxry_czbrick,d4,4,MIDDLE,2,0,RX,12,11007,4000,0,0,0,0,0,0,0,0.0002550363181142243,0.0002493031491490343,8.052566473211638e-05,8.141226449700226e-05,0.0005043394672632586,0.0002005491322374701,-3.753731634727261,0.00017630651675680365,0.916169813624335,0.4566454039600043,0.4683032756895326,0.5246810810222796,0.1255,0.01275,0.0005,3.998871669847345,0.3010848290129944,-3.697779214157766,0,-0.3404209273362103,0,4.53229674928612,0,8.617677822125177,0,,,,,
rxry_czbrick,d4,4,LATE,3,0,RX,12,11007,4000,0,0,0,0,0,0,0,0.0002486827637785918,0.0002516004883254916,8.090441514263015e-05,7.882890621191733e-05,0.0005002832521040834,0.00018469730966268443,-3.7859682275930755,0.00016369362731288395,0.9599964982632723,0.30166753025152093,0.36247990436211375,0.7402796424676907,0.24025,0.0435,0.0055,4.034610547634706,0.30107840029590305,-3.73353965639829,0,-0.5204714677407147,0,4.916445486422068,0,9.045757383398206,0,,,,,
rxry_czbrick,d4,4,EARLY,0,0,RX,12,11008,4000,0,0,0,0,0,0,0,0.0002524892482247492,0.00022697493611006103,7.489400919965093e-05,7.719155670638672e-05,0.0004794641843348102,0.00019718783773211378,-3.7707750987179067,0.00016952154478570885,0.920184289236555,0.49981412943145287,0.49830084466709285,0.47222424051771594,0.1045,0.01,0.00125,4.006204384273385,0.3010845060651468,-3.7051198990092495,0,-0.3011914780384223,0,4.483363933391639,0,8.55749014226588,0,,,,,
rxry_czbrick,d4,4,MIDDLE,2,0,RX,12,11008,4000,0,0,0,0,0,0,0,0.00023482422580844918,0.00024145435879846012,7.15433407996216e-05,7.599311171505736e-05,0.00047627858460690933,0.00018765429851633092,-3.786729950608574,0.00016340677144823033,0.9413485202148801,0.4638852245593348,0.4715077884114122,0.5100025746761851,0.118,0.012,0.00225,4.027746666026921,0.30108184863997467,-3.7266414908217023,0,-0.3335897544595532,0,4.562961961412459,0,8.64350077817709,0,,,,,
rxry_czbrick,d4,4,LATE,3,0,RX,12,11008,4000,0,0,0,0,0,0,0,0.0002377776272911397,0.00024663712239956815,7.545938285774442e-05,7.524403744796485e-05,0.00048441474969070786,0.00017034906032901102,-3.81781866789217,0.00015211825404683557,0.9733114859393535,0.2929791275674114,0.35933978369653985,0.7280997789450836,0.23575,0.03975,0.00775,4.069739494552446,0.3010740268111278,-3.7686602581752817,0,-0.5331633188080802,0,4.990232150332211,0,9.131214360957145,0,,,,,
rxry_czbrick,d4,4,EARLY,0,0,RX,12,11009,4000,0,0,0,0,0,0,0,0.0002422962285785983,0.000243139726610795,7.454422667995726e-05,7.332847967092468e-05,0.00048543595518939323,0.00019598163630048622,-3.778029992434547,0.0001667132076213047,0.9478759806668968,0.5147863204858035,0.5099986672773067,0.4622527362255401,0.09425,0.01075,0.0015,4.008884199786414,0.3010843706412054,-3.707785880083124,0,-0.2883730026517758,0,4.453803818209176,0,8.521398046956705,0,,,,,
rxry_czbrick,d4,4,MIDDLE,2,0,RX,12,11009,4000,0,0,0,0,0,0,0,0.00024950918904890915,0.00023669012050288958,7.741128956330515e-05,7.356383596952734e-05,0.0004861993095517987,0.00018894743157518566,-3.7853415526843377,0.00016393000318417933,0.9726870959178346,0.4480416918201211,0.46796829753901026,0.503805548655815,0.111,0.01125,0.001,4.0247588200458075,0.30108269097411733,-3.723659011541053,0,-0.34868157154805396,0,4.577097080752914,0,8.68601301432723,0,,,,,
rxry_czbrick,d4,4,LATE,3,0,RX,12,11009,4000,0,0,0,0,0,0,0,0.00024357704329923594,0.00024189944938187187,7.58420584909008e-05,7.81063438050528e-05,0.0004854764926811078,0.00018033304465510304,-3.8281625324001642,0.0001485379642821874,0.9996042647823473,0.28102827902502747,0.354930920886585,0.7510468899625524,0.2475,0.04475,0.00625,4.044998742339748,0.3010756121472844,-3.743924760952143,0,-0.5512502377162443,0,5.016848723888073,0,9.203229036022915,0,,,,,
rxry_czbrick,d4,4,EARLY,0,0,RX,14,11000,4000,0,0,0,0,0,0,0,6.149954688461434e-05,5.7428722663848243e-05,1.7138775930832198e-05,1.5563949925410477e-05,0.00011892826954846258,4.201531968623614e-05,-4.446124900368695,3.579934656213259e-05,1.026338631206849,0.4870493695586707,0.49540294609359453,0.49713999816226434,0.10975,0.0115,0.00025,4.677632683578066,0.30104151439131543,-4.376592345363717,0,-0.31242701751765195,0,5.160155190552661,0,9.918791968976851,0,,,,,
rxry_czbrick,d4,4,MIDDLE,2,0,RX,14,11000,4000,0,0,0,0,0,0,0,5.972581268773804e-05,6.183500093561073e-05,1.5784394156538375e-05,1.6450277556703193e-05,0.00012156081362334877,4.1424656686090036e-05,-4.4522273869607085,3.529982993169772e-05,1.0194094779295337,0.45733362641744785,0.4728723502702039,0.5034822431302682,0.118,0.01325,0.00125,4.683783804420818,0.3010414888051631,-4.382741082183422,0,-0.3397668650300394,0,5.223279790106954,0,10.001808455381049,0,,,,,
rxry_czbrick,d4,4,LATE,3,0,RX,14,11000,4000,0,0,0,0,0,0,0,5.9409236247259026e-05,5.723484634933001e-05,1.64567043560313e-05,1.5890993714512035e-05,0.00011664408259658904,3.8287114707147495e-05,-4.49620334458271,3.1900438687585034e-05,1.0649127549761341,0.29659753642115205,0.362237121312785,0.7118324230754408,0.2315,0.03775,0.00525,4.717985931667316,0.30104008161684437,-4.416947427468374,0,-0.527832969815751,0,5.6407559791243855,0,10.441621553989602,0,,,,,
rxry_czbrick,d4,4,EARLY,0,0,RX,14,11001,4000,0,0,0,0,0,0,0,6.149551189061024e-05,6.422661350935521e-05,1.6429741914443958e-05,1.6925293385527378e-05,0.00012572212539996544,4.3284940332749174e-05,-4.422993547411259,3.775778007967556e-05,0.9935094212901787,0.49253578368730666,0.49775780775436906,0.48546835580774667,0.1,0.009,0.00175,4.664709211023659,0.30104185510210524,-4.363663177385682,0,-0.3075622125828863,0,5.152722082048827,0,9.900758905588493,0,,,,,
rxry_czbrick,d4,4,MIDDLE,2,0,RX,14,11001,4000,0,0,0,0,0,0,0,6.233552561669834e-05,6.074789134600929e-05,1.6393101007851718e-05,1.645244547434386e-05,0.00012308341696270765,4.1159245157248e-05,-4.440207766183799,3.629044000179172e-05,1.0071355283513395,0.45808393511905626,0.47277397063280374,0.5025348902728196,0.117,0.00825,0.00075,4.6865736738485735,0.30104141541368756,-4.38553286953684,0,-0.33905493987725377,0,5.228665933911227,0,9.96059420082316,0,,,,,
rxry_czbrick,d4,4,LATE,3,0,RX,14,11001,4000,0,0,0,0,0,0,0,6.15221961836722e-05,6.27741520868765e-05,1.7426374725796487e-05,1.7072442719033456e-05,0.00012429634827054872,3.958642900308864e-05,-4.471720104915799,3.3750475440437325e-05,1.0507830151477568,0.2793367235920974,0.35247331940727916,0.7488847706946873,0.24825,0.042,0.00625,4.703494865693497,0.3010400538462612,-4.402453826877442,0,-0.5538719676461419,0,5.67289966668862,0,10.49179830121816,0,,,,,
rxry_czbrick,d4,4,EARLY,0,0,RX,14,11002,4000,0,0,0,0,0,0,0,6.184120081221421e-05,6.229374878190289e-05,1.6203471373069972e-05,1.6395542629185984e-05,0.00012413494959411707,4.406165387019185e-05,-4.426853247406695,3.742370254667925e-05,1.016694533292548,0.5102416135316739,0.5063382560653757,0.4602234276378512,0.104,0.0095,0.00075,4.656982076957437,0.3010424807119767,-4.355939208974772,0,-0.29222412793652197,0,5.1211104137170445,0,9.866484998828192,0,,,,,
rxry_czbrick,d4,4,MIDDLE,2,0,RX,14,11002,4000,0,0,0,0,0,0,0,6.417084335446094e-05,6.188105057799957e-05,1.653502808593864e-05,1.7007334375274077e-05,0.00012605189393246052,4.3431970819709336e-05,-4.438583975755264,3.642638087267001e-05,1.031194846530072,0.459739409282508,0.4704184318455334,0.5122112027160812,0.11925,0.00925,0.00075,4.663232140949942,0.3010418986921328,-4.362190469177883,0,-0.3374882686192066,0,5.22598428710985,0,9.966812068662943,0,,,,,
rxry_czbrick,d4,4,LATE,3,0,RX,14,11002,4000,0,0,0,0,0,0,0,6.303590946225223e-05,6.085256099015744e-05,1.650771880550392e-05,1.648984297516243e-05,0.00012388847045240967,3.976273532822102e-05,-4.4766668220481876,3.336823058436932e-05,1.0887076512455875,0.29128228960793956,0.35778167032386166,0.7263141769742087,0.23725,0.04175,0.00425,4.701566369455504,0.30104005578997484,-4.400523770434361,0,-0.5356859409455741,0,5.646140875897748,0,10.416229851136876,0,,,,,
rxry_czbrick,d4,4,EARLY,0,0,RX,14,11003,4000,0,0,0,0,0,0,0,5.532524841086152e-05,5.89395800814997e-05,1.5052407331858463e-05,1.5145640917792034e-05,0.00011426482849236123,4.0500679788192664e-05,-4.456745889505048,3.493446611074728e-05,1.0230484481061035,0.5097340185280487,0.5055148944271387,0.48229330723848085,0.104,0.00925,0.00125,4.693577448902591,0.30104136383439073,-4.392538498010639,0,-0.2926563969011121,0,5.177172557511247,0,9.9396523924705,0,,,,,
rxry_czbrick,d4,4,MIDDLE,2,0,RX,14,11003,4000,0,0,0,0,0,0,0,5.928529462590258e-05,5.653706001117174e-05,1.5160403134424138e-05,1.609058873421182e-05,0.00011582235463707432,3.986227534312853e-05,-4.466080766584997,3.419158498485909e-05,1.0487591419777198,0.45791793737911346,0.4737597059285974,0.5010453624931541,0.11425,0.0115,0.00125,4.700480199390884,0.30104094741488874,-4.399437922426683,0,-0.33921245659105825,0,5.254150524036629,0,10.024583966628933,0,,,,,
rxry_czbrick,d4,4,LATE,3,0,RX,14,11003,4000,0,0,0,0,0,0,0,5.751514279136949e-05,5.606237267557553e-05,1.5147105210080705e-05,1.5362578671201166e-05,0.00011357751546694503,3.640941010328146e-05,-4.507913016565894,3.105181452579014e-05,1.1103112362748475,0.31209119796035945,0.37036447262260813,0.7259009326312758,0.223,0.03725,0.0045,4.739828174251047,0.30103943010444034,-4.438786448196143,0,-0.5057184817465601,0,5.619045030303662,0,10.458446202957479,0,,,,,
rxry_czbrick,d4,4,EARLY,0,0,RX,14,11004,4000,0,0,0,0,0,0,0,5.884291919079346e-05,6.096719820324636e-05,1.5737617032195448e-05,1.6010156388062647e-05,0.00011981011739403982,4.0907074222327184e-05,-4.445881281775157,3.581943393008678e-05,0.9767814570338493,0.489738407799416,0.4972664997402462,0.47513018467376783,0.09925,0.011,0.0015,4.689244899289246,0.30104148294652067,-4.388201955982672,0,-0.3100358423342885,0,5.164753889954676,0,9.898790664059685,0,,,,,
rxry_czbrick,d4,4,MIDDLE,2,0,RX,14,11004,4000,0,0,0,0,0,0,0,5.949874418307341e-05,6.3551156509494e-05,1.5718557842312827e-05,1.6274035745938914e-05,0.0001230499006925674,4.0277697809410726e-05,-4.458082416889816,3.482712166732385e-05,0.994184087651544,0.4507888877393965,0.4697868497639105,0.5039120205928164,0.12025,0.01375,0.001,4.695975996156519,0.3010410692863692,-4.394935367281082,0,-0.346026801122231,0,5.247041957361272,0,10.011172301737925,0,,,,,
rxry_czbrick,d4,4,LATE,3,0,RX,14,11004,4000,0,0,0,0,0,0,0,5.9295558339513554e-05,6.052941085462808e-05,1.57265453602302e-05,1.5997461679312157e-05,0.00011982496919414165,3.795626151789749e-05,-4.497639668402849,3.1795109982968496e-05,1.0248097922151755,0.31084263585240957,0.3691300269486769,0.7280381418808082,0.22925,0.03575,0.0045,4.721755212714765,0.30103968882687626,-4.420716710354285,0,-0.5074594755507921,0,5.653247865401484,0,10.494020488706212,0,,,,,
rxry_czbrick,d4,4,EARLY,0,0,RX,14,11005,4000,0,0,0,0,0,0,0,6.110495073878408e-05,6.193981927342662e-05,1.6679539702377604e-05,1.6534809999525896e-05,0.0001230447700122107,4.395729738416997e-05,-4.423248943662121,3.77355823291032e-05,1.0201171536862121,0.4883532696102658,0.4938934264683157,0.49236369986579376,0.10325,0.00925,0.0015,4.658013584459424,0.3010424720751055,-4.356969021351217,0,-0.3112659187337249,0,5.156963156602489,0,9.867010744570337,0,,,,,
rxry_czbrick,d4,4,MIDDLE,2,0,RX,14,11005,4000,0,0,0,0,0,0,0,6.171087250325811e-05,6.10062310733738e-05,1.6404774923590487e-05,1.6651191847416758e-05,0.00012271710357663192,4.203897370926051e-05,-4.442428963227591,3.610530655615777e-05,1.0243183270671516,0.4613969199857892,0.4719875130484676,0.5282504120805402,0.1145,0.01125,0.0015,4.6773900211835695,0.3010413456751726,-4.376347952603374,0,-0.3359253266939775,0,5.224286610448553,0,9.989922737427417,0,,,,,
rxry_czbrick,d4,4,LATE,3,0,RX,14,11005,4000,0,0,0,0,0,0,0,6.198468054282498e-05,6.195446078995963e-05,1.66418930534934e-05,1.6866400607960248e-05,0.0001239391413327846,3.918272049264786e-05,-4.478610931048333,3.3219192319569336e-05,1.0897497384668773,0.28841595919094687,0.36084394134275716,0.7488586791458391,0.242,0.035,0.0065,4.707948569948915,0.30104029186463377,-4.406905462291124,0,-0.5399809093855805,0,5.667217772267083,0,10.427508350888653,0,,,,,
rxry_czbrick,d4,4,EARLY,0,0,RX,14,11006,4000,0,0,0,0,0,0,0,5.640444608552205e-05,5.8602386931159434e-05,1.4552516355874437e-05,1.4327289065765695e-05,0.00011500683301668149,4.014396443549277e-05,-4.46089040416775,3.460266879343819e-05,1.0264597356092486,0.5093678527514833,0.501849602153425,0.4884053635969318,0.105,0.00875,0.001,4.69741988692391,0.3010412999915606,-4.396379740895318,0,-0.29296847635179957,0,5.167165498155998,0,9.943352301870416,0,,,,,
rxry_czbrick,d4,4,MIDDLE,2,0,RX,14,11006,4000,0,0,0,0,0,0,0,5.80522875497444e-05,5.73623593094004e-05,1.5051331376116927e-05,1.606458482049055e-05,0.00011541464685914481,4.059859793511928e-05,-4.474635995289183,3.352463087398321e-05,1.0411650932478196,0.4450656219386611,0.4653161931726296,0.5177096381059576,0.11525,0.012,0.00125,4.692532924035428,0.30104087274658076,-4.391488991020971,0,-0.3515759504915706,0,5.3063072416022266,0,10.07322948275598,0,,,,,
rxry_czbrick,d4,4,LATE,3,0,RX,14,11006,4000,0,0,0,0,0,0,0,5.721197450052477e-05,5.706169714500839e-05,1.5419300219506955e-05,1.536521735217769e-05,0.00011427367164553316,3.5629464073698314e-05,-4.5149105138390615,3.055550643038986e-05,1.0893104163557439,0.291036251999396,0.3581754477037239,0.7376137398490399,0.2405,0.0415,0.00525,4.74923199749043,0.30103907055395274,-4.4481907316196265,0,-0.5360529217252674,0,5.713985158309407,0,10.548110538185295,0,,,,,
rxry_czbrick,d4,4,EARLY,0,0,RX,14,11007,4000,0,0,0,0,0,0,0,5.80118971173504e-05,6.0743125679449464e-05,1.5245688693582825e-05,1.6594760329471845e-05,0.00011875502279679985,4.183924654877641e-05,-4.4431613147936675,3.60444734186931e-05,1.0172096844564544,0.4949057686827917,0.5008168000028435,0.4739225498492039,0.099,0.0125,0.00075,4.679463068701862,0.3010416821073978,-4.3784162085816245,0,-0.30547751190602823,0,5.153181626621594,0,9.916049991459037,0,,,,,
rxry_czbrick,d4,4,MIDDLE,2,0,RX,14,11007,4000,0,0,0,0,0,0,0,5.69251519250025e-05,5.8227893064020207e-05,1.5352779507000165e-05,1.6112600685695016e-05,0.00011515304498902271,4.005272686221766e-05,-4.457184878254188,3.4899171880614314e-05,1.0174059046347774,0.4577757365205371,0.47334973385438206,0.5250462503445589,0.115,0.0135,0.00125,4.698410914081878,0.3010410306278506,-4.397368020182647,0,-0.3393472309084202,0,5.247088908773062,0,10.033942106374875,0,,,,,
rxry_czbrick,d4,4,LATE,3,0,RX,14,11007,4000,0,0,0,0,0,0,0,5.8229628395145965e-05,5.9840968435554835e-05,1.5294385645829743e-05,1.6248751150873134e-05,0.0001180705968307008,3.631535386113522e-05,-4.496304304869454,3.189302366564606e-05,1.057083862559319,0.2919470157090673,0.36150142069398505,0.7475180363499335,0.24425,0.03775,0.0065,4.74094784155028,0.30103952118419564,-4.439909826404769,0,-0.5346960418034531,0,5.6625525829657555,0,10.483296444036352,0,,,,,
rxry_czbrick,d4,4,EARLY,0,0,RX,14,11008,4000,0,0,0,0,0,0,0,6.103524488546381e-05,5.980920893852977e-05,1.576751123817957e-05,1.515170834768625e-05,0.00012084445382399359,4.053553057140225e-05,-4.442051276347531,3.613671941634373e-05,1.0024002641928709,0.5128200765745838,0.508565597433069,0.46872482104894975,0.093,0.00575,0.0,4.693205340565109,0.3010415215950357,-4.392164229240404,0,-0.2900349815305855,0,5.130894284697293,0,9.877378979469635,0,,,,,
rxry_czbrick,d4,4,MIDDLE,2,0,RX,14,11008,4000,0,0,0,0,0,0,0,6.0152020454575516e-05,6.097083952247977e-05,1.6113016140491585e-05,1.6107072607221207e-05,0.00012112285997705529,3.9896183520166944e-05,-4.454880997106762,3.508479981466714e-05,1.0027645446283069,0.46643625683533574,0.4761525675079577,0.5105220397785032,0.11025,0.01,0.0015,4.70011019158675,0.30104108713237343,-4.399068647322647,0,-0.33120769864937055,0,5.211541863742627,0,9.967143763083772,0,,,,,
rxry_czbrick,d4,4,LATE,3,0,RX,14,11008,4000,0,0,0,0,0,0,0,5.9223457191151215e-05,5.95932586106691e-05,1.498392543690575e-05,1.606881681904679e-05,0.0001188167158018203,3.629841881415744e-05,-4.49924967965253,3.1677457750073776e-05,1.0467800375678298,0.3048648506268383,0.36786997862483506,0.7156203698708193,0.22975,0.0335,0.006,4.741153382966177,0.30103930229773734,-4.440112293560043,0,-0.5158927518162336,0,5.61841273787036,0,10.443585583860283,0,,,,,
rxry_czbrick,d4,4,EARLY,0,0,RX,14,11009,4000,0,0,0,0,0,0,0,6.217681571946067e-05,5.8595482454621376e-05,1.556329481910824e-05,1.5284190365023886e-05,0.00012077229817408204,3.983770216257846e-05,-4.4472333980072305,3.570808846062542e-05,0.9751271996859652,0.5072960196936884,0.5013078241997345,0.4764769801470521,0.103,0.00975,0.00175,4.700751237792079,0.3010412101575679,-4.3997059607929465,0,-0.2947385587230462,0,5.147876294411912,0,9.929282478224561,0,,,,,
rxry_czbrick,d4,4,MIDDLE,2,0,RX,14,11009,4000,0,0,0,0,0,0,0,5.673721523458664e-05,5.881773881836545e-05,1.5167500796031037e-05,1.4678260714769544e-05,0.00011555495405295208,3.807474003396521e-05,-4.479941236980249,3.311759288239698e-05,1.0124533561854516,0.4584838475510187,0.4729733022438454,0.5026692465012015,0.11325,0.01325,0.001,4.720401695444988,0.30104029425657464,-4.419363062629646,0,-0.3386759605725685,0,5.276865031525926,0,10.072364706077646,0,,,,,
rxry_czbrick,d4,4,LATE,3,0,RX,14,11009,4000,0,0,0,0,0,0,0,5.792670345300555e-05,5.849882178092232e-05,1.4872233048384578e-05,1.4526736076822849e-05,0.00011642552523392787,3.439832708669436e-05,-4.522330662715308,3.0037884102287274e-05,1.05449425538571,0.30052184050229214,0.36717690784740276,0.7470763429722258,0.23875,0.0365,0.00625,4.764502772453323,0.30103893153744554,-4.463462708175227,0,-0.5221240160850733,0,5.65377528038716,0,10.530188793293192,0,,,,,
rxry_czbrick,d4,4,EARLY,0,0,RX,16,11000,4000,0,0,0,0,0,0,0,1.5147206936525882e-05,1.5389861556266696e-05,3.273488504997831e-06,3.128158803910952e-06,3.0537068492792576e-05,8.240365264090654e-06,-5.140448066311805,7.2368893708576694e-06,1.1175508636597788,0.4989268408299944,0.49540920996889587,0.4732286920804729,0.104,0.01225,0.00075,5.385085930469593,0.30103231711013434,-5.084053610325649,0,-0.30196313254376544,0,5.904238187052648,0,11.338834537068234,0,,,,,
rxry_czbrick,d4,4,MIDDLE,2,0,RX,16,11000,4000,0,0,0,0,0,0,0,1.4388587237113639e-05,1.3985224582503577e-05,3.157949788004778e-06,3.172621659596045e-06,2.837381181961722e-05,8.013733885950118e-06,-5.160271354598324,6.913988381465231e-06,1.1084750131284071,0.4587896436357518,0.46812931437553224,0.5241722442822481,0.12325,0.0125,0.00075,5.39719763296417,0.3010321794733506,-5.096165091756786,0,-0.33838640373145956,0,5.986115145222741,0,11.448013610731191,0,,,,,
rxry_czbrick,d4,4,LATE,3,0,RX,16,11000,4000,0,0,0,0,0,0,0,1.4525953951201785e-05,1.457796883776143e-05,3.0625265554770885e-06,3.0328314289621456e-06,2.910392278896322e-05,7.074783201520038e-06,-5.203423604808769,6.2600297218385126e-06,1.1512330971153446,0.29926807286112184,0.36494164467764084,0.7406475622842108,0.2375,0.0425,0.00675,5.451318511411536,0.3010318140524961,-5.150286962887022,0,-0.523939631839899,0,6.353192900646112,0,11.896332089968727,0,,,,,
rxry_czbrick,d4,4,EARLY,0,0,RX,16,11001,4000,0,0,0,0,0,0,0,1.414129769991312e-05,1.4397882639195552e-05,3.29957136140038e-06,3.2814797033294742e-06,2.8539180339108673e-05,8.73313367148394e-06,-5.127028549963896,7.463996894360769e-06,1.0893726777054482,0.5005493257846723,0.49953951733542035,0.48110671245530096,0.1,0.01025,0.00125,5.359862121474118,0.3010324233930328,-5.058829892998164,0,-0.3005531449182184,0,5.837424871116459,0,11.28252410612927,0,,,,,
rxry_czbrick,d4,4,MIDDLE,2,0,RX,16,11001,4000,0,0,0,0,0,0,0,1.461243870481961e-05,1.391139449842863e-05,3.21430002742837e-06,3.191283226015069e-06,2.8523833203248242e-05,8.184850831822858e-06,-5.149866752112528,7.08163025811063e-06,1.0948113638444212,0.4575472469170318,0.47251725882852846,0.5247335489306173,0.115,0.0115,0.001,5.3880221422184205,0.30103222646775896,-5.0869893395881824,0,-0.3395640543438987,0,5.916726108905181,0,11.35971599144693,0,,,,,
rxry_czbrick,d4,4,LATE,3,0,RX,16,11001,4000,0,0,0,0,0,0,0,1.4130392315467685e-05,1.4161196612671421e-05,3.327538434264687e-06,3.325405616096536e-06,2.8291588928139106e-05,7.746837832580017e-06,-5.185106628964762,6.529702142391435e-06,1.135410545549978,0.28837662147368204,0.35683337681910016,0.7589619742908915,0.24825,0.0365,0.0045,5.411907419774266,0.30103200169602307,-5.110875666628849,0,-0.5400399541667615,0,6.412816509390284,0,11.880511311865732,0,,,,,
rxry_czbrick,d4,4,EARLY,0,0,RX,16,11002,4000,0,0,0,0,0,0,0,1.5062364043223466e-05,1.4850217821780824e-05,3.1309636918552287e-06,3.2528048759450876e-06,2.991258186500429e-05,8.632681803936669e-06,-5.138962858727187,7.261680573553664e-06,1.1227537150386242,0.49638638797097856,0.5022886186621265,0.4788421893255226,0.10025,0.00825,0.00075,5.3648870748309765,0.3010324365706909,-5.063854301174034,0,-0.30418013724996396,0,5.830303897122036,0,11.24444837585913,0,,,,,
rxry_czbrick,d4,4,MIDDLE,2,0,RX,16,11002,4000,0,0,0,0,0,0,0,1.4857446429435521e-05,1.518732008672346e-05,3.121499343534646e-06,3.4160816662458246e-06,3.0044766516158986e-05,8.571410093851232e-06,-5.151298494528053,7.058322626070724e-06,1.1374347675701406,0.4633095398269934,0.47851034964105804,0.4918759278612541,0.10975,0.013,0.001,5.367979821324173,0.3010324334225656,-5.066947743983901,0,-0.33412875837677125,0,5.888738907534879,0,11.32272553395935,0,,,,,
rxry_czbrick,d4,4,LATE,3,0,RX,16,11002,4000,0,0,0,0,0,0,0,1.5399212617466147e-05,1.5233435821185259e-05,3.318039267120422e-06,3.3234151171881014e-06,3.063264843865141e-05,7.720626508313111e-06,-5.193484122230151,6.404951975920228e-06,1.1566782559963906,0.2899298072905566,0.3595119524685472,0.7369976635345196,0.2385,0.03575,0.00525,5.413379216273342,0.30103197878039456,-5.112347543714492,0,-0.5377072078518951,0,6.406808004524315,0,11.89833194872319,0,,,,,
rxry_czbrick,d4,4,EARLY,0,0,RX,16,11003,4000,0,0,0,0,0,0,0,1.4801248619564141e-05,1.5082719531749414e-05,3.3384618686265956e-06,3.4658787989203446e-06,2.9883968151313555e-05,9.054419481580472e-06,-5.105632562186403,7.840927492413416e-06,1.0733644326145972,0.49418109076717054,0.4953169355541715,0.4729391339740048,0.10825,0.00975,0.00125,5.344172046969273,0.30103250568379547,-5.04313941328582,0,-0.3061138782160141,0,5.840090790051033,0,11.234440956788557,0,,,,,
rxry_czbrick,d4,4,MIDDLE,2,0,RX,16,11003,4000,0,0,0,0,0,0,0,1.658276461182452e-05,1.4875371401512613e-05,3.47949850248766e-06,3.309824362711218e-06,3.145813601333713e-05,8.936550062081205e-06,-5.116657668967196,7.644381116933893e-06,1.0972085161816079,0.44168923963085566,0.46498805925137626,0.5315976161885978,0.1185,0.01175,0.00125,5.349862058957411,0.30103243703359395,-5.04883010775835,0,-0.3548832294967239,0,5.91993877254256,0,11.348154563419072,0,,,,,
rxry_czbrick,d4,4,LATE,3,0,RX,16,11003,4000,0,0,0,0,0,0,0,1.5650353779997926e-05,1.5295656637683228e-05,3.413516079243501e-06,3.4167251604948752e-06,3.0946010417681154e-05,8.213168577674824e-06,-5.154892882741269,7.000146309423696e-06,1.137569610191525,0.28919301891703647,0.3619170642600014,0.7626269034374847,0.24875,0.04275,0.00825,5.386521811330484,0.30103208502787604,-5.085489292817716,0,-0.5388122580749367,0,6.339215149131197,0,11.872222705103558,0,,,,,
rxry_czbrick,d4,4,EARLY,0,0,RX,16,11004,4000,0,0,0,0,0,0,0,1.7285832642956815e-05,1.6826910340898158e-05,3.37421055788225e-06,3.3631709635838895e-06,3.411274298385497e-05,8.861608279265392e-06,-5.118981566688613,7.603585491173379e-06,1.0969838516519488,0.5054161379967135,0.5041248225522794,0.47122537685065313,0.0965,0.0095,0.0005,5.353520312149459,0.3010324872057697,-5.052487457225947,0,-0.296350907617199,0,5.815591717184205,0,11.223095803479941,0,,,,,
rxry_czbrick,d4,4,MIDDLE,2,0,RX,16,11004,4000,0,0,0,0,0,0,0,1.6249552603380162e-05,1.667978367975856e-05,3.569545751533045e-06,3.5744396696480664e-06,3.292933628313872e-05,8.889451580543717e-06,-5.129600593675934,7.419923134936554e-06,1.1238948683730943,0.4487180598654221,0.46672993998931817,0.5213626098802192,0.1185,0.01225,0.00125,5.352158110972926,0.3010324590019957,-5.05112504209548,0,-0.348026546961856,0,5.905801475683167,0,11.30721845641505,0,,,,,
rxry_czbrick,d4,4,LATE,3,0,RX,16,11004,4000,0,0,0,0,0,0,0,1.6663561260317142e-05,1.613185200858816e-05,3.345635576391016e-06,3.3315192482758275e-06,3.2795413268905303e-05,7.795751767102028e-06,-5.176088928500175,6.6667024421117645e-06,1.173942474377525,0.3016384156031459,0.36833990824795954,0.738431959253007,0.2355,0.037,0.00775,5.409173791366542,0.3010320316158981,-5.108142102046875,0,-0.5205134651057008,0,6.31014429206076,0,11.832155556938186,0,,,,,
rxry_czbrick,d4,4,EARLY,0,0,RX,16,11005,4000,0,0,0,0,0,0,0,1.3863396652013927e-05,1.4780688819343982e-05,3.1406226277112536e-06,2.982666085421749e-06,2.8644085471357912e-05,7.916010525568024e-06,-5.141047008623413,7.226915742528071e-06,1.1121070917791895,0.5114344335215646,0.5055674162420927,0.47054891319580056,0.0955,0.01,0.001,5.402526171716444,0.30103230240762,-5.101493766744781,0,-0.2912100659567699,0,5.834558907667812,0,11.271585906252056,0,,,,,
rxry_czbrick,d4,4,MIDDLE,2,0,RX,16,11005,4000,0,0,0,0,0,0,0,1.4101693572779915e-05,1.445153804367996e-05,2.9957595264579027e-06,3.111221819538268e-06,2.8553231616459874e-05,7.972778324195544e-06,-5.155135553901617,6.996235923302936e-06,1.1209257307280822,0.4719467262747103,0.48276420342457416,0.49915758576357977,0.11125,0.00925,0.001,5.399424498600636,0.3010321919450383,-5.09839163176187,0,-0.32610702226278676,0,5.936676907496396,0,11.396718174725551,0,,,,,
rxry_czbrick,d4,4,LATE,3,0,RX,16,11005,4000,0,0,0,0,0,0,0,1.4206503786084063e-05,1.3910536281191993e-05,3.0319510384022513e-06,3.096148936324576e-06,2.8117040067276054e-05,6.972319904241512e-06,-5.205435223793107,6.231100790667571e-06,1.1720708038688814,0.3073743589069272,0.3674151714453262,0.7250130063421556,0.23275,0.03125,0.00475,5.457654875827489,0.30103176695328226,-5.1566227098866175,0,-0.5123323731068659,0,6.335251520832513,0,11.860845802852861,0,,,,,
rxry_czbrick,d4,4,EARLY,0,0,RX,16,11006,4000,0,0,0,0,0,0,0,1.6520467565608072e-05,1.598537826468071e-05,3.66533771589081e-06,3.49267091840776e-06,3.250584583028877e-05,9.292962244103715e-06,-5.089761201254425,8.13277577523775e-06,1.0868625527656723,0.49000896978602554,0.49580150896273345,0.49741143902004503,0.105,0.01275,0.00125,5.332878911676624,0.3010325438295829,-5.031845884242157,0,-0.30979601019327013,0,5.825805700510783,0,11.22219242285278,0,,,,,
rxry_czbrick,d4,4,MIDDLE,2,0,RX,16,11006,4000,0,0,0,0,0,0,0,1.6653102825373024e-05,1.5973138517626606e-05,3.6686972139147508e-06,3.5777396753192523e-06,3.262624134299963e-05,9.153034501705468e-06,-5.104778042977112,7.856370514270797e-06,1.0953271729192293,0.45043201252977577,0.46384508154003073,0.508210629173231,0.112,0.01075,0.001,5.339468262493284,0.30103249891227835,-5.038434905637042,0,-0.3463707552709233,0,5.909321939938545,0,11.276305957757673,0,,,,,
rxry_czbrick,d4,4,LATE,3,0,RX,16,11006,4000,0,0,0,0,0,0,0,1.6250891816293003e-05,1.603658186206177e-05,3.698577940202653e-06,3.5513806108473122e-06,3.228747367835477e-05,8.26332158250428e-06,-5.14503048116334,7.160931491132254e-06,1.1048376068135948,0.29218570149232614,0.35864487140687207,0.7286538922174246,0.23825,0.0365,0.003,5.383877226556486,0.30103212537702895,-5.082845392982467,0,-0.5343410406793302,0,6.3176447341113935,0,11.762076923398205,0,,,,,
rxry_czbrick,d4,4,EARLY,0,0,RX,16,11007,4000,0,0,0,0,0,0,0,1.6314586705691436e-05,1.537251994355612e-05,3.299494748128422e-06,3.319340830045161e-06,3.1687106649247556e-05,8.745006099610483e-06,-5.104663974078921,7.858434287278965e-06,1.0765784996708856,0.5077115396594732,0.5030371675537884,0.47776337201010494,0.10275,0.00925,0.0015,5.359271865690133,0.30103245144363777,-5.058239883974094,0,-0.2943829657507494,0,5.82593696364464,0,11.248216968033866,0,,,,,
rxry_czbrick,d4,4,MIDDLE,2,0,RX,16,11007,4000,0,0,0,0,0,0,0,1.6100784139529396e-05,1.5712918317478468e-05,3.448182839683052e-06,3.3486272220356655e-06,3.181370245700786e-05,8.63515246421824e-06,-5.123067716109923,7.532381081054096e-06,1.1370536968063671,0.44836036401204427,0.46731787619032816,0.5263606172704657,0.11475,0.01275,0.00125,5.364762445328088,0.30103240303608336,-5.0637299916273655,0,-0.34837278719763376,0,5.939968762453291,0,11.360168068988822,0,,,,,
rxry_czbrick,d4,4,LATE,3,0,RX,16,11007,4000,0,0,0,0,0,0,0,1.5265262067316e-05,1.62350727029866e-05,3.178422456535067e-06,3.378173831040028e-06,3.15003347703026e-05,7.617792797820253e-06,-5.170116768924145,6.7590122113799395e-06,1.1611490808585616,0.304951896247742,0.369334308209767,0.7220231612673031,0.22975,0.03875,0.00425,5.419202612327744,0.3010320004962139,-5.118170846806261,0,-0.5157687171100042,0,6.3292566604769664,0,11.806895965103838,0,,,,,
rxry_czbrick,d4,4,EARLY,0,0,RX,16,11008,4000,0,0,0,0,0,0,0,1.58405602131096e-05,1.4826824609022961e-05,3.2312685558715866e-06,3.212630468324763e-06,3.066738482213256e-05,8.435778433889247e-06,-5.128433677111003,7.439886717896033e-06,1.084065523795898,0.504090573794284,0.5052617095122126,0.45707330366939436,0.097,0.00925,0.00225,5.374907552529994,0.30103238036299684,-5.07387484881521,0,-0.2974914240170471,0,5.849292576895607,0,11.266986404168588,0,,,,,
rxry_czbrick,d4,4,MIDDLE,2,0,RX,16,11008,4000,0,0,0,0,0,0,0,1.5513435005382774e-05,1.6718446164751488e-05,3.3680400460692665e-06,3.257194603789643e-06,3.223188117013426e-05,8.135014156571991e-06,-5.142076838697869,7.209799066241098e-06,1.098389568638786,0.46233277211565427,0.4753770109849402,0.5153031073804824,0.1145,0.01025,0.00125,5.390674245293555,0.3010323052979884,-5.089641699021077,0,-0.33504533197850095,0,5.92996856317216,0,11.374668991969722,0,,,,,
rxry_czbrick,d4,4,LATE,3,0,RX,16,11008,4000,0,0,0,0,0,0,0,1.612666964299748e-05,1.6185768316987324e-05,3.3772559380180535e-06,3.361428067601772e-06,3.2312437959984805e-05,7.811485941389592e-06,-5.177856982646898,6.639616833774155e-06,1.135515431176266,0.29467311854859246,0.3645147778591381,0.7456285002005828,0.23675,0.042,0.00425,5.4082982495857745,0.3010320041247252,-5.107266354348857,0,-0.5306594908180321,0,6.352989712773034,0,11.853119390342044,0,,,,,
rxry_czbrick,d4,4,EARLY,0,0,RX,16,11009,4000,0,0,0,0,0,0,0,1.6195418264264356e-05,1.5326176602656115e-05,3.3307393553533003e-06,3.3583978903183744e-06,3.152159486692047e-05,8.930756366769202e-06,-5.112557015426748,7.716901992291895e-06,1.0964149125036515,0.5045949964010656,0.5001532023139555,0.47041685063774985,0.10275,0.01175,0.00025,5.350143847160764,0.3010325380357002,-5.049111835084486,0,-0.2970570624891346,0,5.850670309867846,0,11.25902935052535,0,,,,,
rxry_czbrick,d4,4,MIDDLE,2,0,RX,16,11009,4000,0,0,0,0,0,0,0,1.572690789761799e-05,1.543601788704958e-05,3.336238453594706e-06,3.117680428505397e-06,3.116292578466757e-05,8.172097653562744e-06,-5.133580475812238,7.352237441234943e-06,1.1218722536737475,0.44877711546364474,0.4671951078440902,0.5257476688943503,0.12025,0.0105,0.0015,5.388698730422684,0.3010322893205313,-5.087666457053007,0,-0.3479693246326736,0,5.943150603312142,0,11.393238243222779,0,,,,,
rxry_czbrick,d4,4,LATE,3,0,RX,16,11009,4000,0,0,0,0,0,0,0,1.6069442059184266e-05,1.588776202795432e-05,3.2042820386911304e-06,3.287819260131309e-06,3.195720408713858e-05,7.606159382657472e-06,-5.176603533936342,6.658807592663986e-06,1.12791867573634,0.29502506350316027,0.3651432385504644,0.7427363374282316,0.23875,0.0375,0.0075,5.41986695358824,0.3010319446497851,-5.118834583080837,0,-0.5301411013416656,0,6.352726538172841,0,11.853164681642797,0,,,,,
rxry_czbrick,dn,4,EARLY,0,0,RX,4,11000,4000,0,0,0,0,0,0,0,0.06346158686618354,0.060614503275312134,0.04284257952329411,0.040368394950590816,0.12407609014149569,0.1048545201898731,-1.044714118835136,0.09021648063441406,0.4905627954750903,0.5002633945864061,0.49895365679718406,0.4984371682846822,0.10075,0.00925,0.00075,1.3110657577565148,0.3298590859864446,-0.979412865734741,0,-0.30080127450212524,0,1.6743192804454898,0,3.058198744255507,0,,,,,
rxry_czbrick,dn,4,MIDDLE,2,0,RX,4,11000,4000,0,0,0,0,0,0,0,0.06337913719024826,0.0625027832262366,0.04264953211642989,0.04165144018758144,0.12588192041648485,0.1019054319708534,-1.0563643122180508,0.08782854492971331,0.5281487921868298,0.44138792358696366,0.4647987930026899,0.5138871566110458,0.11675,0.00975,0.00125,1.3229837972341953,0.3283313796630216,-0.9918026722754849,0,-0.3551795559215575,0,1.78769873358155,0,3.1884435200360537,0,,,,,
rxry_czbrick,dn,4,LATE,3,0,RX,4,11000,4000,0,0,0,0,0,0,0,0.06187757184210379,0.06263927113386446,0.04050296203527949,0.04203490856728467,0.12451684297596824,0.09216691554993411,-1.1002727260764873,0.07938295730424397,0.606498813997347,0.2975518967967371,0.3593752650970537,0.7141425079531254,0.2325,0.03925,0.005,1.3610404517432304,0.32478713363743683,-1.0354249463726133,0,-0.5264373533110658,0,2.1722188601072956,0,3.6338513435148663,0,,,,,
rxry_czbrick,dn,4,EARLY,0,0,RX,4,11001,4000,0,0,0,0,0,0,0,0.062205324734034034,0.06194572833317131,0.04236804904512671,0.041283252248849586,0.12415105306720534,0.10409061321580185,-1.0416684770912175,0.09085137883618086,0.4870843179901392,0.4994359156346866,0.49722679158126654,0.47436238680876963,0.09875,0.01025,0.001,1.313503838107076,0.3296926354046636,-0.9825884627586288,0,-0.3015202541576851,0,1.6605287979114167,0,3.062161168122396,0,,,,,
rxry_czbrick,dn,4,MIDDLE,2,0,RX,4,11001,4000,0,0,0,0,0,0,0,0.061759974082309696,0.06243619807217331,0.04214863069680401,0.04130510131960266,0.124196172154483,0.10102733971987324,-1.0566312094818568,0.08777458615786504,0.5160753065291352,0.4632850328099794,0.4771959006676126,0.4918936829589897,0.11375,0.0095,0.00175,1.326375937712275,0.32829764453855276,-0.9955610828725732,0,-0.3341517326706811,0,1.7511629601266165,0,3.148684037566171,0,,,,,
rxry_czbrick,dn,4,LATE,3,0,RX,4,11001,4000,0,0,0,0,0,0,0,0.06228146153529195,0.0630298582454019,0.041931604389302136,0.042769029589355696,0.12531131978069385,0.09520606065887932,-1.0907538469339038,0.08114208314433972,0.5988337348969732,0.29780569091316145,0.3673178979071613,0.7163097105407132,0.22925,0.03425,0.00625,1.3449653558770183,0.3250831797817975,-1.0213354042739002,0,-0.526067020857365,0,2.1536190929158305,0,3.584150404266487,0,,,,,
rxry_czbrick,dn,4,EARLY,0,0,RX,4,11002,4000,0,0,0,0,0,0,0,0.06331147902072111,0.0639688119573542,0.04277972617190198,0.042521614471988475,0.1272802909780753,0.10839966449173197,-1.0297327739625737,0.09338287188496427,0.4906809898462622,0.5092167041558955,0.5065662742844284,0.49055292138461837,0.102,0.0115,0.00125,1.2969676365260963,0.3309453852958006,-0.9649720691635291,0,-0.29309736803383507,0,1.6252965302828613,0,3.0167958978142213,0,,,,,
rxry_czbrick,dn,4,MIDDLE,2,0,RX,4,11002,4000,0,0,0,0,0,0,0,0.0625572636698997,0.06506485130494612,0.042202763944443764,0.0446152444054525,0.1276221149748458,0.10441913045497112,-1.0423774222433213,0.0907031934336094,0.5078735305143376,0.44194901370908035,0.46006982834300447,0.527340832803675,0.12625,0.01425,0.0015,1.312171334062847,0.3294500031347286,-0.9812199545963325,0,-0.35462783851652324,0,1.7568635063019074,0,3.137835391849128,0,,,,,
rxry_czbrick,dn,4,LATE,3,0,RX,4,11002,4000,0,0,0,0,0,0,0,0.06307595723516399,0.06303474075868312,0.04351220927860962,0.044131509076094796,0.1261106979938471,0.09834456974917798,-1.0832059016996807,0.08256464126991736,0.5677511744244129,0.29657792445828873,0.3585939268874632,0.7359099006283499,0.23775,0.04475,0.00475,1.33325324841497,0.3254453180627163,-1.007249677639133,0,-0.527861178483332,0,2.1624887568807036,0,3.599714452955424,0,,,,,
rxry_czbrick,dn,4,EARLY,0,0,RX,4,11003,4000,0,0,0,0,0,0,0,0.0628387324145222,0.06142405813181983,0.041756584536313854,0.04052855312444607,0.12426279054634205,0.10267692711221851,-1.04950659725443,0.08922640653337129,0.511159589019491,0.495869035615094,0.4966622197189026,0.47222029483833494,0.09775,0.01225,0.0015,1.319121192482789,0.3293309193525897,-0.9885271415807553,0,-0.3046332971210346,0,1.6793269049715551,0,3.066755433185193,0,,,,,
rxry_czbrick,dn,4,MIDDLE,2,0,RX,4,11003,4000,0,0,0,0,0,0,0,0.06242792379498842,0.06312834139254493,0.04149168779813539,0.04290819308088877,0.12555626518753335,0.10253781979358914,-1.0555439227311034,0.0879946113110045,0.5300338809365946,0.4491156234445913,0.4652017251100941,0.5106476627647458,0.1145,0.01175,0.00225,1.3189791504510109,0.32831816891553456,-0.9891159479874796,0,-0.3476418403853647,0,1.781566344807388,0,3.1753575270988668,0,,,,,
rxry_czbrick,dn,4,LATE,3,0,RX,4,11003,4000,0,0,0,0,0,0,0,0.06194333509314981,0.0628305316669752,0.04104024958171602,0.04331548396569945,0.12477386676012503,0.09301528603541118,-1.0980646613110048,0.07978758841430802,0.5920218898564718,0.29702111651336427,0.36047253102532784,0.721560741510072,0.234,0.03675,0.00575,1.3552255110242162,0.32470984283509796,-1.031445674128367,0,-0.5272127272696789,0,2.179083886990811,0,3.623314513505939,0,,,,,
rxry_czbrick,dn,4,EARLY,0,0,RX,4,11004,4000,0,0,0,0,0,0,0,0.06364315617680968,0.06366705209562394,0.04330069302590177,0.0429819624692778,0.1273102082724336,0.10593988260761505,-1.0367028196687662,0.09189612109188362,0.5002260855594997,0.49940309322987064,0.49786789333237985,0.4746390646241103,0.0995,0.00875,0.001,1.307330808638135,0.33011634701889453,-0.9749405136383397,0,-0.30154877252463275,0,1.668309116869442,0,3.064969090840836,0,,,,,
rxry_czbrick,dn,4,MIDDLE,2,0,RX,4,11004,4000,0,0,0,0,0,0,0,0.0632194382602743,0.06377424506128981,0.04137228329193214,0.04229252032169148,0.12699368332156413,0.10181287061828646,-1.050863114031557,0.0889481430746263,0.5498318758240226,0.4490336069615235,0.46765370940573187,0.5005175205268004,0.11975,0.016,0.00075,1.3220625953033494,0.3289163418697938,-0.9921973706382304,0,-0.3477211549288547,0,1.7631461334604996,0,3.1640981052525072,0,,,,,
rxry_czbrick,dn,4,LATE,3,0,RX,4,11004,4000,0,0,0,0,0,0,0,0.06453139157605883,0.06312912245423893,0.04106751804604232,0.04250427170819162,0.12766051403029777,0.09267027091390817,-1.0898884730330078,0.08130392781141577,0.6070155760311285,0.29226226489569873,0.3606805948565701,0.732351817869612,0.2395,0.034,0.00325,1.359837517445289,0.3247155224390277,-1.0330595785215004,0,-0.5342272634582739,0,2.1943207038972603,0,3.6180905887482586,0,,,,,
rxry_czbrick,dn,4,EARLY,0,0,RX,4,11005,4000,0,0,0,0,0,0,0,0.06204984645490263,0.06317657158929113,0.04143015007091324,0.04259871367687167,0.12522641804419374,0.10526583882419752,-1.0387764865484646,0.09145838189237884,0.48408222912613563,0.49815006024070146,0.49912045663974763,0.46372014033923964,0.09875,0.01225,0.00025,1.3092638860183003,0.33005034255790744,-0.9777125455070027,0,-0.3026398130626061,0,1.6639234009832902,0,3.016080306662866,0,,,,,
rxry_czbrick,dn,4,MIDDLE,2,0,RX,4,11005,4000,0,0,0,0,0,0,0,0.060963594884203914,0.06376862066541701,0.041818052995896624,0.043925596618580726,0.12473221554962094,0.10098149785174237,-1.0589118991397042,0.08731484770856066,0.523356218234806,0.43769288292830383,0.46039800306899736,0.5093256416833205,0.1175,0.01225,0.00075,1.3253976106047993,0.32840205289017277,-0.9957581976697665,0,-0.35883051603876936,0,1.7880151215931392,0,3.161046341398423,0,,,,,
rxry_czbrick,dn,4,LATE,3,0,RX,4,11005,4000,0,0,0,0,0,0,0,0.06413810607118088,0.06266304895655124,0.04428311089490595,0.041499697214067995,0.12680115502773212,0.09782663952620327,-1.0907815304303048,0.08113691102019747,0.5936085889914043,0.2877880876363264,0.360861986804439,0.7485178552947372,0.243,0.03775,0.00475,1.3367229096508044,0.32541934588196836,-1.0095428934638948,0,-0.5409272656542845,0,2.2125173568040104,0,3.6265095487009167,0,,,,,
rxry_czbrick,dn,4,EARLY,0,0,RX,4,11006,4000,0,0,0,0,0,0,0,0.0621781201999008,0.06044685342000334,0.04325876797201124,0.03894090811537551,0.12262497361990413,0.1025547130659219,-1.0523593798369206,0.0886422191743404,0.5081243361141751,0.49576785597888173,0.49893332539979823,0.47369819337945723,0.0925,0.007,0.00025,1.3182602562262273,0.329031879577912,-0.989044379719073,0,-0.3047216740593495,0,1.6822416187761617,0,3.086864251545375,0,,,,,
rxry_czbrick,dn,4,MIDDLE,2,0,RX,4,11006,4000,0,0,0,0,0,0,0,0.06163976381908165,0.06079703805120019,0.04029361358414699,0.03988039267891987,0.12243680187028184,0.0974430204104804,-1.0708085883103458,0.08495548267753764,0.5258244345017903,0.45688366228308375,0.4721295874843667,0.537425616631747,0.11275,0.013,0.00125,1.3401693434134678,0.3275182821951072,-1.011249266934334,0,-0.3401943718498559,0,1.7837836586467533,0,3.212175916668512,0,,,,,
rxry_czbrick,dn,4,LATE,3,0,RX,4,11006,4000,0,0,0,0,0,0,0,0.06113009356521343,0.06188119291877319,0.03971545978020249,0.04092963794762203,0.12301128648398663,0.09249641517110074,-1.1077248108176543,0.07803244037374686,0.5992977765342218,0.2931586276566963,0.3566441253834435,0.7294444176051365,0.23875,0.04525,0.00675,1.3578019249396511,0.32444951701981894,-1.0338751038041734,0,-0.5328973304906685,0,2.215749442042802,0,3.6830572863970534,0,,,,,
rxry_czbrick,dn,4,EARLY,0,0,RX,4,11007,4000,0,0,0,0,0,0,0,0.061813792625394305,0.06312227091196912,0.0422556970191897,0.041986774396545676,0.12493606353736342,0.10311291076321083,-1.0449738998177514,0.09016253217576863,0.51010703028162,0.485524899600803,0.4959005375273872,0.4944548547635023,0.10775,0.01075,0.0005,1.3167554761848983,0.3298324191981195,-0.9866869536550733,0,-0.3137885714789737,0,1.6911411507757383,0,3.0761944266503813,0,,,,,
rxry_czbrick,dn,4,MIDDLE,2,0,RX,4,11007,4000,0,0,0,0,0,0,0,0.06282625675534823,0.06264367175045789,0.042474820536701,0.042597392733374,0.1254699285058061,0.09969388257400082,-1.0609063017838907,0.08691479260868112,0.5418572451460023,0.44934464745637925,0.4676166477340791,0.5265775850048534,0.12325,0.01225,0.0005,1.3296885770437443,0.3279345649559248,-1.0013317626509144,0,-0.3474204293808436,0,1.7780000890738106,0,3.1781074143105514,0,,,,,
rxry_czbrick,dn,4,LATE,3,0,RX,4,11007,4000,0,0,0,0,0,0,0,0.06325285085698211,0.06432441199735547,0.04249265016379718,0.04233482328111905,0.12757726285433757,0.09622693211620405,-1.090041426780916,0.08127529850252989,0.6175510752160612,0.2935175386538219,0.3614559858365594,0.7259051059972413,0.2355,0.036,0.00675,1.3429575869380006,0.32544805928208614,-1.0167033817354354,0,-0.5323659449168905,0,2.1729429330726076,0,3.6234814496383336,0,,,,,
rxry_czbrick,dn,4,EARLY,0,0,RX,4,11008,4000,0,0,0,0,0,0,0,0.06284188747240158,0.06248002326235878,0.04394315794474701,0.04090886557881844,0.12532191073476037,0.1054030353064441,-1.0390141409894127,0.09140834776676639,0.4961535303088902,0.5057841710699971,0.5031644303408976,0.48678898478557076,0.09775,0.01175,0.00075,1.3080230406265927,0.3301133737466228,-0.9771470350381146,0,-0.2960347667563714,0,1.669572036518102,0,3.0716163934615643,0,,,,,
rxry_czbrick,dn,4,MIDDLE,2,0,RX,4,11008,4000,0,0,0,0,0,0,0,0.06340383022815259,0.06365085376669231,0.04276946139328424,0.04373228537225851,0.12705468399484487,0.10368918005216185,-1.0482063997946571,0.08949393417777424,0.5389969110395041,0.44569904072386846,0.4647831254248915,0.5117378620370983,0.12125,0.015,0.00125,1.3148174306517455,0.32885007873785493,-0.9842665603164724,0,-0.35095840231043063,0,1.7692648242155231,0,3.1812473750770454,0,,,,,
rxry_czbrick,dn,4,LATE,3,0,RX,4,11008,4000,0,0,0,0,0,0,0,0.06188150675723503,0.061021909089819186,0.040794926940092485,0.04069073748935182,0.1229034158470542,0.09317652547092553,-1.0978880487123275,0.0798200418751972,0.5871654840859848,0.311092372739166,0.3710543874208123,0.7209952167271227,0.22925,0.034,0.00475,1.357936229668469,0.3250604958245714,-1.0306934884680339,0,-0.5071106366508058,0,2.146651536318578,0,3.601073192092558,0,,,,,
rxry_czbrick,dn,4,EARLY,0,0,RX,4,11009,4000,0,0,0,0,0,0,0,0.06270682723875,0.06119572686860731,0.041838065541731306,0.03960703924560397,0.12390255410735729,0.10376784329694885,-1.0465063180029452,0.08984495220661025,0.5032644587479921,0.5118445204429865,0.5054481694139321,0.4677911722927072,0.09325,0.00775,0.00125,1.3152166113766264,0.3295036415187164,-0.9839372238487625,0,-0.2908619451184219,0,1.6581439010176449,0,3.047171571632532,0,,,,,
rxry_czbrick,dn,4,MIDDLE,2,0,RX,4,11009,4000,0,0,0,0,0,0,0,0.06207699922876533,0.06173255069540416,0.04184742734557505,0.043115903335232485,0.12380954992416948,0.10118054466160337,-1.0585568612654292,0.08738625721070056,0.5201394597796931,0.4513228573748683,0.4712982930088623,0.5127342333174285,0.117,0.014,0.001,1.3247024318563256,0.32835238989539933,-0.9949029904142155,0,-0.34551286798329234,0,1.7585152322796154,0,3.142764364241767,0,,,,,
rxry_czbrick,dn,4,LATE,3,0,RX,4,11009,4000,0,0,0,0,0,0,0,0.062382762705478045,0.061624118286731304,0.0413331740858662,0.04307966660262114,0.12400688099220934,0.09431719000934288,-1.1002897613325204,0.07937984355876297,0.6061547001886121,0.30483687690721306,0.36559932387505384,0.7177109411481919,0.22925,0.04275,0.00625,1.3502204035995087,0.3248948323179923,-1.0254091522836983,0,-0.5159324964270062,0,2.1498720028069966,0,3.6256558990655314,0,,,,,
rxry_czbrick,dn,6,EARLY,0,0,RX,6,11000,4000,0,0,0,0,0,0,0,0.01593653363620382,0.015512553854262047,0.00976462611260534,0.009701476739247662,0.03144908749046587,0.024392315954511336,-1.6617196345607026,0.021791160800574128,0.5449774725599119,0.5012890744951137,0.49671113177580345,0.492295866988539,0.1005,0.008,0.00025,1.920848997864884,0.3077434328290778,-1.61274724463329,0,-0.29991180110131144,0,2.3375975357594982,0,4.3370875731693594,0,,,,,
rxry_czbrick,dn,6,MIDDLE,3,0,RX,6,11000,4000,0,0,0,0,0,0,0,0.015275635228775017,0.01575713416518018,0.009427476462388678,0.009962279936460317,0.0310327693939552,0.02309189348469441,-1.6803163826183762,0.020877746372783827,0.5524297130113189,0.44958083248617187,0.46859083150573577,0.5114613828234406,0.11375,0.008,0.001,1.9442318438577053,0.3072929194374928,-1.636540496434041,0,-0.34719221293924163,0,2.4210875136678487,0,4.454556248699353,0,,,,,
rxry_czbrick,dn,6,LATE,5,0,RX,6,11000,4000,0,0,0,0,0,0,0,0.015704522471839292,0.015575034208549688,0.009857698051145686,0.009728870631894492,0.03127955668038898,0.021744177965768677,-1.7154915980908296,0.01925344292641414,0.6160632485591633,0.2896261633656664,0.3593251887901217,0.7360496840847581,0.24175,0.037,0.005,1.9692554325143914,0.30654182675661923,-1.6626574147591597,0,-0.5381622531739292,0,2.821661738902954,0,4.889935336308341,0,,,,,
rxry_czbrick,dn,6,EARLY,0,0,RX,6,11001,4000,0,0,0,0,0,0,0,0.015416010904135956,0.015802711919170702,0.009518810763694974,0.010022303176262827,0.031218722823306653,0.024146216414391235,-1.6632681841245724,0.02171359913624716,0.5178127459117317,0.5058169668107086,0.5022873195351828,0.4597718649812697,0.09375,0.00925,0.00075,1.9253379337777816,0.3078357919634246,-1.617150925884786,0,-0.2960066183980845,0,2.302537586595172,0,4.311558772931038,0,,,,,
rxry_czbrick,dn,6,MIDDLE,3,0,RX,6,11001,4000,0,0,0,0,0,0,0,0.015641654091516858,0.015644218727460493,0.009686503218510382,0.00971081142416245,0.031285872818977344,0.02340567708823149,-1.672792748030722,0.02124257948538815,0.5395831090463199,0.46590740368941674,0.4763797977468363,0.5055935540153531,0.10975,0.01425,0.00225,1.9379468603423458,0.3074166099812916,-1.63067885764567,0,-0.3317003979810593,0,2.391947265674348,0,4.394042858531311,0,,,,,
rxry_czbrick,dn,6,LATE,5,0,RX,6,11001,4000,0,0,0,0,0,0,0,0.015471750728552086,0.015249965376868065,0.009698404118851124,0.009412240905996981,0.03072171610542015,0.021263518255647453,-1.7245472127533976,0.018856139706467604,0.6116106850096865,0.3052039580381362,0.36563928085536984,0.717760031028569,0.2335,0.036,0.0075,1.979157958685664,0.30652724472262527,-1.6723648763297883,0,-0.5154098485772391,0,2.8135412801767594,0,4.879220790115719,0,,,,,
rxry_czbrick,dn,6,EARLY,0,0,RX,6,11002,4000,0,0,0,0,0,0,0,0.015782694342260598,0.015129718564980684,0.009547109129446686,0.009007473446591748,0.030912412907241282,0.023052344524665654,-1.6797735040415602,0.020903860377452628,0.5511557277202712,0.49348763790278327,0.4966024477020527,0.48864681656051234,0.102,0.00675,0.0005,1.9454755450118606,0.3074687562301276,-1.6372849017097826,0,-0.3067237730109639,0,2.3469372375541053,0,4.370988357715703,0,,,,,
rxry_czbrick,dn,6,MIDDLE,3,0,RX,6,11002,4000,0,0,0,0,0,0,0,0.01555340680823199,0.01573786043789653,0.009489844207787248,0.009323197551707362,0.03129126724612852,0.02268420463288085,-1.6880264095271422,0.02051037451069458,0.5756071571925985,0.45803799852693694,0.47359081081959636,0.4950549300955728,0.1155,0.01025,0.00125,1.9511596958386488,0.3071270682922408,-1.6442764464478314,0,-0.3390984925132934,0,2.4124136893522676,0,4.451538020574719,0,,,,,
rxry_czbrick,dn,6,LATE,5,0,RX,6,11002,4000,0,0,0,0,0,0,0,0.015312944736139885,0.01572615194046174,0.00933731042998671,0.00937532471534482,0.031039096676601628,0.021024564140449946,-1.7282084264512543,0.0186978457866308,0.623947739281929,0.30531148260215574,0.3666265621651826,0.7063886446333686,0.22575,0.03425,0.00575,1.9832654172819872,0.3064527025977529,-1.6772729988677288,0,-0.5152568644934961,0,2.8253255900157708,0,4.913830620679178,0,,,,,
rxry_czbrick,dn,6,EARLY,0,0,RX,6,11003,4000,0,0,0,0,0,0,0,0.015230759893329076,0.015362900564313619,0.00930905978166072,0.009080730101395772,0.030593660457642696,0.023078153244384298,-1.682142320999638,0.020790152692384,0.5479533800851857,0.4994504223405746,0.5017446084349151,0.4816890923178229,0.10225,0.00925,0.00125,1.9447922284206183,0.3075118778869047,-1.6367989937522025,0,-0.3015076152909074,0,2.337273865086179,0,4.372983958516734,0,,,,,
rxry_czbrick,dn,6,MIDDLE,3,0,RX,6,11003,4000,0,0,0,0,0,0,0,0.015416382747753244,0.0154746627052607,0.00936087583111114,0.009314121140296467,0.030891045453013945,0.022350496513670815,-1.6904387371882048,0.02039676361850651,0.5573669408955422,0.4725313409387315,0.4784199869712434,0.4989961700240636,0.1155,0.01325,0.002,1.9573221090782937,0.3072315230843953,-1.6507128541081943,0,-0.32556939525858997,0,2.407785692908018,0,4.441762664603866,0,,,,,
rxry_czbrick,dn,6,LATE,5,0,RX,6,11003,4000,0,0,0,0,0,0,0,0.015155651329197582,0.015387226957060355,0.009228079696944273,0.009512554704061947,0.030542878286257936,0.021378068012012932,-1.7282934435722748,0.01869418587037248,0.6118568865618828,0.30568763344032596,0.36769759225291837,0.720094411542936,0.229,0.0335,0.0035,1.9765848032525866,0.3064722548530523,-1.6700315471304616,0,-0.5147221591254421,0,2.8133922720316447,0,4.882308534693799,0,,,,,
rxry_czbrick,dn,6,EARLY,0,0,RX,6,11004,4000,0,0,0,0,0,0,0,0.015224608436373788,0.015367360101726948,0.009287920508106009,0.009836196147339611,0.030591968538100738,0.023604987759882526,-1.6716404725762364,0.02129901539334898,0.514047692234014,0.4933989128840479,0.49936078527142963,0.4794295033719815,0.0925,0.00975,0.0005,1.9352820822852068,0.30762971861575783,-1.626996276055381,0,-0.3068018126867978,0,2.3265018532023705,0,4.3362203506811845,0,,,,,
rxry_czbrick,dn,6,MIDDLE,3,0,RX,6,11004,4000,0,0,0,0,0,0,0,0.015235708114685286,0.01575963270331175,0.009607303186048076,0.009731034944556528,0.030995340817997038,0.02316899681247798,-1.6806600727219234,0.020861230767331394,0.5628323380042446,0.4668028881497288,0.4764940741944716,0.49005602216230615,0.11275,0.011,0.00125,1.942845863703309,0.3073850301687234,-1.63509277022743,0,-0.3308664661462505,0,2.394876837643384,0,4.41459351259765,0,,,,,
rxry_czbrick,dn,6,LATE,5,0,RX,6,11004,4000,0,0,0,0,0,0,0,0.014992034078047738,0.015399086664650457,0.009411102499954267,0.009566059849005347,0.030391120742698195,0.021369856345199972,-1.7255461643093157,0.01881281720515353,0.6026410395671946,0.30642181394097434,0.36507585401225573,0.7389740634912236,0.23975,0.03975,0.00425,1.9760437468747805,0.3065726082427027,-1.6701984308578472,0,-0.5136803217342194,0,2.8028935956572907,0,4.885383775637513,0,,,,,
rxry_czbrick,dn,6,EARLY,0,0,RX,6,11005,4000,0,0,0,0,0,0,0,0.015685722379796298,0.015609851695741942,0.009692677323984232,0.009479957627103583,0.03129557407553824,0.023903207863952718,-1.6664952007943523,0.021552854605876356,0.5444858914041402,0.5098669661256674,0.5069435946248294,0.4738483812248678,0.1005,0.00925,0.00075,1.9291731005371382,0.3077036305332985,-1.6215438158411928,0,-0.292543124758357,0,2.3187813992797937,0,4.325178976978542,0,,,,,
rxry_czbrick,dn,6,MIDDLE,3,0,RX,6,11005,4000,0,0,0,0,0,0,0,0.015420051744081184,0.015373447485521904,0.009616865868683589,0.009641303545417954,0.030793499229603092,0.022806460146855553,-1.6803004628164873,0.02087851169606527,0.5434705508906814,0.45717297737017837,0.47554930332579787,0.49423749070068,0.11475,0.01125,0.0015,1.9491306120699297,0.307474893127746,-1.6419421175460107,0,-0.3399195264932147,0,2.4020371493522226,0,4.431458970942206,0,,,,,
rxry_czbrick,dn,6,LATE,5,0,RX,6,11005,4000,0,0,0,0,0,0,0,0.015321621370077861,0.015323206202006426,0.009874577426866843,0.009519294533047375,0.03064482757208429,0.021255618434347392,-1.721141107434212,0.01900460697351136,0.6078075695711052,0.30051246470748666,0.3631576475511839,0.7493992228030406,0.24075,0.037,0.00475,1.9798031642685197,0.30656137360074176,-1.6725263135171375,0,-0.5221375105073434,0,2.806040202780343,0,4.880161955275232,0,,,,,
rxry_czbrick,dn,6,EARLY,0,0,RX,6,11006,4000,0,0,0,0,0,0,0,0.015796907186164402,0.01582609583176865,0.009493666715290235,0.010010965863629677,0.031623003017933055,0.024076176338463158,-1.6645387535655631,0.02165016678926955,0.5436128073830451,0.5043753696087692,0.5008785022095558,0.48568731154174616,0.10125,0.01025,0.00175,1.9259387963406387,0.3078123611841469,-1.6184125162306504,0,-0.29724613268125677,0,2.3120370243042645,0,4.31333595116206,0,,,,,
rxry_czbrick,dn,6,MIDDLE,3,0,RX,6,11006,4000,0,0,0,0,0,0,0,0.015927616671589997,0.015673450062965052,0.009953588196364013,0.00962849584289091,0.031601066734555046,0.02332920543221425,-1.6775592120836385,0.021010712876490176,0.5693484035713567,0.4594808433026896,0.47149614093229275,0.49960602873970994,0.115,0.012,0.00075,1.9406203340071744,0.307459549369838,-1.6321000834663733,0,-0.3377325907722083,0,2.4081086792842754,0,4.432115286833153,0,,,,,
rxry_czbrick,dn,6,LATE,5,0,RX,6,11006,4000,0,0,0,0,0,0,0,0.01572193197175302,0.015693220712667533,0.009715236082842131,0.00976722115565384,0.03141515268442056,0.021477283336512703,-1.7211058107206587,0.01900615161074814,0.6319248174498209,0.29764396716831354,0.36233373855484624,0.7142716952893431,0.23075,0.03975,0.00475,1.9743734162774063,0.3065404194652197,-1.6680206636019415,0,-0.5263029199626135,0,2.8171157876420807,0,4.857786825633005,0,,,,,
rxry_czbrick,dn,6,EARLY,0,0,RX,6,11007,4000,0,0,0,0,0,0,0,0.015674369629886647,0.01544038192638853,0.009553964232465649,0.009683167384636763,0.03111475155627518,0.024163497415011323,-1.6651826144521278,0.021618093235128723,0.5331999029265684,0.5082539569818292,0.5072375855371277,0.4638128776609036,0.0965,0.00825,0.00075,1.9257244665169422,0.3077530993909555,-1.616840245453845,0,-0.29391923520959723,0,2.2944591102082312,0,4.30728838632247,0,,,,,
rxry_czbrick,dn,6,MIDDLE,3,0,RX,6,11007,4000,0,0,0,0,0,0,0,0.015699259199498234,0.01518659974782634,0.009669316056386955,0.009456440442080043,0.030885858947324575,0.023136071803400955,-1.682587636032147,0.020768845899460497,0.5383128787231717,0.4684776969255127,0.4751415983261854,0.5052137084769013,0.10825,0.011,0.00075,1.9433341091629133,0.30745139193227444,-1.635710389234879,0,-0.3293110834594878,0,2.400693938991492,0,4.41264366348073,0,,,,,
rxry_czbrick,dn,6,LATE,5,0,RX,6,11007,4000,0,0,0,0,0,0,0,0.015493017155726388,0.015064490984870473,0.009693865916970804,0.009468347772345476,0.030557508140596858,0.021571765311954545,-1.720854273847537,0.019017162878175474,0.6180201366945473,0.3019325010676954,0.37143680681001134,0.7164659236780541,0.22275,0.03775,0.00575,1.9730386598826324,0.3065764533067409,-1.6661143146647737,0,-0.5200902825235897,0,2.8027281136287643,0,4.860814810135011,0,,,,,
rxry_czbrick,dn,6,EARLY,0,0,RX,6,11008,4000,0,0,0,0,0,0,0,0.015204776939399476,0.015539579055906387,0.009514793146740724,0.009700023844718292,0.030744355995305863,0.023704342082607334,-1.6694600474750396,0.02140621842268951,0.5240236026800822,0.490089987197723,0.4958336807534507,0.49063641998610097,0.10475,0.0115,0.00125,1.9326179280216618,0.3075320982202603,-1.6251720941310581,0,-0.3097241752628056,0,2.3364013240190915,0,4.337398873090173,0,,,,,
rxry_czbrick,dn,6,MIDDLE,3,0,RX,6,11008,4000,0,0,0,0,0,0,0,0.015679431289890623,0.01564380391401236,0.009895923343447714,0.009588721574414552,0.03132323520390298,0.02332297423927286,-1.680318171801877,0.02087766036192264,0.5498984121519104,0.44844607370920314,0.46847504901460435,0.5192623623895503,0.12425,0.011,0.00125,1.939904425109412,0.30737108892108966,-1.6322161589055404,0,-0.34828977404727346,0,2.4238084864529785,0,4.4446291691140125,0,,,,,
rxry_czbrick,dn,6,LATE,5,0,RX,6,11008,4000,0,0,0,0,0,0,0,0.015417398414112188,0.01537135184385461,0.009616316943050277,0.009307274189174358,0.030788750257966797,0.02123778553387171,-1.7247467783262087,0.018847476985614196,0.6144623758881744,0.2982889614805056,0.3662807023501515,0.7135790563303458,0.22675,0.0365,0.005,1.9790077488010618,0.30650442361518726,-1.6728907722803719,0,-0.5253628319506751,0,2.801380631511642,0,4.895996721190875,0,,,,,
rxry_czbrick,dn,6,EARLY,0,0,RX,6,11009,4000,0,0,0,0,0,0,0,0.015388699435946396,0.015694289296791283,0.009233301482083373,0.009569766071039737,0.03108298873273768,0.023442924080758785,-1.6792914612417913,0.020927075384967048,0.5549623320398149,0.49270102123381765,0.4971296391385282,0.46276482656257883,0.099,0.01025,0.00125,1.9382587558180724,0.3074339777052074,-1.6299882188943422,0,-0.3074165472623588,0,2.36378250886097,0,4.385874350233099,0,,,,,
rxry_czbrick,dn,6,MIDDLE,3,0,RX,6,11009,4000,0,0,0,0,0,0,0,0.015608821871992747,0.01559634366321469,0.00944860291884763,0.00945168210309593,0.031205165535207437,0.023052460796121943,-1.684948404744514,0.020656255426425713,0.5603803330931103,0.45929763255498146,0.47331867638051556,0.49646570549644176,0.116,0.01075,0.00075,1.9454682322121608,0.3073679109942755,-1.6372827079063959,0,-0.33790580114736896,0,2.416676237154252,0,4.442660680056626,0,,,,,
rxry_czbrick,dn,6,LATE,5,0,RX,6,11009,4000,0,0,0,0,0,0,0,0.015752019083689936,0.015751000884443592,0.00944501852782241,0.009516048943129369,0.03150301996813353,0.02094764363427777,-1.7277244352982402,0.018718694857397827,0.6432766992768146,0.29417187136079354,0.3605735063694932,0.7248346638762921,0.23225,0.0395,0.00525,1.9847648161875617,0.30646463894429765,-1.6788648875318226,0,-0.5313988571372725,0,2.8292338430033483,0,4.925832349190202,0,,,,,
rxry_czbrick,dn,8,EARLY,0,0,RX,8,11000,4000,0,0,0,0,0,0,0,0.003916896212408556,0.003916135351088058,0.0023550879508255395,0.0023706637146969577,0.007833031563496615,0.00588933429883233,-2.2750553260701136,0.005308168175849922,0.546988786690813,0.5015381762925574,0.5002275097942237,0.4732667955048421,0.0935,0.01125,0.0005,2.5325168814344563,0.3026298333308286,-2.2299338329514216,0,-0.2996960258546173,0,2.938277857677609,0,5.559147802868678,0,,,,,
rxry_czbrick,dn,8,MIDDLE,4,0,RX,8,11000,4000,0,0,0,0,0,0,0,0.003986830246298936,0.0038842544544330435,0.0023804581636855957,0.0023792656337082285,0.00787108470073198,0.00568972429573094,-2.2858045504673274,0.00517839827729652,0.5519427438257889,0.46693852536141905,0.47806490526104145,0.5056157443149076,0.11225,0.0105,0.0015,2.547478825232184,0.3026053990509163,-2.244908777528633,0,-0.33074030064086124,0,3.0107180002185805,0,5.635541283991407,0,,,,,
rxry_czbrick,dn,8,LATE,7,0,RX,8,11000,4000,0,0,0,0,0,0,0,0.0038828396879400985,0.003934758804143119,0.0023916237381875023,0.0023755337835537423,0.007817598492083216,0.005325919463552004,-2.3250624557323025,0.0047308322014256495,0.6251631571328824,0.30694142403436453,0.36766002002563153,0.7118045714175325,0.22725,0.03825,0.0055,2.576111379232967,0.30241533504602836,-2.273605407443552,0,-0.5129446120473138,0,3.4144714063478063,0,6.101075239264624,0,,,,,
rxry_czbrick,dn,8,EARLY,0,0,RX,8,11001,4000,0,0,0,0,0,0,0,0.003946354919030295,0.003945614925665546,0.0023900358620189974,0.0023236534331449003,0.007891969844695841,0.005776412083733722,-2.2745382727808034,0.005314491627761909,0.5393538588881737,0.49722297397663573,0.49808489237089437,0.4771794544809182,0.106,0.0075,0.001,2.5409608226222042,0.3026371223500359,-2.238341844124067,0,-0.3034488144727129,0,2.9416247511797877,0,5.564087695016537,0,,,,,
rxry_czbrick,dn,8,MIDDLE,4,0,RX,8,11001,4000,0,0,0,0,0,0,0,0.003948885013867418,0.0039273576080229525,0.002285448754543587,0.0023279820693266435,0.007876242621890371,0.005626266222392837,-2.2861387851621306,0.005174414495334266,0.5579144357972823,0.4630213066462371,0.4755275233946682,0.5038658447888319,0.1105,0.01325,0.0025,2.552284656261985,0.3025807880985958,-2.2497797395861228,0,-0.33439902391126614,0,3.0139267156016065,0,5.653793457842525,0,,,,,
rxry_czbrick,dn,8,LATE,7,0,RX,8,11001,4000,0,0,0,0,0,0,0,0.00391454795544784,0.0037867647036310043,0.002308906035706394,0.002267809800472306,0.0077013126590788445,0.00499696503654238,-2.3361080072888853,0.004612028610021548,0.6260976170208432,0.2982860089444267,0.3643179866527663,0.721002841320673,0.23325,0.03675,0.0055,2.6038003353051,0.30233828596038226,-2.3012936893823004,0,-0.5253671426155314,0,3.4372053267880625,0,6.123442664491369,0,,,,,
rxry_czbrick,dn,8,EARLY,0,0,RX,8,11002,4000,0,0,0,0,0,0,0,0.003912181029838542,0.0038267866022504682,0.002375450516301987,0.0023509702385534777,0.007738967632089009,0.005739390106439861,-2.278431430710113,0.005267063682200286,0.5363225932572564,0.5006091683941978,0.5067096642767634,0.4685958037163437,0.10075,0.0085,0.00125,2.543730232279815,0.3026289659087438,-2.241134289961583,0,-0.30050120193097163,0,2.932753366286617,0,5.544520206659925,0,,,,,
rxry_czbrick,dn,8,MIDDLE,4,0,RX,8,11002,4000,0,0,0,0,0,0,0,0.003872562997780769,0.003899162989121443,0.0023618369020687274,0.0023575400555307506,0.007771725986902211,0.005673059265845758,-2.2877000355608215,0.005155846326580469,0.5519041353990535,0.46090610541355614,0.47783059796302796,0.5013478509352172,0.11075,0.013,0.0005,2.5486961147252987,0.3025870001956805,-2.246182679445343,0,-0.33638831872711233,0,3.0041703770613988,0,5.626422253335141,0,,,,,
rxry_czbrick,dn,8,LATE,7,0,RX,8,11002,4000,0,0,0,0,0,0,0,0.0038542079556339913,0.0038796140540991973,0.002305612156706874,0.002363754447427947,0.007733822009733189,0.005256096929395177,-2.3305831099739747,0.004671075532793809,0.6235984136880872,0.2988959910060409,0.36706533199316616,0.7075760586647464,0.225,0.03875,0.00425,2.581859540990566,0.3023829695678455,-2.2793366602181204,0,-0.5244799699150264,0,3.4271353458046914,0,6.108928430980059,0,,,,,
rxry_czbrick,dn,8,EARLY,0,0,RX,8,11003,4000,0,0,0,0,0,0,0,0.003911860114839793,0.0038427192928299084,0.0023470529548803485,0.0022923684004639384,0.007754579407669701,0.005664312662168466,-2.286029958726957,0.005175711273594263,0.5381030164391933,0.49000369471978356,0.4919177995850889,0.49050040753623914,0.10275,0.01325,0.002,2.5495076196570827,0.30259998821955714,-2.246852794183595,0,-0.309800645500523,0,2.9831506026731773,0,5.60992925729172,0,,,,,
rxry_czbrick,dn,8,MIDDLE,4,0,RX,8,11003,4000,0,0,0,0,0,0,0,0.003891170214504198,0.003933989348245887,0.0023081758651590702,0.0022491507295487206,0.007825159562750084,0.005542402198315789,-2.2963743056915527,0.005053888943594257,0.5776166585691187,0.4652906304133917,0.4807323356093981,0.4768358965130845,0.10675,0.00925,0.001,2.5585597460295046,0.30254407884097767,-2.256302019272557,0,-0.33227570303283926,0,3.0193638167150807,0,5.66971943225552,0,,,,,
rxry_czbrick,dn,8,LATE,7,0,RX,8,11003,4000,0,0,0,0,0,0,0,0.003927962721700775,0.0038152918655682934,0.002305116649758779,0.002263059890677239,0.007743254587269068,0.005150966133691565,-2.3335556907539794,0.004639212962873103,0.6210989358741024,0.29079741747854615,0.36335916989405803,0.7496126212050703,0.24275,0.04,0.00425,2.59068509542655,0.3023597372378859,-2.2881115994060828,0,-0.5364094557975658,0,3.457563887726775,0,6.160640971893997,0,,,,,
rxry_czbrick,dn,8,EARLY,0,0,RX,8,11004,4000,0,0,0,0,0,0,0,0.00394353287171325,0.003887584558627944,0.002352330253353199,0.002384618467482216,0.007831117430341195,0.005791439555236306,-2.2731729788160076,0.005331225113280223,0.5536950143835597,0.49830203557645547,0.5030036092468021,0.4695251068138212,0.0945,0.00925,0.0015,2.5399187220852326,0.30269330703085107,-2.23721354123426,0,-0.3025074170199347,0,2.925594866374319,0,5.5301309775957925,0,,,,,
rxry_czbrick,dn,8,MIDDLE,4,0,RX,8,11004,4000,0,0,0,0,0,0,0,0.0038412424383735414,0.003929513783160684,0.002272981746710886,0.002364361963117884,0.007770756221534225,0.0054130776998043756,-2.2959554345497146,0.005058765702391247,0.576075870535814,0.45803369358763935,0.4736812470660952,0.5087778060358077,0.111,0.01025,0.0015,2.569100753707717,0.30255360765242845,-2.2665557411233666,0,-0.3391026737069861,0,3.035158830182148,0,5.64348555319992,0,,,,,
rxry_czbrick,dn,8,LATE,7,0,RX,8,11004,4000,0,0,0,0,0,0,0,0.0038860579591104218,0.003811069138756874,0.0022856333524115023,0.002290968867877624,0.0076971270978672965,0.005181196078003247,-2.336794189020874,0.004604747396154998,0.6321996857729448,0.3078939688780702,0.3663373854696268,0.7208319711356925,0.22875,0.0365,0.00575,2.5880074814635723,0.3023639780102896,-2.2855699718971354,0,-0.5115988192977674,0,3.425337885453607,0,6.112763027407521,0,,,,,
rxry_czbrick,dn,8,EARLY,0,0,RX,8,11005,4000,0,0,0,0,0,0,0,0.0039104292999431675,0.004037459166748631,0.0023489776877001992,0.0024503389709851194,0.007947888466691798,0.0058974322105070365,-2.2698725993139806,0.0053718935825136874,0.5504456973424743,0.5054517598215538,0.49835348658756057,0.4782688371267324,0.101,0.008,0.00125,2.5320895379132806,0.3026612487156304,-2.2293370452294727,0,-0.29632030802457077,0,2.9316795023611513,0,5.5499094093090875,0,,,,,
rxry_czbrick,dn,8,MIDDLE,4,0,RX,8,11005,4000,0,0,0,0,0,0,0,0.004098975754158479,0.003872176883575894,0.0024596091651471995,0.002407717100746905,0.007971152637734373,0.005791848683747346,-2.2821178966297175,0.005222543949084154,0.5726765460551837,0.46993684282847814,0.47542652474395386,0.4940482758775386,0.114,0.012,0.00175,2.5400043014928175,0.3026073896994965,-2.237182793271531,0,-0.32796050728251197,0,3.0165144771668233,0,5.638790936294831,0,,,,,
rxry_czbrick,dn,8,LATE,7,0,RX,8,11005,4000,0,0,0,0,0,0,0,0.004031983103802638,0.003968578660966412,0.002437394144983421,0.002385798198233006,0.00800056176476905,0.005419077072042611,-2.318018722424701,0.0048081861992375335,0.6288917124450406,0.30243660369727604,0.3666692337838717,0.7378603079806212,0.2325,0.03775,0.00425,2.568787582647676,0.302428421803576,-2.2660746902845634,0,-0.5193656980384982,0,3.40279002018687,0,6.0638886038590485,0,,,,,
rxry_czbrick,dn,8,EARLY,0,0,RX,8,11006,4000,0,0,0,0,0,0,0,0.0039861653036149325,0.003920732953685726,0.002363944506384824,0.002342364396418552,0.007906898257300659,0.005809505355193988,-2.2738697265712675,0.005322678974111061,0.5384668982005567,0.5005612828146613,0.5005477372739484,0.4768214957830786,0.1025,0.01025,0.0,2.5388033135101526,0.30264715826148114,-2.2358608516386376,0,-0.30054277616572733,0,2.9378033236492334,0,5.5529370266807865,0,,,,,
rxry_czbrick,dn,8,MIDDLE,4,0,RX,8,11006,4000,0,0,0,0,0,0,0,0.003939274140588413,0.003941289857592128,0.0023502613913587798,0.0023392295582325318,0.007880563998180542,0.005652179572336069,-2.2847838947182635,0.00519058258483299,0.5618934876627244,0.45885348526177794,0.47277577978370156,0.49931597962569696,0.11325,0.009,0.0005,2.5502440304510277,0.3026075550387648,-2.2477840578145494,0,-0.3383259662309934,0,3.0336641036385856,0,5.6597328312759805,0,,,,,
rxry_czbrick,dn,8,LATE,7,0,RX,8,11006,4000,0,0,0,0,0,0,0,0.0038950973927215993,0.003934054822456078,0.0022807998320327717,0.0023843533682028264,0.007829152215177677,0.005204309298890243,-2.3348826680085004,0.004625059583200644,0.6357489270031662,0.29441400275491736,0.36675754847563574,0.7395302956779387,0.23625,0.0365,0.0055,2.5861230093715397,0.3023617987341196,-2.283636900662558,0,-0.53104201311691,0,3.463125008883986,0,6.128497951142313,0,,,,,
rxry_czbrick,dn,8,EARLY,0,0,RX,8,11007,4000,0,0,0,0,0,0,0,0.003955303682762029,0.0039702797898616155,0.002371714508525488,0.0024599901566342494,0.007925583472623645,0.0057702683600370334,-2.264993773794643,0.005432581197847342,0.5345138245181464,0.5084525555906795,0.49943811170183183,0.4956999283776679,0.10225,0.00825,0.00125,2.5415199984360726,0.30266865690313605,-2.238803991396062,0,-0.2937495749444675,0,2.9297039224493036,0,5.5426592376677295,0,,,,,
rxry_czbrick,dn,8,MIDDLE,4,0,RX,8,11007,4000,0,0,0,0,0,0,0,0.0038638006769765396,0.003810688605001757,0.002324226181197788,0.0022894525744726535,0.007674489281978297,0.0055673361963303435,-2.2905161863236336,0.005122521780715751,0.5533632703505889,0.469364886345935,0.47794801803767556,0.52122231691484,0.11575,0.01225,0.00075,2.556905983892163,0.30256239592506495,-2.2543525573647676,0,-0.3284894042268899,0,3.0153378367929298,0,5.673182088770391,0,,,,,
rxry_czbrick,dn,8,LATE,7,0,RX,8,11007,4000,0,0,0,0,0,0,0,0.003928858855054538,0.004020961296336359,0.002401334095057827,0.00243156224859361,0.007949820151390898,0.005423227289649762,-2.3180721519032894,0.0048075947040877596,0.6092808792634978,0.2856385360046405,0.3540140072185621,0.7488713216127422,0.247,0.03675,0.00325,2.568220285926766,0.30241353460687326,-2.265742203336365,0,-0.5441832416109845,0,3.443638137143168,0,6.101816482674179,0,,,,,
rxry_czbrick,dn,8,EARLY,0,0,RX,8,11008,4000,0,0,0,0,0,0,0,0.003869404300631045,0.0038785206124901843,0.002339437358991303,0.0022874781038999268,0.0077479249131212295,0.005570414009752429,-2.2840217416545388,0.005199699651405232,0.5447913259746775,0.5102166704895776,0.5074321658950961,0.4639798969143989,0.0965,0.00875,0.0005,2.5572719060789892,0.30260447286653336,-2.254112527483016,0,-0.292245364062134,0,2.916352673937574,0,5.564860120519878,0,,,,,
rxry_czbrick,dn,8,MIDDLE,4,0,RX,8,11008,4000,0,0,0,0,0,0,0,0.003850539385910446,0.003939118113208603,0.0023438518166775607,0.0023507238880517024,0.00778965749911905,0.005459750841379769,-2.2934044207963473,0.0050885679614420115,0.5617365073372782,0.4663930307209879,0.4725216385399325,0.5033747812099142,0.11075,0.013,0.001,2.5657203150401333,0.3025375437816129,-2.2628271772196733,0,-0.3312480788823833,0,3.029505569532718,0,5.673537148434739,0,,,,,
rxry_czbrick,dn,8,LATE,7,0,RX,8,11008,4000,0,0,0,0,0,0,0,0.003849742392446828,0.0039046098245255887,0.002345219428993804,0.002321308741066872,0.0077543522169724165,0.0051417670613000755,-2.329464731165721,0.00468311981207506,0.6273576132256125,0.2911718700422663,0.35687995998528504,0.7247460531282814,0.2345,0.043,0.00525,2.591239796622202,0.3023653930786778,-2.2888876455454934,0,-0.5358508771823782,0,3.4236228840560248,0,6.151625249792804,0,,,,,
rxry_czbrick,dn,8,EARLY,0,0,RX,8,11009,4000,0,0,0,0,0,0,0,0.0039594182382429455,0.003907957829119638,0.002361506169737155,0.0022613965182520248,0.007867376067362581,0.005830782982321363,-2.2782437952152605,0.0052693397913052146,0.5581990938614454,0.5002034134773992,0.49962844217456087,0.4784982327186843,0.1025,0.00675,0.0,2.537165855449029,0.3026588702844313,-2.2342731310750916,0,-0.30085335075310715,0,2.951966047539327,0,5.5630324194144,0,,,,,
rxry_czbrick,dn,8,MIDDLE,4,0,RX,8,11009,4000,0,0,0,0,0,0,0,0.004021060990138981,0.003798206309558161,0.0023382412742940233,0.002216082598711937,0.007819267299697142,0.005535272422038714,-2.2941822725765393,0.005079462137480723,0.5873846899353186,0.4734414305381732,0.4789837975804641,0.502484435891936,0.11175,0.0115,0.00075,2.5593423131178055,0.3025660908795178,-2.2568610004285086,0,-0.3247337412204009,0,3.0186106319099077,0,5.655685893054018,0,,,,,
rxry_czbrick,dn,8,LATE,7,0,RX,8,11009,4000,0,0,0,0,0,0,0,0.003914192873305178,0.003904523708931203,0.0023847382049157883,0.0023464583955335287,0.00781871658223638,0.00528852616710206,-2.3284121058763647,0.004694484334141076,0.6278947691077197,0.29786291802190074,0.36263446371452734,0.7384084952082045,0.2385,0.042,0.00575,2.579128990740206,0.3023956148928708,-2.2766653493203926,0,-0.5259835675734013,0,3.463122181499704,0,6.127820335396445,0,,,,,
rxry_czbrick,dn,10,EARLY,0,0,RX,10,11000,4000,0,0,0,0,0,0,0,0.0009413361168245527,0.0009663119664889134,0.0005749343679508954,0.0005678883751346651,0.0019076480833134662,0.0014124841982234822,-2.8904977279714177,0.001286773984820535,0.5362748974428735,0.49507636502586194,0.4983293273798435,0.48508218684328686,0.10175,0.01125,0.00175,3.1515002830927057,0.3014275911148814,-2.8500164022562817,0,-0.3053278086262847,0,3.555404745294002,0,6.78483377258158,0,,,,,
rxry_czbrick,dn,10,MIDDLE,5,0,RX,10,11000,4000,0,0,0,0,0,0,0,0.0009677078171855826,0.0009586215704237397,0.0005934873704334634,0.0005685390994081578,0.0019263293876093223,0.0013722281459340685,-2.8954485149491966,0.0012721885574594935,0.5496579067516825,0.4797699621375692,0.4836038647398646,0.4747934338038609,0.10525,0.01125,0.00025,3.1641059095603272,0.30141563215963196,-2.862573687163831,0,-0.3189669462975679,0,3.5937823664177158,0,6.814121105831399,0,,,,,
rxry_czbrick,dn,10,LATE,9,0,RX,10,11000,4000,0,0,0,0,0,0,0,0.0009448429902711534,0.0009639481352312127,0.0005932827399547093,0.0005758517021375005,0.001908791125502366,0.0012849632547854409,-2.936166408356375,0.0011583334331842592,0.6228633690734497,0.29246778022714187,0.3570764761551976,0.7424769723503126,0.2435,0.04225,0.004,3.1926111401736557,0.3013660318432756,-2.891109296655901,0,-0.5339220505251665,0,4.063980791938757,0,7.35491523866963,0,,,,,
rxry_czbrick,dn,10,EARLY,0,0,RX,10,11001,4000,0,0,0,0,0,0,0,0.0009562596520412776,0.0009628861662784011,0.0005968580244645947,0.0005588464803089389,0.0019191458183196787,0.001401207697394787,-2.883946862537825,0.0013063307125258856,0.5233347808025952,0.4858038209084644,0.4939204330916103,0.49094563409108627,0.10075,0.01075,0.00175,3.154834281704969,0.3014257325809879,-2.8534974868964738,0,-0.31353918440386636,0,3.5780952492889373,0,6.815717431966554,0,,,,,
rxry_czbrick,dn,10,MIDDLE,5,0,RX,10,11001,4000,0,0,0,0,0,0,0,0.0009468115527060606,0.000981436176061636,0.0005723265459653303,0.0005570603989144081,0.0019282477287676967,0.001337773749185373,-2.9009348791517806,0.0012562183148544536,0.5600331067821545,0.4784635762087458,0.48229154398632407,0.5105098153802673,0.1135,0.00975,0.00075,3.1750595029817212,0.30140529045151987,-2.873617354342835,0,-0.3201511222114969,0,3.6138523142987165,0,6.870685324335877,0,,,,,
rxry_czbrick,dn,10,LATE,9,0,RX,10,11001,4000,0,0,0,0,0,0,0,0.000987219414065733,0.000959056249070723,0.0005876773479971069,0.000574239384898402,0.001946275663136456,0.0012897678582199676,-2.9333021573490203,0.0011659980997651776,0.6239917855414308,0.3025922197976858,0.36670903727558773,0.7196084373352536,0.2275,0.0315,0.005,3.1910015786246677,0.30136521917319703,-2.889488454379989,0,-0.5191422426955313,0,4.011832730717085,0,7.289022980034912,0,,,,,
rxry_czbrick,dn,10,EARLY,0,0,RX,10,11002,4000,0,0,0,0,0,0,0,0.0009530537678608543,0.00097456009691922,0.0005719213109709644,0.000564994478238264,0.001927613864780074,0.0014020230950348126,-2.884045186107976,0.0013060349948360531,0.5373220844762359,0.49648108450938466,0.49628445675656785,0.48642752733988515,0.10225,0.01025,0.00075,3.154750740029746,0.30142827508658665,-2.8532448348296953,0,-0.3040973184627368,0,3.5594108306574785,0,6.79055810997365,0,,,,,
rxry_czbrick,dn,10,MIDDLE,5,0,RX,10,11002,4000,0,0,0,0,0,0,0,0.0009634287474776877,0.0009613905890794869,0.0005773863028249173,0.000576180391796514,0.0019248193365571746,0.0013715332969705238,-2.893527965021498,0.0012778269252880987,0.5518615353046479,0.4682978755462622,0.4793796059907653,0.4996378880788179,0.10925,0.01325,0.001,3.164250158822613,0.3014069487683244,-2.862793679829606,0,-0.32947782234166867,0,3.6161910927398893,0,6.854878273989554,0,,,,,
rxry_czbrick,dn,10,LATE,9,0,RX,10,11002,4000,0,0,0,0,0,0,0,0.0009391910563738133,0.0009709070815697583,0.0005726908048040058,0.0005784004188052441,0.0019100981379435715,0.0012894702521278956,-2.942651568948847,0.0011411649680802742,0.6326980258541584,0.30391216910415053,0.3668620346518409,0.715966758769093,0.23025,0.03625,0.00575,3.1910533721389465,0.30136879061252086,-2.889588675162076,0,-0.5172525022389197,0,4.037829319503301,0,7.319842754694772,0,,,,,
rxry_czbrick,dn,10,EARLY,0,0,RX,10,11003,4000,0,0,0,0,0,0,0,0.0009617470153116083,0.0010086440714607502,0.0005778606551799768,0.0006000534452225183,0.001970391086772359,0.0014541683658665595,-2.876230541426236,0.001329748345312792,0.5542593430657181,0.5091508165779959,0.5051519579350973,0.47188308494912956,0.09775,0.00975,0.00075,3.138857935514689,0.3014323573548505,-2.8373853083215943,0,-0.2931535573678693,0,3.534920471809767,0,6.781259064094174,0,,,,,
rxry_czbrick,dn,10,MIDDLE,5,0,RX,10,11003,4000,0,0,0,0,0,0,0,0.000999987341793401,0.0009613435589694517,0.0005760057989609543,0.0005724661572712741,0.001961330900762853,0.0013906015254753412,-2.892713542827909,0.0012802254522149665,0.5731717275084307,0.4866909119419804,0.48672812246038816,0.4925854431979283,0.10375,0.011,0.00075,3.158336239114521,0.3014192845651602,-2.8567973437038763,0,-0.31274676809819824,0,3.597844704196995,0,6.822791626298304,0,,,,,
rxry_czbrick,dn,10,LATE,9,0,RX,10,11003,4000,0,0,0,0,0,0,0,0.00099232320301189,0.0009575928174767794,0.0006009279741966231,0.000566845067409066,0.0019499160204886695,0.001323142546246916,-2.9348433050979494,0.001161867743993204,0.6290793398965997,0.3067297413124103,0.3676659415823426,0.7469520055239613,0.24075,0.038,0.008,3.1798979423457068,0.30138230052697246,-2.878393454857669,0,-0.5132441278632621,0,4.023045767303813,0,7.2919145641235295,0,,,,,
rxry_czbrick,dn,10,EARLY,0,0,RX,10,11004,4000,0,0,0,0,0,0,0,0.0009966687593977893,0.0009765976836671342,0.0005927259092182566,0.0005771855065138331,0.0019732664430649233,0.0014085276901780255,-2.879615670783148,0.0013194238471542546,0.5466479948743439,0.5012230491138148,0.4979090087483688,0.49617558569695824,0.1015,0.01175,0.001,3.1527409796329975,0.30143077686420283,-2.8512347353492045,0,-0.29996896876684354,0,3.5521196521750635,0,6.776595058315521,0,,,,,
rxry_czbrick,dn,10,MIDDLE,5,0,RX,10,11004,4000,0,0,0,0,0,0,0,0.0009935604224356367,0.0009796301434815311,0.000577077165682167,0.0005808045964013715,0.001973190565917168,0.001389353951967418,-2.8877576145720325,0.0012949183506705427,0.569444240950931,0.47181935980882395,0.4822642379251542,0.5020679861178322,0.11175,0.014,0.001,3.1585346295013945,0.301423758386099,-2.8571871008159304,0,-0.32622428482356974,0,3.5989741324688937,0,6.819129776358228,0,,,,,
rxry_czbrick,dn,10,LATE,9,0,RX,10,11004,4000,0,0,0,0,0,0,0,0.0009895529428215139,0.0009846187414614858,0.0005792200827633692,0.0005675941094377467,0.001974171684283,0.001306669774939471,-2.933390897551698,0.0011657598735349947,0.6229236026470559,0.28225970464957706,0.35695276349932104,0.7706991014028488,0.25275,0.037,0.00425,3.1851501267774687,0.3013687045563649,-2.8838348201098256,0,-0.5493511364955411,0,4.073062843374412,0,7.374543123261136,0,,,,,
rxry_czbrick,dn,10,EARLY,0,0,RX,10,11005,4000,0,0,0,0,0,0,0,0.0009835793718079855,0.0009476135912185296,0.000622394546695166,0.0005644926203536421,0.0019311929630265153,0.0014389561845731817,-2.8777139800890335,0.0013252140141766905,0.5302677448387754,0.5048080874520372,0.49875809747962613,0.4771924406957867,0.10275,0.0095,0.0005,3.14334325177318,0.30143535413966216,-2.8419524598050385,0,-0.2968737488386499,0,3.5417881798589916,0,6.7508178921324555,0,,,,,
rxry_czbrick,dn,10,MIDDLE,5,0,RX,10,11005,4000,0,0,0,0,0,0,0,0.0009701442805433511,0.001000244593815617,0.0005836751162089633,0.000595305552527769,0.001970388874358968,0.0014027097985179345,-2.8823606138902904,0.0013111107737226548,0.5561889017065882,0.48260078648457894,0.4884746612003113,0.4781041317864884,0.098,0.00975,0.00175,3.154495007706804,0.30142593035256193,-2.8530322809105244,0,-0.316411999497405,0,3.576496400179317,0,6.791963385487655,0,,,,,
rxry_czbrick,dn,10,LATE,9,0,RX,10,11005,4000,0,0,0,0,0,0,0,0.0009685937156594396,0.0009627599264094204,0.0005942269889337181,0.0005880125336519789,0.00193135364206886,0.0012932083345903378,-2.9264061237475443,0.001184660413219019,0.6176979131722469,0.2903211768850792,0.3605481886856883,0.7482874927248215,0.24275,0.04175,0.00775,3.18964971992976,0.3013681966603803,-2.8883315833496477,0,-0.5371213493136169,0,4.060536460523591,0,7.32918526906799,0,,,,,
rxry_czbrick,dn,10,EARLY,0,0,RX,10,11006,4000,0,0,0,0,0,0,0,0.000967296323405151,0.000997244062168433,0.0005837719093707533,0.0005880472235051168,0.001964540385573584,0.001429837041993902,-2.8789812930393084,0.0013213525493878317,0.5397932599394375,0.498830772870456,0.49650921348493954,0.49613429064691456,0.11025,0.00925,0.0015,3.146118592124616,0.3014335014844134,-2.844713461621244,0,-0.30204677710801814,0,3.5639233505049566,0,6.794586816664724,0,,,,,
rxry_czbrick,dn,10,MIDDLE,5,0,RX,10,11006,4000,0,0,0,0,0,0,0,0.0009673327858164978,0.0009598394495616782,0.0005701833348291639,0.0005787636116454145,0.0019271722353781762,0.001373109519713134,-2.895486470869856,0.0012720773771890614,0.5586192672733907,0.45986287902700673,0.4761620711227403,0.5199229721543235,0.11575,0.01075,0.00125,3.1636836900749605,0.30141116245549604,-2.862294826885025,0,-0.33737164606485526,0,3.6150556888319616,0,6.871133381707408,0,,,,,
rxry_czbrick,dn,10,LATE,9,0,RX,10,11006,4000,0,0,0,0,0,0,0,0.00096916333573798,0.0009655156457836296,0.000569443382481452,0.0005897789574142127,0.0019346789815216097,0.0012608335266092211,-2.9366378811889544,0.001157076621417933,0.608099074397618,0.2877368532997573,0.35956126773298386,0.7284629622956649,0.236,0.04275,0.007,3.200741172066315,0.3013554121731572,-2.8993422896115946,0,-0.5410045798171836,0,4.055603629015787,0,7.356824068262952,0,,,,,
rxry_czbrick,dn,10,EARLY,0,0,RX,10,11007,4000,0,0,0,0,0,0,0,0.0009462213263829491,0.0010009062024971885,0.000556632841763555,0.0005859705026468557,0.0019471275288801375,0.0013865556928434912,-2.8871414140982763,0.001296756954831663,0.5458899556729571,0.49833584173257606,0.4964368478777804,0.49042159881408054,0.1065,0.0085,0.00075,3.1594807083704897,0.301423221713351,-2.8580626831125344,0,-0.3024778762536037,0,3.5625607582811725,0,6.80073906196492,0,,,,,
rxry_czbrick,dn,10,MIDDLE,5,0,RX,10,11007,4000,0,0,0,0,0,0,0,0.000960135578516774,0.0009547224585501092,0.0005796356931334792,0.0005574482335705143,0.0019148580370668834,0.0013703257672041979,-2.9034414502227968,0.0012489888167222308,0.5701706540061049,0.47600624066213404,0.48317163910643424,0.4949030284133095,0.10775,0.01275,0.001,3.1645201234747984,0.30140677935940685,-2.8631761888975964,0,-0.32238771368324737,0,3.6211807361386934,0,6.878564504098776,0,,,,,
rxry_czbrick,dn,10,LATE,9,0,RX,10,11007,4000,0,0,0,0,0,0,0,0.0009540029770183223,0.000977527402806888,0.0005632707759700103,0.0005659122966312893,0.0019315303798252104,0.00124790458922212,-2.9420754325972522,0.0011426798455198611,0.6331795187917968,0.2937607602128788,0.3575890744421128,0.7292541164184342,0.238,0.03925,0.005,3.2051696349549736,0.30135177990758133,-2.9038186188558543,0,-0.532006453644887,0,4.086251927292715,0,7.376473729370033,0,,,,,
rxry_czbrick,dn,10,EARLY,0,0,RX,10,11008,4000,0,0,0,0,0,0,0,0.0010275618479091916,0.0009999680729046107,0.0005837402483893902,0.0005900383321735199,0.0020275299208138025,0.0014443399899059343,-2.8728248989092644,0.0013402169340896385,0.5467362631295023,0.5022245775849592,0.5028980978206262,0.4756868597106692,0.09325,0.00825,0.001,3.1417444811804085,0.30143741455743633,-2.8403305814677484,0,-0.29910204098908344,0,3.530032433688075,0,6.7590440434127625,0,,,,,
rxry_czbrick,dn,10,MIDDLE,5,0,RX,10,11008,4000,0,0,0,0,0,0,0,0.0009494704295963431,0.000987062884085281,0.000576559770853146,0.0005777850088245192,0.0019365333136816241,0.0013701232144167999,-2.8918567826900246,0.0012827535266007033,0.5469436893835415,0.46787425677298133,0.4767345925378438,0.4960565439025466,0.10725,0.012,0.00175,3.164635660355136,0.3014082160268763,-2.8632403856591555,0,-0.32987085153229123,0,3.6046384731974532,0,6.829574341181647,0,,,,,
rxry_czbrick,dn,10,LATE,9,0,RX,10,11008,4000,0,0,0,0,0,0,0,0.0009804047440014228,0.0010105657181191726,0.0005804510036437094,0.0005914893832436258,0.001990970462120595,0.0013035979171506517,-2.929201482833997,0.0011770597718779605,0.6222942228890771,0.3012574945075429,0.3605407545609012,0.7264487177355843,0.241,0.03925,0.006,3.1862573551360667,0.3013629209669506,-2.8848563505651104,0,-0.5210621442998928,0,4.037436194076459,0,7.304307342752786,0,,,,,
rxry_czbrick,dn,10,EARLY,0,0,RX,10,11009,4000,0,0,0,0,0,0,0,0.0009737838707117812,0.0009589807448976562,0.0005688868662935884,0.0005651133120117299,0.0019327646156094374,0.0014045331653944142,-2.8846406186215927,0.0013042456033527112,0.5474894643079034,0.502423213683467,0.49869497388607076,0.47710369884952125,0.102,0.009,0.00075,3.1539639455069475,0.30142576516970965,-2.8524680120592043,0,-0.2989303189431104,0,3.551583104075087,0,6.783864047438382,0,,,,,
rxry_czbrick,dn,10,MIDDLE,5,0,RX,10,11009,4000,0,0,0,0,0,0,0,0.0009578920770393156,0.0009397623576113299,0.0005669164495128965,0.0005725953388879637,0.0018976544346506455,0.0013564448121252868,-2.898193729522454,0.0012641723013260217,0.5293842333843473,0.4899861661264736,0.49454860008186974,0.48795626183834073,0.10075,0.008,0.001,3.169015020775015,0.30141191928094546,-2.8675978776541053,0,-0.3098162176251632,0,3.5642654903131104,0,6.80200908715061,0,,,,,
rxry_czbrick,dn,10,LATE,9,0,RX,10,11009,4000,0,0,0,0,0,0,0,0.0009602524287371228,0.0009755427728204599,0.000572557316042325,0.0005881700559979944,0.0019357952015575828,0.001265369460920234,-2.9367918887748052,0.0011566663767745575,0.6210202792428987,0.28813445162128953,0.35822631923889015,0.7211762207833732,0.2345,0.03575,0.0045,3.199296376180312,0.3013499552262262,-2.897782652155339,0,-0.5404048347881198,0,4.053028966876582,0,7.33208071991725,0,,,,,
rxry_czbrick,dn,12,EARLY,0,0,RX,12,11000,4000,0,0,0,0,0,0,0,0.000247834863184953,0.00024086311186457992,0.00014819727459031986,0.00014580783314324444,0.0004886979750495329,0.0003526417663858285,-3.4787685789858966,0.0003320713601447781,0.535882274918206,0.5056386947110015,0.5028184215753527,0.4691833194102988,0.103,0.0115,0.001,3.7537936844630138,0.30112862234994653,-3.4526662954394705,0,-0.29615969881725845,0,4.120007417479702,0,7.960512209306961,0,,,,,
rxry_czbrick,dn,12,MIDDLE,6,0,RX,12,11000,4000,0,0,0,0,0,0,0,0.0002433886641424175,0.0002448681321649274,0.0001392683152561099,0.00015072099969229555,0.0004882567963073449,0.0003460244749593545,-3.4904830844466606,0.0003232339098939122,0.5493240641516066,0.4715956135920547,0.48290304571165243,0.4846567065669821,0.10775,0.01075,0.00075,3.762032515300276,0.30112615825683364,-3.460893203085082,0,-0.32643048890357296,0,4.205936452623098,0,8.036070360397119,0,,,,,
rxry_czbrick,dn,12,LATE,11,0,RX,12,11000,4000,0,0,0,0,0,0,0,0.00024151491015520136,0.00025143417416936776,0.0001455547420268903,0.000149356828905237,0.000492949084324569,0.00032854087678981783,-3.5285115873715607,0.0002961340953071753,0.613857964041407,0.2999357556045338,0.3621089294246552,0.7110743767940064,0.234,0.0385,0.0055,3.7845137308062293,0.3011137653985083,-3.4834106082350615,0,-0.5229719142831788,0,4.625978472624204,0,8.518751481070339,0,,,,,
rxry_czbrick,dn,12,EARLY,0,0,RX,12,11001,4000,0,0,0,0,0,0,0,0.00024161700329601395,0.00025029858499157323,0.0001473462020601882,0.00015253058053947143,0.0004919155882875872,0.0003692220407237575,-3.4702463301319466,0.0003386520195535082,0.5266271952769221,0.5011494577060382,0.5061882967526354,0.47166206014603174,0.1025,0.00825,0.00125,3.733841569072073,0.3011328207017905,-3.432712389971895,0,-0.30003274601230967,0,4.125433947823443,0,7.952918139662279,0,,,,,
rxry_czbrick,dn,12,MIDDLE,6,0,RX,12,11001,4000,0,0,0,0,0,0,0,0.00025184478388727094,0.00024104837808707345,0.0001541211784693307,0.00014468385459758825,0.0004928931619743444,0.00035698663149561844,-3.474209846753991,0.0003355754283690451,0.5294283062513987,0.48512950809987,0.4927788754902674,0.48107020359335617,0.09875,0.0095,0.00125,3.7484605205410393,0.3011301207859798,-3.4473481461170827,0,-0.3141423141049064,0,4.15032926597846,0,7.981453925447688,0,,,,,
rxry_czbrick,dn,12,LATE,11,0,RX,12,11001,4000,0,0,0,0,0,0,0,0.0002456034169730168,0.0002486491883665833,0.0001505163529381296,0.00015226292877330567,0.0004942526053396,0.0003395576116145939,-3.5200667725676458,0.0003019487439970318,0.609581438512917,0.29658554796847325,0.3613999561386852,0.7438497243493005,0.2425,0.03775,0.0065,3.770197629508841,0.30111611405117644,-3.4690865569284908,0,-0.527850080998564,0,4.65084475797903,0,8.52077440504895,0,,,,,
rxry_czbrick,dn,12,EARLY,0,0,RX,12,11002,4000,0,0,0,0,0,0,0,0.00023538377939076266,0.00024566929696524803,0.00014362884750370413,0.00014423474490983334,0.00048105307635601066,0.00035801256452031445,-3.4840709656712714,0.00032804168524685324,0.5280543665591302,0.5011898172629827,0.502136426291115,0.4631044955026419,0.09425,0.00925,0.002,3.7472567030468915,0.30113033628454966,-3.446101816827993,0,-0.29999776182041216,0,4.150518184646755,0,7.975169296857431,0,,,,,
rxry_czbrick,dn,12,MIDDLE,6,0,RX,12,11002,4000,0,0,0,0,0,0,0,0.00024193600192025415,0.0002442754041027943,0.0001491198686928565,0.0001426804549699351,0.00048621140602304847,0.00034591019030357916,-3.49273876173196,0.0003215594211983158,0.5579779233808462,0.47685105477553824,0.48433141039782357,0.49467602850707015,0.10125,0.01375,0.00275,3.7621724104637124,0.3011272817221222,-3.4610366468456015,0,-0.32161725508030226,0,4.200334456740295,0,8.03366304510391,0,,,,,
rxry_czbrick,dn,12,LATE,11,0,RX,12,11002,4000,0,0,0,0,0,0,0,0.00024128115576014752,0.0002386137391107534,0.00014945522155808665,0.00014332201287561315,0.00047989489487090093,0.0003283202870951709,-3.540836904450396,0.00028784791998378136,0.6183305629661553,0.3019906139219385,0.3650596695379251,0.7086048749424991,0.22775,0.038,0.00375,3.7848394881308325,0.3011143649561161,-3.4837022837041216,0,-0.5200065554895916,0,4.6383208326822345,0,8.521662394236564,0,,,,,
rxry_czbrick,dn,12,EARLY,0,0,RX,12,11003,4000,0,0,0,0,0,0,0,0.00024484637567343307,0.0002476810666557862,0.0001454572557688899,0.00014604662645212785,0.0004925274423292192,0.0003561474780984853,-3.4806393832555913,0.00033064397755318877,0.5429799447395633,0.5073012410152156,0.49941744292399914,0.46928296901913114,0.09875,0.01175,0.00125,3.7495128131926867,0.301130740901433,-3.4483701937507685,0,-0.2947340781384589,0,4.155610428909663,0,7.98330380899902,0,,,,,
rxry_czbrick,dn,12,MIDDLE,6,0,RX,12,11003,4000,0,0,0,0,0,0,0,0.0002449479238008894,0.0002451489789355837,0.00014839597874046902,0.00014547326784592198,0.000490096902736473,0.0003463966189745612,-3.490809368712644,0.00032299115633582776,0.5547214170508568,0.4713821541222317,0.48217614523474595,0.5046107863677426,0.10625,0.01,0.00175,3.7615626730840095,0.30112735626131615,-3.4604263575312957,0,-0.326626949726046,0,4.193558674743548,0,8.030131709279614,0,,,,,
rxry_czbrick,dn,12,LATE,11,0,RX,12,11003,4000,0,0,0,0,0,0,0,0.00025064397344511384,0.0002458592398515806,0.00014718885138295242,0.00014828732259825696,0.0004965032132966945,0.0003284475780683754,-3.5330306470498054,0.00029306864269144196,0.6345015746521074,0.28808781876715306,0.3547987348261856,0.753146503795491,0.24875,0.04325,0.00525,3.7846698672036503,0.3011140458773729,-3.4835339400297904,0,-0.5404751673307548,0,4.668062669597835,0,8.546728856317138,0,,,,,
rxry_czbrick,dn,12,EARLY,0,0,RX,12,11004,4000,0,0,0,0,0,0,0,0.00024144360951241584,0.00023723938449040532,0.0001473735049507891,0.00014659983849369814,0.0004786829940028212,0.00035149840388842233,-3.484092368118794,0.0003280255194371298,0.5338579817763764,0.4983232482922926,0.4947088920504665,0.48268543799876507,0.10725,0.011,0.0015,3.755203613497267,0.3011302029522882,-3.4540766523078004,0,-0.30248885200320463,0,4.1625625542089875,0,7.974526054578168,0,,,,,
rxry_czbrick,dn,12,MIDDLE,6,0,RX,12,11004,4000,0,0,0,0,0,0,0,0.0002449041490685906,0.000239886632940981,0.00015294947098240308,0.00014405667375602877,0.0004847907820095716,0.0003517801410278979,-3.486920215769764,0.0003258965659542979,0.5357345944964877,0.47448329861027727,0.48224455379729025,0.5029516142261792,0.1065,0.011,0.0015,3.7548742376958035,0.3011292977450395,-3.453728681647428,0,-0.3237790702871281,0,4.190401360007147,0,8.023667305450925,0,,,,,
rxry_czbrick,dn,12,LATE,11,0,RX,12,11004,4000,0,0,0,0,0,0,0,0.0002453358482850257,0.00023883982311288988,0.00014011520137651226,0.00014202496285249119,0.0004841756713979155,0.00032199196562288936,-3.5349624957424175,0.0002917678964378868,0.6108828890502065,0.3063223573262032,0.3694407794056724,0.7207505204535811,0.23,0.03775,0.00425,3.793259170311863,0.3011124084835939,-3.4921549647712817,0,-0.5138213315913629,0,4.618838710391937,0,8.502164358019462,0,,,,,
rxry_czbrick,dn,12,EARLY,0,0,RX,12,11005,4000,0,0,0,0,0,0,0,0.00024083408778052348,0.00024711885188670154,0.00014509291581561555,0.0001503573475413363,0.00048795293966722505,0.00035735627440863435,-3.476636200959991,0.0003337058338321083,0.5287245192237289,0.49614704974157525,0.5007974654994093,0.4619006313061901,0.0945,0.01,0.00075,3.748008796723326,0.30113146430090953,-3.446898589906942,0,-0.304389590912306,0,4.148393481404733,0,7.953911843117906,0,,,,,
rxry_czbrick,dn,12,MIDDLE,6,0,RX,12,11005,4000,0,0,0,0,0,0,0,0.00023876324897938704,0.0002470366438989932,0.00014500257258440044,0.00015019983509625344,0.0004857998928783803,0.0003414790458311915,-3.483266961334398,0.0003286495475042898,0.5346061581898924,0.4812526201095786,0.48687219038816903,0.4907251674962102,0.1035,0.0085,0.00075,3.7677744811603118,0.3011266976715863,-3.4666359859551643,0,-0.3176269691517708,0,4.168737091639656,0,8.015010190413104,0,,,,,
rxry_czbrick,dn,12,LATE,11,0,RX,12,11005,4000,0,0,0,0,0,0,0,0.00024401693488301657,0.00025209250026109333,0.0001481577341128766,0.0001526838802998498,0.0004961094351441098,0.00032673214203001946,-3.5205646396584,0.0003016027939240769,0.6072073488594256,0.2816693509627475,0.35470995616998807,0.7675433966130625,0.25025,0.0385,0.0065,3.7869182609137106,0.3011133226069109,-3.485808140112888,0,-0.5502604194138457,0,4.665236474167452,0,8.527985022406698,0,,,,,
rxry_czbrick,dn,12,EARLY,0,0,RX,12,11006,4000,0,0,0,0,0,0,0,0.00023954303588447163,0.00024648906573248404,0.0001399293414275157,0.00014666179203633452,0.0004860321016169557,0.0003564867938388591,-3.483522168565466,0.000328456477811488,0.5292992321041954,0.5064259657533118,0.502517750825238,0.4840258672059845,0.1045,0.00975,0.00075,3.749070736055744,0.3011314819730533,-3.447956558268748,0,-0.2954840372735503,0,4.126265022869687,0,7.946977119277843,0,,,,,
rxry_czbrick,dn,12,MIDDLE,6,0,RX,12,11006,4000,0,0,0,0,0,0,0,0.0002389660831279349,0.00024303205036713734,0.00014532892687434072,0.00014278597740173494,0.00048199813349507223,0.0003498245821847887,-3.4900722209198967,0.0003235398494568569,0.5409698900345692,0.4711496312543574,0.4801711134244078,0.49975010956386234,0.11225,0.0125,0.00025,3.757296055099464,0.30112625514819014,-3.456149686463868,0,-0.3268411599169736,0,4.214049788122535,0,8.05355126520491,0,,,,,
rxry_czbrick,dn,12,LATE,11,0,RX,12,11006,4000,0,0,0,0,0,0,0,0.00024089438342082874,0.0002450164914850097,0.0001518537600265513,0.00014582542869211241,0.0004859108749058384,0.00032867443105204106,-3.538371522158837,0.00028948660820002836,0.6266672091695216,0.30021072765245893,0.3648198126218331,0.7300993323079547,0.23375,0.03975,0.00425,3.7843542867352253,0.3011149118251175,-3.4832340802032,0,-0.5225737928504814,0,4.629712702580145,0,8.534913830728769,0,,,,,
rxry_czbrick,dn,12,EARLY,0,0,RX,12,11007,4000,0,0,0,0,0,0,0,0.0002449332614089277,0.00025162272990254797,0.0001492306178702739,0.00015293294932178925,0.0004965559913114757,0.0003690095021150678,-3.469100693719651,0.0003395465376094283,0.5259164076908602,0.4973838412917303,0.5013694077466246,0.4681576731647217,0.09925,0.0125,0.001,3.7340823147684974,0.30113468360068074,-3.432962478737782,0,-0.3033083321854599,0,4.111640454404334,0,7.933017487280268,0,,,,,
rxry_czbrick,dn,12,MIDDLE,6,0,RX,12,11007,4000,0,0,0,0,0,0,0,0.00025636882812019756,0.00024767049053043465,0.00015244804515538102,0.00014628850880821003,0.0005040393186506322,0.00036435569518346875,-3.4665976337029267,0.00034150916741073283,0.5369830174189332,0.4778115919446504,0.4853217559943874,0.4977691785873048,0.10775,0.0105,0.0025,3.7396044244218043,0.3011328584540909,-3.438474437777979,0,-0.3207433187288986,0,4.159318721500335,0,7.976826633172809,0,,,,,
rxry_czbrick,dn,12,LATE,11,0,RX,12,11007,4000,0,0,0,0,0,0,0,0.000249404597448222,0.00024827546632725877,0.00015319042998546362,0.00015549793295282165,0.0004976800637754808,0.00034400796532926896,-3.5132932605976146,0.0003066950307873495,0.5909949804800783,0.29567042821292966,0.36393255789587237,0.7379270517532575,0.23675,0.039,0.00625,3.764550674798607,0.3011196436514527,-3.463431517674117,0,-0.5291921258726946,0,4.633985730683491,0,8.497627774799954,0,,,,,
rxry_czbrick,dn,12,EARLY,0,0,RX,12,11008,4000,0,0,0,0,0,0,0,0.00024441800779243455,0.00024216260812045075,0.00015209661770915455,0.00014540928583038618,0.0004865806159128854,0.00035522933689723785,-3.4768824456837444,0.00033351667644562283,0.5282751613868037,0.4972097995146359,0.49432978906709185,0.5002724612623766,0.107,0.01075,0.00175,3.750603939056673,0.30113026174053537,-3.4494911805337187,0,-0.30346050375684314,0,4.157352916155235,0,8.003933917198026,0,,,,,
rxry_czbrick,dn,12,MIDDLE,6,0,RX,12,11008,4000,0,0,0,0,0,0,0,0.00024165145752069405,0.0002428273515756951,0.0001472806378103137,0.00014922210772350976,0.00048447880909638916,0.0003540626479406673,-3.4875658893058623,0.0003254124095703428,0.5478826392201621,0.4672906531355595,0.4795893979506718,0.508790736852276,0.10675,0.0105,0.00025,3.75203457853035,0.30112922881794435,-3.450919915154034,0,-0.3304129441079726,0,4.198483224058386,0,8.01939240007157,0,,,,,
rxry_czbrick,dn,12,LATE,11,0,RX,12,11008,4000,0,0,0,0,0,0,0,0.00024150542999564715,0.0002407553967270275,0.00014863649925235862,0.00014919484021611197,0.0004822608267226747,0.00033300154463946545,-3.533022940649497,0.0002930738431358659,0.6061624828094319,0.29934900968331524,0.3650297095447184,0.7339368249174396,0.2335,0.03625,0.005,3.7786577719140864,0.30111541007647835,-3.4775537691150813,0,-0.5238228240992353,0,4.653787497079753,0,8.54645460728587,0,,,,,
rxry_czbrick,dn,12,EARLY,0,0,RX,12,11009,4000,0,0,0,0,0,0,0,0.000246363111630783,0.00024459787657065557,0.00014973425876379262,0.00014623353729691205,0.0004909609882014386,0.0003575130131892025,-3.4757737914301696,0.0003343691556935199,0.5380279370378256,0.4961281048963196,0.49808254309938754,0.470423551427155,0.09775,0.0115,0.00125,3.7478432027501496,0.3011295266455214,-3.446708186687391,0,-0.3044061933710793,0,4.15483885492086,0,7.983623671435842,0,,,,,
rxry_czbrick,dn,12,MIDDLE,6,0,RX,12,11009,4000,0,0,0,0,0,0,0,0.00024064478615683905,0.00024538852346067696,0.0001506230506536224,0.00014692304350087977,0.000486033309617516,0.00035638532878092856,-3.488376294076358,0.00032480574777100273,0.5453878871535096,0.46321521762032525,0.4801013899483106,0.4848072812447529,0.10825,0.0095,0.0015,3.7492080557690293,0.30112990435275555,-3.448080263418776,0,-0.33421718166819614,0,4.201480921962409,0,8.022587158306575,0,,,,,
rxry_czbrick,dn,12,LATE,11,0,RX,12,11009,4000,0,0,0,0,0,0,0,0.00023911212302582072,0.00024044153840151332,0.00014769447646971674,0.00014361610411174174,0.0004795536614273341,0.0003204539983278392,-3.539895135691835,0.0002884727962548272,0.6156772090102685,0.29838590719864017,0.36435953095541695,0.7148648756287779,0.227,0.03825,0.0045,3.7953571493031735,0.30111404988199997,-3.494234384255112,0,-0.525221722407677,0,4.631591452184491,0,8.510154772785587,0,,,,,
rxry_czbrick,dn,14,EARLY,0,0,RX,14,11000,4000,0,0,0,0,0,0,0,6.205664292766001e-05,6.238555218605564e-05,3.799194290007016e-05,3.804040480134326e-05,0.00012444219511371566,9.172696383674082e-05,-4.066069032334915,8.588769897305164e-05,0.5228803300680771,0.4830954139841243,0.49276287084463194,0.4830604291570617,0.1045,0.00975,0.00125,4.33856011775249,0.30105558791581544,-4.037502993491611,0,-0.3159670852944248,0,4.734880340161132,0,9.153495952229129,0,,,,,
rxry_czbrick,dn,14,MIDDLE,7,0,RX,14,11000,4000,0,0,0,0,0,0,0,6.208599518909197e-05,6.248299342169837e-05,3.6833671048724866e-05,3.7991898844698795e-05,0.00012456898861079035,9.1827457682155e-05,-4.07006175810036,8.510170121858904e-05,0.5292874064239284,0.4885357321233692,0.49469502393602516,0.4729644000395845,0.0975,0.009,0.00075,4.338087120957166,0.3010560527366377,-4.037027458446406,0,-0.3111038175666823,0,4.727907813295774,0,9.150060627361311,0,,,,,
rxry_czbrick,dn,14,LATE,13,0,RX,14,11000,4000,0,0,0,0,0,0,0,6.28960596909216e-05,6.242366834916835e-05,3.797918345660017e-05,3.8691558807074215e-05,0.00012531972804008995,8.514134590980936e-05,-4.114833698704999,7.67655385901751e-05,0.62454952892673,0.286786582060499,0.35730885922199435,0.7073853060535622,0.2275,0.03425,0.004,4.3709080396162205,0.3010518397902118,-4.069859502072411,0,-0.5424411804968987,0,5.235812261918564,0,9.640867310835535,0,,,,,
rxry_czbrick,dn,14,EARLY,0,0,RX,14,11001,4000,0,0,0,0,0,0,0,6.023375934738705e-05,6.258239409313907e-05,3.7699105884964316e-05,3.770601864973835e-05,0.0001228161534405261,9.010230797076976e-05,-4.071486377254695,8.482299889149611e-05,0.518328205651807,0.49415238449510657,0.4986796781161227,0.4800308130834424,0.095,0.0075,0.00125,4.346331450314041,0.3010553117755188,-4.04526410216317,0,-0.3061391304979998,0,4.734218493860535,0,9.16911191179712,0,,,,,
rxry_czbrick,dn,14,MIDDLE,7,0,RX,14,11001,4000,0,0,0,0,0,0,0,6.0457457599213934e-05,6.13176527018435e-05,3.699829969689791e-05,3.7207092814489504e-05,0.00012177511030105745,9.036854065808156e-05,-4.080589410482307,8.306356937717239e-05,0.5208332030267817,0.4880498456981767,0.4889501582834975,0.49073761309181263,0.10675,0.00825,0.001,4.345035729069364,0.30105509447209267,-4.04398273115199,0,-0.31153587025067686,0,4.7595491133624055,0,9.176394611666698,0,,,,,
rxry_czbrick,dn,14,LATE,13,0,RX,14,11001,4000,0,0,0,0,0,0,0,6.052666591602531e-05,6.013563754451659e-05,3.75796027451439e-05,3.674205495962108e-05,0.00012066230346054188,8.27143448809621e-05,-4.128227735804756,7.443415529308967e-05,0.6086358243553187,0.29700820686796325,0.3586256000058066,0.7278072428225912,0.2395,0.03975,0.00525,4.383479427875583,0.30105154195232453,-4.08241916563117,0,-0.5272315657310405,0,5.226350892499898,0,9.714156153450674,0,,,,,
rxry_czbrick,dn,14,EARLY,0,0,RX,14,11002,4000,0,0,0,0,0,0,0,6.035591786477533e-05,6.243299647007787e-05,3.734695309856603e-05,3.7386797176080746e-05,0.0001227889143348532,9.008237998447114e-05,-4.074954723766733,8.41482863663589e-05,0.5241327145803729,0.4990693271286928,0.4967029164001766,0.46612751631177746,0.093,0.00675,0.001,4.346412872018683,0.30105515596473786,-4.045360148297009,0,-0.30183920045992846,0,4.742112359199119,0,9.174245887150654,0,,,,,
rxry_czbrick,dn,14,MIDDLE,7,0,RX,14,11002,4000,0,0,0,0,0,0,0,6.17128839170112e-05,6.18184306979721e-05,3.709252338103807e-05,3.699810898984974e-05,0.00012353131461498328,8.93851393730979e-05,-4.082863257940859,8.262980770232081e-05,0.5361941073054628,0.4995826147127864,0.4919976308971878,0.49177641109014664,0.10075,0.0105,0.001,4.349793157097921,0.3010550666356204,-4.048734690678322,0,-0.30139268492731286,0,4.761612448387197,0,9.182685319816414,0,,,,,
rxry_czbrick,dn,14,LATE,13,0,RX,14,11002,4000,0,0,0,0,0,0,0,6.277017498321547e-05,6.0572911960077816e-05,3.83812360161572e-05,3.681859041562825e-05,0.0001233430869432933,8.293138578408009e-05,-4.122062246407833,7.549840098258179e-05,0.590549212621668,0.3079532857576098,0.3692676817295136,0.710837098594476,0.22925,0.035,0.00475,4.382333922432505,0.30105164674841767,-4.0812810779443005,0,-0.5115151685226222,0,5.2185411342613515,0,9.694876633943561,0,,,,,
rxry_czbrick,dn,14,EARLY,0,0,RX,14,11003,4000,0,0,0,0,0,0,0,6.229865516583033e-05,6.12086088875263e-05,3.7541878632931696e-05,3.69654074390571e-05,0.00012350726405335662,9.343801624774205e-05,-4.07826354948551,8.350960904490978e-05,0.5306385998034759,0.5077302363919473,0.503356573422684,0.4750495672599271,0.09825,0.00875,0.00125,4.330529258208312,0.3010556807988223,-4.0294764015147395,0,-0.294366982557596,0,4.731945807102587,0,9.14337927862235,0,,,,,
rxry_czbrick,dn,14,MIDDLE,7,0,RX,14,11003,4000,0,0,0,0,0,0,0,6.095811017435329e-05,6.072690221267436e-05,3.743047291632119e-05,3.814146927672574e-05,0.00012168501238702767,8.900100549167565e-05,-4.082719440230404,8.265717530222932e-05,0.5343007515457545,0.4687984441425185,0.47835401469368016,0.5030893258335539,0.1095,0.012,0.00175,4.351655080892119,0.3010548184674182,-4.050605095017145,0,-0.3290138455437046,0,4.806281666929841,0,9.210747999222068,0,,,,,
rxry_czbrick,dn,14,LATE,13,0,RX,14,11003,4000,0,0,0,0,0,0,0,6.280292188020119e-05,6.108141930496914e-05,3.7892455219746686e-05,3.786226243536509e-05,0.00012388434118517033,8.47058616442086e-05,-4.127446597866652,7.456815575993935e-05,0.6112072278802385,0.29975449949728933,0.3663693813906466,0.7397432680448486,0.2335,0.03825,0.0055,4.373134937988962,0.30105211557569334,-4.072086535579149,0,-0.5232344391560988,0,5.234952442494252,0,9.686683745089486,0,,,,,
rxry_czbrick,dn,14,EARLY,0,0,RX,14,11004,4000,0,0,0,0,0,0,0,6.338559152800284e-05,6.086009450649612e-05,3.72811880913777e-05,3.632381126476165e-05,0.00012424568603449894,9.016131735132861e-05,-4.070005854975412,8.511265635949339e-05,0.521895972978637,0.5154743514113356,0.5065084116853623,0.47649738758706306,0.09825,0.0055,0.00075,4.346035536020439,0.30105520867795565,-4.044979754607615,0,-0.2877929888906246,0,4.724795850079344,0,9.167055290440945,0,,,,,
rxry_czbrick,dn,14,MIDDLE,7,0,RX,14,11004,4000,0,0,0,0,0,0,0,6.227888978722036e-05,6.124399570791507e-05,3.7841679795000665e-05,3.745360826514635e-05,0.00012352288549513543,9.042045456460791e-05,-4.075202274310836,8.410033498962125e-05,0.5317522974048194,0.4812114904339047,0.4839996557877937,0.522809099302329,0.1105,0.0105,0.00075,4.344789721240114,0.301055547130189,-4.043733322339408,0,-0.3176640177171478,0,4.784707799262623,0,9.201854697304203,0,,,,,
rxry_czbrick,dn,14,LATE,13,0,RX,14,11004,4000,0,0,0,0,0,0,0,6.348121172064537e-05,6.200950735436164e-05,3.829943442313583e-05,3.796058739198165e-05,0.000125490719075007,8.475773900716234e-05,-4.119292901855007,7.598136618718068e-05,0.5942601918562906,0.2962453873902623,0.36467877843498264,0.7338571745903668,0.236,0.03875,0.0055,4.372869298535413,0.30105177435182773,-4.07182064596776,0,-0.5283484077404249,0,5.242696003762617,0,9.700937696166644,0,,,,,
rxry_czbrick,dn,14,EARLY,0,0,RX,14,11005,4000,0,0,0,0,0,0,0,5.967662997736756e-05,6.0676431832549726e-05,3.636193410834181e-05,3.661786230952148e-05,0.00012035306180991728,9.003761443449819e-05,-4.074301360264873,8.427497643105758e-05,0.5150890190642254,0.49808269446379183,0.5006453376172618,0.47992151151687384,0.09625,0.00975,0.0005,4.346627325809995,0.30105531960298415,-4.045576020247259,0,-0.30269870493391604,0,4.748258354800467,0,9.150547236131892,0,,,,,
rxry_czbrick,dn,14,MIDDLE,7,0,RX,14,11005,4000,0,0,0,0,0,0,0,6.083490673426581e-05,6.073544215346585e-05,3.69121400554552e-05,3.695214750972054e-05,0.00012157034888773166,8.899982702665227e-05,-4.084059419735268,8.240253649763485e-05,0.5339767111388096,0.47569341091123485,0.4850667367107585,0.47815010990402107,0.1005,0.01225,0.002,4.351665386120144,0.30105488115173795,-4.050610854534515,0,-0.3226729245962898,0,4.785827207757517,0,9.20046896619845,0,,,,,
rxry_czbrick,dn,14,LATE,13,0,RX,14,11005,4000,0,0,0,0,0,0,0,5.980706471054775e-05,6.133609871268645e-05,3.6829905995083266e-05,3.833221510159982e-05,0.00012114316342323422,8.205603908865473e-05,-4.130417326842493,7.405982357795658e-05,0.6000224900228845,0.2788505254630893,0.35576400766720806,0.7364271309237669,0.238,0.03775,0.00475,4.386940019470808,0.301051066171095,-4.08588945174632,0,-0.5546285432906557,0,5.276867729285499,0,9.735348766221104,0,,,,,
rxry_czbrick,dn,14,EARLY,0,0,RX,14,11006,4000,0,0,0,0,0,0,0,6.315703553381275e-05,6.31250160789167e-05,3.794704698107084e-05,3.7893769833894824e-05,0.00012628205161272947,9.109326986406462e-05,-4.070040607898784,8.510584578417545e-05,0.5135333854467348,0.49523720218045086,0.49839383428864176,0.4889365286540866,0.0995,0.01025,0.001,4.341573927694032,0.3010557895282937,-4.040513708770474,0,-0.3051867569982718,0,4.751341251669522,0,9.159556304300235,0,,,,,
rxry_czbrick,dn,14,MIDDLE,7,0,RX,14,11006,4000,0,0,0,0,0,0,0,6.060350558916968e-05,6.269475068529911e-05,3.8227143323096e-05,3.715430182828304e-05,0.00012329825627446878,8.937213473461224e-05,-4.077122259485931,8.37293540038918e-05,0.52701629541682,0.48031206984569286,0.49038449000341516,0.48521777501027386,0.1,0.00975,0.0015,4.34985034265215,0.301055031443233,-4.048797878108229,0,-0.3184765003779809,0,4.767903600289931,0,9.194124993478393,0,,,,,
rxry_czbrick,dn,14,LATE,13,0,RX,14,11006,4000,0,0,0,0,0,0,0,6.069884397111775e-05,6.248909445418834e-05,3.6807780447122945e-05,3.7820462912794096e-05,0.00012318793842530608,8.39432059439952e-05,-4.123073552213898,7.532279860648047e-05,0.6108153287824098,0.30303719418701747,0.3657280187510115,0.7148786132854101,0.22925,0.039,0.0055,4.3770633253940225,0.30105171286345955,-4.07601455127107,0,-0.5185041082413957,0,5.205836213651187,0,9.691023054018892,0,,,,,
rxry_czbrick,dn,14,EARLY,0,0,RX,14,11007,4000,0,0,0,0,0,0,0,6.242252696419188e-05,6.311503696442084e-05,3.9017404751602754e-05,3.799191305454908e-05,0.00012553756392861274,9.414803599004305e-05,-4.064684276565954,8.616199050579494e-05,0.5161461770069966,0.48982315815059085,0.4962726193585632,0.48225363663828613,0.106,0.01025,0.0005,4.327239988717925,0.30105636713656425,-4.026188736285986,0,-0.3099608267412288,0,4.733949835904066,0,9.139047709994504,0,,,,,
rxry_czbrick,dn,14,MIDDLE,7,0,RX,14,11007,4000,0,0,0,0,0,0,0,6.122454555539018e-05,6.188264922081037e-05,3.795539830103453e-05,3.867616326518838e-05,0.00012310719477620055,9.102178823499073e-05,-4.076478599906343,8.385353968854847e-05,0.5279131851137886,0.48652469855946456,0.4923235081247996,0.47728923749539626,0.10125,0.01225,0.00125,4.3419126120830995,0.30105586962549746,-4.040854641237203,0,-0.31289510813859206,0,4.754817659752453,0,9.157656485215963,0,,,,,
rxry_czbrick,dn,14,LATE,13,0,RX,14,11007,4000,0,0,0,0,0,0,0,6.20245179477485e-05,6.274709534623637e-05,3.914227714716444e-05,3.920724675851887e-05,0.0001247716132939849,8.759947820276081e-05,-4.1132149803886495,7.705219580800134e-05,0.5892179666510682,0.28876666003269286,0.3590481035344076,0.7448429263110001,0.24475,0.033,0.00425,4.358560426644495,0.3010524077497161,-4.05749849291197,0,-0.5394530545996268,0,5.229893665120802,0,9.69820784192741,0,,,,,
rxry_czbrick,dn,14,EARLY,0,0,RX,14,11008,4000,0,0,0,0,0,0,0,6.056285685042728e-05,6.328556634568304e-05,3.665310121726848e-05,3.800552973446525e-05,0.00012384842319611034,9.110972418130102e-05,-4.072157390587366,8.469204301326397e-05,0.5287841726543037,0.5041307242404585,0.5023697591410227,0.4791254554715927,0.10325,0.0095,0.0005,4.341498524668835,0.3010557803031304,-4.040435271865759,0,-0.2974568718802242,0,4.7302127429147145,0,9.160283671389262,0,,,,,
rxry_czbrick,dn,14,MIDDLE,7,0,RX,14,11008,4000,0,0,0,0,0,0,0,6.225175461532618e-05,6.040902704231662e-05,3.728668676458793e-05,3.69439092749756e-05,0.0001226607816576428,8.797401682659426e-05,-4.0844613962174625,8.232630122786197e-05,0.5284657667983712,0.4837703861590694,0.4916194577604623,0.4730059500452629,0.098,0.0085,0.00075,4.356697590854274,0.30105450696049685,-4.055645607436247,0,-0.31536072085660877,0,4.784408092203213,0,9.200154368978172,0,,,,,
rxry_czbrick,dn,14,LATE,13,0,RX,14,11008,4000,0,0,0,0,0,0,0,6.178129373517862e-05,6.097228011447137e-05,3.578267532967939e-05,3.735804447879847e-05,0.00012275357384964998,8.159399639836913e-05,-4.134648090890632,7.334185819951891e-05,0.597452809332252,0.295951659867154,0.35849639962312196,0.7422912967850268,0.243,0.04,0.00525,4.389390100607881,0.3010511133953968,-4.088341817261691,0,-0.5287792316414568,0,5.26374029695646,0,9.754335535006676,0,,,,,
rxry_czbrick,dn,14,EARLY,0,0,RX,14,11009,4000,0,0,0,0,0,0,0,6.249611432021071e-05,6.160278187640287e-05,3.717709521446724e-05,3.730835875172343e-05,0.00012409889619661356,9.240353557166673e-05,-4.073056522486786,8.451688411067555e-05,0.5466512412468028,0.4992155152836636,0.4987615679463338,0.48463080035150335,0.0985,0.01025,0.001,4.335363858976356,0.30105569553776435,-4.034311411679267,0,-0.30171194249736244,0,4.762103305269628,0,9.174343016179666,0,,,,,
rxry_czbrick,dn,14,MIDDLE,7,0,RX,14,11009,4000,0,0,0,0,0,0,0,6.067934521952479e-05,6.108476387748282e-05,3.799328304771733e-05,3.646553061607167e-05,0.0001217641090970076,8.802868345755278e-05,-4.08149819899653,8.288993536815442e-05,0.5381308293921832,0.4719971848682819,0.4850307793199772,0.49125084927707435,0.1015,0.00875,0.00075,4.35643148525244,0.30105446975687267,-4.055375814733154,0,-0.3260605921061082,0,4.788880709984076,0,9.240023656785759,0,,,,,
rxry_czbrick,dn,14,LATE,13,0,RX,14,11009,4000,0,0,0,0,0,0,0,6.144414262328733e-05,6.2413538778339e-05,3.7360259262972034e-05,3.695472938273131e-05,0.00012385768140162632,8.433437161021814e-05,-4.118984007273244,7.603542761775417e-05,0.6085009933799981,0.2888573692124472,0.36341153612586263,0.7545995911841559,0.2415,0.03875,0.00425,4.375047700125862,0.30105187967233205,-4.073995437181429,0,-0.5393165599582568,0,5.244987203344279,0,9.731829066116092,0,,,,,
