family,regime,position,fit_range,seed,n_min,n_max,n_points,n_used,samples_per_n,b_S,a_S,r2_S,max_abs_resid_S,resid_S,b_r,a_r,r2_r,max_abs_resid_r,resid_r,b_LE,a_LE,r2_LE,max_abs_resid_LE,resid_LE,b_SWAP,a_SWAP,r2_SWAP,max_abs_resid_SWAP,resid_SWAP,pred_LE,pred_SWAP,gap_obs,gap_pred,eps_LE,eps_SWAP,eps_gap,ratio_obs,ratio_pred,ratio_diff
rx_product,product,k=0,primary,11000,2,20,10,2 4 6 8 10 12 14 16 18 20,25000,0.6002534817921635,0.9037871641320422,0.9999731414053521,0.031642647311676875,-0.0130676 -0.00675539 0.0301339 0.0149062 -0.0316426 -0.00582667 0.000851293 0.0247109 0.00082172 -0.0141317,-1.8756985221053518e-05,-0.150582474598405,0.0034089557677953186,0.0030086354524605785,-0.00113802 0.00300864 -0.00250587 0.000638437 -0.00244608 0.000731402 0.00265994 0.000423727 0.00036115 -0.00173331,0.6048357757046995,-0.37732361966363315,0.9998621822338033,0.09565638346108185,-0.0956564 0.0351174 0.0222675 0.0193033 0.0495992 0.0376816 -0.00379697 -0.0284459 -0.0221641 -0.0139058,1.1995610825719836,-0.883153212200171,0.9999737446577878,0.0587928061153935,0.0257908 0.0020151 -0.0384117 -0.0396559 0.0587928 0.0384404 -0.0379411 -0.0311208 -0.0130814 0.0351718,0.6002159678217214,1.200469449613885,0.5947253068672841,0.6002534817921635,0.004619807882978111,-0.0009083670419014478,-0.005528174924879448,1.9832839437686443,2.000062500787139,-0.016778557018494844
rx_product,product,k=0,primary,11001,2,20,10,2 4 6 8 10 12 14 16 18 20,25000,0.6026533408904376,0.9225137308992922,0.999965346903344,0.03464490114670582,-0.0231551 -0.00407302 0.0105699 0.00939893 0.0310681 -0.0156403 -0.00710682 0.0346449 -0.0301519 -0.00555475,4.6049386415565946e-05,-0.15018435442415098,0.012184410202429774,0.003770264473899554,0.000337382 0.00377026 -0.0020247 -0.000878648 -0.00347613 0.00315339 -0.00344245 0.000590927 0.000158796 0.00181116,0.6084565594112777,-0.3995543280682166,0.9998833493624542,0.08226879662801867,-0.0822688 0.0340505 0.0306545 0.0441274 0.000251712 0.0165739 -0.00237904 -0.0478592 0.0239702 -0.0171212,1.2038947990052542,-0.9154604800176236,0.9999554696937839,0.08890189310911012,0.0541686 0.00672489 -0.0228872 -0.011059 -0.0615297 0.016126 0.0119338 -0.0889019 0.070394 0.0250304,0.6027454396632688,1.2053987805537065,0.5954382395939765,0.6026533408904376,0.005711119748008975,-0.0015039815484523267,-0.0072151012964611905,1.9786043561928277,1.9998472012117048,-0.021242845018877077
rx_product,product,k=0,primary,11002,2,20,10,2 4 6 8 10 12 14 16 18 20,25000,0.6018328747455084,0.9147826329519534,0.9999737581555198,0.038820616438172806,-0.00949435 -0.00182202 0.00407473 -0.0153762 0.00946908 0.0265793 0.0190147 -0.00406335 -0.0388206 0.0104388,-7.123265473574256e-05,-0.14990846351942566,0.01925097068909376,0.006098635338167097,0.00378481 -7.96924e-06 -0.000128465 -0.00268996 -0.00411855 -0.00229565 -0.00020163 0.00609864 0.00122239 -0.00166362,0.6061702920042228,-0.38339149432687264,0.999816429152249,0.11139694934607203,-0.111397 0.0374107 0.0380167 0.0467509 0.0370984 0.00545917 -0.0129133 -0.0188017 0.0256795 -0.0473034,1.2015044054352462,-0.8917650134371549,0.9999743171231109,0.08551018970141655,0.0179273 0.0115435 -0.0238004 0.00348589 0.00211442 -0.0273212 -0.0374259 0.0087368 0.0855102 -0.0407707,0.6016904094360369,1.2035232841815453,0.5953341134310234,0.6018328747455084,0.004479882568185878,-0.0020188787462991353,-0.006498761314485013,1.982123540668133,2.0002367751043346,-0.01811323443620161
rx_product,product,k=0,primary,11003,2,20,10,2 4 6 8 10 12 14 16 18 20,25000,0.6020311451894339,0.9253097338935344,0.9999611766129488,0.05106250292661052,-0.0225933 -0.00370741 0.0199032 0.00434556 -0.0146511 0.0510625 -0.0119038 -0.00044548 -0.0267896 0.00477933,-0.0001625888109852011,-0.15125579009467027,0.2784731857481555,0.0029713951384581494,-0.00139311 0.00280602 -0.000413701 0.000768353 -0.0029714 -0.000186346 0.00126948 0.000572148 -0.000974765 0.000523318,0.6068544054822601,-0.39763435136693626,0.9998660410049862,0.08625297719123459,-0.086253 0.0391455 0.0160215 0.0391121 0.0449295 -0.0434634 0.0246167 -0.00545223 0.00255022 -0.0312069,1.2021325031421606,-0.9194965771422857,0.9999572310888223,0.11903496541457592,0.0442827 0.00919763 -0.0314649 0.00662787 0.0109113 -0.119035 0.0280209 -0.000611235 0.0471046 0.00496602,0.6017059675674635,1.2037371127568974,0.5952780976599005,0.6020311451894339,0.0051484379147965775,-0.0016046096147368516,-0.006753047529533429,1.980924077146379,2.0005404261208923,-0.019616348974513365
rx_product,product,k=0,primary,11004,2,20,10,2 4 6 8 10 12 14 16 18 20,25000,0.6008253213709549,0.9024927104647216,0.9999843485268683,0.02380770229454665,-0.00528223 0.00744411 0.0119402 0.00509298 -0.0219448 -0.0238077 0.0200194 0.0118138 -0.00488301 -0.000392712,2.2845777184131394e-05,-0.15130112367510382,0.005155577755219021,0.0037439067803089754,0.000920336 -0.000321714 0.00170274 -0.0022556 -0.00374391 0.00309628 0.000480799 0.000182753 0.000431644 -0.000493328,0.6055989578461535,-0.3698091310077998,0.9998303629421257,0.10923407646945904,-0.109234 0.0443804 0.0261907 0.028011 0.0546 0.0275774 -0.015293 -0.0255231 -0.00972247 -0.020987,1.1997116984673124,-0.8641610575026573,0.9999767497428367,0.057420474588179005,0.0132311 0.0245798 -0.0314465 -0.0316754 0.0373838 0.032799 -0.0574205 -0.036002 0.0206099 0.0279407,0.6008710129253232,1.201696334296278,0.5941127406211589,0.6008253213709549,0.004727944920830285,-0.0019846358289656862,-0.006712580749795971,1.981033294268131,1.999923957798953,-0.018890663530821916
rx_product,product,k=0,primary,11005,2,20,10,2 4 6 8 10 12 14 16 18 20,25000,0.6012434915967652,0.9076507362813867,0.9999744628714347,0.03782864463283531,-0.0128461 0.0259285 0.00152058 -0.0039165 -0.00437459 -0.00011362 -0.0207466 -0.0161096 0.0378286 -0.00717066,0.00010448860539938055,-0.14966893170663012,0.06701844936964008,0.005355799143855006,0.00113645 -0.000374981 0.000108355 0.00118328 -0.00114193 -0.0053558 0.00174034 0.00221305 0.00239936 -0.00190813,0.6061855869017907,-0.38222181300854113,0.9998614171217434,0.09240472828566926,-0.0924047 0.0144214 0.0441448 0.023066 0.043962 0.0127966 0.0108931 0.0105249 -0.0558636 -0.0115404,1.1996736495506373,-0.8724768398610814,0.9999818541732698,0.062056934021246235,0.0300342 -0.037624 -0.0107031 -0.0175048 0.0223221 0.0142422 0.0256073 0.0136455 -0.0620569 0.0220376,0.6014524688075639,1.202695960404329,0.5934880626488466,0.6012434915967652,0.004733118094226829,-0.0030223108536917564,-0.007755428947918586,1.979053404555788,1.999652545759413,-0.02059914120362505
rx_product,product,k=0,primary,11006,2,20,10,2 4 6 8 10 12 14 16 18 20,25000,0.6015298852727603,0.9134495095827441,0.9999847232566513,0.02956291295624247,-0.00819267 0.000846293 -0.0141634 0.0141493 0.00540275 0.0295629 -0.0147439 -0.00267444 -0.014473 0.00428619,0.00015555408567679684,-0.14952808793724287,0.6185579522275304,0.0010120986378155394,-0.000974192 0.000670036 0.000628866 -0.000569565 0.0010121 -0.000511445 -2.81919e-05 -0.000709561 0.00091175 -0.000429795,0.6067820904250728,-0.38257572710270693,0.9998381514990338,0.11026851641884505,-0.110269 0.0368256 0.0641062 0.028717 0.021909 -0.00567241 0.00500425 -0.00444449 -0.0162119 -0.0199646,1.2009317186434363,-0.887451714905576,0.9999843327492289,0.07220297953762511,0.014081 0.00298932 0.0290331 -0.0139282 0.00360998 -0.072203 -0.00940037 0.00377839 0.0211006 0.0209392,0.6018409934441139,1.2033708787168742,0.5941496282183635,0.6015298852727603,0.004941096980958903,-0.002439160073437918,-0.0073802570543968216,1.979181221057695,1.9994830724813655,-0.02030185142367058
rx_product,product,k=0,primary,11007,2,20,10,2 4 6 8 10 12 14 16 18 20,25000,0.6005037205907825,0.8992890047531078,0.9999888424423058,0.019578208077898118,0.000833634 -0.00602321 -0.00971354 0.0195782 0.00897322 0.00310598 -0.00745685 -0.0175251 -0.00866068 0.0168884,-0.0002724059480712265,-0.15344388284912477,0.48735657992036163,0.0035250324374215825,0.00228198 -0.000515483 -0.00352503 0.000148966 0.00186325 -0.000675503 -0.000889926 0.00126382 0.000895355 -0.000847426,0.6053832341245821,-0.37026761078218456,0.9998038840450739,0.1156511710415048,-0.115651 0.039777 0.0640571 0.0201107 -0.000213287 0.0181143 0.0143563 0.0257701 -0.012419 -0.0539019,1.1988892280083758,-0.860332001149474,0.9999755846218734,0.05895493843787136,-0.00512284 0.0124465 0.029183 -0.0368788 -0.0404513 -0.0103057 0.0215144 0.0589549 0.0245515 -0.0538917,0.5999589086946401,1.2004626292854226,0.5935059938837938,0.6005037205907825,0.0054243254299419785,-0.0015734012770467487,-0.006997726706988727,1.9803806257403818,2.000908082017363,-0.02052745627698127
rx_product,product,k=0,primary,11008,2,20,10,2 4 6 8 10 12 14 16 18 20,25000,0.6001087581367345,0.9034238982960272,0.999989263049091,0.0209438773080155,-0.00713251 0.00175988 -0.00605643 -0.00262072 0.00193404 0.0193363 0.0209439 -0.0172213 -0.00717159 -0.00377156,5.4260505454156556e-05,-0.14942778527691788,0.0209672611899413,0.0042892740443216115,-0.00179772 0.00178099 0.00226979 -0.00020104 -0.00163416 0.00152011 -0.00151993 -0.00428927 0.0024779 0.00139332,0.6058684637211632,-0.38679481163819823,0.9998651956034922,0.10026823663511997,-0.100268 0.0376293 0.0432748 0.020693 0.0378737 -0.00262657 -0.00218399 0.00358768 -0.00518804 -0.0327917,1.198343016699204,-0.8796593268355305,0.9999895042053807,0.043719640633732126,0.0219372 0.0144341 -0.000241097 -0.014915 -0.0110075 -0.0437196 -0.0245338 0.0331508 0.0154854 0.00940943,0.6002172791476428,1.2003260372843774,0.5924745529780407,0.6001087581367345,0.005651184573520429,-0.0019830205851734117,-0.00763420515869373,1.9778930385964326,1.999819197122978,-0.021926158526545336
rx_product,product,k=0,primary,11009,2,20,10,2 4 6 8 10 12 14 16 18 20,25000,0.602025680263755,0.9233094792366607,0.9999870073377111,0.021453155811341773,-0.0115587 -0.00329227 0.0048292 -0.0028403 0.0156284 0.00516211 0.0214532 -0.0147781 -0.0199904 0.00538681,-8.469172845472356e-05,-0.15221437332956514,0.07833299949560257,0.003076382463852556,-0.000917343 0.000156303 0.000818671 0.00190646 -0.00126794 -0.0023165 0.000564174 0.00307638 -0.00240337 0.000383165,0.6074622201732066,-0.3993452158066493,0.9998546572688632,0.09976952750376211,-0.0997695 0.0339609 0.0416091 0.0361268 0.0281038 0.002267 -0.00798163 -0.0159994 0.0245704 -0.0428874,1.2017877124866854,-0.9046807542749353,0.9999859106962035,0.0580535220241174,0.0231718 0.00947129 -0.00543115 0.000100066 -0.0224644 -0.0155299 -0.0438895 0.000579057 0.0580535 -0.00406073,0.6018562968068456,1.2038819770706006,0.5943254923134788,0.602025680263755,0.00560592336636101,-0.002094264583915262,-0.0077001879502762716,1.978374411735462,2.000281435049875,-0.021907023314412966
rx_product,product,k=0,secondary_n_ge_8,11000,8,20,7,8 10 12 14 16 18 20,25000,0.6001043259943242,0.9002260047784746,0.9999491409325186,0.029573045936502673,0.0172741 -0.029573 -0.00405538 0.00232427 0.0258856 0.00169808 -0.0135536,1.3536703604109936e-05,-0.15003961159662416,0.0011958794427389119,0.00266601012699344,0.000353923 -0.00266601 0.000576064 0.00256919 0.000397563 0.000399573 -0.0016303,0.5993128949743173,-0.2945359350116957,0.999946922084197,0.022867472076626427,-0.0193013 0.0220404 0.0211685 -0.00926433 -0.0228675 -0.00553989 0.0137642,1.1997606109328742,-0.8844314985327607,0.9999360988092972,0.058075808839078036,-0.0399739 0.0580758 0.0373243 -0.0394562 -0.033035 -0.0153946 0.0324595,0.6001313994015324,1.2002357253958567,0.600447715958557,0.6001043259943242,-0.0008185044272150943,-0.0004751144629824289,0.00034338996423277646,2.001893536738081,1.9999548875342381,0.0019386492038429015
rx_product,product,k=0,secondary_n_ge_8,11001,8,20,7,8 10 12 14 16 18 20,25000,0.6047429103332255,0.9541474440639681,0.9999277325494023,0.036444299066634045,-0.00551823 0.0203301 -0.0221992 -0.00948656 0.0364443 -0.0241734 0.00460292,-0.0001821080691457393,-0.1536761226764538,0.10442581430070275,0.003907267368206124,0.00078786 -0.00226593 0.00390727 -0.00314489 0.000432176 -0.00045627 0.000739783,0.6048718808719117,-0.3468597241031523,0.9999047713863765,0.04319896658195255,0.0201102 -0.0165961 0.00689547 -0.00488815 -0.043199 0.0357998 0.00187773,1.208664218345523,-0.9876618259273406,0.9999080745251124,0.09301125664369536,0.022987 -0.0370225 0.0310943 0.0173633 -0.0930113 0.0567458 0.00184334,0.604378694194934,1.2091216045281594,0.6037923374736113,0.6047429103332255,0.0004931866769777304,-0.0004573861826364656,-0.000950572859614196,1.998215252795775,2.000602629016856,-0.0023873762210810945
rx_product,product,k=0,secondary_n_ge_8,11002,8,20,7,8 10 12 14 16 18 20,25000,0.6027217545868805,0.928261470597315,0.9999279756380507,0.036299616938835655,-0.021744 0.00487904 0.023767 0.0179801 -0.00332011 -0.0362996 0.0147375,-0.0004668606908407538,-0.1559684529448199,0.32144084599229816,0.005828576185881146,0.000205007 -0.00201484 -0.000983193 0.000319567 0.00582858 0.000161078 -0.00351619,0.6002906254979475,-0.2959376571300745,0.9999268540235094,0.04405969487214101,0.00633436 0.0084412 -0.0114387 -0.0180518 -0.0121808 0.0440597 -0.0171639,1.202755832170712,-0.9100950505978986,0.9999319004873213,0.08131454562377627,0.0118045 0.00793019 -0.0240083 -0.0366158 0.00704401 0.0813145 -0.0474692,0.601788033205199,1.2045097877920794,0.6024652066727644,0.6027217545868805,-0.0014974077072514858,-0.0017539556213674867,-0.000256547914116112,2.003622547283681,2.001551578512966,0.002070968770714998
rx_product,product,k=0,secondary_n_ge_8,11003,8,20,7,8 10 12 14 16 18 20,25000,0.603361212485148,0.9448445991119401,0.9999136916009407,0.04748844525677409,-0.00454877 -0.0208853 0.0474884 -0.0128177 0.00130073 -0.0223833 0.0118458,-0.00023431470099984824,-0.15240269711389162,0.34072039913400665,0.0025417470193832836,0.00134145 -0.00254175 9.985e-05 0.00141222 0.000571441 -0.00111892 0.000235707,0.6022525411618439,-0.3287673948847946,0.9998881636067418,0.05710796843096233,0.0070601 0.0220811 -0.057108 0.0201758 -0.000689358 0.0165168 -0.00803656,1.2054508041627516,-0.9690978554529707,0.9999013367766233,0.1092532993509856,0.0296827 0.0273296 -0.109253 0.031166 -0.00410277 0.0369765 -0.0117987,0.6028925830831483,1.2062537955682961,0.6031982630009077,0.603361212485148,-0.0006400419213044017,-0.0008029914055445175,-0.00016294948424022682,2.0015703077603284,2.0007773016539745,0.0007930061063539107
rx_product,product,k=0,secondary_n_ge_8,11004,8,20,7,8 10 12 14 16 18 20,25000,0.5998737508075938,0.8871561406285925,0.9999625641726068,0.022033976895563967,0.012817 -0.0161239 -0.01989 0.022034 0.0119252 -0.00667471 -0.00408755,-0.00016866123160120538,-0.15431098733342277,0.11498724084216161,0.00380806000567549,-0.000777793 -0.00264911 0.00380806 0.000809565 0.000128504 -5.61853e-06 -0.0013136,0.599728612482849,-0.2821010240477644,0.9999534967012593,0.025595379546342834,-0.0127344 0.0255954 0.0103135 -0.0208163 -0.0193057 0.00823564 0.00871185,1.2010777600020877,-0.8841951131202478,0.9999439248204934,0.05651128045744436,-0.0225698 0.0437572 0.0364404 -0.0565113 -0.0378249 0.0160549 0.0206535,0.5995364283443914,1.1994101791519851,0.6013491475192386,0.5998737508075938,0.0001921841384576739,0.0016675808501025458,0.0014753967116448718,2.002702113927299,2.0005626388110125,0.0021394751162864267
rx_product,product,k=0,secondary_n_ge_8,11005,8,20,7,8 10 12 14 16 18 20,25000,0.6001962063030256,0.890902608368181,0.9999491046140884,0.03572563725872868,0.00445335 0.00190069 0.00406708 -0.0186605 -0.0161181 0.0357256 -0.0113682,8.46690850501543e-06,-0.15113749603594792,0.00016874877978723113,0.005039495177269593,0.00188367 -0.000633585 -0.0050395 0.0018646 0.00214527 0.00213953 -0.00236,0.6007259056663294,-0.30095220153065,0.9999354353091116,0.038858989115063025,-0.0145262 0.0172892 -0.00295679 0.00605899 0.0166101 -0.038859 0.0163836,1.1987678014844416,-0.857181689160362,0.9999624337206237,0.061046819530442775,-0.0255532 0.0160854 0.00981723 0.0229941 0.0128439 -0.0610468 0.0248594,0.6002131401200357,1.2004093464230612,0.5980418958181122,0.6001962063030256,0.0005127655462937586,-0.0016415449386195657,-0.0021543104849134354,1.9955320557630354,1.9999717869938556,-0.004439731230820199
rx_product,product,k=0,secondary_n_ge_8,11006,8,20,7,8 10 12 14 16 18 20,25000,0.6033437832678907,0.9419169116537166,0.9999725022608884,0.02286228682683422,0.000193086 -0.00492567 0.0228623 -0.0178167 -0.00211948 -0.0102903 0.0120968,0.00015518809296520688,-0.14957959907424187,0.4640284056842945,0.001059949847698638,-0.000520982 0.00105995 -0.000464326 1.81953e-05 -0.000663906 0.000956673 -0.000385604,0.6028346153922134,-0.3259772501079843,0.9999929892809198,0.014901182502329746,0.00369829 0.00478526 -0.0149012 0.00367043 0.00211663 -0.00175584 0.00238642,1.204781093220623,-0.9479291627574371,0.999972668136795,0.057918026612005846,0.0157542 0.0255937 -0.057918 -0.00281417 0.00266584 0.0122893 0.00442916,0.6036541594538212,1.206997942721712,0.6019464778284097,0.6033437832678907,-0.0008195440616077798,-0.0022168495010888023,-0.0013973054394810225,1.9985267309787347,1.9994858377415783,-0.000959106762843609
rx_product,product,k=0,secondary_n_ge_8,11007,8,20,7,8 10 12 14 16 18 20,25000,0.6016460133759508,0.9174101200163227,0.9999748767097092,0.021613125886434048,0.0105954 0.00227503 -0.00130762 -0.00958586 -0.0173696 -0.00622053 0.0216131,-0.00021909068922464488,-0.15244625013290078,0.43094369570489177,0.0013987725352611335,-0.000422144 0.00139877 -0.00103335 -0.00114114 0.00111923 0.000857397 -0.000778754,0.601119065245571,-0.3088810978687749,0.9999356116647445,0.032610243009990825,-0.00716249 -0.0189581 0.00789778 0.0126681 0.0326102 0.00294951 -0.0300051,1.2015361457939473,-0.902604084325662,0.9999407980719579,0.06455794636517354,-0.015782 -0.0246484 0.000203364 0.0267296 0.0588763 0.019179 -0.0645579,0.6012078319975015,1.2028538453734523,0.6004170805483763,0.6016460133759508,-8.876675193048023e-05,-0.001317699579505005,-0.0012289328275745248,1.998832203572003,2.0007288351134638,-0.0018966315414608026
rx_product,product,k=0,secondary_n_ge_8,11008,8,20,7,8 10 12 14 16 18 20,25000,0.6011484252493985,0.91961195999393,0.9999741657913164,0.01931115518740789,-0.0104914 -0.00385735 0.0156242 0.0193112 -0.0167747 -0.00464564 0.000833718,-7.427182066679198e-05,-0.15154910406299493,0.01939594595445726,0.004224472476179741,0.00089202 -0.000798163 0.00209904 -0.00119806 -0.00422447 0.00228564 0.000943991,0.6015762554426552,-0.323937592400726,0.9999784761140614,0.01793860211704068,-0.0078265 0.0179386 -0.0139773 -0.0049503 0.0094058 0.00921449 -0.00980479,1.2019649737261437,-0.9355281906013331,0.9999837558859134,0.03131426119120917,0.0119782 0.00864182 -0.0313143 -0.0193723 0.0310683 0.00615908 -0.00716084,0.600999881608065,1.2021483068574634,0.6003887182834885,0.6011484252493985,0.0005763738345903047,-0.0001833331313196851,-0.0007597069659099898,1.9980259573937258,2.000247160849576,-0.002221203455850418
rx_product,product,k=0,secondary_n_ge_8,11009,8,20,7,8 10 12 14 16 18 20,25000,0.6032131177880045,0.9413652803834366,0.9999702127243725,0.02002148000405768,-0.0113966 0.00944701 0.00135556 0.0200215 -0.0138349 -0.0166723 0.0110798,-5.8837143288435465e-05,-0.1518606422080033,0.014561691437002366,0.0031363247049513154,0.00175956 -0.00136313 -0.00235997 0.000572407 0.00313632 -0.00229172 0.000546525,0.602776934256776,-0.330294145806953,0.9999429787923506,0.03985442886105517,0.004558 0.00590561 -0.0105606 -0.0114387 -0.0100859 0.0398544 -0.0182328,1.2047281132107521,-0.9497337796951264,0.9999693339084654,0.050179334411108556,0.0216299 -0.00681537 -0.00576172 -0.0400021 -0.00141433 0.0501793 -0.0178157,0.6030954435014276,1.206308561289432,0.6019511789539761,0.6032131177880045,-0.00031850924465159913,-0.0015804480786798525,-0.0012619388340283644,1.998630081451577,2.000195117187246,-0.001565035735668907
hea_ring,d2,EARLY,primary,11000,4,16,7,4 6 8 10 12 14 16,4000,0.37800235074091165,0.49772372421870514,0.9999561273065538,0.0213650841105828,-0.00239831 0.00357862 -0.0115801 0.0022831 0.0213651 -0.00676221 -0.00648616,-0.0005169576861218421,-0.2689626587727917,0.11396653897226339,0.011666953421133275,-0.000110736 -0.00121768 0.00204071 -0.00572436 0.011667 -0.00757085 0.000915963,0.38654522795713103,0.11666232070205479,0.9998049356375364,0.04109411825856313,-0.0158994 -0.00574449 0.0173312 0.0410941 -0.0305796 -0.00732896 0.00112715,0.7562175448209845,0.06963754979867778,0.9998745817421137,0.0591706940361485,-0.0116256 -0.0230503 0.0278381 0.0591707 -0.0551162 0.00637341 -0.00359003,0.376968435368668,0.7549707861095796,0.36967231686385343,0.37800235074091165,0.009576792588463057,0.001246758711404894,-0.008330033877058218,1.9563494518288327,2.002742710729169,-0.04639325890033619
hea_ring,d2,EARLY,primary,11001,4,16,7,4 6 8 10 12 14 16,4000,0.3765910461872657,0.49910162317273377,0.9999167589148062,0.021535696429130446,-0.0173325 0.0176258 -0.0080287 0.0215357 -0.0104006 0.00417472 -0.00757446,-0.0004371671468509004,-0.26560165797102325,0.06847233779633322,0.010159083190812324,-0.00222533 0.00560634 -0.0101591 0.00208978 0.006924 0.00583928 -0.00807498,0.3845367759231738,0.1398770772714139,0.9998360126687986,0.03890431976265463,-0.0171829 -0.0153117 0.0389043 0.000995809 0.0182003 -0.0153493 -0.0102565,0.7580826181586615,0.042642855792573243,0.9999005265717897,0.050189560654229304,0.0280293 -0.0501896 0.0196262 -0.017713 0.0415183 -0.0256305 0.0043592,0.37571671189356387,0.7523077580808296,0.3735458422354877,0.3765910461872657,0.008820064029609942,0.0057748600778319,-0.003045203951777986,1.9714177306935086,2.0023271104692024,-0.030909379775693857
hea_ring,d2,EARLY,primary,11002,4,16,7,4 6 8 10 12 14 16,4000,0.3740950627840716,0.47987008539263865,0.9999267452673177,0.02426620284631742,0.00632577 -0.0158382 -0.00625305 0.00621746 0.0242662 -0.000936397 -0.0137818,-0.0014558786213899157,-0.27862998592453664,0.3740502983579257,0.010554583727648614,-0.0105546 0.00435611 0.00964048 -0.00115748 -0.0010926 0.00864268 -0.0098346,0.3780540770986568,0.1907729208495121,0.9998233245363893,0.03234229786266862,-0.0323423 0.0178065 0.0188556 -0.00585759 0.0256993 -0.00422683 -0.0199346,0.7480071767548294,0.12566212873863275,0.9999668495552511,0.02725188825993463,-0.0174888 0.0188945 0.011686 -0.00130018 -0.0272519 0.0221207 -0.00666033,0.3711833055412918,0.7452783683253634,0.3699530996561726,0.3740950627840716,0.006870771557364985,0.0027288084294659898,-0.0041419631278989955,1.9785719082712865,2.00784452640868,-0.02927261813739368
hea_ring,d2,EARLY,primary,11003,4,16,7,4 6 8 10 12 14 16,4000,0.37557860315846237,0.49898421551057776,0.9998698069842431,0.0282936114636283,-0.00483967 -0.0135408 -0.00121929 0.0282936 -0.00098132 0.0187008 -0.0264134,-0.0010818706876642953,-0.26670107933449483,0.421173143670605,0.007251098290261715,-0.0013899 -0.0072511 0.00577332 0.00544675 0.00526429 -0.0053672 -0.00247615,0.3767037519367715,0.18187930416631126,0.9999266373295739,0.022481258890552525,-0.0144094 0.0224813 -0.00250798 -0.0104115 0.0136292 -0.0119416 0.0031601,0.7491528347272077,0.07789743218527938,0.9998164151732384,0.05891051564937033,-0.00368212 0.0340594 0.0121185 -0.0589105 0.0189139 -0.0577743 0.0552752,0.37341486178313377,0.7489934649415961,0.3724490827904362,0.37557860315846237,0.003288890153637758,0.0001593697856115961,-0.003129520368026162,1.9887055302091883,2.0057944704316166,-0.01708894022242835
hea_ring,d2,EARLY,primary,11004,4,16,7,4 6 8 10 12 14 16,4000,0.3767347803526863,0.49764431941007037,0.9999105431120097,0.029234731208140907,-0.00527183 0.00740702 -0.00616625 0.00283328 -0.00923684 0.0292347 -0.0188001,-0.00026781944543864927,-0.2604954366302842,0.047992269777499486,0.008648947364487791,-0.00180662 -0.0024797 0.00462674 0.00559649 -0.00170462 -0.00864895 0.00441666,0.3849192790375033,0.12156393581291262,0.9998943024495368,0.02739617330009647,0.00635608 -0.0108635 -0.00703549 0.00597938 0.0268906 -0.0273962 0.00606915,0.7562021669880092,0.044929671268784506,0.9998275562702709,0.06004608461796401,0.0405088 -0.0502617 -0.00182124 -0.00675944 0.0479323 -0.0600461 0.0304473,0.376199141461809,0.7529339218144954,0.37128288795050596,0.3767347803526863,0.008720137575694287,0.003268245173513873,-0.005451892402180358,1.9645733746537837,2.001423817419668,-0.03685044276588423
hea_ring,d2,EARLY,primary,11005,4,16,7,4 6 8 10 12 14 16,4000,0.37751769378945316,0.5055503983006125,0.999904746960278,0.03098485649663596,-0.00568486 0.00187328 -0.0127171 0.0309849 0.000679711 -0.0187028 0.00356692,-0.0008808890207791056,-0.26442378214104334,0.2942997333694235,0.008307682410490014,-0.00448258 0.00434345 0.00830768 -0.00824928 -0.00377278 0.00424092 -0.000387404,0.38309827710886263,0.13730469988619542,0.9999668929716179,0.011313116660066846,-0.00719532 0.0113131 -0.0110967 0.00227959 0.00872781 0.00669886 -0.0107273,0.7560379250649598,0.05027394428882885,0.9999612953385054,0.036941161689375335,0.0176425 -0.0143239 0.00120088 -0.0176564 -0.0115055 0.0369412 -0.0122987,0.37575591574789496,0.7532736095373481,0.3729396479560972,0.37751769378945316,0.007342361360967664,0.0027643155276116937,-0.00457804583335597,1.973482968314476,2.0046886235657837,-0.031205655251307807
hea_ring,d2,EARLY,primary,11006,4,16,7,4 6 8 10 12 14 16,4000,0.3772161599083946,0.5139952005922188,0.9998670620981803,0.031996115315333196,-0.0148801 -0.00455045 0.0319961 -0.0103627 -0.00201178 0.0191599 -0.0193511,9.753647378873323e-05,-0.26040416131809374,0.002568832188743597,0.017813256038339387,-0.00615181 -0.00472902 0.0178133 -0.00414122 0.00234837 -0.00297008 -0.00216948,0.3849209347240624,0.11685172390582248,0.9999097870486667,0.022129746671445183,0.00235647 0.00312799 -0.0214729 0.0166175 0.0141951 -0.0221297 0.00730563,0.7571071402293079,0.02527744731072809,0.9999170933156541,0.048702998216189286,0.0197258 0.0022955 -0.0277388 0.00204982 0.0118383 -0.048703 0.0405324,0.37741123285597206,0.7546273927643666,0.3721862055052455,0.3772161599083946,0.007509701868090357,0.0024797474649412843,-0.005029954403149073,1.9669159869728934,1.9994831289304738,-0.03256714195758037
hea_ring,d2,EARLY,primary,11007,4,16,7,4 6 8 10 12 14 16,4000,0.37710822638615266,0.5007890985945344,0.999765505827378,0.03191829662716872,-0.00541333 -0.0267224 0.0319183 0.00997033 -0.0108328 0.0301735 -0.0290936,-0.0007742317996418924,-0.2692060909294298,0.3275947625769743,0.009463352210425824,-0.000718291 0.000945643 -0.00517192 0.000781739 0.00946335 -0.00100273 -0.0042978,0.38212803797566225,0.15965422432982204,0.9998023346217526,0.040073291634677766,0.00801888 0.00388709 -0.00608839 -0.0156835 0.0219643 -0.0400733 0.0279749,0.7562214585502155,0.04139404154002522,0.9998495652245986,0.055770656447448275,0.0187569 0.0203968 -0.0395725 -0.0269982 0.0402651 -0.0557707 0.0429226,0.37555976278686887,0.7526679891730216,0.37409342057455325,0.37710822638615266,0.006568275188793382,0.0035534693771939185,-0.003014805811599408,1.9789740175997745,2.004123081737493,-0.025149064137718558
hea_ring,d2,EARLY,primary,11008,4,16,7,4 6 8 10 12 14 16,4000,0.37561441491164976,0.47717876897192485,0.9999501442840629,0.020187649859733092,-0.00938798 0.00249783 0.00732802 0.0124826 -0.00136673 -0.0201876 0.00863392,-0.0015795054985945068,-0.280749348584768,0.6418934260266111,0.008511759238949701,-0.00851176 0.00427171 0.00273269 0.00448288 0.00332648 -0.00132036 -0.00498164,0.37903203663093743,0.1956129444691485,0.9997907011187347,0.03983603737087993,-0.0249863 0.00812383 0.0088435 0.00649283 0.0130842 0.028278 -0.039836,0.7508469672469017,0.11568803944794534,0.9999487064807818,0.029959928372608857,-0.0108601 0.0247136 -0.0181552 -0.0169332 0.0175264 0.0299599 -0.0262515,0.37245540391446075,0.7480698188261106,0.37181493061596427,0.37561441491164976,0.0065766327164766825,0.0027771484207911312,-0.0037994842956854957,1.9809591134324078,2.0084815818591655,-0.02752246842675765
hea_ring,d2,EARLY,primary,11009,4,16,7,4 6 8 10 12 14 16,4000,0.375582163176809,0.49406832168507264,0.9997509614945407,0.04384348076239952,-0.0242811 -0.00411649 0.0167108 0.0150003 0.0138947 0.0266352 -0.0438435,-4.642080351069468e-05,-0.26459341803106046,0.0006045852605750524,0.014363825819198983,-0.0143638 0.0098782 0.00699458 0.00504481 -0.00228912 -0.00174254 -0.0035221,0.38223969679004727,0.14859588526737333,0.9995458469365613,0.05522667044754925,0.0305877 -0.0115109 -0.00668664 -0.0180747 0.00454135 -0.0540834 0.0552267,0.7549885430500891,0.04770624853715833,0.9996557242370071,0.09262065661673802,0.0655673 -0.0354552 -0.00399243 -0.0410828 0.000747916 -0.0784054 0.0926207,0.3754893215697876,0.7510714847465966,0.37274884626004184,0.375582163176809,0.0067503752202596745,0.003917058303492538,-0.002833316916767137,1.9751704215713146,2.0002472549861956,-0.025076833414880983
hea_ring,d2,EARLY,secondary_n_ge_8,11000,8,16,5,8 10 12 14 16,4000,0.377945220932251,0.4968021058203818,0.999880447887553,0.021601144804978212,-0.0111155 0.00263342 0.0216011 -0.00664041 -0.00647862,-0.00031215858726167526,-0.2662393864913105,0.01672306757504416,0.0114012703259741,0.000955829 -0.00639964 0.0114013 -0.00742693 0.00146948,0.38250366728713814,0.16948983383967112,0.9996187380163868,0.03490839793583689,-0.0031638 0.0286822 -0.0349084 -0.00357462 0.0129646,0.7504348683720966,0.1459648605773554,0.9997430586302154,0.062051380408520984,-0.00222781 0.0406701 -0.0620514 0.0110036 0.0126055,0.3773209037577277,0.7552661246899787,0.36793120108495847,0.377945220932251,0.005182763529410439,-0.00483125631788206,-0.010014019847292555,1.9619024144120416,2.001654605319519,-0.039752190907477614
hea_ring,d2,EARLY,secondary_n_ge_8,11001,8,16,5,8 10 12 14 16,4000,0.3774136706489712,0.5089144487740987,0.9998799413038358,0.01994911544482081,-0.0112605 0.0199491 -0.0103419 0.00587864 -0.00422529,-0.0008330522786230786,-0.271028481538304,0.10130215929079145,0.008982321922041181,-0.00789934 0.00355775 0.0076002 0.00572371 -0.00898232,0.37880344093689433,0.2151760167783957,0.9998849267852322,0.01696978072644395,0.00947206 -0.0169698 0.0117013 -0.0103816 0.00617797,0.7561600433101549,0.07014580685586581,0.9998752921912104,0.03708624039315822,0.00750387 -0.0259902 0.0370862 -0.0262174 0.00761745,0.37574756609172505,0.7531612367406962,0.3773566023732605,0.3774136706489712,0.003055874845169282,0.002998806569458612,-5.706827571066997e-05,1.9961805031124973,2.0044341060531035,-0.008253602940606175
hea_ring,d2,EARLY,secondary_n_ge_8,11002,8,16,5,8 10 12 14 16,4000,0.37520563275007823,0.49509940317659007,0.9998597309399309,0.02236372465444436,-0.0125978 0.00209384 0.0223637 -0.000617736 -0.011242,1.6218576127160148e-06,-0.2599002851196782,6.038917640394104e-07,0.010317985962175036,0.00257079 -0.00531218 -0.0023323 0.010318 -0.0052443,0.3742565970101249,0.23924983550575676,0.9998489428139418,0.022792110133038612,0.00075848 -0.0163597 0.0227921 0.000460975 -0.00765186,0.7473435885995533,0.13334405216923353,0.9999374909232428,0.026970753827221472,0.00931279 -0.00234622 -0.0269708 0.023729 -0.00372485,0.37520887646530365,0.7504145092153819,0.3730869915894284,0.37520563275007823,-0.0009522794551787284,-0.0030709206158285873,-0.002118641160649859,1.9968748569028834,1.999991354908082,-0.0031164980051987534
hea_ring,d2,EARLY,secondary_n_ge_8,11003,8,16,5,8 10 12 14 16,4000,0.37857765203324945,0.5386488888749649,0.9997518381041806,0.021022832234464772,-0.0168916 0.0186194 -0.00465741 0.0210228 -0.0180933,0.0002837734653551206,-0.24858515043072926,0.08188366648807621,0.00436410990550673,-0.00141746 0.000987259 0.00353609 -0.00436411 0.00125822,0.3771940537041696,0.1743813182456056,0.9999243803159327,0.015243533279234,0.00106759 -0.00781652 0.0152435 -0.0113079 0.00281326,0.7535253151312417,0.019352218607627848,0.999585459632234,0.06044377531484457,0.0356839 -0.0440901 0.0249893 -0.0604438 0.0438607,0.3791451989639597,0.7577228509972092,0.3763312614270721,0.37857765203324945,-0.0019511452597901213,-0.004197535865967494,-0.002246390606177373,1.9977126037151842,1.9985030881776662,-0.0007904844624819773
hea_ring,d2,EARLY,secondary_n_ge_8,11004,8,16,5,8 10 12 14 16,4000,0.37667809385722567,0.49653704400193516,0.999764225601492,0.02954839567982681,-0.00551247 0.00337369 -0.00880981 0.0295484 -0.0185998,0.00046545969199831617,-0.25083882264063745,0.06494971882707656,0.008039653430017002,0.000836355 0.00327267 -0.00256188 -0.00803965 0.00649251,0.38456096581490923,0.12676518414290175,0.9997318706119238,0.02758103651376853,-0.00937024 0.00436126 0.0259891 -0.027581 0.00660091,0.7567646860666923,0.0401300060942057,0.9997011767842188,0.06312168654494954,-0.00152173 -0.00758497 0.0459818 -0.0631217 0.0262466,0.3776090132412223,0.7542871070984479,0.3722037202517831,0.37667809385722567,0.006951952573686915,0.0024775789682444094,-0.004474373605442561,1.9678666150191808,1.9975347003081148,-0.029668085288933943
hea_ring,d2,EARLY,secondary_n_ge_8,11005,8,16,5,8 10 12 14 16,4000,0.3783736730737791,0.5165844649229694,0.999746417214768,0.028510582717538924,-0.0169033 0.0285106 -8.26045e-05 -0.0177532 0.00622852,-0.0006358904461959745,-0.2614559731150596,0.08828408201144267,0.008767105597010272,0.00729986 -0.00876711 -0.00380061 0.00470309 0.000564764,0.38335618032878255,0.1333863021942295,0.999939034359488,0.010935383004527566,-0.00924155 0.00361895 0.00955137 0.00700661 -0.0109354,0.7574178400692307,0.03305124513246808,0.9999179444114572,0.03484505078594324,0.00738426 -0.0142329 -0.0108418 0.0348451 -0.0171547,0.3771018921813872,0.7554755652551662,0.3740616597404482,0.3783736730737791,0.00625428814739537,0.001942274814064504,-0.004312013333330922,1.975754869582739,2.003372512625262,-0.02761764304252301
hea_ring,d2,EARLY,secondary_n_ge_8,11006,8,16,5,8 10 12 14 16,4000,0.3808747485688886,0.5617843757026197,0.9997818997049047,0.022591001760245533,0.0134756 -0.0215659 -0.00589789 0.022591 -0.00860282,0.0020372531354218436,-0.2349513934801587,0.48072914785371246,0.010196821912809961,0.00787822 -0.0101968 0.000172198 -0.00126682 0.00341322,0.3858614277422187,0.10446891496432613,0.999758195652793,0.02291383998413643,-0.0166141 0.0195954 0.015292 -0.0229138 0.00464055,0.7613966201512326,-0.03060056674880463,0.999823409730259,0.052877703063600734,-0.00617664 0.015033 0.0162426 -0.0528777 0.0277787,0.3849492548397323,0.7658240034086209,0.37553519240901384,0.3808747485688886,0.0009121729024864078,-0.00442738325738834,-0.005339556159874748,1.9732384877295808,1.9894154717287604,-0.01617698399917966
hea_ring,d2,EARLY,secondary_n_ge_8,11007,8,16,5,8 10 12 14 16,4000,0.3821992529230081,0.5683085638020452,0.9997007376379657,0.033928418118305714,0.00512704 -0.00663887 -0.01726 0.0339284 -0.0151566,-0.0007724201529628904,-0.26922982169586096,0.14892902629083127,0.00950882273700504,-0.00513369 0.000823587 0.00950882 -0.000953638 -0.00424508,0.3843148770047128,0.13103096266312142,0.9995035750684483,0.04206577637468545,0.00504016 -0.00892862 0.0243455 -0.0420658 0.0216087,0.7630323492480635,-0.04816737696563507,0.999712100407899,0.06156170771166103,-0.00449822 -0.00554566 0.0480958 -0.0615617 0.0235098,0.3806544126170823,0.7628536655400904,0.37871747224335073,0.3821992529230081,0.0036604643876304577,0.00017868370797313737,-0.003481780679657376,1.9854353679852643,2.0040583801335825,-0.018623012148318185
hea_ring,d2,EARLY,secondary_n_ge_8,11008,8,16,5,8 10 12 14 16,4000,0.37711733694671196,0.496591864164548,0.9998956596382549,0.01855983656148652,-6.16942e-05 0.00809871 -0.00274476 -0.0185598 0.0132676,-0.0005179104821333024,-0.26716219898121524,0.3938258885050623,0.002478469332767186,-0.0023617 0.00151168 0.00247847 -4.51779e-05 -0.00158327,0.37525334349385553,0.24432976394416975,0.9996361607473031,0.03246293189014082,-0.00964377 -0.00443706 0.00971167 0.0324629 -0.0280938,0.7523819948338778,0.09449700003342572,0.9998950070660038,0.029660581569464384,-0.00924435 -0.0110925 0.0202971 0.0296606 -0.0296209,0.3760815159824453,0.7531988529291573,0.37712865134002227,0.37711733694671196,-0.0008281724885897956,-0.0008168580952795379,1.1314393310313253e-05,2.004997444736152,2.002754245875554,0.0022431988605977615
hea_ring,d2,EARLY,secondary_n_ge_8,11009,8,16,5,8 10 12 14 16,4000,0.38105585138151554,0.5654320928766645,0.9996610609790018,0.031903053312519525,-0.0108634 -0.00162655 0.00821518 0.0319031 -0.0276282,0.0013446142634473645,-0.24700387219289946,0.8413927668964998,0.003186249389701523,0.000533312 0.00136562 -0.00318625 0.000142403 0.00114492,0.38663058980324605,0.09208982310916906,0.9990771616905956,0.05904987613895685,0.0146923 -0.00547755 0.0083567 -0.0590499 0.0414784,0.7627837229493103,-0.051858331272119834,0.9994066162591181,0.0879733515156147,0.0332107 -0.0194701 0.00677034 -0.0879734 0.0674624,0.3837450799084103,0.7648009312899258,0.37615313314606424,0.38105585138151554,0.0028855098948357694,-0.002017208340615473,-0.004902718235451298,1.9729006009004262,1.9929921485181343,-0.02009154761770815
hea_ring,d2,LATE,primary,11000,4,16,7,4 6 8 10 12 14 16,4000,0.37548667370426897,0.48443301574280545,0.9999637216568544,0.016588483006123145,0.0142339 -0.00553176 -0.0165885 0.00255733 0.00212552 -0.00331346 0.00651699,-8.302818305159152e-05,-0.25524918202460045,0.00421914611710017,0.011895732751094512,2.58775e-05 -0.00304517 -0.00092754 -0.00110361 0.0118957 -0.00169991 -0.00514539,0.3829584703221934,0.13441850174391906,0.9999277556020223,0.01918133891357421,-0.0188204 0.000292995 0.0175647 0.0191813 -0.00783229 -0.000680747 -0.00970559,0.7524073724824609,0.07564202517007824,0.9999909667275575,0.014749157261330303,-0.000255704 -0.00200903 0.000830015 0.0147492 -0.0133843 -0.00921954 0.0092894,0.3753206173381658,0.7508072910424347,0.36944890216026754,0.37548667370426897,0.007637852984027582,0.0016000814400262131,-0.006037771544001425,1.9647231509187932,2.000442438700226,-0.03571928778143274
hea_ring,d2,LATE,primary,11001,4,16,7,4 6 8 10 12 14 16,4000,0.3763819733989648,0.49990485049089195,0.9999858971514621,0.00979350747858243,-0.00646516 0.00665939 -0.0053146 0.00979351 -0.00136073 9.33713e-05 -0.00340578,-0.0008724506955115846,-0.26388686961761465,0.41685864494964386,0.007953957033125847,-0.00323825 0.00341021 0.000371637 0.00338123 -0.000648921 -0.00795396 0.00467805,0.38301441432321426,0.12888699266086998,0.999951885303799,0.017329017796747337,-0.00588367 -0.00975606 0.0138531 0.00116936 0.00721556 0.0107307 -0.017329,0.7562573883382682,0.030679715334029967,0.9999287526903872,0.038348775472734964,0.0110472 -0.0373967 0.0383488 -0.0217775 0.00310253 0.0264329 -0.0197572,0.3746370720079416,0.7510190454069064,0.3732429740150539,0.3763819733989648,0.008377342315272651,0.005238342931361717,-0.0031389993839108787,1.9744880611727722,2.004657578017229,-0.0301695168444569
hea_ring,d2,LATE,primary,11002,4,16,7,4 6 8 10 12 14 16,4000,0.37593096395961567,0.4941606818882785,0.9999131764877628,0.018702682768651613,0.00874102 -0.0148061 -0.0110675 0.0183222 -0.00390754 0.0187027 -0.0159848,-0.0004954908424018187,-0.25933475470734685,0.14289461706183182,0.00906759288785114,-0.00316584 -0.000488075 0.00557377 0.00424242 -0.00906759 0.00454827 -0.00164295,0.3813649198522471,0.13751152587923335,0.9997265350497708,0.03945366362794123,-0.0394537 0.0205846 0.0364211 -0.0160021 0.0128033 0.0105141 -0.0248674,0.7501544322323433,0.08235194764152703,0.9999108855828774,0.043478004580523866,-0.0350655 0.043478 0.0182064 -0.0355121 0.000924825 0.0248637 -0.0168954,0.374939982274812,0.7508709462344277,0.3687895123800963,0.37593096395961567,0.006424937577435064,-0.0007165140020843896,-0.007141451579519398,1.9670252642088242,2.002643040837606,-0.03561777662878196
hea_ring,d2,LATE,primary,11003,4,16,7,4 6 8 10 12 14 16,4000,0.3743262606829039,0.4999096910547538,0.9997954636848879,0.03642027396979852,-0.00775408 -0.0145462 0.000633398 0.0286466 0.00134156 0.028099 -0.0364203,-0.0004698229398378614,-0.25516410471445333,0.12313249989392017,0.009751587086718222,-0.00162073 -0.00159383 0.00975159 -0.00848646 0.00187347 0.000399587 -0.000323634,0.38086171933266316,0.12028711641228107,0.999939204880835,0.018323324482540038,-0.0124706 0.0167183 0.00450849 -0.000479722 -0.00351945 -0.0183233 0.0135664,0.7520715815278661,0.015060839713309983,0.9998446190375173,0.06438211854656473,0.0240675 0.018868 -0.0158067 -0.0435593 0.00311142 -0.051063 0.0643821,0.3733866148032282,0.7477128754861321,0.37120986219520297,0.3743262606829039,0.0074751045294349505,0.004358706041734051,-0.0031163984877009554,1.9746578439167581,2.0025165494488086,-0.0278587055320505
hea_ring,d2,LATE,primary,11004,4,16,7,4 6 8 10 12 14 16,4000,0.376904619771111,0.5011651848131227,0.9998666382474898,0.03221622607579544,-0.00635936 -0.000830199 -0.00520758 0.000399912 0.0177243 0.0264892 -0.0322162,-0.00041277809379372093,-0.2581815048036631,0.19083658864959596,0.0065225773467078585,-0.0044461 0.00652258 -0.00314518 0.000778872 0.00213024 4.73505e-05 -0.00188776,0.3823081636120658,0.1379332672808862,0.999825908139985,0.04080852811565716,0.00323896 -0.0187599 0.00984503 0.0161858 0.0136184 -0.0408085 0.0166803,0.7557948404665834,0.03497374800974167,0.9998441931821165,0.06548326968727025,0.039019 -0.0273581 -0.0187138 0.000518843 0.0207292 -0.0654833 0.0512881,0.37607906358352355,0.7529836833546346,0.3734866768545176,0.376904619771111,0.006229100028542267,0.002811157111948792,-0.0034179429165934194,1.9769257170074466,2.0021951665687556,-0.025269449561309054
hea_ring,d2,LATE,primary,11005,4,16,7,4 6 8 10 12 14 16,4000,0.37685288796126415,0.5043069568664778,0.9999510472772499,0.019412326346922804,-0.00188988 0.00300403 -0.00579984 0.0144778 -0.00225134 -0.0194123 0.0118715,-0.00018965040216390632,-0.2524110847401065,0.0118879695650983,0.010120541508042091,-0.0101205 0.00380905 0.00642361 0.0085604 0.000196522 -0.0100907 0.00122162,0.3849417019271363,0.10982806137827585,0.9998724228491579,0.03061120131923989,-0.00433711 -0.000604448 -0.00494327 -0.0060687 0.0204594 0.0261054 -0.0306112,0.7578062749006019,0.011988243190109807,0.9999341125685004,0.04518508119493525,0.014207 -0.01749 0.00510764 -0.0272398 0.00915567 0.0451851 -0.0289257,0.37647358715693635,0.7533264751182005,0.37286457297346565,0.37685288796126415,0.00846811477019993,0.004479799782401428,-0.0039883149877985025,1.9686260831362026,2.0010075097357882,-0.03238142659958565
hea_ring,d2,LATE,primary,11006,4,16,7,4 6 8 10 12 14 16,4000,0.37699614747804144,0.5142906091083047,0.9998092279621201,0.03775754938672282,-0.0119679 0.00133341 0.021927 -0.0151724 -0.00740395 0.0377575 -0.0264737,-0.0006693072313722932,-0.2601919519625333,0.19290365809022392,0.008960459914732377,-0.000593526 0.00146141 0.00782806 -0.00630241 -0.00896046 0.00177002 0.0047969,0.3849387721282421,0.10382799399374223,0.9999262278976818,0.02280953009484943,0.00485287 0.00306694 -0.0228095 0.00475775 0.0223553 -0.0121976 -2.57122e-05,0.755863656992839,0.008492271254031883,0.999865783564239,0.055797934874481925,0.0132289 -0.00225317 -0.0419629 0.0489385 0.0043634 -0.0557979 0.0334833,0.37565753301529686,0.7526536804933383,0.37092488486459685,0.37699614747804144,0.009281239112945261,0.003209976499500722,-0.006071262613444595,1.9635945031305484,2.003563390442353,-0.03996888731180448
hea_ring,d2,LATE,primary,11007,4,16,7,4 6 8 10 12 14 16,4000,0.37790777852715357,0.5042924594936166,0.9998195623050927,0.03423290905025267,-0.0206276 -0.00816413 0.0187267 0.0342329 -0.0126066 0.0121939 -0.0237552,-0.00026439330918356647,-0.2576943346785655,0.018399897713914037,0.011549899520906987,-0.000884224 -0.000938534 -0.00726636 0.0101849 -0.00152051 0.0115499 -0.0111251,0.3846937500304988,0.11581529406851826,0.9998854258897122,0.025697710230478066,0.00909687 -0.000595132 -0.00421601 -0.0212578 0.0256977 -0.0223634 0.0136378,0.7572904363769627,0.03337121679431387,0.9999174825837611,0.03817038291124186,0.0381704 -0.0157567 -0.0229033 -0.0365114 0.0333386 -0.015769 0.0194313,0.37737899190878643,0.7552867704359401,0.37259668634646387,0.37790777852715357,0.007314758121712395,0.0020036659410226365,-0.005311092180689703,1.9685540415380394,2.00140120841304,-0.03284716687500078
hea_ring,d2,LATE,primary,11008,4,16,7,4 6 8 10 12 14 16,4000,0.3751393057418258,0.47751277989116253,0.9999960047693778,0.006047337278099363,-0.00221792 0.0021358 0.00335576 0.00043288 -0.00604734 1.53168e-06 0.00233929,-0.00012721655240532757,-0.2573645733757765,0.017008671639505812,0.006565834044564345,-0.00656583 0.00300583 0.00302095 0.00581753 -0.00146432 -0.00224191 -0.00157225,0.3849296932947906,0.12146361025364934,0.9998740928308375,0.028891184987850593,-0.0233849 0.00977104 0.0159259 -0.00562417 0.0288912 -0.0131591 -0.0124199,0.7554235195057196,0.04515189640737099,0.9999078894538681,0.04352988554451187,-0.0216578 0.0161092 0.0250751 -0.0332528 0.0435299 -0.0382008 0.00839724,0.37488487263701514,0.7500241783788409,0.370493826210929,0.3751393057418258,0.010044820657775455,0.005399341126878676,-0.004645479530896779,1.9624973928088054,2.000678696643641,-0.038181303834835756
hea_ring,d2,LATE,primary,11009,4,16,7,4 6 8 10 12 14 16,4000,0.3763528302017373,0.5121977768271755,0.9998064410546349,0.036957162975883584,-0.0234588 0.00163488 0.0186459 0.00405038 0.00975902 0.0263258 -0.0369572,-0.0007186033233599821,-0.26267693783071233,0.1870575726643,0.010413719155041856,0.00926802 -0.00529864 -0.0104137 0.000851818 0.00289551 0.00419344 -0.00149644,0.38127551087588324,0.1329247736019981,0.9998852230040814,0.027265475182309373,-0.0144443 0.0235764 -0.00013685 -0.00248723 0.0020292 -0.0272655 0.0187283,0.7522970809735224,0.040360786896235186,0.9998626432056528,0.06537427734702916,0.0129179 0.0160388 0.0103529 -0.0354999 -0.023429 -0.0457549 0.0653743,0.37491562355501734,0.7512684537567547,0.3710215700976392,0.3763528302017373,0.006359887320865898,0.0010286272167677746,-0.005331260104098123,1.9731062171953078,2.003833413590749,-0.030727196395441192
hea_ring,d2,LATE,secondary_n_ge_8,11000,8,16,5,8 10 12 14 16,4000,0.3734696656152762,0.4584884983717057,0.999970998831415,0.008331763016473648,-0.00678003 0.00833176 0.00386594 -0.00560706 0.000189379,0.0003685714310856781,-0.24922612867061983,0.03226637076112582,0.011291874766761134,-0.0033378 -0.00261067 0.0112919 -0.00140057 -0.00394285,0.3792383357386817,0.1827656015642154,0.9999634594740502,0.011537779620745425,-0.00102131 0.00803558 -0.0115378 0.00305404 0.00146947,0.7520548766776121,0.08032492228584909,0.9999751298414562,0.013837250007242119,-0.00103292 0.0135912 -0.0138373 -0.00896749 0.0102464,0.3742068084774476,0.7476764740927238,0.37281654093893035,0.3734696656152762,0.0050315272612341255,0.004378402584888308,-0.0006531246763458731,1.9830665990366112,1.9980301190532297,-0.014963520016618492
hea_ring,d2,LATE,secondary_n_ge_8,11001,8,16,5,8 10 12 14 16,4000,0.37667609751689934,0.5033954945834872,0.9999763635284104,0.0092441045653322,-0.00645225 0.0092441 -0.00132188 0.000720465 -0.00219043,-0.0007363328239054644,-0.2622878477413759,0.18366439416548086,0.0076473287068788975,-0.000138442 0.00314338 -0.000614528 -0.00764733 0.00525691,0.3803742701426265,0.16369667011404873,0.9999424559107408,0.012883065620931333,0.000164582 -0.00723887 0.00408762 0.0128831 -0.00989639,0.7528573111601026,0.07675055567403055,0.9998922882258835,0.03384753918149119,0.0194786 -0.0338475 -0.00216739 0.0279632 -0.0114268,0.3752034318690884,0.7518795293859878,0.3724830410174761,0.37667609751689934,0.005170838273538092,0.0009777817741147832,-0.004193056499423253,1.9792540407052468,2.0039249791519094,-0.02467093844666257
hea_ring,d2,LATE,secondary_n_ge_8,11002,8,16,5,8 10 12 14 16,4000,0.3764036689476829,0.5010461494612691,0.9998125580286087,0.01843508502860214,-0.0141713 0.0161637 -0.00512054 0.0184351 -0.015307,0.00021088834068743565,-0.2501274215839798,0.013293432477853417,0.009798375814147109,0.00201747 0.00209888 -0.00979838 0.00523024 0.000451785,0.37656187752727915,0.1989218459702747,0.9997388801057165,0.02938197960734268,0.0134352 -0.029382 0.00902944 0.0163464 -0.00942903,0.7496630387983385,0.08656616205455735,0.9998899895233082,0.03481237633270062,0.0179234 -0.0348124 0.00260733 0.027529 -0.0132473,0.3768254456290578,0.7532291145767407,0.37310116127105936,0.3764036689476829,-0.0002635681017786329,-0.003566075778402178,-0.003302507676623545,1.9908097009741272,1.998880710720926,-0.008071009746798863
hea_ring,d2,LATE,secondary_n_ge_8,11003,8,16,5,8 10 12 14 16,4000,0.3780590102188123,0.549162746273541,0.9996010050038647,0.031104425688093684,-0.0187577 0.0167211 -0.0031185 0.0311044 -0.0259493,9.339701510708862e-05,-0.24776255404938316,0.0022297881704759215,0.010255807398286715,0.0068558 -0.0102558 0.00123056 0.000883116 0.00128633,0.38087532956541276,0.11927427023280694,0.999905376434362,0.01750102156155986,0.00541245 0.000397022 -0.00266993 -0.017501 0.0143615,0.7597152851415176,-0.08525070570488157,0.9997313591641127,0.05776327630330336,0.0233552 -0.0196848 0.0116985 -0.0577633 0.0423944,0.37824580424902643,0.7563048144678387,0.3788399555761049,0.3780590102188123,0.0026295253163863275,0.0034104706736789447,0.0007809453572926173,1.9946560624138343,1.9995061570330304,-0.004850094619196055
hea_ring,d2,LATE,secondary_n_ge_8,11004,8,16,5,8 10 12 14 16,4000,0.3783010207682016,0.5193599077078419,0.9996520266670083,0.028068533017065356,-0.0122311 -0.0038308 0.0162863 0.0278441 -0.0280685,-0.0005019441381613376,-0.25966679224777744,0.3664681859190628,0.0025455330989649916,-0.00237322 0.0013725 0.00254553 0.000284313 -0.00182913,0.38014197074330447,0.1670317696548685,0.9996105439209665,0.03958033032697994,-0.00192393 0.00874924 0.0105142 -0.0395803 0.0222409,0.7594949237404873,-0.011759429136779517,0.9996913452137627,0.07055125837540466,-0.00158128 0.0102512 0.0230614 -0.0705513 0.0388199,0.3772971324918789,0.7555981532600805,0.37935295299718286,0.3783010207682016,0.0028448382514255632,0.0038967704804068193,0.001051932228981256,1.9979244129645068,2.0026607365650846,-0.004736323600577741
hea_ring,d2,LATE,secondary_n_ge_8,11005,8,16,5,8 10 12 14 16,4000,0.37678025949387317,0.5032125852145481,0.9998651900216299,0.019334753238467783,-0.00528649 0.0148459 -0.00202851 -0.0193348 0.0118038,0.0012631007002645688,-0.2337157728082629,0.33707419993691745,0.008447455518929337,-0.000649698 0.0043926 -0.00106578 -0.00844746 0.00577033,0.38398361314798046,0.12231343789129506,0.9996513800691466,0.027767157365765627,-0.00976394 -0.00897319 0.019471 0.0270332 -0.0277672,0.758024185186047,0.01002990895189981,0.9998379027861468,0.04409267143691409,0.00532269 -0.0274605 0.00849908 0.0440927 -0.0304539,0.3793064608944023,0.7560867203882755,0.3740405720380665,0.37678025949387317,0.004677152253578176,0.0019374647977714599,-0.002739687455806661,1.9741055587544512,1.9933399462941594,-0.019234387539708298
hea_ring,d2,LATE,secondary_n_ge_8,11006,8,16,5,8 10 12 14 16,4000,0.37918972080174534,0.5427403917417762,0.9995347270158472,0.040017793285106684,0.0110258 -0.0216864 -0.00953085 0.0400178 -0.0198263,-0.0007698128821430868,-0.26157159567556065,0.10280285485407192,0.00878688401095451,0.00840366 -0.00592782 -0.00878688 0.00174259 0.00456846,0.38636938774326474,0.08507664382719014,0.999816313717819,0.023939217673292212,-0.0155031 0.00920294 0.0239392 -0.0134748 -0.00416421,0.7581714518859778,-0.02139640378960481,0.9996446995538147,0.05821838833478843,-0.0305366 0.0557492 0.00655853 -0.0582184 0.0264472,0.37765009503745917,0.7568398158392046,0.37180206414271305,0.37918972080174534,0.00871929270580557,0.0013316360467732213,-0.007387656659032293,1.9622969001616883,2.0040768578758956,-0.04177995771420728
hea_ring,d2,LATE,secondary_n_ge_8,11007,8,16,5,8 10 12 14 16,4000,0.38325791493699507,0.5742524393713005,0.9998155793886511,0.018364899069221785,-0.00843224 0.0177743 -0.0183649 0.0171359 -0.00811302,5.323164462261338e-05,-0.2535182835771114,0.0002754917933143197,0.011820597772739388,-0.00890141 0.00918506 -0.00188506 0.0118206 -0.0102192,0.3864238537754583,0.09335370198382818,0.9997184812257857,0.02739805737565515,0.00440475 -0.0160973 0.0273981 -0.0241232 0.00841772,0.762561012885255,-0.03435844445550705,0.9998975293838352,0.03782137310366984,0.00266177 -0.0214875 0.0378214 -0.0218274 0.00283175,0.3833643782262403,0.7666222931632354,0.3761371591097967,0.38325791493699507,0.0030594755492179826,-0.004061280277980361,-0.007120755827198344,1.9733797627523302,1.9997222921708642,-0.02634252941853399
hea_ring,d2,LATE,secondary_n_ge_8,11008,8,16,5,8 10 12 14 16,4000,0.37526252066040805,0.4790077840155729,0.9999906119101869,0.006063762379523219,0.00284648 0.000170025 -0.00606376 0.000231536 0.00281572,0.0007350756351891911,-0.24630506647748718,0.5152318105517852,0.003380946433072962,-0.00114022 0.00338095 -0.00217632 -0.00122932 0.00116492,0.3817183663722279,0.16272230810372798,0.9998288301109141,0.026168410208525117,0.000357805 -0.0147696 0.0261684 -0.00945923 -0.00229738,0.7535083351056558,0.06924383593959224,0.9997796135842487,0.04242015881305505,0.0163046 -0.0381929 0.0424202 -0.0354802 0.0149483,0.3767326719307864,0.7519951925911945,0.37178996873342796,0.37526252066040805,0.0049856944414414794,0.0015131425144613297,-0.003472551926980094,1.9739902542988503,1.996097627363075,-0.022107373064224722
hea_ring,d2,LATE,secondary_n_ge_8,11009,8,16,5,8 10 12 14 16,4000,0.3807993634695678,0.5699209655580941,0.9997187034781124,0.030854096293225552,-0.00350503 -0.00920748 0.00539423 0.0308541 -0.0235358,-0.0017774123948473613,-0.2761765239223609,0.5857060607358371,0.0053846056352923055,-0.00538461 0.00376331 0.00368939 0.0028697 -0.0049378,0.3819231092812363,0.12332717343283472,0.9998164700990719,0.026734252688089377,0.00427996 0.000634385 0.00385562 -0.0267343 0.0179643,0.7572864708253222,-0.025303220540311172,0.9996897037908891,0.05120804715477867,0.0361017 -0.0197298 -0.0176377 -0.0499424 0.051208,0.37724453867987306,0.7580439021494408,0.3753633615440859,0.3807993634695678,0.00467857060136323,-0.0007574313241186514,-0.0054360019254818814,1.9828244283266976,2.0094231312191675,-0.026598702892469905
hea_ring,d4,EARLY,primary,11000,4,16,7,4 6 8 10 12 14 16,4000,0.3186037688628938,0.32859961960675665,0.9999777455554958,0.009865089388664927,-0.00464479 0.000406944 0.00706819 0.00537768 -0.00435334 -0.00986509 0.0060104,-0.001027167460244081,-0.30987276279706394,0.21352599571081543,0.01429794062061951,0.00401916 0.000745608 0.0021656 -0.00994918 -0.0104779 0.0142979 -0.000801221,0.3219667028157771,0.32819736602678107,0.9999036529063582,0.02263466226760258,-0.0093278 0.0028335 -0.00951611 0.0136843 0.0226347 -0.00645861 -0.01385,0.6393157287932549,0.3993645587279007,0.9999727165829756,0.024227788866248545,0.00580737 -0.000807309 -0.0193684 -0.00293826 0.0242278 0.0070253 -0.0139465,0.31654943394240564,0.6351532028052995,0.3173490259774778,0.3186037688628938,0.005417268873371461,0.004162525987955412,-0.0012547428854159937,1.9856579056221804,2.0064897760040283,-0.020831870381847972
hea_ring,d4,EARLY,primary,11001,4,16,7,4 6 8 10 12 14 16,4000,0.31913943843827475,0.33407030071247906,0.9999810357622476,0.012397975060784994,-0.00658485 -0.00204295 0.012398 0.0016085 -0.00211161 -0.000470299 -0.00279676,0.0004776239209892942,-0.30074146791352696,0.1065695088669728,0.008935598108652076,-0.0089356 0.00314808 0.0075686 -0.000293558 0.00615428 -0.00382913 -0.00381269,0.3237795305153137,0.32135463084908117,0.9998958761998,0.01880395225149467,0.0177818 -0.00496247 -0.00141395 -0.0142877 -0.018804 0.0042483 0.017438,0.6408852219331856,0.3894390307659725,0.9998851039999503,0.04047497440264891,0.0359546 0.00894067 -0.0339554 -0.0272255 -0.0187437 -0.00544568 0.040475,0.32009468628025334,0.639234124718528,0.3171056914178719,0.31913943843827475,0.0036848442350603805,0.0016510972146576153,-0.0020337470204028207,1.9793877053104005,1.9970157335222294,-0.01762802821182885
hea_ring,d4,EARLY,primary,11002,4,16,7,4 6 8 10 12 14 16,4000,0.3162297218646833,0.3059021613447639,0.9999904611527175,0.006416072797035266,0.00509831 -0.00359981 0.00130508 -0.00220756 -0.00641607 0.00164375 0.00417631,-8.559951495909123e-05,-0.30047465957274466,0.0065272968216023575,0.007942936949011103,-0.00191775 0.00375036 0.00138936 -0.00794294 0.00629868 -0.00157132 -6.40012e-06,0.3208673144411406,0.3402006788421227,0.999935994570963,0.017165106586630063,-0.0171651 0.00768575 0.00902666 0.0150048 -0.0067814 -0.00299647 -0.00477427,0.6341105276673944,0.45119058278749724,0.9999934321793567,0.011869455267873086,-0.00474081 -0.00631516 0.006796 0.0118695 0.00148202 -0.00573573 -0.00335577,0.3160585228347651,0.6322882446994484,0.3132432132262538,0.3162297218646833,0.004808791606375484,0.001822282967945954,-0.0029865086384294748,1.976239084282655,2.0005416687655906,-0.024302584482935652
hea_ring,d4,EARLY,primary,11003,4,16,7,4 6 8 10 12 14 16,4000,0.3187652295929604,0.32185510961622016,0.9999665284776482,0.015302270575245025,-0.00418121 -0.00296785 0.000469574 0.00504305 0.0153023 -0.00768547 -0.00598037,-0.0005331206227662138,-0.3013532276739269,0.263245719762927,0.005225529935351303,0.00354709 -0.00280934 0.000405471 -0.00522553 0.00503288 -0.00324691 0.00229634,0.32243371366147977,0.3384889825966175,0.9999231957614828,0.02174667613068726,-0.0138103 0.0217467 0.00194602 -0.0042388 -0.00584609 -0.00924688 0.0094494,0.638452086804277,0.42349911325551803,0.9999400944121056,0.034026350898550106,0.00781285 0.0175573 -0.00291314 -0.0276268 -0.011274 -0.0175825 0.0340264,0.31769898834742794,0.6364642179403883,0.31601837314279724,0.3187652295929604,0.004734725314051835,0.0019878688638886866,-0.0027468564501631487,1.9801033817281963,2.0033561367352117,-0.023252755007015402
hea_ring,d4,EARLY,primary,11004,4,16,7,4 6 8 10 12 14 16,4000,0.3185688737051462,0.3237440342692514,0.999977615220346,0.011567207142567426,-0.00880868 0.00391553 0.00102528 0.0115672 -0.00235162 -0.000825043 -0.00452267,0.00085834969534019,-0.2931015695481564,0.25427297138826177,0.011325212770773863,-0.00767339 0.0113252 -0.00558804 0.00174527 0.00351764 -0.000504615 -0.00282207,0.3233193723969274,0.3299601961553417,0.9998983228147035,0.022560406051357562,0.0225604 -0.0122397 -0.00388609 -0.0155643 -0.00544568 -0.00103543 0.0156108,0.641863350986293,0.3878208275312278,0.999917278768544,0.036836600717538914,0.0368366 -0.0091323 -0.0245218 -0.0186525 -0.00265624 -0.0160006 0.034127,0.32028557309582656,0.6388544468009728,0.3185439785893656,0.3185688737051462,0.0030337993011008146,0.0030089041853201826,-2.489511578057657e-05,1.9852301030644735,1.99464009766632,-0.00940999460184666
hea_ring,d4,EARLY,primary,11005,4,16,7,4 6 8 10 12 14 16,4000,0.31926927229583485,0.32123324352257115,0.999938549169781,0.02063554339427398,-0.0103378 -0.00302103 0.00804767 0.0206355 -0.00432733 -0.00831047 -0.00268655,0.00021613825242878458,-0.29658509075237555,0.09292803056277443,0.00481669937069612,-0.00043657 -0.0020894 0.00268529 -0.00042749 -0.000604484 0.0048167 -0.00394405,0.32424471133065247,0.3171552967742395,0.9999452425445607,0.015521580784897182,0.00627633 0.011348 -0.0130764 -0.0155216 -0.000351399 0.00517532 0.00614977,0.6402837901920281,0.4047494206282485,0.9999110891867544,0.04902160877891859,0.0223688 0.0122147 -0.0230617 -0.0490216 0.0169334 0.0101587 0.0104078,0.3197015488006924,0.6389708210965273,0.3160390788613756,0.31926927229583485,0.004543162529960065,0.0013129690955008266,-0.0032301934344592387,1.9746930877126656,1.99864787484928,-0.023954787136614364
hea_ring,d4,EARLY,primary,11006,4,16,7,4 6 8 10 12 14 16,4000,0.32078235626802243,0.33772537415784093,0.999960030877521,0.012855648856342938,-0.00679558 -0.00408476 0.0036997 0.00982565 0.0128556 -0.0087898 -0.00671087,0.0008557289267169804,-0.2912964637531852,0.3244971483675122,0.0074795048123613705,-0.00133266 0.00418979 -0.00465108 0.00597247 -0.00239329 -0.0074795 0.00569427,0.3264021808469025,0.30331868582261556,0.9998086688121728,0.036644508759086314,0.0157694 -0.00808262 0.0100891 -0.0366445 -0.0036235 0.0226207 -0.000128632,0.6448240006978212,0.36725986612175404,0.9998760068015237,0.052186447430392136,0.0386771 -0.0179092 0.000828865 -0.0521864 -0.0107275 0.0321823 0.00913491,0.3224938141214564,0.6432761703894788,0.3184218198509187,0.32078235626802243,0.0039083667254460885,0.0015478303083423794,-0.002360536417103709,1.9755505279551826,1.9946930521501742,-0.019142524194991628
hea_ring,d4,EARLY,primary,11007,4,16,7,4 6 8 10 12 14 16,4000,0.31822447482502114,0.3215021004343135,0.9999402481728237,0.016073834652103436,-0.0160738 0.00995308 0.00379073 0.00339249 0.0135283 -0.00571938 -0.00887139,-6.810987060498082e-05,-0.30254616705025816,0.006519378139902332,0.00518558014188597,-0.00518558 0.0046748 0.00162538 -0.00207707 0.00415125 -0.000833333 -0.00235545,0.3219496094228252,0.34328782704582633,0.9998735832430438,0.026065534755505215,0.0260655 -0.0251418 -0.00596198 0.000420225 -0.00714799 0.00619883 0.00556714,0.6406271909163275,0.4110783931342671,0.9998421952359375,0.05906837031976586,0.0590684 -0.0406185 -0.0260838 -0.0204674 -0.00795867 0.0303374 0.00572271,0.31808825508381117,0.6363127299088324,0.3186775814935023,0.31822447482502114,0.0038613543390140226,0.004314461007495107,0.00045310666848114023,1.98983683212044,2.0004282451144704,-0.010591412994030325
hea_ring,d4,EARLY,primary,11008,4,16,7,4 6 8 10 12 14 16,4000,0.3183835197022612,0.31924930869517903,0.9999646122258056,0.012068455935775546,0.00249708 -0.00989013 0.00238092 0.00214119 0.00358155 0.0113579 -0.0120685,-0.00013382696635065176,-0.3012272896066425,0.01815094893838598,0.00793194446504536,-0.00237668 0.00793194 -0.00563808 0.000340029 -0.00239059 0.000913752 0.00121962,0.3234351632984871,0.34108409643372084,0.9999289906337467,0.01887419187429007,0.00686552 -0.0188742 0.00717708 0.0160313 -0.00950848 -0.00460753 0.00291626,0.6392635399452212,0.42401622731944705,0.9999518055565697,0.031035006823971756,0.0227972 -0.0205406 0.00278511 0.00217945 -0.031035 0.0103108 0.013503,0.3181158657695599,0.636499385471821,0.31582837664673413,0.3183835197022612,0.0053192975289271804,0.002764154473400171,-0.002555143055527065,1.9764812626611878,2.000841372473057,-0.024360109811869313
hea_ring,d4,EARLY,primary,11009,4,16,7,4 6 8 10 12 14 16,4000,0.3183063939651125,0.31820381064856745,0.9999691702246677,0.011430993639017561,-0.00252223 -0.00556603 0.0073405 0.011431 -0.011142 0.00159254 -0.00113378,0.0012585861327396029,-0.2892689804676149,0.3351944650346551,0.011217331525959717,-0.000320239 -0.0101509 0.0060711 0.00344332 0.00588747 0.00628657 -0.0112173,0.32335963831841796,0.33514120612879383,0.9999068994191669,0.020770643321448734,0.00252434 0.0184248 -0.010144 -0.0207706 -0.000335754 -0.00371101 0.0140122,0.6422440601612679,0.3973834975603545,0.9999235888621618,0.04541905398348689,0.010516 0.0227777 -0.0111383 -0.0454191 0.00561422 -0.00740235 0.0250518,0.3208235662305917,0.6391299601957042,0.31888442184284993,0.3183063939651125,0.0025360720878262466,0.003114099965563666,0.0005780278777374193,1.986160250243844,1.992154029409205,-0.005993779165361035
hea_ring,d4,EARLY,secondary_n_ge_8,11000,8,16,5,8 10 12 14 16,4000,0.31947168615094523,0.3398621971294362,0.9999516121775385,0.008976824878624612,0.00274895 0.00279427 -0.00520091 -0.00897682 0.0086345,-0.0019428408937155162,-0.3218137978537925,0.28410476931198525,0.013419547608747973,0.00678125 -0.00716488 -0.00952496 0.0134195 -0.00351096,0.3205261684140763,0.346782638247437,0.9997732003790379,0.021335802867356257,-0.0165771 0.00950441 0.0213358 -0.0048764 -0.0093867,0.640356105874626,0.3858800221185742,0.9999288977739779,0.025227800499123987,-0.0142069 0.000142508 0.0252278 0.00594456 -0.0171079,0.3155860043635142,0.6350576905144595,0.3198299374605497,0.31947168615094523,0.004940164050562079,0.0052984153601665085,0.0003582513096044848,1.9978278498851703,2.012312592236997,-0.014484742351826618
hea_ring,d4,EARLY,secondary_n_ge_8,11001,8,16,5,8 10 12 14 16,4000,0.3207628515891268,0.3552768192012126,0.9999882174254291,0.004178761778868001,0.00417876 -0.00336389 -0.00383717 0.00105097 0.00197133,0.001792531398201291,-0.28380507475794386,0.7256792310318174,0.004996780030985748,0.00115147 -0.00408088 0.00499678 -0.00235681 0.00028944,0.32659152483470233,0.2850468283080091,0.9998751588919261,0.01624008154308587,0.0123979 -0.00609987 -0.0162401 0.00118818 0.00875388,0.6494172519025656,0.2780756074876707,0.9999645256124626,0.015325918170871589,0.00915176 -0.00118235 -0.00976465 -0.0135307 0.0153259,0.3243479143855294,0.6451107659746562,0.3228257270678633,0.3207628515891268,0.002243610449172928,0.004306485927909387,0.002062875478736459,1.9884693953134729,1.9889468603391687,-0.0004774650256957891
hea_ring,d4,EARLY,secondary_n_ge_8,11002,8,16,5,8 10 12 14 16,4000,0.31575003227795845,0.29984618722679357,0.9999853979024979,0.00611637371976359,0.00352353 -0.000948486 -0.00611637 0.000984071 0.00255726,-0.0002646043858826473,-0.30298924085918416,0.02592919961547946,0.007218404371807208,0.0024719 -0.0072184 0.0066652 -0.00156281 -0.000355897,0.3185871559918808,0.3694584510598085,0.9999609738080648,0.008677273366010319,-0.00198984 0.00854865 -0.00867727 -0.000332024 0.00245049,0.6322150918633496,0.4761470062172758,0.9999959174283275,0.005867389878543072,-0.00299694 0.00586739 -0.000729178 -0.00415606 0.00201478,0.3152208235061931,0.6309708557841516,0.31362793587146875,0.31575003227795845,0.003366332485687684,0.0012442360791979912,-0.002122096406489693,1.9844337098117715,2.0016788509270387,-0.017245141115267204
hea_ring,d4,EARLY,secondary_n_ge_8,11003,8,16,5,8 10 12 14 16,4000,0.32004664935396715,0.3386619588661363,0.9999319726550867,0.013872458457410364,-0.00608592 0.0010504 0.0138725 -0.00655244 -0.0022845,-0.0008211379941752767,-0.3049569865684553,0.2926517162211284,0.005180431827090548,0.00170509 -0.00450194 0.00518043 -0.00367539 0.00129182,0.32293364788472495,0.3309025038878937,0.9999501078650959,0.009036935453934802,0.00553303 -0.00165166 -0.00425882 -0.00865948 0.00903694,0.6426482493473675,0.36807113613908476,0.9999072277092695,0.02231572732553566,0.0189455 -0.0141605 -0.00619997 -0.0209008 0.0223157,0.3184043733656166,0.6384510227195838,0.3197146014626426,0.32004664935396715,0.0045292745191083394,0.004197226627783768,-0.0003320478913245717,1.9900318643065913,2.005157831128358,-0.015125966821766923
hea_ring,d4,EARLY,secondary_n_ge_8,11004,8,16,5,8 10 12 14 16,4000,0.3197432811284764,0.3388155543636629,0.9999751661268107,0.00823976128145798,-0.00465098 0.00823976 -0.00333025 0.00054514 -0.000803669,0.0006942466790949462,-0.29580116939788326,0.2738536746451897,0.00424799887105054,-0.00420126 0.00280384 0.004248 -0.000102457 -0.00274812,0.32599550104618175,0.29578250790203897,0.9999473077873617,0.008882569140666874,0.00888257 -0.00814789 -0.00338153 -0.00432354 0.00697039,0.6478608267684693,0.31031025715004157,0.9999532648854234,0.022454738632010418,0.00500892 -0.00111673 0.00288462 -0.0224547 0.0156779,0.3211317744866663,0.6408750556151427,0.3218653257222876,0.3197432811284764,0.004863726559515447,0.006985771153326659,0.002122044593811212,1.9873305756961688,1.9956762504725376,-0.008345674776368828
hea_ring,d4,EARLY,secondary_n_ge_8,11005,8,16,5,8 10 12 14 16,4000,0.3217899944301205,0.35415368276206294,0.9999286029265575,0.012922325497639164,-0.00470699 0.0129223 -0.0069991 -0.0059408 0.00472457,0.0006168626335143375,-0.29127120370318316,0.28167587634237423,0.005112953656701447,0.000577201 -0.00173413 -0.00110968 0.00511295 -0.00284634,0.3272021759304911,0.2781408574853747,0.99998490320432,0.006081787494419011,0.0022783 -0.00608179 0.00317347 0.00278525 -0.00215522,0.6465897549360455,0.3221611458128196,0.9999041294985181,0.029492981403665297,0.00907885 -0.029493 0.0238501 0.00446343 -0.00789935,0.3230237196971492,0.6448137141272697,0.3193875790055544,0.3217899944301205,0.004178456233341898,0.0017760408087758028,-0.0024024154245660956,1.9761169163905659,1.9961806976026857,-0.020063781212119824
hea_ring,d4,EARLY,secondary_n_ge_8,11006,8,16,5,8 10 12 14 16,4000,0.3227541861658473,0.3635634007354844,0.9999475419045752,0.010679581052597698,-0.00636368 0.00370593 0.0106796 -0.0070222 -0.000999619,0.0004937931157616069,-0.29621111889264373,0.06321829523009526,0.007631951026278061,-0.00263191 0.00726777 -0.00182186 -0.00763195 0.00481795,0.32834367058996744,0.278483450301996,0.9995811816075922,0.031224170669116535,0.0193924 -0.0312242 -0.00208614 0.0202751 -0.00635723,0.649873043262852,0.30251777443812955,0.999831183511586,0.037934781397075845,0.0251786 -0.0379348 -0.00657396 0.0262378 -0.00690768,0.3237417723973705,0.6464959585632177,0.32152937267288456,0.3227541861658473,0.0046018981925969316,0.0033770846996342696,-0.0012248134929627175,1.9792464465514472,1.996949463072961,-0.017703016521513737
hea_ring,d4,EARLY,secondary_n_ge_8,11007,8,16,5,8 10 12 14 16,4000,0.31994627991632657,0.3433879126749137,0.9999525669954874,0.012304165190945238,-0.00432064 -0.00127528 0.0123042 -0.00349993 -0.00320832,0.0002677863598392487,-0.2984132559871275,0.09982267893729924,0.004049098644445026,0.000179643 -0.00285102 0.0040491 -0.000263697 -0.00111402,0.32339145212307924,0.32580096002613645,0.9999825721213106,0.006963232238745398,-9.8565e-06 0.00348867 -0.00696323 0.00349989 -1.54713e-05,0.6463480826812309,0.3387377276235349,0.9999558083207716,0.02258555810844598,0.000489723 -0.00533568 -0.00426871 0.0225856 -0.0134709,0.3204818526360051,0.6404281325523317,0.32295663055815166,0.31994627991632657,0.0029095994870741437,0.005919950128899232,0.003010350641825088,1.9986554327207076,1.9983288516486242,0.00032658107208338727
hea_ring,d4,EARLY,secondary_n_ge_8,11008,8,16,5,8 10 12 14 16,4000,0.31936762383282696,0.3325371690586558,0.9999392022256364,0.011847447983457826,-0.00303411 -0.00130563 0.00210294 0.0118474 -0.00961065,-0.0008482831454942686,-0.3109118171587618,0.6831362234075358,0.002879994585071155,-0.0016692 0.00287999 -0.00127954 0.000595893 -0.00052715,0.32197713820530705,0.36098213223877473,0.9999240950449529,0.011910216117240857,-0.00105676 0.0107136 -0.0119102 -0.00409321 0.00634663,0.6407418976324676,0.40582460610472315,0.9999284010837423,0.030583677856203195,0.00914987 0.0055875 -0.0305837 0.00780539 0.00804092,0.31767105754183844,0.6370386813746653,0.31876475942716054,0.31936762383282696,0.004306080663468603,0.003703216257802233,-0.0006028644056664256,1.9900229600273727,2.0053406385338235,-0.015317678506450827
hea_ring,d4,EARLY,secondary_n_ge_8,11009,8,16,5,8 10 12 14 16,4000,0.31964574466858986,0.33589367149409105,0.9999442944325078,0.01275964447189537,0.000365446 0.00713464 -0.0127596 0.00265359 0.00260597,0.002845267081920498,-0.2681345837304944,0.7197365500299087,0.0073657021036030446,-0.00236985 -0.00182427 0.00379325 0.0073657 -0.00696483,0.32662823261524443,0.2917282385018752,0.9999462416960643,0.010043618662794351,0.00712026 -0.0100436 0.00385408 -0.00605836 0.00512763,0.6477639108672861,0.3244865521135255,0.9999129947180698,0.02772061559684058,0.0175998 -0.0277206 0.012273 -0.0117833 0.00963116,0.3253362788324309,0.6449820235010207,0.3211356782520417,0.31964574466858986,0.0012919537828135486,0.00278188736626539,0.0014899335834518412,1.9831840795903497,1.982508762366548,0.0006753172238016525
hea_ring,d4,MIDDLE,primary,11000,4,16,7,4 6 8 10 12 14 16,4000,0.31927550432953933,0.32697727814896455,0.9999250752373332,0.016509037413116268,-0.00396342 -0.00699902 0.0122596 0.016509 -0.0150742 -0.00964157 0.00690955,-0.00019222308586529173,-0.3066741971980997,0.028886115157161663,0.007067549549858221,-0.00706755 0.00242162 0.00245064 0.0054325 0.00430477 -0.00441238 -0.0031296,0.3232241209210969,0.34289473057018416,0.9999157568031563,0.015322147058844493,0.0131383 0.00415276 -0.011019 -0.0145314 -0.0136228 0.0153221 0.00655994,0.6403057236464955,0.4131775815939313,0.9999351261146202,0.03660759660585988,0.0181068 -0.00274946 -0.00806301 -0.0366076 0.00721219 0.0327571 -0.010656,0.31889105815780877,0.638166562487348,0.3170816027253986,0.31927550432953933,0.0043330627632881535,0.0021391611591474735,-0.0021939016041407355,1.9809961020910385,2.001205572128461,-0.020209470037422683
hea_ring,d4,MIDDLE,primary,11001,4,16,7,4 6 8 10 12 14 16,4000,0.31840394853340803,0.32494917185174677,0.9999176607768755,0.020231537225605,-0.0202315 0.014399 0.00489761 0.00994497 -0.00313456 0.0062381 -0.0121136,0.0006482845103325749,-0.301302617052778,0.5471758865980108,0.004229473817073892,-0.00313306 -0.00100249 0.00422947 0.00193771 0.00109201 -0.00110424 -0.0020194,0.3225468105031609,0.3467394800814756,0.9999652048696801,0.010055437052875149,0.0080178 -0.00739517 0.00376639 -0.00782389 0.00366529 -0.0100554 0.00982502,0.6396326351074979,0.4170547732283842,0.9999027469858088,0.04224138037313896,0.0422414 -0.0328655 -0.0286467 0.006422 0.0113935 -0.016587 0.0180423,0.3197005175540732,0.6381044660874812,0.317085824604337,0.31840394853340803,0.0028462929490877253,0.0015281690200167342,-0.0013181239290710467,1.9830691678820045,1.995944426269357,-0.012875258387352595
hea_ring,d4,MIDDLE,primary,11002,4,16,7,4 6 8 10 12 14 16,4000,0.3170685915425897,0.30617879279198,0.9999739039776064,0.01121223083747136,0.00343355 0.00906164 -0.0112122 -0.00634018 -0.001634 0.00122796 0.00546326,-0.0011266494147531853,-0.3183424172269396,0.4556588091142807,0.010127803712966899,-0.00339799 0.00226457 -0.00351312 0.00114691 0.0101278 -0.000578745 -0.00604943,0.3198084597934455,0.3784720263140802,0.9999861297826057,0.008950148041150463,-0.00360932 0.00895015 -0.00284058 0.000175447 -0.00693179 0.00160473 0.00265136,0.6351562515900527,0.46968146823271106,0.9999944703392725,0.00882076657407449,0.000573119 -0.00748916 0.00882077 0.00508941 -0.00495318 -0.00663785 0.0045969,0.31481529271308334,0.631883884255673,0.3153477917966072,0.3170685915425897,0.004993167080362182,0.0032723673343797444,-0.001720799745982493,1.986052063789309,2.007157526593093,-0.021105462803783892
hea_ring,d4,MIDDLE,primary,11003,4,16,7,4 6 8 10 12 14 16,4000,0.3191298514286701,0.3280502823269734,0.9999546130238766,0.014259578741167456,-0.00415227 -0.00339563 -0.00556678 0.0142596 0.0105897 0.000200721 -0.0119353,0.00022088002509875433,-0.3059476010201236,0.046262001764295624,0.006314123112718617,-0.00128171 0.000571303 0.00432418 0.000550391 -0.00390002 -0.00631412 0.00604998,0.32274726269686227,0.35234047004945324,0.9999208650375477,0.023368313334455326,-0.00984937 0.00321162 0.0233683 -0.00841335 -0.0135788 0.00196258 0.00329903,0.6417725728040408,0.4127841146860276,0.9999499011992696,0.03882165544136029,0.00366993 0.00633481 0.0197872 -0.0388217 -0.0109157 0.00545386 0.0144916,0.31957161147886765,0.6387014629075377,0.3190253101071785,0.3191298514286701,0.003175651217994624,0.0030711098965030548,-0.00010454132149162465,1.9884679034654444,1.9986176492706806,-0.010149745805236199
hea_ring,d4,MIDDLE,primary,11004,4,16,7,4 6 8 10 12 14 16,4000,0.3188085562327984,0.3200362527798097,0.9999318057850656,0.016239172106341293,-0.0134986 0.00719181 0.00734568 0.0162392 -0.0139636 -0.0051406 0.0018261,0.0004810543392525845,-0.3049974622489705,0.12396736850505685,0.01093187750310487,-0.00224434 -0.00494443 0.00369186 0.0109319 -0.00325375 -0.0028674 -0.00131382,0.3240715510637642,0.340693346736032,0.9999545972561281,0.014127514706229416,0.0119272 0.00209565 -0.0141275 -0.0111879 0.00370727 0.000617989 0.00696734,0.6387235476723002,0.4377376035219586,0.9999303845827933,0.03954220265373998,0.0211962 -0.00580944 -0.0116771 -0.0395422 0.0312369 0.00473153 -0.000135829,0.31977066491130357,0.638579221144102,0.31465199660853604,0.3188085562327984,0.0043008861524606035,0.00014432652819817982,-0.004156559624262368,1.97093371996305,1.9969912540952686,-0.026057534132218674
hea_ring,d4,MIDDLE,primary,11005,4,16,7,4 6 8 10 12 14 16,4000,0.31943841206413076,0.3242820144220164,0.999969801594757,0.01292119420156057,-0.00738898 0.00251515 0.000475366 0.0129212 0.000898548 -0.010704 0.00128275,-0.000776155592351105,-0.3145303921381249,0.14881210570823633,0.012221219009962092,-0.00950641 0.00357812 0.0122212 -0.00731471 0.00761567 -0.00302425 -0.00356964,0.3235146722787388,0.3409704201356387,0.9999184204480824,0.014974671769115044,0.012328 0.00806737 -0.0149747 -0.0105201 -0.0132085 0.00357132 0.0147366,0.6400551918120033,0.4280943168964455,0.9999241444627455,0.03532986210251643,0.0335821 -0.000150581 -0.0246789 -0.0353299 -0.00156841 0.00710227 0.0210434,0.31788610087942853,0.6373245129435593,0.3165405195332645,0.31943841206413076,0.005628571399310278,0.0027306788684440253,-0.002897892530866253,1.9784425457542605,2.0048832307559463,-0.026440685001685837
hea_ring,d4,MIDDLE,primary,11006,4,16,7,4 6 8 10 12 14 16,4000,0.32030628246246556,0.33704953603878146,0.9999663289174539,0.010982720590741124,-0.00878979 0.00747519 -0.00303275 0.000925139 0.0103134 0.00409151 -0.0109827,0.0013631537189560286,-0.2919742808050906,0.5022394524872595,0.010841625532835963,0.00487643 0.00137723 -0.00395021 -0.00107071 -0.0108416 0.00455151 0.00505738,0.3267730003325694,0.31334835770094693,0.9999855286452686,0.00811013874385269,0.00484528 -0.00654779 0.00447218 -0.00811014 0.00405618 0.00199662 -0.000712331,0.6435739451441946,0.39864116577760456,0.9999192305669914,0.038453260930443545,0.0384533 -0.0231781 -0.015349 -0.00846685 -0.00440301 -0.0192264 0.0321701,0.32303258990037764,0.6433388723628432,0.31680094481162524,0.32030628246246556,0.003740410432191754,0.00023507278135148635,-0.0035053376508403233,1.9694832329758114,1.9915602712446043,-0.022077038268792926
hea_ring,d4,MIDDLE,primary,11007,4,16,7,4 6 8 10 12 14 16,4000,0.3175285353338836,0.3101167772797421,0.9999657907025125,0.01243543213128806,-0.0124354 0.00264886 0.00699893 0.00851146 0.00463333 -0.00142848 -0.00892867,0.000697348340493208,-0.2983256203906044,0.15587987598194408,0.00977791675676043,-0.00977792 0.00854989 0.00317162 -0.00432506 0.00773642 0.000733926 -0.00608887,0.3230807501468672,0.34711803347569214,0.9999166307141848,0.01965344929177526,0.0196534 -0.0118606 -0.0155321 0.00639085 -0.00990071 0.0041393 0.00710975,0.6400520062950976,0.4318748785902087,0.9998977858718839,0.04386104628328491,0.043861 -0.0208862 -0.0421516 -0.000925445 -0.00509116 0.0228296 0.0023637,0.31892323201487,0.6364517673487536,0.3169712561482304,0.3175285353338836,0.004157518131997218,0.003600238946343981,-0.0005572791856531811,1.9810898854361967,1.995626857685547,-0.014536972249350244
hea_ring,d4,MIDDLE,primary,11008,4,16,7,4 6 8 10 12 14 16,4000,0.31933166642235666,0.3243442419536365,0.9998969682247576,0.021617106029035327,-0.00822715 -0.00680889 0.0100591 -0.00225229 0.0216171 0.00669369 -0.0210815,-0.0007365468619383054,-0.31539565981558465,0.2623553278175893,0.008438762946297307,0.00024827 0.00249043 -0.000194262 0.00228764 -0.00675679 -0.00651405 0.00843876,0.3211683542333283,0.3675648333089977,0.9999089322334781,0.020953531676617843,0.00358338 0.00472233 0.00703305 -0.00857021 -0.0198114 -0.00791067 0.0209535,0.6388776214359199,0.44187795584908746,0.99994165808206,0.03354996762741358,0.0130108 -0.00796425 0.00831593 0.00206769 -0.0287302 -0.02025 0.03355,0.31785857269848006,0.6371902391208367,0.31770926720259157,0.31933166642235666,0.003309781534848233,0.0016873823150831413,-0.0016223992197650916,1.9892296766317652,2.0046344313175846,-0.015404754685819366
hea_ring,d4,MIDDLE,primary,11009,4,16,7,4 6 8 10 12 14 16,4000,0.3193776459012627,0.3252214449867341,0.9999705925056176,0.009534747801743126,-0.0082675 0.000946021 0.00828881 0.00936929 -0.00953475 0.00268131 -0.00348318,0.00028393358747047666,-0.3068225328373637,0.026519007346969214,0.010992284937678343,-1.04813e-05 -0.0109531 0.0109923 0.0076465 -0.0040723 -0.00393549 0.000332616,0.3232023987467592,0.35764115580409156,0.9996473500556686,0.03695897130975867,0.00896843 0.0318168 -0.036959 -0.0336887 0.0190477 -0.00208787 0.0129026,0.6401243033273559,0.4284293858060867,0.9998002841240686,0.05604613362729083,0.0343961 0.0248879 -0.0558493 -0.0560461 0.0265756 0.00756888 0.0184671,0.31994551307620367,0.6393231589774664,0.3169219045805967,0.3193776459012627,0.0032568856705555427,0.0008011443498895376,-0.002455741320666005,1.9805679221734878,1.9982251128653719,-0.017657190691884095
hea_ring,d4,MIDDLE,secondary_n_ge_8,11000,8,16,5,8 10 12 14 16,4000,0.321118040590983,0.3512802004428741,0.9998470543515126,0.017266685863737585,0.00269698 0.0106315 -0.0172667 -0.00814898 0.0120872,0.000858044171995619,-0.2931418037299447,0.4578441779210858,0.003375580402863454,-0.00267961 0.00240277 0.00337558 -0.00324103 0.000142287,0.3264746864916723,0.3004297401867222,0.9999264692052394,0.012279219454251589,0.00544151 -0.00457203 -0.0101646 0.0122792 -0.00298412,0.64351465812227,0.3715989062939802,0.9998681285477424,0.029410734946354822,0.00784419 -0.0271183 0.0102836 0.0294107 -0.0204203,0.3228341289349742,0.6439521695259572,0.31703997163059777,0.321118040590983,0.0036405575566980652,-0.0004375114036871963,-0.004078068960385206,1.9711012361709852,1.9946843032065646,-0.02358306703557944
hea_ring,d4,MIDDLE,secondary_n_ge_8,11001,8,16,5,8 10 12 14 16,4000,0.32029040993435187,0.34875322138262593,0.9999587646238312,0.008844514580935936,-0.00381475 0.00500554 -0.00430107 0.00884451 -0.00573424,0.0014252692178985229,-0.29115169148124215,0.9931044077783433,0.00044337263954380424,0.000294426 -0.000443373 0.000264897 -0.000377379 0.000261429,0.32304109552752003,0.34068353321833916,0.9999337343415311,0.010919480530766634,0.00586806 -0.0067108 0.00378981 -0.0109195 0.0079724,0.6431510859017101,0.3729581879970912,0.9999347561450274,0.021748719701871977,-0.0126977 0.0153341 0.0132686 -0.0217487 0.0058437,0.3231409483701489,0.6434313583045008,0.3201099903741901,0.32029040993435187,-9.985284262886696e-05,-0.0002802724027907155,-0.00018041956016179306,1.990926525467159,1.9911786529990259,-0.00025212753186676373
hea_ring,d4,MIDDLE,secondary_n_ge_8,11002,8,16,5,8 10 12 14 16,4000,0.31502263605969916,0.2791282897060105,0.9999996791458824,0.0008650411512811651,-0.000529372 0.000250772 0.000865041 -0.000364912 -0.000221529,-0.0007867355451564165,-0.3140367652419469,0.14307753045294747,0.00990111816313538,-0.00509946 0.000240399 0.00990112 -0.000125603 -0.00491646,0.32042911775404803,0.36995596542418907,0.9999891306835462,0.005863623267616802,0.00071022 0.00248493 -0.00586362 0.00143158 0.00123689,0.6341475019724604,0.48316967103778274,0.9999910999411458,0.007248688294794192,0.00340256 0.0016887 -0.00633639 -0.00600356 0.00724869,0.31344916496938635,0.6284718010290855,0.31371838421841236,0.31502263605969916,0.0069799527846616805,0.005675700943374884,-0.0013042518412867965,1.9790570420607447,2.0050198605265592,-0.025962818465814497
hea_ring,d4,MIDDLE,secondary_n_ge_8,11003,8,16,5,8 10 12 14 16,4000,0.3204696489737879,0.34563743173844563,0.9999012367710678,0.012435552897770208,-0.0124356 0.0100704 0.00908013 0.00137074 -0.00808572,0.0003915257909086183,-0.3037577712171212,0.053066265780180366,0.006590479763039836,0.00349951 6.70193e-05 -0.0040421 -0.00611491 0.00659048,0.3212591305246884,0.37152560742880736,0.999825966159235,0.01608823333249232,0.0160882 -0.0127172 -0.0149064 0.00361129 0.007924,0.6434567807716219,0.39057267037477383,0.9998717622547184,0.033452290805918494,0.028525 -0.0334523 -0.00891479 0.00408639 0.00975567,0.3212527005556051,0.641722349529393,0.32219765024693353,0.3204696489737879,6.4299690832880785e-06,0.0017344312422289399,0.0017280012731456518,2.002921379139364,1.9975625058389768,0.005358873300387312
hea_ring,d4,MIDDLE,secondary_n_ge_8,11004,8,16,5,8 10 12 14 16,4000,0.3204295027252,0.34074896659296133,0.9998954680908378,0.01522493074891651,-0.000399462 0.0117359 -0.0152249 -0.00316006 0.00704853,0.0016715865223971991,-0.28927332257893734,0.5633230267662722,0.007113059664517862,-0.00250802 0.00711306 -0.0046915 -0.00192409 0.00201055,0.32677133081704024,0.3054914276697816,0.9999867614417949,0.006511832921379579,-0.000523834 -0.00298377 0.00651183 -0.00197701 -0.00102722,0.6420913620208736,0.3942464890702187,0.9998667924130998,0.03431423312047954,0.0048715 -0.0297292 0.0343142 0.00107325 -0.0105297,0.3237726757699944,0.6442021784951943,0.31532003120383334,0.3204295027252,0.0029986550470458284,-0.0021108164743207647,-0.005109471521366649,1.9649562292243485,1.989674319993669,-0.024718090769320522
hea_ring,d4,MIDDLE,secondary_n_ge_8,11005,8,16,5,8 10 12 14 16,4000,0.32053893509167447,0.33846305610099553,0.9999437924043075,0.009745382798018731,-0.00490149 0.00974538 -7.62178e-05 -0.00947775 0.00471007,0.000588407412196245,-0.2969699791954357,0.06438701486959297,0.01122949623058661,0.00557731 -0.0112295 0.00643002 -0.00148078 0.000702954,0.32719037323847167,0.29278293932291105,0.9999729870728962,0.0091294782321798,0.0038072 0.000910387 -0.00912948 0.000298989 0.0041129,0.6467490242611837,0.3410820240958734,0.9999798500415324,0.015255893793749031,0.00878274 -0.0152559 0.0051179 0.000400914 0.000954339,0.32171574991606694,0.6422546850077414,0.3195586510227121,0.32053893509167447,0.005474623322404726,0.0044943392534423365,-0.0009802840689623893,1.9766749793393303,1.9963420664835356,-0.019667087144205286
hea_ring,d4,MIDDLE,secondary_n_ge_8,11006,8,16,5,8 10 12 14 16,4000,0.32094296154767626,0.34495260444582365,0.999942427968143,0.010050496863771574,-0.00584238 -0.000611138 0.0100505 0.00510195 -0.00869892,0.0001812833417584205,-0.3074074572635651,0.011120902758467333,0.00959089360073273,0.002028 0.00254376 -0.00959089 0.0034385 0.00158063,0.32675988671981115,0.3138462243398208,0.9999751498409869,0.008476869255144237,0.00407923 -0.00847687 0.00371568 0.00168235 -0.00100038,0.647787882006552,0.3450188916748647,0.9999419592090224,0.02459923941962039,0.00456175 0.00301606 -0.00134798 -0.0245992 0.0183694,0.3213055282311931,0.6422484897788694,0.32102799528674086,0.32094296154767626,0.005454358488618027,0.005539392227682627,8.503373906459943e-05,1.982458399375119,1.9988715828030945,-0.016413183427975486
hea_ring,d4,MIDDLE,secondary_n_ge_8,11007,8,16,5,8 10 12 14 16,4000,0.3196182923925894,0.3371511759204035,0.9999924574985375,0.003317413429512417,-0.00331741 0.00237464 0.00267601 0.000793716 -0.00252695,0.001370448609773668,-0.290002811250649,0.4106738466748482,0.007490809305307711,0.000233615 -0.00591687 0.00749081 0.00183452 -0.00364208,0.3252323544064773,0.3197402066336729,0.9999408046777457,0.01225263838844226,-0.00536708 0.0122526 -0.00834213 0.00139467 6.19053e-05,0.6456912873383451,0.3596085344324581,0.999942876673237,0.016146036338113845,-0.0149995 0.0149481 -0.000496185 0.016146 -0.0155985,0.3223591896121367,0.641977482004726,0.32045893293186783,0.3196182923925894,0.002873164794340577,0.0037138053336190913,0.0008406405392784588,1.9853230424035746,1.9914973814680288,-0.006174339064454193
hea_ring,d4,MIDDLE,secondary_n_ge_8,11008,8,16,5,8 10 12 14 16,4000,0.3219984301106802,0.35935261421229203,0.9998232633963153,0.01860989803026225,-0.00361518 -0.010593 0.0186099 0.00902001 -0.0134217,-0.0011597648746775801,-0.32102201534794145,0.2565571250829366,0.007293630274825713,0.00204635 0.00368182 -0.00620905 -0.00681274 0.00729363,0.3225933790236641,0.3488033945285938,0.9997785539496531,0.018150269755120796,0.0143943 -0.00405902 -0.0181503 -0.00909958 0.0169146,0.6402851430422851,0.4239783873934021,0.9998567049525666,0.028929190381253633,0.0149553 0.00589204 -0.0277209 -0.0220557 0.0289292,0.319678900361325,0.6416773304720053,0.31769176401862104,0.3219984301106802,0.0029144786623390706,-0.0013921874297201375,-0.004306666092059153,1.984805593283167,2.007255811211605,-0.02245021792843782
hea_ring,d4,MIDDLE,secondary_n_ge_8,11009,8,16,5,8 10 12 14 16,4000,0.3208892436055612,0.34482491410411426,0.9999600376293096,0.01099904446754163,0.000778118 0.0048818 -0.010999 0.00424021 0.00109891,0.0019289998931210273,-0.28488901418337437,0.652718679892736,0.0062650218153404436,0.0022193 0.00216365 -0.00626502 -0.00283808 0.00472016,0.32976859906673306,0.27068971360444427,0.9997753880637759,0.02720472200991697,-0.00253713 -0.0123992 0.0272047 -0.00706323 -0.00520513,0.6507366942821545,0.28922391011413545,0.9998726677029828,0.03843239669225618,-0.00154299 -0.0229646 0.0384324 -0.00179912 -0.0121257,0.3247472433918033,0.6456364869973644,0.32096809521542147,0.3208892436055612,0.005021355674929784,0.005100207284790104,7.88516098602643e-05,1.9733130932532157,1.9881199921947066,-0.014806898941490898
hea_ring,d4,LATE,primary,11000,4,16,7,4 6 8 10 12 14 16,4000,0.3195390799021432,0.3375117338425763,0.9999667820176216,0.010344303955629464,-0.00516437 0.00256533 0.00880057 0.0040452 -0.0103443 -0.0084897 0.00858727,0.00027394140526476525,-0.294219823279317,0.12204964716623135,0.005525961842524796,0.00275019 -0.00306416 0.00325016 -0.00552596 0.000926609 0.000543695 0.00111947,0.3242124929403436,0.30853756771590213,0.9999813309782651,0.010140830386620614,-0.0010242 -0.00427511 -0.00227662 0.0068874 0.0101408 -0.00431663 -0.00513567,0.6399734520954318,0.3910718118568569,0.9999819214059972,0.019743103563081732,0.00904307 0.00903674 -0.0119745 -0.0197431 -0.00140172 0.0104886 0.0045509,0.32008696271267273,0.6396260426148159,0.3157609591550882,0.3195390799021432,0.0041255302276708705,0.00034740948061584564,-0.003778120747055025,1.9739321156053955,1.9982883313775535,-0.024356215772157963
hea_ring,d4,LATE,primary,11001,4,16,7,4 6 8 10 12 14 16,4000,0.3190839048183473,0.33183405971454727,0.999990151969584,0.0063588688916667024,-0.00576103 0.00369712 -9.02574e-05 0.00287982 0.00216895 0.00346427 -0.00635887,-0.0017595035306874145,-0.3125605563623912,0.43588301409164076,0.013875972500883904,0.0025967 -0.013876 0.00627174 0.0129625 -0.00200374 -0.00616727 0.000216061,0.32022726680179087,0.3393410066019525,0.9998667105030697,0.022256882890197005,-0.00462546 0.0222569 -0.00388107 -0.0161268 -0.00112481 -0.0173772 0.0208785,0.6371020248416988,0.40580556599710327,0.9999233624966344,0.04035303094380005,0.00439117 0.0205115 -0.00813919 -0.0142247 -0.0107817 -0.0321101 0.040353,0.3155648977569725,0.6346488025753197,0.3168747580399079,0.3190839048183473,0.004662369044818371,0.002453222266379007,-0.002209146778439419,1.9895308454043732,2.011151452795884,-0.021620607391510616
hea_ring,d4,LATE,primary,11002,4,16,7,4 6 8 10 12 14 16,4000,0.3159806733687448,0.3003834225875327,0.9999723277136249,0.010263079148678411,-0.003152 0.0102631 0.00198599 -0.00744394 -0.00882932 -0.000356888 0.00753309,-0.0006965311990734084,-0.3005761761763836,0.5175020956557959,0.005356242775483355,-0.000596568 0.000717724 0.00123949 0.000829749 -0.00105009 -0.00535624 0.00421594,0.3183551713004423,0.3584094562289609,0.9999418247388867,0.015896711161041743,-0.0158967 0.00486651 0.0121572 0.00316951 0.00370778 0.00549479 -0.0134991,0.634266123549813,0.4448995487465407,0.9999649387280909,0.02827366332840242,0.005287 -0.00738217 -0.0012086 -0.0119522 0.00880311 0.0282737 -0.0218208,0.314587610970598,0.6305682843393428,0.31591095224937077,0.3159806733687448,0.003767560329844266,0.0036978392104702884,-6.972111937403325e-05,1.992322351664378,2.004428217607962,-0.012105865943584204
hea_ring,d4,LATE,primary,11003,4,16,7,4 6 8 10 12 14 16,4000,0.3192549217175176,0.33200740109571697,0.9999798987262477,0.010449562784014876,0.00390216 -0.00349915 -0.00715084 0.0104496 -0.00574732 0.0028321 -0.000786508,-0.0004444440987478346,-0.2999774476268596,0.10712897912699926,0.008915738508167848,0.00441667 -0.00266698 -0.00201872 -0.00818941 0.00891574 0.0016465 -0.0021038,0.32241486934941477,0.3305539215105359,0.9997859190623405,0.03370132198905962,-0.0244747 0.0337013 0.00424338 0.00479448 -0.0228594 -0.00729653 0.0118915,0.6410000249163961,0.3888466820523358,0.9999586641888542,0.028127140865716882,-0.0129585 0.0281271 0.00450553 -0.0152432 -0.0109146 -0.0133479 0.0198315,0.31836603352002196,0.6376209552375396,0.3185851555669813,0.3192549217175176,0.004048835829392805,0.0033790696788564833,-0.0006697661505363217,1.9881217829991487,2.0027920321388173,-0.014670249139668634
hea_ring,d4,LATE,primary,11004,4,16,7,4 6 8 10 12 14 16,4000,0.31849040909310344,0.32708858287531034,0.9999506671721183,0.012196184776645858,-0.00984158 0.0111393 0.000554838 0.00464685 -0.0121962 0.0115855 -0.00588874,-0.0011912022341462611,-0.3083618783285382,0.3395035818195108,0.015699057308630027,0.00417279 0.000458809 0.00328745 -0.0156991 0.000514991 0.00558658 0.00167843,0.32195476260282874,0.3316252201435504,0.999890619437864,0.02342453395819888,-0.00164249 0.0022265 -0.0168256 0.0234245 0.00732916 -0.0189071 0.00439499,0.6409039266910412,0.38793941638887913,0.9998565034101292,0.04504273454842611,0.0294015 -0.0149367 -0.0450427 0.0164924 0.0346354 -0.0403027 0.0197528,0.3161080046248109,0.6345984137179144,0.3189491640882125,0.31849040909310344,0.005846757978017814,0.00630551297312687,0.0004587549951090564,1.9906645315934524,2.007536678709292,-0.01687214711583951
hea_ring,d4,LATE,primary,11005,4,16,7,4 6 8 10 12 14 16,4000,0.3193434673369014,0.3315249114926791,0.9999501246357654,0.014061604203630118,-0.0140616 0.00644527 0.00106637 0.0139342 0.0063647 -0.00665436 -0.00709463,0.00027176125848078075,-0.2947748940017006,0.04119621276721519,0.009109262453153022,-0.00910926 0.0036955 0.00828532 -0.00045852 0.00315445 -0.00189653 -0.00367095,0.3231752230718673,0.32351902251725223,0.9999686924681198,0.011636794510030857,0.00928226 0.00184614 -0.0116368 -0.00547541 0.00139014 -0.00473115 0.00932481,0.6402799853020481,0.3834813654833467,0.9999285454523317,0.03915891384415904,0.0333555 -0.000210745 -0.0391589 -0.0178529 0.0043224 0.00247035 0.0170743,0.31988698985386294,0.6392304571907643,0.3171047622301808,0.3193434673369014,0.003288233218004366,0.0010495281112837818,-0.0022387051067205843,1.981216193543598,1.9983008920831389,-0.017084698539540977
hea_ring,d4,LATE,primary,11006,4,16,7,4 6 8 10 12 14 16,4000,0.3206814602419332,0.3425140804841993,0.999955593632293,0.013430994286748987,-0.0113713 -0.00270826 0.00934604 0.013431 0.00362277 -0.0031533 -0.0091669,-0.0007046770762413355,-0.30789822955694524,0.46781379952339974,0.004662863702619202,-0.00307907 0.00413422 0.00225195 -0.00153855 -0.00466286 0.00273692 0.000157399,0.3242956283933438,0.3223327040459073,0.9999725244349928,0.013108936717042496,0.00174384 0.000472109 -0.00171328 -0.0112751 0.0131089 0.00163685 -0.00397339,0.642824258715739,0.3837582286572978,0.999969761940665,0.025513185393477578,0.0151411 0.00903762 -0.0255132 -0.0100825 -0.00921291 0.0146912 0.00593863,0.31927210608945056,0.6399535663313838,0.3185286303223952,0.3206814602419332,0.005023522303893246,0.0028706923843552223,-0.002152829919538024,1.9822168491770302,2.0044142727335155,-0.02219742355648524
hea_ring,d4,LATE,primary,11007,4,16,7,4 6 8 10 12 14 16,4000,0.3180933244935128,0.32554214317165203,0.9999649744718584,0.01297815676176961,-0.0129782 0.00348153 0.00833684 0.00572913 0.00514205 -0.000357572 -0.00935382,-0.0017547933476842318,-0.3164281531896146,0.6386366683195615,0.009026891354880662,0.00789376 -0.00506106 -0.00902689 0.0017952 0.00252181 0.00362108 -0.0017439,0.3193025659369569,0.3611531201276574,0.9999613392766861,0.013473470215875416,0.0105088 -0.00453937 -0.0134735 -0.00124423 0.00387239 0.00952567 -0.00464982,0.6357854021597834,0.43637832687097367,0.9999205377547069,0.04095751100797074,0.0294798 -0.0149123 -0.0156343 -0.0156426 -0.0169052 0.0409575 -0.00734307,0.31458373779814436,0.6326770622916571,0.3164828362228265,0.3180933244935128,0.004718828138812525,0.0031083398681263086,-0.0016104882706862722,1.9911690978559593,2.011156287734175,-0.019987189878215572
hea_ring,d4,LATE,primary,11008,4,16,7,4 6 8 10 12 14 16,4000,0.3180160938582852,0.3165130299115061,0.9999261381721367,0.01935965029494735,-0.0055099 -0.00913793 0.00632148 0.00536585 0.0150455 0.0072747 -0.0193597,0.0008878746140429122,-0.29286428944394766,0.34771646744592877,0.00830336787992042,-0.00216242 -0.00339906 0.00830337 0.00439801 -0.00741452 -0.00160863 0.00188325,0.32393081116748373,0.318677695695,0.9999199176297798,0.016550984654148948,-0.0105662 0.0159831 -0.016551 0.00885945 0.0104713 0.00216494 -0.0103616,0.6406681677301581,0.3940261947476661,0.9999636979495711,0.02603548731099803,0.00754256 0.0202124 -0.0260355 -0.00434784 -0.0148966 0.000661464 0.0168635,0.31979184308637104,0.6378079369446563,0.3167373565626744,0.3180160938582852,0.004138968081112693,0.002860230785501794,-0.0012787372956108434,1.9777932374543707,1.994447171600915,-0.016653934146544147
hea_ring,d4,LATE,primary,11009,4,16,7,4 6 8 10 12 14 16,4000,0.318822740269399,0.3268874670964261,0.9999891816292408,0.0063106581962113495,-0.00563262 -0.000610569 0.00539055 0.0037449 0.000633295 0.00278511 -0.00631066,-9.001005236778453e-05,-0.2962356133352346,0.0049212996850462876,0.007641373417123676,0.00764137 -0.00364741 -0.000805516 -0.00524151 -0.00670835 0.00475208 0.00400932,0.32266391311821996,0.32069400831471256,0.9999250539365643,0.018521325260468124,-0.0105472 0.0157996 -0.00757661 -0.00436665 0.0185213 -0.0093514 -0.00247912,0.6397777505066397,0.3922477326041109,0.9999643695419712,0.020872600694802124,0.00349497 0.0182697 -0.0190613 -0.0208726 0.0178089 -0.00907349 0.00943373,0.31864272016466344,0.6374654604340624,0.3171138373884197,0.318822740269399,0.004021192953556518,0.002312290072577272,-0.0017089028809793017,1.9827992052902217,2.000564959101035,-0.017765753810813134
hea_ring,d4,LATE,secondary_n_ge_8,11000,8,16,5,8 10 12 14 16,4000,0.32018715460598557,0.3458084382781651,0.9999199039516764,0.010864111945110277,0.00568846 0.00222925 -0.0108641 -0.00771336 0.0106598,0.00018352760271143507,-0.2952419947650729,0.03027098972754816,0.005407928382302196,0.00354902 -0.00540793 0.000863815 0.000300073 0.000695019,0.3233663866106504,0.31975070542333806,0.9999602630410501,0.009080968635502451,-0.00672091 0.00413532 0.00908097 -0.00368428 -0.0028111,0.6431375780494127,0.3494863372226119,0.9999879106155068,0.009798888468647071,0.00429796 -0.00979889 0.00221424 0.00777633 -0.00448964,0.3205542098114084,0.640741364417394,0.3197711914387623,0.32018715460598557,0.0028121767992420055,0.0023962136320186955,-0.00041596316722325444,1.9888819762326846,1.998854935626524,-0.009972959393839353
hea_ring,d4,LATE,secondary_n_ge_8,11001,8,16,5,8 10 12 14 16,4000,0.3196815433295436,0.3394185042796747,0.9999876945655446,0.004381097277653012,-0.00289359 0.00127176 0.00175617 0.00424677 -0.0043811,-0.00019744859341624092,-0.2915600435528218,0.012185793541253598,0.007582513783338352,-0.00223234 0.00758251 -0.00425959 -0.00529901 0.00420843,0.32264070792886684,0.3068534278054536,0.9998273251454083,0.018677806944620734,0.00929897 -0.00777368 0.00240148 -0.0186778 0.014751,0.6410569787606181,0.3533655914567927,0.999860431913566,0.035039455671443065,0.0126612 -0.00133428 -0.00580116 -0.0350395 0.0295137,0.31928664614271113,0.6389681894722548,0.3184162708317512,0.3196815433295436,0.0033540617861557154,0.002088789288363313,-0.0012652724977924024,1.9869066829036124,2.0012368108456875,-0.01433012794207511
hea_ring,d4,LATE,secondary_n_ge_8,11002,8,16,5,8 10 12 14 16,4000,0.31507161092224356,0.2880524568255833,0.9999619691415154,0.007407106652387974,0.00704445 -0.0042036 -0.00740711 -0.000752797 0.00531905,-0.0006848761970937132,-0.30046054735299804,0.273721771983806,0.0053087015711531516,0.0012171 0.000830671 -0.00102586 -0.0053087 0.00428679,0.3159058053573005,0.39000788806011255,0.9999700147720351,0.008187476585280962,0.000153712 -0.00393527 0.00150174 0.00818748 -0.00590766,0.6342161977882614,0.44591769192905223,0.9999070034245473,0.027954480807613535,-0.00182733 -0.0124711 0.00838408 0.0279545 -0.0220401,0.31370185852805615,0.6287734694502997,0.31831039243096093,0.31507161092224356,0.002203946829244352,0.0054427283379617775,0.00323878150871737,2.007611721699577,2.004366414660769,0.0032453070388078764
hea_ring,d4,LATE,secondary_n_ge_8,11003,8,16,5,8 10 12 14 16,4000,0.3189993620633976,0.3288600829107316,0.9999510261651984,0.011041284427799614,-0.006048 0.0110413 -0.00566672 0.00240158 -0.00172814,-0.0009277307760056204,-0.30612682555251547,0.1889108985654433,0.009265676306730308,0.000264367 -0.00687289 0.00926568 0.00102986 -0.00368701,0.3225751263868952,0.3267855139238362,0.9998222073297038,0.021014079850191436,0.00672973 0.00696032 -0.0210141 -0.00577172 0.0130957,0.6426273904269449,0.36628457337191356,0.9999521000025646,0.016355787867974314,0.0140487 -0.00895473 -0.0078809 -0.0135689 0.0163558,0.31714390051138636,0.6361432625747839,0.32005226404004977,0.3189993620633976,0.005431225875508816,0.006484127852161015,0.0010529019766521985,1.992178992921421,2.005850535195598,-0.013671542274177106
hea_ring,d4,LATE,secondary_n_ge_8,11004,8,16,5,8 10 12 14 16,4000,0.3187878325092054,0.33039812296930765,0.9999174305630557,0.012439927142018803,-0.000375315 0.00431154 -0.0119366 0.0124399 -0.00443951,-0.002094582277555812,-0.3201287593612167,0.4080077916813851,0.012965976710047011,0.00782729 -0.012966 0.00144131 0.00470614 -0.00100877,0.3219602398829312,0.33144269053705167,0.9996956669566254,0.023552290763673156,-0.0166869 0.0235523 0.00744597 -0.0188013 0.00448988,0.6445437249329071,0.34136887406442634,0.9997026203804978,0.0446893189180706,-0.0275906 0.026665 0.0375283 -0.0446893 0.00808658,0.31459866795409375,0.6333865004632991,0.3225834850499759,0.3187878325092054,0.007361571928837463,0.011157224469607985,0.003795652540770522,2.0019357830248583,2.0133159004847503,-0.01138011745989198
hea_ring,d4,LATE,secondary_n_ge_8,11005,8,16,5,8 10 12 14 16,4000,0.3211889977097636,0.35519454285060204,0.9999557554394127,0.008719920853637042,-0.00783902 0.00871992 0.00484143 -0.00448656 -0.00123577,0.001539289442669862,-0.2784818023760564,0.7863330826090836,0.004076329306162474,0.00213246 -0.00407633 0.00207169 -0.000444231 0.000316409,0.3253085968569648,0.29569285612605345,0.9999835004997879,0.0067722209390854715,-0.000877618 0.00101701 0.00361583 -0.00677222 0.003017,0.6469194677162655,0.29717863136874056,0.9999889226315108,0.010951347373937992,-0.00597204 0.00205504 0.0109513 -0.00417967 -0.00285468,0.32426757659510336,0.6454565743048669,0.32161087085930073,0.3211889977097636,0.001041020261861425,0.0014628934113986025,0.00042187314953712196,1.988633174673555,1.990506053927236,-0.001872879253680848
hea_ring,d4,LATE,secondary_n_ge_8,11006,8,16,5,8 10 12 14 16,4000,0.3233619682085607,0.3774960972283464,0.9999885745261654,0.005254057208876617,-0.00419192 0.00525406 0.000806853 -0.000608205 -0.00126079,-0.0007089957553851233,-0.30816108344957815,0.3553741088020068,0.004451833959711771,0.00248025 -0.00131889 -0.00445183 0.00293931 0.000351154,0.32471521214316384,0.316854509858401,0.9999259468758599,0.013552125906707957,0.000408246 -0.0099927 0.0135521 0.00124087 -0.00520854,0.6472081275537975,0.32631605282026266,0.9999878902875672,0.010759238672997995,-0.00314196 0.00352098 -0.00437716 0.0107592 -0.00676109,0.32194397669779046,0.6453059449063512,0.3224929154106337,0.3233619682085607,0.002771235445373388,0.0019021826474463488,-0.000869052797927039,1.9931561668519848,2.004404466656947,-0.011248299804962114
hea_ring,d4,LATE,secondary_n_ge_8,11007,8,16,5,8 10 12 14 16,4000,0.32016672622590353,0.3523222891527449,0.9999935635362325,0.003242719810823136,-0.00185609 -0.000316998 0.00324272 0.00188991 -0.00295954,-0.002574386392534143,-0.32682980968605996,0.7709831187692644,0.005181979217234567,-0.00518198 0.00400093 0.00308835 0.00254843 -0.00445573,0.3207234256851419,0.34290891187533856,0.9999459126411934,0.009139371627278514,-0.00659614 0.00279138 0.00506628 0.00787785 -0.00913937,0.6394445258712443,0.38955533228042855,0.9998821132314335,0.036552773638064195,0.00191574 -0.0054108 -0.0139917 0.0365528 -0.0190661,0.3150179534408352,0.6351846796667387,0.31872110018610245,0.32016672622590353,0.005705472244306675,0.004259846204505591,-0.0014456260398010845,1.9937568467449422,2.0163443788800923,-0.02258753213515008
hea_ring,d4,LATE,secondary_n_ge_8,11008,8,16,5,8 10 12 14 16,4000,0.3204887642107947,0.3491146410077243,0.9998940459420852,0.01239853575101435,-0.00649877 -0.00250906 0.0121159 0.00929048 -0.0123985,0.0018302183001388046,-0.2804438685088337,0.5544039720215858,0.00852681575183828,0.0034217 0.00140103 -0.00852682 -0.000836235 0.00454033,0.3242150284243494,0.3141837163789463,0.9998656366368094,0.01433074339302065,-0.0143307 0.0105113 0.0115547 0.00267988 -0.0104151,0.6452085333065849,0.3339908242447504,0.9999864995098102,0.010283874702576412,-0.00232304 0.0102839 -0.00934559 -0.00286828 0.00425304,0.3241492008110723,0.644637965021867,0.3209935048822355,0.3204887642107947,6.582761327711406e-05,0.0005705682847179094,0.0005047406714407954,1.9900636205614213,1.9887075563008683,0.0013560642605530138
hea_ring,d4,LATE,secondary_n_ge_8,11009,8,16,5,8 10 12 14 16,4000,0.320040850431801,0.3427534276420066,0.9999941623189518,0.003972689091325421,-0.000730534 6.00439e-05 -0.000615343 0.00397269 -0.00268686,-0.001071173538820064,-0.30880836826012337,0.3957276601904741,0.0059095529255991375,0.00391793 -0.00248039 -0.00590955 0.00358855 0.000883461,0.3229244243402511,0.31651738154101844,0.9998789766425111,0.019571817369788747,-0.00548407 -0.00279513 0.0195718 -0.00882193 -0.00247068,0.6432172069205288,0.3466213117396537,0.9999565226418855,0.022161865656865842,-0.00095051 -0.00964074 0.0221619 -0.0115995 2.88464e-05,0.3178985033541609,0.6379393537859619,0.32029278258027766,0.320040850431801,0.005025920986090171,0.005277853134566857,0.00025193214847663015,1.9918505954904155,2.0067390914239485,-0.01488849593353292
hea_ring,dn,EARLY,primary,11000,4,14,6,4 6 8 10 12 14,4000,0.30367773594299485,0.2529669351479518,0.9999543340675344,0.01025888913473938,0.0102589 -0.00784895 -0.00551951 0.00131091 -0.00596194 0.0077606,0.0006606501546539549,-0.2948109802421678,0.13277043681894884,0.009668245738462866,0.00430945 0.000566424 -0.00153117 -0.0062065 -0.00680645 0.00966825,0.3087524900641537,0.387735988464539,0.9996113061755834,0.029238596082871826,-0.0292386 0.0188349 0.00644557 0.019219 0.0130787 -0.0283396,0.6077517294470461,0.5605223587301157,0.9998644150004815,0.0347582029803295,-0.0285446 0.0206058 -0.00307597 0.0237547 0.0220183 -0.0347582,0.30499903625230274,0.6086767721952976,0.29899923938289247,0.30367773594299485,0.0037534538118509375,-0.0009250427482514478,-0.004678496560102385,1.9684107788758736,1.9956678541494968,-0.0272570752736232
hea_ring,dn,EARLY,primary,11001,4,14,6,4 6 8 10 12 14,4000,0.3038291161982598,0.25487378369382346,0.9999146385303925,0.014237105417267637,0.0142371 -0.0133436 0.000688427 -0.0102857 0.000695139 0.00800869,-0.0014592862922338018,-0.3138028861593327,0.25750830568694927,0.013249024699977574,-0.00641166 -0.0043808 0.00858592 0.00836818 0.00708739 -0.013249,0.3040650980245634,0.42449203633618837,0.9997989149359374,0.029269834907518,-0.016059 0.0292698 -0.00360189 -0.0101421 -0.0056946 0.00622771,0.6063272423172231,0.5688277616834012,0.9999331081560912,0.03209832614461661,-0.0242855 0.0320983 0.00281777 -0.00865694 0.00189497 -0.00386858,0.3009105436137922,0.604739659812052,0.30226214429265974,0.3038291161982598,0.003154554410771171,0.0015875825051711034,-0.0015669719056000675,1.9940705008775523,2.0096991369907378,-0.015628636113185435
hea_ring,dn,EARLY,primary,11002,4,14,6,4 6 8 10 12 14,4000,0.3028425410287767,0.24921988790471553,0.9999816331783061,0.006639299080130612,0.0066393 -0.00341311 -0.00478226 -0.00124007 -0.00271712 0.00551327,0.0011855031586775592,-0.29221691529776567,0.39800714864992726,0.007294840583708495,0.00610882 -0.00565256 0.000579481 -0.00729484 0.00491736 0.00134174,0.30679295758896596,0.41025229917788947,0.999800582929363,0.02429293355922235,-0.0242929 0.0152705 0.0171815 0.00797534 -0.00711263 -0.0090218,0.606840972920975,0.565121099047499,0.9999177071228504,0.027915750056364708,-0.0262615 0.0279158 0.0161076 -0.00520965 -0.0182591 0.00570686,0.3052135473461318,0.6080560883749085,0.3000480153320091,0.3028425410287767,0.001579410242834145,-0.0012151154539334907,-0.0027945256967676357,1.978014677031819,1.9922316478479698,-0.014216970816150809
hea_ring,dn,EARLY,primary,11003,4,14,6,4 6 8 10 12 14,4000,0.3032106753170158,0.250793879368463,0.9999208738125421,0.01341125105243024,0.0124513 -0.0134113 0.00274127 -0.00516319 -0.00650889 0.00989077,-0.0001489602172983411,-0.2988225956388522,0.0036802436938568883,0.0118583147636937,0.00304636 0.00695108 -0.0118583 -0.00948243 0.0115037 -0.000160396,0.3061260854596675,0.3999401731619973,0.9997748566940564,0.024310467348474862,-0.0243105 0.0110296 0.0168561 0.0154945 -0.00412316 -0.0149465,0.6056036421891501,0.5667395755302279,0.999941212629083,0.022890521757258586,-0.0228905 0.00743444 0.0186625 0.0182766 -0.00782584 -0.0136572,0.3029127548824191,0.6061234301994349,0.29947755672948256,0.3032106753170158,0.00321333057724843,-0.0005197880102848496,-0.003733118587533224,1.978281730809703,2.0009835189499117,-0.022701788140208734
hea_ring,dn,EARLY,primary,11004,4,14,6,4 6 8 10 12 14,4000,0.3033592714635837,0.2495532427559221,0.9999636592733946,0.010452451792094752,0.00313291 -0.000866103 0.00176225 -0.00351721 -0.0104525 0.00994061,0.0001710927798310035,-0.30456469999547636,0.0048146483165901754,0.012991448399770511,-0.00026339 -0.00769571 0.00251758 0.00611407 0.0123189 -0.0129914,0.3071256626391079,0.4091477883846124,0.9998905150612358,0.019983481602369402,-0.014443 0.0199835 0.00407647 -0.00683102 -0.00628625 0.00350033,0.6051530813685873,0.5870126174613142,0.9999223939590076,0.033710391436635234,-0.0247628 0.0337104 0.00655073 -0.0122153 -0.00624937 0.00296628,0.30370145702324575,0.6070607284868295,0.29802741872947935,0.3033592714635837,0.0034242056158621526,-0.0019076471182422061,-0.005331852734104359,1.9703761521214216,1.9988732831148852,-0.028497130993463626
hea_ring,dn,EARLY,primary,11005,4,14,6,4 6 8 10 12 14,4000,0.3026734702691372,0.25036048140358014,0.9999586818656928,0.010268103724679567,0.0102681 -0.00713187 -0.00715789 -0.00384598 0.0063526 0.00151504,0.00035807105361227565,-0.3030599199737562,0.018216735408171703,0.018523155959710103,-0.00606484 -0.00727222 0.0185232 0.00323308 -0.00262256 -0.00579662,0.30620871173853587,0.4246314914458771,0.9996462700782788,0.03356670111770832,-0.00494666 0.0335667 -0.0222794 -0.019945 -0.00280534 0.0164097,0.6061173494320486,0.5825308185416469,0.9999054897648851,0.033709788311385935,-0.00742345 0.0337098 -0.016103 -0.0175949 -0.0142231 0.0216347,0.30338961237636175,0.606063082645499,0.2999086376935128,0.3026734702691372,0.0028190993621741156,5.426678654962824e-05,-0.002764832575624432,1.9794255558267637,1.997639529904748,-0.018213974077984307
hea_ring,dn,EARLY,primary,11006,4,14,6,4 6 8 10 12 14,4000,0.3030604085431236,0.25223525460398816,0.9999325686508422,0.010445265837141227,0.00896769 -0.0104453 -0.00837992 0.00606415 0.00995408 -0.00616073,-0.0005987443690521715,-0.3096724745907137,0.7975900191721601,0.002068362352278308,0.000499255 0.000299614 -0.00206836 0.000771499 0.000967358 -0.000469364,0.30479537966889725,0.4233609616540834,0.9998601476579303,0.01850877867183165,-0.018369 0.0185088 0.0107133 -0.00195232 -0.0104251 0.00152439,0.6063895502631905,0.5648925168101585,0.9998926562697709,0.036502413864626604,-0.0322781 0.0365024 0.0139343 -0.0130933 -0.000235781 -0.00482963,0.3018629198050193,0.6049233283481429,0.3015941705942933,0.3030604085431236,0.0029324598638779675,0.0014662219150476385,-0.001466237948830329,1.989497186348161,2.0039669951475916,-0.014469808799430606
hea_ring,dn,EARLY,primary,11007,4,14,6,4 6 8 10 12 14,4000,0.3038611932324933,0.24925028958250714,0.9999484845761664,0.010072681046146004,0.00970944 -0.0100727 -0.00818815 0.00510925 0.00608947 -0.00264733,0.0010364331679162892,-0.29239982726847397,0.37644300215630244,0.009009096590833154,-0.00437289 0.0090091 -0.00406104 0.000155528 -0.00229988 0.00156918,0.30771651006894346,0.39842937828626385,0.9998414593170548,0.025881388580488274,-0.0152656 -0.00176309 0.0258814 0.0029011 -6.61213e-05 -0.0116877,0.6114911858026646,0.529494771642531,0.9999292125544691,0.03584150104732853,-0.0201814 -0.0008519 0.0358415 -0.000961323 -0.00128709 -0.0125598,0.30593405956832587,0.6097952528008191,0.30377467573372113,0.3038611932324933,0.001782450500617594,0.001695933001845451,-8.651749877214288e-05,1.9871900460123535,1.9932244669365764,-0.006034420924222905
hea_ring,dn,EARLY,primary,11008,4,14,6,4 6 8 10 12 14,4000,0.30361549513343344,0.2528095802877433,0.999988616854389,0.00517960476446766,0.0051796 -0.00504229 -0.00342955 0.00081627 0.00292725 -0.000451288,0.000882227891590243,-0.2933230998227001,0.2707036188624563,0.008340924200192168,0.00144854 -0.00834092 0.00469309 0.00494277 0.00215616 -0.00489964,0.30787149224292004,0.39665498087862383,0.9996956797510094,0.02878907867258418,-0.0287891 0.0247906 0.0211585 -0.00427399 -0.0101445 -0.00274151,0.6083603495493081,0.5567597532223435,0.999930175436011,0.024493046106912164,-0.024493 0.0204101 0.0230471 -0.00695968 -0.014397 0.00239255,0.3053799509166139,0.6089954460500474,0.300488857306388,0.30361549513343344,0.002491541326306135,-0.0006350965007393405,-0.00312663782704542,1.9760204009707176,1.9942220968407247,-0.018201695870007084
hea_ring,dn,EARLY,primary,11009,4,14,6,4 6 8 10 12 14,4000,0.3044787723679548,0.2591487941906086,0.999964205478368,0.009577093370923384,0.00922016 -0.00957709 -0.00590423 0.00352007 0.00288014 -0.000139044,0.0010420972544929788,-0.2945252131785556,0.762166936688901,0.004245105329113097,0.00115705 0.0016789 -0.00424511 6.07375e-05 0.000112958 0.00123545,0.30834415944628357,0.39452826604491265,0.9997787180121412,0.022968782808803212,-0.0229688 0.0192141 0.020425 -0.00613977 -0.011008 0.000477468,0.6102446295575653,0.5426953453856507,0.9999264710156038,0.026614160036904977,-0.0243956 0.0266142 0.0178383 -0.0158653 -0.00626274 0.00207122,0.30656296687694073,0.6110417392448956,0.30190047011128174,0.3044787723679548,0.0017811925693428377,-0.0007971096873302663,-0.0025783022566730485,1.9791022818574762,1.9932014146058858,-0.014099132748409682
hea_ring,dn,EARLY,secondary_n_ge_8,11000,8,14,4,8 10 12 14,4000,0.3020493613289249,0.23445232869258786,0.9999597363654492,0.0069878254675113105,-3.1904e-05 0.00354177 -0.00698783 0.00347796,-0.0009892645350076169,-0.314179011197518,0.13995338883320974,0.007237396524811701,0.00463755 -0.00333762 -0.0072374 0.00593747,0.30322770064227417,0.451109601918804,0.9995936397383948,0.01600257547596229,-0.0127297 0.0110933 0.0160026 -0.0143662,0.6029125757027548,0.6157377481036023,0.9997548658459582,0.024872748391293165,-0.0195781 0.0169308 0.0248727 -0.0222254,0.3000708322589097,0.6021201935878345,0.29968487506048064,0.3020493613289249,0.003156868383364486,0.0007923821149202759,-0.002364486268444266,1.988316286492661,2.006593540115582,-0.018277253622921208
hea_ring,dn,EARLY,secondary_n_ge_8,11001,8,14,4,8 10 12 14,4000,0.30218203254919984,0.2365324904468315,0.9999362484473369,0.008415290997190183,0.00585305 -0.00841529 -0.000728571 0.00329081,0.0018799942757266608,-0.27437268556342337,0.3758688122612571,0.007728555061103648,-0.00413004 0.00233078 0.00772856 -0.0059293,0.30576191332948066,0.40252435455661806,0.9999540974139906,0.005142547819823484,0.00479126 -0.00514255 -0.0040887 0.00443998,0.6058518849526011,0.5721034960872123,0.9999888764775521,0.007179103893102834,0.00334489 -0.0071791 0.00432352 -0.000489314,0.30594202110065316,0.608124053649853,0.30008997162312046,0.30218203254919984,-0.00018010777117249965,-0.002272168697251886,-0.0020920609260793865,1.9814498096097133,1.9877101271086384,-0.006260317498925083
hea_ring,dn,EARLY,secondary_n_ge_8,11002,8,14,4,8 10 12 14,4000,0.301372064223758,0.23223809615250451,0.9999910055700197,0.003381051059296425,0.000435716 0.00103695 -0.00338105 0.00190838,0.0004605548649351521,-0.3003054124250833,0.05794557710001802,0.006455826393814923,0.00286839 -0.00645583 0.00430648 -0.000719042,0.30210806228267284,0.4640417494974841,0.9999827563498046,0.004683338276348259,0.000871221 0.00103484 -0.00468334 0.00277728,0.6046283875908549,0.5890459736248802,0.9999242397713777,0.015632938915291383,0.00988343 -0.00700867 -0.0156329 0.0127582,0.3022931739536283,0.6036652381773863,0.30252032530818207,0.301372064223758,-0.00018511167095547343,0.0009631494134686447,0.0011482610844240626,2.0013646210643774,1.9969529258043661,0.0044116952600112835
hea_ring,dn,EARLY,secondary_n_ge_8,11003,8,14,4,8 10 12 14,4000,0.30220553546404294,0.23997733045166963,0.9999157343489619,0.0077540202124741775,0.0055167 -0.00439804 -0.00775402 0.00663536,-0.002952955128846112,-0.33216589871398144,0.49117986744171105,0.01119907166109635,-0.000946971 -0.00417908 0.0111991 -0.00607302,0.300374813033617,0.4665243955397552,0.9999673234079861,0.0064229687222878695,-0.00371794 0.00642297 -0.00169212 -0.00101291,0.5994505693834131,0.6382873970233448,0.9999842553606708,0.008259471588545786,-0.00366072 0.00825947 -0.00553679 0.000938035,0.2962996252063507,0.5985051606703936,0.2990757563497961,0.30220553546404294,0.004075187827266291,0.0009454087130195132,-0.0031297791142468334,1.995675214340706,2.01993222317976,-0.024257008839053906
hea_ring,dn,EARLY,secondary_n_ge_8,11004,8,14,4,8 10 12 14,4000,0.30247927845907363,0.23930661780422796,0.9998870140431001,0.010765742894521146,0.00496893 -0.00207052 -0.0107657 0.00786733,0.0021872058822539958,-0.2803976817851423,0.2637198901435267,0.012345233421080737,-0.00552053 0.00210818 0.0123452 -0.00893288,0.30706647886607,0.4084136924685996,0.9999431013184187,0.005505085282035527,0.00528404 -0.00550509 -0.00484195 0.00506299,0.604913708952334,0.5874088092348052,0.999970101372276,0.010217724755293922,0.00806951 -0.0102177 -0.00377309 0.0059213,0.3068536902235816,0.6093329686826553,0.29784723008626396,0.30247927845907363,0.00021278864248841511,-0.004419259730321312,-0.004632048372809672,1.9699763751033628,1.9857443077796437,-0.01576793267628096
hea_ring,dn,EARLY,secondary_n_ge_8,11005,8,14,4,8 10 12 14,4000,0.30086260192893266,0.2296568716935949,0.9999775553841573,0.005325785048871268,-0.000941225 -0.00125105 0.00532579 -0.00313351,0.004298818750629192,-0.25637743145675546,0.9045966432458963,0.004041935826070708,0.00336665 -0.00404194 -0.00201608 0.00269136,0.3128690547230859,0.34421270926131114,0.9999594741511644,0.006129684928846579,0.00485668 -0.00612968 -0.00231067 0.00358368,0.6119465876412005,0.5118376146407692,0.9999483442727232,0.013480739186954693,0.00795633 -0.00519412 -0.0134807 0.0107185,0.309460239430191,0.6103228413591237,0.29907753291811456,0.30086260192893266,0.0034088152928948845,0.0016237462820767323,-0.0017850690108180967,1.9559191885653955,1.972217311286616,-0.016298122721220443
hea_ring,dn,EARLY,secondary_n_ge_8,11006,8,14,4,8 10 12 14,4000,0.3025330327554736,0.2468035143655986,0.9998700394130609,0.009057308619941029,-0.00716719 0.00622213 0.00905731 -0.00811225,-0.0008483871229564909,-0.3126182621491808,0.7568997691868417,0.0012208590461695312,-0.00111972 0.00122086 0.000917432 -0.00101857,0.3029934070053247,0.4431477286650879,0.99991033682997,0.008588185355157485,0.0053423 -0.00371936 -0.00858819 0.00696524,0.6042178326033528,0.5877253226922109,0.9999602579667243,0.014208895216405892,0.00847526 -0.0142089 0.00299203 0.00274161,0.30083625850956064,0.6033692912650342,0.30122442559802814,0.3025330327554736,0.0021571484957640386,0.0008485413383185758,-0.0013086071574454627,1.9941616504966875,2.0056401919579754,-0.011478541461287906
hea_ring,dn,EARLY,secondary_n_ge_8,11007,8,14,4,8 10 12 14,4000,0.30298105946208065,0.23965962834668403,0.9999337092925571,0.0058985732497673915,-0.00563856 0.00589857 0.00511853 -0.00537854,0.0003146706853746936,-0.30149826610616354,0.18940038504811463,0.0020363424657727225,-0.000736699 0.00203634 -0.00186259 0.000562944,0.3019327856671078,0.4663075132320148,0.9999597737767918,0.0071397915443549564,0.00427305 -0.00713979 0.00146044 0.00140631,0.6042147090631129,0.6147943491901317,0.999962283349028,0.013496132972077746,0.00875374 -0.0134961 0.000731054 0.00401134,0.30361040083283003,0.6065914602949107,0.3022819233960051,0.30298105946208065,-0.001677615165722235,-0.0023767512317978134,-0.000699136066075523,2.0011563425552676,1.9979271415965232,0.0032292009587444603
hea_ring,dn,EARLY,secondary_n_ge_8,11008,8,14,4,8 10 12 14,4000,0.3030632064791888,0.24670007691325474,0.9999917823929797,0.0024092943499627317,-0.00173836 0.00140289 0.00240929 -0.00207383,0.002460468198069976,-0.2742393616467809,0.9002313354114508,0.0020113077165194726,-0.00176473 0.00164144 0.00201131 -0.00188802,0.30399296021583433,0.44031845733639285,0.9998531138046882,0.009152144809933205,0.0085233 -0.00915214 -0.00726561 0.00789446,0.6048903087792388,0.5959509378524833,0.9999251734950046,0.011947674527503338,0.0116162 -0.0114505 -0.0119477 0.0117819,0.3079841428753287,0.6110473493545175,0.30089734856340444,0.3030632064791888,-0.0039911826594943856,-0.006157040575278772,-0.0021658579157843305,1.9898168311192732,1.9840221111704057,0.005794719948867488
hea_ring,dn,EARLY,secondary_n_ge_8,11009,8,14,4,8 10 12 14,4000,0.30364599126217745,0.25007743647799846,0.9999774069160496,0.004263615806089138,-0.00349512 0.00426362 0.00195812 -0.00272662,0.00021740248275423977,-0.3043058449453396,0.1930753270402199,0.0015944215319404487,-0.00106203 0.00159442 -2.74786e-06 -0.000529642,0.30510861222151714,0.43105795446122885,0.9998048620644355,0.010313983657159298,0.00977971 -0.010314 -0.00871117 0.00924544,0.6083596922555783,0.5628750280634341,0.9999268989985995,0.01719561794320512,0.0127381 -0.0171956 -0.00382318 0.00828066,0.3040807962276859,0.6077267874898634,0.30325108003406115,0.30364599126217745,0.001027815993831227,0.0006329047657148701,-0.0003949112281163014,1.9939118985402242,1.9985701005426766,-0.004658202002452372
hea_ring,dn,MIDDLE,primary,11000,4,14,6,4 6 8 10 12 14,4000,0.3023478139106086,0.2402600271312471,0.9999288496490544,0.014484671848122299,0.0144847 -0.012172 -0.00472103 -0.00566546 0.00175869 0.00631514,7.088728380151982e-05,-0.29904857349687564,0.0009344264596902185,0.014818015742907031,-0.00534534 -0.00292365 0.014818 -0.00610736 0.00618196 -0.00662363,0.307316307295768,0.39831497227676055,0.9997572707186666,0.023088648635480435,-0.0142948 0.021457 -0.0183251 0.0230886 -0.00555592 -0.00636981,0.6081012410632023,0.5532128031908609,0.9998764775413428,0.0369146991868341,-0.0120103 0.0292175 -0.0369147 0.0281927 -0.00245978 -0.00602539,0.30248958847821167,0.6048374023888202,0.3007849337674343,0.3023478139106086,0.004826718817556308,0.003263838674382069,-0.0015628801431742945,1.9787470649188565,1.9995313076118872,-0.020784242693030697
hea_ring,dn,MIDDLE,primary,11001,4,14,6,4 6 8 10 12 14,4000,0.30363119017818657,0.2533443616859504,0.9998774032169112,0.022016022078108932,0.0169699 -0.022016 0.000990842 -0.00145404 0.00315031 0.00235905,-0.0005943923658320161,-0.305399238411372,0.14754930224768148,0.010130014673658205,-0.0038667 -0.000582348 0.01013 -0.00215339 -0.00442039 0.00089281,0.30293380207601484,0.4337101327026973,0.9998699382402862,0.017430175369259615,-0.00658277 0.00862661 -0.0145799 0.0174302 0.00728667 -0.0121808,0.6057101250288001,0.5745040677798368,0.9999473146914263,0.02157270983725823,-0.00676427 0.0138849 -0.0215727 0.0137357 0.0155285 -0.0148121,0.30244240544652257,0.6060735956247091,0.3027763229527852,0.30363119017818657,0.0004913966294922689,-0.0003634705959090212,-0.0008548672254013456,1.9994801533465385,2.003930615251882,-0.0044504619053433725
hea_ring,dn,MIDDLE,primary,11002,4,14,6,4 6 8 10 12 14,4000,0.302694546133594,0.24343795103135987,0.9999481116576804,0.009338353575725988,0.00933835 -0.00847066 -0.00360709 0.00350211 -0.00899207 0.00822936,-0.003066679375454107,-0.33546637608690016,0.9019071495556092,0.005468178089628184,-0.00403217 0.0011783 0.00238014 0.0023653 0.0035766 -0.00546818,0.3000740429291794,0.47604585364442953,0.9998597463229777,0.021313197654984517,-0.0162494 0.0213132 -0.00667783 0.00608547 0.00385688 -0.00832829,0.6009612041802136,0.6262611059812163,0.9999679289049912,0.019576969762647778,-0.00984097 0.00785448 0.00100219 -0.00239829 0.019577 -0.0161944,0.2965611873826858,0.5992557335162797,0.3008871612510342,0.302694546133594,0.0035128555464936095,0.0017054706639338946,-0.0018073848825597705,2.002709725619442,2.020681596283851,-0.01797187066440875
hea_ring,dn,MIDDLE,primary,11003,4,14,6,4 6 8 10 12 14,4000,0.3023007180339369,0.24166865678778224,0.9999146859533291,0.016492429049169033,0.0111121 -0.0164924 0.00152719 0.00712091 -0.00841411 0.00514635,-8.825089515107848e-05,-0.3024838737919842,0.0015244744709439484,0.011524999106269196,-0.011525 0.00878883 0.00180119 0.00986935 -0.0026726 -0.00626177,0.3038792587782195,0.4344403883305554,0.9998332922964406,0.02754192710977943,-0.00505288 0.0100675 0.0107614 -0.0275419 0.00779425 0.00397171,0.6022788466624096,0.6098318963815517,0.9998309497337047,0.04991676949308843,-0.00614972 0.0358434 -0.00798895 -0.0499168 0.0111753 0.0170367,0.3021242162436347,0.6044249342775716,0.29839958788419013,0.3023007180339369,0.0017550425345847498,-0.0021460876151619956,-0.0039011301497467454,1.9819676047780919,2.0005842027246166,-0.018616597946524704
hea_ring,dn,MIDDLE,primary,11004,4,14,6,4 6 8 10 12 14,4000,0.30210297169395356,0.23700287043213922,0.9999600862347378,0.009438874989654789,0.0056188 -0.00770013 -0.000574765 0.00693484 -0.00943887 0.00516013,-0.0015203619406069266,-0.32118017657645614,0.47581926024120036,0.008708530831432859,-3.01395e-05 -0.00525905 0.00417721 -2.66297e-05 0.00870853 -0.00756992,0.30326187901465196,0.45119853616652544,0.9998281842900104,0.017816431558933088,-0.0178164 0.0174635 0.0168303 -0.0125133 -0.00623624 0.00227215,0.6039448083589455,0.6060589376907464,0.9999355570281169,0.02537102407066527,-0.015156 0.0242716 0.00577044 -0.025371 0.0121245 -0.00163948,0.2990622478127397,0.6011652195066932,0.3006829293442935,0.30210297169395356,0.004199631201912246,0.0027795888522522683,-0.0014200423496600334,1.9914959648778217,2.0101675283438576,-0.018671563466035934
hea_ring,dn,MIDDLE,primary,11005,4,14,6,4 6 8 10 12 14,4000,0.3028466859260898,0.2460966078670653,0.9999695288536653,0.009096357347400885,0.00909636 -0.00584322 -0.00655622 -0.000156425 -0.00212738 0.00558689,-0.0009970651653656846,-0.31693826505639794,0.21221540351372858,0.01296080306065489,-0.00489952 0.0129608 -0.00600358 -0.00495824 0.000581601 0.00231893,0.3018690755760562,0.4626487224810099,0.9999078538453436,0.020295416662099885,-0.0108138 -0.00194901 0.0202954 0.00164712 -0.00231566 -0.0068641,0.6002324482496882,0.6351995179271316,0.99996895480838,0.01739764731262916,0.00653701 -0.0168852 0.0173976 -0.00377511 -0.0097869 0.00651257,0.30085255559535845,0.6036992415214483,0.29836337267363205,0.3028466859260898,0.0010165199806977387,-0.003466793271760027,-0.004483313252457766,1.9883866775828754,2.0066282645556566,-0.01824158697278122
hea_ring,dn,MIDDLE,primary,11006,4,14,6,4 6 8 10 12 14,4000,0.3021216993674293,0.2405645237239143,0.9999122628344944,0.015290743604641666,0.013951 -0.0152907 -0.00847421 0.00599775 0.00483521 -0.00101898,-0.0014310321889763578,-0.3168332547075999,0.15168543989841643,0.017003138522045325,-0.000519097 -0.0124876 0.00409643 0.0143433 0.0115701 -0.0170031,0.3003376356739944,0.47157911715864315,0.9996257153550124,0.02926688788747933,-0.0137809 0.0292669 0.00170861 -0.0140761 -0.0251369 0.0220183,0.6000629219288209,0.6331399521365363,0.999787274862812,0.055672703801202594,-0.0294412 0.0556727 -0.0062127 -0.0155443 -0.0257582 0.0212837,0.29925963498947655,0.6013813343569059,0.29972528625482653,0.3021216993674293,0.0010780006845178547,-0.0013184124280849474,-0.0023964131126027466,1.9979611299203521,2.0095638169780345,-0.011602687057682415
hea_ring,dn,MIDDLE,primary,11007,4,14,6,4 6 8 10 12 14,4000,0.30242659657190957,0.23999234494256572,0.9999438742299176,0.01048510727263885,0.0102113 -0.0103453 -0.00469375 -0.00303968 0.0104851 -0.00261773,-0.0003814349962217065,-0.30298016943863126,0.02627150889454888,0.014245387308265689,-0.00282807 -0.00358178 0.0142454 -0.00149709 -0.0112745 0.00493605,0.3041550046495031,0.4276890899097627,0.9997626648633788,0.024332866211170145,-0.01905 0.0161096 -0.00654786 0.0243329 0.00178952 -0.0166341,0.6026865228504197,0.6083288516647432,0.9999167108302583,0.03546786674985469,-0.0162913 0.0145809 -0.0120816 0.0354679 -0.0115579 -0.0101179,0.30166372657946616,0.6040903231513757,0.29853151820091656,0.30242659657190957,0.002491278070036962,-0.001403800300955993,-0.0038950783709930104,1.9815111164944768,2.0025288754504675,-0.021017758955990784
hea_ring,dn,MIDDLE,primary,11008,4,14,6,4 6 8 10 12 14,4000,0.30207488481463324,0.24058052677035968,0.9999875400643898,0.0068449423774565865,-0.00207791 -0.00246192 0.00243607 0.00684494 -0.000760881 -0.0039803,-0.0016611460147650655,-0.31535506700224314,0.49773627162795964,0.008174792719426727,-0.00104117 -0.00689343 0.00707761 0.00817479 -0.00480282 -0.00251498,0.30023132842874434,0.4633438516766273,0.9999504503756388,0.011757895980171185,-0.000745745 0.00405962 -0.0117579 0.00769876 0.00736643 -0.00662116,0.6003835234368672,0.6254295546337093,0.9999410779902583,0.0290269622706969,0.0104524 0.0125008 -0.029027 -0.0134433 0.011702 0.007815,0.29875259278510313,0.6008274775997363,0.30015219500812285,0.30207488481463324,0.0014787356436412047,-0.00044395416286913125,-0.0019226898065103915,1.9997364251724308,2.011120546263911,-0.011384121091480237
hea_ring,dn,MIDDLE,primary,11009,4,14,6,4 6 8 10 12 14,4000,0.3030700099347173,0.24634531931707895,0.9999479460336027,0.011718622776043963,0.00988462 -0.0117186 -0.00488341 0.0021537 0.0077942 -0.00323049,0.0005221708304771913,-0.3007401985966313,0.054201661266093604,0.013252979581885982,-0.00953824 0.00134932 0.013253 0.00424022 -0.00594545 -0.00335883,0.3071827811698065,0.41495640746433554,0.9997159906855595,0.02805004450722315,-0.00456204 0.02805 -0.0264149 -0.0124263 0.0147073 0.000645922,0.6066129981222391,0.5797693295094771,0.9998978157707882,0.036244399837780605,-0.00643846 0.0362444 -0.023971 -0.0230579 0.00524337 0.0119796,0.3041143515956717,0.6071843615303889,0.2994302169524326,0.3030700099347173,0.0030684295741348344,-0.0005713634081497831,-0.003639792982284673,1.9747623737637547,1.9965659573266608,-0.021803583562906015
hea_ring,dn,MIDDLE,secondary_n_ge_8,11000,8,14,4,8 10 12 14,4000,0.30032118096185245,0.2173888989309864,0.9999923067483624,0.003060662353609356,0.00193703 -0.00306066 0.00031022 0.000813408,0.0026726681062337492,-0.2683617376438885,0.4337777366012152,0.01077638664429853,0.00494543 -0.0107764 0.00671649 -0.000885534,0.30767737124963196,0.3925527247780133,0.999511725162537,0.02524025659558804,-0.0154514 0.0252403 -0.00412644 -0.00566246,0.6112020153854478,0.5148024828593302,0.9997412707771999,0.03559523802175146,-0.0233106 0.0355952 -0.00125876 -0.0110259,0.30566651717432,0.6059876981361724,0.30352464413581587,0.30032118096185245,0.0020108540753119852,0.0052143172492754575,0.0032034631739634167,1.9865029816884168,1.9825125229224267,0.003990458765990024
hea_ring,dn,MIDDLE,secondary_n_ge_8,11001,8,14,4,8 10 12 14,4000,0.30319574231675517,0.24981597402904704,0.9999954163599944,0.0022801294536738403,0.00103565 -0.00228013 0.00145332 -0.000208837,0.00090453798174454,-0.2877987437750505,0.17395197360929082,0.004764585581778391,0.00452096 -0.00476459 -0.00403372 0.00427734,0.3027864830501822,0.43481968368678314,0.9996094591998258,0.01779381464349994,-0.0145109 0.0177938 0.00794494 -0.0112279,0.6068138519926545,0.5605829169979021,0.9998537043472246,0.016619579055962674,-0.0164814 0.0166196 0.016205 -0.0163432,0.3050048182802442,0.6082005605969995,0.3040273689424723,0.30319574231675517,-0.0022183352300620407,-0.0013867086043449772,0.000831626625717119,2.004098220897412,1.9940686970989856,0.010029523798426254
hea_ring,dn,MIDDLE,secondary_n_ge_8,11002,8,14,4,8 10 12 14,4000,0.3015437879594309,0.23056268829897592,0.9999190736626632,0.009925904554240805,6.21103e-05 0.00486979 -0.0099259 0.00499401,-0.0019499957857094569,-0.3224693899220488,0.7381552905464277,0.003979815217754701,-0.00168337 0.000535152 0.00397982 -0.00283159,0.29971504433261753,0.4787288945145093,0.9999126894934639,0.006992413528526864,-0.00648888 0.00699241 0.00548182 -0.00598535,0.5994804833101933,0.6430456592172152,0.9999154949705009,0.020561066966893193,-0.0039366 -0.00437564 0.0205611 -0.0122488,0.29764379638801197,0.5991875843474428,0.2997654389775758,0.3015437879594309,0.0020712479446055587,0.00029289896275053184,-0.0017783489818550824,2.0001681418597803,2.0131028820984893,-0.012934740238708997
hea_ring,dn,MIDDLE,secondary_n_ge_8,11003,8,14,4,8 10 12 14,4000,0.302534595428987,0.24558639406188248,0.9999224383889436,0.009525320397504977,-0.000519526 0.00554195 -0.00952532 0.0045029,0.0017482921976359055,-0.2815978565891673,0.4404148365204541,0.007348768196081268,-0.00439248 0.00734877 -0.0015201 -0.00143619,0.3046276144471357,0.4249548325981395,0.9994973307888102,0.025539928066526052,0.0142601 -0.0255399 0.00829954 0.00298028,0.6090873005018087,0.5275154785132646,0.9997543492286686,0.035684890018792714,0.0198598 -0.0356849 0.0117903 0.00403479,0.30603117982425876,0.6085657752532457,0.304459686054673,0.302534595428987,-0.0014035653771230505,0.0005215252485629707,0.0019250906256860212,1.9994487420558786,1.9885744178182114,0.01087432423766721
hea_ring,dn,MIDDLE,secondary_n_ge_8,11004,8,14,4,8 10 12 14,4000,0.3020614239329308,0.23706617747749353,0.9999106709605046,0.010000755167282271,-0.000970454 0.00645606 -0.0100008 0.00451515,-0.0001950494404900409,-0.305279440529366,0.006965904676680457,0.008711544785745373,-0.00112102 -0.00267424 0.00871154 -0.00491628,0.30139200616437634,0.4718553672139393,0.9997722065297008,0.014471413667981547,0.0111325 -0.0144714 -0.0044546 0.00779354,0.6047080970670788,0.5953838709026139,0.9998914099683782,0.02232884436386673,0.0103392 -0.0223288 0.0136401 -0.00165045,0.3016713250519507,0.6037327489848815,0.3033160909027025,0.3020614239329308,-0.00027931888757437573,0.000975348082197347,0.0012546669697717228,2.006383993931401,2.0012931254931603,0.005090868438240914
hea_ring,dn,MIDDLE,secondary_n_ge_8,11005,8,14,4,8 10 12 14,4000,0.3011237660738874,0.22633120537537693,0.9999907732868495,0.0030370173966769443,-0.00057418 0.00237978 -0.00303702 0.00123142,-0.0025224341393753147,-0.3357326446848433,0.9727728589824678,0.0014175478084150206,0.000587848 -0.00141755 0.00107155 -0.000241852,0.29759700855485893,0.5128321514214734,0.9999653584719416,0.005815642251532971,0.00428852 -0.00581564 -0.00123429 0.00276141,0.5982990971471942,0.6590534318160669,0.9999506119386781,0.010440599288307872,0.00901054 -0.00829551 -0.0104406 0.00972557,0.2960788977951368,0.5972026638690242,0.30070208859233527,0.3011237660738874,0.0015181107597221355,0.0010964332781699948,-0.0004216774815521407,2.01043384156499,2.017038932245152,-0.006605090680162018
hea_ring,dn,MIDDLE,secondary_n_ge_8,11006,8,14,4,8 10 12 14,4000,0.3010615431340249,0.22923774667579372,0.9999397224533165,0.006722964546383103,-0.00562868 0.00672296 0.00344011 -0.00453439,0.0018725602890491938,-0.2772420546464453,0.15411508425884446,0.011622057253243334,-0.00906603 0.00778802 0.0116221 -0.010344,0.30283105907473085,0.4402799510437677,0.9993824174168863,0.023758780561744075,0.0130604 -0.00771119 -0.0237588 0.0184096,0.6036766893170894,0.5868306267453044,0.9998678235647279,0.022814103506591188,0.0111865 -0.00537268 -0.0228141 0.0170003,0.3048066637121233,0.6058682068461482,0.30084563024235855,0.3010615431340249,-0.0019756046373924363,-0.002191517529058773,-0.00021591289166633665,1.993443774101512,1.9877131276183795,0.005730646483132595
hea_ring,dn,MIDDLE,secondary_n_ge_8,11007,8,14,4,8 10 12 14,4000,0.30143895516343144,0.2291617780917909,0.9999292698230593,0.009463977221675801,-0.00176431 -0.00208552 0.00946398 -0.00561414,0.0015038355214063155,-0.2806397305399721,0.14111351433480923,0.01099168597792749,0.00698711 -0.00498483 -0.0109917 0.0089894,0.30151489971583784,0.4574653485632022,0.9995748789699977,0.020957656894383447,-0.0152033 0.0209577 0.00369452 -0.0094489,0.6006297843205949,0.6313805830138025,0.9997845881872606,0.032983520699043645,-0.0186794 0.0329835 -0.00992882 -0.0043753,0.3044466262062441,0.6058855813696755,0.29911488460475705,0.30143895516343144,-0.002931726490406239,-0.005255797049080635,-0.002324070558674396,1.9920401442404914,1.990120859343092,0.0019192848973994536
hea_ring,dn,MIDDLE,secondary_n_ge_8,11008,8,14,4,8 10 12 14,4000,0.30341763182757664,0.25648570020263634,0.9999847944715575,0.004367239074613671,-0.00272713 0.00436724 -0.00055309 -0.00108702,0.00042662247115995213,-0.29040596232736754,0.07738867588883991,0.004698700305024672,-0.00116935 0.00410337 -0.0046987 0.00176468,0.30098522161823954,0.4542225588880263,0.9998446515588439,0.009281121828457639,-0.00866775 0.00928112 0.007441 -0.00805438,0.6071670810137633,0.5450721054120445,0.9999770451622761,0.01065673681337298,-0.00293797 -0.000921408 0.0106567 -0.00679736,0.30427087676989656,0.6076885085974731,0.3061818593955237,0.30341763182757664,-0.0032856551516570187,-0.000521427583709877,0.0027642275679470862,2.0172654250243403,1.997195771901084,0.02006965312325626
hea_ring,dn,MIDDLE,secondary_n_ge_8,11009,8,14,4,8 10 12 14,4000,0.30254004813140534,0.24097423981942873,0.9999490831219432,0.006805738286313812,-0.00375202 0.00222516 0.00680574 -0.00527888,0.003523225123029939,-0.2656813715150967,0.8513148164475027,0.004991628749301424,0.00220259 -0.000808066 -0.00499163 0.00359711,0.3125985785986404,0.3495106344046212,0.9998238399792777,0.015163455002326742,-0.00429548 -0.0011385 0.0151635 -0.00972947,0.6134206388027661,0.4974337958348881,0.9999829522182991,0.008798782761606283,0.00390345 -0.00879878 0.00588722 -0.000991883,0.3095864983774652,0.6121265465088706,0.3008220602041257,0.30254004813140534,0.003012080221175162,0.0012940922938955435,-0.0017179879272796184,1.9623270251345735,1.9772391551860622,-0.014912130051488726
hea_ring,dn,LATE,primary,11000,4,14,6,4 6 8 10 12 14,4000,0.30428779510081816,0.25638466036961227,0.999951556314386,0.013346492610241789,0.00997252 -0.00229748 -0.0133465 -0.000961235 0.00128925 0.00534343,-0.0005493615676776399,-0.30722321648985995,0.13185051372202605,0.009074694925296611,-0.00240672 -0.000169367 0.00907469 -0.00528496 -0.00394312 0.00272947,0.3063649959988153,0.41680221580166615,0.9998070140358077,0.025224668118693394,-0.01526 0.0107304 -0.000244448 0.0252247 -0.0163379 -0.00411281,0.6083518766968722,0.5638359431201463,0.9999170068416299,0.03397620703068771,-0.0130391 0.0166232 -0.019556 0.0339762 -0.0105818 -0.00742254,0.30318907196546285,0.607476867066281,0.3019868806980569,0.30428779510081816,0.0031759240333524286,0.0008750096305911725,-0.002300914402761256,1.9857094793532637,2.0036238876560843,-0.01791440830282065
hea_ring,dn,LATE,primary,11001,4,14,6,4 6 8 10 12 14,4000,0.3037121035626334,0.25610490617515297,0.9999464254072558,0.01336432946543753,0.0115741 -0.0133643 -0.00402883 0.00369735 0.000278429 0.00184324,0.0002102894428933469,-0.298765797074959,0.013481476058939013,0.009951370510558721,0.00595544 -0.00207811 -0.00540133 -0.00760608 0.00995137 -0.000821293,0.30627768204830425,0.4125058184022894,0.9998471944065347,0.020786578070665973,-0.0207866 0.0121127 0.0123569 0.0117963 -0.00518083 -0.0102984,0.6075191592637057,0.5551254833933964,0.9999382248633173,0.02500530174612514,-0.0203266 0.00247585 0.0250053 0.0159994 -0.0152848 -0.00786906,0.30413268244842007,0.6078447860110535,0.30124147721540145,0.3037121035626334,0.0021449995998841787,-0.00032562674734781805,-0.002470626347231941,1.9835567358378123,1.9986171203883754,-0.015060384550563022
hea_ring,dn,LATE,primary,11002,4,14,6,4 6 8 10 12 14,4000,0.30309345570572965,0.24857660771151407,0.9999873312321377,0.006112072592758366,0.00175568 -0.00611207 0.00552857 0.00102672 -0.00296923 0.000770337,6.245732405847408e-05,-0.2998392193987055,0.0013443625992171082,0.008802512942106433,-0.00880251 0.00687306 0.00653694 -0.00290506 0.00271961 -0.00442204,0.30696664367415716,0.40131054725453236,0.9999158864746266,0.020961144096481643,-0.000256268 -0.00439877 -0.00661239 0.0209611 -0.00320872 -0.006485,0.6072058903571711,0.5630775400360971,0.9999326885367945,0.03124949680130218,0.00843333 -0.0109412 -0.0212834 0.0312495 0.0029491 -0.0104074,0.3032183703538466,0.6063118260595762,0.30023924668301394,0.30309345570572965,0.00374827332031058,0.0008940642975948654,-0.0028542090227157146,1.9780842735529132,1.9995880373343766,-0.02150376378146346
hea_ring,dn,LATE,primary,11003,4,14,6,4 6 8 10 12 14,4000,0.30382110202535023,0.25466885953726665,0.9999293121922581,0.013013825732608675,0.0130138 -0.00929624 -0.00221223 -0.0100908 -0.00106587 0.00965132,0.0002626270096247985,-0.29815407356840873,0.013784621174306788,0.011601317326788041,-0.00152332 0.0116013 -0.0109544 -0.00640337 0.00688134 0.000398456,0.3072641177681355,0.4000717700865848,0.9997105149872827,0.03307663770447489,-0.0117545 -0.0107361 0.0142053 0.0330766 -0.00705204 -0.0177392,0.610102599217418,0.5332640163533806,0.9999313405022812,0.028651825047071533,-0.00771885 -0.0123909 0.00725147 0.0286518 0.0090996 -0.0248932,0.3043463560445998,0.6081674580699501,0.30283848144928255,0.30382110202535023,0.0029177617235356945,0.0019351411474679558,-0.0009826205760676832,1.9855966379966548,1.9982741570292613,-0.012677519032606499
hea_ring,dn,LATE,primary,11004,4,14,6,4 6 8 10 12 14,4000,0.3040003140502692,0.2549825992867821,0.9999798652233162,0.00695598189872082,0.00695598 -0.00664415 -0.00478018 0.00339071 -0.000644196 0.00172183,0.000524925269574961,-0.2951427974299451,0.24024996044564884,0.005297179243261507,-0.000761778 -0.000518795 -0.00135259 0.00232232 0.00529718 -0.00498634,0.30694214899106076,0.40502517574443875,0.9998583582864,0.016352884937622658,-0.00898947 0.0162242 0.00784369 -0.0163529 -0.0107747 0.0120492,0.6088294391969418,0.5534832294689961,0.9999314792418542,0.027798000833863412,-0.0186036 0.027798 0.00992018 -0.0227699 -0.00239445 0.00604986,0.30505016458941914,0.6090504786396884,0.301887290205881,0.3040003140502692,0.001891984401641622,-0.0002210394427466511,-0.0021130238443882177,1.9835315586282452,1.9965584331332424,-0.013026874504997288
hea_ring,dn,LATE,primary,11005,4,14,6,4 6 8 10 12 14,4000,0.3037111293553309,0.2567762682337207,0.9999237564923525,0.015362952689004006,0.0147016 -0.015363 -0.00443252 0.000633183 -2.51211e-05 0.00448578,0.0009633325503672944,-0.2943437982622152,0.5447525642244941,0.004402662799222856,6.00375e-07 -0.00307835 0.00336113 -0.00108782 0.00440266 -0.00359822,0.30717727998288685,0.40094297241031274,0.9997415490409777,0.02214284773858277,-0.0221428 0.0220238 0.00277267 0.0174112 -0.0205213 0.000456493,0.6059962115723209,0.5697516285468989,0.9998773770697779,0.0349430257393637,-0.0255688 0.034943 -0.016864 0.0271092 -0.0155548 -0.00406473,0.3056377944560655,0.6093489238113964,0.298818931589434,0.3037111293553309,0.0015394855268213714,-0.003352712239075517,-0.0048921977658968885,1.972789822235816,1.9936962472060649,-0.02090642497024886
hea_ring,dn,LATE,primary,11006,4,14,6,4 6 8 10 12 14,4000,0.30208044709686027,0.24236230061112807,0.9998534103093356,0.017349942183063405,0.0101899 -0.0116035 -0.0159024 0.0173499 0.00847198 -0.00850589,-0.00040446227379952414,-0.30309454224932836,0.08879441339151595,0.007369239614163581,-0.00195002 0.00284176 0.00121378 -0.00631377 0.00736924 -0.00316099,0.30231491262994403,0.4492905431105786,0.9997715756510994,0.021961343482778783,-0.0207858 0.0219613 0.0145069 -0.00553953 -0.0163581 0.00621516,0.602875917907756,0.6073340172252655,0.9998995736144459,0.02873882732688049,-0.023491 0.0201758 0.0287388 -0.013836 -0.0217929 0.0102052,0.3012715225492612,0.6033519696461215,0.30056100527781193,0.30208044709686027,0.0010433900806828267,-0.00047605173836551273,-0.0015194418190483394,1.9941984094106564,2.002685034883995,-0.00848662547333845
hea_ring,dn,LATE,primary,11007,4,14,6,4 6 8 10 12 14,4000,0.30354692888178136,0.25133140618427985,0.9999697216016404,0.007851258493269286,0.00783448 -0.00785126 -0.00655556 0.00450939 0.00288051 -0.000817567,0.0013175737883793876,-0.2929060746148034,0.4065955904179557,0.009963929460594378,0.00172033 -0.00387298 0.00254173 -0.00534943 0.00996393 -0.00500358,0.30776743941519097,0.4081383932547155,0.999600337009751,0.028039453279253168,-0.0280395 0.00758818 0.0256495 0.0256283 -0.0183605 -0.012466,0.608201106784252,0.5627793678917311,0.9999602123145657,0.020637315581498505,-0.0127878 0.00312956 0.0189575 0.00759293 -0.0206373 0.00374519,0.3061820764585401,0.6097290053403215,0.300433667369061,0.30354692888178136,0.0015853629566508487,-0.0015278985560694958,-0.0031132615127203445,1.9761710593555142,1.991393527644602,-0.015222468289087798
hea_ring,dn,LATE,primary,11008,4,14,6,4 6 8 10 12 14,4000,0.3044653934645847,0.26016109154784084,0.9999579847880824,0.008235777830991164,0.00568546 -0.00760574 -0.00615636 0.00611448 0.00823578 -0.00627362,-3.185705766014341e-05,-0.30180356334480996,0.0004815515608630472,0.006754605147170467,0.000102158 -0.00127856 -0.00461041 0.00589327 0.00664815 -0.00675461,0.303526675945555,0.430498611233231,0.9998582459681903,0.016652971836574437,-0.0126094 0.016653 0.00941942 -0.00849897 -0.0148251 0.00986107,0.6066811672957056,0.5652080138767573,0.9999760089490801,0.016753043024303693,-0.00977247 0.016753 4.30164e-05 -0.00276985 -0.0127392 0.00848543,0.3044016793492644,0.6088670728138491,0.30315449135015066,0.3044653934645847,-0.0008750034037093846,-0.0021859055181434606,-0.0013109021144340205,1.9987737993893127,2.000209309342368,-0.0014355099530554138
hea_ring,dn,LATE,primary,11009,4,14,6,4 6 8 10 12 14,4000,0.3034697890268819,0.2486731475260532,0.9998937520831186,0.014400226923083626,0.0142901 -0.00913643 -0.0104254 -0.00901432 0.0144002 -0.000114135,0.0016774475052700078,-0.2840018219867877,0.817870090453275,0.004838660821198604,-0.00278809 0.00123425 0.000802639 0.00483866 -0.00308179 -0.00100567,0.3071289371932387,0.4018367617971073,0.9998562186297204,0.01860625277785366,-0.0186063 0.0178947 0.00998925 0.0023604 -0.0132362 0.00159807,0.6080520281550947,0.5531802417009419,0.9998844533581666,0.03267977260119803,-0.0225872 0.0326798 0.00975666 -0.00855574 -0.0299417 0.0186481,0.3068246840374219,0.6102944730643037,0.30092309096185604,0.3034697890268819,0.0003042531558167805,-0.002242444909208996,-0.002546698065025832,1.9797940034954178,1.9890657590960612,-0.009271755600643417
hea_ring,dn,LATE,secondary_n_ge_8,11000,8,14,4,8 10 12 14,4000,0.3013717818665801,0.22238975369553587,0.9999865247822048,0.0038735391177446843,-0.00267969 0.00387354 0.000291997 -0.00148584,0.0003353307372514192,-0.2968475804194887,0.019024043857211015,0.006813669920340659,0.0057766 -0.00681367 -0.00370245 0.00473952,0.3037066141473927,0.44717679975889435,0.9995807617477437,0.021433902675690675,-0.00935198 0.0214339 -0.0148119 0.00272995,0.6079440024426079,0.5674265288064414,0.9997704303030491,0.03446436388703589,-0.0198836 0.0344644 -0.00927785 -0.00530289,0.30204244334108293,0.603414225207663,0.30423738829521524,0.3013717818665801,0.0016641708063097616,0.004529777234944965,0.002865606428635148,2.001747654226473,1.9977795787006478,0.003968075525825121
hea_ring,dn,LATE,secondary_n_ge_8,11001,8,14,4,8 10 12 14,4000,0.3030022384963664,0.24874393893212904,0.9999877479433779,0.003959668135693928,-0.00234678 0.00395967 -0.000878984 -0.0007339,-0.001354588650351303,-0.31694878985054004,0.21499406102683538,0.009355826167203984,0.000262638 -0.00507187 0.00935583 -0.00454659,0.3020305443398662,0.46139281309647895,0.9999752434768556,0.005380640280814752,-0.00255304 0.00538064 -0.00310217 0.000274566,0.6010237963775966,0.6310371733324377,0.999964935668839,0.013252136136144621,0.00105651 0.0050413 -0.0132521 0.00715433,0.30029306119566385,0.6032952996920302,0.2989932520377304,0.3030022384963664,0.0017374831442023564,-0.0022715033144335983,-0.00400898645863601,1.9899437578117332,2.009021777892288,-0.019078020080554925
hea_ring,dn,LATE,secondary_n_ge_8,11002,8,14,4,8 10 12 14,4000,0.30400698740311854,0.25971455563755325,0.999989399855568,0.0031447940880728886,0.00169887 -0.00097591 -0.00314479 0.00242183,0.0014250715106408516,-0.28436810045392763,0.5034702543007539,0.004750035086862614,0.00196674 -0.00475004 0.00359986 -0.000816563,0.3057772578820361,0.4155575499221166,0.9997317641165991,0.018607999350108262,-0.0113443 0.018608 -0.00318309 -0.0040806,0.6074222640322787,0.561324388800862,0.999790805995207,0.030838911285461457,-0.0212612 0.0308389 0.00210577 -0.0116835,0.30685713042440027,0.6108641178275188,0.30164500615024264,0.30400698740311854,-0.0010798725423641908,-0.0034418537952400907,-0.0023619812528759,1.986486072376947,1.9907118240422186,-0.004225751665271504
hea_ring,dn,LATE,secondary_n_ge_8,11003,8,14,4,8 10 12 14,4000,0.3015903219140102,0.2292008807744465,0.9999461202584937,0.006930630312901087,0.00540951 -0.00693063 -0.00236725 0.00388838,-0.0021045388161452126,-0.3267123959079137,0.5549026634914715,0.0070336689862647295,-0.00133342 -0.00151671 0.00703367 -0.00418354,0.3004660060921485,0.4804736561794155,0.9996625399966379,0.020655868371513897,-0.0118117 0.0206559 -0.00587659 -0.00296756,0.6043032889786426,0.6020838543168566,0.9998901704590278,0.01782508947135053,-0.0151739 0.0178251 0.00987148 -0.0125227,0.29738124428171975,0.59897156619573,0.3038372828864941,0.3015903219140102,0.003084761810428771,0.005331722782912607,0.0022469609724838913,2.0112201604374227,2.0141538100106375,-0.002933649573214847
hea_ring,dn,LATE,secondary_n_ge_8,11004,8,14,4,8 10 12 14,4000,0.3032267583150981,0.2463955286546004,0.9999860058228266,0.004242228114341717,-0.00238155 0.00424223 -0.00133979 -0.00052088,0.0009212463132115563,-0.29046312273884034,0.23072096427963973,0.005373357075795893,-0.00286169 0.00160586 0.00537336 -0.00411752,0.3078518810736192,0.39320944380059275,0.9997043384018364,0.01363447381936167,0.0123816 -0.0136345 -0.00987574 0.0111287,0.6092676650362525,0.5463641552917932,0.9999145779424855,0.020033129511373815,0.0135334 -0.0200331 -0.000534087 0.00703377,0.3050692509415212,0.6082960092566193,0.3014157839626333,0.3032267583150981,0.0027826301320980074,0.000971655779633207,-0.0018109743524648003,1.9790935267683267,1.9939604118712826,-0.014866885102955862
hea_ring,dn,LATE,secondary_n_ge_8,11005,8,14,4,8 10 12 14,4000,0.30240629967373217,0.242588474298494,0.9999967140182158,0.0017726802004589537,-0.000683359 0.00177268 -0.00149528 0.000405962,0.0017327096255426889,-0.2851112133226473,0.6623912569391263,0.004402602761759744,0.000283557 -0.00262664 0.0044026 -0.00205952,0.3049332272982461,0.42565731985214217,0.9996605675958511,0.018307025089230322,-0.00398926 0.0151374 -0.018307 0.00715888,0.6057828952488202,0.5697545464979535,0.9998290494112312,0.029239493139646022,-0.0151604 0.0292395 -0.0129979 -0.00108122,0.30587171892481757,0.6082780185985497,0.3008496679505741,0.30240629967373217,-0.0009384916265714471,-0.0024951233497294556,-0.001556631723158064,1.9866083490347937,1.9886703508802093,-0.0020620018454156064
hea_ring,dn,LATE,secondary_n_ge_8,11006,8,14,4,8 10 12 14,4000,0.3014148709603412,0.2353943728523033,0.9996211316203981,0.017662108576697477,-0.0142591 0.0176621 0.007453 -0.010856,-0.000432397813053552,-0.3036247702329888,0.034255913879599476,0.007564241126775673,0.00152052 -0.0060629 0.00756424 -0.00302186,0.3005302225116462,0.46862824567615513,0.9997325157402117,0.014279512194730337,0.00944673 -0.00703034 -0.0142795 0.0118631,0.5996980278146993,0.6431195997226719,0.9998065506438858,0.01944378616899023,0.0183764 -0.0178427 -0.0194438 0.0189101,0.3005500753342341,0.6019649462945753,0.2991678053030531,0.3014148709603412,-1.9852822587929086e-05,-0.0022669184798760345,-0.0022470656572881054,1.9954666216355652,2.00287737617482,-0.007410754539254771
hea_ring,dn,LATE,secondary_n_ge_8,11007,8,14,4,8 10 12 14,4000,0.3027676746064534,0.24276380313709994,0.9999672029750967,0.005284454718220477,-0.00422199 0.00528445 0.00209706 -0.00315952,0.00168370297438083,-0.28834049161310377,0.26712403497767157,0.009791896690912072,0.000905181 -0.00625372 0.0097919 -0.00444336,0.29985067677736893,0.5003355995806537,0.9997502862314679,0.015556593515295702,-0.00321361 0.0125987 -0.0155566 0.00617149,0.6045077488996873,0.6058208775288797,0.9999232707680268,0.019358530603869717,0.00546284 0.001485 -0.0193585 0.0124107,0.30613508055521504,0.6089027551616684,0.30465707212231835,0.3027676746064534,-0.006284403777846115,-0.004395006261981083,0.0018893975158649767,2.0160292963037665,1.9890002611178879,0.027029035185878625
hea_ring,dn,LATE,secondary_n_ge_8,11008,8,14,4,8 10 12 14,4000,0.3043769166088154,0.25966791554841445,0.9999021117269635,0.007667231561186316,-0.006371 0.00572289 0.00766723 -0.00701912,0.0002520282652468623,-0.2983867236499819,0.008753791121874466,0.006637932278994063,-0.00575617 0.00531529 0.00663793 -0.00619705,0.30327661956953944,0.43223834507822756,0.9997431298396271,0.013564114942824723,0.00968013 -0.00773814 -0.0135641 0.0116221,0.6074490629536528,0.5550160188104963,0.9999704628244641,0.01176192226785755,0.00409185 -0.000256808 -0.0117619 0.00792688,0.3048809731393091,0.6092578897481244,0.3041724433841133,0.3043769166088154,-0.0016043535697696787,-0.0018088267944716963,-0.00020447322470207308,2.002953817593474,1.9983467104381634,0.004607107155310652
hea_ring,dn,LATE,secondary_n_ge_8,11009,8,14,4,8 10 12 14,4000,0.30075236855880955,0.21749311020244305,0.9998656929521053,0.012971218629825643,-0.00098475 -0.00500848 0.0129712 -0.00697798,0.002344716658520144,-0.2762734009474309,0.8144071281876296,0.0037829313143432075,-0.00158763 0.00378293 -0.00280298 0.000607674,0.30509043050516377,0.42443821677622007,0.9998926469005129,0.011375564620542455,0.00369585 0.000144012 -0.0113756 0.00753571,0.6083164549970965,0.5477484006516898,0.99981279149072,0.027682931444796388,0.0130731 -0.00576817 -0.0276829 0.020378,0.30544180187584985,0.6061941704346594,0.30322602449193276,0.30075236855880955,-0.00035137137068608215,0.0021222845624371267,0.002473655933123209,1.9938890052692115,1.9846470480194902,0.009241957249721322
rxry_czbrick,d2,EARLY,primary,11000,4,16,7,4 6 8 10 12 14 16,4000,0.38140563844319547,0.5316041700390779,0.9999883920981695,0.00845877511113935,-0.00845878 0.00377965 0.00282841 0.00395388 0.00286193 0.00295526 -0.00792035,9.380656815567217e-05,-0.31546555453351904,0.005898981739498543,0.007586656509376732,0.00643192 -0.00758666 0.00123024 -0.00553852 0.00334985 0.00433668 -0.00222351,0.3891892619757383,0.22122857452836583,0.9999380370952841,0.02334411554565574,-0.0233441 0.0161907 0.00982667 0.00658629 -0.000755159 0.00155601 -0.0100604,0.7638118590143955,0.09987750301687585,0.9999714553461735,0.03285833613362854,-0.0268973 0.0328583 0.00342449 -0.00145731 -0.00306333 -0.00610715 0.00124229,0.3815932515795068,0.7629988900227023,0.37462259703865725,0.38140563844319547,0.0075960103962314784,0.0008129689916932525,-0.006783041404538226,1.9625717707031982,1.9995083426252043,-0.036936571922006056
rxry_czbrick,d2,EARLY,primary,11001,4,16,7,4 6 8 10 12 14 16,4000,0.38300032450571453,0.5440390453158931,0.9997328622071523,0.03922401408131826,-0.00884056 0.00670384 0.0153352 0.0183114 -0.0287633 -0.039224 0.0364775,-0.0003547499415965245,-0.3230505017426743,0.039312807708664965,0.01194938978639365,0.00518677 -0.0119494 -0.00127077 0.00528702 0.00628201 0.00528434 -0.00881997,0.3914793418218277,0.20028328860058695,0.9999199896361534,0.02986612532938171,-0.0169093 0.0298661 -0.0067311 -0.010132 0.00194438 0.00555703 -0.00359511,0.7705497105114792,0.060916745279946234,0.9999330732415802,0.03233441917837432,-0.00148 0.0212465 -0.0323344 -0.0195537 0.0307234 0.0291993 -0.0278012,0.38229082462252145,0.765291149128236,0.37907036868965155,0.38300032450571453,0.009188517199306245,0.00525856138324321,-0.00392995581606298,1.9683023551781085,2.001855916588879,-0.03355356141077048
rxry_czbrick,d2,EARLY,primary,11002,4,16,7,4 6 8 10 12 14 16,4000,0.3847846738972837,0.5638647319259247,0.9998834921386037,0.0325527481000778,-0.0193941 -0.00435154 0.00817327 0.0325527 0.00788827 -0.00800534 -0.0168633,0.0006109701675154039,-0.30638432194323834,0.16678992670651227,0.01058279280875657,-0.00283316 -0.000681338 0.00329489 0.000270956 -0.00208479 0.0105828 -0.00854935,0.39250579064575664,0.18210237553688857,0.9999549941752289,0.019375605833718446,0.00661594 -0.00546617 -0.00335848 -0.00283009 0.0144675 -0.0193756 0.00994691,0.7722787989376229,0.025679664759287454,0.9998867380648696,0.05728651739546731,0.0572865 -0.0343794 -0.0119225 -0.0246987 -0.0207721 -0.0084921 0.0429782,0.3860066142323145,0.7707912881295982,0.3797730082918662,0.3847846738972837,0.006499176413442109,0.0014875108080246724,-0.005011665605417492,1.9675602687722333,1.996834405707112,-0.02927413693487857
rxry_czbrick,d2,EARLY,primary,11003,4,16,7,4 6 8 10 12 14 16,4000,0.379426682567704,0.5220023979756582,0.9998231655152853,0.03223954127335471,0.00184179 0.0189847 -0.00911819 -0.0196749 0.0108813 -0.0322395 0.0293248,0.0007225038093006143,-0.3076760165544739,0.15098444893924956,0.01008179951859517,0.00213029 -0.00764636 0.0100818 -0.00761785 -0.000411791 0.00879998 -0.00533607,0.3868256644548515,0.2332020522144429,0.9997497623832703,0.045214992849373026,-0.0297557 0.00367511 -0.000202599 0.045215 0.0208617 -0.0163992 -0.0233943,0.7611907166768275,0.127180760242759,0.9999124616613299,0.05446321323024872,-0.0315821 -0.00720623 0.0217184 0.0544632 -0.016528 0.0083166 -0.0291819,0.38087169018630523,0.7602983727540092,0.37436505222197597,0.379426682567704,0.005953974268546269,0.0008923439228182284,-0.005061630345728041,1.9677875245158924,1.9962060513925455,-0.028418526876653027
rxry_czbrick,d2,EARLY,primary,11004,4,16,7,4 6 8 10 12 14 16,4000,0.3814763352704948,0.542922167852918,0.9999728204067304,0.014591051354025275,-0.00187486 0.00315287 0.00249199 -0.0145911 0.0132195 0.002851 -0.00524944,-0.0012819989029729442,-0.32463086300142413,0.7807554085575221,0.004579458901882827,0.00401192 -7.3751e-05 -0.00457946 -0.0019809 -0.00118047 0.0029187 0.000883963,0.38245366460019303,0.2589941207992312,0.9997397503827088,0.045763895133002386,-0.0344681 0.00286839 0.0227464 0.0457639 -0.0123103 -0.0111898 -0.0134104,0.7588403991717231,0.14111355824337332,0.9999641612683009,0.03438045152124669,-0.0146954 -0.0117784 0.0159664 0.0343805 -0.0133195 0.00669693 -0.0172504,0.3789123374645489,0.7603886727350437,0.37638673457153005,0.3814763352704948,0.0035413271356441456,-0.0015482735633206568,-0.005089600698964747,1.984136823384853,2.0067667308568065,-0.02262990747195337
rxry_czbrick,d2,EARLY,primary,11005,4,16,7,4 6 8 10 12 14 16,4000,0.3815475294892208,0.5314800077393175,0.9999126898596401,0.026311792192606376,0.00436188 0.00793808 -0.000742117 -0.0174094 -0.0184885 0.0263118 -0.0019718,-0.0010847314202485816,-0.3281699346191431,0.237994321959633,0.011867847598673209,0.00820703 -0.0118678 0.00242636 -0.00624867 0.00461958 0.00989843 -0.00703489,0.3863836517928876,0.24830847110585877,0.9997566596836327,0.04183288175373301,-0.0418329 0.0151611 0.0295924 0.0251058 0.00221455 -0.0229243 -0.00731663,0.7637023223312881,0.12710048533144355,0.9998676422080129,0.07170616235249128,-0.0431272 -0.0148994 0.0717062 0.010566 0.0191126 -0.0234873 -0.0198708,0.37937806664872364,0.7609255961379445,0.3773186705384005,0.3815475294892208,0.007005585144163939,0.0027767261933435705,-0.004228858950820313,1.9765389109699028,2.0057184719708796,-0.02917956100097685
rxry_czbrick,d2,EARLY,primary,11006,4,16,7,4 6 8 10 12 14 16,4000,0.38265204280322473,0.5507016198481575,0.9998961229669765,0.028048273705932214,-0.0154038 -0.00509409 0.0130839 0.0280483 -0.0133662 0.00814518 -0.0154133,-0.0003193597896477054,-0.3228505822110852,0.09445588769413682,0.00629456660201011,-0.00628807 0.00629457 -0.000454672 -6.08646e-05 0.00412394 8.97807e-06 -0.00362388,0.3891227962012645,0.2132958227461755,0.9999744092486204,0.01389841245692347,-0.00564231 0.0138984 -0.0111901 0.00427138 0.00159573 -0.00688332 0.00395022,0.7672186721450541,0.0711633134571256,0.999965346265086,0.0273229468192433,0.0169778 0.0141103 -0.0189094 -0.0236402 -0.00999872 -0.00586275 0.0273229,0.38201332322392934,0.7646653660271541,0.3780958759437896,0.38265204280322473,0.007109472977335163,0.002553306117900056,-0.004556166859435107,1.9716621067562141,2.0016719824688445,-0.030009875712630363
rxry_czbrick,d2,EARLY,primary,11007,4,16,7,4 6 8 10 12 14 16,4000,0.3809191300767124,0.5280368503157321,0.9999686939551464,0.013648006212857222,-0.0083716 0.00869079 0.0107993 -0.013648 0.00489881 -0.00527509 0.00290581,8.758431306014844e-05,-0.31385278021455715,0.007076126280787021,0.008383142293855561,0.00350172 -0.00838314 0.0054123 -0.00169552 0.00173665 0.000869468 -0.00144147,0.388724512881601,0.21582285594674958,0.9999102091448937,0.02711848647009818,-0.0238383 0.0271185 0.000171552 0.00873315 -0.00442969 -0.010589 0.00283378,0.7651255931350154,0.0922442539689371,0.9999782216179958,0.025474150560393483,0.00641753 0.00692039 -0.0123213 0.011066 -0.0254742 -0.00607187 0.0194633,0.3810942987028327,0.7620134287795451,0.3764010802534144,0.3809191300767124,0.007630214178768302,0.003112164355470237,-0.004518049823298009,1.9682977733078024,1.9995403535903937,-0.031242580282591303
rxry_czbrick,d2,EARLY,primary,11008,4,16,7,4 6 8 10 12 14 16,4000,0.37888643213921436,0.5071651699453907,0.9998345784427776,0.037231857338443586,0.00989298 0.0107305 0.00423891 -0.0372319 -0.0205288 0.0227871 0.0101111,-8.556387558930677e-05,-0.3169790987924536,0.002101399378273916,0.011544969790664161,0.011545 -0.0071512 -0.00463514 -0.00727433 -0.0021387 0.0111271 -0.00147274,0.3846240171550188,0.25125598004067085,0.9994273521644196,0.06726318279571863,-0.050928 0.00773853 0.0128848 0.0672632 0.021289 -0.0290312 -0.0292162,0.7587707294993604,0.1607899243962882,0.9998024305942329,0.07787083556737517,-0.0294746 -0.010494 0.00807594 0.0778708 0.0178989 -0.0723968 0.00851962,0.37871530438803575,0.75760173652725,0.3741467123443416,0.37888643213921436,0.005908712766983071,0.001168992972110372,-0.004739719794872754,1.9727596188917802,2.0004518638386033,-0.027692244946823097
rxry_czbrick,d2,EARLY,primary,11009,4,16,7,4 6 8 10 12 14 16,4000,0.38270401508970203,0.5276639278678728,0.9999230463633917,0.024249699512462364,-0.00552165 0.0104235 0.0073087 -0.017132 -0.0105382 0.0242497 -0.00879012,1.868419507944332e-05,-0.3171073616858511,0.00020932331292256023,0.008543604351194167,-0.00154607 -0.00622205 0.00645253 0.0085436 -0.00329925 -0.00445575 0.00052699,0.3873918615671243,0.24484338354924948,0.9997651548925349,0.042660281262736355,-0.0245643 0.00265442 0.00300629 0.0117676 0.0426603 0.00146516 -0.0369895,0.7688642526542245,0.09182277492543155,0.9999560132592971,0.04160188394567399,0.0104499 -0.00839802 -0.0273898 0.004844 0.0416019 -0.00888579 -0.0122222,0.3827413834798609,0.765445398569563,0.38147239108710024,0.38270401508970203,0.004650478087263377,0.0034188540846615822,-0.0012316240026017944,1.9847196829172458,1.999902366475715,-0.01518268355846919
rxry_czbrick,d2,EARLY,secondary_n_ge_8,11000,8,16,5,8 10 12 14 16,4000,0.38253044609970505,0.5460376871184642,0.9999917476774116,0.004356948098092062,-0.00260664 0.000768442 0.0019261 0.00426905 -0.00435695,-5.45783947190243e-05,-0.3170152262254212,0.0018017108436155782,0.005472697204604693,0.00159283 -0.0054727 0.0031189 0.00380897 -0.003048,0.38694904338442787,0.24954188137612435,0.999994462089948,0.004605759538550025,-0.000564892 0.000675164 -0.00218584 0.00460576 -0.00253019,0.7633611469969377,0.10409384243714141,0.9999979903329248,0.004237339344662416,0.00281384 -0.00116653 -0.00187113 -0.00401352 0.00423734,0.382421289310267,0.7649517354099721,0.3764121036125098,0.38253044609970505,0.004527754074160895,-0.0015905884130343884,-0.0061183424871952274,1.9727691799422546,2.0002854359641824,-0.027516256021927754
rxry_czbrick,d2,EARLY,secondary_n_ge_8,11001,8,16,5,8 10 12 14 16,4000,0.3837628600152037,0.5536168147300691,0.999280302069715,0.03910031344102194,0.0118577 0.0163589 -0.0291907 -0.0381263 0.0391003,0.00040030450827288193,-0.3126373244050523,0.042959046545764656,0.007152278499897691,-0.00564351 0.00242439 0.00492948 0.00544192 -0.00715228,0.39257739142323717,0.18451533751579197,0.9999815489946123,0.005952289663383681,0.000252454 -0.00534453 0.00453574 0.00595229 -0.00539595,0.7734406914395886,0.02227166594171055,0.9998502071349582,0.03541176675050295,-0.0168172 -0.00981847 0.0346767 0.0273707 -0.0354118,0.3845634690317495,0.7683263290469532,0.38086330001635144,0.3837628600152037,0.008013922391487682,0.005114362392635408,-0.0028995599988522747,1.9701610646389547,1.9979181355458397,-0.027757070906885062
rxry_czbrick,d2,EARLY,secondary_n_ge_8,11002,8,16,5,8 10 12 14 16,4000,0.3893162328201949,0.6229925748875882,0.9999005504234941,0.018740494367526228,-0.0147021 0.0187405 0.00313913 -0.00369136 -0.00348617,0.0012798022289527004,-0.2976554382381358,0.2668503702703794,0.011217557963776159,-8.3341e-05 -0.00176961 -0.00278769 0.0112176 -0.00657692,0.39300905361753763,0.17583326528012366,0.9998879165060932,0.02015217718188822,-0.00111547 -0.00159361 0.0146974 -0.0201522 0.00816381,0.7785791910352042,-0.054506462048772686,0.9999418469846778,0.022358031977498527,0.0178605 -0.00751646 -0.0161906 -0.0165115 0.022358,0.39187583727810027,0.7811920700982952,0.3855701374176666,0.3893162328201949,0.0011332163394373596,-0.0026128790630909338,-0.0037460954025282933,1.9810718961016345,1.9934683279385534,-0.012396431836918964
rxry_czbrick,d2,EARLY,secondary_n_ge_8,11003,8,16,5,8 10 12 14 16,4000,0.3762106169515611,0.4792443087666259,0.9996490591211734,0.03450637069032325,0.00791137 -0.00907747 0.0150467 -0.0345064 0.0206258,0.0014433992602378533,-0.2979220578350619,0.2586307472495708,0.01016285507741782,0.006095 -0.0101629 -0.001515 0.00913856 -0.0035557,0.38142578468055577,0.3032167338470509,0.9996575596186124,0.02919910895972233,-0.0270182 0.0291991 0.0156456 -0.0108156 -0.00701088,0.7537933549697166,0.2237067739948392,0.9999057598277478,0.031910816549276966,-0.0156287 0.0319108 -0.0242857 0.0153536 -0.00735009,0.3790974154720368,0.7553080324235979,0.3723675702891608,0.3762106169515611,0.0023283692085189767,-0.0015146774538813412,-0.003843046662400318,1.9762516988751004,1.9923850746466283,-0.016133375771527847
rxry_czbrick,d2,EARLY,secondary_n_ge_8,11004,8,16,5,8 10 12 14 16,4000,0.38137837668428926,0.5414910628868586,0.9999262962954248,0.01413953225002107,0.00313943 -0.0141395 0.0134751 0.00291068 -0.00538568,-0.002073320966460783,-0.3349143622777412,0.9585271700641307,0.0021236875771222796,-0.000626536 0.000389379 -0.00039284 0.00212369 -0.00149369,0.37599030081186746,0.3428744304689005,0.999788255533097,0.026517223346589347,-0.00942703 0.0265172 -0.0186303 -0.00458306 0.00612311,0.7541345450918143,0.2028785829972904,0.9999590851303295,0.019673967566416373,-0.00815178 0.019674 -0.0186143 0.0108139 -0.00372173,0.3772317347513677,0.7586101114356569,0.37814424427994686,0.38137837668428926,-0.0012414339395002139,-0.004475566343842607,-0.0032341324043423936,2.0057287208298415,2.0109922934655926,-0.005263572635751057
rxry_czbrick,d2,EARLY,secondary_n_ge_8,11005,8,16,5,8 10 12 14 16,4000,0.3794844403645042,0.5042629450596421,0.9998019349331373,0.024645607126249303,0.00997023 -0.0108232 -0.0160285 0.0246456 -0.00776416,-0.0009459606915296088,-0.3257725227658629,0.14545235351856012,0.009443804561392655,0.00113912 -0.00725837 0.00388742 0.0094438 -0.00721197,0.3802912468109154,0.3267516787485713,0.9999199701807856,0.016073865881054417,-0.000111601 0.00758662 -0.0031198 -0.0160739 0.0117186,0.7528419635874721,0.26903012048904645,0.9999482229228926,0.022760058384708515,0.0166594 -0.0227601 0.00750724 -0.0133719 0.0119653,0.37759251898144497,0.7570769593459491,0.3725507167765567,0.3794844403645042,0.0026987278294704486,-0.004234995758476967,-0.006933723587947471,1.9796457843842843,2.0050104842865073,-0.02536469990222301
rxry_czbrick,d2,EARLY,secondary_n_ge_8,11006,8,16,5,8 10 12 14 16,4000,0.3864969179963082,0.600939702064852,0.9998719689722119,0.017465795764105785,-0.00639515 0.0162589 -0.0174658 0.0117354 -0.00413335,-5.930924329441301e-06,-0.3190907352920482,5.325270431233431e-05,0.004125243441594095,-0.00170709 -0.000686423 0.00412524 0.000637135 -0.00236887,0.39007909594508117,0.2001690054537111,0.9999739130965539,0.00783520191274878,-0.0057137 0.0078352 0.00324695 -0.0071447 0.00177625,0.7727307772921023,-0.0011995686265452905,0.9999837266705793,0.01149214655014319,0.00935665 -0.00639835 -0.0037811 -0.0106693 0.0114921,0.38648505614764933,0.7729819741439575,0.3826516813470211,0.3864969179963082,0.003594039797431836,-0.0002511968518552621,-0.003845236649287098,1.9809592088495156,2.0000306916101156,-0.0190714827606
rxry_czbrick,d2,EARLY,secondary_n_ge_8,11007,8,16,5,8 10 12 14 16,4000,0.3812898309252052,0.5324214218750394,0.9999385030228833,0.014325569287236384,0.00938032 -0.0143256 0.00496265 -0.00446985 0.00445245,0.0006447124343397759,-0.30619095752322906,0.4438098805955015,0.0037860572792267067,0.0022075 -0.00378606 0.000760361 0.00100744 -0.000189245,0.38802462863802617,0.22356542678971178,0.9999677336327443,0.00853318830208405,-0.00197195 0.00798942 -0.00377365 -0.00853319 0.00628936,0.7674471573697915,0.061717899536391334,0.9999538318740682,0.022806566945160256,-0.000367421 0.0183767 -0.0228066 -0.00804741 0.0128447,0.38257925579388474,0.7638690867190899,0.37942252873176535,0.3812898309252052,0.005445372844141427,0.0035780706507015925,-0.0018673021934398348,1.9778310466104836,1.9966296529434042,-0.01879860633292063
rxry_czbrick,d2,EARLY,secondary_n_ge_8,11008,8,16,5,8 10 12 14 16,4000,0.3752982621799208,0.4599824355980346,0.9996722674977058,0.025930822584022906,0.0227163 -0.0259308 -0.0164041 0.0197355 -0.000116882,-0.0013218776265548787,-0.3326936174859502,0.3330664485891307,0.009533270461612897,0.00118887 -0.00392295 -0.00125994 0.00953327 -0.00553924,0.375599195719456,0.36819173222752977,0.9994316512818512,0.04057564496448762,-0.0318524 0.0405756 0.0126511 -0.0196195 -0.00175485,0.7513017179008334,0.2584117749355587,0.999592144383978,0.06545244611667123,-0.0297938 0.0549391 0.00990521 -0.0654524 0.030402,0.372654506926811,0.7479527691067318,0.37570252218137745,0.3752982621799208,0.0029446887926449783,0.003348948794101636,0.00040426000145665775,2.000275097665541,2.0070943869025286,-0.006819289236987824
rxry_czbrick,d2,EARLY,secondary_n_ge_8,11009,8,16,5,8 10 12 14 16,4000,0.38224481426838164,0.5211731399647948,0.9998101037521413,0.024311675917054743,0.0101259 -0.0152332 -0.00955785 0.0243117 -0.00964654,0.0012612056166564512,-0.30064348068845953,0.46974444700182283,0.00485287336340362,-7.11833e-05 0.00450494 -0.00485287 -0.00352433 0.00394345,0.3828771658012178,0.30340170734168287,0.9995863654767438,0.03827830666118093,-0.0194345 -0.00164377 0.0382783 0.00611258 -0.0233126,0.7696945292712097,0.0814490800432474,0.9998858937856576,0.04201225942403575,-0.0236583 0.00691492 0.0420123 -0.010136 -0.0151329,0.38476722550169457,0.7670120397700761,0.38681736346999196,0.38224481426838164,-0.0018900597004767872,0.002682489501133589,0.004572549201610321,2.0102910228676834,1.9934443188865059,0.01684670398117749
rxry_czbrick,d2,LATE,primary,11000,4,16,7,4 6 8 10 12 14 16,4000,0.3813966689071691,0.48387099769750536,0.9999779850784047,0.013425125468399024,-0.0114167 0.00513741 0.0134251 -0.00337142 -0.000182378 -0.000408054 -0.00318394,0.0005299908629069231,-0.5127702546164998,0.18168401732447204,0.010415049880062921,-0.00322811 -0.00139629 0.010415 -0.00250031 -0.00299498 -0.00181917 0.00152382,0.389302279410578,0.692736748468668,0.9996718105544118,0.05442334621176226,-0.027492 0.00292961 -0.0107029 0.0544233 0.0263696 -0.0228938 -0.0226338,0.7644048233582525,0.6510704180961903,0.9999275301196412,0.049720153399608336,-0.00737614 0.0065528 -0.0399372 0.0497202 0.00911667 0.00384785 -0.0219241,0.38245665063298295,0.7638533195401521,0.37510254394767456,0.3813966689071691,0.006845628777595036,0.0005515038181004295,-0.006294124959494551,1.963525167424135,1.9972284918459138,-0.03370332442177881
rxry_czbrick,d2,LATE,primary,11001,4,16,7,4 6 8 10 12 14 16,4000,0.38328592161693426,0.4970042107313838,0.999804688081399,0.03583864627003708,-0.013117 -0.00921792 0.0358386 0.0115109 -0.00987893 -0.0333376 0.0182019,-0.00029213268288089226,-0.51487864464502,0.034247644832073654,0.009393701873349425,-0.00131239 0.00574274 0.00466431 -0.00628836 -0.00843148 -0.00376851 0.0093937,0.39127373103514607,0.6538574056705032,0.9996848377594277,0.05018712989619889,-0.0179462 0.00451748 -0.0219033 0.0314598 0.0501871 -0.0220505 -0.0242644,0.7692143630388639,0.6096103956879372,0.9998867139954337,0.051405373978816726,-0.0286184 0.0246365 -0.0396676 0.0514054 0.0272619 -0.00154156 -0.0334762,0.3827016562511725,0.7659875778681067,0.37794063200371786,0.38328592161693426,0.008572074783973593,0.0032267851707572515,-0.005345289613216397,1.965923858480981,2.001526686274329,-0.035602827793348
rxry_czbrick,d2,LATE,primary,11002,4,16,7,4 6 8 10 12 14 16,4000,0.3852308010262964,0.5182998338747368,0.9998680356697385,0.024649119619799542,-0.0160422 -0.0145091 0.0193166 0.0173609 0.0209267 -0.00240377 -0.0246491,8.448117133167466e-05,-0.5154048850203523,0.002862628417906854,0.010666685573159862,0.00182251 -0.00963878 0.000998662 0.00472294 0.0106667 -0.002238 -0.00633401,0.3918655987718218,0.6518603853642774,0.999838665125791,0.03652295319161869,0.00129545 0.0252629 0.00154987 -0.036523 -0.0180317 0.00534579 0.0211007,0.769941882999312,0.590431482657794,0.9999071213967159,0.0572027205880552,0.0186444 0.0189841 -0.0277943 0.0041281 -0.0572027 0.00641102 0.0368293,0.38539976336895976,0.7706305643952562,0.3780762842274902,0.3852308010262964,0.006465835402862052,-0.0006886813959442462,-0.007154516798806243,1.9648111123110836,1.999561591991686,-0.03475047968060241
rxry_czbrick,d2,LATE,primary,11003,4,16,7,4 6 8 10 12 14 16,4000,0.38011070318789175,0.476664274863627,0.9997715506945544,0.034359597744214376,0.0149783 0.00402845 -0.00891621 -0.0281398 0.022216 -0.0343596 0.0301929,-0.00043845776416156514,-0.5258917424547005,0.024354796989782712,0.020525794650215423,-0.00124762 0.00928727 0.000479444 -0.0205258 0.00167907 0.0173508 -0.00702319,0.3868138440091901,0.7066827206650556,0.9998443445489059,0.03341885520922894,-0.0191678 0.0140877 -0.00553127 0.00586845 0.0109263 0.0272355 -0.0334189,0.7637170492018579,0.6440692246911865,0.9999207407147768,0.043953137326450786,-0.00766058 -0.0165662 -0.00792577 0.0439531 -0.00190841 0.032455 -0.0423471,0.3792337876595686,0.7593444908474604,0.3769032051926678,0.38011070318789175,0.0075800563496215,0.004372558354397538,-0.0032074979952239624,1.9743787897718394,2.002312334915449,-0.027933545143609573
rxry_czbrick,d2,LATE,primary,11004,4,16,7,4 6 8 10 12 14 16,4000,0.37957478334031675,0.47888496573744044,0.999901090879038,0.03464078754053235,0.00845832 0.000884986 0.00313694 -0.0346408 0.0114676 0.0132645 -0.00257158,0.0003844417360840244,-0.508254132844263,0.0547618901559529,0.009403173553735877,-0.00940317 0.00918962 -0.000629282 -0.00131531 0.00814946 0.000635066 -0.00662639,0.38813879305197113,0.66675715144752,0.9996727952085861,0.04521772987517636,-0.0410334 0.0180663 0.00972374 0.0452177 -0.0165555 0.0144316 -0.0298505,0.7619430212382072,0.6419510196601749,0.9998744172273472,0.07273464962464615,-0.0394093 0.00918692 -0.00670355 0.0727346 0.000432585 -0.00173381 -0.0345075,0.38034366681248477,0.7599184501528016,0.3738042281862361,0.37957478334031675,0.007795126239486361,0.0020245710854056576,-0.005770555154080648,1.9630684561235916,1.9979784507032503,-0.03490999457965871
rxry_czbrick,d2,LATE,primary,11005,4,16,7,4 6 8 10 12 14 16,4000,0.38257373344144535,0.4928399039331014,0.9999803173275519,0.012234319808036354,0.00597798 0.00539125 -0.0122343 -0.00136412 -0.00759165 0.00538886 0.00443201,0.00045927214918086367,-0.5090555849471755,0.025139666047553022,0.018650323700203142,0.000873572 -0.0141564 0.007136 -0.000337227 0.012874 0.0122604 -0.0186503,0.39188008669217483,0.6495821699187985,0.9998209239601166,0.03439142869819367,-0.0306144 0.0117536 0.0343914 0.013291 -0.0176247 -0.0172712 0.00607423,0.767386120914336,0.6206334121952436,0.9998975441224177,0.045561952179568266,-0.0433756 0.0219179 0.044807 -0.002538 0.0123062 -0.045562 0.0124445,0.3834922777398071,0.7660660111812524,0.37550603422216117,0.38257373344144535,0.008387808952367737,0.0013201097330836076,-0.007067699219284185,1.9582166764118443,1.9976047906263577,-0.03938811421451338
rxry_czbrick,d2,LATE,primary,11006,4,16,7,4 6 8 10 12 14 16,4000,0.38443458351463167,0.5177387136539654,0.999789126487837,0.043905055642279756,-0.0178247 -0.00576239 0.012884 0.0439051 -0.028019 0.00854726 -0.0137302,-9.145877394056108e-05,-0.5182784452927715,0.0018259348028373257,0.01230427216394947,0.00365585 -0.00498953 -0.0110009 0.0105931 0.0123043 -0.00937197 -0.0011909,0.3878778768647244,0.6772389745108065,0.9997997961834049,0.027999140970703884,-0.0272941 0.0192764 0.0157638 -0.0198432 0.0237608 0.0163354 -0.0279991,0.7742613804044484,0.5200619455599853,0.9998295756715343,0.08031231039417719,0.0274723 0.00122996 -0.0163664 -0.0803123 0.061477 0.0124648 -0.00596542,0.38425166596675053,0.7686862494813822,0.38638350353972395,0.38443458351463167,0.0036262108979738805,0.005575130923066163,0.0019489200250922822,1.996147309722638,2.000476035796542,-0.004328726073903999
rxry_czbrick,d2,LATE,primary,11007,4,16,7,4 6 8 10 12 14 16,4000,0.3811704339345392,0.4852398701258954,0.999965035497368,0.011619718704785065,-0.0106927 0.0115342 0.00322623 0.00685401 -0.00768102 -0.0116197 0.00837899,-0.0007026292249074365,-0.5288310160910304,0.06661847083000416,0.013900193942210759,0.0130392 -0.0128019 -0.0086448 0.00781084 0.00541052 -0.0139002 0.00908632,0.3861568694125045,0.7083054951836917,0.999564298788391,0.050027837406812825,-0.0500278 0.0467145 -0.0130743 0.0237951 0.017553 0.0124002 -0.0373607,0.764359560093334,0.6353081080132112,0.9999194099415396,0.0442158333958762,-0.023694 0.0371534 -0.0293732 -0.00422077 0.0442158 -0.00187926 -0.0222019,0.3797651754847243,0.7609356094192635,0.37820269068082946,0.3811704339345392,0.006391693927780162,0.0034239506740704195,-0.0029677432537097426,1.9794016904482978,2.003700335208517,-0.024298644760219368
rxry_czbrick,d2,LATE,primary,11008,4,16,7,4 6 8 10 12 14 16,4000,0.3796819947719711,0.4618857117577318,0.9998452500954343,0.03530759164604369,0.0103768 -0.00825754 0.0256816 -0.0353076 -0.0137564 0.00973618 0.011527,0.0004361764880253304,-0.5089048748211362,0.040106428275642925,0.013805930758397922,0.0138059 -0.00147458 -0.0129658 -0.00735801 7.92438e-05 -0.00168398 0.00959719,0.38924843551438204,0.6782094047284498,0.9995978215751157,0.044639401078100605,-0.0382771 0.0146497 -0.00623462 0.0446394 0.0397713 -0.0321081 -0.0224405,0.7618408020222918,0.6675011585215259,0.9997357902830234,0.09559077920365056,-0.0325536 -0.00640405 -0.0231141 0.0955908 0.0473259 -0.061626 -0.019219,0.38055434774802177,0.760236342519993,0.3725923665079097,0.3796819947719711,0.00869408776636027,0.0016044595022988162,-0.007089628264061398,1.9572096700030104,1.9977076783350056,-0.04049800833199524
rxry_czbrick,d2,LATE,primary,11009,4,16,7,4 6 8 10 12 14 16,4000,0.38370644263329146,0.48778749571269897,0.9998794241451259,0.02926545737158559,-0.0127439 0.00628312 0.0139389 0.00797839 -0.0292655 0.0238879 -0.010079,0.0005661151515044994,-0.5061564047302526,0.027271049201750053,0.02660768136723829,-0.0127115 0.00493108 0.0266077 -0.0097753 -0.00660988 -0.0122714 0.00982934,0.3918808193695746,0.656508288679642,0.999844317552167,0.042425132940175914,-0.00379258 0.00470303 -0.0255136 0.0424251 -0.00708604 -0.0118084 0.00107249,0.7719110661826184,0.5994419696127732,0.9999399464594417,0.04635182793683068,0.0155004 -0.000190762 -0.0463518 0.0384513 -0.0113924 0.000789726 0.00319357,0.3848386729363005,0.7685451155695919,0.3800302468130438,0.38370644263329146,0.00704214643327411,0.0033659506130264694,-0.003676195820247641,1.9697597535505948,1.9970579092418905,-0.027298155691295678
rxry_czbrick,d2,LATE,secondary_n_ge_8,11000,8,16,5,8 10 12 14 16,4000,0.38290940657004313,0.5032797166368405,0.9999825202637572,0.007652764845644366,0.00611831 -0.00765276 -0.00143825 0.00136155 0.00161115,0.0013850571477572182,-0.5015845784431192,0.4447421584225405,0.0060699039854846815,0.0060699 -0.00513532 -0.00391986 -0.00103392 0.0040192,0.3842433284497956,0.7583566306686175,0.999379995346764,0.039392973619636784,-0.0358512 0.039393 0.0214571 -0.0176884 -0.0073105,0.7639125152246105,0.6571427835925991,0.999801438917846,0.04857086923962051,-0.0420711 0.0485709 0.00895201 0.0046678 -0.0201196,0.38567952086555757,0.7685889274356007,0.37966918677481487,0.38290940657004313,-0.0014361924157619832,-0.004676412210990244,-0.0032402197952282608,1.9880957160832569,1.9928175748370107,-0.00472185875375386
rxry_czbrick,d2,LATE,secondary_n_ge_8,11001,8,16,5,8 10 12 14 16,4000,0.38729201463128565,0.5495443160367671,0.9996308767099628,0.029792378101564765,0.0153473 -0.000968306 -0.0143459 -0.0297924 0.0297593,-0.0008910645922635688,-0.5229518963898488,0.12789991593857786,0.007946104378023677,0.0079461 -0.00420443 -0.00754542 -0.0040803 0.00788404,0.3883621049724648,0.6914826703095699,0.9992235382704313,0.047501378009306094,-0.0362356 0.0229508 0.0475014 -0.018913 -0.0153037,0.7671861567201035,0.6347452518448,0.9997488394719497,0.04857679123989378,-0.0485768 0.0465526 0.0264655 0.00171847 -0.0261597,0.3855098854467585,0.7728019000780442,0.37882405174763867,0.38729201463128565,0.002852219525706301,-0.0056157433579406835,-0.008467962883646984,1.9754403091787176,2.0046227846594955,-0.029182475480777903
rxry_czbrick,d2,LATE,secondary_n_ge_8,11002,8,16,5,8 10 12 14 16,4000,0.39061561021265273,0.5890278083948285,0.9999378575291163,0.014816418208620341,-0.00833286 0.000481002 0.0148164 0.00225558 -0.00922015,0.0011657956925833332,-0.500865857355786,0.306125280607193,0.009103432163613423,-0.00488985 0.000997054 0.00910343 -0.00163863 -0.00357201,0.39591411678868926,0.5979665083554998,0.9997865503379518,0.02311425635151565,0.0230556 -0.0231143 -0.01272 0.00256041 0.0102183,0.7765183897149261,0.5039876892390223,0.9998571462365388,0.04967700775665307,0.00603745 0.0248068 -0.049677 0.000783722 0.018049,0.3929472015978194,0.7835628118104722,0.3806042729262369,0.39061561021265273,0.00296691519086989,-0.00704442209554601,-0.010011337286415845,1.9613303915843352,1.9940664003314295,-0.03273600874709426
rxry_czbrick,d2,LATE,secondary_n_ge_8,11003,8,16,5,8 10 12 14 16,4000,0.37651078478282624,0.4296639132733337,0.999494744138131,0.037758093824838745,0.00928481 -0.0171386 0.0260173 -0.0377581 0.0195946,-0.0015820249091284338,-0.5412224790537169,0.12365497575544371,0.01667161181784549,0.00666164 -0.0166307 0.003287 0.0166716 -0.00998953,0.3850934363402827,0.7283436330941776,0.9996765217069368,0.02966025409502837,-0.0134289 0.00141161 0.0099103 0.0296603 -0.0275532,0.7597000034039884,0.6971191301733057,0.9998232084908021,0.03564369247540711,-0.0288393 0.0310737 -0.00675376 0.0356437 -0.0311243,0.3733467349645694,0.7498575197473956,0.37460656706370565,0.37651078478282624,0.01174670137571332,0.009842483656592793,-0.0019042177191205822,1.9727679874883393,2.008474829218895,-0.035706841730555716
rxry_czbrick,d2,LATE,secondary_n_ge_8,11004,8,16,5,8 10 12 14 16,4000,0.37775037084507623,0.45512335401033127,0.9997594592361306,0.02912330076582803,0.0123033 -0.0291233 0.0133363 0.0114843 -0.00800057,0.0008866334923697488,-0.5021851209973689,0.23431299595829125,0.008106750001799945,-0.00268076 -0.0023624 0.00810675 0.00159674 -0.00466033,0.3826420606691879,0.7373113581532825,0.9996247450312924,0.029630846997246607,-0.0168566 0.0296308 -0.0211489 0.0208317 -0.012457,0.7554392024441361,0.7260413180117933,0.99979614029711,0.05368253921373878,-0.0387633 0.0536825 -0.00561189 0.00522935 -0.0145367,0.37952363782981574,0.7572740086748919,0.3727971417749482,0.37775037084507623,0.003118422839372137,-0.0018348062307558255,-0.004953229070128018,1.9742712056353076,1.995327650749557,-0.021056445114249422
rxry_czbrick,d2,LATE,secondary_n_ge_8,11005,8,16,5,8 10 12 14 16,4000,0.3805694511686292,0.4665146719921789,0.9999876898802015,0.005317806435231276,-0.00194335 0.00491828 -0.00531781 0.00365414 -0.00131128,0.002408023465701212,-0.4830139959370399,0.30531707380863904,0.013511891646013185,-0.00331557 -0.0068913 0.0102174 0.0135013 -0.0135119,0.38752025348543684,0.7056723203505095,0.9998046336354146,0.02139682862951986,0.0131799 0.000799202 -0.0213968 -0.0123237 0.0197414,0.7619986800355499,0.689574250625213,0.9998646836896495,0.03907861830653481,0.0189657 -0.0176044 0.00801463 -0.0390786 0.0297028,0.38538549810003164,0.7659549492686609,0.3744784265501131,0.3805694511686292,0.002134755385405196,-0.003956269233110987,-0.006091024618516128,1.9663454314502975,1.9875033000589133,-0.021157868608615793
rxry_czbrick,d2,LATE,secondary_n_ge_8,11006,8,16,5,8 10 12 14 16,4000,0.3888638851024889,0.5756077537288917,0.9996290983128465,0.032736443866032694,-0.00955066 0.030329 -0.0327364 0.0126884 -0.00073037,-7.4198852685732e-05,-0.5178045899186631,0.00046485821178832154,0.012037535844898972,-0.0113366 0.0102919 0.0120375 -0.00960419 -0.0013886,0.385310516885964,0.7096508342619813,0.9996665097051911,0.026581473073240325,0.0038908 -0.0265815 0.0221573 0.0198666 -0.0193332,0.779940338771799,0.44617398876721814,0.9996206675598832,0.06721749031024338,0.0120899 -0.0632139 0.0672175 0.00684739 -0.0229408,0.3887154873971175,0.7775793724996064,0.394629821885835,0.3888638851024889,-0.00340497051115346,0.0023609662721926217,0.005765936783346082,2.024186479713008,2.0003817643242496,0.02380471538875817
rxry_czbrick,d2,LATE,secondary_n_ge_8,11007,8,16,5,8 10 12 14 16,4000,0.38157884387426494,0.48997248727708825,0.9999459523407905,0.010634596699817145,0.00176089 0.00620549 -0.00751272 -0.0106346 0.0101809,-0.0013901896543258552,-0.5371292062305126,0.154865303040979,0.01522784981458647,-0.0058471 0.00923342 0.00545798 -0.0152278 0.00638354,0.3831584805248824,0.7449488245248632,0.9996198873007678,0.02602981676252636,-0.0257305 0.0171357 0.0168903 0.0177343 -0.0260298,0.765193760980595,0.6226058287128555,0.999860484394622,0.04690770204909889,-0.0233445 0.000139502 0.0469077 -0.000855794 -0.0228469,0.3787984645656132,0.7603773084398782,0.3820352804557126,0.38157884387426494,0.004360015959269159,0.004816452540716831,0.0004564365814476723,1.9970685757297317,2.0073399962479788,-0.010271420518247032
rxry_czbrick,d2,LATE,secondary_n_ge_8,11008,8,16,5,8 10 12 14 16,4000,0.3788452614387825,0.45142105548614314,0.9996005444896833,0.03321026870634114,0.0294524 -0.0332103 -0.0133326 0.00848657 0.00860393,-0.0021038227767697774,-0.5418511363011776,0.8604058952342758,0.004297707566102926,-0.000339521 0.000188254 0.00254551 -0.00429771 0.00190346,0.3837904693788788,0.7484304815552791,0.9993478951167072,0.03504578560578864,-0.032792 0.028998 0.0350458 -0.0259177 -0.00533414,0.7543694807700146,0.7649485371089962,0.9994054229716268,0.07285661313895098,-0.0607909 0.0728566 0.0395344 -0.0544749 0.00287479,0.37463761588524297,0.7534828773240254,0.37057901139113586,0.3788452614387825,0.009152853493635815,0.0008866034459892314,-0.00826625004764664,1.9655763781494517,2.0112312415388325,-0.04565486338938074
rxry_czbrick,d2,LATE,secondary_n_ge_8,11009,8,16,5,8 10 12 14 16,4000,0.38531274922603426,0.5083553256412815,0.9997180157411228,0.03055760818725428,0.00622149 0.00347363 -0.0305576 0.0258084 -0.00494588,0.0023687550577819716,-0.4829686399446374,0.1907251960579731,0.017841035831842877,0.017841 -0.0149367 -0.00816596 -0.0102222 0.0154838,0.3918277574001526,0.6569629429479528,0.9995700772777084,0.04250109836608473,-0.0255438 0.0425011 -0.00690396 -0.0115202 0.00146682,0.7749825257748034,0.5595225330263868,0.9998608507890933,0.047656165918143145,-0.0310041 0.0476562 -0.00833048 -0.00229127 -0.00603035,0.3900502593415982,0.7753630085676324,0.38315476837465084,0.38531274922603426,0.001777498058554372,-0.00038048279282898445,-0.002157980851383412,1.9778653021341608,1.9878541034082098,-0.009988801274048997
rxry_czbrick,d4,EARLY,primary,11000,4,16,7,4 6 8 10 12 14 16,4000,0.3411172788409082,0.391277264046033,0.9999059670826139,0.02022335821224308,-0.000980514 -0.0135173 0.0133809 -0.00942428 0.0202234 0.00777229 -0.0174544,0.00045602425194291946,-0.3004807374359642,0.15965134851961948,0.00635532085221685,-0.00038078 0.00247219 0.00326395 -0.00635532 0.000747903 -0.00556194 0.00581399,0.3495057880862453,0.2878573904801989,0.9998372902495225,0.027639491281066242,-0.00410004 0.00698733 0.00198407 0.0192632 -0.0276395 -0.0207832 0.0242882,0.6875974178237169,0.3025487282299239,0.9998645500753777,0.061758988753917166,-0.00492893 0.0268715 -0.0167751 0.031985 -0.061759 -0.0101206 0.0347271,0.342029327344794,0.6831466061857022,0.3380916297374716,0.3411172788409082,0.007476460741451252,0.00445081163801464,-0.0030256491034366118,1.9673420048026298,1.9973334201749127,-0.029991415372282892
rxry_czbrick,d4,EARLY,primary,11001,4,16,7,4 6 8 10 12 14 16,4000,0.33950089490875834,0.3741514079188786,0.9999274291446567,0.021958506541728262,0.0027704 -0.00764581 0.0125168 8.61067e-05 -0.0219585 0.0151979 -0.000966982,0.00011140870764086014,-0.30103762019568686,0.005795773958758965,0.010076371411181007,-0.00367421 0.0100764 -0.00584063 -0.00428185 0.00641818 -0.00496487 0.00226701,0.3472784168735934,0.2995639858116839,0.9998586825485086,0.033314402388756825,-0.0155029 -0.00243302 0.0114285 0.000526636 0.0333144 -0.00873974 -0.0185938,0.6853823218718829,0.31777938405114153,0.9999720685236398,0.02886288316584462,0.00136344 0.00791685 -0.0199244 -0.00447336 0.0288629 -0.012373 -0.00137243,0.3397237123240401,0.6792246072327984,0.33810390499828946,0.33950089490875834,0.007554704549553315,0.006157714639084433,-0.001396989910468882,1.973581681355558,1.999344121687128,-0.025762440331569936
rxry_czbrick,d4,EARLY,primary,11002,4,16,7,4 6 8 10 12 14 16,4000,0.338657272127719,0.36932809371157926,0.999927597785294,0.015934507101714956,-0.00610301 0.0115123 -0.00591233 -0.0116976 0.0109322 0.0159345 -0.014666,0.0005560892124263555,-0.2919019697658166,0.12583442011721702,0.010464442311937161,0.00632828 -0.0104644 0.0029182 0.000945409 -0.0038098 0.00746309 -0.00338074,0.3459876660783389,0.2946623014399442,0.9998752295259977,0.0256371730254783,-0.0256372 0.0224073 0.00211384 0.0133978 0.00525849 -0.0173792 -0.000161062,0.6824267411696621,0.32681411261511123,0.9999567425682289,0.0350289481062509,-0.0119493 -0.0136136 0.0184593 0.0350289 -0.0124282 -0.0143035 -0.0011936,0.33976945055257174,0.6784267226802907,0.33643907509132315,0.338657272127719,0.006218215525767179,0.004000018489371371,-0.0022181970363958636,1.9724019324294244,1.9967266673827089,-0.024324734953284466
rxry_czbrick,d4,EARLY,primary,11003,4,16,7,4 6 8 10 12 14 16,4000,0.33885583898814686,0.363759411109659,0.9999421536882541,0.014794599414870824,0.00847448 -0.0116494 0.0103591 -0.00239513 -0.00726758 -0.0123162 0.0147946,-0.0004800901496079195,-0.30548596712370923,0.137678182826394,0.008309353486031568,-0.000531438 -0.00537299 0.00335367 0.00102699 0.00372482 0.00610831 -0.00830935,0.3472108797185347,0.299750083677609,0.9998316998396376,0.02722983664316181,-0.0272298 0.0229687 0.00660632 0.013204 -0.016986 0.0164702 -0.0150334,0.6829091430628644,0.34619913072521724,0.999884161275158,0.041906597282487024,-0.0419066 0.0391949 -0.00401136 0.0141806 -0.00187838 0.0327253 -0.0383045,0.337895658688931,0.6767514976770779,0.33569826334432973,0.33885583898814686,0.009315221029603693,0.006157645385786559,-0.0031575756438171343,1.9668425817084487,2.002841647338535,-0.03599906563008615
rxry_czbrick,d4,EARLY,primary,11004,4,16,7,4 6 8 10 12 14 16,4000,0.3398807069168697,0.37506271828862014,0.9999739493614098,0.010541135155348158,0.0102855 -0.0014939 -0.00687631 -0.00676023 -0.000761433 -0.00493478 0.0105411,0.0008235888625518922,-0.2931102868107526,0.2142287717105299,0.009936800994383821,0.0098157 -0.0040716 -0.00456027 -0.00344916 -0.00227615 -0.00539531 0.0099368,0.3477355337348307,0.2846885782805874,0.9997427759841391,0.032865400853673066,-0.0323985 0.00205421 0.0208781 0.0277122 0.00285155 0.0117678 -0.0328654,0.6821465691271956,0.33777572616404894,0.9999188045167923,0.041377350122616896,-0.0313442 -0.00174428 0.0210725 0.0413774 -0.0112994 0.010963 -0.029025,0.34152788464197353,0.6814085915588433,0.33441103539236494,0.3398807069168697,0.006207649092857148,0.0007379775683523659,-0.005469671524504782,1.9616820915614954,1.995177032976881,-0.03349494141538556
rxry_czbrick,d4,EARLY,primary,11005,4,16,7,4 6 8 10 12 14 16,4000,0.3413122804655792,0.39102538204048765,0.9998113814695647,0.03152266133600179,-0.00343706 0.00308998 -0.0180483 0.00790711 0.0116334 0.0303775 -0.0315227,0.000599182791555433,-0.29379993407528504,0.08230856156445432,0.012176792783402057,0.0103299 -0.00611963 -0.00566834 0.00365225 -0.00529352 -0.00907743 0.0121768,0.3489935145165556,0.26936347526023385,0.999900965253501,0.02191809107256515,-0.0219181 0.013734 0.00269227 0.00537475 0.0171274 0.00169048 -0.0187008,0.6852529596653607,0.2986208808574338,0.9999657246211382,0.025151571602147982,0.000588755 -0.00981545 0.0169107 -0.0140463 0.0225962 -0.0251516 0.00891767,0.3425106460486901,0.6838229265142692,0.3362594451488051,0.3413122804655792,0.006482868467865499,0.0014300331510914699,-0.005052835316774085,1.963512017163441,1.9965012311385482,-0.03298921397510712
rxry_czbrick,d4,EARLY,primary,11006,4,16,7,4 6 8 10 12 14 16,4000,0.33924424636106365,0.37465504125342025,0.9999176364950938,0.021615333093847333,0.000789977 0.00525363 0.00537133 -0.00846476 -0.00274186 -0.0216153 0.021407,0.00030138136160271737,-0.2977345417041909,0.05199759044216545,0.008985404414829368,0.00243512 -0.0016533 -0.00332929 -0.00361531 0.00441675 0.0089854 -0.00723937,0.3458419091758556,0.3088404950974279,0.9998779437050861,0.019151062436538524,-0.0188135 0.00294055 0.0191511 0.0116576 -0.0149687 0.0165383 -0.0165053,0.6831769472988415,0.32786944048925826,0.9998991230962084,0.05100559919737613,-0.00282706 -0.0158758 0.00829109 0.0203426 -0.0244283 0.0510056 -0.0365082,0.33984700908426907,0.6790912554453328,0.3373350381229859,0.33924424636106365,0.005994900091586541,0.0040856918535087106,-0.0019092082380777753,1.9754024286034573,1.998226370375218,-0.022823941771760836
rxry_czbrick,d4,EARLY,primary,11007,4,16,7,4 6 8 10 12 14 16,4000,0.3394279015754459,0.37849082153432695,0.999977584738216,0.012012377323490142,-0.00778535 0.00415469 -0.000426602 0.00284557 0.0120124 -0.00491641 -0.00588428,-0.0001291523625406414,-0.3041086568579375,0.004271525573584678,0.013676626040999784,0.0136766 -0.0119164 -0.000345483 -0.00612475 0.000227767 -0.00317699 0.00765925,0.3451938539500754,0.31525326429680756,0.9998420528390617,0.028269683671951373,-0.0282697 0.0174812 0.0088556 0.0233024 -0.014166 0.00521441 -0.012418,0.6814089192560453,0.3505866304182181,0.9999418577148138,0.0427111556008164,-0.000933369 -0.0050278 0.00688442 0.0209618 -0.0427112 0.0257385 -0.00491237,0.33916959685036463,0.6785974984258105,0.3362150653059699,0.3394279015754459,0.0060242570997107725,0.0028114208302347787,-0.0032128362694759938,1.9739891410540464,2.000761579833452,-0.026772438779405716
rxry_czbrick,d4,EARLY,primary,11008,4,16,7,4 6 8 10 12 14 16,4000,0.34129105620791755,0.38896837422219105,0.9999897089480978,0.008561455229537884,-0.00492841 0.00330833 -0.00310164 0.00856146 0.0014044 -0.00305782 -0.00218632,-0.0006085611473880123,-0.3055461535257267,0.19844160196985405,0.009213305517933701,0.00437074 0.00104446 -0.00921331 0.0014371 -0.00294806 0.00699132 -0.00168225,0.3468025071726847,0.3011367295423385,0.9998354726290769,0.026903646527177916,-0.020365 0.000890359 0.0269036 -0.00186426 0.0205971 -0.0254775 -0.000684267,0.6838470791973446,0.32682262005736806,0.9999419753029483,0.030934379241792875,0.00129622 -0.0305472 0.0309344 -0.00149373 0.0245026 -0.0233027 -0.00138948,0.3400739339131415,0.6813649901210591,0.33704457202465987,0.34129105620791755,0.00672857325954318,0.002482089076285443,-0.004246484183257682,1.9718631355131293,2.0035789931935417,-0.03171585768041241
rxry_czbrick,d4,EARLY,primary,11009,4,16,7,4 6 8 10 12 14 16,4000,0.3404281743228857,0.38295182647665305,0.9999147318623742,0.01890586195484989,-0.00921651 0.00708936 0.0189059 -0.00930289 -0.00559961 -0.0166633 0.0147871,-0.0005498137055027182,-0.30231815030536835,0.14712145876855853,0.007347383187559953,0.0054793 -0.0069214 -0.0060911 0.00383955 0.00734738 -0.0001178 -0.00353593,0.3464731062505401,0.3046409928322746,0.999923028472855,0.022435944901154414,-0.0182002 0.00812628 0.0224359 0.00108095 -0.00851445 -0.00738819 0.00245962,0.6854246021150775,0.30698608179558695,0.9999752218173146,0.026351966817887984,0.0052856 -0.0132745 0.00846182 -0.00139124 -0.0106833 0.026352 -0.0147504,0.33932854691188025,0.6797567212347659,0.3389514958645374,0.3404281743228857,0.007144559338659873,0.00566788088031156,-0.0014766784583483128,1.9782909257592889,2.0032405980015913,-0.02494967224230238
rxry_czbrick,d4,EARLY,secondary_n_ge_8,11000,8,16,5,8 10 12 14 16,4000,0.3433409775146342,0.4208612121249922,0.9998299274570932,0.017323794217996902,0.0015865 -0.0167712 0.0173238 0.00932013 -0.0114592,0.0001613510647028544,-0.30443509860273604,0.009212877682210685,0.005733004009075948,0.00486093 -0.00534769 0.00116619 -0.005733 0.00505358,0.3497338794490939,0.28454283618451265,0.9995593080494547,0.027062033339563918,0.00347389 0.0202968 -0.027062 -0.020662 0.0239533,0.6906423574338602,0.26162093819259863,0.9996877277970487,0.05737047403830964,-0.000206781 0.0424633 -0.0573705 -0.011822 0.0269359,0.34366367964403993,0.6870046571586741,0.34090847798476626,0.3433409775146342,0.006070199805053966,0.003637700275186062,-0.0024324995298679597,1.974765380242173,1.9990609943717648,-0.024295614129591803
rxry_czbrick,d4,EARLY,secondary_n_ge_8,11001,8,16,5,8 10 12 14 16,4000,0.34009368579645766,0.38223997978027185,0.9998158885536712,0.02293358775072951,0.0091706 -0.00207456 -0.0229336 0.0154084 0.0004291,-0.0006652054087297534,-0.3116374222790638,0.16267293630339152,0.007698614153560879,-0.00145375 -0.00144819 0.00769861 -0.00523767 0.000440991,0.3438128740862675,0.3447376930039945,0.9997635838281735,0.029727208644358072,-0.00602091 -0.00999164 0.0297272 -0.00539585 -0.00831881,0.6868425380346433,0.29840073138007517,0.9999309792410724,0.030718941883785433,-0.0122275 0.000303126 0.0307189 -0.0134374 -0.00535723,0.33876327497899816,0.6788569607754558,0.34302966394837586,0.34009368579645766,0.00504959910726932,0.007985577259187582,0.002935978151918206,1.997721987171152,2.0039272581053598,-0.006205270934207752
rxry_czbrick,d4,EARLY,secondary_n_ge_8,11002,8,16,5,8 10 12 14 16,4000,0.3381510367913013,0.3621714218271095,0.9998373182174782,0.016003884276337033,-0.00280554 -0.0096033 0.0120141 0.0160039 -0.0156091,0.0008600991126598822,-0.28742661894718385,0.26065749268429717,0.00724387858790021,0.000874928 -0.000489843 -0.00463703 0.00724388 -0.00299193,0.34422132306441827,0.3165043967571861,0.9999183952227462,0.014492505941997358,-0.00559751 0.00921918 0.00461251 -0.0144925 0.00625833,0.6779948276803471,0.38510966980792855,0.9999449708477046,0.021052525806583233,-0.00438093 0.0210525 -0.0175408 -0.0105523 0.0114215,0.3398712350166211,0.6780222718079224,0.33377350461592886,0.3381510367913013,0.004350088047797185,-2.744412757527126e-05,-0.004377532175372456,1.9696479626669317,1.9949386766278245,-0.025290713960892885
rxry_czbrick,d4,EARLY,secondary_n_ge_8,11003,8,16,5,8 10 12 14 16,4000,0.3389083451211341,0.3650244584168551,0.9998837168617163,0.014369650235471099,0.00951415 -0.00313512 -0.00790255 -0.0128461 0.0143697,0.00043214619329527075,-0.29335824507144787,0.07489231730799217,0.006751894876469544,-0.00147616 -0.00197837 0.00254393 0.00675189 -0.00584129,0.3452102195573752,0.3246102300501894,0.9998238033812109,0.019619253657804592,-0.00224854 0.00835043 -0.0178382 0.0196193 -0.00788295,0.6804070660123634,0.37676638491306363,0.9998646378159808,0.03718708338434773,-0.014562 0.00863411 -0.00242071 0.0371871 -0.0288385,0.33977263750772463,0.6786809826288588,0.33519684645498826,0.3389083451211341,0.005437582049650558,0.0017260833835046618,-0.0037114986661458405,1.9709934047861446,1.9974562625380015,-0.02646285775185686
rxry_czbrick,d4,EARLY,secondary_n_ge_8,11004,8,16,5,8 10 12 14 16,4000,0.3380476904312445,0.35130819895759313,0.9999826793052597,0.006842488902842447,0.00221408 -0.00133587 0.000996888 -0.00684249 0.00496739,-0.0005288109455221853,-0.3104879045171135,0.11513738875754109,0.006951291054485609,0.00199815 0.000404456 -0.00112733 -0.00695129 0.00567602,0.3415639661227085,0.36481624685028446,0.9998451106867063,0.018042117386472434,-0.00987704 0.00930022 -0.00321731 0.0180421 -0.014248,0.6756160947446735,0.4227591071549987,0.9999276217421058,0.02169871295688708,-0.0116671 0.0216987 -0.0179171 0.0174062 -0.00952082,0.33699006854020014,0.6750377589714446,0.33405212862196504,0.3380476904312445,0.004573897582508368,0.0005783357732289662,-0.003995561809279458,1.978007523492555,2.003138436380709,-0.025130912888154278
rxry_czbrick,d4,EARLY,secondary_n_ge_8,11005,8,16,5,8 10 12 14 16,4000,0.3415361948554337,0.3937817701381767,0.9994777469596502,0.030755936486677626,-0.0190134 0.00738986 0.011564 0.0307559 -0.0306964,-0.0005488464580299682,-0.3084183328496079,0.04635246622879219,0.010531436296536523,-0.000234171 0.00679035 -0.00445147 -0.0105314 0.00842672,0.3466699939663597,0.2988825431913396,0.9999058343195493,0.015490588739199396,-0.00823863 -0.000909115 0.0154906 0.0047007 -0.0110435,0.6838983930893293,0.31672101885915166,0.9999136537906116,0.024287777539425903,0.00964709 -0.0186008 0.0207508 -0.0242878 0.0124906,0.34043850193937375,0.6819746967948074,0.3372283991229696,0.3415361948554337,0.006231492026985974,0.0019236962945219371,-0.0043077957324640925,1.9727648916614735,2.0032243500949707,-0.030459458433497177
rxry_czbrick,d4,EARLY,secondary_n_ge_8,11006,8,16,5,8 10 12 14 16,4000,0.33829820691227547,0.3620938470871776,0.9997836997245608,0.0222986912106391,0.0103642 -0.00536396 -0.00153314 -0.0222987 0.0188316,6.235297935788532e-05,-0.3007592456439595,0.0008909212841480274,0.008663711003170316,-0.00221682 -0.00298089 0.00457311 0.00866371 -0.00803912,0.34252030228410557,0.3518743569606312,0.9998336127189488,0.020006909217888946,0.00269006 0.00183981 -0.0181433 0.0200069 -0.00639349,0.680230170782632,0.3669713233224757,0.9997517206944667,0.053158587591092044,-0.00723658 0.0107085 -0.0281689 0.0531586 -0.0284616,0.33842291287099124,0.6767211197832667,0.33770986849852647,0.33829820691227547,0.004097389413114327,0.003509050999365382,-0.0005883384137490011,1.9859557703485002,1.9996315085238825,-0.013675738175382257
rxry_czbrick,d4,EARLY,secondary_n_ge_8,11007,8,16,5,8 10 12 14 16,4000,0.3403617685547979,0.39042335764212344,0.9999624836094024,0.01128624496791808,-0.0048882 0.000251708 0.0112862 -0.00377481 -0.00287494,-0.0010770142655334234,-0.3158350404951079,0.3990150880412847,0.004720671128388254,0.00379801 -0.00387699 0.000579808 -0.00472067 0.00421985,0.34216209793194013,0.35379203229381223,0.9998692131725043,0.016323664205041055,-0.00542912 0.0150812 -0.0163237 0.00912022 -0.00244864,0.6804680752859231,0.36306899211922444,0.9998404743622703,0.043903389660355785,0.00192882 0.0178879 -0.0439034 0.0264279 -0.00234123,0.33820774002373105,0.6785695085785289,0.338305977353983,0.3403617685547979,0.003954357908209083,0.0018985667073941892,-0.0020557912008148937,1.988730135215841,2.0063689510208005,-0.017638815804959407
rxry_czbrick,d4,EARLY,secondary_n_ge_8,11008,8,16,5,8 10 12 14 16,4000,0.3417804884818803,0.39516557738352426,0.9999809712542647,0.007258574807832652,-0.00538338 0.00725857 0.00108039 -0.00240297 -0.00055261,-0.0016393776188015129,-0.31899899055805986,0.5206330148703504,0.006012722364253209,-0.004007 0.00458177 -0.00186502 0.00601272 -0.00472248,0.3428630517248825,0.35230513240629097,0.9997651713297518,0.02149357185735301,0.00725089 -0.0136381 0.0167022 -0.0214936 0.0111786,0.6795242421235599,0.38454686218964257,0.9999357982308487,0.02050727244984607,0.00779283 -0.0159896 0.0186524 -0.0205073 0.0100517,0.3385017332442773,0.6802822217261576,0.33666119039867737,0.3417804884818803,0.004361318480605225,-0.0007579796025977137,-0.005119298083202939,1.9819115495384974,2.0096860810908668,-0.02777453155236942
rxry_czbrick,d4,EARLY,secondary_n_ge_8,11009,8,16,5,8 10 12 14 16,4000,0.3412080707384889,0.39273601166164396,0.9997968118585602,0.017481285069692376,0.0153608 -0.0112881 -0.00602504 -0.015529 0.0174813,-0.0006074628934422141,-0.3027215196782968,0.11135256003536564,0.007058962305214467,-0.00614892 0.00366643 0.00705896 -0.00052152 -0.00405495,0.3440520164943195,0.33570884587064703,0.9999191369106577,0.010736809912546885,0.0107368 -0.005776 -0.0105292 -0.00456078 0.0101292,0.684490543769866,0.3197925662896417,0.9999438694793943,0.026622299156795037,0.00312781 -0.00485714 -0.012281 0.0266223 -0.0126119,0.3399931449516045,0.6812012156900934,0.34043852727554647,0.3412080707384889,0.0040588715427150035,0.0032893280797725577,-0.0007695434629424458,1.9894972590028908,2.003573383184115,-0.01407612418122417
rxry_czbrick,d4,MIDDLE,primary,11000,4,16,7,4 6 8 10 12 14 16,4000,0.3403255248184099,0.368598785469963,0.9999103790790398,0.019555480132191327,-0.00312292 -0.00533553 0.00720325 -0.0118017 0.0193949 0.0132175 -0.0195555,-0.0008563999467578838,-0.3536623181505619,0.6213439741836286,0.004750649002485452,0.00169018 0.00116166 -0.00361225 0.0020317 -0.00475065 0.00190585 0.00157352,0.3473018548633426,0.4016459367610079,0.9997645457590686,0.040592114740849894,0.0012428 -0.00580381 0.000760141 0.0256069 -0.00885344 -0.0405921 0.0276395,0.6852521223268719,0.4347774615346913,0.9998830663291262,0.049202191966548625,0.0133812 0.0162701 -0.021925 0.0134206 -0.0438503 -0.0264987 0.0492022,0.33861272492489414,0.678938249743304,0.33795026746352935,0.3403255248184099,0.008689129938448448,0.00631387258356797,-0.0023752573548805334,1.9730736036423044,2.005058285668076,-0.03198468202577143
rxry_czbrick,d4,MIDDLE,primary,11001,4,16,7,4 6 8 10 12 14 16,4000,0.3409978895201546,0.36981251617283295,0.9999328227504947,0.018625067572490828,0.00781704 -0.00656051 0.00670188 -0.00803658 -0.0177113 0.0186251 -0.000835623,-0.0009456926696631263,-0.3510163163914318,0.2961885374293889,0.012185764778220087,-0.00854989 2.94093e-05 0.0121858 0.00110384 0.000188015 -0.00127832 -0.00367882,0.3444633330835649,0.42177543101669523,0.999779073976199,0.04394991912173385,-0.0189791 0.0110712 -0.00183546 -0.00214775 0.0439499 -0.0155962 -0.0164627,0.6816114512927055,0.451787611308067,0.9998974747255648,0.055850064437702684,-0.00817747 0.0193289 -0.0193473 -0.0160456 0.0558501 -0.0337537 0.00214516,0.3391065041808283,0.680104393700983,0.3371481182091406,0.3409978895201546,0.005356828902736588,0.0015070575917225382,-0.003849771311013994,1.978763443966764,2.0055775554759565,-0.02681411150919244
rxry_czbrick,d4,MIDDLE,primary,11002,4,16,7,4 6 8 10 12 14 16,4000,0.33820591673212347,0.35021234468586443,0.9998638366552095,0.02426414901891727,-0.0022703 0.0220753 -0.0110657 -0.0242641 -0.00108975 0.02248 -0.00586542,-4.8504008680689985e-05,-0.33853236039672036,0.002150854805842317,0.0076879422962143895,0.00312766 -0.00472993 0.00400162 0.00129602 -0.00768794 0.000365036 0.00362754,0.34396754484821773,0.4063012273899919,0.9998700341666048,0.030977218980183352,-0.014286 -0.00777936 0.00577805 0.0309772 0.00221567 0.00413743 -0.021043,0.6797954332023619,0.4581151907387191,0.9999732794459485,0.019778126015339126,-0.00622467 -0.0197781 0.0180128 0.0155351 0.0130107 -0.00843919 -0.0121166,0.33810890871476207,0.6763148254468856,0.3358278883541442,0.33820591673212347,0.005858636133455664,0.003480607755476317,-0.002378028377979291,1.976335975251196,2.000286913520647,-0.02395093826945116
rxry_czbrick,d4,MIDDLE,primary,11003,4,16,7,4 6 8 10 12 14 16,4000,0.33910475770996196,0.355963231223527,0.9998653044970358,0.029035339895675527,0.0111551 -0.0114835 0.00724567 0.00916985 -0.0290353 -0.00793455 0.0208828,0.0009422052389002748,-0.33456603652542627,0.3856914767238535,0.008544453278971853,-0.000936702 0.00487746 -0.00504947 -0.00272599 0.000532159 0.00854445 -0.00524191,0.3472196734853531,0.39255492353593496,0.9997520913544423,0.03433269169230524,-0.0336667 0.00804926 0.0102224 0.0343327 0.00867315 0.000520172 -0.0281309,0.6837665456953028,0.43669820229867823,0.9999518811794726,0.02993637517290182,-0.0299364 0.0102291 0.0173583 0.011879 0.00412424 0.0151541 -0.0288084,0.3409891681877625,0.6800939258977244,0.3365468722099497,0.33910475770996196,0.006230505297590616,0.0036726197975783803,-0.002557885500012236,1.9692621066995688,1.994473694024313,-0.025211587324744267
rxry_czbrick,d4,MIDDLE,primary,11004,4,16,7,4 6 8 10 12 14 16,4000,0.3388030991571576,0.353315285055679,0.9999420664058903,0.016409259363363127,0.0133839 0.000358012 -0.00606867 -0.0146609 -0.0044143 -0.00500726 0.0164093,0.000712572482072563,-0.33526605957337663,0.26580970769641876,0.008413718548491711,0.000639568 0.00407258 -0.00729758 -0.00368423 0.00841372 -0.000784727 -0.00135933,0.3449616324029874,0.4093166625916179,0.9997430266148476,0.04321079679238915,-0.0258373 -0.0110604 0.0432108 0.0125686 -0.00424282 0.00826244 -0.0229013,0.6799788813957058,0.46661558171090617,0.9999174989145266,0.039059227627149085,-0.0326173 0.00147277 0.0283302 0.0161244 0.000896779 0.0248524 -0.0390592,0.34022824412130276,0.6790313432784604,0.33501724899271845,0.3388030991571576,0.004733388281684625,0.0009475381172454611,-0.003785850164439164,1.9711724943409017,1.9958112091257272,-0.02463871478482549
rxry_czbrick,d4,MIDDLE,primary,11005,4,16,7,4 6 8 10 12 14 16,4000,0.3404012733764834,0.3680526959021542,0.9998926809963825,0.021217178765239986,-0.00203253 0.00141929 -0.0158694 0.0167803 -0.00149089 0.0212172 -0.020024,-0.0018429392150052352,-0.36081030812438813,0.7656813841679904,0.007121913698060756,0.00114305 0.00100443 0.00452639 -0.00712191 -0.00385205 -0.000916168 0.00521626,0.3431696211392001,0.4390657683894205,0.9999259376900758,0.019153853889668504,-0.0165129 0.01147 0.00851813 0.00924562 -0.000464276 -0.0191539 0.0068972,0.6820215503880067,0.4686965357016265,0.9999636232256122,0.027075503706303294,0.000628638 -0.0125583 0.0244632 -0.00948803 0.00835311 -0.0270755 0.0156768,0.33671539494647296,0.6771166683229564,0.33885192924880664,0.3404012733764834,0.006454226192727119,0.004904882065050353,-0.001549344127676766,1.9874181989767619,2.0109465693738073,-0.023528370397045473
rxry_czbrick,d4,MIDDLE,primary,11006,4,16,7,4 6 8 10 12 14 16,4000,0.33836140538499226,0.35603691684271616,0.9999359726282385,0.019310663680117912,0.0107788 -0.00189597 0.00193191 -0.0131359 -0.00652326 -0.0104662 0.0193107,0.0006172708993868376,-0.33967173514725085,0.3909293187342606,0.005087381572136729,-0.00157218 0.00316295 0.00248972 -0.00508738 0.00109199 -0.00326242 0.00317731,0.34713323504208976,0.3997181359412924,0.9996088471870183,0.04672381507167778,-0.0163253 0.00694439 -0.0114623 0.0250604 -0.00641311 0.0467238 -0.044528,0.680872507832635,0.4664178762373502,0.9997227767213444,0.08407204380183764,-0.0234589 0.000917815 -0.0133734 0.0242815 0.0211086 0.0745965 -0.084072,0.33959594718376596,0.6779573525687582,0.3337392727905452,0.33836140538499226,0.0075372878583238045,0.0029151552638767564,-0.004622132594447048,1.9614155001611397,1.9963646745227333,-0.034949174361593505
rxry_czbrick,d4,MIDDLE,primary,11007,4,16,7,4 6 8 10 12 14 16,4000,0.33895664180311247,0.35851719739047594,0.9999742789216473,0.011183290089107789,0.00018674 0.00037438 -0.00793291 0.00562166 0.0111833 -0.0104922 0.00105908,-0.0008992735036521127,-0.3566117542627548,0.31381376996315125,0.007320528158258843,-0.00199036 -0.00252438 0.00732053 -0.00673063 0.00539954 0.00467469 -0.00614941,0.34498703422725546,0.41622320455870865,0.9998945638263579,0.02551364907809095,-0.0122171 0.000660158 0.0255136 0.00481394 -0.0237709 0.00104723 0.00395301,0.6816419591927252,0.4606810714358329,0.9999248953785819,0.03807548604688549,-0.00444866 -0.00362106 0.0380755 -0.0307883 -0.0227068 0.0302736 -0.00678435,0.3371580947958082,0.6761147365989207,0.3366549249654697,0.33895664180311247,0.007828939431447246,0.005527222593804448,-0.002301716837642742,1.9758480509841507,2.0053344322294664,-0.029486381245315663
rxry_czbrick,d4,MIDDLE,primary,11008,4,16,7,4 6 8 10 12 14 16,4000,0.34092931782487,0.36926808720108656,0.999977024982974,0.011245142982844403,-0.00249386 0.00457568 -0.00920221 0.0112451 -0.00475776 0.00467372 -0.0040407,-0.0012389290848908098,-0.3536659625364571,0.40652632396639465,0.012890924192991482,0.0017604 0.00453723 -0.00252679 -0.0128909 0.00520906 0.00511326 -0.00120223,0.3436797504400275,0.4315044756850453,0.999773755817787,0.03216194136965722,-0.0213912 -0.00653967 0.0203595 0.0321619 0.00730048 -0.0314791 -0.00041192,0.6808010106756122,0.4703837755886163,0.9999463440173929,0.034454161963413554,-0.00495223 -0.0203882 0.0246368 0.0201839 0.00350487 -0.0344542 0.011469,0.3384514596550884,0.6793807774799584,0.33712126023558464,0.34092931782487,0.005228290784939138,0.001420233195653764,-0.003808057589285374,1.9809168558925982,2.007321162604253,-0.026404306711654613
rxry_czbrick,d4,MIDDLE,primary,11009,4,16,7,4 6 8 10 12 14 16,4000,0.34137999026010823,0.3700536485199753,0.9999694184346195,0.010286433864323152,-0.0102864 0.00944443 0.00770318 -0.00397129 0.00284722 -0.0100968 0.00435974,0.0005087885795286072,-0.3386571760035679,0.12879056756573304,0.008249052211894037,-0.0030678 0.00667533 0.00262773 -0.00824905 -0.00391893 0.00710426 -0.00117153,0.3482594028054814,0.39167970271951225,0.9999015439050317,0.021494574167869818,-0.00115879 -0.0176359 0.00212139 0.0214946 0.00630454 0.00955369 -0.0206795,0.6863152486273213,0.4379415754267133,0.9999662995992956,0.026009649868434792,0.00459343 -0.00597898 -0.0147565 0.00359126 0.0122885 0.0260096 -0.0257473,0.34239756741916544,0.6837775576792737,0.3380558458218399,0.34137999026010823,0.005861835386315961,0.0025376909480475662,-0.0033241444382683394,1.9707012735293161,1.997028082977554,-0.026326809448237842
rxry_czbrick,d4,MIDDLE,secondary_n_ge_8,11000,8,16,5,8 10 12 14 16,4000,0.3417504396672026,0.38738945519901774,0.9997798043549544,0.017703196183480152,-0.000188105 -0.0163432 0.0177032 0.0143756 -0.0155475,-0.0013686848041672677,-0.36038010418051886,0.689593831386422,0.004180281261441154,-0.000992747 0.00362663 -0.00418028 0.00145165 9.47436e-05,0.3466798433413149,0.4100222772003254,0.9993500396727515,0.040260293871780206,-0.00264011 0.0234507 -0.00976564 -0.0402603 0.0292154,0.6903688788589664,0.36744612061734444,0.999764871981546,0.03792008162895044,0.00447226 0.0295844 -0.0379201 -0.030802 0.0346654,0.33901307005886805,0.6807635097260707,0.34368903551765145,0.3417504396672026,0.007666773282446859,0.00960536913289567,0.0019385958504488654,1.9913729976486723,2.008074525291486,-0.01670152764281374
rxry_czbrick,d4,MIDDLE,secondary_n_ge_8,11001,8,16,5,8 10 12 14 16,4000,0.34041855751862515,0.3626092255110904,0.999836708908217,0.017717710212821203,0.00927052 -0.00662661 -0.01746 0.0177177 -0.00290164,0.0007598740594394642,-0.3288454193784554,0.4042570460445214,0.004011386891598301,0.0036594 -0.00401139 -0.00151608 0.000428716 0.00143935,0.34232819305611883,0.44897869138094615,0.9995183216632105,0.04236833908683657,-0.0119576 -0.00799961 0.0423683 -0.0129075 -0.00950367,0.6828752923401571,0.43439123260547335,0.999742401204798,0.058080350570875794,-0.0120617 -0.0112877 0.0580804 -0.0340511 -0.000679919,0.3419383056375041,0.6823568631561292,0.34054709928403826,0.34041855751862515,0.00038988741861473164,0.000518429184027891,0.0001285417654131038,1.994797116310579,1.995555490292187,-0.0007583739816079405
rxry_czbrick,d4,MIDDLE,secondary_n_ge_8,11002,8,16,5,8 10 12 14 16,4000,0.3353486781093721,0.311964476055235,0.9998117128561487,0.020726548298091174,0.00432424 -0.0145887 0.00287125 0.0207265 -0.0133334,3.5453092054139296e-05,-0.33720442152048674,0.0005627322356427378,0.008008395963630066,0.00334533 0.000807653 -0.0080084 0.000212496 0.00364291,0.33994344719445957,0.4590034651205087,0.999845841721028,0.018515957787248016,-0.0147314 0.018516 -0.0021974 0.00777256 -0.00935971,0.6755837812905621,0.5138555718928804,0.99999406464464,0.007810100557259503,-0.0040344 0.00191128 0.0078101 -0.00521644 -0.000470539,0.33541958429348034,0.6707682624028525,0.3356403340961025,0.3353486781093721,0.004523862900979225,0.004815518887709591,0.00029165598673042137,1.9873416795238428,1.9997886045197464,-0.012446924995903608
rxry_czbrick,d4,MIDDLE,secondary_n_ge_8,11003,8,16,5,8 10 12 14 16,4000,0.33859626621556005,0.3499270173467905,0.9996799207684004,0.029101023951762173,0.00921395 0.0101211 -0.029101 -0.00901721 0.0187831,0.00039792693560410927,-0.3418855273742669,0.05064027582129815,0.008244047881666217,-0.00208421 -0.000849279 0.00132031 0.00824405 -0.00663087,0.3416937171101699,0.4639898935776197,0.9998292917040185,0.01815728540245276,-0.0170049 0.0181573 0.00354966 0.00644859 -0.0111506,0.6793136384694896,0.4940745402979908,0.9999648855874976,0.02011848775808822,-0.00439481 -0.000968267 0.000182787 0.0201185 -0.0149382,0.3393921200867683,0.6779883863023283,0.3376199213593197,0.33859626621556005,0.0023015970234016025,0.0013252521671612838,-0.0009763448562403743,1.988077639280863,1.9976550608452406,-0.009577421564377575
rxry_czbrick,d4,MIDDLE,secondary_n_ge_8,11004,8,16,5,8 10 12 14 16,4000,0.3360726243443606,0.3178012118791144,0.9999491800332427,0.008235735535174982,0.0076016 -0.00645157 -0.00166593 -0.00771984 0.00823574,-2.622830723316283e-05,-0.3450740989068678,0.0002417244249348638,0.00935614841031418,-0.00339995 -0.0012642 0.00935615 -0.0013199 -0.0033721,0.33813511585674916,0.49861439626012594,0.9998907849295154,0.014535939106658624,0.0085252 -0.008464 -0.0116224 0.0145359 -0.00297477,0.6736763407158232,0.5484749719169734,0.9999215761502172,0.031228559799426847,-0.0031089 -0.00270957 -0.00533212 0.0312286 -0.020078,0.33602016772989424,0.6720927920742549,0.335541224859074,0.3360726243443606,0.002114948126854921,0.0015835486415682887,-0.0005313994852865767,1.992328832836238,2.000156111506106,-0.007827278669868099
rxry_czbrick,d4,MIDDLE,secondary_n_ge_8,11005,8,16,5,8 10 12 14 16,4000,0.34059488541380284,0.37049868774982037,0.9997015689648105,0.02148175544004527,-0.0167665 0.0162704 -0.00161354 0.0214818 -0.0193722,-0.002222213366459414,-0.36579109358549566,0.6477435621796439,0.006472982215648959,0.00647298 -0.00593387 -0.00342255 -0.00124522 0.00412866,0.34158755479186864,0.4590591286421419,0.9998998460216636,0.016998285279750114,0.0011813 0.00507293 -0.00147284 -0.0169983 0.0122169,0.6802635397029121,0.4921785873981085,0.9999143792891321,0.025945405811460986,0.0150452 -0.01539 0.00596719 -0.0259454 0.020323,0.336150458680884,0.6767453440946869,0.33867598491104345,0.34059488541380284,0.0054370961109846405,0.003518195608225194,-0.0019189005027593908,1.9914763584329083,2.0132215399924176,-0.02174518155950933
rxry_czbrick,d4,MIDDLE,secondary_n_ge_8,11006,8,16,5,8 10 12 14 16,4000,0.336490048047946,0.3318040699920584,0.9998795866754642,0.013601793138035667,0.0111939 -0.0076166 -0.0047467 -0.0124324 0.0136018,0.00045726373917034057,-0.341909975844582,0.13745812748622022,0.00444921247697061,0.00344791 -0.00444921 0.00141015 -0.00326428 0.00285544,0.3449098346026191,0.4282751222563134,0.9990025642363078,0.04929443490924523,-0.022232 0.0187374 -0.0082893 0.0492944 -0.0375105,0.6763183945722052,0.5255754578607102,0.9992945867422031,0.07919650088439667,-0.0360981 0.010665 0.0166004 0.0791965 -0.0703638,0.3374045755262867,0.6738946235742327,0.3314085599695861,0.336490048047946,0.007505259076332371,0.0024237709979725297,-0.005081488078359897,1.9608556402904886,1.997289522594902,-0.036433882304413245
rxry_czbrick,d4,MIDDLE,secondary_n_ge_8,11007,8,16,5,8 10 12 14 16,4000,0.338863136894191,0.35728291458177275,0.9999280725086096,0.01129551399075357,-0.00744667 0.00592089 0.0112955 -0.010567 0.000797284,-0.0001225457636169204,-0.3463880747520052,0.0037518704176908724,0.009187027309631834,0.00331067 -0.00918703 0.0044966 0.0053252 -0.00394544,0.3426426345747651,0.4466673921512135,0.9997851181325674,0.02608225776227524,0.0138247 -0.00218625 -0.0260823 0.00342463 0.0110192,0.6802090694437937,0.4794896910626761,0.9997957650594785,0.03526799207300968,0.03073 -0.035268 -0.0243207 0.0315254 -0.00266673,0.33861804536695717,0.6774811822611482,0.33756643486902854,0.338863136894191,0.00402458920780796,0.0027278871826454942,-0.0012967020251624661,1.9851851486256624,2.000723799368011,-0.015538650742348725
rxry_czbrick,d4,MIDDLE,secondary_n_ge_8,11008,8,16,5,8 10 12 14 16,4000,0.34074173820876086,0.36660076814660986,0.9999419380324778,0.012036665876229424,-0.00803553 0.0120367 -0.0043414 0.00471492 -0.00437466,-0.002271593153565369,-0.3673174570160915,0.5387723415622089,0.00956607040010271,0.0028634 -0.00956607 0.00646858 0.00430745 -0.00407337,0.3384205538110365,0.5002010154651325,0.9997313815724683,0.026546905077016625,-0.00626345 0.0160574 0.0017143 -0.0265469 0.0150387,0.6767523303656182,0.5240360309087351,0.9999147891589104,0.03142489294361894,0.00337402 0.00701841 -0.00156322 -0.0314249 0.0225957,0.3361985519016301,0.676940290110391,0.33833177655458174,0.34074173820876086,0.002222001909406357,-0.0001879597447728143,-0.002409961654179116,1.9997376717948867,2.013513402367242,-0.01377573057235515
rxry_czbrick,d4,MIDDLE,secondary_n_ge_8,11009,8,16,5,8 10 12 14 16,4000,0.34202061203549095,0.3779095099341243,0.9999599058944548,0.008984004066896922,0.00497229 -0.00542094 0.00267882 -0.008984 0.00675383,0.00012104981491741426,-0.3440315463266818,0.004370054078391972,0.007050283162957138,0.0049002 -0.00675207 -0.00319743 0.00705028 -0.00200098,0.34538226531924693,0.4299642829579802,0.9998693644713654,0.013146092100418283,-0.0131461 0.0119814 0.00254561 0.011549 -0.0129299,0.6863370879714982,0.43795661273518294,0.9999086884514933,0.02611177705637502,-0.0149463 0.00335783 0.0120113 0.0256889 -0.0261118,0.3422627116653258,0.6842833237008167,0.34095482265225124,0.34202061203549095,0.0031195536539211366,0.0020537642706814907,-0.0010657893832397014,1.987181036458536,1.9992926497056693,-0.01211161324713328
rxry_czbrick,d4,LATE,primary,11000,4,16,7,4 6 8 10 12 14 16,4000,0.34275898286793294,0.35925734389605024,0.999820527100784,0.02540058089614572,-0.00555863 -0.00259715 0.0124458 -0.0232458 0.0219354 0.022421 -0.0254006,0.0003316481426426535,-0.5192834918742419,0.036584259515576534,0.014957076371859723,0.00126722 -0.00182971 -0.00857138 0.0149571 -0.00256703 -0.0039064 0.00065023,0.34850728426337474,0.7742567222377328,0.9999147749432428,0.019741013761922943,-0.0104567 -0.00762194 0.019741 0.0182473 -0.0101265 -0.0126027 0.00281963,0.6878659963590567,0.8546939428615593,0.9999140547307616,0.04319633789874899,0.00203656 -0.011892 0.0167278 0.0224423 -0.0219005 -0.0431963 0.0357822,0.34342227915321827,0.6861812620211512,0.3393587120956819,0.34275898286793294,0.005085005110156471,0.0016847343379055024,-0.003400270772251024,1.9737492655654822,1.9980685694389984,-0.024319303873516107
rxry_czbrick,d4,LATE,primary,11001,4,16,7,4 6 8 10 12 14 16,4000,0.3394464388919885,0.3257607147772515,0.9999232930387831,0.024035602833145653,0.00524548 0.000211714 0.00240794 -0.0133841 -0.0130233 0.0240356 -0.00549336,0.00262202463911847,-0.50366638212652,0.6764234954027304,0.01349724057196322,-0.00294568 0.00479045 -0.0063804 0.00783256 0.00462148 -0.0134972 0.00557882,0.3538224066150645,0.7365269957050001,0.9999150875623749,0.018698798321158616,-0.0129888 0.0186988 0.00838827 -0.00779665 -0.00429158 -0.017141 0.015131,0.6912131111030548,0.8358607610361701,0.999940735675671,0.046094824776643506,-0.0184278 0.0064923 0.00202378 -0.000377908 0.0460948 -0.021046 -0.0147592,0.34469048817022546,0.684136927062214,0.33739070448799036,0.3394464388919885,0.009131918444839016,0.007076184040840872,-0.002055734403998144,1.9535594642400622,1.984786208328304,-0.031226744088241887
rxry_czbrick,d4,LATE,primary,11002,4,16,7,4 6 8 10 12 14 16,4000,0.33792831593566913,0.31074042107733874,0.9998768045556147,0.02092420565577835,-0.00902447 0.0209242 -0.0146815 -0.0100493 0.00933378 0.0197322 -0.0162349,0.001772817198852794,-0.5100289278889637,0.7336460232006289,0.0078013036208514075,-0.00356481 0.0078013 -0.00611543 0.00362221 -0.00159249 -0.000837572 0.000686795,0.3507453021999368,0.7650411836595354,0.9997902193096587,0.029841985665790105,0.0111753 -0.0158223 0.00834807 0.0164191 -0.0206276 -0.0293345 0.029842,0.6839450763490852,0.9066949790535798,0.9998224624350318,0.06569619680389671,0.01671 -0.0324881 0.0162128 0.0295338 -0.0127881 -0.0656962 0.0485157,0.34147395033337474,0.6794022662690439,0.33319977414914836,0.33792831593566913,0.009271351866562083,0.004542810080041315,-0.004728541786520768,1.9499764417634682,1.9896166767794612,-0.03964023501599301
rxry_czbrick,d4,LATE,primary,11003,4,16,7,4 6 8 10 12 14 16,4000,0.3385919366664672,0.3132405509608673,0.9999218731952703,0.018741142884891815,0.00903254 -0.00955058 0.00833447 0.00159504 -0.0164127 -0.0117399 0.0187411,-0.00011791202707854238,-0.5271021164946933,0.0016560846658946193,0.019732866369033597,-0.0097151 0.0113247 -0.00424766 0.00592111 -0.00941915 0.0197329 -0.0135967,0.34434988083424106,0.8302585713163255,0.9997915098709053,0.03211187269203908,-0.0170403 0.0106184 -0.0103277 0.0235666 0.0259364 -0.0321119 -0.000641516,0.6839378352457209,0.9127779341825809,0.9999269657142364,0.04249573945771523,-0.0229351 0.0424957 -0.0163399 0.000350389 0.0094509 -0.0294614 0.0164394,0.33835611261231013,0.6769480492787773,0.3395879544114799,0.3385919366664672,0.0059937682219309285,0.006989785966943662,0.0009960177450126784,1.9861712557843068,2.0006969699833004,-0.014525714198993622
rxry_czbrick,d4,LATE,primary,11004,4,16,7,4 6 8 10 12 14 16,4000,0.339804457666537,0.3261393290743942,0.9999561468194786,0.015345003558856929,0.015345 -0.00661893 -0.0104049 -0.00512736 -0.00619012 0.0104064 0.00258989,-0.0005215806348606728,-0.5280914776289852,0.03811318415073428,0.014535637913424715,0.0111941 -0.0145356 0.00904111 -0.00745622 -0.0108059 0.0133299 -0.000767278,0.3465381031321758,0.7997387342031881,0.9995870670917497,0.048231114721589474,-0.0482311 0.0288588 0.00468054 0.0305544 0.0163657 0.00197569 -0.0342041,0.6857743781541105,0.8781143001733183,0.9999548641164357,0.025971118828243434,-0.0192345 0.0259711 -0.0205773 0.0185464 -0.00142186 0.0150649 -0.0183488,0.3387612963968156,0.6785657540633526,0.33923627502193465,0.339804457666537,0.007776806735360187,0.0072086240907578425,-0.0005681826446023441,1.9789292200648536,2.003079340174975,-0.024150120110121298
rxry_czbrick,d4,LATE,primary,11005,4,16,7,4 6 8 10 12 14 16,4000,0.34155054711717103,0.33795641715708885,0.9998196949570893,0.03684578019218243,-0.000662287 0.000115329 -0.00859642 -0.00319897 0.00526694 0.0368458 -0.0297704,-0.00029263139574919525,-0.522833292286377,0.00848199053797849,0.021244456639692322,-0.00544687 0.00713718 -0.0130791 0.0169274 0.00988708 -0.0212445 0.00581882,0.3480791001806681,0.7789337476348408,0.9997667552319511,0.04165188710416068,0.000950767 -0.030458 0.0416519 -0.00645193 -0.00792154 0.0151766 -0.0129478,0.6836485674779461,0.8960115031754071,0.9999094386997119,0.03958309697799933,0.00775572 -0.032494 0.0340554 0.0116798 -0.00787097 -0.0395831 0.0264572,0.34096528432567264,0.6825158314428437,0.335569467297278,0.34155054711717103,0.007113815854995487,0.001132736035102444,-0.005981079819893043,1.9640609479945879,2.0017164879194547,-0.03765553992486681
rxry_czbrick,d4,LATE,primary,11006,4,16,7,4 6 8 10 12 14 16,4000,0.34037753745630056,0.3387792835536711,0.9999085888281068,0.024415922764671194,0.00609343 0.00346366 -0.000500302 -0.00661674 -0.00517148 -0.0216845 0.0244159,0.0003063696785183905,-0.5293148035579548,0.013670024699138694,0.015174480622026199,-0.00996391 -0.00215009 0.0142169 0.0151745 -0.0147041 -0.00244894 -0.000124322,0.3479692579293337,0.7975341799713314,0.9995866738815956,0.04739757272927747,-0.00833245 0.00901298 -0.016927 -0.0097689 0.0285316 0.0448814 -0.0473976,0.684345771652593,0.9006548679095305,0.9997025755799398,0.0881102909528142,-0.0368486 0.0133436 -0.00502414 0.0078062 0.0422184 0.0666149 -0.0881103,0.3409902768133373,0.6813678142696379,0.33637651372325933,0.34037753745630056,0.006978981115996374,0.002977957382955143,-0.004001023733041231,1.966684573588312,1.9982030591524105,-0.03151848556409842
rxry_czbrick,d4,LATE,primary,11007,4,16,7,4 6 8 10 12 14 16,4000,0.3409294269930934,0.3421118616394188,0.9999579148390086,0.015501605879412406,0.000636184 -0.00839825 -0.0038655 0.0105475 0.0155016 -0.00900971 -0.00541188,0.0012514666344375731,-0.5059599671004293,0.15153676695277507,0.021001240971308066,0.0131096 -0.0210012 0.0113929 -0.00300653 0.000506099 -0.0112155 0.0102147,0.3474844983004438,0.7762804131205017,0.9996205984156925,0.05039304924707855,-0.0329684 0.050393 -0.00887864 0.00638941 -0.0296489 0.0214892 -0.00677573,0.6830344521644185,0.8794312784121073,0.9998706448571165,0.051805675056271205,-0.0101981 0.0518057 -0.0235984 -0.0282182 -0.0300873 0.0413828 -0.00108655,0.34343236026196855,0.684361787255062,0.3355499538639747,0.3409294269930934,0.0040521380384752614,-0.0013273350906435333,-0.005379473129118739,1.9656544551056485,1.9927120051617564,-0.027057550056107882
rxry_czbrick,d4,LATE,primary,11008,4,16,7,4 6 8 10 12 14 16,4000,0.3399384811243111,0.3269104492069743,0.9999164299394528,0.026218961725397172,-0.00601388 0.0013324 -0.00218344 0.026219 -0.0163089 -0.00788401 0.00483889,-9.929965883725766e-06,-0.5270010970893312,1.689767817125709e-05,0.01259304911536352,-0.00957941 0.0116419 0.0096599 -0.012593 -0.00628138 0.0109693 -0.00381727,0.34444513447529507,0.83100366830897,0.9997357188480285,0.03482281309274082,0.0169813 -0.0225628 -0.0169852 0.0206388 0.0258869 -0.0348228 0.0108639,0.6813265925775568,0.936371441528865,0.9999499407262199,0.03135815375437545,0.0187756 -0.0241683 -0.00521525 0.00751983 0.0189238 -0.0313582 0.0155225,0.3399186211925436,0.6798571023168547,0.3368814581022617,0.3399384811243111,0.004526513282751443,0.0014694902607020888,-0.0030570230220493544,1.9780409835529964,2.000058425548144,-0.022017441995147546
rxry_czbrick,d4,LATE,primary,11009,4,16,7,4 6 8 10 12 14 16,4000,0.34143092166877964,0.3353042429404851,0.9999202306008906,0.018734047752796634,-0.00162446 0.0024896 0.00663588 -0.015465 0.0179421 -0.018734 0.00875592,0.001321008457476535,-0.5169288460990238,0.17935517449407634,0.01846929012750209,0.00863776 0.00761974 -0.00925253 -0.00975852 -0.0184693 0.0132989 0.00792388,0.3479761745062445,0.8031730842023956,0.9997727884252383,0.037961545610743386,-0.0124334 -0.00980112 -0.00146055 0.0248631 0.0379615 -0.0210642 -0.0180653,0.6884106264076195,0.8868817551025937,0.9998616893767479,0.055419764028885155,-0.0165726 -0.00140485 -0.0257975 0.031084 0.0554198 0.00555827 -0.0482871,0.3440729385837327,0.6855038602525123,0.340434451901375,0.34143092166877964,0.003903235922511794,0.00290676615510721,-0.0009964697674046397,1.9783268994908323,1.9923213463812988,-0.013994446890466472
rxry_czbrick,d4,LATE,secondary_n_ge_8,11000,8,16,5,8 10 12 14 16,4000,0.34426028016502014,0.3789040661311593,0.9995317438941422,0.027879556805026073,0.00480945 -0.0278796 0.0203042 0.0237924 -0.0210265,0.00035266108885112897,-0.5189188381560563,0.015337781143091478,0.014802552115758871,-0.00876793 0.0148026 -0.00267953 -0.00397688 0.000621784,0.34527264538047947,0.8166881244714831,0.9998934557395016,0.013742266321926877,0.00318672 0.00816227 -0.0137423 -0.00974918 0.0121425,0.6864895031171662,0.8731829564963013,0.9997711919947331,0.042414446147024165,0.00925077 0.0177182 -0.0238716 -0.0424144 0.0393171,0.3449656023427224,0.6892258825077425,0.3412168577366867,0.34426028016502014,0.0003070430377570821,-0.00273637939057636,-0.003043422428333442,1.9882533768659159,1.9979553840356479,-0.009702007169732019
rxry_czbrick,d4,LATE,secondary_n_ge_8,11001,8,16,5,8 10 12 14 16,4000,0.33836558604404915,0.31169904207172633,0.9998013912817193,0.022965335667519682,0.00782279 -0.0101309 -0.0119319 0.0229653 -0.00872533,0.0024925924273491423,-0.5055885234803797,0.425632700106671,0.013387150182874175,-0.00549372 0.00846038 0.00499044 -0.0133872 0.00543005,0.35402946196545654,0.7329003362338428,0.9998675555571621,0.016413137061613625,0.0103585 -0.00624054 -0.00314959 -0.0164131 0.0154448,0.6885014051136705,0.87078832377825,0.9998699041635208,0.04370773390717453,-0.0112101 -0.00818841 0.0437077 -0.0180097 -0.00629949,0.34335077089874744,0.6817163569427965,0.334471943148214,0.33836558604404915,0.0106786910667091,0.006785048170873997,-0.0038936428958351588,1.9447573693198708,1.985480781529486,-0.04072341220961517
rxry_czbrick,d4,LATE,secondary_n_ge_8,11002,8,16,5,8 10 12 14 16,4000,0.3365945788842245,0.2923556291257716,0.999788846911722,0.019444704819010283,-0.00696659 -0.00500193 0.0117137 0.0194447 -0.0191899,0.0013155835640131486,-0.5163630303229215,0.6208642992920423,0.005383976313562466,-0.0034392 0.00538398 -0.000745196 -0.000904741 -0.000294841,0.3506070090643799,0.7676301092513554,0.9994896347338083,0.029987360254925655,0.00686549 0.0152132 -0.021557 -0.0299874 0.0294658,0.6824138712327772,0.9282250487319681,0.9995801086666606,0.06578939485397228,0.00693237 0.0233158 -0.0159437 -0.0657894 0.051485,0.3392257460122508,0.6758203248964753,0.3318068621683973,0.3365945788842245,0.01138126305212911,0.006593546336301936,-0.004787716715827228,1.9463782913349275,1.9922436101653342,-0.04586531883040679
rxry_czbrick,d4,LATE,secondary_n_ge_8,11003,8,16,5,8 10 12 14 16,4000,0.3382180159600097,0.3088571108481531,0.9998197754883584,0.01714185169428628,0.00972655 0.00223927 -0.0165163 -0.0125913 0.0171419,0.0001264072445796194,-0.524492199410886,0.0008954049005540643,0.020543419088440595,-0.00490302 0.00575438 -0.00909723 0.0205434 -0.0122975,0.3425345770852605,0.8533265992588234,0.9995258643547418,0.029765648148808665,-0.0188733 0.0186516 0.024652 -0.0297656 0.00533532,0.6857251756316899,0.8874177221920937,0.9999314006555735,0.029123978078272827,-0.00527841 0.0078372 0.013363 -0.029124 0.0132022,0.338470830449169,0.6766888464091787,0.34319059854642936,0.3382180159600097,0.0040637466360915475,0.009036329222511186,0.004972582586419638,2.001915197778721,1.999253068606167,0.0026621291725539287
rxry_czbrick,d4,LATE,secondary_n_ge_8,11004,8,16,5,8 10 12 14 16,4000,0.3377282958704986,0.2994801720311409,0.9999780336654049,0.007999259801553471,-0.000355002 0.000770183 -0.0044449 0.00799926 -0.00396954,-0.0005800459705185661,-0.5281247450968664,0.030347539301513238,0.012544625958814337,0.00860666 -0.0080076 -0.0114742 0.0125446 -0.00166946,0.3412207026435881,0.8674219997362487,0.9997443155797381,0.020463521060055445,-0.0204635 0.0160452 0.0124913 0.00873603 -0.0168089,0.6858231532414092,0.8761816680970155,0.9999296390694072,0.019991278651520616,-0.0190349 0.0199913 -7.45261e-05 0.0163147 -0.0171966,0.33656820392946146,0.67429649979996,0.3446024505978211,0.3377282958704986,0.004652498714126652,0.011526653441449208,0.006874154727322501,2.0099107349818843,2.0034468257176195,0.006463909264264878
rxry_czbrick,d4,LATE,secondary_n_ge_8,11005,8,16,5,8 10 12 14 16,4000,0.34166570520853057,0.33944770590727064,0.9994958726332032,0.03696670472103403,-0.00916644 -0.00353868 0.00515755 0.0369667 -0.0294191,-0.000273834034158394,-0.5229457855127198,0.0028758744193391195,0.020868800351078298,-0.0128163 0.0172278 0.0102251 -0.0208688 0.00623207,0.34370055593865484,0.8373777219946281,0.999725752033162,0.02111045859085614,0.0182363 -0.0211105 -0.013823 0.0180323 -0.0013351,0.6803256094340312,0.9408346581223476,0.999834697778029,0.037884839310132534,0.0158159 8.62048e-05 -0.0128186 -0.0378848 0.0348014,0.34111803714021377,0.6827837423487444,0.33662505349537636,0.34166570520853057,0.002582518798441069,-0.002458132914713196,-0.0050406517131542095,1.9794137590963299,2.001605508969588,-0.022191749873258004
rxry_czbrick,d4,LATE,secondary_n_ge_8,11006,8,16,5,8 10 12 14 16,4000,0.3386393025833794,0.3160090470628843,0.9997824780140524,0.023249542515199728,0.00836406 -0.00122885 -0.00326006 -0.0232495 0.0193744,0.002621664274855771,-0.4991084695138802,0.4009046798979282,0.017126932190037025,0.00253293 0.00812109 -0.0171269 -0.000241152 0.00671406,0.3476547155535753,0.8011725816425478,0.9988733846972123,0.04600329638835898,-0.0180491 -0.0102619 0.0286677 0.0456466 -0.0460033,0.6789775900565005,0.9697740497583053,0.999306010783025,0.07265022763598239,-0.0311979 -0.00763116 0.0375174 0.0726502 -0.0713386,0.3438826311330909,0.6825219337164703,0.3313228745029252,0.3386393025833794,0.0037720844204843784,-0.0035443436599698064,-0.007316428080454185,1.9530228116576969,1.9847525635928898,-0.031729751935192896
rxry_czbrick,d4,LATE,secondary_n_ge_8,11007,8,16,5,8 10 12 14 16,4000,0.34206192757362897,0.3572542816329508,0.9999116357806106,0.01394919285230678,-0.00994791 0.00673013 0.0139492 -0.00829712 -0.00243429,0.0017797378612322006,-0.49804237910353377,0.26825718659167386,0.011737332642668519,0.0077015 -0.0056414 -0.00107223 -0.0117373 0.0107495,0.34844977881858,0.7612121139223753,0.9997100894487585,0.02616397332326681,-0.00153259 0.0118049 -0.026164 0.0230436 -0.00715191,0.6887656873470523,0.8023349372850478,0.9998781765285443,0.03824188389257088,0.00764806 -0.00843417 -0.0217658 0.0382419 -0.01569,0.34562140329609337,0.6876833308697223,0.3403159085284723,0.34206192757362897,0.002828375522486659,0.0010823564773300154,-0.0017460190451566437,1.976656979615009,1.989701228892312,-0.013044249277302855
rxry_czbrick,d4,LATE,secondary_n_ge_8,11008,8,16,5,8 10 12 14 16,4000,0.34094139589938854,0.33988172111775405,0.999785161120774,0.023276837565391784,-0.0071314 0.0232768 -0.0172452 -0.00681447 0.00791426,0.0001596684149653403,-0.52537841247877,0.002397909912605911,0.012519749917433987,0.009394 -0.0125197 -0.00586889 0.011721 -0.00272638,0.34445696196894,0.8319780520925869,0.9994295312374643,0.03596278178738643,-0.0180542 0.0195462 0.0247706 -0.0359628 0.00970027,0.6814564650130961,0.9358915133761144,0.9999106610720703,0.03269643969917624,-0.0057743 0.00670104 0.0178453 -0.0326964 0.0139244,0.3412607327293192,0.6822021286287078,0.3369995030441561,0.34094139589938854,0.0031962292396207626,-0.0007456636156116803,-0.003941892855232443,1.9783500995823788,1.9990642438484594,-0.020714144266080536
rxry_czbrick,d4,LATE,secondary_n_ge_8,11009,8,16,5,8 10 12 14 16,4000,0.3413823722381086,0.33454862018946996,0.9997785613742108,0.018658117031177035,0.00700311 -0.0151948 0.0181151 -0.0186581 0.00873475,-0.0015495054041483488,-0.5546265132825632,0.20210761145223666,0.015217789283461292,0.00548103 -0.000765988 -0.0152178 0.0108094 -0.000306675,0.3440193283947151,0.8551021398465878,0.9995552638857457,0.03351464330490295,-0.0217348 0.0125025 0.0335146 -0.0175975 -0.00668486,0.6848853828598082,0.9327801636914312,0.9996534812487551,0.051824278013786085,-0.043494 0.0204381 0.0518243 0.00901327 -0.0377816,0.33828336142981186,0.6796657336679205,0.34086605446509305,0.3413823722381086,0.00573596696490325,0.005219649191887665,-0.0005163177730155288,1.9908340210291786,2.0091609909372967,-0.018326969908118107
rxry_czbrick,dn,EARLY,primary,11000,4,14,6,4 6 8 10 12 14,4000,0.3061470051501106,0.22827644059985946,0.99982777982929,0.0202786380100779,0.0168987 -0.00414165 -0.00903423 -0.0168228 -0.00717867 0.0202786,0.0010029218554429384,-0.2939509856670173,0.2866396554319436,0.009826349115074073,-0.0028386 5.67157e-05 0.00227833 -0.0013476 0.00982635 -0.00797519,0.3038165975907886,0.4923984844858077,0.9995494357019635,0.03334559440347218,-0.0333456 0.0222995 0.0153466 0.0248403 -0.0181902 -0.0109505,0.6081777988284828,0.6686124862788576,0.9998081290858175,0.04312493733728173,-0.0431249 0.0194083 0.0251129 0.0344433 -0.00623386 -0.0296057,0.3081528488609965,0.6142998540111071,0.30436120123769417,0.3061470051501106,-0.004336251270207869,-0.00612205518262432,-0.0017858039124164504,2.0017925408000226,1.993490750715757,0.008301790084265459
rxry_czbrick,dn,EARLY,primary,11001,4,14,6,4 6 8 10 12 14,4000,0.30536026045794906,0.2199831421550384,0.9998092069557567,0.019878024472021583,0.0188694 -0.00497251 -0.0154429 -0.019878 0.0116276 0.0097964,0.000646616206791456,-0.2976282454626534,0.16275437223588063,0.009444776873298422,-0.00130554 0.00550132 -0.000647639 -0.00944478 0.00535489 0.000541742,0.3067658294505649,0.46284733938813044,0.9992979558800437,0.047589615395157825,-0.0293819 -0.000904729 0.0246508 0.0475896 -0.0186033 -0.0233505,0.6101494507931049,0.6545807961113779,0.9997401255876909,0.059642127924127486,-0.0330174 -0.00391873 0.0283113 0.0596421 -0.0234561 -0.0275612,0.306653492871532,0.612013753329481,0.30338362134254,0.30536026045794906,0.00011233657903292338,-0.00186430253637615,-0.0019766391154090734,1.9889746256482261,1.9957827566173372,-0.006808130969111037
rxry_czbrick,dn,EARLY,primary,11002,4,14,6,4 6 8 10 12 14,4000,0.30629288122700193,0.2252862542447519,0.9995953800339914,0.034913201499726765,0.0349132 -0.0248139 -0.0160775 -0.0156023 0.0041265 0.0174539,0.0003875320727225244,-0.29755498196530544,0.09847654251282478,0.006843598609323265,0.00600774 -0.0068436 0.000154037 -0.00266702 0.00220761 0.00114123,0.30887827786042993,0.446266917360621,0.99894033876854,0.056483498519479536,-0.0564835 0.0474007 0.0154602 0.0243611 -0.00228807 -0.0284504,0.6120832952488724,0.6366299687887457,0.9995909551361227,0.06816725197001405,-0.0681673 0.0618586 0.0112239 0.0330952 -0.00646021 -0.0315502,0.30706794537244697,0.6133608265994489,0.30320501738844247,0.30629288122700193,0.0018103324879829574,-0.0012775313505765107,-0.003087863838559468,1.9816326984490926,1.997475919720292,-0.015843221271199415
rxry_czbrick,dn,EARLY,primary,11003,4,14,6,4 6 8 10 12 14,4000,0.3032856059114802,0.19833531435271248,0.999739504288989,0.026279967712453,0.02628 -0.0154207 -0.0189033 -0.00286456 -0.00727824 0.0181868,-0.0012614181772456115,-0.3110521262579422,0.4937480805198293,0.008839864660545704,0.00137316 0.001976 -0.00883986 0.00528439 0.00118103 -0.000974711,0.30385534387517416,0.5023399185489202,0.9992591109214082,0.04996793312286396,-0.0384344 0.0118019 0.0499679 -0.00597289 0.00700638 -0.0243689,0.6055058369347869,0.710049267705117,0.9995908731874414,0.06531718225907124,-0.0653172 0.0298997 0.0558333 0.0161514 0.0071845 -0.0437517,0.30076276955698894,0.6040483754684691,0.3016504930596127,0.3032856059114802,0.003092574318185215,0.0014574614663177554,-0.0016351128518674596,1.9927437484315984,2.008388127154858,-0.01564437872325941
rxry_czbrick,dn,EARLY,primary,11004,4,14,6,4 6 8 10 12 14,4000,0.3063636932531225,0.22569966041266878,0.9997720529746248,0.024814598961481638,0.0248146 -0.0145138 -0.0120037 -0.0132975 -0.00341199 0.0184123,-0.0012036606924844505,-0.3110177482143664,0.4830433178578468,0.006373509628959495,0.00465433 -0.00300603 -0.00111895 -0.000987827 -0.00591503 0.00637351,0.30595915078385855,0.47301495843019414,0.9995636052420003,0.0316472193248698,-0.0285424 0.017732 0.0049067 0.0195132 0.0180378 -0.0316472,0.6095973170058745,0.6552069506892036,0.9999022904495518,0.02862712787186572,-0.0286271 0.0234295 -0.00185451 0.0254149 0.0041513 -0.0225141,0.3039563718681536,0.6103200651212761,0.30363816622201595,0.3063636932531225,0.002002778915704939,-0.000722748115401628,-0.002725527031106567,1.992414070453862,2.007919956966762,-0.01550588651290008
rxry_czbrick,dn,EARLY,primary,11005,4,14,6,4 6 8 10 12 14,4000,0.3061142444353441,0.22785812049527837,0.9998762190966569,0.018886311739095274,0.0188863 -0.0127165 -0.00828121 -0.00866814 -0.00138578 0.0121653,0.0005198185518925138,-0.2945658481213684,0.17351201117094062,0.005994690733667707,-0.00599469 0.00514163 0.00240409 0.00289028 -0.00358592 -0.000855397,0.3074374241851219,0.4585339021153069,0.999801998181685,0.02436019787250432,-0.0243602 0.015623 0.0136462 0.00888004 0.000610489 -0.0143995,0.6108491675512367,0.6267651027609941,0.9997551205025694,0.05408146630307531,-0.0540815 0.0333189 0.036351 0.0155611 -0.00304327 -0.0281062,0.3071538815391291,0.6132681259744732,0.30341174336611487,0.3061142444353441,0.0002835426459927848,-0.0024189584232364725,-0.0027025010692292017,1.9869056903866624,1.9966152565008282,-0.009709566114165735
rxry_czbrick,dn,EARLY,primary,11006,4,14,6,4 6 8 10 12 14,4000,0.3050690197336271,0.2162042648945058,0.9998933668211071,0.015027434320929678,0.0150274 -0.00420266 -0.011513 -0.0102275 -0.00333259 0.0142483,-2.0812436945969346e-05,-0.30105867098020944,0.00039325525977040865,0.005324884463307478,-0.00374625 0.00368766 0.000349395 -0.00119623 0.00532488 -0.00441946,0.30591860267169696,0.4756678412503657,0.999721385109419,0.029069482537621205,-0.0171006 0.000857567 0.0147867 0.0290695 -0.0204261 -0.00718703,0.6072290508300796,0.6773147874677886,0.9998674931476207,0.04498152089613949,-0.0193667 -0.00735314 0.0177898 0.0449815 -0.0170863 -0.0189652,0.3050273948597352,0.6100964145933623,0.30131044815838265,0.3050690197336271,0.0008912078119617806,-0.002867363763282671,-0.0037585715752444515,1.9849366646125157,2.000136462739391,-0.015199798126875441
rxry_czbrick,dn,EARLY,primary,11007,4,14,6,4 6 8 10 12 14,4000,0.30378763292461197,0.20749784821462708,0.9997116101595158,0.027684202081041498,0.0209657 -0.0016123 -0.0160008 -0.0276842 0.00499127 0.0193403,0.00025366955068571403,-0.30058437684605055,0.013521004168263628,0.012189516430180292,-0.0121895 0.00818716 0.00886416 0.000643196 0.000320079 -0.00582508,0.30426348991516866,0.48220446276729073,0.9996327420485628,0.0377213963621954,-0.00811727 -0.0133263 0.0133915 0.0377214 -0.0217259 -0.00794349,0.6064219077698741,0.6753605483845129,0.9997778703515056,0.061159435881666724,-0.0248538 -0.00660361 0.0159234 0.0611594 -0.019406 -0.0262195,0.3042949720259834,0.6080826049505954,0.3021584178547055,0.30378763292461197,-3.1482110814717856e-05,-0.00166069718072126,-0.0016292150699064867,1.9930814174876845,1.9983327391248251,-0.0052513216371405935
rxry_czbrick,dn,EARLY,primary,11008,4,14,6,4 6 8 10 12 14,4000,0.30536594996187033,0.21717876790359777,0.9996981808471928,0.028363695691651092,0.027138 -0.0101552 -0.0283637 -0.00384985 -0.00227855 0.0175093,-6.89115995953455e-05,-0.30029082484760183,0.0017586783168889175,0.009846820012775814,0.00398041 -0.00984682 0.00749417 0.000499668 -0.00399662 0.00186919,0.30542482954488553,0.47449722196816174,0.9996480053811715,0.029355124781616837,-0.0266245 0.0293551 -0.00154318 0.00128692 0.0177577 -0.0202321,0.6091017920693559,0.6676067078877413,0.9998529435940877,0.034748125469461044,-0.0323975 0.0151814 0.0244391 0.000419415 0.0271057 -0.0347481,0.30522812676267963,0.61059407672455,0.30367696252447035,0.30536594996187033,0.0001967027822059042,-0.0014922846551941316,-0.0016889874373999803,1.994277259569827,2.0004515416080837,-0.006174282038256651
rxry_czbrick,dn,EARLY,primary,11009,4,14,6,4 6 8 10 12 14,4000,0.30457465319308247,0.2108908480303989,0.9997725651524132,0.02347054089316858,0.0234705 -0.0134311 -0.00856675 -0.0176123 -0.0027032 0.0188429,0.0006185127630124014,-0.29513010145712854,0.16756346214459883,0.008575369227155849,0.00674221 -0.00857537 -0.000775147 0.00238491 -0.00185394 0.00207734,0.30703690165679054,0.4770708387028054,0.9992754327715846,0.04707454431232261,-0.0470745 0.0444903 0.0186 0.00414325 -0.0066748 -0.0134842,0.6092848116338268,0.6727548746845452,0.9996681482391369,0.06272254958732004,-0.0627225 0.0574106 0.0159991 0.0182611 -0.000548943 -0.0283992,0.30581167871910725,0.6103863319121897,0.3022479099770362,0.30457465319308247,0.0012252229376832902,-0.0011015202783629663,-0.0023267432160462564,1.984402553393704,1.9959549434763053,-0.011552390082601338
rxry_czbrick,dn,EARLY,secondary_n_ge_8,11000,8,14,4,8 10 12 14,4000,0.30126786874018807,0.17141667510737443,0.9998289367537342,0.008868545664587835,0.00879244 -0.00875439 -0.00886855 0.00883049,0.001982253425519797,-0.2824828669674287,0.34983690781379406,0.01011020925640782,-0.00135513 -0.00302241 0.0101102 -0.00573267,0.29772050598181365,0.5622170243531605,0.9997013414009371,0.015982661122704744,-0.00570321 0.0159827 -0.0148557 0.00457623,0.5979361442403373,0.7871998476028741,0.9999309318124325,0.018272482575333093,-0.0115412 0.0182725 -0.00192137 -0.00480991,0.3052323755912277,0.6065002443314157,0.3002156382585236,0.30126786874018807,-0.007511869609414024,-0.008564100091078442,-0.0010522304816644734,2.0083807874384787,1.9870115126438979,0.02136927479458084
rxry_czbrick,dn,EARLY,secondary_n_ge_8,11001,8,14,4,8 10 12 14,4000,0.2999990838596368,0.15753596666710543,0.9998657593962433,0.01104261496721115,0.00411486 -0.0110426 0.00974065 -0.00281289,-0.0002717745157848197,-0.3087794885203553,0.014951868236299681,0.007477441041359223,0.00315648 -0.00747744 0.00548545 -0.00116449,0.29625599632883765,0.5860271509209604,0.999245559137896,0.029508135079600706,-0.0144504 0.0295081 -0.0156652 0.000607394,0.5976136679018742,0.8017084476900023,0.9996942583444224,0.03787230525781027,-0.0185301 0.0378723 -0.0201543 0.000812113,0.2994555348280672,0.599454618687704,0.30135767157303656,0.2999990838596368,-0.0031995384992295484,-0.001840950785829798,0.0013585877133997504,2.0172204961500126,2.0018151243451943,0.01540537180481838
rxry_czbrick,dn,EARLY,secondary_n_ge_8,11002,8,14,4,8 10 12 14,4000,0.3002767278502291,0.15658373387345145,0.9999588534329885,0.007061290200855552,0.0044958 -0.00706129 0.000635184 0.00193031,-4.278052772715052e-06,-0.3016559292490122,3.6356154695549314e-05,0.0024841697414517694,0.0011205 -0.00248417 0.00160683 -0.000243164,0.3009592166363394,0.535647302197758,0.999794529870791,0.014171362096326856,-0.0105677 0.0141714 0.00336028 -0.00696398,0.603689411417799,0.7305398495646241,0.9998848612666955,0.023124146231035425,-0.0155349 0.0231241 0.00035651 -0.00794572,0.3002681717446836,0.6005448995949128,0.30273019478145957,0.3002767278502291,0.0006910448916557788,0.00314451182288622,0.002453466931230497,2.0058844456232756,2.0000284948800795,0.005855950743196114
rxry_czbrick,dn,EARLY,secondary_n_ge_8,11003,8,14,4,8 10 12 14,4000,0.29794278537113067,0.13684946463976352,0.9999161528575077,0.009906233936963993,-0.000159976 0.00519308 -0.00990623 0.00487313,-0.0022360234029095757,-0.3226100733231173,0.5358626672259712,0.007096281926152248,-0.00507876 0.00709628 0.00104371 -0.00306124,0.2933537785194066,0.6245152639103247,0.9995398026567847,0.02313257729462359,0.0118051 -0.0231326 0.0108498 0.000477644,0.5901197404448373,0.888150707358603,0.9999575291328543,0.01371621630236941,0.000820626 -0.00808905 0.0137162 -0.00644779,0.29347073856531153,0.5914135239364422,0.2967659619254307,0.29794278537113067,-0.0001169600459049458,-0.0012937834916049162,-0.0011768234456999704,2.011631632710667,2.01523847599826,-0.0036068432875930867
rxry_czbrick,dn,EARLY,secondary_n_ge_8,11004,8,14,4,8 10 12 14,4000,0.30130702785393326,0.16750113551854715,0.9999264034862028,0.005893453579148389,0.00574155 -0.00566559 -0.00589345 0.0058175,-0.002081170057578473,-0.32108242730351516,0.5837966634096476,0.00638046539063114,0.00192565 0.000301758 -0.00638047 0.00415306,0.3004022926574502,0.5368430114774748,0.9993992197739864,0.02089203084211011,-0.0144665 0.0112537 0.020892 -0.0176793,0.6054351967399058,0.7022896810936395,0.9998881241734924,0.019953409822823787,-0.0156403 0.0199534 0.00701401 -0.0113271,0.29714468773877634,0.5984517155927096,0.30503290408245554,0.30130702785393326,0.0032576049186738842,0.006983481147196158,0.0037258762285222735,2.0154147006803496,2.0140077890903307,0.0014069115900188223
rxry_czbrick,dn,EARLY,secondary_n_ge_8,11005,8,14,4,8 10 12 14,4000,0.3026831527577634,0.1885736515382221,0.9999734418327142,0.003694583765626369,0.00355453 -0.00369458 -0.00327441 0.00341447,0.001332551640084579,-0.2854125201364304,0.7124838941038295,0.0029864510948606204,-0.000247375 0.00186429 -0.00298645 0.00136954,0.3028170929431847,0.5115418572313032,0.9999854100636809,0.0030465088552134034,-0.0023991 0.00207539 0.00304651 -0.0027228,0.6002503715726938,0.7485425078732016,0.9999988480762918,0.0023648763723791433,-0.000636071 -0.000228331 0.00236488 -0.00150047,0.3053482560379326,0.608031408795696,0.2974332786295091,0.3026831527577634,-0.002531163094747879,-0.007781037223002163,-0.005249874128254339,1.9822209035119238,1.9912719223788913,-0.009051018866967464
rxry_czbrick,dn,EARLY,secondary_n_ge_8,11006,8,14,4,8 10 12 14,4000,0.30086008340215104,0.16719977234888647,0.9999626193776361,0.004835329791822218,0.00382004 -0.0033124 -0.00483533 0.00432769,0.00036846013315827426,-0.2967620254216509,0.05527488666379554,0.0056995097459998645,-0.00083307 -0.00160015 0.00569951 -0.00326629,0.3001477728212801,0.5432077361392676,0.9995558861410363,0.01923788615288835,-0.0065866 0.0192379 -0.018716 0.0060647,0.5986124067735735,0.7787778422215872,0.9998147316030385,0.029684906707401204,-0.0147401 0.0296849 -0.0151496 0.000204767,0.3015970036684676,0.6024570870706186,0.29846463395229345,0.30086008340215104,-0.0014492308471875104,-0.0038446802970451,-0.0023954494498575896,1.9943922993225445,1.9975566061421266,-0.00316430681958213
rxry_czbrick,dn,EARLY,secondary_n_ge_8,11007,8,14,4,8 10 12 14,4000,0.29685270151475135,0.12637524427917388,0.9997924351286569,0.01591091224419472,0.00964238 -0.0159109 0.0028947 0.00337384,0.0024732105661069946,-0.2751688363040132,0.9210310520056159,0.0025769342885205715,0.00120495 -0.00257693 0.00153903 -0.000167043,0.29809087182437266,0.5554641526916185,0.999291299741732,0.02618788734582722,-0.0104872 0.0261879 -0.0209142 0.00521348,0.5960721921147839,0.7970717609642304,0.9996246345198297,0.04294537985285096,-0.0229901 0.0429454 -0.0169206 -0.00303474,0.30179912264696535,0.5986518241617167,0.29798132029041124,0.29685270151475135,-0.0037082508225926847,-0.0025796320469327894,0.0011286187756598953,1.9996324894711102,1.9836102203053778,0.01602226916573235
rxry_czbrick,dn,EARLY,secondary_n_ge_8,11008,8,14,4,8 10 12 14,4000,0.2984064416107103,0.1363784673802548,0.9999493058353891,0.007355367259099577,-0.00323946 0.00735537 -0.00499235 0.000876443,0.0009996493111014953,-0.28707005274995484,0.3102213210654845,0.004394659273670332,0.00282188 -0.0020355 -0.00439466 0.00360827,0.3034450344699293,0.4955923125046763,0.9996480038081026,0.02042019001140627,-0.00679991 -1.02235e-05 0.0204202 -0.0136101,0.6015580263196716,0.7548921486135909,0.9998166360084891,0.03034545274837619,-0.00249624 -0.0114284 0.0303455 -0.0164208,0.3004057402329133,0.5988121818436235,0.29811299184974227,0.2984064416107103,0.0030392942370160436,0.002745844476048087,-0.000293449760968012,1.9824283082123875,1.993344672373261,-0.010916364160873604
rxry_czbrick,dn,EARLY,secondary_n_ge_8,11009,8,14,4,8 10 12 14,4000,0.299717750822036,0.1549550736671583,0.9998614488075691,0.010245577506002856,0.0085138 -0.0102456 -0.00505025 0.00678203,0.00040258248303673075,-0.29704704407776084,0.2089927241579187,0.0025281594968777354,-0.000585647 0.00214255 -0.00252816 0.000971256,0.301683376201834,0.5366056897310502,0.9999919641104762,0.001967349232197435,0.00189335 -0.00185635 -0.00196735 0.00193035,0.6016845707146636,0.7576855107557698,0.9999676930596796,0.009332829535975584,-0.00812966 0.00933283 0.00572331 -0.00692648,0.30052291578810947,0.6002406666101454,0.30000119451282964,0.299717750822036,0.001160460413724529,0.0014439041045182233,0.00028344369079363885,1.9944240159660673,1.99732078678938,-0.0028967708233127443
rxry_czbrick,dn,MIDDLE,primary,11000,4,14,6,4 6 8 10 12 14,4000,0.3045263851491845,0.20177975052041477,0.9997115092360631,0.024562183121761727,0.0245231 -0.0111619 -0.0104774 -0.0190896 -0.00835633 0.0245622,-0.004206245974638217,-0.3694584341499913,0.8806854504549129,0.008429028106041236,-0.00254611 -0.00297125 0.00506817 0.00842903 -0.00744701 -0.000532827,0.2948379511662284,0.6376469194713711,0.999400376440735,0.03747042250279531,-0.0293 0.0144129 0.0143675 0.00775594 0.0302341 -0.0374704,0.5961601099079936,0.8476912018808308,0.9997468060093294,0.043888121476751696,-0.0438881 0.0299044 0.0185692 0.0048288 0.0344578 -0.0438721,0.29611389319990805,0.6006402783490926,0.3013221587417652,0.3045263851491845,-0.0012759420336796445,-0.004480168441098997,-0.003204226407419297,2.021992445510792,2.028409649605995,-0.006417204095203299
rxry_czbrick,dn,MIDDLE,primary,11001,4,14,6,4 6 8 10 12 14,4000,0.304513624593829,0.20046130272508184,0.9997025879202461,0.028942411129626144,0.0220321 -0.00405841 -0.014132 -0.0289424 0.00635405 0.0187467,-0.0025714495061178503,-0.34748978907674183,0.8617616866764481,0.007480830883467127,0.00305226 0.000360694 -0.00748083 0.00162417 0.00249008 -4.63743e-05,0.2988143195112626,0.5907990635723287,0.9992851221228035,0.03491005561376204,-0.0348934 0.00826229 0.0326131 0.0349101 -0.0262416 -0.0146504,0.6016811133963585,0.7890456819978189,0.999559899076531,0.06482850837447263,-0.0470861 -0.0050895 0.0512989 0.0648285 -0.0277651 -0.0361867,0.29937072558159333,0.6038843501754223,0.30286679388509596,0.304513624593829,-0.0005564060703307505,-0.0022032367790637553,-0.0016468307087330603,2.01356184797456,2.0171790311235154,-0.0036171831489553163
rxry_czbrick,dn,MIDDLE,primary,11002,4,14,6,4 6 8 10 12 14,4000,0.3057780754569645,0.21129532947217464,0.9996624583611035,0.030597017759350864,0.030597 -0.0209033 -0.0112534 -0.0163083 -0.00299507 0.020863,-0.004650428237578125,-0.3722875894892387,0.9356810924483883,0.005788909235832085,-0.000941962 0.00528653 -0.00130416 -0.00369452 -0.0051348 0.00578891,0.2999932532609859,0.5919916490816187,0.9994641594194069,0.03510115582365514,-0.0351012 0.0204625 0.0122327 0.0242669 0.00842377 -0.0302847,0.6028440104868344,0.7889076230633004,0.9996135441298966,0.06244827316151014,-0.0624483 0.0455663 0.0147625 0.0375305 0.0106273 -0.0460385,0.29647721898180823,0.6022552944387728,0.30285075722584853,0.3057780754569645,0.003516034279177682,0.0005887160480616549,-0.0029273182311159718,2.009525227430287,2.0313712348864383,-0.021846007456151284
rxry_czbrick,dn,MIDDLE,primary,11003,4,14,6,4 6 8 10 12 14,4000,0.3048154509978421,0.1993457893771534,0.9996829532169274,0.0308000666267354,0.0308001 -0.0211659 -0.0171242 -0.00798862 -0.00198673 0.0174654,-0.0015642320820081906,-0.34305717241219774,0.2676989679180365,0.014668083493917572,-0.0108416 0.00810238 -0.00173239 0.0146681 -0.00234056 -0.00785592,0.30084823490858237,0.5934327025395698,0.9998731510861654,0.01914523490685216,-0.0152593 0.00926358 0.0191452 -0.00407035 -0.0100528 0.000973676,0.601359024124086,0.8128539426762655,0.9998084377570667,0.045993296586566146,-0.0429325 0.0207546 0.0459933 -0.00365256 0.000969477 -0.0211323,0.30168698683382567,0.6065024378316678,0.30051078921550367,0.3048154509978421,-0.0008387519252432973,-0.0051434137075817565,-0.004304661782338404,1.9988783524251648,2.010369900925623,-0.011491548500458082
rxry_czbrick,dn,MIDDLE,primary,11004,4,14,6,4 6 8 10 12 14,4000,0.30434598360654913,0.1976980213269769,0.9996641963748275,0.029485893597950508,0.0274885 -0.00671489 -0.0294859 -0.0114253 0.0007251 0.0194124,-0.0026346608931331187,-0.3546048926398544,0.8125468332518364,0.007930461134805222,-0.00365491 0.00793046 -0.00557507 0.002034 -0.000790108 5.56224e-05,0.30083138854840924,0.5870616852350995,0.9995707179952008,0.04144603655977441,-0.0272411 0.00282682 0.041446 0.00359856 -0.00663699 -0.0139933,0.6027378365996656,0.7864976289635808,0.999879946568791,0.03508523143901421,-0.0333509 0.0116689 0.0350852 0.00525378 0.00431564 -0.0229726,0.2990766618202829,0.603422645426832,0.3019064480512564,0.30434598360654913,0.0017547267281263212,-0.0006848088271663721,-0.002439535555292749,2.003573628097901,2.0176186324743473,-0.01404500437644618
rxry_czbrick,dn,MIDDLE,primary,11005,4,14,6,4 6 8 10 12 14,4000,0.30520277681700264,0.20596461970510518,0.9998372011424104,0.01908828989313882,0.0190883 -0.0166901 -0.0015252 -0.00696913 -0.0101673 0.0162634,-0.0037030591003119526,-0.363897939079468,0.7254191453105082,0.010617812921189185,-0.00974481 0.00176006 0.00631296 0.0104553 0.00183426 -0.0106178,0.2978448882956668,0.6090005799537782,0.999810389708587,0.024754790847710595,-0.012365 0.00596724 0.0247548 -0.0109531 -0.0144021 0.00699819,0.6014419890229377,0.7934785639160062,0.9998457568598599,0.03820017860933378,-0.0382002 0.0293285 0.0337765 -0.0159351 0.00422776 -0.0131974,0.2977966586163787,0.6029994354333814,0.30359710072727086,0.30520277681700264,4.822967928808097e-05,-0.0015574464104437524,-0.0016056760897317779,2.019312778757156,2.024869715580538,-0.005556936823382319
rxry_czbrick,dn,MIDDLE,primary,11006,4,14,6,4 6 8 10 12 14,4000,0.3039200376276061,0.19221770536972552,0.9998990264672447,0.01531215597868929,0.0122132 -0.000797563 -0.00864146 -0.0153122 -0.00132694 0.0138649,-0.002031685287017392,-0.35144220678530125,0.7801888588661272,0.006246292149727939,0.00312109 0.0015195 -0.00313724 -0.00624629 0.000220823 0.00452211,0.2988544945703434,0.6140704686692495,0.9995620073307274,0.03012979236412594,-0.0257048 0.000911243 0.0287577 0.0124403 0.0137254 -0.0301298,0.599792198137087,0.8390091626276104,0.9998240742977472,0.041974943068433745,-0.026002 -0.00564706 0.0223861 0.0342022 0.0170357 -0.0419749,0.29985666705357134,0.6037767046811774,0.30093770356674354,0.3039200376276061,-0.0010021724832279255,-0.003984506544090438,-0.002982334060862568,2.0069706463655335,2.0135510429498265,-0.006580396584292991
rxry_czbrick,dn,MIDDLE,primary,11007,4,14,6,4 6 8 10 12 14,4000,0.3030675738584795,0.18862483519909215,0.9997519985057224,0.02231369758391133,0.0223137 -0.00592978 -0.0184368 -0.0211253 0.00971161 0.0134666,-0.0029204512992381153,-0.3531585712961365,0.873076509802621,0.006324780041220002,-0.00594366 0.00632478 0.00130556 0.00156634 -0.00263016 -0.000622855,0.2966543585752213,0.6183356031979603,0.9994728169889303,0.036301547188519745,-0.0269529 0.00243218 0.0237674 0.0363015 -0.0188692 -0.016679,0.5970810954133096,0.8391002727884181,0.9994828226150011,0.06865327717726277,-0.0493172 -0.00894318 0.0574331 0.0686533 -0.0272468 -0.0405791,0.29722667126000324,0.6002942451184827,0.30042673683808824,0.3030675738584795,-0.0005723126847819171,-0.0032131497051731683,-0.0026408370203912512,2.012716409362684,2.0196513407552406,-0.006934931392556631
rxry_czbrick,dn,MIDDLE,primary,11008,4,14,6,4 6 8 10 12 14,4000,0.30590599589691186,0.21163466229035285,0.9996739439238167,0.02772276098082216,0.0277228 -0.00841485 -0.0272139 -0.0158151 0.00831737 0.0154037,-0.0033285160633872144,-0.36431343985997844,0.8853765921977873,0.006437232470497434,4.09733e-05 -0.00394743 0.00643723 0.00115743 -0.0060417 0.00235349,0.29964104937742,0.6049153338799321,0.9995828351667306,0.03421470717408903,-0.0342147 0.0210469 0.0274618 0.00331265 -0.0021247 -0.0154819,0.5996408836446457,0.8279878476743856,0.999788849751348,0.048422231603187704,-0.045304 0.018796 0.0484222 0.00517766 -0.00428605 -0.0228058,0.29924896377013743,0.6051549596670494,0.29999983426722576,0.30590599589691186,0.00039208560728254405,-0.005514076022403613,-0.005906161629686102,2.0011973823030966,2.0222457984245117,-0.02104841612141506
rxry_czbrick,dn,MIDDLE,primary,11009,4,14,6,4 6 8 10 12 14,4000,0.3049356237908203,0.20107050502485663,0.9997517592915375,0.023768999724208983,0.023769 -0.00873947 -0.0184465 -0.0193121 0.0100767 0.0126524,-0.0017606394488382348,-0.3455534886646326,0.2814171255490029,0.018130876551087027,-0.00700194 -0.00291615 0.00673463 0.0181309 -0.00979137 -0.00515606,0.3007413757335709,0.5847324889984236,0.9994843282422536,0.029182759653091805,-0.0291828 0.0274955 0.0279471 -0.0278808 0.00785192 -0.00623104,0.6053199870223769,0.7697419233978365,0.9997478670837874,0.04825750724557709,-0.0482575 0.0409988 0.0433841 -0.0209327 -0.0109946 -0.00419808,0.30141434489314384,0.6063499686839641,0.304578611288806,0.3049356237908203,-0.0006729691595729337,-0.001029981661587187,-0.0003570125020143089,2.0127592538468484,2.011682519287278,0.0010767345595703581
rxry_czbrick,dn,MIDDLE,secondary_n_ge_8,11000,8,14,4,8 10 12 14,4000,0.29873377793372885,0.13472077571503102,0.999758242566015,0.010808643595367151,0.0102407 -0.00995668 -0.0108086 0.0105247,-0.0025722953308266135,-0.350105636991264,0.5912931833790971,0.0071923958822283085,-0.00121303 0.00541574 -0.0071924 0.00298968,0.28818617627184834,0.7145382191484596,0.9990109974836304,0.033164118212457794,-0.00930963 -0.00261762 0.0331641 -0.0212369,0.5882753642337721,0.9379193378238131,0.99968398170912,0.03884665176803992,-0.00858097 -0.00655187 0.0388467 -0.0237138,0.2935891872720756,0.5923229652058045,0.3000891879619238,0.29873377793372885,-0.005403011000227276,-0.0040476009720323836,0.0013554100281949477,2.041303201437557,2.0175230930997663,0.02378010833779065
rxry_czbrick,dn,MIDDLE,secondary_n_ge_8,11001,8,14,4,8 10 12 14,4000,0.2978169883235928,0.1223048787600147,0.9997455245398355,0.017752349866921424,0.0104513 -0.0177523 0.00415084 0.00315023,-0.0037299134544179313,-0.36108613061818395,0.8881229903458934,0.0036358738625077436,-0.0031522 0.00363587 0.00218486 -0.00266853,0.2886672072481072,0.7090750725811176,0.9994308912470258,0.022752293579944016,-0.00448601 0.0181052 -0.0227523 0.00913314,0.583928603129217,0.9973671954018084,0.9997169079202157,0.03403209764189885,-0.0150026 0.0340321 -0.0230565 0.00402697,0.290357161414757,0.5881741497383498,0.29526139588110983,0.2978169883235928,-0.0016899541666497986,-0.004245546609132789,-0.00255559244248299,2.0228435668043687,2.0256918991509907,-0.0028483323466219623
rxry_czbrick,dn,MIDDLE,secondary_n_ge_8,11002,8,14,4,8 10 12 14,4000,0.30029495003574697,0.14855752619349968,0.9998824396719332,0.008401705665635806,0.00761939 -0.00840171 -0.00605477 0.00683708,-0.005642373433038259,-0.38428512803252,0.926071600534582,0.005040608244241351,0.00275782 -0.00161643 -0.00504061 0.00389922,0.29282347889889027,0.6745188258444018,0.9996240509068526,0.013437477906585116,-0.0129363 0.0134375 0.0119339 -0.0124351,0.5923786985279094,0.9082465392542487,0.9997724668696476,0.022844749456211844,-0.0208539 0.0228447 0.0168721 -0.018863,0.28901020316967047,0.5893051532054174,0.2995552196290191,0.30029495003574697,0.0038132757292198005,0.003073545322491933,-0.0007397304067278676,2.022989074357843,2.039046188481628,-0.016057114123785077
rxry_czbrick,dn,MIDDLE,secondary_n_ge_8,11003,8,14,4,8 10 12 14,4000,0.2993269120530595,0.13656332870243612,0.9999774776730271,0.00506674159701781,0.00174995 -9.15519e-05 -0.00506674 0.00340835,0.00020473045802217355,-0.3229137815619532,0.003780761599104232,0.012214318043976713,-0.00772408 0.0122143 -0.0012564 -0.00323384,0.297823376059542,0.6282050789914023,0.9998347865836386,0.008594135389826896,0.00857173 -0.00859414 -0.00852692 0.00854932,0.5915212891940483,0.9266135106293432,0.9999260335185832,0.01903477627152217,0.0109356 -0.0190348 0.00526273 0.00283644,0.2997363729691038,0.5990632850221633,0.2936979131345063,0.2993269120530595,-0.001912996909561815,-0.007541995828114989,-0.005628998918553174,1.98614795460444,1.9986339298364482,-0.012485975232008117
rxry_czbrick,dn,MIDDLE,secondary_n_ge_8,11004,8,14,4,8 10 12 14,4000,0.2964037162239814,0.10513966698226349,0.9999955354073226,0.0020237539419154515,-0.000465678 0.00171039 -0.00202375 0.000779038,-0.0033380591252978624,-0.3634111620119846,0.9124589643626649,0.003806285935436249,-0.00239598 0.00380629 -0.000424618 -0.000985683,0.2920037067389841,0.6902697563513777,0.9998457933713689,0.011332691272325057,0.00885942 -0.0113327 -0.00391288 0.00638615,0.5939822480702781,0.8882296043052567,0.9999781464086971,0.008922308649809807,0.00339796 -0.00892231 0.00765072 -0.00212638,0.28972759797338565,0.586131314197367,0.301978541331294,0.2964037162239814,0.0022761087655984724,0.007850933872911137,0.005574825107312609,2.0341599588022565,2.023042741862682,0.011117216939574348
rxry_czbrick,dn,MIDDLE,secondary_n_ge_8,11005,8,14,4,8 10 12 14,4000,0.30269439444167995,0.17777286019054792,0.9998409568524222,0.012076112845552878,0.0065995 -0.0038612 -0.0120761 0.00933781,-0.0007323889202150405,-0.32922437825435996,0.12838309856310104,0.0054884895548045765,-0.00459524 0.00548849 0.00280874 -0.00370199,0.29500894416162116,0.6417954084079956,0.9995302226652899,0.015388449844889962,0.0146475 -0.0153884 -0.0131656 0.0139066,0.595404044731816,0.8621138775485317,0.9998818199199956,0.024190939379035825,0.0134447 -0.0241909 0.00804778 0.00269846,0.30122961660124986,0.6039240110429298,0.3003951005701948,0.30269439444167995,-0.006220672439628705,-0.008519966311113847,-0.002299293871485142,2.018257603761406,2.00486266210128,0.013394941660125781
rxry_czbrick,dn,MIDDLE,secondary_n_ge_8,11006,8,14,4,8 10 12 14,4000,0.29984481602299445,0.14453636393502253,0.9999230336887112,0.008383030590102702,0.00643811 -0.00838303 -0.00254826 0.00449318,-0.0035039441853459787,-0.3687972041865067,0.9225245018446956,0.003613883731808376,0.00243968 -0.00361388 -9.1286e-05 0.00126549,0.29008562946223077,0.7167263711362136,0.9997704527662402,0.01629586343955225,-0.0037473 -0.00252698 0.0162959 -0.0100216,0.5892797185052376,0.9625587143590575,0.9998182650788481,0.019635928782999912,-0.0170636 0.0157775 0.0196359 -0.0183498,0.2928369276523025,0.5926817436752969,0.29919408904300687,0.29984481602299445,-0.0027512981900717493,-0.003402025170059275,-0.0006507269799875814,2.031399209942463,2.023931026823955,0.007468183118507721
rxry_czbrick,dn,MIDDLE,secondary_n_ge_8,11007,8,14,4,8 10 12 14,4000,0.2967402250248848,0.11492801895434776,0.9998898296199725,0.010701957603096446,0.00464122 -0.010702 0.00748024 -0.00141951,-0.0024213641609621295,-0.34776389196499063,0.9478960868682957,0.0020357966954535067,-9.64255e-05 0.00116254 -0.0020358 0.000969686,0.2878288727120108,0.7215461387139835,0.999512086540192,0.02134587030460189,-0.00883928 0.0213459 -0.0161739 0.0036673,0.577584265920538,1.0681305026885648,0.9997078546806886,0.0345913422048314,-0.0156225 0.0345913 -0.0223151 0.00334626,0.2918974967029605,0.5886377217278453,0.2897553932085272,0.2967402250248848,-0.004068623990949705,-0.011053455807307322,-0.006984831816357562,2.006693284375414,2.01659050994484,-0.00989722556942585
rxry_czbrick,dn,MIDDLE,secondary_n_ge_8,11008,8,14,4,8 10 12 14,4000,0.2983067410072303,0.12321587971225709,0.9999724734916688,0.0055450972204726945,0.000410871 -0.00338886 0.0055451 -0.00256711,-0.0023559990750821264,-0.35263913867071744,0.6413235390524094,0.0060457943382407064,0.00254307 -0.000791704 -0.00604579 0.00429443,0.292927615943621,0.6820550643681101,0.9999623708111751,0.006692750606866582,0.00402958 -0.00669275 0.00129677 0.0013664,0.5884834860260117,0.9573462183803982,0.9999646894030616,0.01260673745886809,0.00832304 -0.0126067 0.000244349 0.00403935,0.29359474285706605,0.5919014838642964,0.29555587008239076,0.2983067410072303,-0.0006671269134450597,-0.00341799783828467,-0.0027508709248395546,2.0089723672187865,2.0160493273970452,-0.007076960178258762
rxry_czbrick,dn,MIDDLE,secondary_n_ge_8,11009,8,14,4,8 10 12 14,4000,0.2988013414339306,0.1298360167146024,0.9999071589382935,0.009420480029401546,0.00371371 -0.00942048 0.00769982 -0.00199305,0.0014190758350077495,-0.3080970989698819,0.12991629145074612,0.0124716396947962,-0.00528404 0.0124716 -0.00909117 0.00190357,0.2974012832935904,0.6218953223128801,0.999189429911097,0.0316426649356738,0.017505 -0.0316427 0.0107702 0.00336742,0.5986795681175598,0.8446011995310798,0.999781895949986,0.0293877935560678,0.0216481 -0.0293878 -0.00616886 0.0139085,0.3016394931039461,0.6004408345378768,0.30127828482396946,0.2988013414339306,-0.00423820981035572,-0.0017612664203169315,0.002476943390038844,2.013036263621471,1.9905909148672472,0.02244534875422377
rxry_czbrick,dn,LATE,primary,11000,4,14,6,4 6 8 10 12 14,4000,0.30359908925912904,0.163047274075712,0.9998483670553274,0.018165678140322328,0.0159241 -0.00411015 -0.00785997 -0.0181657 -0.00326881 0.0174805,0.0007917936819252151,-0.5223537508355988,0.07461794045799641,0.015743488243686654,-0.000916428 -0.0110577 0.0157435 -0.00365036 0.00888336 -0.00900232,0.3054346656544433,0.9734419310832737,0.9996271549630731,0.036192204311050524,-0.0229617 0.0156118 -0.00244785 0.0361922 -0.0126794 -0.013715,0.6025052610042047,1.2673519759060468,0.9995951960945358,0.06251065272153689,-0.0435217 0.00755179 0.0136812 0.0625107 0.0213364 -0.0615583,0.3051826766229795,0.6087817658821085,0.2970705953497613,0.30359908925912904,0.00025198903146383955,-0.006276504877903877,-0.006528493909367716,1.972615844744536,1.9948110181699246,-0.02219517342538846
rxry_czbrick,dn,LATE,primary,11001,4,14,6,4 6 8 10 12 14,4000,0.3040539801940019,0.16382113059174425,0.9995837322814489,0.03268297842202905,0.0310594 -0.0118621 -0.032683 -0.0127698 0.0157401 0.0105154,0.0005274074530335957,-0.5187646498352431,0.15287828438067097,0.006519245976205457,-0.00519274 0.00651925 -0.00238323 0.00489648 -0.00275654 -0.00108321,0.3064313833608024,0.9576832299322225,0.9995758338709954,0.02978967045960168,-0.0297897 0.0172698 0.028071 -0.0101643 0.0159849 -0.0213717,0.6105752843752023,1.1899503401912,0.9997701611144892,0.04889004929855112,-0.0481011 0.0258187 0.04889 -0.0066802 0.00392065 -0.0238482,0.3051087951000691,0.609162775294071,0.30414390101439986,0.3040539801940019,0.0013225882607332817,0.001412509081131219,8.992082039793736e-05,1.992535091147276,1.9965428236648464,-0.0040077325175704726
rxry_czbrick,dn,LATE,primary,11002,4,14,6,4 6 8 10 12 14,4000,0.30570995529969947,0.18165103544138209,0.9996189614242673,0.03393910811828271,0.0339391 -0.0246643 -0.0153081 -0.0141402 0.00316614 0.0170073,-0.001067263492733841,-0.5290007446251026,0.438787883077016,0.007340299175203513,-0.00312949 0.0073403 -0.00401733 0.00107561 -0.00381297 0.00254389,0.30471345126573185,0.975852435133088,0.9996202030957603,0.03221748331531149,-0.0322175 0.0211924 0.0135753 0.0148424 0.00590698 -0.0232996,0.6072888649903934,1.227542763001387,0.999720547397986,0.05698377000753663,-0.0569838 0.0425547 0.0230747 0.0194113 0.00665325 -0.0347102,0.3035754283142318,0.6092853836139313,0.3025754137246615,0.30570995529969947,0.0011380229515000617,-0.0019965186235378907,-0.0031345415750379524,1.9929834487706752,2.007031290369319,-0.014047841598643585
rxry_czbrick,dn,LATE,primary,11003,4,14,6,4 6 8 10 12 14,4000,0.3033427620200496,0.15948439965852687,0.9998000624440357,0.022440974293304494,0.022441 -0.00945937 -0.0208539 -0.00445023 -0.0029052 0.0152277,0.000488603658767625,-0.5214855798282253,0.02709247674044457,0.013127488552639455,-0.00377273 0.00969504 -0.011015 0.0131275 -0.0131263 0.00509159,0.30584051213989727,0.9767855450984465,0.9995787547456056,0.034054245509150594,-0.0210637 0.00156365 0.0340542 -0.0121449 0.021191 -0.0236003,0.6063054387859609,1.241849581863665,0.9996308600846928,0.06834787974264511,-0.0437568 0.00262632 0.0683479 -0.0129894 0.029214 -0.043442,0.3043199693375849,0.6076627313576345,0.3004649266460636,0.3033427620200496,0.0015205428023123968,-0.0013572925716736073,-0.002877835373986004,1.982423566269158,1.996788882045229,-0.01436531577607103
rxry_czbrick,dn,LATE,primary,11004,4,14,6,4 6 8 10 12 14,4000,0.30368485410263263,0.16039061823613562,0.9997992867304115,0.02128921965289443,0.0212892 -0.00847992 -0.0164818 -0.0073769 -0.00832733 0.0193767,0.00012544383114227036,-0.5240422189059848,0.00098189167578433,0.024054479278133645,-0.00968327 0.0111146 0.013447 -0.0240545 0.0117262 -0.00254998,0.3048205257350218,0.9828068921409915,0.9996225291682831,0.04205069388320304,-0.00776829 -0.00883645 0.00396679 0.0420507 -0.0218145 -0.00759825,0.6075193911441624,1.231305907909294,0.9996639952640903,0.06804330391021729,-0.0432929 0.00896152 0.021302 0.0680433 -0.0193742 -0.0356397,0.30393574176491717,0.6076205958675498,0.30269886540914065,0.30368485410263263,0.0008847839701046079,-0.00010120472338737141,-0.0009859886934919793,1.9930396408812527,1.9991745371543745,-0.006134896273121804
rxry_czbrick,dn,LATE,primary,11005,4,14,6,4 6 8 10 12 14,4000,0.30634050234663507,0.1890356757073072,0.9997446548158947,0.026783440215338183,0.0267834 -0.023519 -0.00438635 -0.0139622 0.00124221 0.0138419,0.0024375823739497416,-0.5154685563374932,0.40267386810348427,0.01570837982099227,-0.0157084 0.00795654 0.0156035 0.00272303 -0.00554087 -0.00503383,0.30795838738436404,0.9657058874986848,0.9998140404055867,0.02658296638672697,0.0149779 -0.00741601 -0.026583 0.0152467 0.00402994 -0.000255582,0.6107565993457751,1.197037133476521,0.9999365686440763,0.024582142133717788,-0.013554 0.0185852 -0.0192013 0.0245821 0.0018687 -0.0122808,0.3112156670945346,0.6175561694411696,0.30279821196141105,0.30634050234663507,-0.0032572797101705353,-0.006799570095394558,-0.003542290385224023,1.9832439198465066,1.9843350921455423,-0.0010911722990356587
rxry_czbrick,dn,LATE,primary,11006,4,14,6,4 6 8 10 12 14,4000,0.303886326801247,0.16095634301879982,0.9997814716524016,0.02143536461792417,0.0207139 -0.00565905 -0.0135026 -0.0214354 0.0024455 0.0174377,-0.0010455846554641003,-0.5381310526457191,0.23785797027150735,0.013329373726105542,0.00105138 0.00555462 -0.00127564 -0.0133294 0.00301024 0.00498876,0.29972433175697016,1.0336714781566003,0.9995720885884695,0.03165887667162437,-0.0168194 -0.0149017 0.0316589 0.0246888 -0.000650757 -0.0239759,0.6042790852931015,1.2701720683925843,0.9997780100983502,0.043861146939352835,-0.00423112 -0.0380598 0.0240932 0.0438611 0.0133927 -0.0390562,0.3017951574903188,0.6056814842915658,0.3045547535361313,0.303886326801247,-0.002070825733348658,-0.0014023989984642826,0.0006684267348843198,2.016116215026139,2.0069291016075868,0.009187113418552162
rxry_czbrick,dn,LATE,primary,11007,4,14,6,4 6 8 10 12 14,4000,0.3033429082918597,0.1678680864303186,0.9995234070071475,0.038257622367575905,0.0288002 -0.013925 -0.00686702 -0.0382576 0.0088153 0.0214341,0.0007223470070699665,-0.5263807274644826,0.10460422797104874,0.01202373808994217,-0.00309583 0.0106245 -0.0120237 0.00159774 0.00585677 -0.00295947,0.3060162900222098,0.9740934742903699,0.9992662909518973,0.051995552780247145,-0.0252157 -0.0074631 0.0214143 0.0519956 -0.0123032 -0.0284279,0.6079818300305149,1.2212338778161873,0.9996714831657267,0.07542155124869598,-0.0296797 -0.00831005 0.016728 0.0754216 -0.0193881 -0.0347717,0.30478760230599966,0.6081305105978594,0.30196554000830506,0.3033429082918597,0.0012286877162101528,-0.00014868056734451685,-0.0013773682835546697,1.9867629595352236,1.9952599974434344,-0.00849703790821077
rxry_czbrick,dn,LATE,primary,11008,4,14,6,4 6 8 10 12 14,4000,0.30425999056417175,0.16446927453824903,0.9998203960337567,0.0218771992504041,0.0218772 -0.0118001 -0.019277 -0.00672572 0.00909684 0.00682878,0.0012704888359492818,-0.5122303581138641,0.2464982210807687,0.013456608380919888,0.0102017 -0.00550954 -0.0134566 0.0038731 0.0036534 0.00123797,0.3108068244273453,0.9238417534870462,0.9998645258109601,0.020417514877849374,-0.0204175 0.0126979 0.0133265 0.0055262 0.00026385 -0.011397,0.6124338209402221,1.1970610528915953,0.999760396063658,0.05509362937943152,-0.0457231 0.0243327 0.0550936 -0.0170919 0.000187703 -0.016799,0.3068009682360703,0.611060958800242,0.30162699651287683,0.30425999056417175,0.004005856191275026,0.0013728621399801133,-0.0026329940512949124,1.970464522677769,1.9917178303363654,-0.021253307658596343
rxry_czbrick,dn,LATE,primary,11009,4,14,6,4 6 8 10 12 14,4000,0.30443081739276373,0.16538537941357467,0.9996931663960478,0.026928737873781916,0.0269287 -0.0176654 -0.00660419 -0.0188599 -0.00644995 0.0226506,0.0016115740097454815,-0.5152055069609129,0.4195091589777735,0.00932267267018172,0.00571931 -0.00652391 0.00211453 -0.00908359 0.00932267 -0.00154902,0.3067507945086672,0.9678821243745619,0.9992301935040196,0.0450132996022341,-0.0450133 0.020847 0.0412337 0.0176389 -0.0173002 -0.017406,0.6069727641508534,1.2461406463875029,0.9997970266727071,0.048375803925384986,-0.0483758 0.0378551 0.0258976 0.0162124 -0.019659 -0.0119303,0.3076539654122547,0.6120847828050184,0.3002219696421862,0.30443081739276373,-0.0009031709035874913,-0.005112018654164996,-0.004208847750577505,1.9787161924814622,1.9895234634301822,-0.010807270948719916
rxry_czbrick,dn,LATE,secondary_n_ge_8,11000,8,14,4,8 10 12 14,4000,0.29905317977328727,0.11008877390442892,0.9998547586182281,0.010666272827457135,0.00873126 -0.0106663 -0.00486122 0.00679624,0.0038769784553383427,-0.4854231763294177,0.6066434734250529,0.009729089642365407,0.00349439 -0.00972909 0.008975 -0.00274031,0.3013010123698864,1.0207495971385814,0.9992792945269656,0.03022107110131156,-0.0166863 0.0302211 -0.0103833 -0.00315151,0.589160622855673,1.4231354660476263,0.999358774027085,0.04017354406527307,-0.0353452 0.0401735 0.0256885 -0.0305169,0.306807136683964,0.6058603164572512,0.2878596104857867,0.29905317977328727,-0.005506124314077598,-0.01669969360157819,-0.011193569287500593,1.9553887928275573,1.9747269343390017,-0.019338141511444418
rxry_czbrick,dn,LATE,secondary_n_ge_8,11001,8,14,4,8 10 12 14,4000,0.2961487265647558,0.07206402563182833,0.9998588781255433,0.012634136216751024,-0.0041679 -6.52144e-05 0.0126341 -0.00840102,0.000715055382477971,-0.5170321488029092,0.21524452534596727,0.005040459932157515,-0.00261455 0.00504046 -0.00223727 -0.000188642,0.30032243621987287,1.0280116285774166,0.999546740680436,0.019403260059060123,0.00661421 -0.0194033 0.0189639 -0.00617484,0.6001945945945981,1.3097085102158943,0.9998973453775009,0.022631476126963257,0.0121774 -0.0226315 0.00873076 0.00172332,0.29757883732971174,0.5937275638944676,0.29987215837472525,0.2961487265647558,0.0027435988901611252,0.006467030700130549,0.003723431809969424,1.9985006852940619,1.9951941785316831,0.003306506762378758
rxry_czbrick,dn,LATE,secondary_n_ge_8,11002,8,14,4,8 10 12 14,4000,0.2999973430860296,0.11649359968917158,0.9999670184636553,0.006108843990951129,0.00414848 -0.00610884 -0.000227766 0.00218813,-0.0018070175463270673,-0.5381907420511379,0.7401414973470577,0.0035000239943785427,-0.000745368 0.00286806 -0.00350002 0.00137733,0.29873544392744616,1.0443667748609848,0.9998671049878309,0.009128730691895015,-0.00711498 0.00610811 0.00912873 -0.00812186,0.5979832124216156,1.3335122168259657,0.9999476573376798,0.01235162835121173,-0.00844949 0.00649841 0.0123516 -0.0104006,0.2963833079933755,0.5963806510794051,0.2992477684941694,0.2999973430860296,0.002352135934070687,0.0016025613422104845,-0.0007495745918602026,2.0017149775064778,2.0121937875554545,-0.010478810048976772
rxry_czbrick,dn,LATE,secondary_n_ge_8,11003,8,14,4,8 10 12 14,4000,0.29785326468456613,0.0958545290620558,0.9999717130939237,0.00514929287705268,-0.00114001 0.00428466 -0.00514929 0.00200464,-0.0006147005228454454,-0.5351025032882205,0.016205533485500467,0.015711370196503927,-0.00622456 0.0157114 -0.0127491 0.00326226,0.29885912832982287,1.058455780152617,0.9993044428824683,0.02400129614703239,0.00823508 -0.0240013 0.0232973 -0.00753113,0.5916471305890042,1.4133735978769908,0.9995915678695814,0.0379303396435029,0.0140903 -0.0379303 0.0335897 -0.00974968,0.2966238636388752,0.5944771283234414,0.29278800225918133,0.29785326468456613,0.002235264690947647,-0.0028299977344371507,-0.005065262425384798,1.9796856595795815,2.004144646457669,-0.02445898687808734
rxry_czbrick,dn,LATE,secondary_n_ge_8,11004,8,14,4,8 10 12 14,4000,0.2983536083436668,0.09854459109383515,0.9999093466703817,0.010456255741115417,0.0027143 0.00115667 -0.0104563 0.00658528,0.0007359480211896742,-0.5176844955481877,0.011952179579926003,0.02430716073545669,0.0119733 -0.0243072 0.0126945 -0.00036064,0.29989251109722803,1.0411662386761351,0.99902083208864,0.03297149372599684,-0.0149684 0.0329715 -0.0210377 0.00303461,0.5946072620517856,1.3819221686440473,0.9995617783015167,0.046548334099232314,-0.0260172 0.0465483 -0.015045 -0.00548614,0.29982550438604616,0.5981791127297129,0.29471475095455757,0.2983536083436668,6.700671118187174e-05,-0.003571850677927313,-0.00363885738910924,1.9827346133995598,1.9950908244267165,-0.012356211027156672
rxry_czbrick,dn,LATE,secondary_n_ge_8,11005,8,14,4,8 10 12 14,4000,0.3028460420574259,0.14978049625833176,0.9999125437691301,0.009651659033720339,0.00691315 -0.00965166 -0.00143613 0.00417464,0.005946380292835066,-0.47493381929296846,0.9393386284147812,0.003970036606856464,0.00313916 -0.00272373 -0.00397004 0.0035546,0.3113466570469877,0.9265444435239867,0.9996331331278522,0.0205254465297271,-0.0145277 0.0205254 0.00253215 -0.00852991,0.6106590120212443,1.1968527831550244,0.9998497477752692,0.025742365700522463,-0.0182363 0.0257424 0.00322409 -0.0107302,0.314738802643096,0.6175848447005219,0.29931235497425657,0.3028460420574259,-0.003392145596108287,-0.006925832679277599,-0.0035336870831693123,1.961347578975563,1.9622138723099987,-0.0008662933344356638
rxry_czbrick,dn,LATE,secondary_n_ge_8,11006,8,14,4,8 10 12 14,4000,0.2980512371208574,0.09300665289232656,0.99987944108572,0.011836571295346765,0.00776634 -0.0118366 0.000374112 0.00369612,-0.002802225079662272,-0.5591055993827779,0.5275909146726364,0.009921231231028393,0.00564579 -0.00992123 0.00290511 0.00137034,0.29011213439329825,1.1473359102064944,0.9999479337477961,0.007146374876310091,-0.00510798 0.00714637 0.00103118 -0.00306958,0.5932832535547781,1.401698936935673,0.9998091562172536,0.022292595779498825,-0.019467 0.0222926 0.0138159 -0.0166414,0.29244678696153287,0.5904980240823903,0.3031711191614798,0.2980512371208574,-0.0023346525682346186,0.0027852294723877957,0.005119882040622414,2.0450135765451223,2.0191639997742965,0.025849576770825777
rxry_czbrick,dn,LATE,secondary_n_ge_8,11007,8,14,4,8 10 12 14,4000,0.2967440883772541,0.09156226395521959,0.9993634735715395,0.02793999903853317,0.0166482 -0.02794 0.00593528 0.00535648,-0.0008502444403133109,-0.5455614077754949,0.10253370365100567,0.006166348619040529,-0.00542379 0.00505251 0.00616635 -0.00579507,0.2953250193661841,1.099867152032016,0.9991015648389439,0.033134581598858404,-0.0188292 0.0331346 -0.00978165 -0.00452376,0.5955164061594811,1.3678509894386004,0.9994244431334761,0.053458678336621546,-0.0301658 0.0534587 -0.0164201 -0.00687283,0.29504359949662745,0.5917876878738816,0.300191386793297,0.2967440883772541,0.0002814198695566539,0.0037287182855995082,0.00344729841604291,2.016478005952753,2.00576351726839,0.01071448868436331
rxry_czbrick,dn,LATE,secondary_n_ge_8,11008,8,14,4,8 10 12 14,4000,0.2995529966849285,0.11017306791237133,0.9999566952470531,0.00690912319168957,-0.00263674 0.000500548 0.00690912 -0.00477293,-0.0009227128411711087,-0.537528610558623,0.13484047778230313,0.007239337847019023,-0.00570397 0.00723934 0.00263323 -0.0041686,0.30683517708523017,0.9694597701046423,0.9999959006482295,0.002305601952349079,-0.000518303 -0.000375347 0.0023056 -0.00141195,0.6025139060087358,1.3115277176134377,0.999789699144817,0.032359434948009635,0.0199863 -0.0323594 0.00476002 0.00761313,0.2977075710025863,0.5972605676875148,0.2956787289235056,0.2995529966849285,0.009127606082643847,0.0052533383212209905,-0.0038742677614229115,1.963640257066661,2.0061987865344753,-0.042558529467814354
rxry_czbrick,dn,LATE,secondary_n_ge_8,11009,8,14,4,8 10 12 14,4000,0.2994220997841443,0.10797364189752098,0.9997598192573511,0.011535296211416579,0.0107378 -0.0115353 -0.00914283 0.00994032,0.0012407932387061636,-0.519082945556096,0.15080907436840474,0.008913956844962212,0.00302572 -0.00891396 0.00875074 -0.00286251,0.2962078775420822,1.0898957980133581,0.9998606566725677,0.01279887633385357,0.00356336 0.00105439 -0.0127989 0.00818112,0.5995050122513644,1.330916088788831,0.9999555787991716,0.014821463019616843,0.000864149 0.00611451 -0.0148215 0.00784281,0.3019036862615566,0.601325786045701,0.3032971347092822,0.2994220997841443,-0.005695808719474393,-0.0018207737943365387,0.00387503492513791,2.0239333849795837,1.9917802047794066,0.0321531802001771
