family,regime,position,fit_range,metric,n_seeds,n_min,n_max,n_units,mean,sd,median,q25,q75,min,max,pct_lo,pct_hi,boot_lo,boot_hi,boot_se
rx_product,product,k=0,primary,b_S,10,2,20,10,0.6013007699849295,0.0008567603669516992,0.6013866884347627,0.6005841207858256,0.6019774788841934,0.6001087581367345,0.6026533408904376,0.600141320959206,0.6025133468577119,0.600809607054958,0.6018029181599537,0.00025510932594550377
rx_product,product,k=0,primary,b_r,10,2,20,10,-2.26477767337916e-05,0.00012858681838519788,2.0443959815389383e-06,-8.132696002497831e-05,5.2207725694508903e-05,-0.0002724059480712265,0.00015555408567679684,-0.00024769709222687074,0.0001440643526143782,-0.00010043133635921919,4.8052663759764315e-05,3.849669824524361e-05
rx_product,product,k=0,primary,b_LE,10,2,20,10,0.6063597585794429,0.0010644550303025282,0.6061779394530067,0.6056663343149059,0.6068363267179633,0.6048357757046995,0.6084565594112777,0.6049589538491731,0.6082328330827117,0.6057620216508012,0.6070182972039906,0.00032014332995681003
rx_product,product,k=0,primary,b_SWAP,10,2,20,10,1.2006429814010295,0.0017085311552386395,1.2003217085553743,1.199589224316647,1.2017168857238256,1.198343016699204,1.2038947990052542,1.1984659142437677,1.203498282436058,1.1996889270275064,1.2016849705880268,0.0005099746412363676
rx_product,product,k=0,primary,gap_obs,10,2,20,10,0.5942832228215866,0.0009533565614011218,0.5942375602659211,0.5936576805681351,0.5951398999617463,0.5924745529780407,0.5954382395939765,0.5927025926539721,0.595414811207312,0.5937137864395604,0.5948271615884104,0.0002840089734107995
rx_product,product,k=0,primary,eps_LE,10,2,20,10,0.005104284147980897,0.00046595034221005334,0.0050447674478777405,0.004729238214179421,0.005560523882256252,0.004479882568185878,0.005711119748008975,0.00451136576401413,0.005697634333749052,0.004836373079597884,0.005379871065234147,0.00013984681428576268
rx_product,product,k=0,primary,eps_SWAP,10,2,20,10,-0.0019132630153620544,0.0005723762777934087,-0.001983828207069549,-0.00207541812451123,-0.0015812033614692744,-0.0030223108536917564,-0.0009083670419014478,-0.0028911019281346426,-0.0010423803058753954,-0.0022554376334802703,-0.001582931339002513,0.0001707580852275993
rx_product,product,k=0,primary,eps_gap,10,2,20,10,-0.007017547163342919,0.000684109071684733,-0.007106414001724959,-0.007570718132619503,-0.006722697444730336,-0.007755428947918586,-0.005528174924879448,-0.007742999723449065,-0.005746556862540699,-0.007385623768542509,-0.0065762586788236325,0.00020663079432865154
rx_product,product,k=0,primary,ratio_obs,10,2,20,10,1.9800851913729876,0.0017601677510194805,1.9797809233990384,1.9787166182835678,1.981005989987693,1.9778930385964326,1.9832839437686443,1.9780013475527143,1.9830228530710292,1.9790991843820167,1.9811773901485839,0.0005314861526502133
rx_product,product,k=0,primary,ratio_pred,10,2,20,10,2.000075519345402,0.00042798938045405827,1.999993229293046,1.9998261981451597,2.00027027006349,1.9994830724813655,2.000908082017363,1.999521203968926,2.000825359440657,1.9998401871924594,2.00033448186477,0.00012813390174569732
rx_product,product,k=0,primary,ratio_diff,10,2,20,10,-0.0199903279724144,0.001664473294264559,-0.020414653850325926,-0.02108191906506407,-0.01907208489174478,-0.021926158526545336,-0.016778557018494844,-0.02192185310381555,-0.017078859437478864,-0.020912176707604164,-0.018959001183664177,0.0005033236673003835
rx_product,product,k=0,secondary_n_ge_8,b_S,10,8,20,10,0.6020351500191442,0.0016793223686559432,0.6021838839814156,0.6004342610396188,0.6033111168979192,0.5998737508075938,0.6047429103332255,0.5999256302246081,0.604432028317408,0.601051578944664,0.6030307271220315,0.0005044683299107427
rx_product,product,k=0,secondary_n_ge_8,b_r,10,8,20,10,-0.0001226952640693087,0.00017167413684798775,-0.00012146652613399868,-0.00020984503420491847,-8.359104443347294e-06,-0.0004668606908407538,0.00015518809296520688,-0.00041453784312655,0.00012331653035896011,-0.00022669941182544516,-2.4407163655510407e-05,5.0979499761410275e-05
rx_product,product,k=0,secondary_n_ge_8,b_LE,10,8,20,10,0.6015489330992415,0.001681853828582793,0.6013476603441131,0.600399445540043,0.602645835983043,0.5993128949743173,0.6048718808719117,0.599406431413737,0.6044134961389795,0.6006145249499378,0.6025877207533186,0.0005068116971096202
rx_product,product,k=0,secondary_n_ge_8,b_SWAP,10,8,20,10,1.2029487353049857,0.0029738885321707216,1.2023604029484278,1.2011923564500526,1.2047678482181554,1.1987678014844416,1.208664218345523,1.1989911836103389,1.2079412001543994,1.201296524424218,1.2047717279623231,0.0008953299498842759
rx_product,product,k=0,secondary_n_ge_8,gap_obs,10,8,20,10,0.6013998022057441,0.0016623024679352962,0.6016478126738242,0.6004247394009214,0.6023366997430672,0.5980418958181122,0.6037923374736113,0.5985699308728218,0.603658670717253,0.6004094447479034,0.6023511198451632,0.0004980741226587749
rx_product,product,k=0,secondary_n_ge_8,eps_LE,10,8,20,10,-0.00024082639176413733,0.0006990583172792185,-0.00020363799829103968,-0.0007738888007374212,0.0004179360423477163,-0.0014974077072514858,0.0005763738345903047,-0.0013448883869816518,0.0005620619697235818,-0.0006632722777807477,0.00015222201204951244,0.00020870637138152483
rx_product,product,k=0,secondary_n_ge_8,eps_SWAP,10,8,20,10,-0.0008761742051641263,0.0011124025924917262,-0.0010603454925247613,-0.0016262707236346374,-0.0004618182527229564,-0.0022168495010888023,0.0016675808501025458,-0.0021126983781515063,0.0012511252042825445,-0.0014636921454025129,-0.00017293810353357535,0.0003330425633248804
rx_product,product,k=0,secondary_n_ge_8,eps_gap,10,8,20,10,-0.0006353478134000223,0.0010288849497617175,-0.0008551399127620929,-0.0012536873324149045,-0.0001863490917091981,-0.0021543104849134354,0.0014753967116448718,-0.001983984349691142,0.001220695193477151,-0.0011969891742463433,-8.361112974819141e-06,0.00030789885583152704
rx_product,product,k=0,secondary_n_ge_8,ratio_obs,10,8,20,10,1.9997550787664238,0.002545833015105931,1.99873114251179,1.998293122341515,2.001812729493643,1.9955320557630354,2.003622547283681,1.9960931836299407,2.0034154497784953,1.9982998231649651,2.001257398637151,0.00075952019387687
rx_product,product,k=0,secondary_n_ge_8,ratio_pred,10,8,20,10,2.0004077773414766,0.0005701898383456552,2.0004048998302943,2.000027619542203,2.0006972835893118,1.9994858377415783,2.001551578512966,1.9995913739449267,2.001377366219693,2.000081225708988,2.0007534268256166,0.00016931722678841484
rx_product,product,k=0,secondary_n_ge_8,ratio_diff,10,8,20,10,-0.0006526985750526793,0.0022682418007421395,-0.001262071249256258,-0.002140060477253014,0.0016522384294706538,-0.004439731230820199,0.0021394751162864267,-0.0039779513536289,0.002124061188532855,-0.0019758308517443426,0.0006854806297553652,0.000677735657171582
hea_ring,d2,EARLY,primary,b_S,10,4,16,10,0.37640405013958567,0.0011740864414971884,0.37666291326997603,0.3755902261105192,0.3771891765278341,0.3740950627840716,0.37800235074091165,0.37442885936830955,0.3778933029268335,0.37566747634642966,0.3770594011053305,0.00035335211220091737
hea_ring,d2,EARLY,primary,b_r,10,4,16,10,-0.0006943204236203069,0.0005658044497959185,-0.0006455947428818673,-0.0010316252709429978,-0.000310156370791712,-0.0015795054985945068,9.753647378873323e-05,-0.0015516894512234737,6.514608639636199e-05,-0.001031047623262166,-0.000366237714643233,0.0001704661889311355
hea_ring,d2,EARLY,primary,b_LE,10,4,16,10,0.3822178095182808,0.003289434056323332,0.38266898694945495,0.3798060369671186,0.38482365325892093,0.3767037519367715,0.38654522795713103,0.3770075750981957,0.3861797619796906,0.38019631264744236,0.3840911755423302,0.000991849889845636
hea_ring,d2,EARLY,primary,b_SWAP,10,4,16,10,0.7542864375591166,0.003569694390152398,0.7561200460264845,0.7518823611976986,0.7562204801179078,0.7480071767548294,0.7580826181586615,0.7482649497986146,0.757863135624557,0.7520194694587369,0.7562272312231204,0.0010775458285980106
hea_ring,d2,EARLY,primary,gap_obs,10,4,16,10,0.3720686280408358,0.0014360983737898051,0.37231764414784085,0.3714158986168705,0.3728919475320833,0.36967231686385343,0.37409342057455325,0.36973549299212527,0.3739702154482635,0.3712155916152,0.3728764980706534,0.0004321351369998902
hea_ring,d2,EARLY,primary,eps_LE,10,4,16,10,0.007202400225935779,0.0017351173562156087,0.007106566459166325,0.0066200683424224305,0.008417528648793304,0.003288890153637758,0.009576792588463057,0.004026751786547774,0.009406528662721106,0.006110847358533611,0.008169215012424824,0.0005216722361106577
hea_ring,d2,EARLY,primary,eps_SWAP,10,4,16,10,0.0028669781271858817,0.0015031312731044165,0.0027707319742014125,0.0025420127060724607,0.003482163326273907,0.0001593697856115961,0.0057748600778319,0.0004040322939150883,0.0053568546786055445,0.0019672399040101905,0.003758721874334841,0.00045209745533327845
hea_ring,d2,EARLY,primary,eps_gap,10,4,16,10,-0.00433542209874988,0.0016729393794227647,-0.003970723711792246,-0.004916977260700797,-0.00306628305584003,-0.008330033877058218,-0.002833316916767137,-0.007682452045210699,-0.0028741519181043978,-0.005424599003450713,-0.003478673364345884,0.0005041021308472633
hea_ring,d2,EARLY,primary,ratio_obs,10,4,16,10,1.9735120503547463,0.009230600113980117,1.9743266949428953,1.9680414229030472,1.9788734902676526,1.9563494518288327,1.9887055302091883,1.9581998344644467,1.9869625864344127,1.9679672225314075,1.9788043475973398,0.0027782984218715796
hea_ring,d2,EARLY,primary,ratio_pred,10,4,16,10,2.003715630653745,0.0030416926474380827,2.003432896233331,2.0016496406820514,2.0055180087151583,1.9994831289304738,2.0084815818591655,1.9996550572930112,2.008338244382806,2.001953383071244,2.005527347801442,0.000916408379866275
hea_ring,d2,EARLY,primary,ratio_diff,10,4,16,10,-0.030203580298998167,0.007783570358188333,-0.03009099895654377,-0.03222677028101223,-0.02574241520997833,-0.04639325890033619,-0.01708894022242835,-0.044246125270084494,-0.01888621619073019,-0.03506465296597086,-0.025784353831912396,0.0023428708428311173
hea_ring,d2,EARLY,secondary_n_ge_8,b_S,10,8,16,10,0.37854411331156784,0.002196731250656087,0.37815944700301507,0.37719142037227676,0.38030047443497883,0.37520563275007823,0.3821992529230081,0.3755369364991864,0.38194198757617226,0.3772969620750284,0.3798779797128272,0.0006627501558685075
hea_ring,d2,EARLY,secondary_n_ge_8,b_r,10,8,16,10,0.00010612904666584396,0.0009547295572288491,-0.00015526836482447962,-0.0006063954551803064,0.0004200381353375173,-0.0008330522786230786,0.0020372531354218436,-0.0008194100503495363,0.001881409389227586,-0.00040262227863133,0.0006968410388159066,0.00028663832424205224
hea_ring,d2,EARLY,secondary_n_ge_8,b_LE,10,8,16,10,0.3812735143126052,0.004520054724160314,0.3829299238079603,0.37759640051235077,0.3844994436123601,0.3742565970101249,0.38663058980324605,0.3744808649689643,0.3864575283395149,0.37853350127758195,0.3838588112978412,0.0013695297576368514
hea_ring,d2,EARLY,secondary_n_ge_8,b_SWAP,10,8,16,10,0.7561241028731455,0.005293403976021648,0.7564623646884236,0.7526678249082188,0.7604019251307321,0.7473435885995533,0.7630323492480635,0.7480391265483756,0.762976408330844,0.7529683725190995,0.7592101038316911,0.00161022123365232
hea_ring,d2,EARLY,secondary_n_ge_8,gap_obs,10,8,16,10,0.3748505885605402,0.0031516605760266558,0.37584416277753907,0.37333065862718334,0.3769293038617847,0.36793120108495847,0.37871747224335073,0.368892517897494,0.37841127652258044,0.3728520376614165,0.37651032755186487,0.0009498697074358393
hea_ring,d2,EARLY,secondary_n_ge_8,eps_LE,10,8,16,10,0.0025171429077055995,0.0031312402487263034,0.0029706923700025256,-0.0003930861408207448,0.004802188743965444,-0.0019511452597901213,0.006951952573686915,-0.0017264004537525578,0.006794978077771317,0.0006368694647733605,0.004318686755343385,0.000945380373261673
hea_ring,d2,EARLY,secondary_n_ge_8,eps_SWAP,10,8,16,10,-0.001176381843322083,0.002978177347561119,-0.0014170332179475054,-0.003915882053432768,0.0015013770375416624,-0.00483125631788206,0.002998806569458612,-0.004740384879270973,0.0028815303591854164,-0.002900110781188767,0.0005666491749264422,0.0008885505098579576
hea_ring,d2,EARLY,secondary_n_ge_8,eps_gap,10,8,16,10,-0.0036935247510277045,0.002918930920996779,-0.003896897006494149,-0.0047956320779491135,-0.0021505785220317375,-0.010014019847292555,1.1314393310313253e-05,-0.008962265517623547,-4.071707219407947e-06,-0.0055224415692925076,-0.0020933798899809442,0.0008766426499330214
hea_ring,d2,EARLY,secondary_n_ge_8,ratio_obs,10,8,16,10,1.9832863764095952,0.014890716196036468,1.9805951187840016,1.972985072607715,1.9967012684552867,1.9619024144120416,2.004997444736152,1.963244359548648,2.003358355506434,1.9745205066677591,1.992117428415896,0.004481669349880792
hea_ring,d2,EARLY,secondary_n_ge_8,ratio_pred,10,8,16,10,1.999471061364778,0.004994354134011745,2.0008229801138007,1.9977767972755025,2.003217945937835,1.9894154717287604,2.0044341060531035,1.9902202240063696,2.0043495677212113,1.996380067555678,2.002139755181532,0.00149941335795888
hea_ring,d2,EARLY,secondary_n_ge_8,ratio_diff,10,8,16,10,-0.016184684955182972,0.01374125543951871,-0.017399998073748923,-0.025736119186319295,-0.004400774239050609,-0.039752190907477614,0.0022431988605977615,-0.037483267143305285,0.0015606201129048213,-0.024286779181421973,-0.008239988579208095,0.004150856456435613
hea_ring,d2,LATE,primary,b_S,10,4,16,10,0.3762279441426887,0.0010402434964283335,0.37636740180035105,0.37559774626810566,0.37689168681864926,0.3743262606829039,0.37790777852715357,0.3745091958211613,0.3777026615411033,0.37559848343067226,0.3768301822933351,0.0003145382708989681
hea_ring,d2,LATE,primary,b_r,10,4,16,10,-0.0004302741573081653,0.0002666154054322094,-0.00044130051681579116,-0.0006258531341296746,-0.00020833612891882136,-0.0008724506955115846,-8.302818305159152e-05,-0.000837835036777474,-9.297056615618212e-05,-0.000590487951182361,-0.00027920963462404926,8.012837727024574e-05
hea_ring,d2,LATE,primary,b_LE,10,4,16,10,0.3831287115698935,0.001655161843386549,0.38298644232270385,0.38160073079220175,0.38487070747871766,0.38086171933266316,0.3849417019271363,0.3809548224298877,0.3849410427223851,0.38214793749228204,0.3840907008550799,0.0004929757870101687
hea_ring,d2,LATE,primary,b_SWAP,10,4,16,10,0.7545366583797168,0.0025861842863057825,0.7556091799861515,0.7523246538507571,0.7561589555019108,0.7501544322323433,0.7578062749006019,0.750585790823836,0.7576902112327831,0.7529491523016231,0.755980796283533,0.0007743658992513716
hea_ring,d2,LATE,primary,gap_obs,10,4,16,10,0.3714079468098233,0.001604675443179164,0.3711157161464211,0.37060159087434597,0.3727976013167152,0.3687895123800963,0.3734866768545176,0.3689378750806348,0.37343184371563826,0.37044828007144737,0.37233166081169544,0.0004839942212829568
hea_ring,d2,LATE,primary,eps_LE,10,4,16,10,0.007761315741821146,0.00128226285176094,0.007556478756731266,0.006647392713504396,0.00844542165646811,0.006229100028542267,0.010044820657775455,0.006258527169315084,0.009873014810188662,0.0070263578124307394,0.008520490682931472,0.0003818932326940961
hea_ring,d2,LATE,primary,eps_SWAP,10,4,16,10,0.002941318408955762,0.001986047538050808,0.003010566805724757,0.001700977565275319,0.004449526347234584,-0.0007165140020843896,0.005399341126878676,-0.00032385722784265234,0.00536311653288736,0.0017566558980986586,0.004077065436437697,0.0005938836684524575
hea_ring,d2,LATE,primary,eps_gap,10,4,16,10,-0.004819997332865378,0.0013886949958676052,-0.004978285855793241,-0.005861143684025599,-0.00356053593439469,-0.007141451579519398,-0.0031163984877009554,-0.006900659062152567,-0.0031214836893481883,-0.005642710310265679,-0.004005646740995009,0.00041892451077503136
hea_ring,d2,LATE,primary,ratio_obs,10,4,16,10,1.96941982750335,0.005099874514815587,1.968590062337121,1.965298679241301,1.9741426001784061,1.9624973928088054,1.9769257170074466,1.9627442426311976,1.9764154455620417,1.966485121978303,1.972441236109928,0.001530980097268613
hea_ring,d2,LATE,primary,ratio_pred,10,4,16,10,2.0022938992398194,0.0014235476516505528,2.002355858008782,2.001105934405101,2.003333303041166,2.000442438700226,2.004657578017229,2.0004955967374944,2.004472141021271,2.001486353190522,2.0031492109329183,0.00042782153834519107
hea_ring,d2,LATE,primary,ratio_diff,10,4,16,10,-0.032874071736469904,0.0045859396475679565,-0.032614296737293214,-0.035693909993270045,-0.030308936732202973,-0.03996888731180448,-0.025269449561309054,-0.03956668102948652,-0.02585203215472588,-0.03555113800807056,-0.03015683207953014,0.0013809103794003446
hea_ring,d2,LATE,secondary_n_ge_8,b_S,10,8,16,10,0.3778199242429462,0.00279829003578379,0.3774196348563427,0.376471776089987,0.3789675457933594,0.3734696656152762,0.38325791493699507,0.3738730580004309,0.38270474085682393,0.376219072188219,0.3795212666055583,0.000849038812171231
hea_ring,d2,LATE,secondary_n_ge_8,b_r,10,8,16,10,-0.00010612374721006743,0.0008667277615629157,7.3314329864851e-05,-0.0006777356524694327,0.00032915065848611747,-0.0017774123948473613,0.0012631007002645688,-0.0015507025044888994,0.001144295060622609,-0.0006317228869729092,0.0003844980198450625,0.0002610825202372003
hea_ring,d2,LATE,secondary_n_ge_8,b_LE,10,8,16,10,0.3817610114037472,0.0031032410688913636,0.38129684796882035,0.38020004559313497,0.38346848718129445,0.37656187752727915,0.3864238537754583,0.37716408062484474,0.38641159891821475,0.3799668356736722,0.3835699443148912,0.0009331720736467436
hea_ring,d2,LATE,secondary_n_ge_8,b_SWAP,10,8,16,10,0.7563336891406316,0.004085540081591287,0.7576553280056846,0.7530200671464908,0.75916405577686,0.7496630387983385,0.762561012885255,0.750201202321175,0.7619207241429141,0.7539162660639451,0.7586908100918118,0.0012389232165723944
hea_ring,d2,LATE,secondary_n_ge_8,gap_obs,10,8,16,10,0.37457267773688435,0.0027779356626568196,0.37357086665456296,0.3725664159978397,0.375943709718369,0.37178996873342796,0.37935295299718286,0.3717926902005171,0.3792375285774403,0.37305075810152377,0.37631835904758415,0.0008399644328369156
hea_ring,d2,LATE,secondary_n_ge_8,eps_LE,10,8,16,10,0.004153334655221191,0.002324681692042786,0.004677861427470703,0.002898497575873668,0.005020069056285964,-0.0002635681017786329,0.00871929270580557,0.0003873779173084838,0.007920890458545389,0.0027992103604907604,0.0055298018918824255,0.0006931436344206147
hea_ring,d2,LATE,secondary_n_ge_8,eps_SWAP,10,8,16,10,0.0009060881491593676,0.0029123083681884864,0.0014223892806172755,-0.0003236280495602928,0.0030422192047020735,-0.004061280277980361,0.004378402584888308,-0.00394985926557527,0.004270035361379973,-0.0008940468729408042,0.002578023134032651,0.0008769148638200378
hea_ring,d2,LATE,secondary_n_ge_8,eps_gap,10,8,16,10,-0.003247246506061807,0.0029736331238206233,-0.0033875298018018196,-0.005125265568967224,-0.00117476537121107,-0.007387656659032293,0.001051932228981256,-0.0073276039718696544,0.0009909601828513124,-0.0049769709417203075,-0.0014404112083305281,0.0009020049284170452
hea_ring,d2,LATE,secondary_n_ge_8,ratio_obs,10,8,16,10,1.9812307720388342,0.010973771908097122,1.9810392345159722,1.9740190804127504,1.9888739254897483,1.9622969001616883,1.9979244129645068,1.9647905442445828,1.9971890340906056,1.974850155826243,1.9877663360918452,0.003289670478344744
hea_ring,d2,LATE,secondary_n_ge_8,ratio_pred,10,8,16,10,2.000566255744734,0.004591462685757677,1.9996142246019473,1.998242766970154,2.0036089185052033,1.9933399462941594,2.0094231312191675,1.9939604245346654,2.0082202197169314,1.9979683515059592,2.003353374190149,0.0013831146047830816
hea_ring,d2,LATE,secondary_n_ge_8,ratio_diff,10,8,16,10,-0.01933548370589979,0.011598527383876117,-0.02067088030196651,-0.025924631675566134,-0.00979413731425377,-0.04177995771420728,-0.004736323600577741,-0.03836417537931637,-0.0047619220797668615,-0.02630002419428835,-0.01264806087513737,0.0034973385255724337
hea_ring,d4,EARLY,primary,b_S,10,4,16,10,0.318627304952021,0.0011261898497427264,0.31858632128402,0.3183256753993997,0.3190458862269462,0.3162297218646833,0.32078235626802243,0.3166785412807593,0.3204419123742802,0.31793752194542235,0.31928479430764783,0.00033621779777207554
hea_ring,d4,EARLY,primary,b_r,10,4,16,10,0.00018186024932898335,0.0006965271453910917,7.401419091190189e-05,-0.00012177010350276163,0.0007612026752850589,-0.001027167460244081,0.0012585861327396029,-0.0009160069218115607,0.001168532934324735,-0.00023656998502443586,0.0005856879006862345,0.0002117747210101662
hea_ring,d4,EARLY,primary,b_LE,10,4,16,10,0.3231757937047924,0.0015232834149220865,0.32333950535767264,0.32208345552720274,0.32369343871110706,0.3208673144411406,0.3264021808469025,0.32111083081201963,0.32591675020574623,0.3223141742790157,0.3241125366225705,0.0004565699544065882
hea_ring,d4,EARLY,primary,b_SWAP,10,4,16,10,0.6401869498097071,0.0028043499272239016,0.6404554905541777,0.6392765871572297,0.6416188187230162,0.6341105276673944,0.6448240006978212,0.635087378473193,0.6442435140770967,0.6384472440834293,0.6417875511026837,0.000847162050921821
hea_ring,d4,EARLY,primary,gap_obs,10,4,16,10,0.3170111561049147,0.0017724941940285381,0.3172273586976749,0.31602354957244183,0.3185134389047539,0.3132432132262538,0.31888442184284993,0.31382487499586187,0.3188378827642467,0.31590519068959855,0.3179829727768606,0.0005385792349380784
hea_ring,d4,EARLY,primary,eps_LE,10,4,16,10,0.004184768254113358,0.000948704718765403,0.004225764627703077,0.003728971761048791,0.004790275033294572,0.0025360720878262466,0.005417268873371461,0.0026480607108130246,0.005395225320871498,0.0036008350310069177,0.004731077058159999,0.00028791718181428704
hea_ring,d4,EARLY,primary,eps_SWAP,10,4,16,10,0.002568619407007,0.0010787306896197098,0.002376011668644429,0.0016938936529797,0.003087801020502795,0.0013129690955008266,0.004314461007495107,0.001365812868390176,0.0042802756280986756,0.0019587380571186876,0.003219176535565044,0.00032444885685420057
hea_ring,d4,EARLY,primary,eps_gap,10,4,16,10,-0.0016161488471063469,0.0014579540222381057,-0.002197141718753265,-0.0026989281015041278,-0.00033235705818943084,-0.0032301934344592387,0.0005780278777374193,-0.0031753643553525416,0.0005499206056547566,-0.0024514216289939807,-0.0007336007805380623,0.0004427497828502486
hea_ring,d4,EARLY,primary,ratio_obs,10,4,16,10,1.9809340140701228,0.005377181335765871,1.9797455435192983,1.976299628877288,1.9855509549827537,1.9746930877126656,1.98983683212044,1.974886011767232,1.989009601198206,1.977805905911819,1.9842011007025477,0.001625238385651058
hea_ring,d4,EARLY,primary,ratio_pred,10,4,16,10,1.9988807986689565,0.004361766061718615,1.9995380599818753,1.995273722493188,2.0007664465461907,1.992154029409205,2.0064897760040283,1.992713394767056,2.0057847071685444,1.9963524421065748,2.001506101386349,0.001326151888877612
hea_ring,d4,EARLY,primary,ratio_diff,10,4,16,10,-0.01794678459883412,0.006875755162589195,-0.0199871972884198,-0.023779279104214623,-0.012350566798479956,-0.024360109811869313,-0.005993779165361035,-0.02434716661285924,-0.0067624276385703,-0.021774963828687842,-0.013734507133543258,0.0020929016298672034
hea_ring,d4,EARLY,secondary_n_ge_8,b_S,10,8,16,10,0.31992783295141847,0.0018335511210272205,0.3198447805224015,0.3195152007803564,0.3205838010303369,0.31575003227795845,0.3227541861658473,0.31656399037780386,0.3225372430253088,0.3187853420489227,0.3209340121125518,0.0005471296579835789
hea_ring,d4,EARLY,secondary_n_ge_8,b_r,10,8,16,10,0.00028336208490642196,0.001371224518647164,0.00038078973780042777,-0.0006820045921021193,0.0006749006676997941,-0.0019428408937155162,0.002845267081920498,-0.0016965654003657353,0.0026084015530836767,-0.0005052183941241147,0.0011065987256972318,0.0004140584428072525
hea_ring,d4,EARLY,secondary_n_ge_8,b_LE,10,8,16,10,0.32421766676356556,0.003218333628424941,0.3246934765846305,0.32221626562516154,0.3266190556701089,0.3185871559918808,0.32834367058996744,0.3190234337868748,0.32808683429158525,0.3222631225867952,0.32600601198909207,0.000968549358875352
hea_ring,d4,EARLY,secondary_n_ge_8,b_SWAP,10,8,16,10,0.644381421513626,0.005459774597939253,0.6464689188086382,0.6412184855611925,0.6478365977931735,0.6322150918633496,0.649873043262852,0.6340468200158867,0.6497704902067876,0.6409042597024651,0.6472892433087635,0.0016509952184211882
hea_ring,d4,EARLY,secondary_n_ge_8,gap_obs,10,8,16,10,0.3201637547500605,0.002711721082234658,0.3204828078562957,0.31946933461982646,0.32178133745993687,0.31362793587146875,0.32295663055815166,0.3147837211714994,0.32292717727283676,0.31840606909503577,0.3215766398222146,0.0008211042996460938
hea_ring,d4,EARLY,secondary_n_ge_8,eps_LE,10,8,16,10,0.0037231096423341603,0.001231084464403072,0.004242268448405251,0.003023782736727529,0.0045837422742247835,0.0012919537828135486,0.004940164050562079,0.0015060765327444092,0.0049229656150765865,0.0029714929507505122,0.004406675229049712,0.00037011873659024443
hea_ring,d4,EARLY,secondary_n_ge_8,eps_SWAP,10,8,16,10,0.003959031440976124,0.0017920534399395872,0.0039502214427930005,0.0029306866996076097,0.005050433002102228,0.0012442360791979912,0.006985771153326659,0.001363892143352999,0.006745961422830488,0.002916685159321545,0.005011773189468988,0.0005397064575188321
hea_ring,d4,EARLY,secondary_n_ge_8,eps_gap,10,8,16,10,0.00023592179864195817,0.0018815229362213893,1.3101709139956563e-05,-0.0010693262211386445,0.0019196400049153045,-0.0024024154245660956,0.003010350641825088,-0.002339343645498905,0.0028104817810219664,-0.000883131169313733,0.0013430906398228034,0.0005665424585702064
hea_ring,d4,EARLY,secondary_n_ge_8,ratio_obs,10,8,16,10,1.9875319230293615,0.007230852947707862,1.987899985504821,1.9834964871457053,1.9900296382367866,1.9761169163905659,1.9986554327207076,1.9768210606767642,1.9984692265827118,1.983352796021165,1.991769333421399,0.0021559443457088586
hea_ring,d4,EARLY,secondary_n_ge_8,ratio_pred,10,8,16,10,1.9983080798328743,0.008527171309367827,1.9976391573607926,1.9958023622550747,2.004288086078028,1.982508762366548,2.012312592236997,1.9839573344103878,2.010743902653783,1.9932113608702156,2.003231369145891,0.002574978028384443
hea_ring,d4,EARLY,secondary_n_ge_8,ratio_diff,10,8,16,10,-0.01077615680351247,0.008136108304120903,-0.01480535458679677,-0.01676327546306311,-0.0024445174633640487,-0.020063781212119824,0.0006753172238016525,-0.019532609156733455,0.0005968515896650429,-0.015355176752406528,-0.005817692991939158,0.002449370200251152
hea_ring,d4,MIDDLE,primary,b_S,10,4,16,10,0.31886689942511043,0.0009634590120299278,0.3192026778791047,0.31850510045825564,0.3193661510315362,0.3170685915425897,0.32030628246246556,0.3171720788956308,0.3201110116228402,0.3182793715555913,0.31940582991269706,0.00028582509734587704
hea_ring,d4,MIDDLE,primary,b_r,10,4,16,10,8.630795666957398e-05,0.0007818988204473212,0.0002524068062846155,-0.0006004659179200519,0.0006064769675625773,-0.0011266494147531853,0.0013631537189560286,-0.001047788304712717,0.0012133475088018943,-0.0003797416231903754,0.0005469781268716492,0.00023591656846657337
hea_ring,d4,MIDDLE,primary,b_LE,10,4,16,10,0.32301373807165923,0.0018121375161038987,0.32314157444681324,0.32259692355158626,0.32344203443932834,0.3198084597934455,0.3267730003325694,0.3201144360424191,0.32616517424708824,0.32196582783917965,0.3241086528498941,0.0005438220836994981
hea_ring,d4,MIDDLE,primary,b_SWAP,10,4,16,10,0.6398273798834958,0.0021658385611912044,0.6400535990535505,0.6390663748538143,0.6402603685667106,0.6351562515900527,0.6435739451441946,0.6359588932085585,0.64316863636766,0.6384959587273961,0.6410492345675514,0.0006444339375035559
hea_ring,d4,MIDDLE,primary,gap_obs,10,4,16,10,0.3168136418118366,0.001191276363309508,0.3169465803644136,0.3166056258528547,0.3170847691346024,0.31465199660853604,0.3190253101071785,0.31480855052585205,0.31872920045364644,0.3161188293061822,0.31749841743289137,0.0003550968669564672
hea_ring,d4,MIDDLE,primary,eps_LE,10,4,16,10,0.003974222733209631,0.0008797003450651568,0.003948964282094486,0.0032701096366287152,0.004325018610581266,0.0028462929490877253,0.005628571399310278,0.0029203985595917777,0.005485605427546956,0.003476457180647844,0.004496531812340473,0.00026285083584621675
hea_ring,d4,MIDDLE,primary,eps_SWAP,10,4,16,10,0.0019209651199357358,0.001253167246317621,0.0019132717371153074,0.0009829005174213368,0.0029860021394882974,0.00014432652819817982,0.003600238946343981,0.00016474443515767382,0.0035264678336520278,0.0011727913267401847,0.0026425991221201563,0.00037845342433699653
hea_ring,d4,MIDDLE,primary,eps_gap,10,4,16,10,-0.0020532576132739123,0.0012604951919349945,-0.0019573506750616143,-0.002787354728316191,-0.001394192751744558,-0.004156559624262368,-0.00010454132149162465,-0.0040100346802424075,-0.00020640734092797468,-0.002802055191911338,-0.0013363621014411133,0.00037770778061462987
hea_ring,d4,MIDDLE,primary,ratio_obs,10,4,16,10,1.9808332220162366,0.006614169045427253,1.9810429937636176,1.9789738898590672,1.985306339812483,1.9694832329758114,1.9892296766317652,1.96980959254794,1.989058277669343,1.9767546093771335,1.9846098215478751,0.001993686462228495
hea_ring,d4,MIDDLE,primary,ratio_pred,10,4,16,10,1.999484633222591,0.0049019973416622,1.9984213810680262,1.996206133225835,2.003777216520304,1.9915602712446043,2.007157526593093,1.9924752531938164,2.006645810029735,1.9966027030245297,2.002411026024311,0.0014791017311173906
hea_ring,d4,MIDDLE,primary,ratio_diff,10,4,16,10,-0.018651411206354652,0.005475281801901963,-0.01893333036465339,-0.021834144402540667,-0.014753917858467525,-0.026440685001685837,-0.010149745805236199,-0.026354476056055724,-0.010762986136212387,-0.021824046277378002,-0.015470085307560435,0.0016315862459432154
hea_ring,d4,MIDDLE,secondary_n_ge_8,b_S,10,8,16,10,0.32013181010322034,0.0018988187413343086,0.3205042920327312,0.32032518313206393,0.32092953206214747,0.31502263605969916,0.3219984301106802,0.3160566587345995,0.32180034246874833,0.31887406331005136,0.3209878494644339,0.0005650267992424747
hea_ring,d4,MIDDLE,secondary_n_ge_8,b_r,10,8,16,10,0.0006469064540215324,0.0010259148104015225,0.000723225792095932,0.00023384395404596996,0.0014115640658673091,-0.0011597648746775801,0.0019289998931210273,-0.0010758332755353183,0.001871081884708166,1.8405237497205137e-05,0.001213974584737119,0.00031003132907332686
hea_ring,d4,MIDDLE,secondary_n_ge_8,b_LE,10,8,16,10,0.32495199535701264,0.002990613661816473,0.3258535204490748,0.32270530814962806,0.326768469792733,0.32042911775404803,0.32976859906673306,0.3206158706274421,0.3291884982553743,0.3231567966889014,0.32672065142782075,0.0009037563913838003
hea_ring,d4,MIDDLE,secondary_n_ge_8,b_SWAP,10,8,16,10,0.6437611419719457,0.004538039630225676,0.643485719446946,0.6423562929910827,0.6464845900304741,0.6341475019724604,0.6507366942821545,0.6355284712131709,0.650073211520144,0.6409856635157521,0.6463112969679236,0.0013615877610376119
hea_ring,d4,MIDDLE,secondary_n_ge_8,gap_obs,10,8,16,10,0.3188091466149331,0.0027590329164880164,0.3198343206984511,0.3172029197276036,0.3208408046445331,0.31371838421841236,0.32219765024693353,0.3140787547901321,0.3219344778808902,0.31715957541422074,0.32033564497760036,0.0008221301434337782
hea_ring,d4,MIDDLE,secondary_n_ge_8,eps_LE,10,8,16,10,0.003526372345749218,0.0023167776156727523,0.003319606301871947,0.0028834932613402003,0.0053461077851959665,-9.985284262886696e-05,0.0069799527846616805,-7.593920999363205e-05,0.006641253655653866,0.0021049287069029045,0.004837065674565081,0.0006965508283071619
hea_ring,d4,MIDDLE,secondary_n_ge_8,eps_SWAP,10,8,16,10,0.002203708857461917,0.003055243625581898,0.0027241182879240156,-0.0003982016534630761,0.004948740276953162,-0.0021108164743207647,0.005675700943374884,-0.0019491249392856235,0.0056450314823441265,0.0004083519614751855,0.003953863244222026,0.0009126801301049814
hea_ring,d4,MIDDLE,secondary_n_ge_8,eps_gap,10,8,16,10,-0.0013226634882873012,0.0023615208291315978,-0.0005803518145620912,-0.0033846146806106037,8.348820676351565e-05,-0.005109471521366649,0.0017280012731456518,-0.0049288402997724615,0.0015283451080255338,-0.0027188631105809157,-5.867352811206317e-06,0.0007016705371244451
hea_ring,d4,MIDDLE,secondary_n_ge_8,ratio_obs,10,8,16,10,1.9811537519717006,0.010806901446031683,1.9807577207179319,1.9741535647747444,1.9851936801234726,1.9649562292243485,2.002921379139364,1.9663388557873418,2.000222537063118,1.9750040180726445,1.9878618474837257,0.0032483489415111905
hea_ring,d4,MIDDLE,secondary_n_ge_8,ratio_pred,10,8,16,10,1.9960206476725766,0.0063788722236558515,1.9955131848450502,1.9912583351162767,1.998544313562065,1.9881199921947066,2.007255811211605,1.988469715949473,2.0067527223074695,1.9925009969883962,1.9999352063119153,0.001927779214397071
hea_ring,d4,MIDDLE,secondary_n_ge_8,ratio_diff,10,8,16,10,-0.01486689570087576,0.010940821264458485,-0.018040135286090386,-0.023299854758794036,-0.00833247903371337,-0.025962818465814497,0.005358873300387312,-0.025682754734103353,0.004096398113130147,-0.020723762253571122,-0.008003190656935971,0.0032707481590817295
hea_ring,d4,LATE,primary,b_S,10,4,16,10,0.31873060750998883,0.0012373698109715457,0.31895332254387315,0.31819259564341046,0.31932133093205545,0.3159806733687448,0.3206814602419332,0.3164386429788914,0.3204244246654805,0.3179439283077466,0.31940882919117003,0.00036831085791864097
hea_ring,d4,LATE,primary,b_r,10,4,16,10,-0.0005207584261159812,0.0008823452971987315,-0.0005704876489106215,-0.0010695709446700296,0.00018131843076863943,-0.0017595035306874145,0.0008878746140429122,-0.0017584437395116983,0.0007497396420678294,-0.0010348346706845891,-4.2838986455486264e-06,0.0002635473712206981
hea_ring,d4,LATE,primary,b_LE,10,4,16,10,0.3220532704682692,0.0020966717469461083,0.32253939123381736,0.3206591407520503,0.3237419141435796,0.3183551713004423,0.3242956283933438,0.31856833509365806,0.32427692291641874,0.3207804150106572,0.3232156476918748,0.0006205211329433392
hea_ring,d4,LATE,primary,b_SWAP,10,4,16,10,0.639258111650875,0.0026646442538537777,0.6401267186987399,0.637770956257934,0.6408449869508205,0.634266123549813,0.642824258715739,0.6346079612370564,0.6424138061108868,0.6376157851744761,0.6407385911202723,0.0007933341059970602
hea_ring,d4,LATE,primary,gap_obs,10,4,16,10,0.3172048411826057,0.0011218227809381071,0.3169897601350443,0.3165464663077885,0.31817493208890135,0.3157609591550882,0.3189491640882125,0.31579470760130174,0.3188672621709355,0.3165728782081677,0.3178776856617579,0.0003393766519659413
hea_ring,d4,LATE,primary,eps_LE,10,4,16,10,0.0043641798105123475,0.0007215596097750323,0.004132249154391782,0.00402810367251559,0.004704713365313987,0.003288233218004366,0.005846757978017814,0.003396081818168344,0.005661529951339787,0.003959792644630428,0.004804614889164388,0.00021730474993092073
hea_ring,d4,LATE,primary,eps_SWAP,10,4,16,10,0.002838413483129287,0.0015970969734188656,0.002865461584928508,0.002347523121027706,0.0033113872261739397,0.00034740948061584564,0.00630551297312687,0.0005053861725161314,0.00571878637652914,0.0019440709487564534,0.0038236752314266516,0.000477426676753397
hea_ring,d4,LATE,primary,eps_gap,10,4,16,10,-0.0015257663273830768,0.0012172130600416424,-0.001659695575832787,-0.0021950675637140704,-0.0008220089368049521,-0.003778120747055025,0.0004587549951090564,-0.0034317522279797754,0.0003398478693503614,-0.002256614500979603,-0.0008270594716217753,0.00036354650606564096
hea_ring,d4,LATE,primary,ratio_obs,10,4,16,10,1.9849766210587927,0.006283773215093464,1.9854604941446852,1.981466357451956,1.9903811100461826,1.9739321156053955,1.992322351664378,1.9748008680214149,1.9920628695574838,1.9812056675463428,1.9885217495991656,0.0018659458379454068
hea_ring,d4,LATE,primary,ratio_pred,10,4,16,10,2.0033080295882284,0.005578219563453909,2.0036031524361664,1.9988669088376128,2.0067595634339597,1.994447171600915,2.011156287734175,1.9953114325506587,2.0111551998730595,2.000047112236598,2.0065613269013545,0.0016661079235698103
hea_ring,d4,LATE,primary,ratio_diff,10,4,16,10,-0.018331408529436,0.0037086070960248856,-0.017425226175177055,-0.021212253013186855,-0.016708487388867987,-0.024356215772157963,-0.012105865943584204,-0.0238704875236316,-0.0126828521627032,-0.020513400608441847,-0.016117678623523677,0.001113355729639604
hea_ring,d4,LATE,secondary_n_ge_8,b_S,10,8,16,10,0.31979748102171995,0.0020941943551598978,0.3201037883288523,0.3191699073799341,0.3204133618095924,0.31507161092224356,0.3233619682085607,0.31590776077931,0.32287304984633136,0.31848629888362856,0.3209518313421995,0.0006235042190900129
hea_ring,d4,LATE,secondary_n_ge_8,b_r,10,8,16,10,-0.00047061581852906144,0.001397281272925349,-0.0006969359762394182,-0.0010353128481164532,8.828355367951608e-05,-0.002574386392534143,0.0018302183001388046,-0.002466430466664018,0.0017647593072082927,-0.001264927845283059,0.0003679175799646223,0.0004186527110400163
hea_ring,d4,LATE,secondary_n_ge_8,b_LE,10,8,16,10,0.3224334953616515,0.002657894733143445,0.32278256613455897,0.3221139615089222,0.32400286797092465,0.3159058053573005,0.3253085968569648,0.3169897699310648,0.3251750852963596,0.3206866855806702,0.3237729472689332,0.0007885342775541191
hea_ring,d4,LATE,secondary_n_ge_8,b_SWAP,10,8,16,10,0.6427579731326565,0.0038517291102584633,0.6431773924849707,0.6414495816771998,0.6450423312131655,0.6342161977882614,0.6472081275537975,0.6353925716069326,0.6471431790903528,0.6403159972670769,0.6448357510754421,0.0011448904314469396
hea_ring,d4,LATE,secondary_n_ge_8,gap_obs,10,8,16,10,0.32032447777100503,0.0015831573222247815,0.3201725233101637,0.3189836229992674,0.32145652936503444,0.31831039243096093,0.3225834850499759,0.31833421507113874,0.32256310688112394,0.3194227979502207,0.3212613269055934,0.0004731663515980092
hea_ring,d4,LATE,secondary_n_ge_8,eps_LE,10,8,16,10,0.0035772459769897124,0.00226861720143889,0.0030831192926988604,0.002345768983276611,0.005329899653154155,6.582761327711406e-05,0.007361571928837463,0.00028524595920858425,0.006988949499818036,0.002241452830559251,0.004933563050725431,0.0006841699985213741
hea_ring,d4,LATE,secondary_n_ge_8,eps_SWAP,10,8,16,10,0.0041042427262748095,0.0031604076398443984,0.003328029918262143,0.0019488343076755898,0.005401509537113047,0.0005705682847179094,0.011157224469607985,0.0007713414382210656,0.010105777730682417,0.0024023872468618376,0.006085291510933809,0.0009479976009796474
hea_ring,d4,LATE,secondary_n_ge_8,eps_gap,10,8,16,10,0.0005269967492850858,0.0017746131934145803,0.00033690264900687605,-0.0007557803902510929,0.0009158616503493477,-0.0014456260398010845,0.003795652540770522,-0.001405046492849131,0.003670356558558563,-0.0004390145482282459,0.0016088042357747935,0.0005302053554065873
hea_ring,d4,LATE,secondary_n_ge_8,ratio_obs,10,8,16,10,1.9934975561104473,0.006457084976277413,1.9920147942059183,1.9891773873148688,1.993606676771703,1.9869066829036124,2.007611721699577,1.9872951435518496,2.0063346354977654,1.9901216451671402,1.9975840907522877,0.0019197831354988003
hea_ring,d4,LATE,secondary_n_ge_8,ratio_pred,10,8,16,10,2.003032614400242,0.008762854777889684,2.004385440658858,1.9994504044313148,2.006516952366861,1.9887075563008683,2.0163443788800923,1.989112218266801,2.0156629712411402,1.9977896900106773,2.008025573490047,0.002625853452956757
hea_ring,d4,LATE,secondary_n_ge_8,ratio_diff,10,8,16,10,-0.009535058289794862,0.008071376269402271,-0.011314208632427047,-0.01416548152510061,-0.0038978992887204744,-0.02258753213515008,0.0032453070388078764,-0.020855248989786218,0.002820227413700533,-0.014143821469427591,-0.004573117330734406,0.002433048805944109
hea_ring,dn,EARLY,primary,b_S,10,4,14,10,0.3034608679496774,0.0005414534991862017,0.30348738329850855,0.30309797523659665,0.3037912711344436,0.3026734702691372,0.3044787723679548,0.3027115111900561,0.3043398170624759,0.3031493463687622,0.30378634534895704,0.0001624566592921559
hea_ring,dn,EARLY,primary,b_r,10,4,14,10,0.000312908458218999,0.0008478032956584166,0.0005093606041331153,-6.894696801600493e-05,0.0009978818488347776,-0.0014592862922338018,0.0011855031586775592,-0.0012656643595179348,0.0011532368302360288,-0.0002249454871618365,0.0007743905491731242,0.0002562970183189387
hea_ring,dn,EARLY,primary,b_LE,10,4,14,10,0.3067798546942039,0.0015124943966405035,0.30695931011403693,0.30614674202938463,0.3078327466994259,0.3040650980245634,0.3087524900641537,0.3042294113945385,0.3086606156751329,0.30585265476088325,0.30763641415526616,0.0004554704474098909
hea_ring,dn,EARLY,primary,b_SWAP,10,4,14,10,0.6074279732847758,0.0020621710403730146,0.6066152615920828,0.6061698226533423,0.6082081945237425,0.6051530813685873,0.6114911858026646,0.6052544575532139,0.6112107106475173,0.6063050241486323,0.608706099714153,0.0006252893641295564
hea_ring,dn,EARLY,primary,gap_obs,10,4,14,10,0.30064811859057206,0.0017234733279799658,0.30026843631919853,0.2995853269704901,0.3018238952320346,0.29802741872947935,0.30377467573372113,0.2982460783764973,0.30343435615948233,0.2996446988079452,0.3016739744766005,0.0005200410679077172
hea_ring,dn,EARLY,primary,eps_LE,10,4,14,10,0.0026931698280885487,0.0007569972138867914,0.0028757796130260416,0.001959723207039729,0.003198636535629115,0.001579410242834145,0.0037534538118509375,0.0016248112662986009,0.003679372967753461,0.002233821595980012,0.0031400995464585936,0.0002293556322218043
hea_ring,dn,EARLY,primary,eps_SWAP,10,4,14,10,-0.00011957953101677798,0.0012774368468026428,-0.000577442255512095,-0.0008930594830211525,0.001113233132923136,-0.0019076471182422061,0.001695933001845451,-0.001751827493772745,0.0016715541400937229,-0.0008433689495563053,0.0006420004815023788,0.000382717770079526
hea_ring,dn,EARLY,primary,eps_gap,10,4,14,10,-0.0028127493591053043,0.001550178773945057,-0.002779679136196034,-0.003581498397411273,-0.0018198044933683127,-0.005331852734104359,-8.651749877214288e-05,-0.0051848475949539145,-0.00039695460003523426,-0.0037325987399041754,-0.0019120804918112278,0.00046671059924786244
hea_ring,dn,EARLY,primary,ratio_obs,10,4,14,10,1.980038931073184,0.00810111577918429,1.9786920063335895,1.9765189699859929,1.985248923465956,1.9684107788758736,1.9940705008775523,1.9688529878561218,1.9930415051084394,1.9753953240890405,1.9849000087958508,0.0024327759198336475
hea_ring,dn,EARLY,primary,ratio_pred,10,4,14,10,1.9979709944488526,0.005588458866622891,1.9966536920271225,1.9934738744126135,2.000455959991155,1.9922316478479698,2.0096991369907378,1.992449845368501,2.00840940507603,1.9949315709914908,2.001524212222075,0.0016893903552719046
hea_ring,dn,EARLY,primary,ratio_diff,10,4,14,10,-0.01793206337566864,0.006739758486003988,-0.01691516599159626,-0.021579834624652627,-0.014280180311970758,-0.028497130993463626,-0.006034420924222905,-0.02821811845649953,-0.007848981084664928,-0.022019095346674112,-0.014008471304518903,0.002036778463741006
hea_ring,dn,EARLY,secondary_n_ge_8,b_S,10,8,14,10,0.30233741639128525,0.0008126295723858977,0.3023424069615583,0.30208252913399364,0.30286905278542886,0.30086260192893266,0.30364599126217745,0.30097723094526835,0.303514864686005,0.30185327048705324,0.30279955656288005,0.00024367706929990789
hea_ring,dn,EARLY,secondary_n_ge_8,b_r,10,8,14,10,0.0007028508352933691,0.002073342518008557,0.00038761277515492285,-0.0005819397215288083,0.002110402980622162,-0.002952955128846112,0.004298818750629192,-0.00251112474523245,0.003885189876303369,-0.0005202126761628642,0.001880232288825328,0.0006155006297790251
hea_ring,dn,EARLY,secondary_n_ge_8,b_LE,10,8,14,10,0.3045435787986984,0.003528400867414273,0.3036103304290543,0.3023293984633358,0.3055985880524898,0.300374813033617,0.3128690547230859,0.3007253568761524,0.31156347515525734,0.30271262884723354,0.3067220128313629,0.0010451744059401032
hea_ring,dn,EARLY,secondary_n_ge_8,b_SWAP,10,8,14,10,0.605138625692444,0.003276443044317523,0.6047593481850468,0.6042154899481729,0.6056173409525343,0.5994505693834131,0.6119465876412005,0.600229520805265,0.6111395361794355,0.6032395623467153,0.6070824928819057,0.000976500601154032
hea_ring,dn,EARLY,secondary_n_ge_8,gap_obs,10,8,14,10,0.3005950468937456,0.0017429020699212545,0.30049366009326245,0.29922936845370607,0.3020175489465109,0.29784723008626396,0.30325108003406115,0.29812364849555867,0.3030866602207384,0.2995535238588525,0.30161855347819855,0.000528532877528196
hea_ring,dn,EARLY,secondary_n_ge_8,eps_LE,10,8,14,10,0.0008004607368264749,0.0025022486058309595,0.0006203023181598211,-0.00018386069600972998,0.0029069384114643743,-0.0039911826594943856,0.004075187827266291,-0.0034706299733956512,0.003925254007032725,-0.0006885437003772827,0.0021956778742594427,0.0007419321190011873
hea_ring,dn,EARLY,secondary_n_ge_8,eps_SWAP,10,8,14,10,-0.0009419087607131172,0.002699490646573352,0.000712643440317573,-0.0023506055981613316,0.0009211918693442789,-0.006157040575278772,0.0016237462820767323,-0.0057660398851633425,0.0014751119866399129,-0.0025790290097194592,0.0005089880000439937,0.0007953826851438125
hea_ring,dn,EARLY,secondary_n_ge_8,eps_gap,10,8,14,10,-0.0017423694975395808,0.001578096716399557,-0.0019385649684487416,-0.002314829180279282,-0.000851503838918008,-0.004632048372809672,0.0011482610844240626,-0.004294037789633033,0.0008010473141024813,-0.002686449555058752,-0.000815963043629403,0.0004770207116510243
hea_ring,dn,EARLY,secondary_n_ge_8,ratio_obs,10,8,14,10,1.987174821788767,0.014441660702132857,1.9918643648297487,1.9831664288304502,1.9952968233797013,1.9559191885653955,2.0013646210643774,1.959082055536438,2.0013177583998276,1.9782545621285308,1.9948126071447683,0.0042957711191286
hea_ring,dn,EARLY,secondary_n_ge_8,ratio_pred,10,8,14,10,1.9955309980542186,0.013621562763533846,1.9974400337004448,1.9862357626118925,2.0038726691041506,1.972217311286616,2.01993222317976,1.9748733912604686,2.01693101949032,1.9878299484302553,2.0035834203502945,0.004044353732473031
hea_ring,dn,EARLY,secondary_n_ge_8,ratio_diff,10,8,14,10,-0.008356176265451865,0.010512305347584459,-0.008869429480106494,-0.016165575209985572,0.0012573502184452523,-0.024257008839053906,0.005794719948867488,-0.02291156391542405,0.005483539393874842,-0.014617059734164623,-0.0023457543516438224,0.003161588941991667
hea_ring,dn,MIDDLE,primary,b_S,10,4,14,10,0.3025617116565059,0.000502680186064093,0.30238720524125906,0.3021664540340562,0.30280865097796583,0.30207488481463324,0.30363119017818657,0.3020812043624803,0.303504924623406,0.30229020070214524,0.3028778978354174,0.0001492071636335645
hea_ring,dn,MIDDLE,primary,b_r,10,4,14,10,-0.0009147304828094232,0.0010506280109914721,-0.0007957287655988503,-0.0014980295026992844,-0.0001615469204187355,-0.003066679375454107,0.0005221708304771913,-0.0027504343692990726,0.0004206320324751654,-0.001566987529905155,-0.0003436565904369952,0.0003143287673311834
hea_ring,dn,MIDDLE,primary,b_LE,10,4,14,10,0.30312411155919383,0.002640415910514053,0.3030978405453334,0.30072049564950987,0.3040860681816822,0.3000740429291794,0.307316307295768,0.3001094321665815,0.30728626391742664,0.3016152430494133,0.30466914205939233,0.0007932352179288431
hea_ring,dn,MIDDLE,primary,b_SWAP,10,4,14,10,0.6030974639881606,0.0028891675536940843,0.6024826847564146,0.6005279436227038,0.6052687958613364,0.6000629219288209,0.6081012410632023,0.600101065351016,0.6077663864014856,0.6014678591084838,0.6048196977822728,0.0008653143591685867
hea_ring,dn,MIDDLE,primary,gap_obs,10,4,14,10,0.2999733524289668,0.0013900450522394896,0.2999387406314747,0.29875619288879557,0.3007594326616491,0.29836337267363205,0.3027763229527852,0.2983715210960076,0.3023512615698912,0.2991851328541736,0.30081588980208757,0.0004181509031068406
hea_ring,dn,MIDDLE,primary,eps_LE,10,4,14,10,0.0023918608683067776,0.0014677918261074092,0.002123160302310856,0.0011781844242986922,0.0034017490534039158,0.0004913966294922689,0.004826718817556308,0.0006095493835134997,0.004685624104036394,0.0015469885998585107,0.0032732639894383635,0.00044025976130712745
hea_ring,dn,MIDDLE,primary,eps_SWAP,10,4,14,10,-0.00019649835923226666,0.002157419955699237,-0.0005076587855094572,-0.0013824533327382316,0.0011882353489731656,-0.003466793271760027,0.003263838674382069,-0.0031696344990254696,0.003154882464402864,-0.0014344071321430003,0.0011093816059068824,0.000643796317533282
hea_ring,dn,MIDDLE,primary,eps_gap,10,4,14,10,-0.0025883592275390776,0.001275351469158676,-0.002159551459556569,-0.003831257023815926,-0.0016240063280206635,-0.004483313252457766,-0.0008548672254013456,-0.004352322054347786,-0.0009820316283595501,-0.0033561477560749868,-0.0018622816855621783,0.0003827870260752258
hea_ring,dn,MIDDLE,primary,ratio_obs,10,4,14,10,1.9896758236474639,0.010048615891595955,1.9899413212303485,1.9816252385653805,1.999100397489992,1.9747623737637547,2.002709725619442,1.9756589292736526,2.0020407330188648,1.9838252807984538,1.995619914679931,0.003028842709006813
hea_ring,dn,MIDDLE,primary,ratio_pred,10,4,14,10,2.0061302710790825,0.0070598270329822145,2.0052794399037692,2.0010703709060795,2.010016600502402,1.9965659573266608,2.020681596283851,1.9972331611408367,2.0185303600293643,2.0022960790775883,2.010512109852104,0.0021122816196932482
hea_ring,dn,MIDDLE,primary,ratio_diff,10,4,14,10,-0.01645444743161841,0.005543911497490437,-0.018429092459652963,-0.020256072886282006,-0.013194982959363999,-0.021803583562906015,-0.0044504619053433725,-0.021626773026350087,-0.006010535222224164,-0.019398391072558523,-0.01285414501902098,0.001677424426509533
hea_ring,dn,MIDDLE,secondary_n_ge_8,b_S,10,8,14,10,0.3019238674930282,0.0009973607692827038,0.3018026059461808,0.30120256334627343,0.3025386849558007,0.30032118096185245,0.30341763182757664,0.3004877624505913,0.3033677066876418,0.3013299850551529,0.3025088173121304,0.0002995341167987538
hea_ring,dn,MIDDLE,secondary_n_ge_8,b_r,10,8,14,10,0.0007984262324684781,0.001920918531325159,0.0012041867515754276,-3.9631462577542664e-05,0.0018414932661958718,-0.0025224341393753147,0.003523225123029939,-0.002393635509800497,0.0033318497942507967,-0.0003513757515198657,0.0018638665323808892,0.0005710552082125508
hea_ring,dn,MIDDLE,secondary_n_ge_8,b_LE,10,8,14,10,0.30317252868062516,0.004285244191503893,0.30215069138301,0.30108691775477375,0.3041784756040345,0.29759700855485893,0.3125985785986404,0.2980735666048546,0.3114913069451135,0.3008975362861472,0.305863458018602,0.0012761791425435203
hea_ring,dn,MIDDLE,secondary_n_ge_8,b_SWAP,10,8,14,10,0.605448503885859,0.0050371423445937724,0.6057609745298667,0.6013915105697185,0.6086072456297973,0.5982990971471942,0.6134206388027661,0.598564909033869,0.6129214485338695,0.6025531656999987,0.608398013838137,0.001497956969635654
hea_ring,dn,MIDDLE,secondary_n_ge_8,gap_obs,10,8,14,10,0.30227597520523397,0.002325345367787377,0.30208086057253053,0.30073208149528285,0.30390168774080817,0.29911488460475705,0.3061818593955237,0.2992612593386413,0.30579437039383234,0.30094171745788134,0.30363812074085245,0.000696084042298234
hea_ring,dn,MIDDLE,secondary_n_ge_8,eps_LE,10,8,14,10,-0.000348191277340032,0.002327638472234818,-0.0008414421323487131,-0.0021576525818946396,0.0018876682464145228,-0.0032856551516570187,0.003012080221175162,-0.0032060212028755934,0.0028003929589470013,-0.0016637207976688956,0.001003369572824342,0.0006927331062820976
hea_ring,dn,MIDDLE,secondary_n_ge_8,eps_SWAP,10,8,14,10,3.916434865758322e-06,0.002707928138684198,0.00040721210565675126,-0.0011703883491862022,0.0010661619791768329,-0.005255797049080635,0.0052143172492754575,-0.004566334157075715,0.0043322666343149786,-0.0015867757186214739,0.0015884519767172978,0.0008134910923622853
hea_ring,dn,MIDDLE,secondary_n_ge_8,eps_gap,10,8,14,10,0.0003521077122057792,0.0019543353450330505,0.00030785686702539117,-0.001393910315847749,0.0017574847117074466,-0.002324070558674396,0.0032034631739634167,-0.0022012832038900503,0.0031046351626097426,-0.0007835378476737031,0.0015031142695563881,0.0005869143437580389
hea_ring,dn,MIDDLE,secondary_n_ge_8,ratio_obs,10,8,14,10,1.9972112290498796,0.015256460952865005,1.9998084419578295,1.9923910517057466,2.005812550672904,1.9623270251345735,2.0172654250243403,1.9677666153591882,2.0157283187459867,1.987590821631794,2.0052626966332077,0.004561516787859857
hea_ring,dn,MIDDLE,secondary_n_ge_8,ratio_pred,10,8,14,10,1.9948859491725042,0.012684935457164712,1.9920947782210388,1.9879284501683374,2.000268787095141,1.9772391551860622,2.017038932245152,1.9784256629267443,2.016153320962153,1.9878860643012277,2.002511982448654,0.003770721997151999
hea_ring,dn,MIDDLE,secondary_n_ge_8,ratio_diff,10,8,14,10,0.002325279877375297,0.010950570779212094,0.004540663602115469,-0.00447399678577165,0.00895480446960284,-0.014912130051488726,0.02006965312325626,-0.014467217343613286,0.018000704123998727,-0.0041584891916355525,0.00863688964445944,0.0032577634743294146
hea_ring,dn,LATE,primary,b_S,10,4,14,10,0.303618845827024,0.0006698150883082925,0.30371161645898215,0.30348907399060676,0.3039555110440395,0.30208044709686027,0.3044653934645847,0.3023083740338559,0.30442543383273724,0.30319357905311095,0.30397647018299134,0.0002005930595884639
hea_ring,dn,LATE,primary,b_r,10,4,14,10,0.00040329719910309626,0.0007234484472417845,0.0002364582262590727,-8.278462230489037e-06,0.000853730730169211,-0.0005493615676776399,0.0016774475052700078,-0.0005167592265550638,0.0015964759189696185,-9.363229808234115e-06,0.0008436353032911398,0.000219228316888527
hea_ring,dn,LATE,primary,b_LE,10,4,14,10,0.3061730833647288,0.0017892369437370152,0.30695439633260896,0.306299510535932,0.30716519428547484,0.30231491262994403,0.30776743941519097,0.3025875593759565,0.3076541920446035,0.30502290616936834,0.30709724354391765,0.000535603123031895
hea_ring,dn,LATE,primary,b_SWAP,10,4,14,10,0.6073815396447239,0.0019528740019892693,0.6077855937094002,0.606812348061072,0.6083141842187172,0.602875917907756,0.610102599217418,0.603577983982283,0.6098161382128109,0.6061365384881952,0.6084191060841766,0.0005864661998256465
hea_ring,dn,LATE,primary,gap_obs,10,4,14,10,0.30120845627999493,0.0013022205186928476,0.30108228408862875,0.30046550184624876,0.30196198307501293,0.298818931589434,0.30315449135015066,0.2991385024854895,0.30308338912245536,0.30046043119149385,0.3019597924305171,0.00038565182055265906
hea_ring,dn,LATE,primary,eps_LE,10,4,14,10,0.0017476431394986946,0.0013791179888813635,0.0017386736791462354,0.0011674139422174629,0.0027245711926228156,-0.0008750034037093846,0.00374827332031058,-0.0006096706778159972,0.003619494730744996,0.0009224264144381377,0.0025364545817961113,0.00041424309374711495
hea_ring,dn,LATE,primary,eps_SWAP,10,4,14,10,-0.0006627464075303457,0.0016559940957943994,-0.0004008392428566654,-0.0020214037776249694,0.0006009973622567166,-0.003352712239075517,0.0019351411474679558,-0.0031029020898555495,0.001700898856246511,-0.001617868058524309,0.0003341588682387766,0.000498477687355785
hea_ring,dn,LATE,primary,eps_gap,10,4,14,10,-0.002410389547029024,0.0011062539952349027,-0.0023857703749965986,-0.002777331283293244,-0.001667837325383309,-0.0048921977658968885,-0.0009826205760676832,-0.004491937108932166,-0.001056483922200109,-0.0030843090080949136,-0.001806352114388415,0.0003287409764512597
hea_ring,dn,LATE,primary,ratio_obs,10,4,14,10,1.9838205779255607,0.007940647162233026,1.9835441472330286,1.9785117060385393,1.9856812690141115,1.972789822235816,1.9987737993893127,1.9735506005877481,1.997744336644115,1.9794409245137898,1.9886727199565841,0.0023574936161600787
hea_ring,dn,LATE,primary,ratio_pred,10,4,14,10,1.9973711513714432,0.00473226054635282,1.9984456387088183,1.9944117936878594,2.00005399134037,1.9890657590960612,2.0036238876560843,1.989589507019483,2.003412645782364,1.9944905267304676,2.0000736384569784,0.0014339281449790005
hea_ring,dn,LATE,primary,ratio_diff,10,4,14,10,-0.013550573445882485,0.006084978809471994,-0.014043629527780155,-0.017241423299387437,-0.010123196458634187,-0.02150376378146346,-0.0014355099530554138,-0.021369362548940174,-0.0030220109451190944,-0.01692050974103036,-0.009929766956788865,0.0018111074701859817
hea_ring,dn,LATE,secondary_n_ge_8,b_S,10,8,14,10,0.3024916218403325,0.0012012071113650642,0.3025869871400928,0.3014587336987584,0.3031706283604152,0.30075236855880955,0.3043769166088154,0.3008917365530579,0.3042936825375336,0.3018107271002427,0.3031921707099946,0.000355689714302429
hea_ring,dn,LATE,secondary_n_ge_8,b_r,10,8,14,10,0.00048032808052442846,0.001435042947505101,0.0006282885252314877,-0.00026129129347844844,0.0016190451084458354,-0.0021045388161452126,0.002344716658520144,-0.0019358000288415829,0.002207015076100217,-0.0004099514170847662,0.0012769280328345529,0.0004350943170191729
hea_ring,dn,LATE,secondary_n_ge_8,b_LE,10,8,14,10,0.30335134801970276,0.0026263949397122106,0.30349161685846604,0.3009053029687012,0.30505112970343434,0.29985067677736893,0.3078518810736192,0.2999891258731943,0.307385090855513,0.30184498697271267,0.3048730586383316,0.0007833005354978277
hea_ring,dn,LATE,secondary_n_ge_8,b_SWAP,10,8,14,10,0.6055715206781335,0.003192693902462066,0.6066025796405494,0.6043544039589037,0.6078202675703691,0.5996980278146993,0.6092676650362525,0.5999963257413512,0.6090536427774424,0.6035647013777737,0.6073114565600052,0.0009575930760154103
hea_ring,dn,LATE,secondary_n_ge_8,gap_obs,10,8,14,10,0.3022201726584307,0.0021090252175461036,0.3024355153210877,0.3009911969535889,0.3040886532597085,0.2989932520377304,0.30465707212231835,0.299032526522428,0.3045626432612202,0.3009353950102909,0.30340072993030814,0.0006326004959099445
hea_ring,dn,LATE,secondary_n_ge_8,eps_LE,10,8,14,10,-0.00010092998167865463,0.002732187927722286,-0.00018561209663700562,-0.001044527313416005,0.0017191550597292077,-0.006284403777846115,0.003084761810428771,-0.005231392481028916,0.0030167821828043493,-0.0018342866159215688,0.0013753978981564335,0.0008270523933626298
hea_ring,dn,LATE,secondary_n_ge_8,eps_SWAP,10,8,14,10,-0.00037237916358040524,0.003398795099095689,-0.0020378726371738654,-0.0024392183409054913,0.0018346273667361468,-0.004395006261981083,0.005331722782912607,-0.00418054695696436,0.005151285034619888,-0.0022395261234152137,0.001713822048340093,0.0010184148467319099
hea_ring,dn,LATE,secondary_n_ge_8,eps_gap,10,8,14,10,-0.00027144918190177283,0.0024643515157735147,-0.0008805524739300685,-0.002138042831082279,0.0021575701083291626,-0.00400898645863601,0.002865606428635148,-0.003638410287339985,0.002777417567144962,-0.0017232521743074567,0.001165715338022071,0.0007397447162861473
hea_ring,dn,LATE,secondary_n_ge_8,ratio_obs,10,8,14,10,1.996343826145771,0.011638062852785368,1.9946778134523884,1.9874422012290285,2.0026522767517236,1.9790935267683267,2.0160292963037665,1.9807568495302663,2.0149472407338394,1.9897466404877617,2.003311511199189,0.003469272431221034
hea_ring,dn,LATE,secondary_n_ge_8,ratio_pred,10,8,14,10,1.9969169149147645,0.009489331934426979,1.995869995285965,1.9894281518489705,2.001744709740656,1.9846470480194902,2.0141538100106375,1.985552291163152,2.012999102784009,1.9916556998355952,2.0028264744498268,0.002877081479826293
hea_ring,dn,LATE,secondary_n_ge_8,ratio_diff,10,8,14,10,-0.0005730887689931796,0.012997003088310378,-0.0024978257093152267,-0.006614503820758955,0.0044473492479392696,-0.019078020080554925,0.027029035185878625,-0.018130514710595135,0.023026942650243236,-0.008007514704623016,0.007390260690774356,0.003938513794990221
rxry_czbrick,d2,EARLY,primary,b_S,10,4,16,10,0.38168028042824664,0.0017311016416494717,0.3815119323798578,0.3810407571683332,0.3826910220180827,0.37888643213921436,0.3847846738972837,0.3790079884856245,0.38438319528418063,0.380671467297961,0.38268833298373856,0.0005146941780295002
rxry_czbrick,d2,EARLY,primary,b_r,10,4,16,10,-0.00015928548769437802,0.000642367170171497,-3.3439840254931724e-05,-0.0003459024036093197,9.225100438179124e-05,-0.0012819989029729442,0.0007225038093006143,-0.0012376137193599625,0.000697408739898942,-0.0005441755461519375,0.00021000977605871554,0.00019232813019990177
rxry_czbrick,d2,EARLY,primary,b_LE,10,4,16,10,0.38787005630962634,0.0030177184886650723,0.38805818722436264,0.3864941549583786,0.38917264553211983,0.38245366460019303,0.39250579064575664,0.3829419939250288,0.39227483966037263,0.38606138497978215,0.38959017338004526,0.000904336950040751
rxry_czbrick,d2,EARLY,primary,b_SWAP,10,4,16,10,0.765035305407699,0.004690288351944942,0.7644687260747054,0.7618186180904426,0.7684528575269319,0.7587707294993604,0.7722787989376229,0.758786405175642,0.7718897540417405,0.762306910010716,0.7677864963155774,0.0013987984710366304
rxry_czbrick,d2,EARLY,primary,gap_obs,10,4,16,10,0.37716524909807275,0.0024603240598199193,0.3768598753959075,0.37506363142187543,0.37882674550318607,0.3741467123443416,0.38147239108710024,0.37419583881680935,0.3810900299581726,0.3757722688216894,0.378611785941717,0.0007363855347827114
rxry_czbrick,d2,EARLY,primary,eps_LE,10,4,16,10,0.00650834685676841,0.001604000774141738,0.006752380778803024,0.00592002814237387,0.0074743760415073995,0.0035413271356441456,0.009188517199306245,0.0037908860997584726,0.008837899019685208,0.005530212899947486,0.0074261419123059615,0.00048233149179116347
rxry_czbrick,d2,EARLY,primary,eps_SWAP,10,4,16,10,0.0019933155265944523,0.0018546245773333754,0.002020408462962364,0.0009615061851412643,0.0030283048149385705,-0.0015482735633206568,0.00525856138324321,-0.0010169939884425267,0.004844627241062344,0.0008896793441916167,0.003066393649179651,0.0005550288394629237
rxry_czbrick,d2,EARLY,primary,eps_gap,10,4,16,10,-0.004515031330173946,0.0013855032603526574,-0.0046479433271539305,-0.005049139160650404,-0.004301156668939737,-0.006783041404538226,-0.0012316240026017944,-0.006402017245784193,-0.00183874866063056,-0.005283325278403211,-0.003627432771724412,0.000420088492594998
rxry_czbrick,d2,EARLY,primary,ratio_obs,10,4,16,10,1.9724336835397227,0.007319924386548892,1.9699822309671613,1.96791508671387,1.9755940879503722,1.9625717707031982,1.9847196829172458,1.963694182768731,1.9845885395224574,1.9683609586045303,1.9769822519603075,0.0022174360672271944
rxry_czbrick,d2,EARLY,primary,ratio_pred,10,4,16,10,2.0008456485514983,0.0033773765870635966,2.0001771151571592,1.9995163453665017,2.0018099330588703,1.9962060513925455,2.0067667308568065,1.996347431113323,2.006530872607473,1.9989084646893625,2.0028695477501697,0.00101115300526396
rxry_czbrick,d2,EARLY,primary,ratio_diff,10,4,16,10,-0.02841196501177523,0.005962543259992986,-0.02922684896792771,-0.03093440414010107,-0.02787381542928058,-0.036936571922006056,-0.01518268355846919,-0.036175394556978054,-0.016858308939003128,-0.03167095248431178,-0.02451323283229259,0.0018084784097533054
rxry_czbrick,d2,EARLY,secondary_n_ge_8,b_S,10,8,16,10,0.38180127983052736,0.004248563959255494,0.3818115954763355,0.3799357880046794,0.38345475653632904,0.3752982621799208,0.3893162328201949,0.37550354200353986,0.38868188698482037,0.3793109565311989,0.38431031765757384,0.00126859277900971
rxry_czbrick,d2,EARLY,secondary_n_ge_8,b_r,10,8,16,10,6.277554448659265e-05,0.00119221086903274,0.00019718679197172032,-0.0007231151173269627,0.0011070823210772825,-0.002073320966460783,0.0014433992602378533,-0.0019042462149819544,0.0014065899281986939,-0.0006505378032699408,0.0007291801889052738,0.00035421140979632394
rxry_czbrick,d2,EARLY,secondary_n_ge_8,b_LE,10,8,16,10,0.38468229068323223,0.006397051143772197,0.3849131045928228,0.3805748812783255,0.3895654791183174,0.375599195719456,0.39300905361753763,0.37568719436524856,0.39291192962382004,0.3808987574688151,0.388328078316878,0.0019114841759952656
rxry_czbrick,d2,EARLY,secondary_n_ge_8,b_SWAP,10,8,16,10,0.7637325074954671,0.010050760362105485,0.7654041521833646,0.753878652500241,0.7719717152868791,0.7513017179008334,0.7785791910352042,0.7516482731803271,0.7774230286261907,0.7578142792357832,0.7695381918224327,0.0030072041059059406
rxry_czbrick,d2,EARLY,secondary_n_ge_8,gap_obs,10,8,16,10,0.37905021681223483,0.005001367786932196,0.3787833865058561,0.37587991753916056,0.3822045860143537,0.3723675702891608,0.38681736346999196,0.37240877824882485,0.3865367376082188,0.37608532210764667,0.3819535475537528,0.0015072308713112797
rxry_czbrick,d2,EARLY,secondary_n_ge_8,eps_LE,10,8,16,10,0.0027554597637316604,0.002965363417083747,0.0028217083110577135,0.0014320045567077638,0.00429432550497863,-0.0018900597004767872,0.008013922391487682,-0.0017441189042570581,0.007435998743334776,0.0009894232689305427,0.004496807724033541,0.0008918857284520017
rxry_czbrick,d2,EARLY,secondary_n_ge_8,eps_SWAP,10,8,16,10,4.396745439072536e-06,0.003448842740177395,-0.0008829371528683017,-0.0023573064005767974,0.0031823339708596243,-0.004475566343842607,0.005114362392635408,-0.004421437962135339,0.0047686967507003,-0.0020031534643083888,0.002037096399118555,0.0010336918293650855
rxry_czbrick,d2,EARLY,secondary_n_ge_8,eps_gap,10,8,16,10,-0.0027510630182925933,0.003280256663553229,-0.0034901139034353434,-0.003844689152565403,-0.002125366644792945,-0.006933723587947471,0.004572549201610321,-0.006750262840278216,0.003634684131575748,-0.004541143636220172,-0.0006821565769648184,0.0009922240154619584
rxry_czbrick,d2,EARLY,secondary_n_ge_8,ratio_obs,10,8,16,10,1.9854984720765294,0.014369330050652137,1.9803024966169,1.9766465358089462,1.9954742972745643,1.9701610646389547,2.0102910228676834,1.9707478905821971,2.009264504909169,1.9774377479270082,1.9946655169419856,0.004334808319535686
rxry_czbrick,d2,EARLY,secondary_n_ge_8,ratio_pred,10,8,16,10,1.999725880218986,0.006279746764780071,1.9989744135779777,1.9942586591897662,2.003829222205926,1.9923850746466283,2.0109922934655926,1.9926234046006008,2.010115264488903,1.996224972536846,2.003479049587285,0.0018654542331191454
rxry_czbrick,d2,EARLY,secondary_n_ge_8,ratio_diff,10,8,16,10,-0.014227408142456465,0.013481928793113397,-0.01746599105222424,-0.023791395616817257,-0.00821357488697061,-0.027757070906885062,0.01684670398117749,-0.027702887557769666,0.011871891742368575,-0.021379512056222127,-0.005371916359527934,0.004079382969067042
rxry_czbrick,d2,LATE,primary,b_S,10,4,16,10,0.38211660663744873,0.002027600300356913,0.38198520117430723,0.3803756358745536,0.38360131237920214,0.37957478334031675,0.3852308010262964,0.379598905912439,0.38505165208617187,0.3809404029044933,0.38330334403983163,0.0006061357191567032
rxry_czbrick,d2,LATE,primary,b_r,10,4,16,10,9.35799113142861e-05,0.0004533280985444776,0.00023446145370784955,-0.00024196420564580947,0.00045349823389198037,-0.0007026292249074365,0.0005661151515044994,-0.0006431906462396154,0.0005579871865700448,-0.0001783886284254747,0.00035076752312541303,0.00013540524983492974
rxry_czbrick,d2,LATE,primary,b_LE,10,4,16,10,0.38944383341320676,0.0021863782352366905,0.38927535746248,0.3879431059115361,0.39171763183765285,0.3861568694125045,0.3918808193695746,0.38630468869675877,0.39188065451715964,0.38814299752527204,0.3906955611105781,0.0006532062461292516
rxry_czbrick,d2,LATE,primary,b_SWAP,10,4,16,10,0.7668980069453523,0.004309219416582132,0.7658954721362943,0.7638776769247269,0.7697600030092,0.7618408020222918,0.7742613804044484,0.7618638013458727,0.7737325597045366,0.7644860269499621,0.7694859514630611,0.0012892469691566804
rxry_czbrick,d2,LATE,primary,gap_obs,10,4,16,10,0.37745417353214544,0.003860645780325502,0.37742191859819285,0.3752034165162962,0.37817108906749464,0.3725923665079097,0.38638350353972395,0.3728650353855332,0.38495402077622093,0.3754239245434861,0.3798828398930954,0.001155365827461505
rxry_czbrick,d2,LATE,primary,eps_LE,10,4,16,10,0.00714006695312947,0.0014945566998688276,0.007311101391447805,0.006560783746545298,0.008239638274147393,0.0036262108979738805,0.00869408776636027,0.004248444579680295,0.008666634845323267,0.0062014963004073925,0.00793517797591175,0.00044699824630087823
rxry_czbrick,d2,LATE,primary,eps_SWAP,10,4,16,10,0.0024776338478262106,0.001870061419884899,0.0026256781280814545,0.0013911971753874097,0.003409450658809432,-0.0006886813959442462,0.005575130923066163,-0.0004096397227841939,0.005304552095115722,0.0013838896157685116,0.0035870994300074613,0.0005618730988464401
rxry_czbrick,d2,LATE,primary,eps_gap,10,4,16,10,-0.0046624331053032484,0.002826760462486023,-0.0055579223836485225,-0.006874305654336776,-0.003324672451479882,-0.007154516798806243,0.0019489200250922822,-0.007139916878488653,0.0008426707873618283,-0.006129874609725298,-0.0028456552576867976,0.0008466806602391332
rxry_czbrick,d2,LATE,primary,ratio_obs,10,4,16,10,1.9692442484248016,0.011650188370188337,1.9653674853960323,1.9631826339487275,1.9732240307165283,1.9572096700030104,1.996147309722638,1.957436246444998,1.9923795453859114,1.9631338541050485,1.9766762562765383,0.003484751008110418
rxry_czbrick,d2,LATE,primary,ratio_pred,10,4,16,10,1.9995154304938942,0.0023771239296301685,1.9987700213474682,1.9976305125535196,2.0012640236548824,1.9970579092418905,2.003700335208517,1.9970962903277958,2.003388035142577,1.9981668439387552,2.000942189035172,0.0007100099446557816
rxry_czbrick,d2,LATE,primary,ratio_diff,10,4,16,10,-0.030271182069092517,0.010501221199995822,-0.03422690205119061,-0.03542961948992568,-0.02745700305437415,-0.04049800833199524,-0.004328726073903999,-0.040248282155561824,-0.00882195777832495,-0.03556126303781837,-0.0235085023839534,0.0031422574306911367
rxry_czbrick,d2,LATE,secondary_n_ge_8,b_S,10,8,16,10,0.38302483778520846,0.004842090104997589,0.382244125222154,0.3792763088712442,0.38679719827997283,0.37651078478282624,0.39061561021265273,0.37678969164683246,0.3902214720628659,0.38021386577252614,0.38586077677797626,0.0014567662229924994
rxry_czbrick,d2,LATE,secondary_n_ge_8,b_r,10,8,16,10,0.00021729640710201162,0.0016553611234212577,0.0004062173198420084,-0.0012654083888102836,0.001330241783963747,-0.0021038227767697774,0.002408023465701212,-0.001986418256550475,0.0023991880739193828,-0.0007418948060522093,0.0011662689922517934,0.0004915409848757725
rxry_czbrick,d2,LATE,secondary_n_ge_8,b_LE,10,8,16,10,0.3867862524895735,0.004250181740083366,0.3852019766131234,0.38390368414660797,0.38815164210070785,0.3826420606691879,0.39591411678868926,0.3827582551367191,0.3949946859262685,0.384513815759292,0.38945603633057274,0.0012717289503369996
rxry_czbrick,d2,LATE,secondary_n_ge_8,b_SWAP,10,8,16,10,0.7659241053840526,0.008784533501725906,0.7645531381026027,0.7602746725618788,0.7730334335111284,0.7543694807700146,0.779940338771799,0.754610168146692,0.7791704002340026,0.7608684098460049,0.771155548077342,0.002628802967973916
rxry_czbrick,d2,LATE,secondary_n_ge_8,gap_obs,10,8,16,10,0.3791378528944792,0.006853743216971918,0.37924661926122677,0.3745104616785112,0.3816775285733437,0.37057901139113586,0.394629821885835,0.37107809072749365,0.39204793484581857,0.3754348514623807,0.3834233104128473,0.0020525472504695267
rxry_czbrick,d2,LATE,secondary_n_ge_8,eps_LE,10,8,16,10,0.003326821890161075,0.004448813528234613,0.0029095673582880954,0.001866812390267078,0.0040496176792949035,-0.00340497051115346,0.01174670137571332,-0.0029619954396903772,0.011163085602245881,0.0007940253678806353,0.006050008586726437,0.001333757500013918
rxry_czbrick,d2,LATE,secondary_n_ge_8,eps_SWAP,10,8,16,10,-0.0005601630005681258,0.005222682747598642,-0.001107644511792405,-0.00449637646652043,0.001992375565641774,-0.00704442209554601,0.009842483656592793,-0.006722969379584811,0.008711626655520704,-0.003444576608916231,0.002684685685714296,0.0015619931808958877
rxry_czbrick,d2,LATE,secondary_n_ge_8,eps_gap,10,8,16,10,-0.0038869848907292113,0.004749842282398514,-0.004096724432678139,-0.0077224436903640115,-0.0019676585021862897,-0.010011337286415845,0.005765936783346082,-0.00966407804579285,0.0045712992379189415,-0.00650844865423717,-0.0009788851318138494,0.001421152708827069
rxry_czbrick,d2,LATE,secondary_n_ge_8,ratio_obs,10,8,16,10,1.9802947777146607,0.018743781605659662,1.9748557574070125,1.967951070459808,1.9855381125959828,1.9613303915843352,2.024186479713008,1.9622857385614865,2.0180849513167707,1.9705557672338052,1.9920816539407333,0.005616184094994058
rxry_czbrick,d2,LATE,secondary_n_ge_8,ratio_pred,10,8,16,10,1.9989619645374574,0.008659585342322378,1.9978547075369033,1.9931297812106155,2.0066606933508577,1.9875033000589133,2.0112312415388325,1.987582230812505,2.0106110487668465,1.9940122520456294,2.003959586250539,0.0025711947789556944
rxry_czbrick,d2,LATE,secondary_n_ge_8,ratio_diff,10,8,16,10,-0.018667186822796555,0.01967298639328179,-0.021107156861432608,-0.03184762543051517,-0.010059456085098506,-0.04565486338938074,0.02380471538875817,-0.04341655851614511,0.01738623620669297,-0.029423708562670774,-0.0065652757332118035,0.0058948904616286475
rxry_czbrick,d4,EARLY,primary,b_S,10,4,16,10,0.3399715650715294,0.0010047821998304843,0.339690800912814,0.3392901601646592,0.3409450027114026,0.338657272127719,0.3413122804655792,0.3387019496713153,0.3413075050076053,0.3393896490071137,0.3405644349671191,0.0002993325855380012
rxry_czbrick,d4,EARLY,primary,b_r,10,4,16,10,0.00010800578226808866,0.0005229096760062093,0.00020639503462178876,-0.0003923557028411,0.0005310729723054965,-0.0006085611473880123,0.0008235888625518922,-0.0005953429729638211,0.000773097496577689,-0.00019901300996368867,0.00040589590933210525,0.00015631581521093546
rxry_czbrick,d4,EARLY,primary,b_LE,10,4,16,10,0.3471023175557254,0.001364476279044956,0.3470066934456097,0.3461090261213892,0.34762125451952136,0.3451938539500754,0.3495057880862453,0.34533966637587593,0.34939052653306507,0.3463441214369253,0.3479522782717089,0.00041069649348764045
rxry_czbrick,d4,EARLY,primary,b_SWAP,10,4,16,10,0.683957270058799,0.0019133503928883701,0.683512013248093,0.6825473416429626,0.6853499813202524,0.6814089192560453,0.6875974178237169,0.6815748904770541,0.687108534289273,0.6828887971037182,0.6851148994867319,0.0005713048869116039
rxry_czbrick,d4,EARLY,primary,gap_obs,10,4,16,10,0.3368549525030737,0.0013332868349756582,0.33674182355799154,0.33622616026667873,0.3379024818338502,0.33441103539236494,0.3389514958645374,0.33470066168155704,0.3387607879196316,0.3360660580545336,0.33763110876542557,0.00039994785913663564
rxry_czbrick,d4,EARLY,primary,eps_LE,10,4,16,10,0.006914740919659846,0.0010211959840451704,0.00660572086370434,0.006210290701084656,0.007393485390753407,0.005994900091586541,0.009315221029603693,0.006001505418414493,0.008919104821592359,0.0063815564654565735,0.007571359075414713,0.0003070206304063022
rxry_czbrick,d4,EARLY,primary,eps_SWAP,10,4,16,10,0.003798128351204133,0.0019107398006130314,0.004042855171440041,0.002564422014772777,0.00536361356973733,0.0007379775683523659,0.006157714639084433,0.0008936900744686645,0.0061576990570924115,0.002676808560669544,0.0048952613370089795,0.0005691051402851742
rxry_czbrick,d4,EARLY,primary,eps_gap,10,4,16,10,-0.003116612568455712,0.0014334545619450665,-0.003091612373626873,-0.00398807220481226,-0.0019864554376572974,-0.005469671524504782,-0.001396989910468882,-0.005375883377765375,-0.001414919833741754,-0.003990525589995086,-0.002315169755634891,0.00042869031080474275
rxry_czbrick,d4,EARLY,primary,ratio_obs,10,4,16,10,1.9704907939950917,0.005393564984094372,1.9721325339712767,1.966967437481994,1.9738872761294244,1.9616820915614954,1.9782909257592889,1.9620938248219333,1.9776410138992269,1.96717630335058,1.9735499448631229,0.0016310195852196237
rxry_czbrick,d4,EARLY,primary,ratio_pred,10,4,16,10,1.9993731662102519,0.0030720986741440597,1.998785246031173,1.9968783555807599,2.002321630462264,1.995177032976881,2.0035789931935417,1.995474977563256,2.003502854275353,1.9976257599550142,2.0011746593832407,0.0009183460720255487
rxry_czbrick,d4,EARLY,primary,ratio_diff,10,4,16,10,-0.028882372215159748,0.004535985077659392,-0.028381927075844304,-0.032670874901433444,-0.025152864264619268,-0.03599906563008615,-0.022823941771760836,-0.035435637681778515,-0.023161620237603653,-0.03162651551893165,-0.02627658742396202,0.001369973151622263
rxry_czbrick,d4,EARLY,secondary_n_ge_8,b_S,10,8,16,10,0.3401726465197648,0.001804659787132489,0.34022772717562777,0.3384507414644901,0.3414541638261975,0.3380476904312445,0.3433409775146342,0.3380709433622573,0.34298986748226457,0.3391421154274025,0.3412701915423742,0.0005412302872471108
rxry_czbrick,d4,EARLY,secondary_n_ge_8,b_r,10,8,16,10,-0.00035507682400431645,0.0007405365116020777,-0.0005388287017760768,-0.0006507697799078686,0.00013660154336661215,-0.0016393776188015129,0.0008600991126598822,-0.0015128458643161927,0.0007638097058028448,-0.0007868401386542566,8.36921048125648e-05,0.0002213403943857
rxry_czbrick,d4,EARLY,secondary_n_ge_8,b_LE,10,8,16,10,0.3442809724681471,0.002439545151401676,0.3439324452902935,0.3426059896442998,0.34496299543413594,0.3415639661227085,0.3497338794490939,0.34169854577978565,0.3490445052154787,0.34301235526381985,0.3458714033357101,0.0007348471948838449
rxry_czbrick,d4,EARLY,secondary_n_ge_8,b_SWAP,10,8,16,10,0.6820114308957198,0.004458294027591186,0.6804375706491432,0.679700724288328,0.6843425060997318,0.6756160947446735,0.6906423574338602,0.6761513096552001,0.6897873980690363,0.6795300526933264,0.6848071967837753,0.0013323956830830041
rxry_czbrick,d4,EARLY,secondary_n_ge_8,gap_obs,10,8,16,10,0.3377304584275727,0.003034044811060345,0.33746913381074806,0.3355629324409105,0.3399053897951556,0.33377350461592886,0.34302966394837586,0.333836195017287,0.3425523971065637,0.33601431110982877,0.3395532275941927,0.0009079380755364335
rxry_czbrick,d4,EARLY,secondary_n_ge_8,eps_LE,10,8,16,10,0.004818479596390901,0.0008387822333889829,0.004467608031556797,0.004160564071785042,0.005340586314055248,0.003954357908209083,0.006231492026985974,0.003977873475972915,0.0061952012770512726,0.0043605816475338205,0.005348115478275573,0.00025295974048245804
rxry_czbrick,d4,EARLY,secondary_n_ge_8,eps_SWAP,10,8,16,10,0.0023762915041988355,0.002468965095952311,0.0019111315009580632,0.0008652726757978901,0.0034541202694671758,-0.0007579796025977137,0.007985577259187582,-0.000593609120717664,0.007007304937787241,0.0010709809815705117,0.0039719217903325795,0.0007375472022435525
rxry_czbrick,d4,EARLY,secondary_n_ge_8,eps_gap,10,8,16,10,-0.002442188092192088,0.0024432595030003984,-0.0030719990980069,-0.004229737251667934,-0.0010911053974105578,-0.005119298083202939,0.002935978151918206,-0.00495240075394108,0.0021430069246430854,-0.0037492536871530043,-0.0008752864310783195,0.0007323737375860602
rxry_czbrick,d4,EARLY,secondary_n_ge_8,ratio_obs,10,8,16,10,1.9809995864126162,0.009319137683475325,1.9799595365155263,1.9732650138066483,1.988036543999006,1.9696479626669317,1.997721987171152,1.9699506871437547,1.9958714233332933,1.975659121593212,1.9867371657626516,0.002816139283615339
rxry_czbrick,d4,EARLY,secondary_n_ge_8,ratio_pred,10,8,16,10,2.0021005901938294,0.004369117181721604,2.00318139323784,1.9992036229097943,2.0038387893750484,1.9949386766278245,2.0096860810908668,1.9955051334576144,2.0089397268251017,1.9995094667758548,2.00464817035886,0.0013058299678542923
rxry_czbrick,d4,EARLY,secondary_n_ge_8,ratio_diff,10,8,16,10,-0.0211010037812136,0.007769016839095846,-0.02471326350887304,-0.026169821804115867,-0.01496679708715798,-0.030459458433497177,-0.006205270934207752,-0.02985534988524343,-0.007886126063472013,-0.02536771111687218,-0.016205827007761974,0.0023371834877581846
rxry_czbrick,d4,MIDDLE,primary,b_S,10,4,16,10,0.3397465816587374,0.0011839162978169804,0.3397151412641859,0.33884148481864634,0.34079730671277336,0.33820591673212347,0.34137999026010823,0.33824090167901893,0.34129401759361866,0.3390648389801052,0.3404419370859213,0.00035380944054150997
rxry_czbrick,d4,MIDDLE,primary,b_r,10,4,16,10,-0.0003050901228761575,0.0009703819866780798,-0.00045245197771928686,-0.0009340878781603729,0.0005901503194222801,-0.0018429392150052352,0.0009422052389002748,-0.0017070369357294894,0.0008905378686140397,-0.000863831674460188,0.0002540966955099592,0.00029058827627371424
rxry_czbrick,d4,MIDDLE,primary,b_LE,10,4,16,10,0.345514308233752,0.0018013487499856592,0.3449743333151214,0.3440914919070545,0.3471980638745373,0.3431696211392001,0.3482594028054814,0.3432844002318863,0.3480439545185002,0.3445037921362159,0.3465676893408377,0.0005346034620088602
rxry_czbrick,d4,MIDDLE,primary,b_SWAP,10,4,16,10,0.6822056710629247,0.002206778070678786,0.6816267052427154,0.6808188849648679,0.6833302968684788,0.6797954332023619,0.6863152486273213,0.6798367090458642,0.6860760452097202,0.6810025628004868,0.6835670268615808,0.000656859063210197
rxry_czbrick,d4,MIDDLE,primary,gap_obs,10,4,16,10,0.33669136282917284,0.0015199936178979122,0.3368880926005272,0.33600763431809555,0.33774973014993215,0.3337392727905452,0.33885192924880664,0.3340268174360342,0.3386728104777391,0.3357671507906665,0.3375503018455701,0.00045591027979238595
rxry_czbrick,d4,MIDDLE,primary,eps_LE,10,4,16,10,0.006377906820766921,0.0012659469150203004,0.006046170341953289,0.005482280710416357,0.007266522441924633,0.004733388281684625,0.008689129938448448,0.004844741344916891,0.008495587074373178,0.005672763778167582,0.007160687059852518,0.0003800736487742429
rxry_czbrick,d4,MIDDLE,primary,eps_SWAP,10,4,16,10,0.0033226879912023554,0.0018195657384856908,0.0031978815096765367,0.0017647159308037952,0.00459681649818236,0.0009475381172454611,0.00631387258356797,0.0010538945098873293,0.0061368763358711775,0.0022805989797486785,0.004420802880065161,0.0005495581177284909
rxry_czbrick,d4,MIDDLE,primary,eps_gap,10,4,16,10,-0.0030552188295645487,0.0009581892961949477,-0.0029410149691402876,-0.0038025057330738216,-0.0023759501106552228,-0.004622132594447048,-0.001549344127676766,-0.004448351305674611,-0.0017186279874191104,-0.0036260826113527146,-0.002499264995000516,0.000289197792273892
rxry_czbrick,d4,MIDDLE,primary,ratio_obs,10,4,16,10,1.97449075034447,0.007130505166492682,1.9744608273132276,1.9708190787322124,1.978156576787872,1.9614155001611397,1.9874181989767619,1.9631809866322862,1.985955396782825,1.9703271729280765,1.9786250531537601,0.0021282842611453382
rxry_czbrick,d4,MIDDLE,primary,ratio_pred,10,4,16,10,2.0018202579522533,0.0057316003893781615,2.0026725995943613,1.9965305266364384,2.005516774664334,1.994473694024313,2.0109465693738073,1.9947746349221311,2.0101308528506574,1.9985144773903027,2.005123306006466,0.0017163312397244059
rxry_czbrick,d4,MIDDLE,primary,ratio_diff,10,4,16,10,-0.027329507607783188,0.0037133159011447916,-0.026365558079946227,-0.028818313811284857,-0.024781932919805183,-0.034949174361593505,-0.023528370397045473,-0.03428216358603354,-0.023623448168336753,-0.029616591133794522,-0.02536375856177455,0.0011087624849343985
rxry_czbrick,d4,MIDDLE,secondary_n_ge_8,b_S,10,8,16,10,0.3390896986455312,0.002417102142941185,0.3396408472064081,0.33701660258984956,0.34070502501002137,0.3353486781093721,0.34202061203549095,0.33551156601224447,0.3419598232526261,0.33764921939001696,0.34046942845522354,0.0007220926477758548
rxry_czbrick,d4,MIDDLE,secondary_n_ge_8,b_r,10,8,16,10,-0.00042396977538566654,0.0011130849032858308,4.612392410488233e-06,-0.001057150044029681,0.0003287076554324355,-0.002271593153565369,0.0007598740594394642,-0.002260482701466529,0.0006917867373789115,-0.0011094281553606178,0.00018074736570237128,0.0003320026712259572
rxry_czbrick,d4,MIDDLE,secondary_n_ge_8,b_LE,10,8,16,10,0.34217231596583486,0.002872757984204732,0.3420109550831444,0.3403544740938118,0.34434303459565563,0.33813511585674916,0.3466798433413149,0.3381993393964638,0.3463878882863496,0.3405393236262072,0.3438631415703829,0.0008532275027735815
rxry_czbrick,d4,MIDDLE,secondary_n_ge_8,b_SWAP,10,8,16,10,0.6801698353731025,0.00516213440591009,0.6797613539566416,0.6764268785205585,0.6822223541808459,0.6736763407158232,0.6903688788589664,0.6741055148451394,0.689461725909286,0.6773556947166353,0.6833341538407607,0.0015431014412092719
rxry_czbrick,d4,MIDDLE,secondary_n_ge_8,gap_obs,10,8,16,10,0.3379975194072677,0.0033918841876344375,0.3379758489569507,0.336121859289334,0.34007932069078955,0.3314085599695861,0.34368903551765145,0.3323384095697209,0.3430738376229364,0.3359680952277663,0.33997001577089425,0.0010185823026029194
rxry_czbrick,d4,MIDDLE,secondary_n_ge_8,eps_LE,10,8,16,10,0.00393055687107498,0.0023905251696371456,0.0035720714308645485,0.0022419006879051684,0.005208787808483287,0.00038988741861473164,0.007666773282446859,0.0007780260779687746,0.007630432586071099,0.0025578684121537096,0.005363095080919824,0.0007153317932123486
rxry_czbrick,d4,MIDDLE,secondary_n_ge_8,eps_SWAP,10,8,16,10,0.0028383776328114617,0.0027762517119516725,0.00223876763432701,0.001389826285763035,0.003320618501830269,-0.0001879597447728143,0.00960536913289567,-2.902223579265547e-05,0.008527652827728804,0.0014222850923916253,0.004650753551763686,0.000838272961749631
rxry_czbrick,d4,MIDDLE,secondary_n_ge_8,eps_gap,10,8,16,10,-0.001092179238263513,0.0018647543309706634,-0.0010210671197400378,-0.0017633508833601597,-3.644354726181631e-05,-0.005081488078359897,0.0019385958504488654,-0.004480394632919221,0.001568034381112216,-0.0022329092395351963,-4.7218925308135744e-05,0.0005605262459003178
rxry_czbrick,d4,MIDDLE,secondary_n_ge_8,ratio_obs,10,8,16,10,1.987835412120268,0.010390987439480786,1.9897253184647676,1.9872211972248628,1.9921157142354056,1.9608556402904886,1.9997376717948867,1.9663297796659027,1.9986260468109176,1.9810434801039616,1.9928825413388138,0.0031062235387007368
rxry_czbrick,d4,MIDDLE,secondary_n_ge_8,ratio_pred,10,8,16,10,2.0025270706483007,0.006603455695814266,1.9999723580129263,1.9980644580603477,2.0062368438106173,1.995555490292187,2.013513402367242,1.995945647560298,2.0134477333329066,1.9989402702125707,2.0065939762453437,0.0019695244985279067
rxry_czbrick,d4,MIDDLE,secondary_n_ge_8,ratio_diff,10,8,16,10,-0.014691658528033068,0.009470300867439456,-0.013111327784129378,-0.016410808417697487,-0.010210969485066501,-0.036433882304413245,-0.0007583739816079405,-0.03312892463680986,-0.0023488775364664738,-0.020627320458447916,-0.0096536652996127,0.0028234860870610134
rxry_czbrick,d4,LATE,primary,b_S,10,4,16,10,0.340275704638825,0.0014503994364844276,0.3401580092903058,0.3395359435856256,0.34130554799985807,0.33792831593566913,0.34275898286793294,0.3380776306000987,0.3424870848240115,0.3394109262138839,0.3411241111539417,0.0004363777186485731
rxry_czbrick,d4,LATE,primary,b_r,10,4,16,10,0.000666328072747428,0.0010254933402698552,0.000319008910580522,-9.091651177983823e-05,0.0013036230017167945,-0.0005215806348606728,0.00262202463911847,-0.0004700670560605903,0.0024309529650586932,8.479749900423264e-05,0.001286764008517777,0.0003064506001134928
rxry_czbrick,d4,LATE,primary,b_LE,10,4,16,10,0.3479917142436778,0.0027901582311051242,0.34797271621778914,0.3467747019242428,0.34840023824269806,0.34434988083424106,0.3538224066150645,0.3443713129034782,0.35313005812166076,0.3464568514251605,0.3497237447143928,0.0008320799356563723
rxry_czbrick,d4,LATE,primary,b_SWAP,10,4,16,10,0.6853502407491162,0.0029753576023257284,0.6841454240008391,0.6837208844198899,0.68734309180782,0.6813265925775568,0.6912131111030548,0.6817108609846007,0.6905825520465819,0.6837246400912526,0.6872278553999939,0.0008887780179640664
rxry_czbrick,d4,LATE,primary,gap_obs,10,4,16,10,0.3373585265054384,0.0022832290855803843,0.33713608129512607,0.3357712289037733,0.3393281028272451,0.33319977414914836,0.340434451901375,0.3337285645849843,0.3402439899661486,0.33599622911097043,0.3386786770290742,0.0006843850794506464
rxry_czbrick,d4,LATE,primary,eps_LE,10,4,16,10,0.006383353459357905,0.0019887487076134937,0.0064863746689636514,0.0046661362396027,0.007611059015269012,0.003903235922511794,0.009271351866562083,0.003936738898603574,0.009239979346674393,0.005235474335587825,0.007575385185362897,0.0005967021814908379
rxry_czbrick,d4,LATE,primary,eps_SWAP,10,4,16,10,0.0034661753259712545,0.002920184919636594,0.0029423617690311765,0.0015233012800029422,0.006378041995218076,-0.0013273350906435333,0.0072086240907578425,-0.0007738190873506879,0.007178825079526524,0.0017518683395827607,0.005201406144822625,0.0008833224099868384
rxry_czbrick,d4,LATE,primary,eps_gap,10,4,16,10,-0.002917178133386661,0.002246507723459943,-0.003228646897150189,-0.004546662273150884,-0.0012612859265530157,-0.005981079819893043,0.0009960177450126784,-0.005845718314468824,0.0006440726573492988,-0.004176854589708206,-0.001549815118990617,0.0006751984118150884
rxry_czbrick,d4,LATE,primary,ratio_obs,10,4,16,10,1.9695153507150551,0.011658690374295816,1.970216919576897,1.964459324772353,1.9782554205063734,1.9499764417634682,1.9861712557843068,1.9507826218207018,1.9845417977474298,1.962456934932028,1.9761268410027393,0.0034848603922317473
rxry_czbrick,d4,LATE,primary,ratio_pred,10,4,16,10,1.9961259088868104,0.005973468158561221,1.9981358142957044,1.992419011076413,2.000537333874511,1.984786208328304,2.003079340174975,1.9858730637298145,2.0027726984174827,1.9925183208739465,1.9995166952244459,0.001785119086940349
rxry_czbrick,d4,LATE,primary,ratio_diff,10,4,16,10,-0.026610558171755304,0.00866006711338248,-0.025688426964811995,-0.031445550195134286,-0.022550611523890984,-0.03964023501599301,-0.013994446890466472,-0.039193678620489614,-0.01411398203488508,-0.03164259971634445,-0.021543547894198038,0.002583573258373046
rxry_czbrick,d4,LATE,secondary_n_ge_8,b_S,10,8,16,10,0.33998574604268383,0.0024135510933458136,0.33979034924138396,0.3382549084810196,0.3415948719659251,0.3365945788842245,0.34426028016502014,0.3368496652061362,0.34376565083195715,0.3386020403673177,0.3414316838406232,0.0007267735451816092
rxry_czbrick,d4,LATE,secondary_n_ge_8,b_r,10,8,16,10,0.0006444929467021041,0.0013666221133194413,0.00025616475190823465,-0.00017377371447389065,0.0016636992869274376,-0.0015495054041483488,0.002621664274855771,-0.0013313770315816474,0.00259262310916678,-0.00015195021671336718,0.0014464293842622344,0.00041095472021223506
rxry_czbrick,d4,LATE,secondary_n_ge_8,b_LE,10,8,16,10,0.34619457368136297,0.0039585218331045354,0.34486480367470973,0.3437802490526699,0.34825101300232886,0.3412207026435881,0.35402946196545654,0.3415163243929644,0.3532594100627143,0.34400222739591485,0.3486337229180304,0.0011889147053446925
rxry_czbrick,d4,LATE,secondary_n_ge_8,b_SWAP,10,8,16,10,0.6843363843047202,0.003380263788702698,0.685305279245749,0.6816958165680164,0.6863229156482269,0.6789775900565005,0.6887656873470523,0.6792808944164449,0.6887062238445414,0.6823252689154331,0.6862774439501236,0.0010121446409154973
rxry_czbrick,d4,LATE,secondary_n_ge_8,gap_obs,10,8,16,10,0.33814181062335713,0.004625257436062752,0.3386577057863142,0.3350102207350046,0.3411291569187883,0.3313228745029252,0.3446024505978211,0.3314317717276564,0.34428478388625794,0.33542301872427294,0.3408177127333143,0.0014000688223624025
rxry_czbrick,d4,LATE,secondary_n_ge_8,eps_LE,10,8,16,10,0.004919841745274961,0.003524330522701882,0.003917915528287963,0.002920338951770185,0.0054650999022091,0.0003070430377570821,0.01138126305212911,0.0008190250839109796,0.011223184355409607,0.00303947903067826,0.007129874744374989,0.0010543196334070965
rxry_czbrick,d4,LATE,secondary_n_ge_8,eps_SWAP,10,8,16,10,0.0030759063259482968,0.005420983194140778,0.0031510028346088403,-0.002030015589937817,0.006737172712230982,-0.0035443436599698064,0.011526653441449208,-0.003362551699356281,0.010966330492188155,-1.7047500250488844e-05,0.006271885836625024,0.0016196719510091274
rxry_czbrick,d4,LATE,secondary_n_ge_8,eps_gap,10,8,16,10,-0.0018439354193266698,0.004510687115639171,-0.0034685326620843004,-0.004576260750678532,-0.0008237430910508076,-0.007316428080454185,0.006874154727322501,-0.00680437839781169,0.006446300995619358,-0.004257140787364871,0.0010193209457744557,0.0013612564208740393
rxry_czbrick,d4,LATE,secondary_n_ge_8,ratio_obs,10,8,16,10,1.9769492641261917,0.02256305964580606,1.9788819293393543,1.958931353647025,1.990188859988363,1.9447573693198708,2.0099107349818843,1.9451220767732584,2.0081117391111727,1.9636690301902309,1.9900491887607827,0.006817456430226191
rxry_czbrick,d4,LATE,secondary_n_ge_8,ratio_pred,10,8,16,10,1.99626642062948,0.007986921006493787,1.9985098139420536,1.9903368242105675,2.0010173988787328,1.9847525635928898,2.0091609909372967,1.9849164126286238,2.0078753037628694,1.9915910254344955,2.00092379711473,0.002401877446969183
rxry_czbrick,d4,LATE,secondary_n_ge_8,ratio_diff,10,8,16,10,-0.019317156503288756,0.017022381918836992,-0.01952055708709932,-0.029345251419709173,-0.010537567696624728,-0.04586531883040679,0.006463909264264878,-0.044708389840728675,0.005608508743629915,-0.029208778684308965,-0.009267371396350718,0.005148693450435893
rxry_czbrick,dn,EARLY,primary,b_S,10,4,14,10,0.30523609462482,0.0010744159928542266,0.3053631052099097,0.3046982448282186,0.306138814971419,0.3032856059114802,0.3063636932531225,0.3033985619894348,0.3063477605472454,0.30458796048275105,0.30583495068740296,0.00032107805719978856
rxry_czbrick,dn,EARLY,primary,b_r,10,4,14,10,8.742680942761712e-05,0.0007644886349555883,0.0003206008117041192,-5.6886808933001466e-05,0.0005938392102324295,-0.0012614181772456115,0.0010029218554429384,-0.0012484227431743503,0.000922753084496355,-0.0003974111097972024,0.0004962259681648485,0.0002302919182908933
rxry_czbrick,dn,EARLY,primary,b_LE,10,4,14,10,0.305935644753448,0.0016563780442885034,0.30593887672777775,0.30455382482259785,0.30696913360523415,0.3038165975907886,0.30887827786042993,0.3038253155047754,0.30855408578348564,0.30498628265939215,0.3069088435479918,0.0004949086907648696
rxry_czbrick,dn,EARLY,primary,b_SWAP,10,4,14,10,0.6088400428665495,0.002030538576735326,0.6091933018515914,0.6074662378296805,0.6100114173462973,0.6055058369347869,0.6120832952488724,0.6057119528726815,0.6118056165169043,0.6076109425374421,0.6100142178121655,0.0006053052801464865
rxry_czbrick,dn,EARLY,primary,gap_obs,10,4,14,10,0.3029043981131015,0.0009964041108637548,0.3032943193654912,0.30218079088528815,0.3035815605080407,0.30131044815838265,0.30436120123769417,0.3013869582611594,0.3042072475272188,0.3023055887775265,0.3034663806998112,0.00029864115282290097
rxry_czbrick,dn,EARLY,primary,eps_LE,10,4,14,10,0.0005246965097727207,0.00198131761653932,0.0005873752289772827,0.00013342812982616858,0.0016640551004080406,-0.004336251270207869,0.003092574318185215,-0.0033676782093444092,0.0028473703526271533,-0.0007618194800578468,0.0015594529509503907,0.0005971166950709013
rxry_czbrick,dn,EARLY,primary,eps_SWAP,10,4,14,10,-0.0018070000019458354,0.0019105743463942511,-0.0015764909179576958,-0.002280294451521392,-0.0011455230464163524,-0.00612205518262432,0.0014574614663177554,-0.005389749613272448,0.0009669143104308949,-0.0029899970573308925,-0.0007295168397165971,0.0005751464294076978
rxry_czbrick,dn,EARLY,primary,eps_gap,10,4,14,10,-0.0023316965117185394,0.0007238963182531432,-0.002151691165727665,-0.002719770540637226,-0.0017131915561540978,-0.0037585715752444515,-0.0016292150699064867,-0.00360766233449033,-0.0016305420708477055,-0.002787740583268739,-0.0019344543437324147,0.00021663803682647368
rxry_czbrick,dn,EARLY,primary,ratio_obs,10,4,14,10,1.9901161269233196,0.0059412100545910545,1.990694348051044,1.9854289210560525,1.992997000223663,1.9816326984490926,2.0017925408000226,1.9822559158116302,2.0001016025232286,1.9867987408865841,1.9937577158110689,0.0017836353455396117
rxry_czbrick,dn,EARLY,primary,ratio_pred,10,4,14,10,1.999454845462444,0.00502728280528381,1.9979043294225587,1.996120021732436,2.000372771890911,1.993490750715757,2.008388127154858,1.9940064520436127,2.008282788862536,1.9967662761733194,2.0026444371649075,0.0015145035055730534
rxry_czbrick,dn,EARLY,primary,ratio_diff,10,4,14,10,-0.009338718539124425,0.007481873504753234,-0.010630978098383537,-0.01542936441639392,-0.0063327442709702475,-0.015843221271199415,0.008301790084265459,-0.015798481697912915,0.005252339946949102,-0.013244496136243377,-0.0045545776426770155,0.0022536313887135664
rxry_czbrick,dn,EARLY,secondary_n_ge_8,b_S,10,8,14,10,0.299931362378253,0.001765126554093274,0.30013790585493294,0.2987342689135417,0.3011659224056788,0.29685270151475135,0.3026831527577634,0.2970979703824367,0.30237352465440165,0.2989092739903515,0.3009378331892476,0.0005245427716354664
rxry_czbrick,dn,EARLY,secondary_n_ge_8,b_r,10,8,14,10,0.0002965461529962288,0.0015507876220688835,0.0003855213080975025,-0.00020490040003179355,0.0012493260578388082,-0.0022360234029095757,0.0024732105661069946,-0.0022011814002100777,0.0023627452094748752,-0.0006441810188045335,0.0011826204969593932,0.00046901658534788745
rxry_czbrick,dn,EARLY,secondary_n_ge_8,b_LE,10,8,14,10,0.2994875938384448,0.0031295524957966614,0.3002750327393652,0.29781309744245343,0.30150233631046036,0.2933537785194066,0.3034450344699293,0.2940067775265286,0.30330374762641177,0.2975276061708843,0.30122650961038927,0.0009397926291486241
rxry_czbrick,dn,EARLY,secondary_n_ge_8,b_SWAP,10,8,14,10,0.599297172824014,0.004326508347770378,0.5994313891731337,0.59769428698649,0.6016529346159156,0.5901197404448373,0.6054351967399058,0.5914590420705753,0.6050423950424317,0.5966063150081591,0.6016746460750177,0.0012936579254820165
rxry_czbrick,dn,EARLY,secondary_n_ge_8,gap_obs,10,8,14,10,0.2998095789855692,0.002610907379462012,0.29923291423256154,0.298014238180244,0.30107216324440833,0.2967659619254307,0.30503290408245554,0.29691610818384834,0.30451479448973146,0.2983821264868636,0.3013934780139846,0.0007781200393432297
rxry_czbrick,dn,EARLY,secondary_n_ge_8,eps_LE,10,8,14,10,-0.0010368608458006356,0.003330995824691825,-0.0007830954465462281,-0.003032444648109131,0.0010431065332073414,-0.007511869609414024,0.0032576049186738842,-0.006656055382379221,0.00320848501530087,-0.0030831708514391016,0.000854792523073378,0.0010021005141296932
rxry_czbrick,dn,EARLY,secondary_n_ge_8,eps_SWAP,10,8,14,10,-0.001158644238484452,0.004890402323966049,-0.0015673671387173571,-0.0035284182345170223,0.002420359383165621,-0.008564100091078442,0.006983481147196158,-0.008387910945761278,0.006119713049226423,-0.004027860956860565,0.0016701127407197536,0.0014584943404990134
rxry_czbrick,dn,EARLY,secondary_n_ge_8,eps_gap,10,8,14,10,-0.00012178339268383298,0.0025567078342543714,-5.00303508718658e-06,-0.0011456752046910962,0.0013010954789647866,-0.005249874128254339,0.0037258762285222735,-0.00460762857561507,0.0034395841366316243,-0.001647553676366673,0.0012880566614595019,0.0007558350474052846
rxry_czbrick,dn,EARLY,secondary_n_ge_8,ratio_obs,10,8,14,10,2.0011630079086817,0.012685623453752414,2.002758467547193,1.9944002284834252,2.01081892139262,1.9822209035119238,2.0172204961500126,1.9822675695695282,2.0168141921693383,1.9935517429864107,2.0084766335949786,0.0038040274218652205
rxry_czbrick,dn,EARLY,secondary_n_ge_8,ratio_pred,10,8,14,10,1.9981205604946801,0.010367409564719448,1.9974386964657533,1.9917901098774837,2.0013684669789154,1.9836102203053778,2.01523847599826,1.9843755110815449,2.014961571443976,1.9922326063916809,2.004412528040499,0.0031355857866867277
rxry_czbrick,dn,EARLY,secondary_n_ge_8,ratio_diff,10,8,14,10,0.0030424474140017476,0.011189740231047468,-0.000744929616646961,-0.0034962091705903475,0.013018016539412813,-0.010916364160873604,0.02136927479458084,-0.010496661469744721,0.020166198528089933,-0.003374658908230621,0.00986390642180569,0.0033606290390899704
rxry_czbrick,dn,MIDDLE,primary,b_S,10,4,14,10,0.3047011527795189,0.0008433829670401312,0.3046709180735133,0.3043878938533691,0.30513598856045704,0.3030675738584795,0.30590599589691186,0.303259378206533,0.3058772137979237,0.3041922914364786,0.30519505898440846,0.000254921864881126
rxry_czbrick,dn,MIDDLE,primary,b_r,10,4,14,10,-0.002937136789226841,0.0010328048888864013,-0.0027775560961856172,-0.0036094233410807683,-0.0021666263417925067,-0.004650428237578125,-0.0015642320820081906,-0.004550487228416646,-0.0016084237395449506,-0.0035562738333748778,-0.002346638571206171,0.0003114816905277355
rxry_czbrick,dn,MIDDLE,primary,b_LE,10,4,14,10,0.29890613139476907,0.001981198998476215,0.2992477719738817,0.2980872460995657,0.30055434511542467,0.2948379511662284,0.30084823490858237,0.2952466428332518,0.30084444447754344,0.2976542969096472,0.30000135964959906,0.0005989570047679249
rxry_czbrick,dn,MIDDLE,primary,b_SWAP,10,4,14,10,0.6008058247755296,0.0027402797579144404,0.6014005065735119,0.599678712267756,0.6024736557988388,0.5961601099079936,0.6053199870223769,0.5963673316466898,0.6047628923018799,0.5991675338304068,0.6023827305303804,0.000822983753169127
rxry_czbrick,dn,MIDDLE,primary,gap_obs,10,4,14,10,0.3018996933807604,0.0015225977573501282,0.3016143033965108,0.30061751780331364,0.3028627847202841,0.29999983426722576,0.304578611288806,0.30009588734566983,0.30435777141246056,0.3010460747522115,0.3027999220518069,0.0004508989627301553
rxry_czbrick,dn,MIDDLE,primary,eps_LE,10,4,14,10,7.925219370381597e-05,0.0014892470368774995,-0.0005643593775563338,-0.0007973062338257064,0.0003061216252839283,-0.0012759420336796445,0.003516034279177682,-0.0012143438848280076,0.0031197400801911265,-0.0006789307880945644,0.0010403917015729372,0.0004427527890809664
rxry_czbrick,dn,MIDDLE,primary,eps_SWAP,10,4,14,10,-0.0027222072050547387,0.002059785709681686,-0.002708193242118462,-0.0043562529668468575,-0.0011618478488013284,-0.005514076022403613,0.0005887160480616549,-0.005430677001568696,0.00030217295113534927,-0.0039039637631118266,-0.0015256059692689392,0.0006100275490514549
rxry_czbrick,dn,MIDDLE,primary,eps_gap,10,4,14,10,-0.002801459398758549,0.0015276977916294974,-0.0027840776257536115,-0.003148753320780115,-0.0018450069203729824,-0.005906161629686102,-0.0003570125020143089,-0.005545824164032869,-0.0006379618092507389,-0.0037280444517387816,-0.001955343234810325,0.00045398332926973895
rxry_czbrick,dn,MIDDLE,primary,ratio_obs,10,4,14,10,2.0100487972074026,0.0075283145509456,2.0111208183964857,2.004422882664809,2.013361199442632,1.9988783524251648,2.021992445510792,1.9994001341476995,2.0213895204912236,2.005646970800441,2.0145195427650244,0.002255975599890698
rxry_czbrick,dn,MIDDLE,primary,ratio_pred,10,4,14,10,2.0196948866013313,0.00703256447980599,2.018634986614794,2.0144580399932486,2.0242137362915313,2.010369900925623,2.0313712348864383,2.010665240056995,2.0307048781983386,2.0156742798105505,2.0238963375720553,0.002121121301612522
rxry_czbrick,dn,MIDDLE,primary,ratio_diff,10,4,14,10,-0.00964608939392908,0.0074298916624371885,-0.006757663988424811,-0.013406640407449155,-0.005772003641337564,-0.021846007456151284,0.0010767345595703581,-0.021666549405835633,2.0603075152083022e-05,-0.014102711942335415,-0.005474557490109382,0.0022155102414734957
rxry_czbrick,dn,MIDDLE,secondary_n_ge_8,b_S,10,8,14,10,0.29889638625008297,0.0018219772486995946,0.29876755968382973,0.2979394264945022,0.2997153400305107,0.2964037162239814,0.30269439444167995,0.29647943070418464,0.30215451945034505,0.29787658111677856,0.3000321393111948,0.0005417793260759468
rxry_czbrick,dn,MIDDLE,secondary_n_ge_8,b_r,10,8,14,10,-0.002267253139215602,0.0020652428312334064,-0.0024968297458943713,-0.0034624729203339495,-0.0011382914589318119,-0.005642373433038259,0.0014190758350077495,-0.005212069937848685,0.0011458481251859953,-0.0034483382800444065,-0.0010350374421544046,0.0006185023343779761
rxry_czbrick,dn,MIDDLE,secondary_n_ge_8,b_LE,10,8,14,10,0.2922756290790446,0.0036459121700387533,0.2924135928189372,0.2890218128016381,0.29448861210712113,0.2878288727120108,0.297823376059542,0.28790926601297423,0.2977284051872029,0.29018738554985646,0.2944808024307609,0.0010957082891706494
rxry_czbrick,dn,MIDDLE,secondary_n_ge_8,b_SWAP,10,8,14,10,0.5899517286456388,0.0060106519281445375,0.5904005038496429,0.588327394681832,0.5935813606846859,0.577584265920538,0.5986795681175598,0.5790117417924908,0.5979425753557674,0.586224371586198,0.5933116077497456,0.0017960604070002947
rxry_czbrick,dn,MIDDLE,secondary_n_ge_8,gap_obs,10,8,14,10,0.29767609956659424,0.003935985173038292,0.29937465433601296,0.29533501443143007,0.30031862241812707,0.2897553932085272,0.301978541331294,0.2906424601918725,0.301820983617146,0.29524230367536985,0.29986317072931934,0.0011746255688044702
rxry_czbrick,dn,MIDDLE,secondary_n_ge_8,eps_LE,10,8,14,10,-0.0020862508926071553,0.0032168468755671364,-0.002332147549816782,-0.004195813355504216,-0.0009228337267462444,-0.006220672439628705,0.0038132757292198005,-0.006036698615763383,0.003467413162405002,-0.0038825799600430587,-0.00014189600038751204,0.0009584931911815737
rxry_czbrick,dn,MIDDLE,secondary_n_ge_8,eps_SWAP,10,8,14,10,-0.0033065375760959136,0.0055193460957848155,-0.0037327994051585267,-0.006717883523369439,-0.0021714561077525174,-0.011053455807307322,0.007850933872911137,-0.010483420670663789,0.006776021449066818,-0.0064128422799084,2.528449353907911e-05,0.001649699353688609
rxry_czbrick,dn,MIDDLE,secondary_n_ge_8,eps_gap,10,8,14,10,-0.001220286683488747,0.0037266206149474245,-0.0015195121391065047,-0.0027020513042504135,0.0008538757761493154,-0.006984831816357562,0.005574825107312609,-0.006679769414351574,0.004877801720926013,-0.0033519064170143154,0.0010130907766538423,0.0011174953959526897
rxry_czbrick,dn,MIDDLE,secondary_n_ge_8,ratio_obs,10,8,14,10,2.0185802484926,0.015907036242838953,2.020550585282887,2.0099883413194575,2.029296676046308,1.98614795460444,2.041303201437557,1.9907706538029093,2.039695971844614,2.008803845880657,2.0274887204657253,0.004778970385503217
rxry_czbrick,dn,MIDDLE,secondary_n_ge_8,ratio_pred,10,8,14,10,2.0155962293565883,0.01418075396930767,2.017056801522303,2.0076593284252215,2.023708955583637,1.9905909148672472,2.039046188481628,1.9924005932353175,2.0360414733822347,2.007173145644504,2.0237397838496176,0.004246384250802131
rxry_czbrick,dn,MIDDLE,secondary_n_ge_8,ratio_diff,10,8,14,10,0.00298401913601225,0.014563715158031034,0.002309925385942879,-0.009192159221634078,0.012825510479987923,-0.016057114123785077,0.02378010833779065,-0.015253607873135261,0.023479787431488104,-0.0054731370379994355,0.011693766958504211,0.004358801503827234
rxry_czbrick,dn,LATE,primary,b_S,10,4,14,10,0.304265118627219,0.0010050887914001632,0.30397015349762446,0.3036205304700049,0.3043881106856157,0.3033427620200496,0.30634050234663507,0.3033427949312069,0.30619862926107455,0.30373421574908943,0.3049011847677666,0.0002992201398660738
rxry_czbrick,dn,LATE,primary,b_r,10,4,14,10,0.0005862392703385236,0.0010867896177759874,0.000624877230051781,0.000216233788048609,0.0011508150474432652,-0.001067263492733841,0.0024375823739497416,-0.0010623857543481494,0.0022517304920037836,-5.64787587373497e-05,0.001215813936799958,0.00032544034125157694
rxry_czbrick,dn,LATE,primary,b_LE,10,4,14,10,0.30584971662554533,0.002793652707338603,0.30592840108105357,0.30497406071487715,0.306670941721701,0.29972433175697016,0.3108068244273453,0.3008468836464415,0.3101659260926745,0.3041404987149764,0.3074417600754966,0.0008349128824716959
rxry_czbrick,dn,LATE,primary,b_SWAP,10,4,14,10,0.607661834006039,0.0030082715120026264,0.607404128067278,0.6064722701271841,0.6099269207890304,0.6025052610042047,0.6124338209402221,0.6029043714692064,0.6120564460814716,0.6058866453075554,0.6093890503630806,0.00089695134981112
rxry_czbrick,dn,LATE,primary,gap_obs,10,4,14,10,0.30181211738049374,0.002164971798796515,0.3022704768664833,0.3007554441127669,0.3027733753233435,0.2970705953497613,0.3045547535361313,0.29777965456555694,0.3044623117187417,0.30046388349417347,0.30298768238760665,0.0006507453259032166
rxry_czbrick,dn,LATE,primary,eps_LE,10,4,14,10,0.00041211945764926816,0.002048706051515666,0.0010114034608023348,-0.0006143809198246586,0.0012991131246024995,-0.0032572797101705353,0.004005856191275026,-0.0029903275653856125,0.003446660678758435,-0.0008167241967325444,0.0015952629676765943,0.0006036919137904936
rxry_czbrick,dn,LATE,primary,eps_SWAP,10,4,14,10,-0.002040881789075977,0.0030150870684351673,-0.001379845785068945,-0.00433314364650822,-0.00011307368437665777,-0.006799570095394558,0.001412509081131219,-0.006681880421459154,0.0014035885193722202,-0.003841537327132975,-0.00038125659273831753,0.0008971414197171348
rxry_czbrick,dn,LATE,primary,eps_gap,10,4,14,10,-0.0024530012467252503,0.0021363375790963528,-0.0027554147126404582,-0.0034403531826775052,-0.0010838335910076519,-0.006528493909367716,0.0006684267348843198,-0.006006573523639918,0.000538262904124884,-0.003720726650888931,-0.0012222426411651938,0.0006445314616170446
rxry_czbrick,dn,LATE,primary,ratio_obs,10,4,14,10,1.9868901401380001,0.013058011216685246,1.9850034396908651,1.9796430359283863,1.9928713593648255,1.970464522677769,2.016116215026139,1.9709485701427916,2.0109239858435397,1.9797394559968942,1.995234949619416,0.003921660475580882
rxry_czbrick,dn,LATE,primary,ratio_pred,10,4,14,10,1.9962114036366803,0.007071038368972834,1.9959014105541404,1.9924911272947552,1.9985781233770883,1.9843350921455423,2.007031290369319,1.9855024756845863,2.007008297897929,1.9921255319678526,2.0004051794511812,0.002117725243374801
rxry_czbrick,dn,LATE,primary,ratio_diff,10,4,14,10,-0.009321263498680588,0.009471963127280084,-0.009652154428465343,-0.014285947231714169,-0.004539523456458305,-0.02219517342538846,0.009187113418552162,-0.021983253627860234,0.006874499132094905,-0.014712196349570253,-0.003606787562208191,0.0028353141826539534
rxry_czbrick,dn,LATE,secondary_n_ge_8,b_S,10,8,14,10,0.2988022586476916,0.0018777761810262032,0.298703394058477,0.29790275779363895,0.29952027245973245,0.2961487265647558,0.3028460420574259,0.29628268297256793,0.3022050847888617,0.29776122504989044,0.2999563211435897,0.0005602044247765347
rxry_czbrick,dn,LATE,secondary_n_ge_8,b_r,10,8,14,10,0.0005518254960228013,0.0026459135670531602,5.017742981626281e-05,-0.0009045957409566592,0.0011145819343270412,-0.002802225079662272,0.005946380292835066,-0.002578303384661851,0.005480764879398304,-0.0008632486199684657,0.002206319145291046,0.0007909083120327005
rxry_czbrick,dn,LATE,secondary_n_ge_8,b_LE,10,8,14,10,0.29989373973780387,0.005907318669892393,0.29937581971352545,0.2968397691384232,0.30105636833238303,0.29011213439329825,0.3113466570469877,0.2912850335121976,0.31033157405559225,0.2965285131576645,0.303438801784037,0.0017649560826908269
rxry_czbrick,dn,LATE,secondary_n_ge_8,b_SWAP,10,8,14,10,0.597507041250828,0.006179694193182554,0.5967498092905483,0.5936142556790299,0.6000221990087897,0.589160622855673,0.6106590120212443,0.5897200870956726,0.6088263631684299,0.5940802834168905,0.6012936750826962,0.0018401786042605674
rxry_czbrick,dn,LATE,secondary_n_ge_8,gap_obs,10,8,14,10,0.2976133015130241,0.004842688507373382,0.29928006173421295,0.2949557454467946,0.30011157968865404,0.2878596104857867,0.3032971347092822,0.28896849863480045,0.3032687812110267,0.2945256977949562,0.30030413955908075,0.0014675057847431984
rxry_czbrick,dn,LATE,secondary_n_ge_8,eps_LE,10,8,14,10,-1.2169901933306581e-05,0.004486629291927374,0.0001742132903692628,-0.00312777233913987,0.002322918123289927,-0.005695808719474393,0.009127606082643847,-0.005653129728260114,0.007691204464335237,-0.002504505546442255,0.0027017313647475227,0.0013356760975541285
rxry_czbrick,dn,LATE,secondary_n_ge_8,eps_SWAP,10,8,14,10,-0.0012011270366007465,0.006913362105985523,-0.00010910622606302711,-0.0033863874420547724,0.00349284608229658,-0.01669969360157819,0.006467030700130549,-0.014500574894060557,0.006193949914875899,-0.005614716826612723,0.0024179089319821584,0.002083477750393023
rxry_czbrick,dn,LATE,secondary_n_ge_8,eps_gap,10,8,14,10,-0.00118895713466744,0.005218488765927376,-0.0021416308375147575,-0.0038154151683444937,0.0036543984614877956,-0.011193569287500593,0.005119882040622414,-0.009814700243524538,0.004839791439638402,-0.004431328308761745,0.0017619042839962754,0.001581493702136235
rxry_czbrick,dn,LATE,secondary_n_ge_8,ratio_obs,10,8,14,10,1.9928437532126921,0.029590896583541998,1.9906176493468108,1.9676516076948911,2.0127872488411844,1.9553887928275573,2.0450135765451223,1.9567295197108585,2.040270533442876,1.9754502084362826,2.0106140050162593,0.008933092701892307
rxry_czbrick,dn,LATE,secondary_n_ge_8,ratio_pred,10,8,14,10,1.9966470751977092,0.01723571139953993,1.9996694124946761,1.9926078596912342,2.006089969217954,1.9622138723099987,2.0191639997742965,1.9650293112665242,2.0175957020250572,1.9859487047850706,2.005927048290173,0.0051540130869384216
rxry_czbrick,dn,LATE,secondary_n_ge_8,ratio_diff,10,8,14,10,-0.0038033219850170273,0.022924451651140043,-0.005672551691706218,-0.01759265889037248,0.008862493203867172,-0.042558529467814354,0.0321531802001771,-0.03848613238512577,0.030734869428573054,-0.017224263794858446,0.009669070235583582,0.0068857244448629765
